EventDateTime~EventLevel~EventMsg~EventException~EventLogger~EventID
2024-12-15 09:52:27.6877~TRACE~-> Main()~~RJStevensMusicPresentationCreator.Program~0000000001
2024-12-15 09:52:27.7318~TRACE~   .Net Framework Version: 4.8~~RJStevensMusicPresentationCreator.Program~0000000002
2024-12-15 09:52:27.7318~TRACE~   OS Version: Windows 10 Enterprise Release 2009 (Build 19045.5247)  64-bit~~RJStevensMusicPresentationCreator.Program~0000000003
2024-12-15 09:52:27.7318~TRACE~   Total RAM Memory: 8.00 GB physical RAM memory~~RJStevensMusicPresentationCreator.Program~0000000004
2024-12-15 09:52:27.7318~ WARN~System.UnauthorizedAccessException: Access to the registry key 'HKEY_LOCAL_MACHINE\Software\R.J. Stevens Music\Hymns for Worship Electronic Edition\2.3.8843.25471' is denied.%CRLF%   at Microsoft.Win32.RegistryKey.Win32Error(Int32 errorCode, String str)%CRLF%   at Microsoft.Win32.RegistryKey.CreateSubKeyInternal(String subkey, RegistryKeyPermissionCheck permissionCheck, Object registrySecurityObj, RegistryOptions registryOptions)%CRLF%   at Microsoft.Win32.RegistryKey.CreateSubKey(String subkey)%CRLF%   at RJStevensMusicPresentationCreator.Program.Main() in D:\Repos\RJSM\Presentation Creator Application\Applications\PresentationCreator15\Program.cs:line 151~System.UnauthorizedAccessException: Access to the registry key 'HKEY_LOCAL_MACHINE\Software\R.J. Stevens Music\Hymns for Worship Electronic Edition\2.3.8843.25471' is denied.%CRLF%   at Microsoft.Win32.RegistryKey.Win32Error(Int32 errorCode, String str)%CRLF%   at Microsoft.Win32.RegistryKey.CreateSubKeyInternal(String subkey, RegistryKeyPermissionCheck permissionCheck, Object registrySecurityObj, RegistryOptions registryOptions)%CRLF%   at Microsoft.Win32.RegistryKey.CreateSubKey(String subkey)%CRLF%   at RJStevensMusicPresentationCreator.Program.Main() in D:\Repos\RJSM\Presentation Creator Application\Applications\PresentationCreator15\Program.cs:line 151~RJStevensMusicPresentationCreator.Program~0000000005
2024-12-15 09:52:27.7588~ INFO~UserRegKey: HKEY_CURRENT_USER\Software\R.J. Stevens Music\Hymns for Worship Electronic Edition~~RJStevensMusicPresentationCreator.Program~0000000006
2024-12-15 09:52:27.7678~ INFO~HymnalInformationFile: C:\ProgramData\Application Data\R.J. Stevens Music\Hymns for Worship Electronic Edition\Information.hixml~~RJStevensMusicPresentationCreator.Program~0000000007
2024-12-15 09:52:27.7678~ INFO~RegKey: HKEY_CURRENT_USER\Software\R.J. Stevens Music\Hymns for Worship Electronic Edition~~RJStevensMusicPresentationCreator.RJSMRegistry~0000000008
2024-12-15 09:52:27.7678~ INFO~ProductApplicationDataFolder: C:\ProgramData\Application Data\R.J. Stevens Music\Hymns for Worship Electronic Edition~~RJStevensMusicPresentationCreator.RJSMRegistry~0000000009
2024-12-15 09:52:27.7678~ INFO~HymnalInformationFolder: C:\ProgramData\Application Data\R.J. Stevens Music\Hymns for Worship Electronic Edition~~RJStevensMusicPresentationCreator.RJSMRegistry~0000000010
2024-12-15 09:52:27.7678~ INFO~SlideTemplateFolder: C:\ProgramData\Application Data\R.J. Stevens Music\Hymns for Worship Electronic Edition\Templates~~RJStevensMusicPresentationCreator.RJSMRegistry~0000000011
2024-12-15 09:52:27.7678~ INFO~LastExecutedDeploymentVersion: 0.0.0.0~~RJStevensMusicPresentationCreator.RJSMRegistry~0000000012
2024-12-15 09:52:27.7678~ INFO~SelectedHymnal: <All>~~RJStevensMusicPresentationCreator.RJSMRegistry~0000000013
2024-12-15 09:52:27.7678~ INFO~SelectedTemplate: Single Slide Template (Fast Transition)~~RJStevensMusicPresentationCreator.RJSMRegistry~0000000014
2024-12-15 09:52:27.7848~ INFO~LastImportFolder: C:\ProgramData\Application Data\R.J. Stevens Music\Hymns for Worship Electronic Edition~~RJStevensMusicPresentationCreator.RJSMRegistry~0000000015
2024-12-15 09:52:27.7848~ INFO~DisplayTools: True~~RJStevensMusicPresentationCreator.RJSMRegistry~0000000016
2024-12-15 09:52:27.7848~ INFO~HymnList: True~~RJStevensMusicPresentationCreator.RJSMRegistry~0000000017
2024-12-15 09:52:27.7848~ INFO~HymnText: True~~RJStevensMusicPresentationCreator.RJSMRegistry~0000000018
2024-12-15 09:52:27.7848~ INFO~HymnalSelection: True~~RJStevensMusicPresentationCreator.RJSMRegistry~0000000019
2024-12-15 09:52:27.7848~ INFO~TemplateSelection: True~~RJStevensMusicPresentationCreator.RJSMRegistry~0000000020
2024-12-15 09:52:27.7918~ INFO~FillWindow: True~~RJStevensMusicPresentationCreator.RJSMRegistry~0000000021
2024-12-15 09:52:27.7918~ INFO~PresenterImage: True~~RJStevensMusicPresentationCreator.RJSMRegistry~0000000022
2024-12-15 09:52:27.7918~ INFO~SelectorWindowPosition: Normal,732,153,1064,826~~RJStevensMusicPresentationCreator.RJSMRegistry~0000000023
2024-12-15 09:52:27.7918~ INFO~SlideWindowPosition: Normal,0,0,0,0~~RJStevensMusicPresentationCreator.RJSMRegistry~0000000024
2024-12-15 09:52:27.7918~ INFO~ViewSplitPosition: 0.0238549618320610687022900763~~RJStevensMusicPresentationCreator.RJSMRegistry~0000000025
2024-12-15 09:52:27.7918~ INFO~HymnsSplitPosition: 0.4674556213017751479289940828~~RJStevensMusicPresentationCreator.RJSMRegistry~0000000026
2024-12-15 09:52:27.7918~ INFO~HymnsListSplitPosition: 0.601265822784810126582278481~~RJStevensMusicPresentationCreator.RJSMRegistry~0000000027
2024-12-15 09:52:27.7918~ INFO~InternalViewerSplitPosition: 0.15~~RJStevensMusicPresentationCreator.RJSMRegistry~0000000028
2024-12-15 09:52:27.7918~ INFO~DateOfFirstLicenseCheck: 3/15/2020 12:00:00 AM~~RJStevensMusicPresentationCreator.RJSMRegistry~0000000029
2024-12-15 09:52:27.7918~ INFO~ProductImprovementConsent: True~~RJStevensMusicPresentationCreator.RJSMRegistry~0000000030
2024-12-15 09:52:27.7918~ INFO~RevisedPrinting: (Latest)~~RJStevensMusicPresentationCreator.RJSMRegistry~0000000031
2024-12-15 09:52:27.7918~TRACE~   Is fast disk? True~~RJStevensMusicPresentationCreator.Program~0000000032
2024-12-15 09:52:28.4659~ WARN~More than one hymn exists with "20214" as the number.~~RJStevensMusicPresentationCreator.Program~0000000033
2024-12-15 09:52:28.4659~ WARN~More than one hymn exists with "20731" as the number.~~RJStevensMusicPresentationCreator.Program~0000000034
2024-12-15 09:52:28.4659~ WARN~More than one hymn exists with "21339" as the number.~~RJStevensMusicPresentationCreator.Program~0000000035
2024-12-15 09:52:35.2150~DEBUG~-> DownloadFile(url = "https://faas-nyc1-2ef2e6cc.doserverless.co/api/v1/web/fn-dd7f8f6a-d32a-4f5e-ae7b-870dfb7963f3/downloads/bundle?id=000000000000003", filename = "C:\Users\cofc_\AppData\Local\Temp\tmp5E53.tmp\rjsec001.ZIP", message = "rjsec001")~~RJStevensMusicPresentationCreator.Program~0000000036
2024-12-15 09:52:37.2738~DEBUG~download completed~~RJStevensMusicPresentationCreator.Program~0000000037
2024-12-15 09:52:37.2738~DEBUG~<- DownloadFile(url = "https://faas-nyc1-2ef2e6cc.doserverless.co/api/v1/web/fn-dd7f8f6a-d32a-4f5e-ae7b-870dfb7963f3/downloads/bundle?id=000000000000003", filename = "C:\Users\cofc_\AppData\Local\Temp\tmp5E53.tmp\rjsec001.ZIP", message = "rjsec001")~~RJStevensMusicPresentationCreator.Program~0000000038
2024-12-15 09:52:37.4198~DEBUG~-> ExtractAllFromFile(zipFileName = "C:\Users\cofc_\AppData\Local\Temp\tmp5E53.tmp\rjsec001.ZIP", decompressedFolder = "C:\Users\cofc_\AppData\Local\Temp\tmp6681.tmp", message = "rjsec001")~~RJStevensMusicPresentationCreator.Program~0000000039
2024-12-15 09:52:37.6838~DEBUG~extract completed~~RJStevensMusicPresentationCreator.Program~0000000040
2024-12-15 09:52:37.6838~DEBUG~<- ExtractAllFromFile(zipFileName = "C:\Users\cofc_\AppData\Local\Temp\tmp5E53.tmp\rjsec001.ZIP", decompressedFolder = "C:\Users\cofc_\AppData\Local\Temp\tmp6681.tmp", message = "rjsec001")~~RJStevensMusicPresentationCreator.Program~0000000041
2024-12-15 09:52:37.7548~DEBUG~-> DownloadFile(url = "https://faas-nyc1-2ef2e6cc.doserverless.co/api/v1/web/fn-dd7f8f6a-d32a-4f5e-ae7b-870dfb7963f3/downloads/bundle?id=000000000000004", filename = "C:\Users\cofc_\AppData\Local\Temp\tmp6847.tmp\rjsec002.ZIP", message = "rjsec002")~~RJStevensMusicPresentationCreator.Program~0000000042
2024-12-15 09:52:38.2259~DEBUG~download completed~~RJStevensMusicPresentationCreator.Program~0000000043
2024-12-15 09:52:38.2259~DEBUG~<- DownloadFile(url = "https://faas-nyc1-2ef2e6cc.doserverless.co/api/v1/web/fn-dd7f8f6a-d32a-4f5e-ae7b-870dfb7963f3/downloads/bundle?id=000000000000004", filename = "C:\Users\cofc_\AppData\Local\Temp\tmp6847.tmp\rjsec002.ZIP", message = "rjsec002")~~RJStevensMusicPresentationCreator.Program~0000000044
2024-12-15 09:52:38.2449~DEBUG~-> ExtractAllFromFile(zipFileName = "C:\Users\cofc_\AppData\Local\Temp\tmp6847.tmp\rjsec002.ZIP", decompressedFolder = "C:\Users\cofc_\AppData\Local\Temp\tmp6A3C.tmp", message = "rjsec002")~~RJStevensMusicPresentationCreator.Program~0000000045
2024-12-15 09:52:38.5399~DEBUG~extract completed~~RJStevensMusicPresentationCreator.Program~0000000046
2024-12-15 09:52:38.5419~DEBUG~<- ExtractAllFromFile(zipFileName = "C:\Users\cofc_\AppData\Local\Temp\tmp6847.tmp\rjsec002.ZIP", decompressedFolder = "C:\Users\cofc_\AppData\Local\Temp\tmp6A3C.tmp", message = "rjsec002")~~RJStevensMusicPresentationCreator.Program~0000000047
2024-12-15 09:52:38.6099~DEBUG~-> DownloadFile(url = "https://faas-nyc1-2ef2e6cc.doserverless.co/api/v1/web/fn-dd7f8f6a-d32a-4f5e-ae7b-870dfb7963f3/downloads/bundle?id=000000000000006", filename = "C:\Users\cofc_\AppData\Local\Temp\tmp6BA5.tmp\rjsec004.ZIP", message = "rjsec004")~~RJStevensMusicPresentationCreator.Program~0000000048
2024-12-15 09:52:39.0589~DEBUG~download completed~~RJStevensMusicPresentationCreator.Program~0000000049
2024-12-15 09:52:39.0589~DEBUG~<- DownloadFile(url = "https://faas-nyc1-2ef2e6cc.doserverless.co/api/v1/web/fn-dd7f8f6a-d32a-4f5e-ae7b-870dfb7963f3/downloads/bundle?id=000000000000006", filename = "C:\Users\cofc_\AppData\Local\Temp\tmp6BA5.tmp\rjsec004.ZIP", message = "rjsec004")~~RJStevensMusicPresentationCreator.Program~0000000050
2024-12-15 09:52:39.0729~DEBUG~-> ExtractAllFromFile(zipFileName = "C:\Users\cofc_\AppData\Local\Temp\tmp6BA5.tmp\rjsec004.ZIP", decompressedFolder = "C:\Users\cofc_\AppData\Local\Temp\tmp6D6B.tmp", message = "rjsec004")~~RJStevensMusicPresentationCreator.Program~0000000051
2024-12-15 09:52:39.2636~DEBUG~extract completed~~RJStevensMusicPresentationCreator.Program~0000000052
2024-12-15 09:52:39.2636~DEBUG~<- ExtractAllFromFile(zipFileName = "C:\Users\cofc_\AppData\Local\Temp\tmp6BA5.tmp\rjsec004.ZIP", decompressedFolder = "C:\Users\cofc_\AppData\Local\Temp\tmp6D6B.tmp", message = "rjsec004")~~RJStevensMusicPresentationCreator.Program~0000000053
2024-12-15 09:52:39.3146~DEBUG~-> DownloadFile(url = "https://faas-nyc1-2ef2e6cc.doserverless.co/api/v1/web/fn-dd7f8f6a-d32a-4f5e-ae7b-870dfb7963f3/downloads/bundle?id=000000000000008", filename = "C:\Users\cofc_\AppData\Local\Temp\tmp6E66.tmp\rjsec006.ZIP", message = "rjsec006")~~RJStevensMusicPresentationCreator.Program~0000000054
2024-12-15 09:52:39.7433~DEBUG~download completed~~RJStevensMusicPresentationCreator.Program~0000000055
2024-12-15 09:52:39.7453~DEBUG~<- DownloadFile(url = "https://faas-nyc1-2ef2e6cc.doserverless.co/api/v1/web/fn-dd7f8f6a-d32a-4f5e-ae7b-870dfb7963f3/downloads/bundle?id=000000000000008", filename = "C:\Users\cofc_\AppData\Local\Temp\tmp6E66.tmp\rjsec006.ZIP", message = "rjsec006")~~RJStevensMusicPresentationCreator.Program~0000000056
2024-12-15 09:52:39.7633~DEBUG~-> ExtractAllFromFile(zipFileName = "C:\Users\cofc_\AppData\Local\Temp\tmp6E66.tmp\rjsec006.ZIP", decompressedFolder = "C:\Users\cofc_\AppData\Local\Temp\tmp702C.tmp", message = "rjsec006")~~RJStevensMusicPresentationCreator.Program~0000000057
2024-12-15 09:52:39.9493~DEBUG~extract completed~~RJStevensMusicPresentationCreator.Program~0000000058
2024-12-15 09:52:39.9493~DEBUG~<- ExtractAllFromFile(zipFileName = "C:\Users\cofc_\AppData\Local\Temp\tmp6E66.tmp\rjsec006.ZIP", decompressedFolder = "C:\Users\cofc_\AppData\Local\Temp\tmp702C.tmp", message = "rjsec006")~~RJStevensMusicPresentationCreator.Program~0000000059
2024-12-15 09:52:40.0034~DEBUG~-> DownloadFile(url = "https://faas-nyc1-2ef2e6cc.doserverless.co/api/v1/web/fn-dd7f8f6a-d32a-4f5e-ae7b-870dfb7963f3/downloads/bundle?id=000000000000010", filename = "C:\Users\cofc_\AppData\Local\Temp\tmp7117.tmp\rjsec008.ZIP", message = "rjsec008")~~RJStevensMusicPresentationCreator.Program~0000000060
2024-12-15 09:52:40.4454~DEBUG~download completed~~RJStevensMusicPresentationCreator.Program~0000000061
2024-12-15 09:52:40.4454~DEBUG~<- DownloadFile(url = "https://faas-nyc1-2ef2e6cc.doserverless.co/api/v1/web/fn-dd7f8f6a-d32a-4f5e-ae7b-870dfb7963f3/downloads/bundle?id=000000000000010", filename = "C:\Users\cofc_\AppData\Local\Temp\tmp7117.tmp\rjsec008.ZIP", message = "rjsec008")~~RJStevensMusicPresentationCreator.Program~0000000062
2024-12-15 09:52:40.4624~DEBUG~-> ExtractAllFromFile(zipFileName = "C:\Users\cofc_\AppData\Local\Temp\tmp7117.tmp\rjsec008.ZIP", decompressedFolder = "C:\Users\cofc_\AppData\Local\Temp\tmp72DE.tmp", message = "rjsec008")~~RJStevensMusicPresentationCreator.Program~0000000063
2024-12-15 09:52:40.6980~DEBUG~extract completed~~RJStevensMusicPresentationCreator.Program~0000000064
2024-12-15 09:52:40.6980~DEBUG~<- ExtractAllFromFile(zipFileName = "C:\Users\cofc_\AppData\Local\Temp\tmp7117.tmp\rjsec008.ZIP", decompressedFolder = "C:\Users\cofc_\AppData\Local\Temp\tmp72DE.tmp", message = "rjsec008")~~RJStevensMusicPresentationCreator.Program~0000000065
2024-12-15 09:52:40.7581~DEBUG~-> DownloadFile(url = "https://faas-nyc1-2ef2e6cc.doserverless.co/api/v1/web/fn-dd7f8f6a-d32a-4f5e-ae7b-870dfb7963f3/downloads/bundle?id=000000000002089", filename = "C:\Users\cofc_\AppData\Local\Temp\tmp7407.tmp\rjsec008.15.ZIP", message = "rjsec008.15")~~RJStevensMusicPresentationCreator.Program~0000000066
2024-12-15 09:52:41.1751~DEBUG~download completed~~RJStevensMusicPresentationCreator.Program~0000000067
2024-12-15 09:52:41.1751~DEBUG~<- DownloadFile(url = "https://faas-nyc1-2ef2e6cc.doserverless.co/api/v1/web/fn-dd7f8f6a-d32a-4f5e-ae7b-870dfb7963f3/downloads/bundle?id=000000000002089", filename = "C:\Users\cofc_\AppData\Local\Temp\tmp7407.tmp\rjsec008.15.ZIP", message = "rjsec008.15")~~RJStevensMusicPresentationCreator.Program~0000000068
2024-12-15 09:52:41.1941~DEBUG~-> ExtractAllFromFile(zipFileName = "C:\Users\cofc_\AppData\Local\Temp\tmp7407.tmp\rjsec008.15.ZIP", decompressedFolder = "C:\Users\cofc_\AppData\Local\Temp\tmp75BE.tmp", message = "rjsec008.15")~~RJStevensMusicPresentationCreator.Program~0000000069
2024-12-15 09:52:41.3761~DEBUG~extract completed~~RJStevensMusicPresentationCreator.Program~0000000070
2024-12-15 09:52:41.3761~DEBUG~<- ExtractAllFromFile(zipFileName = "C:\Users\cofc_\AppData\Local\Temp\tmp7407.tmp\rjsec008.15.ZIP", decompressedFolder = "C:\Users\cofc_\AppData\Local\Temp\tmp75BE.tmp", message = "rjsec008.15")~~RJStevensMusicPresentationCreator.Program~0000000071
2024-12-15 09:52:41.4271~DEBUG~-> DownloadFile(url = "https://faas-nyc1-2ef2e6cc.doserverless.co/api/v1/web/fn-dd7f8f6a-d32a-4f5e-ae7b-870dfb7963f3/downloads/bundle?id=000000000002090", filename = "C:\Users\cofc_\AppData\Local\Temp\tmp76A9.tmp\rjsec008.16.ZIP", message = "rjsec008.16")~~RJStevensMusicPresentationCreator.Program~0000000072
2024-12-15 09:52:41.8591~DEBUG~download completed~~RJStevensMusicPresentationCreator.Program~0000000073
2024-12-15 09:52:41.8591~DEBUG~<- DownloadFile(url = "https://faas-nyc1-2ef2e6cc.doserverless.co/api/v1/web/fn-dd7f8f6a-d32a-4f5e-ae7b-870dfb7963f3/downloads/bundle?id=000000000002090", filename = "C:\Users\cofc_\AppData\Local\Temp\tmp76A9.tmp\rjsec008.16.ZIP", message = "rjsec008.16")~~RJStevensMusicPresentationCreator.Program~0000000074
2024-12-15 09:52:41.8771~DEBUG~-> ExtractAllFromFile(zipFileName = "C:\Users\cofc_\AppData\Local\Temp\tmp76A9.tmp\rjsec008.16.ZIP", decompressedFolder = "C:\Users\cofc_\AppData\Local\Temp\tmp786F.tmp", message = "rjsec008.16")~~RJStevensMusicPresentationCreator.Program~0000000075
2024-12-15 09:52:42.1004~DEBUG~extract completed~~RJStevensMusicPresentationCreator.Program~0000000076
2024-12-15 09:52:42.1004~DEBUG~<- ExtractAllFromFile(zipFileName = "C:\Users\cofc_\AppData\Local\Temp\tmp76A9.tmp\rjsec008.16.ZIP", decompressedFolder = "C:\Users\cofc_\AppData\Local\Temp\tmp786F.tmp", message = "rjsec008.16")~~RJStevensMusicPresentationCreator.Program~0000000077
2024-12-15 09:52:42.1594~DEBUG~-> DownloadFile(url = "https://faas-nyc1-2ef2e6cc.doserverless.co/api/v1/web/fn-dd7f8f6a-d32a-4f5e-ae7b-870dfb7963f3/downloads/bundle?id=000000000000012", filename = "C:\Users\cofc_\AppData\Local\Temp\tmp798A.tmp\rjsec010.ZIP", message = "rjsec010")~~RJStevensMusicPresentationCreator.Program~0000000078
2024-12-15 09:52:42.6374~DEBUG~download completed~~RJStevensMusicPresentationCreator.Program~0000000079
2024-12-15 09:52:42.6374~DEBUG~<- DownloadFile(url = "https://faas-nyc1-2ef2e6cc.doserverless.co/api/v1/web/fn-dd7f8f6a-d32a-4f5e-ae7b-870dfb7963f3/downloads/bundle?id=000000000000012", filename = "C:\Users\cofc_\AppData\Local\Temp\tmp798A.tmp\rjsec010.ZIP", message = "rjsec010")~~RJStevensMusicPresentationCreator.Program~0000000080
2024-12-15 09:52:42.6554~DEBUG~-> ExtractAllFromFile(zipFileName = "C:\Users\cofc_\AppData\Local\Temp\tmp798A.tmp\rjsec010.ZIP", decompressedFolder = "C:\Users\cofc_\AppData\Local\Temp\tmp7B7F.tmp", message = "rjsec010")~~RJStevensMusicPresentationCreator.Program~0000000081
2024-12-15 09:52:42.8554~DEBUG~extract completed~~RJStevensMusicPresentationCreator.Program~0000000082
2024-12-15 09:52:42.8554~DEBUG~<- ExtractAllFromFile(zipFileName = "C:\Users\cofc_\AppData\Local\Temp\tmp798A.tmp\rjsec010.ZIP", decompressedFolder = "C:\Users\cofc_\AppData\Local\Temp\tmp7B7F.tmp", message = "rjsec010")~~RJStevensMusicPresentationCreator.Program~0000000083
2024-12-15 09:52:42.9084~DEBUG~-> DownloadFile(url = "https://faas-nyc1-2ef2e6cc.doserverless.co/api/v1/web/fn-dd7f8f6a-d32a-4f5e-ae7b-870dfb7963f3/downloads/bundle?id=000000000000013", filename = "C:\Users\cofc_\AppData\Local\Temp\tmp7C7A.tmp\rjsec011.ZIP", message = "rjsec011")~~RJStevensMusicPresentationCreator.Program~0000000084
2024-12-15 09:52:43.3595~DEBUG~download completed~~RJStevensMusicPresentationCreator.Program~0000000085
2024-12-15 09:52:43.3595~DEBUG~<- DownloadFile(url = "https://faas-nyc1-2ef2e6cc.doserverless.co/api/v1/web/fn-dd7f8f6a-d32a-4f5e-ae7b-870dfb7963f3/downloads/bundle?id=000000000000013", filename = "C:\Users\cofc_\AppData\Local\Temp\tmp7C7A.tmp\rjsec011.ZIP", message = "rjsec011")~~RJStevensMusicPresentationCreator.Program~0000000086
2024-12-15 09:52:43.3765~DEBUG~-> ExtractAllFromFile(zipFileName = "C:\Users\cofc_\AppData\Local\Temp\tmp7C7A.tmp\rjsec011.ZIP", decompressedFolder = "C:\Users\cofc_\AppData\Local\Temp\tmp7E4F.tmp", message = "rjsec011")~~RJStevensMusicPresentationCreator.Program~0000000087
2024-12-15 09:52:43.6598~DEBUG~extract completed~~RJStevensMusicPresentationCreator.Program~0000000088
2024-12-15 09:52:43.6598~DEBUG~<- ExtractAllFromFile(zipFileName = "C:\Users\cofc_\AppData\Local\Temp\tmp7C7A.tmp\rjsec011.ZIP", decompressedFolder = "C:\Users\cofc_\AppData\Local\Temp\tmp7E4F.tmp", message = "rjsec011")~~RJStevensMusicPresentationCreator.Program~0000000089
2024-12-15 09:52:43.7458~DEBUG~-> DownloadFile(url = "https://faas-nyc1-2ef2e6cc.doserverless.co/api/v1/web/fn-dd7f8f6a-d32a-4f5e-ae7b-870dfb7963f3/downloads/bundle?id=000000000000014", filename = "C:\Users\cofc_\AppData\Local\Temp\tmp7FC7.tmp\rjsec012.ZIP", message = "rjsec012")~~RJStevensMusicPresentationCreator.Program~0000000090
2024-12-15 09:52:44.1698~DEBUG~download completed~~RJStevensMusicPresentationCreator.Program~0000000091
2024-12-15 09:52:44.1698~DEBUG~<- DownloadFile(url = "https://faas-nyc1-2ef2e6cc.doserverless.co/api/v1/web/fn-dd7f8f6a-d32a-4f5e-ae7b-870dfb7963f3/downloads/bundle?id=000000000000014", filename = "C:\Users\cofc_\AppData\Local\Temp\tmp7FC7.tmp\rjsec012.ZIP", message = "rjsec012")~~RJStevensMusicPresentationCreator.Program~0000000092
2024-12-15 09:52:44.1858~DEBUG~-> ExtractAllFromFile(zipFileName = "C:\Users\cofc_\AppData\Local\Temp\tmp7FC7.tmp\rjsec012.ZIP", decompressedFolder = "C:\Users\cofc_\AppData\Local\Temp\tmp817E.tmp", message = "rjsec012")~~RJStevensMusicPresentationCreator.Program~0000000093
2024-12-15 09:52:44.3918~DEBUG~extract completed~~RJStevensMusicPresentationCreator.Program~0000000094
2024-12-15 09:52:44.3918~DEBUG~<- ExtractAllFromFile(zipFileName = "C:\Users\cofc_\AppData\Local\Temp\tmp7FC7.tmp\rjsec012.ZIP", decompressedFolder = "C:\Users\cofc_\AppData\Local\Temp\tmp817E.tmp", message = "rjsec012")~~RJStevensMusicPresentationCreator.Program~0000000095
2024-12-15 09:52:44.4478~DEBUG~-> DownloadFile(url = "https://faas-nyc1-2ef2e6cc.doserverless.co/api/v1/web/fn-dd7f8f6a-d32a-4f5e-ae7b-870dfb7963f3/downloads/bundle?id=000000000000017", filename = "C:\Users\cofc_\AppData\Local\Temp\tmp8279.tmp\rjsec014.ZIP", message = "rjsec014")~~RJStevensMusicPresentationCreator.Program~0000000096
2024-12-15 09:52:44.8849~DEBUG~download completed~~RJStevensMusicPresentationCreator.Program~0000000097
2024-12-15 09:52:44.8849~DEBUG~<- DownloadFile(url = "https://faas-nyc1-2ef2e6cc.doserverless.co/api/v1/web/fn-dd7f8f6a-d32a-4f5e-ae7b-870dfb7963f3/downloads/bundle?id=000000000000017", filename = "C:\Users\cofc_\AppData\Local\Temp\tmp8279.tmp\rjsec014.ZIP", message = "rjsec014")~~RJStevensMusicPresentationCreator.Program~0000000098
2024-12-15 09:52:44.8849~DEBUG~-> ExtractAllFromFile(zipFileName = "C:\Users\cofc_\AppData\Local\Temp\tmp8279.tmp\rjsec014.ZIP", decompressedFolder = "C:\Users\cofc_\AppData\Local\Temp\tmp843F.tmp", message = "rjsec014")~~RJStevensMusicPresentationCreator.Program~0000000099
2024-12-15 09:52:45.1399~DEBUG~extract completed~~RJStevensMusicPresentationCreator.Program~0000000100
2024-12-15 09:52:45.1399~DEBUG~<- ExtractAllFromFile(zipFileName = "C:\Users\cofc_\AppData\Local\Temp\tmp8279.tmp\rjsec014.ZIP", decompressedFolder = "C:\Users\cofc_\AppData\Local\Temp\tmp843F.tmp", message = "rjsec014")~~RJStevensMusicPresentationCreator.Program~0000000101
2024-12-15 09:52:45.2059~DEBUG~-> DownloadFile(url = "https://faas-nyc1-2ef2e6cc.doserverless.co/api/v1/web/fn-dd7f8f6a-d32a-4f5e-ae7b-870dfb7963f3/downloads/bundle?id=000000000000019", filename = "C:\Users\cofc_\AppData\Local\Temp\tmp8579.tmp\rjsec016.ZIP", message = "rjsec016")~~RJStevensMusicPresentationCreator.Program~0000000102
2024-12-15 09:52:45.7209~DEBUG~download completed~~RJStevensMusicPresentationCreator.Program~0000000103
2024-12-15 09:52:45.7209~DEBUG~<- DownloadFile(url = "https://faas-nyc1-2ef2e6cc.doserverless.co/api/v1/web/fn-dd7f8f6a-d32a-4f5e-ae7b-870dfb7963f3/downloads/bundle?id=000000000000019", filename = "C:\Users\cofc_\AppData\Local\Temp\tmp8579.tmp\rjsec016.ZIP", message = "rjsec016")~~RJStevensMusicPresentationCreator.Program~0000000104
2024-12-15 09:52:45.7379~DEBUG~-> ExtractAllFromFile(zipFileName = "C:\Users\cofc_\AppData\Local\Temp\tmp8579.tmp\rjsec016.ZIP", decompressedFolder = "C:\Users\cofc_\AppData\Local\Temp\tmp878D.tmp", message = "rjsec016")~~RJStevensMusicPresentationCreator.Program~0000000105
2024-12-15 09:52:46.0028~DEBUG~extract completed~~RJStevensMusicPresentationCreator.Program~0000000106
2024-12-15 09:52:46.0028~DEBUG~<- ExtractAllFromFile(zipFileName = "C:\Users\cofc_\AppData\Local\Temp\tmp8579.tmp\rjsec016.ZIP", decompressedFolder = "C:\Users\cofc_\AppData\Local\Temp\tmp878D.tmp", message = "rjsec016")~~RJStevensMusicPresentationCreator.Program~0000000107
2024-12-15 09:52:46.0758~DEBUG~-> DownloadFile(url = "https://faas-nyc1-2ef2e6cc.doserverless.co/api/v1/web/fn-dd7f8f6a-d32a-4f5e-ae7b-870dfb7963f3/downloads/bundle?id=000000000000020", filename = "C:\Users\cofc_\AppData\Local\Temp\tmp88E6.tmp\rjsec017.ZIP", message = "rjsec017")~~RJStevensMusicPresentationCreator.Program~0000000108
2024-12-15 09:52:46.4785~DEBUG~download completed~~RJStevensMusicPresentationCreator.Program~0000000109
2024-12-15 09:52:46.4785~DEBUG~<- DownloadFile(url = "https://faas-nyc1-2ef2e6cc.doserverless.co/api/v1/web/fn-dd7f8f6a-d32a-4f5e-ae7b-870dfb7963f3/downloads/bundle?id=000000000000020", filename = "C:\Users\cofc_\AppData\Local\Temp\tmp88E6.tmp\rjsec017.ZIP", message = "rjsec017")~~RJStevensMusicPresentationCreator.Program~0000000110
2024-12-15 09:52:46.4785~DEBUG~-> ExtractAllFromFile(zipFileName = "C:\Users\cofc_\AppData\Local\Temp\tmp88E6.tmp\rjsec017.ZIP", decompressedFolder = "C:\Users\cofc_\AppData\Local\Temp\tmp8A7D.tmp", message = "rjsec017")~~RJStevensMusicPresentationCreator.Program~0000000111
2024-12-15 09:52:46.6725~DEBUG~extract completed~~RJStevensMusicPresentationCreator.Program~0000000112
2024-12-15 09:52:46.6725~DEBUG~<- ExtractAllFromFile(zipFileName = "C:\Users\cofc_\AppData\Local\Temp\tmp88E6.tmp\rjsec017.ZIP", decompressedFolder = "C:\Users\cofc_\AppData\Local\Temp\tmp8A7D.tmp", message = "rjsec017")~~RJStevensMusicPresentationCreator.Program~0000000113
2024-12-15 09:52:46.7245~DEBUG~-> DownloadFile(url = "https://faas-nyc1-2ef2e6cc.doserverless.co/api/v1/web/fn-dd7f8f6a-d32a-4f5e-ae7b-870dfb7963f3/downloads/bundle?id=000000000000021", filename = "C:\Users\cofc_\AppData\Local\Temp\tmp8B68.tmp\rjsec018.ZIP", message = "rjsec018")~~RJStevensMusicPresentationCreator.Program~0000000114
2024-12-15 09:52:47.4246~DEBUG~download completed~~RJStevensMusicPresentationCreator.Program~0000000115
2024-12-15 09:52:47.4246~DEBUG~<- DownloadFile(url = "https://faas-nyc1-2ef2e6cc.doserverless.co/api/v1/web/fn-dd7f8f6a-d32a-4f5e-ae7b-870dfb7963f3/downloads/bundle?id=000000000000021", filename = "C:\Users\cofc_\AppData\Local\Temp\tmp8B68.tmp\rjsec018.ZIP", message = "rjsec018")~~RJStevensMusicPresentationCreator.Program~0000000116
2024-12-15 09:52:47.4416~DEBUG~-> ExtractAllFromFile(zipFileName = "C:\Users\cofc_\AppData\Local\Temp\tmp8B68.tmp\rjsec018.ZIP", decompressedFolder = "C:\Users\cofc_\AppData\Local\Temp\tmp8E38.tmp", message = "rjsec018")~~RJStevensMusicPresentationCreator.Program~0000000117
2024-12-15 09:52:47.7846~DEBUG~extract completed~~RJStevensMusicPresentationCreator.Program~0000000118
2024-12-15 09:52:47.7846~DEBUG~<- ExtractAllFromFile(zipFileName = "C:\Users\cofc_\AppData\Local\Temp\tmp8B68.tmp\rjsec018.ZIP", decompressedFolder = "C:\Users\cofc_\AppData\Local\Temp\tmp8E38.tmp", message = "rjsec018")~~RJStevensMusicPresentationCreator.Program~0000000119
2024-12-15 09:52:47.8696~DEBUG~-> DownloadFile(url = "https://faas-nyc1-2ef2e6cc.doserverless.co/api/v1/web/fn-dd7f8f6a-d32a-4f5e-ae7b-870dfb7963f3/downloads/bundle?id=000000000000022", filename = "C:\Users\cofc_\AppData\Local\Temp\tmp8FDF.tmp\rjsec019.ZIP", message = "rjsec019")~~RJStevensMusicPresentationCreator.Program~0000000120
2024-12-15 09:52:48.3067~DEBUG~download completed~~RJStevensMusicPresentationCreator.Program~0000000121
2024-12-15 09:52:48.3067~DEBUG~<- DownloadFile(url = "https://faas-nyc1-2ef2e6cc.doserverless.co/api/v1/web/fn-dd7f8f6a-d32a-4f5e-ae7b-870dfb7963f3/downloads/bundle?id=000000000000022", filename = "C:\Users\cofc_\AppData\Local\Temp\tmp8FDF.tmp\rjsec019.ZIP", message = "rjsec019")~~RJStevensMusicPresentationCreator.Program~0000000122
2024-12-15 09:52:48.3067~DEBUG~-> ExtractAllFromFile(zipFileName = "C:\Users\cofc_\AppData\Local\Temp\tmp8FDF.tmp\rjsec019.ZIP", decompressedFolder = "C:\Users\cofc_\AppData\Local\Temp\tmp91A5.tmp", message = "rjsec019")~~RJStevensMusicPresentationCreator.Program~0000000123
2024-12-15 09:52:48.5794~DEBUG~extract completed~~RJStevensMusicPresentationCreator.Program~0000000124
2024-12-15 09:52:48.5794~DEBUG~<- ExtractAllFromFile(zipFileName = "C:\Users\cofc_\AppData\Local\Temp\tmp8FDF.tmp\rjsec019.ZIP", decompressedFolder = "C:\Users\cofc_\AppData\Local\Temp\tmp91A5.tmp", message = "rjsec019")~~RJStevensMusicPresentationCreator.Program~0000000125
2024-12-15 09:52:48.6434~DEBUG~-> DownloadFile(url = "https://faas-nyc1-2ef2e6cc.doserverless.co/api/v1/web/fn-dd7f8f6a-d32a-4f5e-ae7b-870dfb7963f3/downloads/bundle?id=000000000000023", filename = "C:\Users\cofc_\AppData\Local\Temp\tmp92EE.tmp\rjsec020.ZIP", message = "rjsec020")~~RJStevensMusicPresentationCreator.Program~0000000126
2024-12-15 09:52:49.0864~DEBUG~download completed~~RJStevensMusicPresentationCreator.Program~0000000127
2024-12-15 09:52:49.0864~DEBUG~<- DownloadFile(url = "https://faas-nyc1-2ef2e6cc.doserverless.co/api/v1/web/fn-dd7f8f6a-d32a-4f5e-ae7b-870dfb7963f3/downloads/bundle?id=000000000000023", filename = "C:\Users\cofc_\AppData\Local\Temp\tmp92EE.tmp\rjsec020.ZIP", message = "rjsec020")~~RJStevensMusicPresentationCreator.Program~0000000128
2024-12-15 09:52:49.0994~DEBUG~-> ExtractAllFromFile(zipFileName = "C:\Users\cofc_\AppData\Local\Temp\tmp92EE.tmp\rjsec020.ZIP", decompressedFolder = "C:\Users\cofc_\AppData\Local\Temp\tmp94B4.tmp", message = "rjsec020")~~RJStevensMusicPresentationCreator.Program~0000000129
2024-12-15 09:52:49.2931~DEBUG~extract completed~~RJStevensMusicPresentationCreator.Program~0000000130
2024-12-15 09:52:49.2931~DEBUG~<- ExtractAllFromFile(zipFileName = "C:\Users\cofc_\AppData\Local\Temp\tmp92EE.tmp\rjsec020.ZIP", decompressedFolder = "C:\Users\cofc_\AppData\Local\Temp\tmp94B4.tmp", message = "rjsec020")~~RJStevensMusicPresentationCreator.Program~0000000131
2024-12-15 09:52:49.3481~DEBUG~-> DownloadFile(url = "https://faas-nyc1-2ef2e6cc.doserverless.co/api/v1/web/fn-dd7f8f6a-d32a-4f5e-ae7b-870dfb7963f3/downloads/bundle?id=000000000000024", filename = "C:\Users\cofc_\AppData\Local\Temp\tmp95AF.tmp\rjsec021.ZIP", message = "rjsec021")~~RJStevensMusicPresentationCreator.Program~0000000132
2024-12-15 09:52:49.8142~DEBUG~download completed~~RJStevensMusicPresentationCreator.Program~0000000133
2024-12-15 09:52:49.8142~DEBUG~<- DownloadFile(url = "https://faas-nyc1-2ef2e6cc.doserverless.co/api/v1/web/fn-dd7f8f6a-d32a-4f5e-ae7b-870dfb7963f3/downloads/bundle?id=000000000000024", filename = "C:\Users\cofc_\AppData\Local\Temp\tmp95AF.tmp\rjsec021.ZIP", message = "rjsec021")~~RJStevensMusicPresentationCreator.Program~0000000134
2024-12-15 09:52:49.8312~DEBUG~-> ExtractAllFromFile(zipFileName = "C:\Users\cofc_\AppData\Local\Temp\tmp95AF.tmp\rjsec021.ZIP", decompressedFolder = "C:\Users\cofc_\AppData\Local\Temp\tmp9795.tmp", message = "rjsec021")~~RJStevensMusicPresentationCreator.Program~0000000135
2024-12-15 09:52:50.0731~DEBUG~extract completed~~RJStevensMusicPresentationCreator.Program~0000000136
2024-12-15 09:52:50.0731~DEBUG~<- ExtractAllFromFile(zipFileName = "C:\Users\cofc_\AppData\Local\Temp\tmp95AF.tmp\rjsec021.ZIP", decompressedFolder = "C:\Users\cofc_\AppData\Local\Temp\tmp9795.tmp", message = "rjsec021")~~RJStevensMusicPresentationCreator.Program~0000000137
2024-12-15 09:52:50.1401~DEBUG~-> DownloadFile(url = "https://faas-nyc1-2ef2e6cc.doserverless.co/api/v1/web/fn-dd7f8f6a-d32a-4f5e-ae7b-870dfb7963f3/downloads/bundle?id=000000000000027", filename = "C:\Users\cofc_\AppData\Local\Temp\tmp98CE.tmp\rjsec024.ZIP", message = "rjsec024")~~RJStevensMusicPresentationCreator.Program~0000000138
2024-12-15 09:52:50.5547~DEBUG~download completed~~RJStevensMusicPresentationCreator.Program~0000000139
2024-12-15 09:52:50.5547~DEBUG~<- DownloadFile(url = "https://faas-nyc1-2ef2e6cc.doserverless.co/api/v1/web/fn-dd7f8f6a-d32a-4f5e-ae7b-870dfb7963f3/downloads/bundle?id=000000000000027", filename = "C:\Users\cofc_\AppData\Local\Temp\tmp98CE.tmp\rjsec024.ZIP", message = "rjsec024")~~RJStevensMusicPresentationCreator.Program~0000000140
2024-12-15 09:52:50.5697~DEBUG~-> ExtractAllFromFile(zipFileName = "C:\Users\cofc_\AppData\Local\Temp\tmp98CE.tmp\rjsec024.ZIP", decompressedFolder = "C:\Users\cofc_\AppData\Local\Temp\tmp9A75.tmp", message = "rjsec024")~~RJStevensMusicPresentationCreator.Program~0000000141
2024-12-15 09:52:50.7737~DEBUG~extract completed~~RJStevensMusicPresentationCreator.Program~0000000142
2024-12-15 09:52:50.7767~DEBUG~<- ExtractAllFromFile(zipFileName = "C:\Users\cofc_\AppData\Local\Temp\tmp98CE.tmp\rjsec024.ZIP", decompressedFolder = "C:\Users\cofc_\AppData\Local\Temp\tmp9A75.tmp", message = "rjsec024")~~RJStevensMusicPresentationCreator.Program~0000000143
2024-12-15 09:52:50.8347~DEBUG~-> DownloadFile(url = "https://faas-nyc1-2ef2e6cc.doserverless.co/api/v1/web/fn-dd7f8f6a-d32a-4f5e-ae7b-870dfb7963f3/downloads/bundle?id=000000000000028", filename = "C:\Users\cofc_\AppData\Local\Temp\tmp9B80.tmp\rjsec025.ZIP", message = "rjsec025")~~RJStevensMusicPresentationCreator.Program~0000000144
2024-12-15 09:52:51.2728~DEBUG~download completed~~RJStevensMusicPresentationCreator.Program~0000000145
2024-12-15 09:52:51.2728~DEBUG~<- DownloadFile(url = "https://faas-nyc1-2ef2e6cc.doserverless.co/api/v1/web/fn-dd7f8f6a-d32a-4f5e-ae7b-870dfb7963f3/downloads/bundle?id=000000000000028", filename = "C:\Users\cofc_\AppData\Local\Temp\tmp9B80.tmp\rjsec025.ZIP", message = "rjsec025")~~RJStevensMusicPresentationCreator.Program~0000000146
2024-12-15 09:52:51.2868~DEBUG~-> ExtractAllFromFile(zipFileName = "C:\Users\cofc_\AppData\Local\Temp\tmp9B80.tmp\rjsec025.ZIP", decompressedFolder = "C:\Users\cofc_\AppData\Local\Temp\tmp9D46.tmp", message = "rjsec025")~~RJStevensMusicPresentationCreator.Program~0000000147
2024-12-15 09:52:51.4966~DEBUG~extract completed~~RJStevensMusicPresentationCreator.Program~0000000148
2024-12-15 09:52:51.4966~DEBUG~<- ExtractAllFromFile(zipFileName = "C:\Users\cofc_\AppData\Local\Temp\tmp9B80.tmp\rjsec025.ZIP", decompressedFolder = "C:\Users\cofc_\AppData\Local\Temp\tmp9D46.tmp", message = "rjsec025")~~RJStevensMusicPresentationCreator.Program~0000000149
2024-12-15 09:52:51.5536~DEBUG~-> DownloadFile(url = "https://faas-nyc1-2ef2e6cc.doserverless.co/api/v1/web/fn-dd7f8f6a-d32a-4f5e-ae7b-870dfb7963f3/downloads/bundle?id=000000000000029", filename = "C:\Users\cofc_\AppData\Local\Temp\tmp9E50.tmp\rjsec026.ZIP", message = "rjsec026")~~RJStevensMusicPresentationCreator.Program~0000000150
2024-12-15 09:52:51.9822~DEBUG~download completed~~RJStevensMusicPresentationCreator.Program~0000000151
2024-12-15 09:52:51.9822~DEBUG~<- DownloadFile(url = "https://faas-nyc1-2ef2e6cc.doserverless.co/api/v1/web/fn-dd7f8f6a-d32a-4f5e-ae7b-870dfb7963f3/downloads/bundle?id=000000000000029", filename = "C:\Users\cofc_\AppData\Local\Temp\tmp9E50.tmp\rjsec026.ZIP", message = "rjsec026")~~RJStevensMusicPresentationCreator.Program~0000000152
2024-12-15 09:52:51.9992~DEBUG~-> ExtractAllFromFile(zipFileName = "C:\Users\cofc_\AppData\Local\Temp\tmp9E50.tmp\rjsec026.ZIP", decompressedFolder = "C:\Users\cofc_\AppData\Local\Temp\tmpA016.tmp", message = "rjsec026")~~RJStevensMusicPresentationCreator.Program~0000000153
2024-12-15 09:52:52.1833~DEBUG~extract completed~~RJStevensMusicPresentationCreator.Program~0000000154
2024-12-15 09:52:52.1833~DEBUG~<- ExtractAllFromFile(zipFileName = "C:\Users\cofc_\AppData\Local\Temp\tmp9E50.tmp\rjsec026.ZIP", decompressedFolder = "C:\Users\cofc_\AppData\Local\Temp\tmpA016.tmp", message = "rjsec026")~~RJStevensMusicPresentationCreator.Program~0000000155
2024-12-15 09:52:52.2343~DEBUG~-> DownloadFile(url = "https://faas-nyc1-2ef2e6cc.doserverless.co/api/v1/web/fn-dd7f8f6a-d32a-4f5e-ae7b-870dfb7963f3/downloads/bundle?id=000000000000030", filename = "C:\Users\cofc_\AppData\Local\Temp\tmpA102.tmp\rjsec027.ZIP", message = "rjsec027")~~RJStevensMusicPresentationCreator.Program~0000000156
2024-12-15 09:52:52.6563~DEBUG~download completed~~RJStevensMusicPresentationCreator.Program~0000000157
2024-12-15 09:52:52.6563~DEBUG~<- DownloadFile(url = "https://faas-nyc1-2ef2e6cc.doserverless.co/api/v1/web/fn-dd7f8f6a-d32a-4f5e-ae7b-870dfb7963f3/downloads/bundle?id=000000000000030", filename = "C:\Users\cofc_\AppData\Local\Temp\tmpA102.tmp\rjsec027.ZIP", message = "rjsec027")~~RJStevensMusicPresentationCreator.Program~0000000158
2024-12-15 09:52:52.6753~DEBUG~-> ExtractAllFromFile(zipFileName = "C:\Users\cofc_\AppData\Local\Temp\tmpA102.tmp\rjsec027.ZIP", decompressedFolder = "C:\Users\cofc_\AppData\Local\Temp\tmpA2B8.tmp", message = "rjsec027")~~RJStevensMusicPresentationCreator.Program~0000000159
2024-12-15 09:52:52.9725~DEBUG~extract completed~~RJStevensMusicPresentationCreator.Program~0000000160
2024-12-15 09:52:52.9725~DEBUG~<- ExtractAllFromFile(zipFileName = "C:\Users\cofc_\AppData\Local\Temp\tmpA102.tmp\rjsec027.ZIP", decompressedFolder = "C:\Users\cofc_\AppData\Local\Temp\tmpA2B8.tmp", message = "rjsec027")~~RJStevensMusicPresentationCreator.Program~0000000161
2024-12-15 09:52:53.0465~DEBUG~-> DownloadFile(url = "https://faas-nyc1-2ef2e6cc.doserverless.co/api/v1/web/fn-dd7f8f6a-d32a-4f5e-ae7b-870dfb7963f3/downloads/bundle?id=000000000000031", filename = "C:\Users\cofc_\AppData\Local\Temp\tmpA430.tmp\rjsec028.ZIP", message = "rjsec028")~~RJStevensMusicPresentationCreator.Program~0000000162
2024-12-15 09:52:53.4665~DEBUG~download completed~~RJStevensMusicPresentationCreator.Program~0000000163
2024-12-15 09:52:53.4665~DEBUG~<- DownloadFile(url = "https://faas-nyc1-2ef2e6cc.doserverless.co/api/v1/web/fn-dd7f8f6a-d32a-4f5e-ae7b-870dfb7963f3/downloads/bundle?id=000000000000031", filename = "C:\Users\cofc_\AppData\Local\Temp\tmpA430.tmp\rjsec028.ZIP", message = "rjsec028")~~RJStevensMusicPresentationCreator.Program~0000000164
2024-12-15 09:52:53.4825~DEBUG~-> ExtractAllFromFile(zipFileName = "C:\Users\cofc_\AppData\Local\Temp\tmpA430.tmp\rjsec028.ZIP", decompressedFolder = "C:\Users\cofc_\AppData\Local\Temp\tmpA5E7.tmp", message = "rjsec028")~~RJStevensMusicPresentationCreator.Program~0000000165
2024-12-15 09:52:53.6985~DEBUG~extract completed~~RJStevensMusicPresentationCreator.Program~0000000166
2024-12-15 09:52:53.6985~DEBUG~<- ExtractAllFromFile(zipFileName = "C:\Users\cofc_\AppData\Local\Temp\tmpA430.tmp\rjsec028.ZIP", decompressedFolder = "C:\Users\cofc_\AppData\Local\Temp\tmpA5E7.tmp", message = "rjsec028")~~RJStevensMusicPresentationCreator.Program~0000000167
2024-12-15 09:52:53.7535~DEBUG~-> DownloadFile(url = "https://faas-nyc1-2ef2e6cc.doserverless.co/api/v1/web/fn-dd7f8f6a-d32a-4f5e-ae7b-870dfb7963f3/downloads/bundle?id=000000000000033", filename = "C:\Users\cofc_\AppData\Local\Temp\tmpA6F1.tmp\rjsec030.ZIP", message = "rjsec030")~~RJStevensMusicPresentationCreator.Program~0000000168
2024-12-15 09:52:54.2966~DEBUG~download completed~~RJStevensMusicPresentationCreator.Program~0000000169
2024-12-15 09:52:54.2966~DEBUG~<- DownloadFile(url = "https://faas-nyc1-2ef2e6cc.doserverless.co/api/v1/web/fn-dd7f8f6a-d32a-4f5e-ae7b-870dfb7963f3/downloads/bundle?id=000000000000033", filename = "C:\Users\cofc_\AppData\Local\Temp\tmpA6F1.tmp\rjsec030.ZIP", message = "rjsec030")~~RJStevensMusicPresentationCreator.Program~0000000170
2024-12-15 09:52:54.3186~DEBUG~-> ExtractAllFromFile(zipFileName = "C:\Users\cofc_\AppData\Local\Temp\tmpA6F1.tmp\rjsec030.ZIP", decompressedFolder = "C:\Users\cofc_\AppData\Local\Temp\tmpA925.tmp", message = "rjsec030")~~RJStevensMusicPresentationCreator.Program~0000000171
2024-12-15 09:52:54.5253~DEBUG~extract completed~~RJStevensMusicPresentationCreator.Program~0000000172
2024-12-15 09:52:54.5283~DEBUG~<- ExtractAllFromFile(zipFileName = "C:\Users\cofc_\AppData\Local\Temp\tmpA6F1.tmp\rjsec030.ZIP", decompressedFolder = "C:\Users\cofc_\AppData\Local\Temp\tmpA925.tmp", message = "rjsec030")~~RJStevensMusicPresentationCreator.Program~0000000173
2024-12-15 09:52:54.6123~DEBUG~-> DownloadFile(url = "https://faas-nyc1-2ef2e6cc.doserverless.co/api/v1/web/fn-dd7f8f6a-d32a-4f5e-ae7b-870dfb7963f3/downloads/bundle?id=000000000000035", filename = "C:\Users\cofc_\AppData\Local\Temp\tmpAA4F.tmp\rjsec032.ZIP", message = "rjsec032")~~RJStevensMusicPresentationCreator.Program~0000000174
2024-12-15 09:52:55.0468~DEBUG~download completed~~RJStevensMusicPresentationCreator.Program~0000000175
2024-12-15 09:52:55.0468~DEBUG~<- DownloadFile(url = "https://faas-nyc1-2ef2e6cc.doserverless.co/api/v1/web/fn-dd7f8f6a-d32a-4f5e-ae7b-870dfb7963f3/downloads/bundle?id=000000000000035", filename = "C:\Users\cofc_\AppData\Local\Temp\tmpAA4F.tmp\rjsec032.ZIP", message = "rjsec032")~~RJStevensMusicPresentationCreator.Program~0000000176
2024-12-15 09:52:55.0598~DEBUG~-> ExtractAllFromFile(zipFileName = "C:\Users\cofc_\AppData\Local\Temp\tmpAA4F.tmp\rjsec032.ZIP", decompressedFolder = "C:\Users\cofc_\AppData\Local\Temp\tmpAC15.tmp", message = "rjsec032")~~RJStevensMusicPresentationCreator.Program~0000000177
2024-12-15 09:52:55.2648~DEBUG~extract completed~~RJStevensMusicPresentationCreator.Program~0000000178
2024-12-15 09:52:55.2648~DEBUG~<- ExtractAllFromFile(zipFileName = "C:\Users\cofc_\AppData\Local\Temp\tmpAA4F.tmp\rjsec032.ZIP", decompressedFolder = "C:\Users\cofc_\AppData\Local\Temp\tmpAC15.tmp", message = "rjsec032")~~RJStevensMusicPresentationCreator.Program~0000000179
2024-12-15 09:52:55.3198~DEBUG~-> DownloadFile(url = "https://faas-nyc1-2ef2e6cc.doserverless.co/api/v1/web/fn-dd7f8f6a-d32a-4f5e-ae7b-870dfb7963f3/downloads/bundle?id=000000000000038", filename = "C:\Users\cofc_\AppData\Local\Temp\tmpAD10.tmp\rjsec035.ZIP", message = "rjsec035")~~RJStevensMusicPresentationCreator.Program~0000000180
2024-12-15 09:52:55.7459~DEBUG~download completed~~RJStevensMusicPresentationCreator.Program~0000000181
2024-12-15 09:52:55.7459~DEBUG~<- DownloadFile(url = "https://faas-nyc1-2ef2e6cc.doserverless.co/api/v1/web/fn-dd7f8f6a-d32a-4f5e-ae7b-870dfb7963f3/downloads/bundle?id=000000000000038", filename = "C:\Users\cofc_\AppData\Local\Temp\tmpAD10.tmp\rjsec035.ZIP", message = "rjsec035")~~RJStevensMusicPresentationCreator.Program~0000000182
2024-12-15 09:52:55.7599~DEBUG~-> ExtractAllFromFile(zipFileName = "C:\Users\cofc_\AppData\Local\Temp\tmpAD10.tmp\rjsec035.ZIP", decompressedFolder = "C:\Users\cofc_\AppData\Local\Temp\tmpAED6.tmp", message = "rjsec035")~~RJStevensMusicPresentationCreator.Program~0000000183
2024-12-15 09:52:55.9592~DEBUG~extract completed~~RJStevensMusicPresentationCreator.Program~0000000184
2024-12-15 09:52:55.9592~DEBUG~<- ExtractAllFromFile(zipFileName = "C:\Users\cofc_\AppData\Local\Temp\tmpAD10.tmp\rjsec035.ZIP", decompressedFolder = "C:\Users\cofc_\AppData\Local\Temp\tmpAED6.tmp", message = "rjsec035")~~RJStevensMusicPresentationCreator.Program~0000000185
2024-12-15 09:52:56.0132~DEBUG~-> DownloadFile(url = "https://faas-nyc1-2ef2e6cc.doserverless.co/api/v1/web/fn-dd7f8f6a-d32a-4f5e-ae7b-870dfb7963f3/downloads/bundle?id=000000000000040", filename = "C:\Users\cofc_\AppData\Local\Temp\tmpAFD1.tmp\rjsec037.ZIP", message = "rjsec037")~~RJStevensMusicPresentationCreator.Program~0000000186
2024-12-15 09:52:56.4143~DEBUG~download completed~~RJStevensMusicPresentationCreator.Program~0000000187
2024-12-15 09:52:56.4143~DEBUG~<- DownloadFile(url = "https://faas-nyc1-2ef2e6cc.doserverless.co/api/v1/web/fn-dd7f8f6a-d32a-4f5e-ae7b-870dfb7963f3/downloads/bundle?id=000000000000040", filename = "C:\Users\cofc_\AppData\Local\Temp\tmpAFD1.tmp\rjsec037.ZIP", message = "rjsec037")~~RJStevensMusicPresentationCreator.Program~0000000188
2024-12-15 09:52:56.4323~DEBUG~-> ExtractAllFromFile(zipFileName = "C:\Users\cofc_\AppData\Local\Temp\tmpAFD1.tmp\rjsec037.ZIP", decompressedFolder = "C:\Users\cofc_\AppData\Local\Temp\tmpB178.tmp", message = "rjsec037")~~RJStevensMusicPresentationCreator.Program~0000000189
2024-12-15 09:52:56.6238~DEBUG~extract completed~~RJStevensMusicPresentationCreator.Program~0000000190
2024-12-15 09:52:56.6238~DEBUG~<- ExtractAllFromFile(zipFileName = "C:\Users\cofc_\AppData\Local\Temp\tmpAFD1.tmp\rjsec037.ZIP", decompressedFolder = "C:\Users\cofc_\AppData\Local\Temp\tmpB178.tmp", message = "rjsec037")~~RJStevensMusicPresentationCreator.Program~0000000191
2024-12-15 09:52:56.6768~DEBUG~-> DownloadFile(url = "https://faas-nyc1-2ef2e6cc.doserverless.co/api/v1/web/fn-dd7f8f6a-d32a-4f5e-ae7b-870dfb7963f3/downloads/bundle?id=000000000000042", filename = "C:\Users\cofc_\AppData\Local\Temp\tmpB263.tmp\rjsec039.ZIP", message = "rjsec039")~~RJStevensMusicPresentationCreator.Program~0000000192
2024-12-15 09:52:57.1129~DEBUG~download completed~~RJStevensMusicPresentationCreator.Program~0000000193
2024-12-15 09:52:57.1129~DEBUG~<- DownloadFile(url = "https://faas-nyc1-2ef2e6cc.doserverless.co/api/v1/web/fn-dd7f8f6a-d32a-4f5e-ae7b-870dfb7963f3/downloads/bundle?id=000000000000042", filename = "C:\Users\cofc_\AppData\Local\Temp\tmpB263.tmp\rjsec039.ZIP", message = "rjsec039")~~RJStevensMusicPresentationCreator.Program~0000000194
2024-12-15 09:52:57.1329~DEBUG~-> ExtractAllFromFile(zipFileName = "C:\Users\cofc_\AppData\Local\Temp\tmpB263.tmp\rjsec039.ZIP", decompressedFolder = "C:\Users\cofc_\AppData\Local\Temp\tmpB429.tmp", message = "rjsec039")~~RJStevensMusicPresentationCreator.Program~0000000195
2024-12-15 09:52:57.3854~DEBUG~extract completed~~RJStevensMusicPresentationCreator.Program~0000000196
2024-12-15 09:52:57.3854~DEBUG~<- ExtractAllFromFile(zipFileName = "C:\Users\cofc_\AppData\Local\Temp\tmpB263.tmp\rjsec039.ZIP", decompressedFolder = "C:\Users\cofc_\AppData\Local\Temp\tmpB429.tmp", message = "rjsec039")~~RJStevensMusicPresentationCreator.Program~0000000197
2024-12-15 09:52:57.4534~DEBUG~-> DownloadFile(url = "https://faas-nyc1-2ef2e6cc.doserverless.co/api/v1/web/fn-dd7f8f6a-d32a-4f5e-ae7b-870dfb7963f3/downloads/bundle?id=000000000000043", filename = "C:\Users\cofc_\AppData\Local\Temp\tmpB573.tmp\rjsec039.15.ZIP", message = "rjsec039.15")~~RJStevensMusicPresentationCreator.Program~0000000198
2024-12-15 09:52:57.9975~DEBUG~download completed~~RJStevensMusicPresentationCreator.Program~0000000199
2024-12-15 09:52:57.9975~DEBUG~<- DownloadFile(url = "https://faas-nyc1-2ef2e6cc.doserverless.co/api/v1/web/fn-dd7f8f6a-d32a-4f5e-ae7b-870dfb7963f3/downloads/bundle?id=000000000000043", filename = "C:\Users\cofc_\AppData\Local\Temp\tmpB573.tmp\rjsec039.15.ZIP", message = "rjsec039.15")~~RJStevensMusicPresentationCreator.Program~0000000200
2024-12-15 09:52:58.0165~DEBUG~-> ExtractAllFromFile(zipFileName = "C:\Users\cofc_\AppData\Local\Temp\tmpB573.tmp\rjsec039.15.ZIP", decompressedFolder = "C:\Users\cofc_\AppData\Local\Temp\tmpB7A6.tmp", message = "rjsec039.15")~~RJStevensMusicPresentationCreator.Program~0000000201
2024-12-15 09:52:58.3185~DEBUG~extract completed~~RJStevensMusicPresentationCreator.Program~0000000202
2024-12-15 09:52:58.3185~DEBUG~<- ExtractAllFromFile(zipFileName = "C:\Users\cofc_\AppData\Local\Temp\tmpB573.tmp\rjsec039.15.ZIP", decompressedFolder = "C:\Users\cofc_\AppData\Local\Temp\tmpB7A6.tmp", message = "rjsec039.15")~~RJStevensMusicPresentationCreator.Program~0000000203
2024-12-15 09:52:58.3985~DEBUG~-> DownloadFile(url = "https://faas-nyc1-2ef2e6cc.doserverless.co/api/v1/web/fn-dd7f8f6a-d32a-4f5e-ae7b-870dfb7963f3/downloads/bundle?id=000000000000045", filename = "C:\Users\cofc_\AppData\Local\Temp\tmpB91E.tmp\rjsec041.ZIP", message = "rjsec041")~~RJStevensMusicPresentationCreator.Program~0000000204
2024-12-15 09:52:58.8355~DEBUG~download completed~~RJStevensMusicPresentationCreator.Program~0000000205
2024-12-15 09:52:58.8355~DEBUG~<- DownloadFile(url = "https://faas-nyc1-2ef2e6cc.doserverless.co/api/v1/web/fn-dd7f8f6a-d32a-4f5e-ae7b-870dfb7963f3/downloads/bundle?id=000000000000045", filename = "C:\Users\cofc_\AppData\Local\Temp\tmpB91E.tmp\rjsec041.ZIP", message = "rjsec041")~~RJStevensMusicPresentationCreator.Program~0000000206
2024-12-15 09:52:58.8555~DEBUG~-> ExtractAllFromFile(zipFileName = "C:\Users\cofc_\AppData\Local\Temp\tmpB91E.tmp\rjsec041.ZIP", decompressedFolder = "C:\Users\cofc_\AppData\Local\Temp\tmpBAF4.tmp", message = "rjsec041")~~RJStevensMusicPresentationCreator.Program~0000000207
2024-12-15 09:52:59.0455~DEBUG~extract completed~~RJStevensMusicPresentationCreator.Program~0000000208
2024-12-15 09:52:59.0455~DEBUG~<- ExtractAllFromFile(zipFileName = "C:\Users\cofc_\AppData\Local\Temp\tmpB91E.tmp\rjsec041.ZIP", decompressedFolder = "C:\Users\cofc_\AppData\Local\Temp\tmpBAF4.tmp", message = "rjsec041")~~RJStevensMusicPresentationCreator.Program~0000000209
2024-12-15 09:52:59.0985~DEBUG~-> DownloadFile(url = "https://faas-nyc1-2ef2e6cc.doserverless.co/api/v1/web/fn-dd7f8f6a-d32a-4f5e-ae7b-870dfb7963f3/downloads/bundle?id=000000000000046", filename = "C:\Users\cofc_\AppData\Local\Temp\tmpBBDF.tmp\rjsec041.15.ZIP", message = "rjsec041.15")~~RJStevensMusicPresentationCreator.Program~0000000210
2024-12-15 09:52:59.5426~DEBUG~download completed~~RJStevensMusicPresentationCreator.Program~0000000211
2024-12-15 09:52:59.5426~DEBUG~<- DownloadFile(url = "https://faas-nyc1-2ef2e6cc.doserverless.co/api/v1/web/fn-dd7f8f6a-d32a-4f5e-ae7b-870dfb7963f3/downloads/bundle?id=000000000000046", filename = "C:\Users\cofc_\AppData\Local\Temp\tmpBBDF.tmp\rjsec041.15.ZIP", message = "rjsec041.15")~~RJStevensMusicPresentationCreator.Program~0000000212
2024-12-15 09:52:59.5606~DEBUG~-> ExtractAllFromFile(zipFileName = "C:\Users\cofc_\AppData\Local\Temp\tmpBBDF.tmp\rjsec041.15.ZIP", decompressedFolder = "C:\Users\cofc_\AppData\Local\Temp\tmpBDB5.tmp", message = "rjsec041.15")~~RJStevensMusicPresentationCreator.Program~0000000213
2024-12-15 09:52:59.7956~DEBUG~extract completed~~RJStevensMusicPresentationCreator.Program~0000000214
2024-12-15 09:52:59.7956~DEBUG~<- ExtractAllFromFile(zipFileName = "C:\Users\cofc_\AppData\Local\Temp\tmpBBDF.tmp\rjsec041.15.ZIP", decompressedFolder = "C:\Users\cofc_\AppData\Local\Temp\tmpBDB5.tmp", message = "rjsec041.15")~~RJStevensMusicPresentationCreator.Program~0000000215
2024-12-15 09:52:59.8556~DEBUG~-> DownloadFile(url = "https://faas-nyc1-2ef2e6cc.doserverless.co/api/v1/web/fn-dd7f8f6a-d32a-4f5e-ae7b-870dfb7963f3/downloads/bundle?id=000000000000048", filename = "C:\Users\cofc_\AppData\Local\Temp\tmpBEDF.tmp\rjsec043.ZIP", message = "rjsec043")~~RJStevensMusicPresentationCreator.Program~0000000216
2024-12-15 09:53:00.2827~DEBUG~download completed~~RJStevensMusicPresentationCreator.Program~0000000217
2024-12-15 09:53:00.2827~DEBUG~<- DownloadFile(url = "https://faas-nyc1-2ef2e6cc.doserverless.co/api/v1/web/fn-dd7f8f6a-d32a-4f5e-ae7b-870dfb7963f3/downloads/bundle?id=000000000000048", filename = "C:\Users\cofc_\AppData\Local\Temp\tmpBEDF.tmp\rjsec043.ZIP", message = "rjsec043")~~RJStevensMusicPresentationCreator.Program~0000000218
2024-12-15 09:53:00.2997~DEBUG~-> ExtractAllFromFile(zipFileName = "C:\Users\cofc_\AppData\Local\Temp\tmpBEDF.tmp\rjsec043.ZIP", decompressedFolder = "C:\Users\cofc_\AppData\Local\Temp\tmpC095.tmp", message = "rjsec043")~~RJStevensMusicPresentationCreator.Program~0000000219
2024-12-15 09:53:00.4937~DEBUG~extract completed~~RJStevensMusicPresentationCreator.Program~0000000220
2024-12-15 09:53:00.4967~DEBUG~<- ExtractAllFromFile(zipFileName = "C:\Users\cofc_\AppData\Local\Temp\tmpBEDF.tmp\rjsec043.ZIP", decompressedFolder = "C:\Users\cofc_\AppData\Local\Temp\tmpC095.tmp", message = "rjsec043")~~RJStevensMusicPresentationCreator.Program~0000000221
2024-12-15 09:53:00.5547~DEBUG~-> DownloadFile(url = "https://faas-nyc1-2ef2e6cc.doserverless.co/api/v1/web/fn-dd7f8f6a-d32a-4f5e-ae7b-870dfb7963f3/downloads/bundle?id=000000000000049", filename = "C:\Users\cofc_\AppData\Local\Temp\tmpC190.tmp\rjsec044.ZIP", message = "rjsec044")~~RJStevensMusicPresentationCreator.Program~0000000222
2024-12-15 09:53:01.3431~DEBUG~download completed~~RJStevensMusicPresentationCreator.Program~0000000223
2024-12-15 09:53:01.3431~DEBUG~<- DownloadFile(url = "https://faas-nyc1-2ef2e6cc.doserverless.co/api/v1/web/fn-dd7f8f6a-d32a-4f5e-ae7b-870dfb7963f3/downloads/bundle?id=000000000000049", filename = "C:\Users\cofc_\AppData\Local\Temp\tmpC190.tmp\rjsec044.ZIP", message = "rjsec044")~~RJStevensMusicPresentationCreator.Program~0000000224
2024-12-15 09:53:01.3601~DEBUG~-> ExtractAllFromFile(zipFileName = "C:\Users\cofc_\AppData\Local\Temp\tmpC190.tmp\rjsec044.ZIP", decompressedFolder = "C:\Users\cofc_\AppData\Local\Temp\tmpC4BE.tmp", message = "rjsec044")~~RJStevensMusicPresentationCreator.Program~0000000225
2024-12-15 09:53:01.6491~DEBUG~extract completed~~RJStevensMusicPresentationCreator.Program~0000000226
2024-12-15 09:53:01.6521~DEBUG~<- ExtractAllFromFile(zipFileName = "C:\Users\cofc_\AppData\Local\Temp\tmpC190.tmp\rjsec044.ZIP", decompressedFolder = "C:\Users\cofc_\AppData\Local\Temp\tmpC4BE.tmp", message = "rjsec044")~~RJStevensMusicPresentationCreator.Program~0000000227
2024-12-15 09:53:01.7251~DEBUG~-> DownloadFile(url = "https://faas-nyc1-2ef2e6cc.doserverless.co/api/v1/web/fn-dd7f8f6a-d32a-4f5e-ae7b-870dfb7963f3/downloads/bundle?id=000000000000050", filename = "C:\Users\cofc_\AppData\Local\Temp\tmpC626.tmp\rjsec045.ZIP", message = "rjsec045")~~RJStevensMusicPresentationCreator.Program~0000000228
2024-12-15 09:53:02.1431~DEBUG~download completed~~RJStevensMusicPresentationCreator.Program~0000000229
2024-12-15 09:53:02.1431~DEBUG~<- DownloadFile(url = "https://faas-nyc1-2ef2e6cc.doserverless.co/api/v1/web/fn-dd7f8f6a-d32a-4f5e-ae7b-870dfb7963f3/downloads/bundle?id=000000000000050", filename = "C:\Users\cofc_\AppData\Local\Temp\tmpC626.tmp\rjsec045.ZIP", message = "rjsec045")~~RJStevensMusicPresentationCreator.Program~0000000230
2024-12-15 09:53:02.1581~DEBUG~-> ExtractAllFromFile(zipFileName = "C:\Users\cofc_\AppData\Local\Temp\tmpC626.tmp\rjsec045.ZIP", decompressedFolder = "C:\Users\cofc_\AppData\Local\Temp\tmpC7DD.tmp", message = "rjsec045")~~RJStevensMusicPresentationCreator.Program~0000000231
2024-12-15 09:53:02.3424~DEBUG~extract completed~~RJStevensMusicPresentationCreator.Program~0000000232
2024-12-15 09:53:02.3424~DEBUG~<- ExtractAllFromFile(zipFileName = "C:\Users\cofc_\AppData\Local\Temp\tmpC626.tmp\rjsec045.ZIP", decompressedFolder = "C:\Users\cofc_\AppData\Local\Temp\tmpC7DD.tmp", message = "rjsec045")~~RJStevensMusicPresentationCreator.Program~0000000233
2024-12-15 09:53:02.3984~DEBUG~-> DownloadFile(url = "https://faas-nyc1-2ef2e6cc.doserverless.co/api/v1/web/fn-dd7f8f6a-d32a-4f5e-ae7b-870dfb7963f3/downloads/bundle?id=000000000000051", filename = "C:\Users\cofc_\AppData\Local\Temp\tmpC8C8.tmp\rjsec046.ZIP", message = "rjsec046")~~RJStevensMusicPresentationCreator.Program~0000000234
2024-12-15 09:53:02.9031~DEBUG~download completed~~RJStevensMusicPresentationCreator.Program~0000000235
2024-12-15 09:53:02.9031~DEBUG~<- DownloadFile(url = "https://faas-nyc1-2ef2e6cc.doserverless.co/api/v1/web/fn-dd7f8f6a-d32a-4f5e-ae7b-870dfb7963f3/downloads/bundle?id=000000000000051", filename = "C:\Users\cofc_\AppData\Local\Temp\tmpC8C8.tmp\rjsec046.ZIP", message = "rjsec046")~~RJStevensMusicPresentationCreator.Program~0000000236
2024-12-15 09:53:02.9171~DEBUG~-> ExtractAllFromFile(zipFileName = "C:\Users\cofc_\AppData\Local\Temp\tmpC8C8.tmp\rjsec046.ZIP", decompressedFolder = "C:\Users\cofc_\AppData\Local\Temp\tmpCADC.tmp", message = "rjsec046")~~RJStevensMusicPresentationCreator.Program~0000000237
2024-12-15 09:53:03.1811~DEBUG~extract completed~~RJStevensMusicPresentationCreator.Program~0000000238
2024-12-15 09:53:03.1841~DEBUG~<- ExtractAllFromFile(zipFileName = "C:\Users\cofc_\AppData\Local\Temp\tmpC8C8.tmp\rjsec046.ZIP", decompressedFolder = "C:\Users\cofc_\AppData\Local\Temp\tmpCADC.tmp", message = "rjsec046")~~RJStevensMusicPresentationCreator.Program~0000000239
2024-12-15 09:53:03.2501~DEBUG~-> DownloadFile(url = "https://faas-nyc1-2ef2e6cc.doserverless.co/api/v1/web/fn-dd7f8f6a-d32a-4f5e-ae7b-870dfb7963f3/downloads/bundle?id=000000000000052", filename = "C:\Users\cofc_\AppData\Local\Temp\tmpCC25.tmp\rjsec047.ZIP", message = "rjsec047")~~RJStevensMusicPresentationCreator.Program~0000000240
2024-12-15 09:53:03.6582~DEBUG~download completed~~RJStevensMusicPresentationCreator.Program~0000000241
2024-12-15 09:53:03.6582~DEBUG~<- DownloadFile(url = "https://faas-nyc1-2ef2e6cc.doserverless.co/api/v1/web/fn-dd7f8f6a-d32a-4f5e-ae7b-870dfb7963f3/downloads/bundle?id=000000000000052", filename = "C:\Users\cofc_\AppData\Local\Temp\tmpCC25.tmp\rjsec047.ZIP", message = "rjsec047")~~RJStevensMusicPresentationCreator.Program~0000000242
2024-12-15 09:53:03.6792~DEBUG~-> ExtractAllFromFile(zipFileName = "C:\Users\cofc_\AppData\Local\Temp\tmpCC25.tmp\rjsec047.ZIP", decompressedFolder = "C:\Users\cofc_\AppData\Local\Temp\tmpCDCC.tmp", message = "rjsec047")~~RJStevensMusicPresentationCreator.Program~0000000243
2024-12-15 09:53:03.8382~DEBUG~extract completed~~RJStevensMusicPresentationCreator.Program~0000000244
2024-12-15 09:53:03.8382~DEBUG~<- ExtractAllFromFile(zipFileName = "C:\Users\cofc_\AppData\Local\Temp\tmpCC25.tmp\rjsec047.ZIP", decompressedFolder = "C:\Users\cofc_\AppData\Local\Temp\tmpCDCC.tmp", message = "rjsec047")~~RJStevensMusicPresentationCreator.Program~0000000245
2024-12-15 09:53:03.8862~DEBUG~-> DownloadFile(url = "https://faas-nyc1-2ef2e6cc.doserverless.co/api/v1/web/fn-dd7f8f6a-d32a-4f5e-ae7b-870dfb7963f3/downloads/bundle?id=000000000000053", filename = "C:\Users\cofc_\AppData\Local\Temp\tmpCEA8.tmp\rjsec048.ZIP", message = "rjsec048")~~RJStevensMusicPresentationCreator.Program~0000000246
2024-12-15 09:53:04.3922~DEBUG~download completed~~RJStevensMusicPresentationCreator.Program~0000000247
2024-12-15 09:53:04.3922~DEBUG~<- DownloadFile(url = "https://faas-nyc1-2ef2e6cc.doserverless.co/api/v1/web/fn-dd7f8f6a-d32a-4f5e-ae7b-870dfb7963f3/downloads/bundle?id=000000000000053", filename = "C:\Users\cofc_\AppData\Local\Temp\tmpCEA8.tmp\rjsec048.ZIP", message = "rjsec048")~~RJStevensMusicPresentationCreator.Program~0000000248
2024-12-15 09:53:04.4082~DEBUG~-> ExtractAllFromFile(zipFileName = "C:\Users\cofc_\AppData\Local\Temp\tmpCEA8.tmp\rjsec048.ZIP", decompressedFolder = "C:\Users\cofc_\AppData\Local\Temp\tmpD0AD.tmp", message = "rjsec048")~~RJStevensMusicPresentationCreator.Program~0000000249
2024-12-15 09:53:04.6672~DEBUG~extract completed~~RJStevensMusicPresentationCreator.Program~0000000250
2024-12-15 09:53:04.6672~DEBUG~<- ExtractAllFromFile(zipFileName = "C:\Users\cofc_\AppData\Local\Temp\tmpCEA8.tmp\rjsec048.ZIP", decompressedFolder = "C:\Users\cofc_\AppData\Local\Temp\tmpD0AD.tmp", message = "rjsec048")~~RJStevensMusicPresentationCreator.Program~0000000251
2024-12-15 09:53:04.7342~DEBUG~-> DownloadFile(url = "https://faas-nyc1-2ef2e6cc.doserverless.co/api/v1/web/fn-dd7f8f6a-d32a-4f5e-ae7b-870dfb7963f3/downloads/bundle?id=000000000000054", filename = "C:\Users\cofc_\AppData\Local\Temp\tmpD1F6.tmp\rjsec049.ZIP", message = "rjsec049")~~RJStevensMusicPresentationCreator.Program~0000000252
2024-12-15 09:53:05.3173~DEBUG~download completed~~RJStevensMusicPresentationCreator.Program~0000000253
2024-12-15 09:53:05.3173~DEBUG~<- DownloadFile(url = "https://faas-nyc1-2ef2e6cc.doserverless.co/api/v1/web/fn-dd7f8f6a-d32a-4f5e-ae7b-870dfb7963f3/downloads/bundle?id=000000000000054", filename = "C:\Users\cofc_\AppData\Local\Temp\tmpD1F6.tmp\rjsec049.ZIP", message = "rjsec049")~~RJStevensMusicPresentationCreator.Program~0000000254
2024-12-15 09:53:05.3423~DEBUG~-> ExtractAllFromFile(zipFileName = "C:\Users\cofc_\AppData\Local\Temp\tmpD1F6.tmp\rjsec049.ZIP", decompressedFolder = "C:\Users\cofc_\AppData\Local\Temp\tmpD458.tmp", message = "rjsec049")~~RJStevensMusicPresentationCreator.Program~0000000255
2024-12-15 09:53:05.5666~DEBUG~extract completed~~RJStevensMusicPresentationCreator.Program~0000000256
2024-12-15 09:53:05.5666~DEBUG~<- ExtractAllFromFile(zipFileName = "C:\Users\cofc_\AppData\Local\Temp\tmpD1F6.tmp\rjsec049.ZIP", decompressedFolder = "C:\Users\cofc_\AppData\Local\Temp\tmpD458.tmp", message = "rjsec049")~~RJStevensMusicPresentationCreator.Program~0000000257
2024-12-15 09:53:05.6296~DEBUG~-> DownloadFile(url = "https://faas-nyc1-2ef2e6cc.doserverless.co/api/v1/web/fn-dd7f8f6a-d32a-4f5e-ae7b-870dfb7963f3/downloads/bundle?id=000000000000059", filename = "C:\Users\cofc_\AppData\Local\Temp\tmpD572.tmp\rjsec053.ZIP", message = "rjsec053")~~RJStevensMusicPresentationCreator.Program~0000000258
2024-12-15 09:53:06.0636~DEBUG~download completed~~RJStevensMusicPresentationCreator.Program~0000000259
2024-12-15 09:53:06.0636~DEBUG~<- DownloadFile(url = "https://faas-nyc1-2ef2e6cc.doserverless.co/api/v1/web/fn-dd7f8f6a-d32a-4f5e-ae7b-870dfb7963f3/downloads/bundle?id=000000000000059", filename = "C:\Users\cofc_\AppData\Local\Temp\tmpD572.tmp\rjsec053.ZIP", message = "rjsec053")~~RJStevensMusicPresentationCreator.Program~0000000260
2024-12-15 09:53:06.0786~DEBUG~-> ExtractAllFromFile(zipFileName = "C:\Users\cofc_\AppData\Local\Temp\tmpD572.tmp\rjsec053.ZIP", decompressedFolder = "C:\Users\cofc_\AppData\Local\Temp\tmpD739.tmp", message = "rjsec053")~~RJStevensMusicPresentationCreator.Program~0000000261
2024-12-15 09:53:06.3228~DEBUG~extract completed~~RJStevensMusicPresentationCreator.Program~0000000262
2024-12-15 09:53:06.3228~DEBUG~<- ExtractAllFromFile(zipFileName = "C:\Users\cofc_\AppData\Local\Temp\tmpD572.tmp\rjsec053.ZIP", decompressedFolder = "C:\Users\cofc_\AppData\Local\Temp\tmpD739.tmp", message = "rjsec053")~~RJStevensMusicPresentationCreator.Program~0000000263
2024-12-15 09:53:06.3918~DEBUG~-> DownloadFile(url = "https://faas-nyc1-2ef2e6cc.doserverless.co/api/v1/web/fn-dd7f8f6a-d32a-4f5e-ae7b-870dfb7963f3/downloads/bundle?id=000000000000060", filename = "C:\Users\cofc_\AppData\Local\Temp\tmpD872.tmp\rjsec054.ZIP", message = "rjsec054")~~RJStevensMusicPresentationCreator.Program~0000000264
2024-12-15 09:53:06.8453~DEBUG~download completed~~RJStevensMusicPresentationCreator.Program~0000000265
2024-12-15 09:53:06.8453~DEBUG~<- DownloadFile(url = "https://faas-nyc1-2ef2e6cc.doserverless.co/api/v1/web/fn-dd7f8f6a-d32a-4f5e-ae7b-870dfb7963f3/downloads/bundle?id=000000000000060", filename = "C:\Users\cofc_\AppData\Local\Temp\tmpD872.tmp\rjsec054.ZIP", message = "rjsec054")~~RJStevensMusicPresentationCreator.Program~0000000266
2024-12-15 09:53:06.8593~DEBUG~-> ExtractAllFromFile(zipFileName = "C:\Users\cofc_\AppData\Local\Temp\tmpD872.tmp\rjsec054.ZIP", decompressedFolder = "C:\Users\cofc_\AppData\Local\Temp\tmpDA48.tmp", message = "rjsec054")~~RJStevensMusicPresentationCreator.Program~0000000267
2024-12-15 09:53:07.1113~DEBUG~extract completed~~RJStevensMusicPresentationCreator.Program~0000000268
2024-12-15 09:53:07.1113~DEBUG~<- ExtractAllFromFile(zipFileName = "C:\Users\cofc_\AppData\Local\Temp\tmpD872.tmp\rjsec054.ZIP", decompressedFolder = "C:\Users\cofc_\AppData\Local\Temp\tmpDA48.tmp", message = "rjsec054")~~RJStevensMusicPresentationCreator.Program~0000000269
2024-12-15 09:53:07.1803~DEBUG~-> DownloadFile(url = "https://faas-nyc1-2ef2e6cc.doserverless.co/api/v1/web/fn-dd7f8f6a-d32a-4f5e-ae7b-870dfb7963f3/downloads/bundle?id=000000000000061", filename = "C:\Users\cofc_\AppData\Local\Temp\tmpDB81.tmp\rjsec055.ZIP", message = "rjsec055")~~RJStevensMusicPresentationCreator.Program~0000000270
2024-12-15 09:53:07.5753~DEBUG~download completed~~RJStevensMusicPresentationCreator.Program~0000000271
2024-12-15 09:53:07.5753~DEBUG~<- DownloadFile(url = "https://faas-nyc1-2ef2e6cc.doserverless.co/api/v1/web/fn-dd7f8f6a-d32a-4f5e-ae7b-870dfb7963f3/downloads/bundle?id=000000000000061", filename = "C:\Users\cofc_\AppData\Local\Temp\tmpDB81.tmp\rjsec055.ZIP", message = "rjsec055")~~RJStevensMusicPresentationCreator.Program~0000000272
2024-12-15 09:53:07.5903~DEBUG~-> ExtractAllFromFile(zipFileName = "C:\Users\cofc_\AppData\Local\Temp\tmpDB81.tmp\rjsec055.ZIP", decompressedFolder = "C:\Users\cofc_\AppData\Local\Temp\tmpDD28.tmp", message = "rjsec055")~~RJStevensMusicPresentationCreator.Program~0000000273
2024-12-15 09:53:07.7111~DEBUG~extract completed~~RJStevensMusicPresentationCreator.Program~0000000274
2024-12-15 09:53:07.7141~DEBUG~<- ExtractAllFromFile(zipFileName = "C:\Users\cofc_\AppData\Local\Temp\tmpDB81.tmp\rjsec055.ZIP", decompressedFolder = "C:\Users\cofc_\AppData\Local\Temp\tmpDD28.tmp", message = "rjsec055")~~RJStevensMusicPresentationCreator.Program~0000000275
2024-12-15 09:53:07.7541~DEBUG~-> DownloadFile(url = "https://faas-nyc1-2ef2e6cc.doserverless.co/api/v1/web/fn-dd7f8f6a-d32a-4f5e-ae7b-870dfb7963f3/downloads/bundle?id=000000000000062", filename = "C:\Users\cofc_\AppData\Local\Temp\tmpDDC5.tmp\rjsec056.ZIP", message = "rjsec056")~~RJStevensMusicPresentationCreator.Program~0000000276
2024-12-15 09:53:08.5381~DEBUG~download completed~~RJStevensMusicPresentationCreator.Program~0000000277
2024-12-15 09:53:08.5381~DEBUG~<- DownloadFile(url = "https://faas-nyc1-2ef2e6cc.doserverless.co/api/v1/web/fn-dd7f8f6a-d32a-4f5e-ae7b-870dfb7963f3/downloads/bundle?id=000000000000062", filename = "C:\Users\cofc_\AppData\Local\Temp\tmpDDC5.tmp\rjsec056.ZIP", message = "rjsec056")~~RJStevensMusicPresentationCreator.Program~0000000278
2024-12-15 09:53:08.5541~DEBUG~-> ExtractAllFromFile(zipFileName = "C:\Users\cofc_\AppData\Local\Temp\tmpDDC5.tmp\rjsec056.ZIP", decompressedFolder = "C:\Users\cofc_\AppData\Local\Temp\tmpE0E3.tmp", message = "rjsec056")~~RJStevensMusicPresentationCreator.Program~0000000279
2024-12-15 09:53:08.9103~DEBUG~extract completed~~RJStevensMusicPresentationCreator.Program~0000000280
2024-12-15 09:53:08.9103~DEBUG~<- ExtractAllFromFile(zipFileName = "C:\Users\cofc_\AppData\Local\Temp\tmpDDC5.tmp\rjsec056.ZIP", decompressedFolder = "C:\Users\cofc_\AppData\Local\Temp\tmpE0E3.tmp", message = "rjsec056")~~RJStevensMusicPresentationCreator.Program~0000000281
2024-12-15 09:53:08.9943~DEBUG~-> DownloadFile(url = "https://faas-nyc1-2ef2e6cc.doserverless.co/api/v1/web/fn-dd7f8f6a-d32a-4f5e-ae7b-870dfb7963f3/downloads/bundle?id=000000000000063", filename = "C:\Users\cofc_\AppData\Local\Temp\tmpE29A.tmp\rjsec057.ZIP", message = "rjsec057")~~RJStevensMusicPresentationCreator.Program~0000000282
2024-12-15 09:53:09.4113~DEBUG~download completed~~RJStevensMusicPresentationCreator.Program~0000000283
2024-12-15 09:53:09.4113~DEBUG~<- DownloadFile(url = "https://faas-nyc1-2ef2e6cc.doserverless.co/api/v1/web/fn-dd7f8f6a-d32a-4f5e-ae7b-870dfb7963f3/downloads/bundle?id=000000000000063", filename = "C:\Users\cofc_\AppData\Local\Temp\tmpE29A.tmp\rjsec057.ZIP", message = "rjsec057")~~RJStevensMusicPresentationCreator.Program~0000000284
2024-12-15 09:53:09.4263~DEBUG~-> ExtractAllFromFile(zipFileName = "C:\Users\cofc_\AppData\Local\Temp\tmpE29A.tmp\rjsec057.ZIP", decompressedFolder = "C:\Users\cofc_\AppData\Local\Temp\tmpE450.tmp", message = "rjsec057")~~RJStevensMusicPresentationCreator.Program~0000000285
2024-12-15 09:53:09.6269~DEBUG~extract completed~~RJStevensMusicPresentationCreator.Program~0000000286
2024-12-15 09:53:09.6269~DEBUG~<- ExtractAllFromFile(zipFileName = "C:\Users\cofc_\AppData\Local\Temp\tmpE29A.tmp\rjsec057.ZIP", decompressedFolder = "C:\Users\cofc_\AppData\Local\Temp\tmpE450.tmp", message = "rjsec057")~~RJStevensMusicPresentationCreator.Program~0000000287
2024-12-15 09:53:09.6909~DEBUG~-> DownloadFile(url = "https://faas-nyc1-2ef2e6cc.doserverless.co/api/v1/web/fn-dd7f8f6a-d32a-4f5e-ae7b-870dfb7963f3/downloads/bundle?id=000000000000065", filename = "C:\Users\cofc_\AppData\Local\Temp\tmpE55B.tmp\rjsec059.ZIP", message = "rjsec059")~~RJStevensMusicPresentationCreator.Program~0000000288
2024-12-15 09:53:10.1250~DEBUG~download completed~~RJStevensMusicPresentationCreator.Program~0000000289
2024-12-15 09:53:10.1250~DEBUG~<- DownloadFile(url = "https://faas-nyc1-2ef2e6cc.doserverless.co/api/v1/web/fn-dd7f8f6a-d32a-4f5e-ae7b-870dfb7963f3/downloads/bundle?id=000000000000065", filename = "C:\Users\cofc_\AppData\Local\Temp\tmpE55B.tmp\rjsec059.ZIP", message = "rjsec059")~~RJStevensMusicPresentationCreator.Program~0000000290
2024-12-15 09:53:10.1410~DEBUG~-> ExtractAllFromFile(zipFileName = "C:\Users\cofc_\AppData\Local\Temp\tmpE55B.tmp\rjsec059.ZIP", decompressedFolder = "C:\Users\cofc_\AppData\Local\Temp\tmpE721.tmp", message = "rjsec059")~~RJStevensMusicPresentationCreator.Program~0000000291
2024-12-15 09:53:10.3506~DEBUG~extract completed~~RJStevensMusicPresentationCreator.Program~0000000292
2024-12-15 09:53:10.3546~DEBUG~<- ExtractAllFromFile(zipFileName = "C:\Users\cofc_\AppData\Local\Temp\tmpE55B.tmp\rjsec059.ZIP", decompressedFolder = "C:\Users\cofc_\AppData\Local\Temp\tmpE721.tmp", message = "rjsec059")~~RJStevensMusicPresentationCreator.Program~0000000293
2024-12-15 09:53:10.4136~DEBUG~-> DownloadFile(url = "https://faas-nyc1-2ef2e6cc.doserverless.co/api/v1/web/fn-dd7f8f6a-d32a-4f5e-ae7b-870dfb7963f3/downloads/bundle?id=000000000000066", filename = "C:\Users\cofc_\AppData\Local\Temp\tmpE82C.tmp\rjsec060.ZIP", message = "rjsec060")~~RJStevensMusicPresentationCreator.Program~0000000294
2024-12-15 09:53:10.8726~DEBUG~download completed~~RJStevensMusicPresentationCreator.Program~0000000295
2024-12-15 09:53:10.8726~DEBUG~<- DownloadFile(url = "https://faas-nyc1-2ef2e6cc.doserverless.co/api/v1/web/fn-dd7f8f6a-d32a-4f5e-ae7b-870dfb7963f3/downloads/bundle?id=000000000000066", filename = "C:\Users\cofc_\AppData\Local\Temp\tmpE82C.tmp\rjsec060.ZIP", message = "rjsec060")~~RJStevensMusicPresentationCreator.Program~0000000296
2024-12-15 09:53:10.8876~DEBUG~-> ExtractAllFromFile(zipFileName = "C:\Users\cofc_\AppData\Local\Temp\tmpE82C.tmp\rjsec060.ZIP", decompressedFolder = "C:\Users\cofc_\AppData\Local\Temp\tmpEA11.tmp", message = "rjsec060")~~RJStevensMusicPresentationCreator.Program~0000000297
2024-12-15 09:53:11.1529~DEBUG~extract completed~~RJStevensMusicPresentationCreator.Program~0000000298
2024-12-15 09:53:11.1529~DEBUG~<- ExtractAllFromFile(zipFileName = "C:\Users\cofc_\AppData\Local\Temp\tmpE82C.tmp\rjsec060.ZIP", decompressedFolder = "C:\Users\cofc_\AppData\Local\Temp\tmpEA11.tmp", message = "rjsec060")~~RJStevensMusicPresentationCreator.Program~0000000299
2024-12-15 09:53:11.2199~DEBUG~-> DownloadFile(url = "https://faas-nyc1-2ef2e6cc.doserverless.co/api/v1/web/fn-dd7f8f6a-d32a-4f5e-ae7b-870dfb7963f3/downloads/bundle?id=000000000000067", filename = "C:\Users\cofc_\AppData\Local\Temp\tmpEB5A.tmp\rjsec061.ZIP", message = "rjsec061")~~RJStevensMusicPresentationCreator.Program~0000000300
2024-12-15 09:53:11.6419~DEBUG~download completed~~RJStevensMusicPresentationCreator.Program~0000000301
2024-12-15 09:53:11.6419~DEBUG~<- DownloadFile(url = "https://faas-nyc1-2ef2e6cc.doserverless.co/api/v1/web/fn-dd7f8f6a-d32a-4f5e-ae7b-870dfb7963f3/downloads/bundle?id=000000000000067", filename = "C:\Users\cofc_\AppData\Local\Temp\tmpEB5A.tmp\rjsec061.ZIP", message = "rjsec061")~~RJStevensMusicPresentationCreator.Program~0000000302
2024-12-15 09:53:11.6599~DEBUG~-> ExtractAllFromFile(zipFileName = "C:\Users\cofc_\AppData\Local\Temp\tmpEB5A.tmp\rjsec061.ZIP", decompressedFolder = "C:\Users\cofc_\AppData\Local\Temp\tmpED11.tmp", message = "rjsec061")~~RJStevensMusicPresentationCreator.Program~0000000303
2024-12-15 09:53:11.9099~DEBUG~extract completed~~RJStevensMusicPresentationCreator.Program~0000000304
2024-12-15 09:53:11.9099~DEBUG~<- ExtractAllFromFile(zipFileName = "C:\Users\cofc_\AppData\Local\Temp\tmpEB5A.tmp\rjsec061.ZIP", decompressedFolder = "C:\Users\cofc_\AppData\Local\Temp\tmpED11.tmp", message = "rjsec061")~~RJStevensMusicPresentationCreator.Program~0000000305
2024-12-15 09:53:11.9840~DEBUG~-> DownloadFile(url = "https://faas-nyc1-2ef2e6cc.doserverless.co/api/v1/web/fn-dd7f8f6a-d32a-4f5e-ae7b-870dfb7963f3/downloads/bundle?id=000000000000068", filename = "C:\Users\cofc_\AppData\Local\Temp\tmpEE5A.tmp\rjsec062.ZIP", message = "rjsec062")~~RJStevensMusicPresentationCreator.Program~0000000306
2024-12-15 09:53:12.4437~DEBUG~download completed~~RJStevensMusicPresentationCreator.Program~0000000307
2024-12-15 09:53:12.4437~DEBUG~<- DownloadFile(url = "https://faas-nyc1-2ef2e6cc.doserverless.co/api/v1/web/fn-dd7f8f6a-d32a-4f5e-ae7b-870dfb7963f3/downloads/bundle?id=000000000000068", filename = "C:\Users\cofc_\AppData\Local\Temp\tmpEE5A.tmp\rjsec062.ZIP", message = "rjsec062")~~RJStevensMusicPresentationCreator.Program~0000000308
2024-12-15 09:53:12.4597~DEBUG~-> ExtractAllFromFile(zipFileName = "C:\Users\cofc_\AppData\Local\Temp\tmpEE5A.tmp\rjsec062.ZIP", decompressedFolder = "C:\Users\cofc_\AppData\Local\Temp\tmpF030.tmp", message = "rjsec062")~~RJStevensMusicPresentationCreator.Program~0000000309
2024-12-15 09:53:12.6637~DEBUG~extract completed~~RJStevensMusicPresentationCreator.Program~0000000310
2024-12-15 09:53:12.6667~DEBUG~<- ExtractAllFromFile(zipFileName = "C:\Users\cofc_\AppData\Local\Temp\tmpEE5A.tmp\rjsec062.ZIP", decompressedFolder = "C:\Users\cofc_\AppData\Local\Temp\tmpF030.tmp", message = "rjsec062")~~RJStevensMusicPresentationCreator.Program~0000000311
2024-12-15 09:53:12.7237~DEBUG~-> DownloadFile(url = "https://faas-nyc1-2ef2e6cc.doserverless.co/api/v1/web/fn-dd7f8f6a-d32a-4f5e-ae7b-870dfb7963f3/downloads/bundle?id=000000000000069", filename = "C:\Users\cofc_\AppData\Local\Temp\tmpF13A.tmp\rjsec063.ZIP", message = "rjsec063")~~RJStevensMusicPresentationCreator.Program~0000000312
2024-12-15 09:53:13.1557~DEBUG~download completed~~RJStevensMusicPresentationCreator.Program~0000000313
2024-12-15 09:53:13.1557~DEBUG~<- DownloadFile(url = "https://faas-nyc1-2ef2e6cc.doserverless.co/api/v1/web/fn-dd7f8f6a-d32a-4f5e-ae7b-870dfb7963f3/downloads/bundle?id=000000000000069", filename = "C:\Users\cofc_\AppData\Local\Temp\tmpF13A.tmp\rjsec063.ZIP", message = "rjsec063")~~RJStevensMusicPresentationCreator.Program~0000000314
2024-12-15 09:53:13.1717~DEBUG~-> ExtractAllFromFile(zipFileName = "C:\Users\cofc_\AppData\Local\Temp\tmpF13A.tmp\rjsec063.ZIP", decompressedFolder = "C:\Users\cofc_\AppData\Local\Temp\tmpF300.tmp", message = "rjsec063")~~RJStevensMusicPresentationCreator.Program~0000000315
2024-12-15 09:53:13.4188~DEBUG~extract completed~~RJStevensMusicPresentationCreator.Program~0000000316
2024-12-15 09:53:13.4188~DEBUG~<- ExtractAllFromFile(zipFileName = "C:\Users\cofc_\AppData\Local\Temp\tmpF13A.tmp\rjsec063.ZIP", decompressedFolder = "C:\Users\cofc_\AppData\Local\Temp\tmpF300.tmp", message = "rjsec063")~~RJStevensMusicPresentationCreator.Program~0000000317
2024-12-15 09:53:13.4778~DEBUG~-> DownloadFile(url = "https://faas-nyc1-2ef2e6cc.doserverless.co/api/v1/web/fn-dd7f8f6a-d32a-4f5e-ae7b-870dfb7963f3/downloads/bundle?id=000000000000071", filename = "C:\Users\cofc_\AppData\Local\Temp\tmpF42A.tmp\rjsec065.ZIP", message = "rjsec065")~~RJStevensMusicPresentationCreator.Program~0000000318
2024-12-15 09:53:13.9318~DEBUG~download completed~~RJStevensMusicPresentationCreator.Program~0000000319
2024-12-15 09:53:13.9318~DEBUG~<- DownloadFile(url = "https://faas-nyc1-2ef2e6cc.doserverless.co/api/v1/web/fn-dd7f8f6a-d32a-4f5e-ae7b-870dfb7963f3/downloads/bundle?id=000000000000071", filename = "C:\Users\cofc_\AppData\Local\Temp\tmpF42A.tmp\rjsec065.ZIP", message = "rjsec065")~~RJStevensMusicPresentationCreator.Program~0000000320
2024-12-15 09:53:13.9318~DEBUG~-> ExtractAllFromFile(zipFileName = "C:\Users\cofc_\AppData\Local\Temp\tmpF42A.tmp\rjsec065.ZIP", decompressedFolder = "C:\Users\cofc_\AppData\Local\Temp\tmpF600.tmp", message = "rjsec065")~~RJStevensMusicPresentationCreator.Program~0000000321
2024-12-15 09:53:14.1668~DEBUG~extract completed~~RJStevensMusicPresentationCreator.Program~0000000322
2024-12-15 09:53:14.1668~DEBUG~<- ExtractAllFromFile(zipFileName = "C:\Users\cofc_\AppData\Local\Temp\tmpF42A.tmp\rjsec065.ZIP", decompressedFolder = "C:\Users\cofc_\AppData\Local\Temp\tmpF600.tmp", message = "rjsec065")~~RJStevensMusicPresentationCreator.Program~0000000323
2024-12-15 09:53:14.2288~DEBUG~-> DownloadFile(url = "https://faas-nyc1-2ef2e6cc.doserverless.co/api/v1/web/fn-dd7f8f6a-d32a-4f5e-ae7b-870dfb7963f3/downloads/bundle?id=000000000000074", filename = "C:\Users\cofc_\AppData\Local\Temp\tmpF71A.tmp\rjsec068.ZIP", message = "rjsec068")~~RJStevensMusicPresentationCreator.Program~0000000324
2024-12-15 09:53:14.9459~DEBUG~download completed~~RJStevensMusicPresentationCreator.Program~0000000325
2024-12-15 09:53:14.9459~DEBUG~<- DownloadFile(url = "https://faas-nyc1-2ef2e6cc.doserverless.co/api/v1/web/fn-dd7f8f6a-d32a-4f5e-ae7b-870dfb7963f3/downloads/bundle?id=000000000000074", filename = "C:\Users\cofc_\AppData\Local\Temp\tmpF71A.tmp\rjsec068.ZIP", message = "rjsec068")~~RJStevensMusicPresentationCreator.Program~0000000326
2024-12-15 09:53:14.9629~DEBUG~-> ExtractAllFromFile(zipFileName = "C:\Users\cofc_\AppData\Local\Temp\tmpF71A.tmp\rjsec068.ZIP", decompressedFolder = "C:\Users\cofc_\AppData\Local\Temp\tmpFA09.tmp", message = "rjsec068")~~RJStevensMusicPresentationCreator.Program~0000000327
2024-12-15 09:53:15.1667~DEBUG~extract completed~~RJStevensMusicPresentationCreator.Program~0000000328
2024-12-15 09:53:15.1667~DEBUG~<- ExtractAllFromFile(zipFileName = "C:\Users\cofc_\AppData\Local\Temp\tmpF71A.tmp\rjsec068.ZIP", decompressedFolder = "C:\Users\cofc_\AppData\Local\Temp\tmpFA09.tmp", message = "rjsec068")~~RJStevensMusicPresentationCreator.Program~0000000329
2024-12-15 09:53:15.2307~DEBUG~-> DownloadFile(url = "https://faas-nyc1-2ef2e6cc.doserverless.co/api/v1/web/fn-dd7f8f6a-d32a-4f5e-ae7b-870dfb7963f3/downloads/bundle?id=000000000000075", filename = "C:\Users\cofc_\AppData\Local\Temp\tmpFB14.tmp\rjsec069.ZIP", message = "rjsec069")~~RJStevensMusicPresentationCreator.Program~0000000330
2024-12-15 09:53:15.6798~DEBUG~download completed~~RJStevensMusicPresentationCreator.Program~0000000331
2024-12-15 09:53:15.6798~DEBUG~<- DownloadFile(url = "https://faas-nyc1-2ef2e6cc.doserverless.co/api/v1/web/fn-dd7f8f6a-d32a-4f5e-ae7b-870dfb7963f3/downloads/bundle?id=000000000000075", filename = "C:\Users\cofc_\AppData\Local\Temp\tmpFB14.tmp\rjsec069.ZIP", message = "rjsec069")~~RJStevensMusicPresentationCreator.Program~0000000332
2024-12-15 09:53:15.6938~DEBUG~-> ExtractAllFromFile(zipFileName = "C:\Users\cofc_\AppData\Local\Temp\tmpFB14.tmp\rjsec069.ZIP", decompressedFolder = "C:\Users\cofc_\AppData\Local\Temp\tmpFCDA.tmp", message = "rjsec069")~~RJStevensMusicPresentationCreator.Program~0000000333
2024-12-15 09:53:15.9237~DEBUG~extract completed~~RJStevensMusicPresentationCreator.Program~0000000334
2024-12-15 09:53:15.9237~DEBUG~<- ExtractAllFromFile(zipFileName = "C:\Users\cofc_\AppData\Local\Temp\tmpFB14.tmp\rjsec069.ZIP", decompressedFolder = "C:\Users\cofc_\AppData\Local\Temp\tmpFCDA.tmp", message = "rjsec069")~~RJStevensMusicPresentationCreator.Program~0000000335
2024-12-15 09:53:15.9907~DEBUG~-> DownloadFile(url = "https://faas-nyc1-2ef2e6cc.doserverless.co/api/v1/web/fn-dd7f8f6a-d32a-4f5e-ae7b-870dfb7963f3/downloads/bundle?id=000000000000076", filename = "C:\Users\cofc_\AppData\Local\Temp\tmpFE04.tmp\rjsec070.ZIP", message = "rjsec070")~~RJStevensMusicPresentationCreator.Program~0000000336
2024-12-15 09:53:16.4824~DEBUG~download completed~~RJStevensMusicPresentationCreator.Program~0000000337
2024-12-15 09:53:16.4824~DEBUG~<- DownloadFile(url = "https://faas-nyc1-2ef2e6cc.doserverless.co/api/v1/web/fn-dd7f8f6a-d32a-4f5e-ae7b-870dfb7963f3/downloads/bundle?id=000000000000076", filename = "C:\Users\cofc_\AppData\Local\Temp\tmpFE04.tmp\rjsec070.ZIP", message = "rjsec070")~~RJStevensMusicPresentationCreator.Program~0000000338
2024-12-15 09:53:16.5004~DEBUG~-> ExtractAllFromFile(zipFileName = "C:\Users\cofc_\AppData\Local\Temp\tmpFE04.tmp\rjsec070.ZIP", decompressedFolder = "C:\Users\cofc_\AppData\Local\Temp\tmp8.tmp", message = "rjsec070")~~RJStevensMusicPresentationCreator.Program~0000000339
2024-12-15 09:53:16.6924~DEBUG~extract completed~~RJStevensMusicPresentationCreator.Program~0000000340
2024-12-15 09:53:16.6924~DEBUG~<- ExtractAllFromFile(zipFileName = "C:\Users\cofc_\AppData\Local\Temp\tmpFE04.tmp\rjsec070.ZIP", decompressedFolder = "C:\Users\cofc_\AppData\Local\Temp\tmp8.tmp", message = "rjsec070")~~RJStevensMusicPresentationCreator.Program~0000000341
2024-12-15 09:53:16.7454~DEBUG~-> DownloadFile(url = "https://faas-nyc1-2ef2e6cc.doserverless.co/api/v1/web/fn-dd7f8f6a-d32a-4f5e-ae7b-870dfb7963f3/downloads/bundle?id=000000000000079", filename = "C:\Users\cofc_\AppData\Local\Temp\tmp103.tmp\rjsec073.ZIP", message = "rjsec073")~~RJStevensMusicPresentationCreator.Program~0000000342
2024-12-15 09:53:17.1964~DEBUG~download completed~~RJStevensMusicPresentationCreator.Program~0000000343
2024-12-15 09:53:17.1964~DEBUG~<- DownloadFile(url = "https://faas-nyc1-2ef2e6cc.doserverless.co/api/v1/web/fn-dd7f8f6a-d32a-4f5e-ae7b-870dfb7963f3/downloads/bundle?id=000000000000079", filename = "C:\Users\cofc_\AppData\Local\Temp\tmp103.tmp\rjsec073.ZIP", message = "rjsec073")~~RJStevensMusicPresentationCreator.Program~0000000344
2024-12-15 09:53:17.2164~DEBUG~-> ExtractAllFromFile(zipFileName = "C:\Users\cofc_\AppData\Local\Temp\tmp103.tmp\rjsec073.ZIP", decompressedFolder = "C:\Users\cofc_\AppData\Local\Temp\tmp2D9.tmp", message = "rjsec073")~~RJStevensMusicPresentationCreator.Program~0000000345
2024-12-15 09:53:17.4823~DEBUG~extract completed~~RJStevensMusicPresentationCreator.Program~0000000346
2024-12-15 09:53:17.4823~DEBUG~<- ExtractAllFromFile(zipFileName = "C:\Users\cofc_\AppData\Local\Temp\tmp103.tmp\rjsec073.ZIP", decompressedFolder = "C:\Users\cofc_\AppData\Local\Temp\tmp2D9.tmp", message = "rjsec073")~~RJStevensMusicPresentationCreator.Program~0000000347
2024-12-15 09:53:17.5563~DEBUG~-> DownloadFile(url = "https://faas-nyc1-2ef2e6cc.doserverless.co/api/v1/web/fn-dd7f8f6a-d32a-4f5e-ae7b-870dfb7963f3/downloads/bundle?id=000000000000080", filename = "C:\Users\cofc_\AppData\Local\Temp\tmp422.tmp\rjsec074.ZIP", message = "rjsec074")~~RJStevensMusicPresentationCreator.Program~0000000348
2024-12-15 09:53:18.2623~DEBUG~download completed~~RJStevensMusicPresentationCreator.Program~0000000349
2024-12-15 09:53:18.2623~DEBUG~<- DownloadFile(url = "https://faas-nyc1-2ef2e6cc.doserverless.co/api/v1/web/fn-dd7f8f6a-d32a-4f5e-ae7b-870dfb7963f3/downloads/bundle?id=000000000000080", filename = "C:\Users\cofc_\AppData\Local\Temp\tmp422.tmp\rjsec074.ZIP", message = "rjsec074")~~RJStevensMusicPresentationCreator.Program~0000000350
2024-12-15 09:53:18.2787~DEBUG~-> ExtractAllFromFile(zipFileName = "C:\Users\cofc_\AppData\Local\Temp\tmp422.tmp\rjsec074.ZIP", decompressedFolder = "C:\Users\cofc_\AppData\Local\Temp\tmp702.tmp", message = "rjsec074")~~RJStevensMusicPresentationCreator.Program~0000000351
2024-12-15 09:53:18.4477~DEBUG~extract completed~~RJStevensMusicPresentationCreator.Program~0000000352
2024-12-15 09:53:18.4477~DEBUG~<- ExtractAllFromFile(zipFileName = "C:\Users\cofc_\AppData\Local\Temp\tmp422.tmp\rjsec074.ZIP", decompressedFolder = "C:\Users\cofc_\AppData\Local\Temp\tmp702.tmp", message = "rjsec074")~~RJStevensMusicPresentationCreator.Program~0000000353
2024-12-15 09:53:18.4987~DEBUG~-> DownloadFile(url = "https://faas-nyc1-2ef2e6cc.doserverless.co/api/v1/web/fn-dd7f8f6a-d32a-4f5e-ae7b-870dfb7963f3/downloads/bundle?id=000000000000081", filename = "C:\Users\cofc_\AppData\Local\Temp\tmp7DD.tmp\rjsec075.ZIP", message = "rjsec075")~~RJStevensMusicPresentationCreator.Program~0000000354
2024-12-15 09:53:19.0197~DEBUG~download completed~~RJStevensMusicPresentationCreator.Program~0000000355
2024-12-15 09:53:19.0197~DEBUG~<- DownloadFile(url = "https://faas-nyc1-2ef2e6cc.doserverless.co/api/v1/web/fn-dd7f8f6a-d32a-4f5e-ae7b-870dfb7963f3/downloads/bundle?id=000000000000081", filename = "C:\Users\cofc_\AppData\Local\Temp\tmp7DD.tmp\rjsec075.ZIP", message = "rjsec075")~~RJStevensMusicPresentationCreator.Program~0000000356
2024-12-15 09:53:19.0357~DEBUG~-> ExtractAllFromFile(zipFileName = "C:\Users\cofc_\AppData\Local\Temp\tmp7DD.tmp\rjsec075.ZIP", decompressedFolder = "C:\Users\cofc_\AppData\Local\Temp\tmp9F2.tmp", message = "rjsec075")~~RJStevensMusicPresentationCreator.Program~0000000357
2024-12-15 09:53:19.2408~DEBUG~extract completed~~RJStevensMusicPresentationCreator.Program~0000000358
2024-12-15 09:53:19.2408~DEBUG~<- ExtractAllFromFile(zipFileName = "C:\Users\cofc_\AppData\Local\Temp\tmp7DD.tmp\rjsec075.ZIP", decompressedFolder = "C:\Users\cofc_\AppData\Local\Temp\tmp9F2.tmp", message = "rjsec075")~~RJStevensMusicPresentationCreator.Program~0000000359
2024-12-15 09:53:19.3008~DEBUG~-> DownloadFile(url = "https://faas-nyc1-2ef2e6cc.doserverless.co/api/v1/web/fn-dd7f8f6a-d32a-4f5e-ae7b-870dfb7963f3/downloads/bundle?id=000000000000082", filename = "C:\Users\cofc_\AppData\Local\Temp\tmpAFC.tmp\rjsec076.ZIP", message = "rjsec076")~~RJStevensMusicPresentationCreator.Program~0000000360
2024-12-15 09:53:19.7238~DEBUG~download completed~~RJStevensMusicPresentationCreator.Program~0000000361
2024-12-15 09:53:19.7238~DEBUG~<- DownloadFile(url = "https://faas-nyc1-2ef2e6cc.doserverless.co/api/v1/web/fn-dd7f8f6a-d32a-4f5e-ae7b-870dfb7963f3/downloads/bundle?id=000000000000082", filename = "C:\Users\cofc_\AppData\Local\Temp\tmpAFC.tmp\rjsec076.ZIP", message = "rjsec076")~~RJStevensMusicPresentationCreator.Program~0000000362
2024-12-15 09:53:19.7368~DEBUG~-> ExtractAllFromFile(zipFileName = "C:\Users\cofc_\AppData\Local\Temp\tmpAFC.tmp\rjsec076.ZIP", decompressedFolder = "C:\Users\cofc_\AppData\Local\Temp\tmpCB3.tmp", message = "rjsec076")~~RJStevensMusicPresentationCreator.Program~0000000363
2024-12-15 09:53:19.9378~DEBUG~extract completed~~RJStevensMusicPresentationCreator.Program~0000000364
2024-12-15 09:53:19.9378~DEBUG~<- ExtractAllFromFile(zipFileName = "C:\Users\cofc_\AppData\Local\Temp\tmpAFC.tmp\rjsec076.ZIP", decompressedFolder = "C:\Users\cofc_\AppData\Local\Temp\tmpCB3.tmp", message = "rjsec076")~~RJStevensMusicPresentationCreator.Program~0000000365
2024-12-15 09:53:19.9928~DEBUG~-> DownloadFile(url = "https://faas-nyc1-2ef2e6cc.doserverless.co/api/v1/web/fn-dd7f8f6a-d32a-4f5e-ae7b-870dfb7963f3/downloads/bundle?id=000000000000083", filename = "C:\Users\cofc_\AppData\Local\Temp\tmpDAE.tmp\rjsec077.ZIP", message = "rjsec077")~~RJStevensMusicPresentationCreator.Program~0000000366
2024-12-15 09:53:20.5195~DEBUG~download completed~~RJStevensMusicPresentationCreator.Program~0000000367
2024-12-15 09:53:20.5195~DEBUG~<- DownloadFile(url = "https://faas-nyc1-2ef2e6cc.doserverless.co/api/v1/web/fn-dd7f8f6a-d32a-4f5e-ae7b-870dfb7963f3/downloads/bundle?id=000000000000083", filename = "C:\Users\cofc_\AppData\Local\Temp\tmpDAE.tmp\rjsec077.ZIP", message = "rjsec077")~~RJStevensMusicPresentationCreator.Program~0000000368
2024-12-15 09:53:20.5355~DEBUG~-> ExtractAllFromFile(zipFileName = "C:\Users\cofc_\AppData\Local\Temp\tmpDAE.tmp\rjsec077.ZIP", decompressedFolder = "C:\Users\cofc_\AppData\Local\Temp\tmpFD2.tmp", message = "rjsec077")~~RJStevensMusicPresentationCreator.Program~0000000369
2024-12-15 09:53:20.8025~DEBUG~extract completed~~RJStevensMusicPresentationCreator.Program~0000000370
2024-12-15 09:53:20.8025~DEBUG~<- ExtractAllFromFile(zipFileName = "C:\Users\cofc_\AppData\Local\Temp\tmpDAE.tmp\rjsec077.ZIP", decompressedFolder = "C:\Users\cofc_\AppData\Local\Temp\tmpFD2.tmp", message = "rjsec077")~~RJStevensMusicPresentationCreator.Program~0000000371
2024-12-15 09:53:20.8765~DEBUG~-> DownloadFile(url = "https://faas-nyc1-2ef2e6cc.doserverless.co/api/v1/web/fn-dd7f8f6a-d32a-4f5e-ae7b-870dfb7963f3/downloads/bundle?id=000000000000084", filename = "C:\Users\cofc_\AppData\Local\Temp\tmp112A.tmp\rjsec078.ZIP", message = "rjsec078")~~RJStevensMusicPresentationCreator.Program~0000000372
2024-12-15 09:53:21.2996~DEBUG~download completed~~RJStevensMusicPresentationCreator.Program~0000000373
2024-12-15 09:53:21.2996~DEBUG~<- DownloadFile(url = "https://faas-nyc1-2ef2e6cc.doserverless.co/api/v1/web/fn-dd7f8f6a-d32a-4f5e-ae7b-870dfb7963f3/downloads/bundle?id=000000000000084", filename = "C:\Users\cofc_\AppData\Local\Temp\tmp112A.tmp\rjsec078.ZIP", message = "rjsec078")~~RJStevensMusicPresentationCreator.Program~0000000374
2024-12-15 09:53:21.3166~DEBUG~-> ExtractAllFromFile(zipFileName = "C:\Users\cofc_\AppData\Local\Temp\tmp112A.tmp\rjsec078.ZIP", decompressedFolder = "C:\Users\cofc_\AppData\Local\Temp\tmp12E1.tmp", message = "rjsec078")~~RJStevensMusicPresentationCreator.Program~0000000375
2024-12-15 09:53:21.5266~DEBUG~extract completed~~RJStevensMusicPresentationCreator.Program~0000000376
2024-12-15 09:53:21.5266~DEBUG~<- ExtractAllFromFile(zipFileName = "C:\Users\cofc_\AppData\Local\Temp\tmp112A.tmp\rjsec078.ZIP", decompressedFolder = "C:\Users\cofc_\AppData\Local\Temp\tmp12E1.tmp", message = "rjsec078")~~RJStevensMusicPresentationCreator.Program~0000000377
2024-12-15 09:53:21.5856~DEBUG~-> DownloadFile(url = "https://faas-nyc1-2ef2e6cc.doserverless.co/api/v1/web/fn-dd7f8f6a-d32a-4f5e-ae7b-870dfb7963f3/downloads/bundle?id=000000000000085", filename = "C:\Users\cofc_\AppData\Local\Temp\tmp13EC.tmp\rjsec079.ZIP", message = "rjsec079")~~RJStevensMusicPresentationCreator.Program~0000000378
2024-12-15 09:53:22.0273~DEBUG~download completed~~RJStevensMusicPresentationCreator.Program~0000000379
2024-12-15 09:53:22.0273~DEBUG~<- DownloadFile(url = "https://faas-nyc1-2ef2e6cc.doserverless.co/api/v1/web/fn-dd7f8f6a-d32a-4f5e-ae7b-870dfb7963f3/downloads/bundle?id=000000000000085", filename = "C:\Users\cofc_\AppData\Local\Temp\tmp13EC.tmp\rjsec079.ZIP", message = "rjsec079")~~RJStevensMusicPresentationCreator.Program~0000000380
2024-12-15 09:53:22.0463~DEBUG~-> ExtractAllFromFile(zipFileName = "C:\Users\cofc_\AppData\Local\Temp\tmp13EC.tmp\rjsec079.ZIP", decompressedFolder = "C:\Users\cofc_\AppData\Local\Temp\tmp15C1.tmp", message = "rjsec079")~~RJStevensMusicPresentationCreator.Program~0000000381
2024-12-15 09:53:22.2693~DEBUG~extract completed~~RJStevensMusicPresentationCreator.Program~0000000382
2024-12-15 09:53:22.2693~DEBUG~<- ExtractAllFromFile(zipFileName = "C:\Users\cofc_\AppData\Local\Temp\tmp13EC.tmp\rjsec079.ZIP", decompressedFolder = "C:\Users\cofc_\AppData\Local\Temp\tmp15C1.tmp", message = "rjsec079")~~RJStevensMusicPresentationCreator.Program~0000000383
2024-12-15 09:53:22.3293~DEBUG~-> DownloadFile(url = "https://faas-nyc1-2ef2e6cc.doserverless.co/api/v1/web/fn-dd7f8f6a-d32a-4f5e-ae7b-870dfb7963f3/downloads/bundle?id=000000000000086", filename = "C:\Users\cofc_\AppData\Local\Temp\tmp16DC.tmp\rjsec080.ZIP", message = "rjsec080")~~RJStevensMusicPresentationCreator.Program~0000000384
2024-12-15 09:53:22.7693~DEBUG~download completed~~RJStevensMusicPresentationCreator.Program~0000000385
2024-12-15 09:53:22.7693~DEBUG~<- DownloadFile(url = "https://faas-nyc1-2ef2e6cc.doserverless.co/api/v1/web/fn-dd7f8f6a-d32a-4f5e-ae7b-870dfb7963f3/downloads/bundle?id=000000000000086", filename = "C:\Users\cofc_\AppData\Local\Temp\tmp16DC.tmp\rjsec080.ZIP", message = "rjsec080")~~RJStevensMusicPresentationCreator.Program~0000000386
2024-12-15 09:53:22.7883~DEBUG~-> ExtractAllFromFile(zipFileName = "C:\Users\cofc_\AppData\Local\Temp\tmp16DC.tmp\rjsec080.ZIP", decompressedFolder = "C:\Users\cofc_\AppData\Local\Temp\tmp18A2.tmp", message = "rjsec080")~~RJStevensMusicPresentationCreator.Program~0000000387
2024-12-15 09:53:22.9953~DEBUG~extract completed~~RJStevensMusicPresentationCreator.Program~0000000388
2024-12-15 09:53:22.9953~DEBUG~<- ExtractAllFromFile(zipFileName = "C:\Users\cofc_\AppData\Local\Temp\tmp16DC.tmp\rjsec080.ZIP", decompressedFolder = "C:\Users\cofc_\AppData\Local\Temp\tmp18A2.tmp", message = "rjsec080")~~RJStevensMusicPresentationCreator.Program~0000000389
2024-12-15 09:53:23.0613~DEBUG~-> DownloadFile(url = "https://faas-nyc1-2ef2e6cc.doserverless.co/api/v1/web/fn-dd7f8f6a-d32a-4f5e-ae7b-870dfb7963f3/downloads/bundle?id=000000000000087", filename = "C:\Users\cofc_\AppData\Local\Temp\tmp19BC.tmp\rjsec081.ZIP", message = "rjsec081")~~RJStevensMusicPresentationCreator.Program~0000000390
2024-12-15 09:53:23.4914~DEBUG~download completed~~RJStevensMusicPresentationCreator.Program~0000000391
2024-12-15 09:53:23.4914~DEBUG~<- DownloadFile(url = "https://faas-nyc1-2ef2e6cc.doserverless.co/api/v1/web/fn-dd7f8f6a-d32a-4f5e-ae7b-870dfb7963f3/downloads/bundle?id=000000000000087", filename = "C:\Users\cofc_\AppData\Local\Temp\tmp19BC.tmp\rjsec081.ZIP", message = "rjsec081")~~RJStevensMusicPresentationCreator.Program~0000000392
2024-12-15 09:53:23.5074~DEBUG~-> ExtractAllFromFile(zipFileName = "C:\Users\cofc_\AppData\Local\Temp\tmp19BC.tmp\rjsec081.ZIP", decompressedFolder = "C:\Users\cofc_\AppData\Local\Temp\tmp1B72.tmp", message = "rjsec081")~~RJStevensMusicPresentationCreator.Program~0000000393
2024-12-15 09:53:23.7373~DEBUG~extract completed~~RJStevensMusicPresentationCreator.Program~0000000394
2024-12-15 09:53:23.7373~DEBUG~<- ExtractAllFromFile(zipFileName = "C:\Users\cofc_\AppData\Local\Temp\tmp19BC.tmp\rjsec081.ZIP", decompressedFolder = "C:\Users\cofc_\AppData\Local\Temp\tmp1B72.tmp", message = "rjsec081")~~RJStevensMusicPresentationCreator.Program~0000000395
2024-12-15 09:53:23.8043~DEBUG~-> DownloadFile(url = "https://faas-nyc1-2ef2e6cc.doserverless.co/api/v1/web/fn-dd7f8f6a-d32a-4f5e-ae7b-870dfb7963f3/downloads/bundle?id=000000000000089", filename = "C:\Users\cofc_\AppData\Local\Temp\tmp1C9C.tmp\rjsec083.ZIP", message = "rjsec083")~~RJStevensMusicPresentationCreator.Program~0000000396
2024-12-15 09:53:24.2553~DEBUG~download completed~~RJStevensMusicPresentationCreator.Program~0000000397
2024-12-15 09:53:24.2553~DEBUG~<- DownloadFile(url = "https://faas-nyc1-2ef2e6cc.doserverless.co/api/v1/web/fn-dd7f8f6a-d32a-4f5e-ae7b-870dfb7963f3/downloads/bundle?id=000000000000089", filename = "C:\Users\cofc_\AppData\Local\Temp\tmp1C9C.tmp\rjsec083.ZIP", message = "rjsec083")~~RJStevensMusicPresentationCreator.Program~0000000398
2024-12-15 09:53:24.2643~DEBUG~-> ExtractAllFromFile(zipFileName = "C:\Users\cofc_\AppData\Local\Temp\tmp1C9C.tmp\rjsec083.ZIP", decompressedFolder = "C:\Users\cofc_\AppData\Local\Temp\tmp1E72.tmp", message = "rjsec083")~~RJStevensMusicPresentationCreator.Program~0000000399
2024-12-15 09:53:24.4718~DEBUG~extract completed~~RJStevensMusicPresentationCreator.Program~0000000400
2024-12-15 09:53:24.4718~DEBUG~<- ExtractAllFromFile(zipFileName = "C:\Users\cofc_\AppData\Local\Temp\tmp1C9C.tmp\rjsec083.ZIP", decompressedFolder = "C:\Users\cofc_\AppData\Local\Temp\tmp1E72.tmp", message = "rjsec083")~~RJStevensMusicPresentationCreator.Program~0000000401
2024-12-15 09:53:24.5318~DEBUG~-> DownloadFile(url = "https://faas-nyc1-2ef2e6cc.doserverless.co/api/v1/web/fn-dd7f8f6a-d32a-4f5e-ae7b-870dfb7963f3/downloads/bundle?id=000000000000090", filename = "C:\Users\cofc_\AppData\Local\Temp\tmp1F7D.tmp\rjsec084.ZIP", message = "rjsec084")~~RJStevensMusicPresentationCreator.Program~0000000402
2024-12-15 09:53:24.9578~DEBUG~download completed~~RJStevensMusicPresentationCreator.Program~0000000403
2024-12-15 09:53:24.9578~DEBUG~<- DownloadFile(url = "https://faas-nyc1-2ef2e6cc.doserverless.co/api/v1/web/fn-dd7f8f6a-d32a-4f5e-ae7b-870dfb7963f3/downloads/bundle?id=000000000000090", filename = "C:\Users\cofc_\AppData\Local\Temp\tmp1F7D.tmp\rjsec084.ZIP", message = "rjsec084")~~RJStevensMusicPresentationCreator.Program~0000000404
2024-12-15 09:53:24.9758~DEBUG~-> ExtractAllFromFile(zipFileName = "C:\Users\cofc_\AppData\Local\Temp\tmp1F7D.tmp\rjsec084.ZIP", decompressedFolder = "C:\Users\cofc_\AppData\Local\Temp\tmp2133.tmp", message = "rjsec084")~~RJStevensMusicPresentationCreator.Program~0000000405
2024-12-15 09:53:25.1648~DEBUG~extract completed~~RJStevensMusicPresentationCreator.Program~0000000406
2024-12-15 09:53:25.1678~DEBUG~<- ExtractAllFromFile(zipFileName = "C:\Users\cofc_\AppData\Local\Temp\tmp1F7D.tmp\rjsec084.ZIP", decompressedFolder = "C:\Users\cofc_\AppData\Local\Temp\tmp2133.tmp", message = "rjsec084")~~RJStevensMusicPresentationCreator.Program~0000000407
2024-12-15 09:53:25.2228~DEBUG~-> DownloadFile(url = "https://faas-nyc1-2ef2e6cc.doserverless.co/api/v1/web/fn-dd7f8f6a-d32a-4f5e-ae7b-870dfb7963f3/downloads/bundle?id=000000000000091", filename = "C:\Users\cofc_\AppData\Local\Temp\tmp222E.tmp\rjsec085.ZIP", message = "rjsec085")~~RJStevensMusicPresentationCreator.Program~0000000408
2024-12-15 09:53:25.7059~DEBUG~download completed~~RJStevensMusicPresentationCreator.Program~0000000409
2024-12-15 09:53:25.7059~DEBUG~<- DownloadFile(url = "https://faas-nyc1-2ef2e6cc.doserverless.co/api/v1/web/fn-dd7f8f6a-d32a-4f5e-ae7b-870dfb7963f3/downloads/bundle?id=000000000000091", filename = "C:\Users\cofc_\AppData\Local\Temp\tmp222E.tmp\rjsec085.ZIP", message = "rjsec085")~~RJStevensMusicPresentationCreator.Program~0000000410
2024-12-15 09:53:25.7279~DEBUG~-> ExtractAllFromFile(zipFileName = "C:\Users\cofc_\AppData\Local\Temp\tmp222E.tmp\rjsec085.ZIP", decompressedFolder = "C:\Users\cofc_\AppData\Local\Temp\tmp2423.tmp", message = "rjsec085")~~RJStevensMusicPresentationCreator.Program~0000000411
2024-12-15 09:53:26.0232~DEBUG~extract completed~~RJStevensMusicPresentationCreator.Program~0000000412
2024-12-15 09:53:26.0262~DEBUG~<- ExtractAllFromFile(zipFileName = "C:\Users\cofc_\AppData\Local\Temp\tmp222E.tmp\rjsec085.ZIP", decompressedFolder = "C:\Users\cofc_\AppData\Local\Temp\tmp2423.tmp", message = "rjsec085")~~RJStevensMusicPresentationCreator.Program~0000000413
2024-12-15 09:53:26.0972~DEBUG~-> DownloadFile(url = "https://faas-nyc1-2ef2e6cc.doserverless.co/api/v1/web/fn-dd7f8f6a-d32a-4f5e-ae7b-870dfb7963f3/downloads/bundle?id=000000000000093", filename = "C:\Users\cofc_\AppData\Local\Temp\tmp259B.tmp\rjsec087.ZIP", message = "rjsec087")~~RJStevensMusicPresentationCreator.Program~0000000414
2024-12-15 09:53:26.5482~DEBUG~download completed~~RJStevensMusicPresentationCreator.Program~0000000415
2024-12-15 09:53:26.5482~DEBUG~<- DownloadFile(url = "https://faas-nyc1-2ef2e6cc.doserverless.co/api/v1/web/fn-dd7f8f6a-d32a-4f5e-ae7b-870dfb7963f3/downloads/bundle?id=000000000000093", filename = "C:\Users\cofc_\AppData\Local\Temp\tmp259B.tmp\rjsec087.ZIP", message = "rjsec087")~~RJStevensMusicPresentationCreator.Program~0000000416
2024-12-15 09:53:26.5652~DEBUG~-> ExtractAllFromFile(zipFileName = "C:\Users\cofc_\AppData\Local\Temp\tmp259B.tmp\rjsec087.ZIP", decompressedFolder = "C:\Users\cofc_\AppData\Local\Temp\tmp2771.tmp", message = "rjsec087")~~RJStevensMusicPresentationCreator.Program~0000000417
2024-12-15 09:53:26.8549~DEBUG~extract completed~~RJStevensMusicPresentationCreator.Program~0000000418
2024-12-15 09:53:26.8549~DEBUG~<- ExtractAllFromFile(zipFileName = "C:\Users\cofc_\AppData\Local\Temp\tmp259B.tmp\rjsec087.ZIP", decompressedFolder = "C:\Users\cofc_\AppData\Local\Temp\tmp2771.tmp", message = "rjsec087")~~RJStevensMusicPresentationCreator.Program~0000000419
2024-12-15 09:53:26.9369~DEBUG~-> DownloadFile(url = "https://faas-nyc1-2ef2e6cc.doserverless.co/api/v1/web/fn-dd7f8f6a-d32a-4f5e-ae7b-870dfb7963f3/downloads/bundle?id=000000000000095", filename = "C:\Users\cofc_\AppData\Local\Temp\tmp28E9.tmp\rjsec089.ZIP", message = "rjsec089")~~RJStevensMusicPresentationCreator.Program~0000000420
2024-12-15 09:53:27.4039~DEBUG~download completed~~RJStevensMusicPresentationCreator.Program~0000000421
2024-12-15 09:53:27.4039~DEBUG~<- DownloadFile(url = "https://faas-nyc1-2ef2e6cc.doserverless.co/api/v1/web/fn-dd7f8f6a-d32a-4f5e-ae7b-870dfb7963f3/downloads/bundle?id=000000000000095", filename = "C:\Users\cofc_\AppData\Local\Temp\tmp28E9.tmp\rjsec089.ZIP", message = "rjsec089")~~RJStevensMusicPresentationCreator.Program~0000000422
2024-12-15 09:53:27.4229~DEBUG~-> ExtractAllFromFile(zipFileName = "C:\Users\cofc_\AppData\Local\Temp\tmp28E9.tmp\rjsec089.ZIP", decompressedFolder = "C:\Users\cofc_\AppData\Local\Temp\tmp2ACE.tmp", message = "rjsec089")~~RJStevensMusicPresentationCreator.Program~0000000423
2024-12-15 09:53:27.6529~DEBUG~extract completed~~RJStevensMusicPresentationCreator.Program~0000000424
2024-12-15 09:53:27.6529~DEBUG~<- ExtractAllFromFile(zipFileName = "C:\Users\cofc_\AppData\Local\Temp\tmp28E9.tmp\rjsec089.ZIP", decompressedFolder = "C:\Users\cofc_\AppData\Local\Temp\tmp2ACE.tmp", message = "rjsec089")~~RJStevensMusicPresentationCreator.Program~0000000425
2024-12-15 09:53:27.7179~DEBUG~-> DownloadFile(url = "https://faas-nyc1-2ef2e6cc.doserverless.co/api/v1/web/fn-dd7f8f6a-d32a-4f5e-ae7b-870dfb7963f3/downloads/bundle?id=000000000000098", filename = "C:\Users\cofc_\AppData\Local\Temp\tmp2BF8.tmp\rjsec092.ZIP", message = "rjsec092")~~RJStevensMusicPresentationCreator.Program~0000000426
2024-12-15 09:53:28.1730~DEBUG~download completed~~RJStevensMusicPresentationCreator.Program~0000000427
2024-12-15 09:53:28.1730~DEBUG~<- DownloadFile(url = "https://faas-nyc1-2ef2e6cc.doserverless.co/api/v1/web/fn-dd7f8f6a-d32a-4f5e-ae7b-870dfb7963f3/downloads/bundle?id=000000000000098", filename = "C:\Users\cofc_\AppData\Local\Temp\tmp2BF8.tmp\rjsec092.ZIP", message = "rjsec092")~~RJStevensMusicPresentationCreator.Program~0000000428
2024-12-15 09:53:28.1880~DEBUG~-> ExtractAllFromFile(zipFileName = "C:\Users\cofc_\AppData\Local\Temp\tmp2BF8.tmp\rjsec092.ZIP", decompressedFolder = "C:\Users\cofc_\AppData\Local\Temp\tmp2DCE.tmp", message = "rjsec092")~~RJStevensMusicPresentationCreator.Program~0000000429
2024-12-15 09:53:28.3970~DEBUG~extract completed~~RJStevensMusicPresentationCreator.Program~0000000430
2024-12-15 09:53:28.3970~DEBUG~<- ExtractAllFromFile(zipFileName = "C:\Users\cofc_\AppData\Local\Temp\tmp2BF8.tmp\rjsec092.ZIP", decompressedFolder = "C:\Users\cofc_\AppData\Local\Temp\tmp2DCE.tmp", message = "rjsec092")~~RJStevensMusicPresentationCreator.Program~0000000431
2024-12-15 09:53:28.4530~DEBUG~-> DownloadFile(url = "https://faas-nyc1-2ef2e6cc.doserverless.co/api/v1/web/fn-dd7f8f6a-d32a-4f5e-ae7b-870dfb7963f3/downloads/bundle?id=000000000000099", filename = "C:\Users\cofc_\AppData\Local\Temp\tmp2ED9.tmp\rjsec092.15.ZIP", message = "rjsec092.15")~~RJStevensMusicPresentationCreator.Program~0000000432
2024-12-15 09:53:28.9180~DEBUG~download completed~~RJStevensMusicPresentationCreator.Program~0000000433
2024-12-15 09:53:28.9180~DEBUG~<- DownloadFile(url = "https://faas-nyc1-2ef2e6cc.doserverless.co/api/v1/web/fn-dd7f8f6a-d32a-4f5e-ae7b-870dfb7963f3/downloads/bundle?id=000000000000099", filename = "C:\Users\cofc_\AppData\Local\Temp\tmp2ED9.tmp\rjsec092.15.ZIP", message = "rjsec092.15")~~RJStevensMusicPresentationCreator.Program~0000000434
2024-12-15 09:53:28.9340~DEBUG~-> ExtractAllFromFile(zipFileName = "C:\Users\cofc_\AppData\Local\Temp\tmp2ED9.tmp\rjsec092.15.ZIP", decompressedFolder = "C:\Users\cofc_\AppData\Local\Temp\tmp30BE.tmp", message = "rjsec092.15")~~RJStevensMusicPresentationCreator.Program~0000000435
2024-12-15 09:53:29.1720~DEBUG~extract completed~~RJStevensMusicPresentationCreator.Program~0000000436
2024-12-15 09:53:29.1720~DEBUG~<- ExtractAllFromFile(zipFileName = "C:\Users\cofc_\AppData\Local\Temp\tmp2ED9.tmp\rjsec092.15.ZIP", decompressedFolder = "C:\Users\cofc_\AppData\Local\Temp\tmp30BE.tmp", message = "rjsec092.15")~~RJStevensMusicPresentationCreator.Program~0000000437
2024-12-15 09:53:29.2340~DEBUG~-> DownloadFile(url = "https://faas-nyc1-2ef2e6cc.doserverless.co/api/v1/web/fn-dd7f8f6a-d32a-4f5e-ae7b-870dfb7963f3/downloads/bundle?id=000000000000101", filename = "C:\Users\cofc_\AppData\Local\Temp\tmp31E8.tmp\rjsec094.ZIP", message = "rjsec094")~~RJStevensMusicPresentationCreator.Program~0000000438
2024-12-15 09:53:29.6631~DEBUG~download completed~~RJStevensMusicPresentationCreator.Program~0000000439
2024-12-15 09:53:29.6631~DEBUG~<- DownloadFile(url = "https://faas-nyc1-2ef2e6cc.doserverless.co/api/v1/web/fn-dd7f8f6a-d32a-4f5e-ae7b-870dfb7963f3/downloads/bundle?id=000000000000101", filename = "C:\Users\cofc_\AppData\Local\Temp\tmp31E8.tmp\rjsec094.ZIP", message = "rjsec094")~~RJStevensMusicPresentationCreator.Program~0000000440
2024-12-15 09:53:29.6771~DEBUG~-> ExtractAllFromFile(zipFileName = "C:\Users\cofc_\AppData\Local\Temp\tmp31E8.tmp\rjsec094.ZIP", decompressedFolder = "C:\Users\cofc_\AppData\Local\Temp\tmp339E.tmp", message = "rjsec094")~~RJStevensMusicPresentationCreator.Program~0000000441
2024-12-15 09:53:29.9221~DEBUG~extract completed~~RJStevensMusicPresentationCreator.Program~0000000442
2024-12-15 09:53:29.9221~DEBUG~<- ExtractAllFromFile(zipFileName = "C:\Users\cofc_\AppData\Local\Temp\tmp31E8.tmp\rjsec094.ZIP", decompressedFolder = "C:\Users\cofc_\AppData\Local\Temp\tmp339E.tmp", message = "rjsec094")~~RJStevensMusicPresentationCreator.Program~0000000443
2024-12-15 09:53:29.9831~DEBUG~-> DownloadFile(url = "https://faas-nyc1-2ef2e6cc.doserverless.co/api/v1/web/fn-dd7f8f6a-d32a-4f5e-ae7b-870dfb7963f3/downloads/bundle?id=000000000000102", filename = "C:\Users\cofc_\AppData\Local\Temp\tmp34D8.tmp\rjsec095.ZIP", message = "rjsec095")~~RJStevensMusicPresentationCreator.Program~0000000444
2024-12-15 09:53:30.5591~DEBUG~download completed~~RJStevensMusicPresentationCreator.Program~0000000445
2024-12-15 09:53:30.5591~DEBUG~<- DownloadFile(url = "https://faas-nyc1-2ef2e6cc.doserverless.co/api/v1/web/fn-dd7f8f6a-d32a-4f5e-ae7b-870dfb7963f3/downloads/bundle?id=000000000000102", filename = "C:\Users\cofc_\AppData\Local\Temp\tmp34D8.tmp\rjsec095.ZIP", message = "rjsec095")~~RJStevensMusicPresentationCreator.Program~0000000446
2024-12-15 09:53:30.5771~DEBUG~-> ExtractAllFromFile(zipFileName = "C:\Users\cofc_\AppData\Local\Temp\tmp34D8.tmp\rjsec095.ZIP", decompressedFolder = "C:\Users\cofc_\AppData\Local\Temp\tmp372B.tmp", message = "rjsec095")~~RJStevensMusicPresentationCreator.Program~0000000447
2024-12-15 09:53:30.8444~DEBUG~extract completed~~RJStevensMusicPresentationCreator.Program~0000000448
2024-12-15 09:53:30.8444~DEBUG~<- ExtractAllFromFile(zipFileName = "C:\Users\cofc_\AppData\Local\Temp\tmp34D8.tmp\rjsec095.ZIP", decompressedFolder = "C:\Users\cofc_\AppData\Local\Temp\tmp372B.tmp", message = "rjsec095")~~RJStevensMusicPresentationCreator.Program~0000000449
2024-12-15 09:53:30.9264~DEBUG~-> DownloadFile(url = "https://faas-nyc1-2ef2e6cc.doserverless.co/api/v1/web/fn-dd7f8f6a-d32a-4f5e-ae7b-870dfb7963f3/downloads/bundle?id=000000000000104", filename = "C:\Users\cofc_\AppData\Local\Temp\tmp3883.tmp\rjsec097.ZIP", message = "rjsec097")~~RJStevensMusicPresentationCreator.Program~0000000450
2024-12-15 09:53:31.3554~DEBUG~download completed~~RJStevensMusicPresentationCreator.Program~0000000451
2024-12-15 09:53:31.3554~DEBUG~<- DownloadFile(url = "https://faas-nyc1-2ef2e6cc.doserverless.co/api/v1/web/fn-dd7f8f6a-d32a-4f5e-ae7b-870dfb7963f3/downloads/bundle?id=000000000000104", filename = "C:\Users\cofc_\AppData\Local\Temp\tmp3883.tmp\rjsec097.ZIP", message = "rjsec097")~~RJStevensMusicPresentationCreator.Program~0000000452
2024-12-15 09:53:31.3964~DEBUG~-> ExtractAllFromFile(zipFileName = "C:\Users\cofc_\AppData\Local\Temp\tmp3883.tmp\rjsec097.ZIP", decompressedFolder = "C:\Users\cofc_\AppData\Local\Temp\tmp3A49.tmp", message = "rjsec097")~~RJStevensMusicPresentationCreator.Program~0000000453
2024-12-15 09:53:31.6394~DEBUG~extract completed~~RJStevensMusicPresentationCreator.Program~0000000454
2024-12-15 09:53:31.6394~DEBUG~<- ExtractAllFromFile(zipFileName = "C:\Users\cofc_\AppData\Local\Temp\tmp3883.tmp\rjsec097.ZIP", decompressedFolder = "C:\Users\cofc_\AppData\Local\Temp\tmp3A49.tmp", message = "rjsec097")~~RJStevensMusicPresentationCreator.Program~0000000455
2024-12-15 09:53:31.6995~DEBUG~-> DownloadFile(url = "https://faas-nyc1-2ef2e6cc.doserverless.co/api/v1/web/fn-dd7f8f6a-d32a-4f5e-ae7b-870dfb7963f3/downloads/bundle?id=000000000000105", filename = "C:\Users\cofc_\AppData\Local\Temp\tmp3B93.tmp\rjsec098.ZIP", message = "rjsec098")~~RJStevensMusicPresentationCreator.Program~0000000456
2024-12-15 09:53:32.1445~DEBUG~download completed~~RJStevensMusicPresentationCreator.Program~0000000457
2024-12-15 09:53:32.1445~DEBUG~<- DownloadFile(url = "https://faas-nyc1-2ef2e6cc.doserverless.co/api/v1/web/fn-dd7f8f6a-d32a-4f5e-ae7b-870dfb7963f3/downloads/bundle?id=000000000000105", filename = "C:\Users\cofc_\AppData\Local\Temp\tmp3B93.tmp\rjsec098.ZIP", message = "rjsec098")~~RJStevensMusicPresentationCreator.Program~0000000458
2024-12-15 09:53:32.1635~DEBUG~-> ExtractAllFromFile(zipFileName = "C:\Users\cofc_\AppData\Local\Temp\tmp3B93.tmp\rjsec098.ZIP", decompressedFolder = "C:\Users\cofc_\AppData\Local\Temp\tmp3D59.tmp", message = "rjsec098")~~RJStevensMusicPresentationCreator.Program~0000000459
2024-12-15 09:53:32.3975~DEBUG~extract completed~~RJStevensMusicPresentationCreator.Program~0000000460
2024-12-15 09:53:32.3975~DEBUG~<- ExtractAllFromFile(zipFileName = "C:\Users\cofc_\AppData\Local\Temp\tmp3B93.tmp\rjsec098.ZIP", decompressedFolder = "C:\Users\cofc_\AppData\Local\Temp\tmp3D59.tmp", message = "rjsec098")~~RJStevensMusicPresentationCreator.Program~0000000461
2024-12-15 09:53:32.4615~DEBUG~-> DownloadFile(url = "https://faas-nyc1-2ef2e6cc.doserverless.co/api/v1/web/fn-dd7f8f6a-d32a-4f5e-ae7b-870dfb7963f3/downloads/bundle?id=000000000000106", filename = "C:\Users\cofc_\AppData\Local\Temp\tmp3E83.tmp\rjsec099.ZIP", message = "rjsec099")~~RJStevensMusicPresentationCreator.Program~0000000462
2024-12-15 09:53:32.9142~DEBUG~download completed~~RJStevensMusicPresentationCreator.Program~0000000463
2024-12-15 09:53:32.9142~DEBUG~<- DownloadFile(url = "https://faas-nyc1-2ef2e6cc.doserverless.co/api/v1/web/fn-dd7f8f6a-d32a-4f5e-ae7b-870dfb7963f3/downloads/bundle?id=000000000000106", filename = "C:\Users\cofc_\AppData\Local\Temp\tmp3E83.tmp\rjsec099.ZIP", message = "rjsec099")~~RJStevensMusicPresentationCreator.Program~0000000464
2024-12-15 09:53:32.9292~DEBUG~-> ExtractAllFromFile(zipFileName = "C:\Users\cofc_\AppData\Local\Temp\tmp3E83.tmp\rjsec099.ZIP", decompressedFolder = "C:\Users\cofc_\AppData\Local\Temp\tmp4058.tmp", message = "rjsec099")~~RJStevensMusicPresentationCreator.Program~0000000465
2024-12-15 09:53:33.1862~DEBUG~extract completed~~RJStevensMusicPresentationCreator.Program~0000000466
2024-12-15 09:53:33.1862~DEBUG~<- ExtractAllFromFile(zipFileName = "C:\Users\cofc_\AppData\Local\Temp\tmp3E83.tmp\rjsec099.ZIP", decompressedFolder = "C:\Users\cofc_\AppData\Local\Temp\tmp4058.tmp", message = "rjsec099")~~RJStevensMusicPresentationCreator.Program~0000000467
2024-12-15 09:53:33.2472~DEBUG~-> DownloadFile(url = "https://faas-nyc1-2ef2e6cc.doserverless.co/api/v1/web/fn-dd7f8f6a-d32a-4f5e-ae7b-870dfb7963f3/downloads/bundle?id=000000000000107", filename = "C:\Users\cofc_\AppData\Local\Temp\tmp41A1.tmp\rjsec100.ZIP", message = "rjsec100")~~RJStevensMusicPresentationCreator.Program~0000000468
2024-12-15 09:53:33.6913~DEBUG~download completed~~RJStevensMusicPresentationCreator.Program~0000000469
2024-12-15 09:53:33.6913~DEBUG~<- DownloadFile(url = "https://faas-nyc1-2ef2e6cc.doserverless.co/api/v1/web/fn-dd7f8f6a-d32a-4f5e-ae7b-870dfb7963f3/downloads/bundle?id=000000000000107", filename = "C:\Users\cofc_\AppData\Local\Temp\tmp41A1.tmp\rjsec100.ZIP", message = "rjsec100")~~RJStevensMusicPresentationCreator.Program~0000000470
2024-12-15 09:53:33.7073~DEBUG~-> ExtractAllFromFile(zipFileName = "C:\Users\cofc_\AppData\Local\Temp\tmp41A1.tmp\rjsec100.ZIP", decompressedFolder = "C:\Users\cofc_\AppData\Local\Temp\tmp4368.tmp", message = "rjsec100")~~RJStevensMusicPresentationCreator.Program~0000000471
2024-12-15 09:53:33.8684~DEBUG~extract completed~~RJStevensMusicPresentationCreator.Program~0000000472
2024-12-15 09:53:33.8714~DEBUG~<- ExtractAllFromFile(zipFileName = "C:\Users\cofc_\AppData\Local\Temp\tmp41A1.tmp\rjsec100.ZIP", decompressedFolder = "C:\Users\cofc_\AppData\Local\Temp\tmp4368.tmp", message = "rjsec100")~~RJStevensMusicPresentationCreator.Program~0000000473
2024-12-15 09:53:33.9194~DEBUG~-> DownloadFile(url = "https://faas-nyc1-2ef2e6cc.doserverless.co/api/v1/web/fn-dd7f8f6a-d32a-4f5e-ae7b-870dfb7963f3/downloads/bundle?id=000000000000108", filename = "C:\Users\cofc_\AppData\Local\Temp\tmp4443.tmp\rjsec101.ZIP", message = "rjsec101")~~RJStevensMusicPresentationCreator.Program~0000000474
2024-12-15 09:53:34.3635~DEBUG~download completed~~RJStevensMusicPresentationCreator.Program~0000000475
2024-12-15 09:53:34.3635~DEBUG~<- DownloadFile(url = "https://faas-nyc1-2ef2e6cc.doserverless.co/api/v1/web/fn-dd7f8f6a-d32a-4f5e-ae7b-870dfb7963f3/downloads/bundle?id=000000000000108", filename = "C:\Users\cofc_\AppData\Local\Temp\tmp4443.tmp\rjsec101.ZIP", message = "rjsec101")~~RJStevensMusicPresentationCreator.Program~0000000476
2024-12-15 09:53:34.3825~DEBUG~-> ExtractAllFromFile(zipFileName = "C:\Users\cofc_\AppData\Local\Temp\tmp4443.tmp\rjsec101.ZIP", decompressedFolder = "C:\Users\cofc_\AppData\Local\Temp\tmp4609.tmp", message = "rjsec101")~~RJStevensMusicPresentationCreator.Program~0000000477
2024-12-15 09:53:34.6625~DEBUG~extract completed~~RJStevensMusicPresentationCreator.Program~0000000478
2024-12-15 09:53:34.6625~DEBUG~<- ExtractAllFromFile(zipFileName = "C:\Users\cofc_\AppData\Local\Temp\tmp4443.tmp\rjsec101.ZIP", decompressedFolder = "C:\Users\cofc_\AppData\Local\Temp\tmp4609.tmp", message = "rjsec101")~~RJStevensMusicPresentationCreator.Program~0000000479
2024-12-15 09:53:34.7405~DEBUG~-> DownloadFile(url = "https://faas-nyc1-2ef2e6cc.doserverless.co/api/v1/web/fn-dd7f8f6a-d32a-4f5e-ae7b-870dfb7963f3/downloads/bundle?id=000000000000744", filename = "C:\Users\cofc_\AppData\Local\Temp\tmp4772.tmp\rjsec1031.ZIP", message = "rjsec1031")~~RJStevensMusicPresentationCreator.Program~0000000480
2024-12-15 09:53:35.1595~DEBUG~download completed~~RJStevensMusicPresentationCreator.Program~0000000481
2024-12-15 09:53:35.1595~DEBUG~<- DownloadFile(url = "https://faas-nyc1-2ef2e6cc.doserverless.co/api/v1/web/fn-dd7f8f6a-d32a-4f5e-ae7b-870dfb7963f3/downloads/bundle?id=000000000000744", filename = "C:\Users\cofc_\AppData\Local\Temp\tmp4772.tmp\rjsec1031.ZIP", message = "rjsec1031")~~RJStevensMusicPresentationCreator.Program~0000000482
2024-12-15 09:53:35.1765~DEBUG~-> ExtractAllFromFile(zipFileName = "C:\Users\cofc_\AppData\Local\Temp\tmp4772.tmp\rjsec1031.ZIP", decompressedFolder = "C:\Users\cofc_\AppData\Local\Temp\tmp4928.tmp", message = "rjsec1031")~~RJStevensMusicPresentationCreator.Program~0000000483
2024-12-15 09:53:35.4189~DEBUG~extract completed~~RJStevensMusicPresentationCreator.Program~0000000484
2024-12-15 09:53:35.4189~DEBUG~<- ExtractAllFromFile(zipFileName = "C:\Users\cofc_\AppData\Local\Temp\tmp4772.tmp\rjsec1031.ZIP", decompressedFolder = "C:\Users\cofc_\AppData\Local\Temp\tmp4928.tmp", message = "rjsec1031")~~RJStevensMusicPresentationCreator.Program~0000000485
2024-12-15 09:53:35.4929~DEBUG~-> DownloadFile(url = "https://faas-nyc1-2ef2e6cc.doserverless.co/api/v1/web/fn-dd7f8f6a-d32a-4f5e-ae7b-870dfb7963f3/downloads/bundle?id=000000000000112", filename = "C:\Users\cofc_\AppData\Local\Temp\tmp4A62.tmp\rjsec105.ZIP", message = "rjsec105")~~RJStevensMusicPresentationCreator.Program~0000000486
2024-12-15 09:53:35.9540~DEBUG~download completed~~RJStevensMusicPresentationCreator.Program~0000000487
2024-12-15 09:53:35.9540~DEBUG~<- DownloadFile(url = "https://faas-nyc1-2ef2e6cc.doserverless.co/api/v1/web/fn-dd7f8f6a-d32a-4f5e-ae7b-870dfb7963f3/downloads/bundle?id=000000000000112", filename = "C:\Users\cofc_\AppData\Local\Temp\tmp4A62.tmp\rjsec105.ZIP", message = "rjsec105")~~RJStevensMusicPresentationCreator.Program~0000000488
2024-12-15 09:53:35.9680~DEBUG~-> ExtractAllFromFile(zipFileName = "C:\Users\cofc_\AppData\Local\Temp\tmp4A62.tmp\rjsec105.ZIP", decompressedFolder = "C:\Users\cofc_\AppData\Local\Temp\tmp4C47.tmp", message = "rjsec105")~~RJStevensMusicPresentationCreator.Program~0000000489
2024-12-15 09:53:36.2223~DEBUG~extract completed~~RJStevensMusicPresentationCreator.Program~0000000490
2024-12-15 09:53:36.2223~DEBUG~<- ExtractAllFromFile(zipFileName = "C:\Users\cofc_\AppData\Local\Temp\tmp4A62.tmp\rjsec105.ZIP", decompressedFolder = "C:\Users\cofc_\AppData\Local\Temp\tmp4C47.tmp", message = "rjsec105")~~RJStevensMusicPresentationCreator.Program~0000000491
2024-12-15 09:53:36.2913~DEBUG~-> DownloadFile(url = "https://faas-nyc1-2ef2e6cc.doserverless.co/api/v1/web/fn-dd7f8f6a-d32a-4f5e-ae7b-870dfb7963f3/downloads/bundle?id=000000000000113", filename = "C:\Users\cofc_\AppData\Local\Temp\tmp4D81.tmp\rjsec106.ZIP", message = "rjsec106")~~RJStevensMusicPresentationCreator.Program~0000000492
2024-12-15 09:53:36.7327~DEBUG~download completed~~RJStevensMusicPresentationCreator.Program~0000000493
2024-12-15 09:53:36.7327~DEBUG~<- DownloadFile(url = "https://faas-nyc1-2ef2e6cc.doserverless.co/api/v1/web/fn-dd7f8f6a-d32a-4f5e-ae7b-870dfb7963f3/downloads/bundle?id=000000000000113", filename = "C:\Users\cofc_\AppData\Local\Temp\tmp4D81.tmp\rjsec106.ZIP", message = "rjsec106")~~RJStevensMusicPresentationCreator.Program~0000000494
2024-12-15 09:53:36.7497~DEBUG~-> ExtractAllFromFile(zipFileName = "C:\Users\cofc_\AppData\Local\Temp\tmp4D81.tmp\rjsec106.ZIP", decompressedFolder = "C:\Users\cofc_\AppData\Local\Temp\tmp4F56.tmp", message = "rjsec106")~~RJStevensMusicPresentationCreator.Program~0000000495
2024-12-15 09:53:36.9307~DEBUG~extract completed~~RJStevensMusicPresentationCreator.Program~0000000496
2024-12-15 09:53:36.9347~DEBUG~<- ExtractAllFromFile(zipFileName = "C:\Users\cofc_\AppData\Local\Temp\tmp4D81.tmp\rjsec106.ZIP", decompressedFolder = "C:\Users\cofc_\AppData\Local\Temp\tmp4F56.tmp", message = "rjsec106")~~RJStevensMusicPresentationCreator.Program~0000000497
2024-12-15 09:53:36.9887~DEBUG~-> DownloadFile(url = "https://faas-nyc1-2ef2e6cc.doserverless.co/api/v1/web/fn-dd7f8f6a-d32a-4f5e-ae7b-870dfb7963f3/downloads/bundle?id=000000000000774", filename = "C:\Users\cofc_\AppData\Local\Temp\tmp5042.tmp\rjsec1061.ZIP", message = "rjsec1061")~~RJStevensMusicPresentationCreator.Program~0000000498
2024-12-15 09:53:37.3807~DEBUG~download completed~~RJStevensMusicPresentationCreator.Program~0000000499
2024-12-15 09:53:37.3807~DEBUG~<- DownloadFile(url = "https://faas-nyc1-2ef2e6cc.doserverless.co/api/v1/web/fn-dd7f8f6a-d32a-4f5e-ae7b-870dfb7963f3/downloads/bundle?id=000000000000774", filename = "C:\Users\cofc_\AppData\Local\Temp\tmp5042.tmp\rjsec1061.ZIP", message = "rjsec1061")~~RJStevensMusicPresentationCreator.Program~0000000500
2024-12-15 09:53:37.3957~DEBUG~-> ExtractAllFromFile(zipFileName = "C:\Users\cofc_\AppData\Local\Temp\tmp5042.tmp\rjsec1061.ZIP", decompressedFolder = "C:\Users\cofc_\AppData\Local\Temp\tmp51D9.tmp", message = "rjsec1061")~~RJStevensMusicPresentationCreator.Program~0000000501
2024-12-15 09:53:37.5503~DEBUG~extract completed~~RJStevensMusicPresentationCreator.Program~0000000502
2024-12-15 09:53:37.5503~DEBUG~<- ExtractAllFromFile(zipFileName = "C:\Users\cofc_\AppData\Local\Temp\tmp5042.tmp\rjsec1061.ZIP", decompressedFolder = "C:\Users\cofc_\AppData\Local\Temp\tmp51D9.tmp", message = "rjsec1061")~~RJStevensMusicPresentationCreator.Program~0000000503
2024-12-15 09:53:37.6193~DEBUG~-> DownloadFile(url = "https://faas-nyc1-2ef2e6cc.doserverless.co/api/v1/web/fn-dd7f8f6a-d32a-4f5e-ae7b-870dfb7963f3/downloads/bundle?id=000000000000777", filename = "C:\Users\cofc_\AppData\Local\Temp\tmp52B5.tmp\rjsec1064.ZIP", message = "rjsec1064")~~RJStevensMusicPresentationCreator.Program~0000000504
2024-12-15 09:53:38.0703~DEBUG~download completed~~RJStevensMusicPresentationCreator.Program~0000000505
2024-12-15 09:53:38.0703~DEBUG~<- DownloadFile(url = "https://faas-nyc1-2ef2e6cc.doserverless.co/api/v1/web/fn-dd7f8f6a-d32a-4f5e-ae7b-870dfb7963f3/downloads/bundle?id=000000000000777", filename = "C:\Users\cofc_\AppData\Local\Temp\tmp52B5.tmp\rjsec1064.ZIP", message = "rjsec1064")~~RJStevensMusicPresentationCreator.Program~0000000506
2024-12-15 09:53:38.0923~DEBUG~-> ExtractAllFromFile(zipFileName = "C:\Users\cofc_\AppData\Local\Temp\tmp52B5.tmp\rjsec1064.ZIP", decompressedFolder = "C:\Users\cofc_\AppData\Local\Temp\tmp549A.tmp", message = "rjsec1064")~~RJStevensMusicPresentationCreator.Program~0000000507
2024-12-15 09:53:38.3523~DEBUG~extract completed~~RJStevensMusicPresentationCreator.Program~0000000508
2024-12-15 09:53:38.3553~DEBUG~<- ExtractAllFromFile(zipFileName = "C:\Users\cofc_\AppData\Local\Temp\tmp52B5.tmp\rjsec1064.ZIP", decompressedFolder = "C:\Users\cofc_\AppData\Local\Temp\tmp549A.tmp", message = "rjsec1064")~~RJStevensMusicPresentationCreator.Program~0000000509
2024-12-15 09:53:38.4173~DEBUG~-> DownloadFile(url = "https://faas-nyc1-2ef2e6cc.doserverless.co/api/v1/web/fn-dd7f8f6a-d32a-4f5e-ae7b-870dfb7963f3/downloads/bundle?id=000000000000779", filename = "C:\Users\cofc_\AppData\Local\Temp\tmp55D4.tmp\rjsec1066.ZIP", message = "rjsec1066")~~RJStevensMusicPresentationCreator.Program~0000000510
2024-12-15 09:53:38.8704~DEBUG~download completed~~RJStevensMusicPresentationCreator.Program~0000000511
2024-12-15 09:53:38.8704~DEBUG~<- DownloadFile(url = "https://faas-nyc1-2ef2e6cc.doserverless.co/api/v1/web/fn-dd7f8f6a-d32a-4f5e-ae7b-870dfb7963f3/downloads/bundle?id=000000000000779", filename = "C:\Users\cofc_\AppData\Local\Temp\tmp55D4.tmp\rjsec1066.ZIP", message = "rjsec1066")~~RJStevensMusicPresentationCreator.Program~0000000512
2024-12-15 09:53:38.8704~DEBUG~-> ExtractAllFromFile(zipFileName = "C:\Users\cofc_\AppData\Local\Temp\tmp55D4.tmp\rjsec1066.ZIP", decompressedFolder = "C:\Users\cofc_\AppData\Local\Temp\tmp57A9.tmp", message = "rjsec1066")~~RJStevensMusicPresentationCreator.Program~0000000513
2024-12-15 09:53:39.1254~DEBUG~extract completed~~RJStevensMusicPresentationCreator.Program~0000000514
2024-12-15 09:53:39.1254~DEBUG~<- ExtractAllFromFile(zipFileName = "C:\Users\cofc_\AppData\Local\Temp\tmp55D4.tmp\rjsec1066.ZIP", decompressedFolder = "C:\Users\cofc_\AppData\Local\Temp\tmp57A9.tmp", message = "rjsec1066")~~RJStevensMusicPresentationCreator.Program~0000000515
2024-12-15 09:53:39.1924~DEBUG~-> DownloadFile(url = "https://faas-nyc1-2ef2e6cc.doserverless.co/api/v1/web/fn-dd7f8f6a-d32a-4f5e-ae7b-870dfb7963f3/downloads/bundle?id=000000000000114", filename = "C:\Users\cofc_\AppData\Local\Temp\tmp58E3.tmp\rjsec107.ZIP", message = "rjsec107")~~RJStevensMusicPresentationCreator.Program~0000000516
2024-12-15 09:53:39.7373~DEBUG~download completed~~RJStevensMusicPresentationCreator.Program~0000000517
2024-12-15 09:53:39.7373~DEBUG~<- DownloadFile(url = "https://faas-nyc1-2ef2e6cc.doserverless.co/api/v1/web/fn-dd7f8f6a-d32a-4f5e-ae7b-870dfb7963f3/downloads/bundle?id=000000000000114", filename = "C:\Users\cofc_\AppData\Local\Temp\tmp58E3.tmp\rjsec107.ZIP", message = "rjsec107")~~RJStevensMusicPresentationCreator.Program~0000000518
2024-12-15 09:53:39.7653~DEBUG~-> ExtractAllFromFile(zipFileName = "C:\Users\cofc_\AppData\Local\Temp\tmp58E3.tmp\rjsec107.ZIP", decompressedFolder = "C:\Users\cofc_\AppData\Local\Temp\tmp5B26.tmp", message = "rjsec107")~~RJStevensMusicPresentationCreator.Program~0000000519
2024-12-15 09:53:40.0653~DEBUG~extract completed~~RJStevensMusicPresentationCreator.Program~0000000520
2024-12-15 09:53:40.0653~DEBUG~<- ExtractAllFromFile(zipFileName = "C:\Users\cofc_\AppData\Local\Temp\tmp58E3.tmp\rjsec107.ZIP", decompressedFolder = "C:\Users\cofc_\AppData\Local\Temp\tmp5B26.tmp", message = "rjsec107")~~RJStevensMusicPresentationCreator.Program~0000000521
2024-12-15 09:53:40.1424~DEBUG~-> DownloadFile(url = "https://faas-nyc1-2ef2e6cc.doserverless.co/api/v1/web/fn-dd7f8f6a-d32a-4f5e-ae7b-870dfb7963f3/downloads/bundle?id=000000000000115", filename = "C:\Users\cofc_\AppData\Local\Temp\tmp5C9E.tmp\rjsec108.ZIP", message = "rjsec108")~~RJStevensMusicPresentationCreator.Program~0000000522
2024-12-15 09:53:40.5734~DEBUG~download completed~~RJStevensMusicPresentationCreator.Program~0000000523
2024-12-15 09:53:40.5734~DEBUG~<- DownloadFile(url = "https://faas-nyc1-2ef2e6cc.doserverless.co/api/v1/web/fn-dd7f8f6a-d32a-4f5e-ae7b-870dfb7963f3/downloads/bundle?id=000000000000115", filename = "C:\Users\cofc_\AppData\Local\Temp\tmp5C9E.tmp\rjsec108.ZIP", message = "rjsec108")~~RJStevensMusicPresentationCreator.Program~0000000524
2024-12-15 09:53:40.5904~DEBUG~-> ExtractAllFromFile(zipFileName = "C:\Users\cofc_\AppData\Local\Temp\tmp5C9E.tmp\rjsec108.ZIP", decompressedFolder = "C:\Users\cofc_\AppData\Local\Temp\tmp5E64.tmp", message = "rjsec108")~~RJStevensMusicPresentationCreator.Program~0000000525
2024-12-15 09:53:40.7884~DEBUG~extract completed~~RJStevensMusicPresentationCreator.Program~0000000526
2024-12-15 09:53:40.7915~DEBUG~<- ExtractAllFromFile(zipFileName = "C:\Users\cofc_\AppData\Local\Temp\tmp5C9E.tmp\rjsec108.ZIP", decompressedFolder = "C:\Users\cofc_\AppData\Local\Temp\tmp5E64.tmp", message = "rjsec108")~~RJStevensMusicPresentationCreator.Program~0000000527
2024-12-15 09:53:40.8435~DEBUG~-> DownloadFile(url = "https://faas-nyc1-2ef2e6cc.doserverless.co/api/v1/web/fn-dd7f8f6a-d32a-4f5e-ae7b-870dfb7963f3/downloads/bundle?id=000000000000116", filename = "C:\Users\cofc_\AppData\Local\Temp\tmp5F5F.tmp\rjsec109.ZIP", message = "rjsec109")~~RJStevensMusicPresentationCreator.Program~0000000528
2024-12-15 09:53:41.2615~DEBUG~download completed~~RJStevensMusicPresentationCreator.Program~0000000529
2024-12-15 09:53:41.2615~DEBUG~<- DownloadFile(url = "https://faas-nyc1-2ef2e6cc.doserverless.co/api/v1/web/fn-dd7f8f6a-d32a-4f5e-ae7b-870dfb7963f3/downloads/bundle?id=000000000000116", filename = "C:\Users\cofc_\AppData\Local\Temp\tmp5F5F.tmp\rjsec109.ZIP", message = "rjsec109")~~RJStevensMusicPresentationCreator.Program~0000000530
2024-12-15 09:53:41.2775~DEBUG~-> ExtractAllFromFile(zipFileName = "C:\Users\cofc_\AppData\Local\Temp\tmp5F5F.tmp\rjsec109.ZIP", decompressedFolder = "C:\Users\cofc_\AppData\Local\Temp\tmp6116.tmp", message = "rjsec109")~~RJStevensMusicPresentationCreator.Program~0000000531
2024-12-15 09:53:41.5075~DEBUG~extract completed~~RJStevensMusicPresentationCreator.Program~0000000532
2024-12-15 09:53:41.5105~DEBUG~<- ExtractAllFromFile(zipFileName = "C:\Users\cofc_\AppData\Local\Temp\tmp5F5F.tmp\rjsec109.ZIP", decompressedFolder = "C:\Users\cofc_\AppData\Local\Temp\tmp6116.tmp", message = "rjsec109")~~RJStevensMusicPresentationCreator.Program~0000000533
2024-12-15 09:53:41.5715~DEBUG~-> DownloadFile(url = "https://faas-nyc1-2ef2e6cc.doserverless.co/api/v1/web/fn-dd7f8f6a-d32a-4f5e-ae7b-870dfb7963f3/downloads/bundle?id=000000000000117", filename = "C:\Users\cofc_\AppData\Local\Temp\tmp6230.tmp\rjsec110.ZIP", message = "rjsec110")~~RJStevensMusicPresentationCreator.Program~0000000534
2024-12-15 09:53:42.3158~DEBUG~download completed~~RJStevensMusicPresentationCreator.Program~0000000535
2024-12-15 09:53:42.3158~DEBUG~<- DownloadFile(url = "https://faas-nyc1-2ef2e6cc.doserverless.co/api/v1/web/fn-dd7f8f6a-d32a-4f5e-ae7b-870dfb7963f3/downloads/bundle?id=000000000000117", filename = "C:\Users\cofc_\AppData\Local\Temp\tmp6230.tmp\rjsec110.ZIP", message = "rjsec110")~~RJStevensMusicPresentationCreator.Program~0000000536
2024-12-15 09:53:42.3308~DEBUG~-> ExtractAllFromFile(zipFileName = "C:\Users\cofc_\AppData\Local\Temp\tmp6230.tmp\rjsec110.ZIP", decompressedFolder = "C:\Users\cofc_\AppData\Local\Temp\tmp652F.tmp", message = "rjsec110")~~RJStevensMusicPresentationCreator.Program~0000000537
2024-12-15 09:53:42.5978~DEBUG~extract completed~~RJStevensMusicPresentationCreator.Program~0000000538
2024-12-15 09:53:42.5978~DEBUG~<- ExtractAllFromFile(zipFileName = "C:\Users\cofc_\AppData\Local\Temp\tmp6230.tmp\rjsec110.ZIP", decompressedFolder = "C:\Users\cofc_\AppData\Local\Temp\tmp652F.tmp", message = "rjsec110")~~RJStevensMusicPresentationCreator.Program~0000000539
2024-12-15 09:53:42.6628~DEBUG~-> DownloadFile(url = "https://faas-nyc1-2ef2e6cc.doserverless.co/api/v1/web/fn-dd7f8f6a-d32a-4f5e-ae7b-870dfb7963f3/downloads/bundle?id=000000000000822", filename = "C:\Users\cofc_\AppData\Local\Temp\tmp6678.tmp\rjsec1109.ZIP", message = "rjsec1109")~~RJStevensMusicPresentationCreator.Program~0000000540
2024-12-15 09:53:43.1238~DEBUG~download completed~~RJStevensMusicPresentationCreator.Program~0000000541
2024-12-15 09:53:43.1238~DEBUG~<- DownloadFile(url = "https://faas-nyc1-2ef2e6cc.doserverless.co/api/v1/web/fn-dd7f8f6a-d32a-4f5e-ae7b-870dfb7963f3/downloads/bundle?id=000000000000822", filename = "C:\Users\cofc_\AppData\Local\Temp\tmp6678.tmp\rjsec1109.ZIP", message = "rjsec1109")~~RJStevensMusicPresentationCreator.Program~0000000542
2024-12-15 09:53:43.1468~DEBUG~-> ExtractAllFromFile(zipFileName = "C:\Users\cofc_\AppData\Local\Temp\tmp6678.tmp\rjsec1109.ZIP", decompressedFolder = "C:\Users\cofc_\AppData\Local\Temp\tmp685D.tmp", message = "rjsec1109")~~RJStevensMusicPresentationCreator.Program~0000000543
2024-12-15 09:53:43.4629~DEBUG~extract completed~~RJStevensMusicPresentationCreator.Program~0000000544
2024-12-15 09:53:43.4659~DEBUG~<- ExtractAllFromFile(zipFileName = "C:\Users\cofc_\AppData\Local\Temp\tmp6678.tmp\rjsec1109.ZIP", decompressedFolder = "C:\Users\cofc_\AppData\Local\Temp\tmp685D.tmp", message = "rjsec1109")~~RJStevensMusicPresentationCreator.Program~0000000545
2024-12-15 09:53:43.5429~DEBUG~-> DownloadFile(url = "https://faas-nyc1-2ef2e6cc.doserverless.co/api/v1/web/fn-dd7f8f6a-d32a-4f5e-ae7b-870dfb7963f3/downloads/bundle?id=000000000000119", filename = "C:\Users\cofc_\AppData\Local\Temp\tmp69F4.tmp\rjsec112.ZIP", message = "rjsec112")~~RJStevensMusicPresentationCreator.Program~0000000546
2024-12-15 09:53:44.0169~DEBUG~download completed~~RJStevensMusicPresentationCreator.Program~0000000547
2024-12-15 09:53:44.0169~DEBUG~<- DownloadFile(url = "https://faas-nyc1-2ef2e6cc.doserverless.co/api/v1/web/fn-dd7f8f6a-d32a-4f5e-ae7b-870dfb7963f3/downloads/bundle?id=000000000000119", filename = "C:\Users\cofc_\AppData\Local\Temp\tmp69F4.tmp\rjsec112.ZIP", message = "rjsec112")~~RJStevensMusicPresentationCreator.Program~0000000548
2024-12-15 09:53:44.0319~DEBUG~-> ExtractAllFromFile(zipFileName = "C:\Users\cofc_\AppData\Local\Temp\tmp69F4.tmp\rjsec112.ZIP", decompressedFolder = "C:\Users\cofc_\AppData\Local\Temp\tmp6BDA.tmp", message = "rjsec112")~~RJStevensMusicPresentationCreator.Program~0000000549
2024-12-15 09:53:44.2577~DEBUG~extract completed~~RJStevensMusicPresentationCreator.Program~0000000550
2024-12-15 09:53:44.2607~DEBUG~<- ExtractAllFromFile(zipFileName = "C:\Users\cofc_\AppData\Local\Temp\tmp69F4.tmp\rjsec112.ZIP", decompressedFolder = "C:\Users\cofc_\AppData\Local\Temp\tmp6BDA.tmp", message = "rjsec112")~~RJStevensMusicPresentationCreator.Program~0000000551
2024-12-15 09:53:44.3327~DEBUG~-> DownloadFile(url = "https://faas-nyc1-2ef2e6cc.doserverless.co/api/v1/web/fn-dd7f8f6a-d32a-4f5e-ae7b-870dfb7963f3/downloads/bundle?id=000000000000121", filename = "C:\Users\cofc_\AppData\Local\Temp\tmp6D04.tmp\rjsec114.ZIP", message = "rjsec114")~~RJStevensMusicPresentationCreator.Program~0000000552
2024-12-15 09:53:44.7678~DEBUG~download completed~~RJStevensMusicPresentationCreator.Program~0000000553
2024-12-15 09:53:44.7678~DEBUG~<- DownloadFile(url = "https://faas-nyc1-2ef2e6cc.doserverless.co/api/v1/web/fn-dd7f8f6a-d32a-4f5e-ae7b-870dfb7963f3/downloads/bundle?id=000000000000121", filename = "C:\Users\cofc_\AppData\Local\Temp\tmp6D04.tmp\rjsec114.ZIP", message = "rjsec114")~~RJStevensMusicPresentationCreator.Program~0000000554
2024-12-15 09:53:44.7858~DEBUG~-> ExtractAllFromFile(zipFileName = "C:\Users\cofc_\AppData\Local\Temp\tmp6D04.tmp\rjsec114.ZIP", decompressedFolder = "C:\Users\cofc_\AppData\Local\Temp\tmp6ECA.tmp", message = "rjsec114")~~RJStevensMusicPresentationCreator.Program~0000000555
2024-12-15 09:53:45.0202~DEBUG~extract completed~~RJStevensMusicPresentationCreator.Program~0000000556
2024-12-15 09:53:45.0202~DEBUG~<- ExtractAllFromFile(zipFileName = "C:\Users\cofc_\AppData\Local\Temp\tmp6D04.tmp\rjsec114.ZIP", decompressedFolder = "C:\Users\cofc_\AppData\Local\Temp\tmp6ECA.tmp", message = "rjsec114")~~RJStevensMusicPresentationCreator.Program~0000000557
2024-12-15 09:53:45.0862~DEBUG~-> DownloadFile(url = "https://faas-nyc1-2ef2e6cc.doserverless.co/api/v1/web/fn-dd7f8f6a-d32a-4f5e-ae7b-870dfb7963f3/downloads/bundle?id=000000000000122", filename = "C:\Users\cofc_\AppData\Local\Temp\tmp6FF4.tmp\rjsec115.ZIP", message = "rjsec115")~~RJStevensMusicPresentationCreator.Program~0000000558
2024-12-15 09:53:45.5452~DEBUG~download completed~~RJStevensMusicPresentationCreator.Program~0000000559
2024-12-15 09:53:45.5452~DEBUG~<- DownloadFile(url = "https://faas-nyc1-2ef2e6cc.doserverless.co/api/v1/web/fn-dd7f8f6a-d32a-4f5e-ae7b-870dfb7963f3/downloads/bundle?id=000000000000122", filename = "C:\Users\cofc_\AppData\Local\Temp\tmp6FF4.tmp\rjsec115.ZIP", message = "rjsec115")~~RJStevensMusicPresentationCreator.Program~0000000560
2024-12-15 09:53:45.5642~DEBUG~-> ExtractAllFromFile(zipFileName = "C:\Users\cofc_\AppData\Local\Temp\tmp6FF4.tmp\rjsec115.ZIP", decompressedFolder = "C:\Users\cofc_\AppData\Local\Temp\tmp71D9.tmp", message = "rjsec115")~~RJStevensMusicPresentationCreator.Program~0000000561
2024-12-15 09:53:45.7921~DEBUG~extract completed~~RJStevensMusicPresentationCreator.Program~0000000562
2024-12-15 09:53:45.7921~DEBUG~<- ExtractAllFromFile(zipFileName = "C:\Users\cofc_\AppData\Local\Temp\tmp6FF4.tmp\rjsec115.ZIP", decompressedFolder = "C:\Users\cofc_\AppData\Local\Temp\tmp71D9.tmp", message = "rjsec115")~~RJStevensMusicPresentationCreator.Program~0000000563
2024-12-15 09:53:45.8551~DEBUG~-> DownloadFile(url = "https://faas-nyc1-2ef2e6cc.doserverless.co/api/v1/web/fn-dd7f8f6a-d32a-4f5e-ae7b-870dfb7963f3/downloads/bundle?id=000000000000123", filename = "C:\Users\cofc_\AppData\Local\Temp\tmp7303.tmp\rjsec116.ZIP", message = "rjsec116")~~RJStevensMusicPresentationCreator.Program~0000000564
2024-12-15 09:53:46.2692~DEBUG~download completed~~RJStevensMusicPresentationCreator.Program~0000000565
2024-12-15 09:53:46.2692~DEBUG~<- DownloadFile(url = "https://faas-nyc1-2ef2e6cc.doserverless.co/api/v1/web/fn-dd7f8f6a-d32a-4f5e-ae7b-870dfb7963f3/downloads/bundle?id=000000000000123", filename = "C:\Users\cofc_\AppData\Local\Temp\tmp7303.tmp\rjsec116.ZIP", message = "rjsec116")~~RJStevensMusicPresentationCreator.Program~0000000566
2024-12-15 09:53:46.2842~DEBUG~-> ExtractAllFromFile(zipFileName = "C:\Users\cofc_\AppData\Local\Temp\tmp7303.tmp\rjsec116.ZIP", decompressedFolder = "C:\Users\cofc_\AppData\Local\Temp\tmp74AA.tmp", message = "rjsec116")~~RJStevensMusicPresentationCreator.Program~0000000567
2024-12-15 09:53:46.5065~DEBUG~extract completed~~RJStevensMusicPresentationCreator.Program~0000000568
2024-12-15 09:53:46.5065~DEBUG~<- ExtractAllFromFile(zipFileName = "C:\Users\cofc_\AppData\Local\Temp\tmp7303.tmp\rjsec116.ZIP", decompressedFolder = "C:\Users\cofc_\AppData\Local\Temp\tmp74AA.tmp", message = "rjsec116")~~RJStevensMusicPresentationCreator.Program~0000000569
2024-12-15 09:53:46.5755~DEBUG~-> DownloadFile(url = "https://faas-nyc1-2ef2e6cc.doserverless.co/api/v1/web/fn-dd7f8f6a-d32a-4f5e-ae7b-870dfb7963f3/downloads/bundle?id=000000000000124", filename = "C:\Users\cofc_\AppData\Local\Temp\tmp75D4.tmp\rjsec117.ZIP", message = "rjsec117")~~RJStevensMusicPresentationCreator.Program~0000000570
2024-12-15 09:53:47.0125~DEBUG~download completed~~RJStevensMusicPresentationCreator.Program~0000000571
2024-12-15 09:53:47.0125~DEBUG~<- DownloadFile(url = "https://faas-nyc1-2ef2e6cc.doserverless.co/api/v1/web/fn-dd7f8f6a-d32a-4f5e-ae7b-870dfb7963f3/downloads/bundle?id=000000000000124", filename = "C:\Users\cofc_\AppData\Local\Temp\tmp75D4.tmp\rjsec117.ZIP", message = "rjsec117")~~RJStevensMusicPresentationCreator.Program~0000000572
2024-12-15 09:53:47.0275~DEBUG~-> ExtractAllFromFile(zipFileName = "C:\Users\cofc_\AppData\Local\Temp\tmp75D4.tmp\rjsec117.ZIP", decompressedFolder = "C:\Users\cofc_\AppData\Local\Temp\tmp779A.tmp", message = "rjsec117")~~RJStevensMusicPresentationCreator.Program~0000000573
2024-12-15 09:53:47.2486~DEBUG~extract completed~~RJStevensMusicPresentationCreator.Program~0000000574
2024-12-15 09:53:47.2486~DEBUG~<- ExtractAllFromFile(zipFileName = "C:\Users\cofc_\AppData\Local\Temp\tmp75D4.tmp\rjsec117.ZIP", decompressedFolder = "C:\Users\cofc_\AppData\Local\Temp\tmp779A.tmp", message = "rjsec117")~~RJStevensMusicPresentationCreator.Program~0000000575
2024-12-15 09:53:47.3147~DEBUG~-> DownloadFile(url = "https://faas-nyc1-2ef2e6cc.doserverless.co/api/v1/web/fn-dd7f8f6a-d32a-4f5e-ae7b-870dfb7963f3/downloads/bundle?id=000000000000125", filename = "C:\Users\cofc_\AppData\Local\Temp\tmp78B4.tmp\rjsec118.ZIP", message = "rjsec118")~~RJStevensMusicPresentationCreator.Program~0000000576
2024-12-15 09:53:47.8054~DEBUG~download completed~~RJStevensMusicPresentationCreator.Program~0000000577
2024-12-15 09:53:47.8054~DEBUG~<- DownloadFile(url = "https://faas-nyc1-2ef2e6cc.doserverless.co/api/v1/web/fn-dd7f8f6a-d32a-4f5e-ae7b-870dfb7963f3/downloads/bundle?id=000000000000125", filename = "C:\Users\cofc_\AppData\Local\Temp\tmp78B4.tmp\rjsec118.ZIP", message = "rjsec118")~~RJStevensMusicPresentationCreator.Program~0000000578
2024-12-15 09:53:47.8194~DEBUG~-> ExtractAllFromFile(zipFileName = "C:\Users\cofc_\AppData\Local\Temp\tmp78B4.tmp\rjsec118.ZIP", decompressedFolder = "C:\Users\cofc_\AppData\Local\Temp\tmp7AA9.tmp", message = "rjsec118")~~RJStevensMusicPresentationCreator.Program~0000000579
2024-12-15 09:53:48.0224~DEBUG~extract completed~~RJStevensMusicPresentationCreator.Program~0000000580
2024-12-15 09:53:48.0284~DEBUG~<- ExtractAllFromFile(zipFileName = "C:\Users\cofc_\AppData\Local\Temp\tmp78B4.tmp\rjsec118.ZIP", decompressedFolder = "C:\Users\cofc_\AppData\Local\Temp\tmp7AA9.tmp", message = "rjsec118")~~RJStevensMusicPresentationCreator.Program~0000000581
2024-12-15 09:53:48.0864~DEBUG~-> DownloadFile(url = "https://faas-nyc1-2ef2e6cc.doserverless.co/api/v1/web/fn-dd7f8f6a-d32a-4f5e-ae7b-870dfb7963f3/downloads/bundle?id=000000000000126", filename = "C:\Users\cofc_\AppData\Local\Temp\tmp7BB4.tmp\rjsec119.ZIP", message = "rjsec119")~~RJStevensMusicPresentationCreator.Program~0000000582
2024-12-15 09:53:48.5404~DEBUG~download completed~~RJStevensMusicPresentationCreator.Program~0000000583
2024-12-15 09:53:48.5414~DEBUG~<- DownloadFile(url = "https://faas-nyc1-2ef2e6cc.doserverless.co/api/v1/web/fn-dd7f8f6a-d32a-4f5e-ae7b-870dfb7963f3/downloads/bundle?id=000000000000126", filename = "C:\Users\cofc_\AppData\Local\Temp\tmp7BB4.tmp\rjsec119.ZIP", message = "rjsec119")~~RJStevensMusicPresentationCreator.Program~0000000584
2024-12-15 09:53:48.5414~DEBUG~-> ExtractAllFromFile(zipFileName = "C:\Users\cofc_\AppData\Local\Temp\tmp7BB4.tmp\rjsec119.ZIP", decompressedFolder = "C:\Users\cofc_\AppData\Local\Temp\tmp7D89.tmp", message = "rjsec119")~~RJStevensMusicPresentationCreator.Program~0000000585
2024-12-15 09:53:48.8141~DEBUG~extract completed~~RJStevensMusicPresentationCreator.Program~0000000586
2024-12-15 09:53:48.8141~DEBUG~<- ExtractAllFromFile(zipFileName = "C:\Users\cofc_\AppData\Local\Temp\tmp7BB4.tmp\rjsec119.ZIP", decompressedFolder = "C:\Users\cofc_\AppData\Local\Temp\tmp7D89.tmp", message = "rjsec119")~~RJStevensMusicPresentationCreator.Program~0000000587
2024-12-15 09:53:48.8811~DEBUG~-> DownloadFile(url = "https://faas-nyc1-2ef2e6cc.doserverless.co/api/v1/web/fn-dd7f8f6a-d32a-4f5e-ae7b-870dfb7963f3/downloads/bundle?id=000000000000127", filename = "C:\Users\cofc_\AppData\Local\Temp\tmp7ED2.tmp\rjsec120.ZIP", message = "rjsec120")~~RJStevensMusicPresentationCreator.Program~0000000588
2024-12-15 09:53:49.3203~DEBUG~download completed~~RJStevensMusicPresentationCreator.Program~0000000589
2024-12-15 09:53:49.3203~DEBUG~<- DownloadFile(url = "https://faas-nyc1-2ef2e6cc.doserverless.co/api/v1/web/fn-dd7f8f6a-d32a-4f5e-ae7b-870dfb7963f3/downloads/bundle?id=000000000000127", filename = "C:\Users\cofc_\AppData\Local\Temp\tmp7ED2.tmp\rjsec120.ZIP", message = "rjsec120")~~RJStevensMusicPresentationCreator.Program~0000000590
2024-12-15 09:53:49.3383~DEBUG~-> ExtractAllFromFile(zipFileName = "C:\Users\cofc_\AppData\Local\Temp\tmp7ED2.tmp\rjsec120.ZIP", decompressedFolder = "C:\Users\cofc_\AppData\Local\Temp\tmp8099.tmp", message = "rjsec120")~~RJStevensMusicPresentationCreator.Program~0000000591
2024-12-15 09:53:49.5223~DEBUG~extract completed~~RJStevensMusicPresentationCreator.Program~0000000592
2024-12-15 09:53:49.5223~DEBUG~<- ExtractAllFromFile(zipFileName = "C:\Users\cofc_\AppData\Local\Temp\tmp7ED2.tmp\rjsec120.ZIP", decompressedFolder = "C:\Users\cofc_\AppData\Local\Temp\tmp8099.tmp", message = "rjsec120")~~RJStevensMusicPresentationCreator.Program~0000000593
2024-12-15 09:53:49.5823~DEBUG~-> DownloadFile(url = "https://faas-nyc1-2ef2e6cc.doserverless.co/api/v1/web/fn-dd7f8f6a-d32a-4f5e-ae7b-870dfb7963f3/downloads/bundle?id=000000000000128", filename = "C:\Users\cofc_\AppData\Local\Temp\tmp8194.tmp\rjsec121.ZIP", message = "rjsec121")~~RJStevensMusicPresentationCreator.Program~0000000594
2024-12-15 09:53:50.0803~DEBUG~download completed~~RJStevensMusicPresentationCreator.Program~0000000595
2024-12-15 09:53:50.0803~DEBUG~<- DownloadFile(url = "https://faas-nyc1-2ef2e6cc.doserverless.co/api/v1/web/fn-dd7f8f6a-d32a-4f5e-ae7b-870dfb7963f3/downloads/bundle?id=000000000000128", filename = "C:\Users\cofc_\AppData\Local\Temp\tmp8194.tmp\rjsec121.ZIP", message = "rjsec121")~~RJStevensMusicPresentationCreator.Program~0000000596
2024-12-15 09:53:50.0993~DEBUG~-> ExtractAllFromFile(zipFileName = "C:\Users\cofc_\AppData\Local\Temp\tmp8194.tmp\rjsec121.ZIP", decompressedFolder = "C:\Users\cofc_\AppData\Local\Temp\tmp8398.tmp", message = "rjsec121")~~RJStevensMusicPresentationCreator.Program~0000000597
2024-12-15 09:53:50.3948~DEBUG~extract completed~~RJStevensMusicPresentationCreator.Program~0000000598
2024-12-15 09:53:50.3948~DEBUG~<- ExtractAllFromFile(zipFileName = "C:\Users\cofc_\AppData\Local\Temp\tmp8194.tmp\rjsec121.ZIP", decompressedFolder = "C:\Users\cofc_\AppData\Local\Temp\tmp8398.tmp", message = "rjsec121")~~RJStevensMusicPresentationCreator.Program~0000000599
2024-12-15 09:53:50.4738~DEBUG~-> DownloadFile(url = "https://faas-nyc1-2ef2e6cc.doserverless.co/api/v1/web/fn-dd7f8f6a-d32a-4f5e-ae7b-870dfb7963f3/downloads/bundle?id=000000000000129", filename = "C:\Users\cofc_\AppData\Local\Temp\tmp8510.tmp\rjsec122.ZIP", message = "rjsec122")~~RJStevensMusicPresentationCreator.Program~0000000600
2024-12-15 09:53:50.9258~DEBUG~download completed~~RJStevensMusicPresentationCreator.Program~0000000601
2024-12-15 09:53:50.9258~DEBUG~<- DownloadFile(url = "https://faas-nyc1-2ef2e6cc.doserverless.co/api/v1/web/fn-dd7f8f6a-d32a-4f5e-ae7b-870dfb7963f3/downloads/bundle?id=000000000000129", filename = "C:\Users\cofc_\AppData\Local\Temp\tmp8510.tmp\rjsec122.ZIP", message = "rjsec122")~~RJStevensMusicPresentationCreator.Program~0000000602
2024-12-15 09:53:50.9428~DEBUG~-> ExtractAllFromFile(zipFileName = "C:\Users\cofc_\AppData\Local\Temp\tmp8510.tmp\rjsec122.ZIP", decompressedFolder = "C:\Users\cofc_\AppData\Local\Temp\tmp86E6.tmp", message = "rjsec122")~~RJStevensMusicPresentationCreator.Program~0000000603
2024-12-15 09:53:51.1603~DEBUG~extract completed~~RJStevensMusicPresentationCreator.Program~0000000604
2024-12-15 09:53:51.1603~DEBUG~<- ExtractAllFromFile(zipFileName = "C:\Users\cofc_\AppData\Local\Temp\tmp8510.tmp\rjsec122.ZIP", decompressedFolder = "C:\Users\cofc_\AppData\Local\Temp\tmp86E6.tmp", message = "rjsec122")~~RJStevensMusicPresentationCreator.Program~0000000605
2024-12-15 09:53:51.2193~DEBUG~-> DownloadFile(url = "https://faas-nyc1-2ef2e6cc.doserverless.co/api/v1/web/fn-dd7f8f6a-d32a-4f5e-ae7b-870dfb7963f3/downloads/bundle?id=000000000000130", filename = "C:\Users\cofc_\AppData\Local\Temp\tmp8800.tmp\rjsec123.ZIP", message = "rjsec123")~~RJStevensMusicPresentationCreator.Program~0000000606
2024-12-15 09:53:51.7224~DEBUG~download completed~~RJStevensMusicPresentationCreator.Program~0000000607
2024-12-15 09:53:51.7224~DEBUG~<- DownloadFile(url = "https://faas-nyc1-2ef2e6cc.doserverless.co/api/v1/web/fn-dd7f8f6a-d32a-4f5e-ae7b-870dfb7963f3/downloads/bundle?id=000000000000130", filename = "C:\Users\cofc_\AppData\Local\Temp\tmp8800.tmp\rjsec123.ZIP", message = "rjsec123")~~RJStevensMusicPresentationCreator.Program~0000000608
2024-12-15 09:53:51.7434~DEBUG~-> ExtractAllFromFile(zipFileName = "C:\Users\cofc_\AppData\Local\Temp\tmp8800.tmp\rjsec123.ZIP", decompressedFolder = "C:\Users\cofc_\AppData\Local\Temp\tmp8A05.tmp", message = "rjsec123")~~RJStevensMusicPresentationCreator.Program~0000000609
2024-12-15 09:53:52.1094~DEBUG~extract completed~~RJStevensMusicPresentationCreator.Program~0000000610
2024-12-15 09:53:52.1094~DEBUG~<- ExtractAllFromFile(zipFileName = "C:\Users\cofc_\AppData\Local\Temp\tmp8800.tmp\rjsec123.ZIP", decompressedFolder = "C:\Users\cofc_\AppData\Local\Temp\tmp8A05.tmp", message = "rjsec123")~~RJStevensMusicPresentationCreator.Program~0000000611
2024-12-15 09:53:52.2074~DEBUG~-> DownloadFile(url = "https://faas-nyc1-2ef2e6cc.doserverless.co/api/v1/web/fn-dd7f8f6a-d32a-4f5e-ae7b-870dfb7963f3/downloads/bundle?id=000000000000131", filename = "C:\Users\cofc_\AppData\Local\Temp\tmp8BDB.tmp\rjsec124.ZIP", message = "rjsec124")~~RJStevensMusicPresentationCreator.Program~0000000612
2024-12-15 09:53:52.6344~DEBUG~download completed~~RJStevensMusicPresentationCreator.Program~0000000613
2024-12-15 09:53:52.6354~DEBUG~<- DownloadFile(url = "https://faas-nyc1-2ef2e6cc.doserverless.co/api/v1/web/fn-dd7f8f6a-d32a-4f5e-ae7b-870dfb7963f3/downloads/bundle?id=000000000000131", filename = "C:\Users\cofc_\AppData\Local\Temp\tmp8BDB.tmp\rjsec124.ZIP", message = "rjsec124")~~RJStevensMusicPresentationCreator.Program~0000000614
2024-12-15 09:53:52.6504~DEBUG~-> ExtractAllFromFile(zipFileName = "C:\Users\cofc_\AppData\Local\Temp\tmp8BDB.tmp\rjsec124.ZIP", decompressedFolder = "C:\Users\cofc_\AppData\Local\Temp\tmp8DA1.tmp", message = "rjsec124")~~RJStevensMusicPresentationCreator.Program~0000000615
2024-12-15 09:53:52.8545~DEBUG~extract completed~~RJStevensMusicPresentationCreator.Program~0000000616
2024-12-15 09:53:52.8545~DEBUG~<- ExtractAllFromFile(zipFileName = "C:\Users\cofc_\AppData\Local\Temp\tmp8BDB.tmp\rjsec124.ZIP", decompressedFolder = "C:\Users\cofc_\AppData\Local\Temp\tmp8DA1.tmp", message = "rjsec124")~~RJStevensMusicPresentationCreator.Program~0000000617
2024-12-15 09:53:52.9115~DEBUG~-> DownloadFile(url = "https://faas-nyc1-2ef2e6cc.doserverless.co/api/v1/web/fn-dd7f8f6a-d32a-4f5e-ae7b-870dfb7963f3/downloads/bundle?id=000000000000132", filename = "C:\Users\cofc_\AppData\Local\Temp\tmp8E9C.tmp\rjsec125.ZIP", message = "rjsec125")~~RJStevensMusicPresentationCreator.Program~0000000618
2024-12-15 09:53:53.3723~DEBUG~download completed~~RJStevensMusicPresentationCreator.Program~0000000619
2024-12-15 09:53:53.3723~DEBUG~<- DownloadFile(url = "https://faas-nyc1-2ef2e6cc.doserverless.co/api/v1/web/fn-dd7f8f6a-d32a-4f5e-ae7b-870dfb7963f3/downloads/bundle?id=000000000000132", filename = "C:\Users\cofc_\AppData\Local\Temp\tmp8E9C.tmp\rjsec125.ZIP", message = "rjsec125")~~RJStevensMusicPresentationCreator.Program~0000000620
2024-12-15 09:53:53.3953~DEBUG~-> ExtractAllFromFile(zipFileName = "C:\Users\cofc_\AppData\Local\Temp\tmp8E9C.tmp\rjsec125.ZIP", decompressedFolder = "C:\Users\cofc_\AppData\Local\Temp\tmp9081.tmp", message = "rjsec125")~~RJStevensMusicPresentationCreator.Program~0000000621
2024-12-15 09:53:53.6293~DEBUG~extract completed~~RJStevensMusicPresentationCreator.Program~0000000622
2024-12-15 09:53:53.6293~DEBUG~<- ExtractAllFromFile(zipFileName = "C:\Users\cofc_\AppData\Local\Temp\tmp8E9C.tmp\rjsec125.ZIP", decompressedFolder = "C:\Users\cofc_\AppData\Local\Temp\tmp9081.tmp", message = "rjsec125")~~RJStevensMusicPresentationCreator.Program~0000000623
2024-12-15 09:53:53.6914~DEBUG~-> DownloadFile(url = "https://faas-nyc1-2ef2e6cc.doserverless.co/api/v1/web/fn-dd7f8f6a-d32a-4f5e-ae7b-870dfb7963f3/downloads/bundle?id=000000000000133", filename = "C:\Users\cofc_\AppData\Local\Temp\tmp91AB.tmp\rjsec126.ZIP", message = "rjsec126")~~RJStevensMusicPresentationCreator.Program~0000000624
2024-12-15 09:53:54.1404~DEBUG~download completed~~RJStevensMusicPresentationCreator.Program~0000000625
2024-12-15 09:53:54.1404~DEBUG~<- DownloadFile(url = "https://faas-nyc1-2ef2e6cc.doserverless.co/api/v1/web/fn-dd7f8f6a-d32a-4f5e-ae7b-870dfb7963f3/downloads/bundle?id=000000000000133", filename = "C:\Users\cofc_\AppData\Local\Temp\tmp91AB.tmp\rjsec126.ZIP", message = "rjsec126")~~RJStevensMusicPresentationCreator.Program~0000000626
2024-12-15 09:53:54.1544~DEBUG~-> ExtractAllFromFile(zipFileName = "C:\Users\cofc_\AppData\Local\Temp\tmp91AB.tmp\rjsec126.ZIP", decompressedFolder = "C:\Users\cofc_\AppData\Local\Temp\tmp9381.tmp", message = "rjsec126")~~RJStevensMusicPresentationCreator.Program~0000000627
2024-12-15 09:53:54.4124~DEBUG~extract completed~~RJStevensMusicPresentationCreator.Program~0000000628
2024-12-15 09:53:54.4164~DEBUG~<- ExtractAllFromFile(zipFileName = "C:\Users\cofc_\AppData\Local\Temp\tmp91AB.tmp\rjsec126.ZIP", decompressedFolder = "C:\Users\cofc_\AppData\Local\Temp\tmp9381.tmp", message = "rjsec126")~~RJStevensMusicPresentationCreator.Program~0000000629
2024-12-15 09:53:54.4904~DEBUG~-> DownloadFile(url = "https://faas-nyc1-2ef2e6cc.doserverless.co/api/v1/web/fn-dd7f8f6a-d32a-4f5e-ae7b-870dfb7963f3/downloads/bundle?id=000000000000134", filename = "C:\Users\cofc_\AppData\Local\Temp\tmp94CA.tmp\rjsec127.ZIP", message = "rjsec127")~~RJStevensMusicPresentationCreator.Program~0000000630
2024-12-15 09:53:54.9425~DEBUG~download completed~~RJStevensMusicPresentationCreator.Program~0000000631
2024-12-15 09:53:54.9425~DEBUG~<- DownloadFile(url = "https://faas-nyc1-2ef2e6cc.doserverless.co/api/v1/web/fn-dd7f8f6a-d32a-4f5e-ae7b-870dfb7963f3/downloads/bundle?id=000000000000134", filename = "C:\Users\cofc_\AppData\Local\Temp\tmp94CA.tmp\rjsec127.ZIP", message = "rjsec127")~~RJStevensMusicPresentationCreator.Program~0000000632
2024-12-15 09:53:54.9595~DEBUG~-> ExtractAllFromFile(zipFileName = "C:\Users\cofc_\AppData\Local\Temp\tmp94CA.tmp\rjsec127.ZIP", decompressedFolder = "C:\Users\cofc_\AppData\Local\Temp\tmp96A0.tmp", message = "rjsec127")~~RJStevensMusicPresentationCreator.Program~0000000633
2024-12-15 09:53:55.2335~DEBUG~extract completed~~RJStevensMusicPresentationCreator.Program~0000000634
2024-12-15 09:53:55.2335~DEBUG~<- ExtractAllFromFile(zipFileName = "C:\Users\cofc_\AppData\Local\Temp\tmp94CA.tmp\rjsec127.ZIP", decompressedFolder = "C:\Users\cofc_\AppData\Local\Temp\tmp96A0.tmp", message = "rjsec127")~~RJStevensMusicPresentationCreator.Program~0000000635
2024-12-15 09:53:55.2965~DEBUG~-> DownloadFile(url = "https://faas-nyc1-2ef2e6cc.doserverless.co/api/v1/web/fn-dd7f8f6a-d32a-4f5e-ae7b-870dfb7963f3/downloads/bundle?id=000000000000135", filename = "C:\Users\cofc_\AppData\Local\Temp\tmp97F8.tmp\rjsec128.ZIP", message = "rjsec128")~~RJStevensMusicPresentationCreator.Program~0000000636
2024-12-15 09:53:55.7065~DEBUG~download completed~~RJStevensMusicPresentationCreator.Program~0000000637
2024-12-15 09:53:55.7065~DEBUG~<- DownloadFile(url = "https://faas-nyc1-2ef2e6cc.doserverless.co/api/v1/web/fn-dd7f8f6a-d32a-4f5e-ae7b-870dfb7963f3/downloads/bundle?id=000000000000135", filename = "C:\Users\cofc_\AppData\Local\Temp\tmp97F8.tmp\rjsec128.ZIP", message = "rjsec128")~~RJStevensMusicPresentationCreator.Program~0000000638
2024-12-15 09:53:55.7195~DEBUG~-> ExtractAllFromFile(zipFileName = "C:\Users\cofc_\AppData\Local\Temp\tmp97F8.tmp\rjsec128.ZIP", decompressedFolder = "C:\Users\cofc_\AppData\Local\Temp\tmp999F.tmp", message = "rjsec128")~~RJStevensMusicPresentationCreator.Program~0000000639
2024-12-15 09:53:55.8922~DEBUG~extract completed~~RJStevensMusicPresentationCreator.Program~0000000640
2024-12-15 09:53:55.8922~DEBUG~<- ExtractAllFromFile(zipFileName = "C:\Users\cofc_\AppData\Local\Temp\tmp97F8.tmp\rjsec128.ZIP", decompressedFolder = "C:\Users\cofc_\AppData\Local\Temp\tmp999F.tmp", message = "rjsec128")~~RJStevensMusicPresentationCreator.Program~0000000641
2024-12-15 09:53:55.9492~DEBUG~-> DownloadFile(url = "https://faas-nyc1-2ef2e6cc.doserverless.co/api/v1/web/fn-dd7f8f6a-d32a-4f5e-ae7b-870dfb7963f3/downloads/bundle?id=000000000000136", filename = "C:\Users\cofc_\AppData\Local\Temp\tmp9A8B.tmp\rjsec129.ZIP", message = "rjsec129")~~RJStevensMusicPresentationCreator.Program~0000000642
2024-12-15 09:53:56.4353~DEBUG~download completed~~RJStevensMusicPresentationCreator.Program~0000000643
2024-12-15 09:53:56.4353~DEBUG~<- DownloadFile(url = "https://faas-nyc1-2ef2e6cc.doserverless.co/api/v1/web/fn-dd7f8f6a-d32a-4f5e-ae7b-870dfb7963f3/downloads/bundle?id=000000000000136", filename = "C:\Users\cofc_\AppData\Local\Temp\tmp9A8B.tmp\rjsec129.ZIP", message = "rjsec129")~~RJStevensMusicPresentationCreator.Program~0000000644
2024-12-15 09:53:56.4553~DEBUG~-> ExtractAllFromFile(zipFileName = "C:\Users\cofc_\AppData\Local\Temp\tmp9A8B.tmp\rjsec129.ZIP", decompressedFolder = "C:\Users\cofc_\AppData\Local\Temp\tmp9C80.tmp", message = "rjsec129")~~RJStevensMusicPresentationCreator.Program~0000000645
2024-12-15 09:53:56.7721~DEBUG~extract completed~~RJStevensMusicPresentationCreator.Program~0000000646
2024-12-15 09:53:56.7721~DEBUG~<- ExtractAllFromFile(zipFileName = "C:\Users\cofc_\AppData\Local\Temp\tmp9A8B.tmp\rjsec129.ZIP", decompressedFolder = "C:\Users\cofc_\AppData\Local\Temp\tmp9C80.tmp", message = "rjsec129")~~RJStevensMusicPresentationCreator.Program~0000000647
2024-12-15 09:53:56.8491~DEBUG~-> DownloadFile(url = "https://faas-nyc1-2ef2e6cc.doserverless.co/api/v1/web/fn-dd7f8f6a-d32a-4f5e-ae7b-870dfb7963f3/downloads/bundle?id=000000000000137", filename = "C:\Users\cofc_\AppData\Local\Temp\tmp9E07.tmp\rjsec130.ZIP", message = "rjsec130")~~RJStevensMusicPresentationCreator.Program~0000000648
2024-12-15 09:53:57.2771~DEBUG~download completed~~RJStevensMusicPresentationCreator.Program~0000000649
2024-12-15 09:53:57.2771~DEBUG~<- DownloadFile(url = "https://faas-nyc1-2ef2e6cc.doserverless.co/api/v1/web/fn-dd7f8f6a-d32a-4f5e-ae7b-870dfb7963f3/downloads/bundle?id=000000000000137", filename = "C:\Users\cofc_\AppData\Local\Temp\tmp9E07.tmp\rjsec130.ZIP", message = "rjsec130")~~RJStevensMusicPresentationCreator.Program~0000000650
2024-12-15 09:53:57.2771~DEBUG~-> ExtractAllFromFile(zipFileName = "C:\Users\cofc_\AppData\Local\Temp\tmp9E07.tmp\rjsec130.ZIP", decompressedFolder = "C:\Users\cofc_\AppData\Local\Temp\tmp9FBE.tmp", message = "rjsec130")~~RJStevensMusicPresentationCreator.Program~0000000651
2024-12-15 09:53:57.4781~DEBUG~extract completed~~RJStevensMusicPresentationCreator.Program~0000000652
2024-12-15 09:53:57.4821~DEBUG~<- ExtractAllFromFile(zipFileName = "C:\Users\cofc_\AppData\Local\Temp\tmp9E07.tmp\rjsec130.ZIP", decompressedFolder = "C:\Users\cofc_\AppData\Local\Temp\tmp9FBE.tmp", message = "rjsec130")~~RJStevensMusicPresentationCreator.Program~0000000653
2024-12-15 09:53:57.5391~DEBUG~-> DownloadFile(url = "https://faas-nyc1-2ef2e6cc.doserverless.co/api/v1/web/fn-dd7f8f6a-d32a-4f5e-ae7b-870dfb7963f3/downloads/bundle?id=000000000000138", filename = "C:\Users\cofc_\AppData\Local\Temp\tmpA0B9.tmp\rjsec131.ZIP", message = "rjsec131")~~RJStevensMusicPresentationCreator.Program~0000000654
2024-12-15 09:53:57.9701~DEBUG~download completed~~RJStevensMusicPresentationCreator.Program~0000000655
2024-12-15 09:53:57.9701~DEBUG~<- DownloadFile(url = "https://faas-nyc1-2ef2e6cc.doserverless.co/api/v1/web/fn-dd7f8f6a-d32a-4f5e-ae7b-870dfb7963f3/downloads/bundle?id=000000000000138", filename = "C:\Users\cofc_\AppData\Local\Temp\tmpA0B9.tmp\rjsec131.ZIP", message = "rjsec131")~~RJStevensMusicPresentationCreator.Program~0000000656
2024-12-15 09:53:57.9831~DEBUG~-> ExtractAllFromFile(zipFileName = "C:\Users\cofc_\AppData\Local\Temp\tmpA0B9.tmp\rjsec131.ZIP", decompressedFolder = "C:\Users\cofc_\AppData\Local\Temp\tmpA27F.tmp", message = "rjsec131")~~RJStevensMusicPresentationCreator.Program~0000000657
2024-12-15 09:53:58.2153~DEBUG~extract completed~~RJStevensMusicPresentationCreator.Program~0000000658
2024-12-15 09:53:58.2153~DEBUG~<- ExtractAllFromFile(zipFileName = "C:\Users\cofc_\AppData\Local\Temp\tmpA0B9.tmp\rjsec131.ZIP", decompressedFolder = "C:\Users\cofc_\AppData\Local\Temp\tmpA27F.tmp", message = "rjsec131")~~RJStevensMusicPresentationCreator.Program~0000000659
2024-12-15 09:53:58.2783~DEBUG~-> DownloadFile(url = "https://faas-nyc1-2ef2e6cc.doserverless.co/api/v1/web/fn-dd7f8f6a-d32a-4f5e-ae7b-870dfb7963f3/downloads/bundle?id=000000000000139", filename = "C:\Users\cofc_\AppData\Local\Temp\tmpA3A9.tmp\rjsec132.ZIP", message = "rjsec132")~~RJStevensMusicPresentationCreator.Program~0000000660
2024-12-15 09:53:58.7001~DEBUG~download completed~~RJStevensMusicPresentationCreator.Program~0000000661
2024-12-15 09:53:58.7001~DEBUG~<- DownloadFile(url = "https://faas-nyc1-2ef2e6cc.doserverless.co/api/v1/web/fn-dd7f8f6a-d32a-4f5e-ae7b-870dfb7963f3/downloads/bundle?id=000000000000139", filename = "C:\Users\cofc_\AppData\Local\Temp\tmpA3A9.tmp\rjsec132.ZIP", message = "rjsec132")~~RJStevensMusicPresentationCreator.Program~0000000662
2024-12-15 09:53:58.7001~DEBUG~-> ExtractAllFromFile(zipFileName = "C:\Users\cofc_\AppData\Local\Temp\tmpA3A9.tmp\rjsec132.ZIP", decompressedFolder = "C:\Users\cofc_\AppData\Local\Temp\tmpA550.tmp", message = "rjsec132")~~RJStevensMusicPresentationCreator.Program~0000000663
2024-12-15 09:53:58.9561~DEBUG~extract completed~~RJStevensMusicPresentationCreator.Program~0000000664
2024-12-15 09:53:58.9561~DEBUG~<- ExtractAllFromFile(zipFileName = "C:\Users\cofc_\AppData\Local\Temp\tmpA3A9.tmp\rjsec132.ZIP", decompressedFolder = "C:\Users\cofc_\AppData\Local\Temp\tmpA550.tmp", message = "rjsec132")~~RJStevensMusicPresentationCreator.Program~0000000665
2024-12-15 09:53:59.0211~DEBUG~-> DownloadFile(url = "https://faas-nyc1-2ef2e6cc.doserverless.co/api/v1/web/fn-dd7f8f6a-d32a-4f5e-ae7b-870dfb7963f3/downloads/bundle?id=000000000000140", filename = "C:\Users\cofc_\AppData\Local\Temp\tmpA689.tmp\rjsec133.ZIP", message = "rjsec133")~~RJStevensMusicPresentationCreator.Program~0000000666
2024-12-15 09:53:59.4531~DEBUG~download completed~~RJStevensMusicPresentationCreator.Program~0000000667
2024-12-15 09:53:59.4531~DEBUG~<- DownloadFile(url = "https://faas-nyc1-2ef2e6cc.doserverless.co/api/v1/web/fn-dd7f8f6a-d32a-4f5e-ae7b-870dfb7963f3/downloads/bundle?id=000000000000140", filename = "C:\Users\cofc_\AppData\Local\Temp\tmpA689.tmp\rjsec133.ZIP", message = "rjsec133")~~RJStevensMusicPresentationCreator.Program~0000000668
2024-12-15 09:53:59.4671~DEBUG~-> ExtractAllFromFile(zipFileName = "C:\Users\cofc_\AppData\Local\Temp\tmpA689.tmp\rjsec133.ZIP", decompressedFolder = "C:\Users\cofc_\AppData\Local\Temp\tmpA84F.tmp", message = "rjsec133")~~RJStevensMusicPresentationCreator.Program~0000000669
2024-12-15 09:53:59.7046~DEBUG~extract completed~~RJStevensMusicPresentationCreator.Program~0000000670
2024-12-15 09:53:59.7046~DEBUG~<- ExtractAllFromFile(zipFileName = "C:\Users\cofc_\AppData\Local\Temp\tmpA689.tmp\rjsec133.ZIP", decompressedFolder = "C:\Users\cofc_\AppData\Local\Temp\tmpA84F.tmp", message = "rjsec133")~~RJStevensMusicPresentationCreator.Program~0000000671
2024-12-15 09:53:59.7686~DEBUG~-> DownloadFile(url = "https://faas-nyc1-2ef2e6cc.doserverless.co/api/v1/web/fn-dd7f8f6a-d32a-4f5e-ae7b-870dfb7963f3/downloads/bundle?id=000000000000141", filename = "C:\Users\cofc_\AppData\Local\Temp\tmpA979.tmp\rjsec134.ZIP", message = "rjsec134")~~RJStevensMusicPresentationCreator.Program~0000000672
2024-12-15 09:54:00.2036~DEBUG~download completed~~RJStevensMusicPresentationCreator.Program~0000000673
2024-12-15 09:54:00.2036~DEBUG~<- DownloadFile(url = "https://faas-nyc1-2ef2e6cc.doserverless.co/api/v1/web/fn-dd7f8f6a-d32a-4f5e-ae7b-870dfb7963f3/downloads/bundle?id=000000000000141", filename = "C:\Users\cofc_\AppData\Local\Temp\tmpA979.tmp\rjsec134.ZIP", message = "rjsec134")~~RJStevensMusicPresentationCreator.Program~0000000674
2024-12-15 09:54:00.2206~DEBUG~-> ExtractAllFromFile(zipFileName = "C:\Users\cofc_\AppData\Local\Temp\tmpA979.tmp\rjsec134.ZIP", decompressedFolder = "C:\Users\cofc_\AppData\Local\Temp\tmpAB3F.tmp", message = "rjsec134")~~RJStevensMusicPresentationCreator.Program~0000000675
2024-12-15 09:54:00.4146~DEBUG~extract completed~~RJStevensMusicPresentationCreator.Program~0000000676
2024-12-15 09:54:00.4176~DEBUG~<- ExtractAllFromFile(zipFileName = "C:\Users\cofc_\AppData\Local\Temp\tmpA979.tmp\rjsec134.ZIP", decompressedFolder = "C:\Users\cofc_\AppData\Local\Temp\tmpAB3F.tmp", message = "rjsec134")~~RJStevensMusicPresentationCreator.Program~0000000677
2024-12-15 09:54:00.4736~DEBUG~-> DownloadFile(url = "https://faas-nyc1-2ef2e6cc.doserverless.co/api/v1/web/fn-dd7f8f6a-d32a-4f5e-ae7b-870dfb7963f3/downloads/bundle?id=000000000000142", filename = "C:\Users\cofc_\AppData\Local\Temp\tmpAC3A.tmp\rjsec135.ZIP", message = "rjsec135")~~RJStevensMusicPresentationCreator.Program~0000000678
2024-12-15 09:54:00.8997~DEBUG~download completed~~RJStevensMusicPresentationCreator.Program~0000000679
2024-12-15 09:54:00.9007~DEBUG~<- DownloadFile(url = "https://faas-nyc1-2ef2e6cc.doserverless.co/api/v1/web/fn-dd7f8f6a-d32a-4f5e-ae7b-870dfb7963f3/downloads/bundle?id=000000000000142", filename = "C:\Users\cofc_\AppData\Local\Temp\tmpAC3A.tmp\rjsec135.ZIP", message = "rjsec135")~~RJStevensMusicPresentationCreator.Program~0000000680
2024-12-15 09:54:00.9167~DEBUG~-> ExtractAllFromFile(zipFileName = "C:\Users\cofc_\AppData\Local\Temp\tmpAC3A.tmp\rjsec135.ZIP", decompressedFolder = "C:\Users\cofc_\AppData\Local\Temp\tmpADF1.tmp", message = "rjsec135")~~RJStevensMusicPresentationCreator.Program~0000000681
2024-12-15 09:54:01.1339~DEBUG~extract completed~~RJStevensMusicPresentationCreator.Program~0000000682
2024-12-15 09:54:01.1389~DEBUG~<- ExtractAllFromFile(zipFileName = "C:\Users\cofc_\AppData\Local\Temp\tmpAC3A.tmp\rjsec135.ZIP", decompressedFolder = "C:\Users\cofc_\AppData\Local\Temp\tmpADF1.tmp", message = "rjsec135")~~RJStevensMusicPresentationCreator.Program~0000000683
2024-12-15 09:54:01.1989~DEBUG~-> DownloadFile(url = "https://faas-nyc1-2ef2e6cc.doserverless.co/api/v1/web/fn-dd7f8f6a-d32a-4f5e-ae7b-870dfb7963f3/downloads/bundle?id=000000000000143", filename = "C:\Users\cofc_\AppData\Local\Temp\tmpAF1B.tmp\rjsec136.ZIP", message = "rjsec136")~~RJStevensMusicPresentationCreator.Program~0000000684
2024-12-15 09:54:01.6710~DEBUG~download completed~~RJStevensMusicPresentationCreator.Program~0000000685
2024-12-15 09:54:01.6710~DEBUG~<- DownloadFile(url = "https://faas-nyc1-2ef2e6cc.doserverless.co/api/v1/web/fn-dd7f8f6a-d32a-4f5e-ae7b-870dfb7963f3/downloads/bundle?id=000000000000143", filename = "C:\Users\cofc_\AppData\Local\Temp\tmpAF1B.tmp\rjsec136.ZIP", message = "rjsec136")~~RJStevensMusicPresentationCreator.Program~0000000686
2024-12-15 09:54:01.6910~DEBUG~-> ExtractAllFromFile(zipFileName = "C:\Users\cofc_\AppData\Local\Temp\tmpAF1B.tmp\rjsec136.ZIP", decompressedFolder = "C:\Users\cofc_\AppData\Local\Temp\tmpB100.tmp", message = "rjsec136")~~RJStevensMusicPresentationCreator.Program~0000000687
2024-12-15 09:54:01.8930~DEBUG~extract completed~~RJStevensMusicPresentationCreator.Program~0000000688
2024-12-15 09:54:01.8930~DEBUG~<- ExtractAllFromFile(zipFileName = "C:\Users\cofc_\AppData\Local\Temp\tmpAF1B.tmp\rjsec136.ZIP", decompressedFolder = "C:\Users\cofc_\AppData\Local\Temp\tmpB100.tmp", message = "rjsec136")~~RJStevensMusicPresentationCreator.Program~0000000689
2024-12-15 09:54:01.9550~DEBUG~-> DownloadFile(url = "https://faas-nyc1-2ef2e6cc.doserverless.co/api/v1/web/fn-dd7f8f6a-d32a-4f5e-ae7b-870dfb7963f3/downloads/bundle?id=000000000000144", filename = "C:\Users\cofc_\AppData\Local\Temp\tmpB20B.tmp\rjsec137.ZIP", message = "rjsec137")~~RJStevensMusicPresentationCreator.Program~0000000690
2024-12-15 09:54:02.4070~DEBUG~download completed~~RJStevensMusicPresentationCreator.Program~0000000691
2024-12-15 09:54:02.4070~DEBUG~<- DownloadFile(url = "https://faas-nyc1-2ef2e6cc.doserverless.co/api/v1/web/fn-dd7f8f6a-d32a-4f5e-ae7b-870dfb7963f3/downloads/bundle?id=000000000000144", filename = "C:\Users\cofc_\AppData\Local\Temp\tmpB20B.tmp\rjsec137.ZIP", message = "rjsec137")~~RJStevensMusicPresentationCreator.Program~0000000692
2024-12-15 09:54:02.4210~DEBUG~-> ExtractAllFromFile(zipFileName = "C:\Users\cofc_\AppData\Local\Temp\tmpB20B.tmp\rjsec137.ZIP", decompressedFolder = "C:\Users\cofc_\AppData\Local\Temp\tmpB3E0.tmp", message = "rjsec137")~~RJStevensMusicPresentationCreator.Program~0000000693
2024-12-15 09:54:02.6819~DEBUG~extract completed~~RJStevensMusicPresentationCreator.Program~0000000694
2024-12-15 09:54:02.6819~DEBUG~<- ExtractAllFromFile(zipFileName = "C:\Users\cofc_\AppData\Local\Temp\tmpB20B.tmp\rjsec137.ZIP", decompressedFolder = "C:\Users\cofc_\AppData\Local\Temp\tmpB3E0.tmp", message = "rjsec137")~~RJStevensMusicPresentationCreator.Program~0000000695
2024-12-15 09:54:02.7939~DEBUG~-> DownloadFile(url = "https://faas-nyc1-2ef2e6cc.doserverless.co/api/v1/web/fn-dd7f8f6a-d32a-4f5e-ae7b-870dfb7963f3/downloads/bundle?id=000000000000145", filename = "C:\Users\cofc_\AppData\Local\Temp\tmpB558.tmp\rjsec138.ZIP", message = "rjsec138")~~RJStevensMusicPresentationCreator.Program~0000000696
2024-12-15 09:54:03.2469~DEBUG~download completed~~RJStevensMusicPresentationCreator.Program~0000000697
2024-12-15 09:54:03.2469~DEBUG~<- DownloadFile(url = "https://faas-nyc1-2ef2e6cc.doserverless.co/api/v1/web/fn-dd7f8f6a-d32a-4f5e-ae7b-870dfb7963f3/downloads/bundle?id=000000000000145", filename = "C:\Users\cofc_\AppData\Local\Temp\tmpB558.tmp\rjsec138.ZIP", message = "rjsec138")~~RJStevensMusicPresentationCreator.Program~0000000698
2024-12-15 09:54:03.2619~DEBUG~-> ExtractAllFromFile(zipFileName = "C:\Users\cofc_\AppData\Local\Temp\tmpB558.tmp\rjsec138.ZIP", decompressedFolder = "C:\Users\cofc_\AppData\Local\Temp\tmpB72E.tmp", message = "rjsec138")~~RJStevensMusicPresentationCreator.Program~0000000699
2024-12-15 09:54:03.4984~DEBUG~extract completed~~RJStevensMusicPresentationCreator.Program~0000000700
2024-12-15 09:54:03.4984~DEBUG~<- ExtractAllFromFile(zipFileName = "C:\Users\cofc_\AppData\Local\Temp\tmpB558.tmp\rjsec138.ZIP", decompressedFolder = "C:\Users\cofc_\AppData\Local\Temp\tmpB72E.tmp", message = "rjsec138")~~RJStevensMusicPresentationCreator.Program~0000000701
2024-12-15 09:54:03.5544~DEBUG~-> DownloadFile(url = "https://faas-nyc1-2ef2e6cc.doserverless.co/api/v1/web/fn-dd7f8f6a-d32a-4f5e-ae7b-870dfb7963f3/downloads/bundle?id=000000000000146", filename = "C:\Users\cofc_\AppData\Local\Temp\tmpB848.tmp\rjsec139.ZIP", message = "rjsec139")~~RJStevensMusicPresentationCreator.Program~0000000702
2024-12-15 09:54:04.0095~DEBUG~download completed~~RJStevensMusicPresentationCreator.Program~0000000703
2024-12-15 09:54:04.0105~DEBUG~<- DownloadFile(url = "https://faas-nyc1-2ef2e6cc.doserverless.co/api/v1/web/fn-dd7f8f6a-d32a-4f5e-ae7b-870dfb7963f3/downloads/bundle?id=000000000000146", filename = "C:\Users\cofc_\AppData\Local\Temp\tmpB848.tmp\rjsec139.ZIP", message = "rjsec139")~~RJStevensMusicPresentationCreator.Program~0000000704
2024-12-15 09:54:04.0275~DEBUG~-> ExtractAllFromFile(zipFileName = "C:\Users\cofc_\AppData\Local\Temp\tmpB848.tmp\rjsec139.ZIP", decompressedFolder = "C:\Users\cofc_\AppData\Local\Temp\tmpBA2E.tmp", message = "rjsec139")~~RJStevensMusicPresentationCreator.Program~0000000705
2024-12-15 09:54:04.3105~DEBUG~extract completed~~RJStevensMusicPresentationCreator.Program~0000000706
2024-12-15 09:54:04.3105~DEBUG~<- ExtractAllFromFile(zipFileName = "C:\Users\cofc_\AppData\Local\Temp\tmpB848.tmp\rjsec139.ZIP", decompressedFolder = "C:\Users\cofc_\AppData\Local\Temp\tmpBA2E.tmp", message = "rjsec139")~~RJStevensMusicPresentationCreator.Program~0000000707
2024-12-15 09:54:04.3885~DEBUG~-> DownloadFile(url = "https://faas-nyc1-2ef2e6cc.doserverless.co/api/v1/web/fn-dd7f8f6a-d32a-4f5e-ae7b-870dfb7963f3/downloads/bundle?id=000000000000148", filename = "C:\Users\cofc_\AppData\Local\Temp\tmpBB96.tmp\rjsec141.ZIP", message = "rjsec141")~~RJStevensMusicPresentationCreator.Program~0000000708
2024-12-15 09:54:04.8665~DEBUG~download completed~~RJStevensMusicPresentationCreator.Program~0000000709
2024-12-15 09:54:04.8665~DEBUG~<- DownloadFile(url = "https://faas-nyc1-2ef2e6cc.doserverless.co/api/v1/web/fn-dd7f8f6a-d32a-4f5e-ae7b-870dfb7963f3/downloads/bundle?id=000000000000148", filename = "C:\Users\cofc_\AppData\Local\Temp\tmpBB96.tmp\rjsec141.ZIP", message = "rjsec141")~~RJStevensMusicPresentationCreator.Program~0000000710
2024-12-15 09:54:04.8835~DEBUG~-> ExtractAllFromFile(zipFileName = "C:\Users\cofc_\AppData\Local\Temp\tmpBB96.tmp\rjsec141.ZIP", decompressedFolder = "C:\Users\cofc_\AppData\Local\Temp\tmpBD7B.tmp", message = "rjsec141")~~RJStevensMusicPresentationCreator.Program~0000000711
2024-12-15 09:54:05.1495~DEBUG~extract completed~~RJStevensMusicPresentationCreator.Program~0000000712
2024-12-15 09:54:05.1525~DEBUG~<- ExtractAllFromFile(zipFileName = "C:\Users\cofc_\AppData\Local\Temp\tmpBB96.tmp\rjsec141.ZIP", decompressedFolder = "C:\Users\cofc_\AppData\Local\Temp\tmpBD7B.tmp", message = "rjsec141")~~RJStevensMusicPresentationCreator.Program~0000000713
2024-12-15 09:54:05.2175~DEBUG~-> DownloadFile(url = "https://faas-nyc1-2ef2e6cc.doserverless.co/api/v1/web/fn-dd7f8f6a-d32a-4f5e-ae7b-870dfb7963f3/downloads/bundle?id=000000000000149", filename = "C:\Users\cofc_\AppData\Local\Temp\tmpBED4.tmp\rjsec142.ZIP", message = "rjsec142")~~RJStevensMusicPresentationCreator.Program~0000000714
2024-12-15 09:54:05.6655~DEBUG~download completed~~RJStevensMusicPresentationCreator.Program~0000000715
2024-12-15 09:54:05.6665~DEBUG~<- DownloadFile(url = "https://faas-nyc1-2ef2e6cc.doserverless.co/api/v1/web/fn-dd7f8f6a-d32a-4f5e-ae7b-870dfb7963f3/downloads/bundle?id=000000000000149", filename = "C:\Users\cofc_\AppData\Local\Temp\tmpBED4.tmp\rjsec142.ZIP", message = "rjsec142")~~RJStevensMusicPresentationCreator.Program~0000000716
2024-12-15 09:54:05.6865~DEBUG~-> ExtractAllFromFile(zipFileName = "C:\Users\cofc_\AppData\Local\Temp\tmpBED4.tmp\rjsec142.ZIP", decompressedFolder = "C:\Users\cofc_\AppData\Local\Temp\tmpC0AA.tmp", message = "rjsec142")~~RJStevensMusicPresentationCreator.Program~0000000717
2024-12-15 09:54:05.9146~DEBUG~extract completed~~RJStevensMusicPresentationCreator.Program~0000000718
2024-12-15 09:54:05.9186~DEBUG~<- ExtractAllFromFile(zipFileName = "C:\Users\cofc_\AppData\Local\Temp\tmpBED4.tmp\rjsec142.ZIP", decompressedFolder = "C:\Users\cofc_\AppData\Local\Temp\tmpC0AA.tmp", message = "rjsec142")~~RJStevensMusicPresentationCreator.Program~0000000719
2024-12-15 09:54:05.9836~DEBUG~-> DownloadFile(url = "https://faas-nyc1-2ef2e6cc.doserverless.co/api/v1/web/fn-dd7f8f6a-d32a-4f5e-ae7b-870dfb7963f3/downloads/bundle?id=000000000000150", filename = "C:\Users\cofc_\AppData\Local\Temp\tmpC1D4.tmp\rjsec143.ZIP", message = "rjsec143")~~RJStevensMusicPresentationCreator.Program~0000000720
2024-12-15 09:54:06.4226~DEBUG~download completed~~RJStevensMusicPresentationCreator.Program~0000000721
2024-12-15 09:54:06.4226~DEBUG~<- DownloadFile(url = "https://faas-nyc1-2ef2e6cc.doserverless.co/api/v1/web/fn-dd7f8f6a-d32a-4f5e-ae7b-870dfb7963f3/downloads/bundle?id=000000000000150", filename = "C:\Users\cofc_\AppData\Local\Temp\tmpC1D4.tmp\rjsec143.ZIP", message = "rjsec143")~~RJStevensMusicPresentationCreator.Program~0000000722
2024-12-15 09:54:06.4386~DEBUG~-> ExtractAllFromFile(zipFileName = "C:\Users\cofc_\AppData\Local\Temp\tmpC1D4.tmp\rjsec143.ZIP", decompressedFolder = "C:\Users\cofc_\AppData\Local\Temp\tmpC39A.tmp", message = "rjsec143")~~RJStevensMusicPresentationCreator.Program~0000000723
2024-12-15 09:54:06.6926~DEBUG~extract completed~~RJStevensMusicPresentationCreator.Program~0000000724
2024-12-15 09:54:06.6926~DEBUG~<- ExtractAllFromFile(zipFileName = "C:\Users\cofc_\AppData\Local\Temp\tmpC1D4.tmp\rjsec143.ZIP", decompressedFolder = "C:\Users\cofc_\AppData\Local\Temp\tmpC39A.tmp", message = "rjsec143")~~RJStevensMusicPresentationCreator.Program~0000000725
2024-12-15 09:54:06.7656~DEBUG~-> DownloadFile(url = "https://faas-nyc1-2ef2e6cc.doserverless.co/api/v1/web/fn-dd7f8f6a-d32a-4f5e-ae7b-870dfb7963f3/downloads/bundle?id=000000000000151", filename = "C:\Users\cofc_\AppData\Local\Temp\tmpC4E3.tmp\rjsec144.ZIP", message = "rjsec144")~~RJStevensMusicPresentationCreator.Program~0000000726
2024-12-15 09:54:07.1877~DEBUG~download completed~~RJStevensMusicPresentationCreator.Program~0000000727
2024-12-15 09:54:07.1877~DEBUG~<- DownloadFile(url = "https://faas-nyc1-2ef2e6cc.doserverless.co/api/v1/web/fn-dd7f8f6a-d32a-4f5e-ae7b-870dfb7963f3/downloads/bundle?id=000000000000151", filename = "C:\Users\cofc_\AppData\Local\Temp\tmpC4E3.tmp\rjsec144.ZIP", message = "rjsec144")~~RJStevensMusicPresentationCreator.Program~0000000728
2024-12-15 09:54:07.2037~DEBUG~-> ExtractAllFromFile(zipFileName = "C:\Users\cofc_\AppData\Local\Temp\tmpC4E3.tmp\rjsec144.ZIP", decompressedFolder = "C:\Users\cofc_\AppData\Local\Temp\tmpC69A.tmp", message = "rjsec144")~~RJStevensMusicPresentationCreator.Program~0000000729
2024-12-15 09:54:07.3997~DEBUG~extract completed~~RJStevensMusicPresentationCreator.Program~0000000730
2024-12-15 09:54:07.4027~DEBUG~<- ExtractAllFromFile(zipFileName = "C:\Users\cofc_\AppData\Local\Temp\tmpC4E3.tmp\rjsec144.ZIP", decompressedFolder = "C:\Users\cofc_\AppData\Local\Temp\tmpC69A.tmp", message = "rjsec144")~~RJStevensMusicPresentationCreator.Program~0000000731
2024-12-15 09:54:07.4567~DEBUG~-> DownloadFile(url = "https://faas-nyc1-2ef2e6cc.doserverless.co/api/v1/web/fn-dd7f8f6a-d32a-4f5e-ae7b-870dfb7963f3/downloads/bundle?id=000000000000153", filename = "C:\Users\cofc_\AppData\Local\Temp\tmpC795.tmp\rjsec146.ZIP", message = "rjsec146")~~RJStevensMusicPresentationCreator.Program~0000000732
2024-12-15 09:54:07.9607~DEBUG~download completed~~RJStevensMusicPresentationCreator.Program~0000000733
2024-12-15 09:54:07.9607~DEBUG~<- DownloadFile(url = "https://faas-nyc1-2ef2e6cc.doserverless.co/api/v1/web/fn-dd7f8f6a-d32a-4f5e-ae7b-870dfb7963f3/downloads/bundle?id=000000000000153", filename = "C:\Users\cofc_\AppData\Local\Temp\tmpC795.tmp\rjsec146.ZIP", message = "rjsec146")~~RJStevensMusicPresentationCreator.Program~0000000734
2024-12-15 09:54:07.9757~DEBUG~-> ExtractAllFromFile(zipFileName = "C:\Users\cofc_\AppData\Local\Temp\tmpC795.tmp\rjsec146.ZIP", decompressedFolder = "C:\Users\cofc_\AppData\Local\Temp\tmpC999.tmp", message = "rjsec146")~~RJStevensMusicPresentationCreator.Program~0000000735
2024-12-15 09:54:08.1741~DEBUG~extract completed~~RJStevensMusicPresentationCreator.Program~0000000736
2024-12-15 09:54:08.1741~DEBUG~<- ExtractAllFromFile(zipFileName = "C:\Users\cofc_\AppData\Local\Temp\tmpC795.tmp\rjsec146.ZIP", decompressedFolder = "C:\Users\cofc_\AppData\Local\Temp\tmpC999.tmp", message = "rjsec146")~~RJStevensMusicPresentationCreator.Program~0000000737
2024-12-15 09:54:08.2331~DEBUG~-> DownloadFile(url = "https://faas-nyc1-2ef2e6cc.doserverless.co/api/v1/web/fn-dd7f8f6a-d32a-4f5e-ae7b-870dfb7963f3/downloads/bundle?id=000000000000154", filename = "C:\Users\cofc_\AppData\Local\Temp\tmpCAA4.tmp\rjsec147.ZIP", message = "rjsec147")~~RJStevensMusicPresentationCreator.Program~0000000738
2024-12-15 09:54:08.7172~DEBUG~download completed~~RJStevensMusicPresentationCreator.Program~0000000739
2024-12-15 09:54:08.7172~DEBUG~<- DownloadFile(url = "https://faas-nyc1-2ef2e6cc.doserverless.co/api/v1/web/fn-dd7f8f6a-d32a-4f5e-ae7b-870dfb7963f3/downloads/bundle?id=000000000000154", filename = "C:\Users\cofc_\AppData\Local\Temp\tmpCAA4.tmp\rjsec147.ZIP", message = "rjsec147")~~RJStevensMusicPresentationCreator.Program~0000000740
2024-12-15 09:54:08.7382~DEBUG~-> ExtractAllFromFile(zipFileName = "C:\Users\cofc_\AppData\Local\Temp\tmpCAA4.tmp\rjsec147.ZIP", decompressedFolder = "C:\Users\cofc_\AppData\Local\Temp\tmpCC99.tmp", message = "rjsec147")~~RJStevensMusicPresentationCreator.Program~0000000741
2024-12-15 09:54:09.1000~DEBUG~extract completed~~RJStevensMusicPresentationCreator.Program~0000000742
2024-12-15 09:54:09.1040~DEBUG~<- ExtractAllFromFile(zipFileName = "C:\Users\cofc_\AppData\Local\Temp\tmpCAA4.tmp\rjsec147.ZIP", decompressedFolder = "C:\Users\cofc_\AppData\Local\Temp\tmpCC99.tmp", message = "rjsec147")~~RJStevensMusicPresentationCreator.Program~0000000743
2024-12-15 09:54:09.1820~DEBUG~-> DownloadFile(url = "https://faas-nyc1-2ef2e6cc.doserverless.co/api/v1/web/fn-dd7f8f6a-d32a-4f5e-ae7b-870dfb7963f3/downloads/bundle?id=000000000000155", filename = "C:\Users\cofc_\AppData\Local\Temp\tmpCE4F.tmp\rjsec148.ZIP", message = "rjsec148")~~RJStevensMusicPresentationCreator.Program~0000000744
2024-12-15 09:54:09.6097~DEBUG~download completed~~RJStevensMusicPresentationCreator.Program~0000000745
2024-12-15 09:54:09.6097~DEBUG~<- DownloadFile(url = "https://faas-nyc1-2ef2e6cc.doserverless.co/api/v1/web/fn-dd7f8f6a-d32a-4f5e-ae7b-870dfb7963f3/downloads/bundle?id=000000000000155", filename = "C:\Users\cofc_\AppData\Local\Temp\tmpCE4F.tmp\rjsec148.ZIP", message = "rjsec148")~~RJStevensMusicPresentationCreator.Program~0000000746
2024-12-15 09:54:09.6257~DEBUG~-> ExtractAllFromFile(zipFileName = "C:\Users\cofc_\AppData\Local\Temp\tmpCE4F.tmp\rjsec148.ZIP", decompressedFolder = "C:\Users\cofc_\AppData\Local\Temp\tmpD015.tmp", message = "rjsec148")~~RJStevensMusicPresentationCreator.Program~0000000747
2024-12-15 09:54:09.7937~DEBUG~extract completed~~RJStevensMusicPresentationCreator.Program~0000000748
2024-12-15 09:54:09.7937~DEBUG~<- ExtractAllFromFile(zipFileName = "C:\Users\cofc_\AppData\Local\Temp\tmpCE4F.tmp\rjsec148.ZIP", decompressedFolder = "C:\Users\cofc_\AppData\Local\Temp\tmpD015.tmp", message = "rjsec148")~~RJStevensMusicPresentationCreator.Program~0000000749
2024-12-15 09:54:09.8437~DEBUG~-> DownloadFile(url = "https://faas-nyc1-2ef2e6cc.doserverless.co/api/v1/web/fn-dd7f8f6a-d32a-4f5e-ae7b-870dfb7963f3/downloads/bundle?id=000000000000156", filename = "C:\Users\cofc_\AppData\Local\Temp\tmpD0F1.tmp\rjsec149.ZIP", message = "rjsec149")~~RJStevensMusicPresentationCreator.Program~0000000750
2024-12-15 09:54:10.2977~DEBUG~download completed~~RJStevensMusicPresentationCreator.Program~0000000751
2024-12-15 09:54:10.2977~DEBUG~<- DownloadFile(url = "https://faas-nyc1-2ef2e6cc.doserverless.co/api/v1/web/fn-dd7f8f6a-d32a-4f5e-ae7b-870dfb7963f3/downloads/bundle?id=000000000000156", filename = "C:\Users\cofc_\AppData\Local\Temp\tmpD0F1.tmp\rjsec149.ZIP", message = "rjsec149")~~RJStevensMusicPresentationCreator.Program~0000000752
2024-12-15 09:54:10.3157~DEBUG~-> ExtractAllFromFile(zipFileName = "C:\Users\cofc_\AppData\Local\Temp\tmpD0F1.tmp\rjsec149.ZIP", decompressedFolder = "C:\Users\cofc_\AppData\Local\Temp\tmpD2C7.tmp", message = "rjsec149")~~RJStevensMusicPresentationCreator.Program~0000000753
2024-12-15 09:54:10.5709~DEBUG~extract completed~~RJStevensMusicPresentationCreator.Program~0000000754
2024-12-15 09:54:10.5739~DEBUG~<- ExtractAllFromFile(zipFileName = "C:\Users\cofc_\AppData\Local\Temp\tmpD0F1.tmp\rjsec149.ZIP", decompressedFolder = "C:\Users\cofc_\AppData\Local\Temp\tmpD2C7.tmp", message = "rjsec149")~~RJStevensMusicPresentationCreator.Program~0000000755
2024-12-15 09:54:10.6359~DEBUG~-> DownloadFile(url = "https://faas-nyc1-2ef2e6cc.doserverless.co/api/v1/web/fn-dd7f8f6a-d32a-4f5e-ae7b-870dfb7963f3/downloads/bundle?id=000000000000157", filename = "C:\Users\cofc_\AppData\Local\Temp\tmpD400.tmp\rjsec150.ZIP", message = "rjsec150")~~RJStevensMusicPresentationCreator.Program~0000000756
2024-12-15 09:54:11.0559~DEBUG~download completed~~RJStevensMusicPresentationCreator.Program~0000000757
2024-12-15 09:54:11.0569~DEBUG~<- DownloadFile(url = "https://faas-nyc1-2ef2e6cc.doserverless.co/api/v1/web/fn-dd7f8f6a-d32a-4f5e-ae7b-870dfb7963f3/downloads/bundle?id=000000000000157", filename = "C:\Users\cofc_\AppData\Local\Temp\tmpD400.tmp\rjsec150.ZIP", message = "rjsec150")~~RJStevensMusicPresentationCreator.Program~0000000758
2024-12-15 09:54:11.0569~DEBUG~-> ExtractAllFromFile(zipFileName = "C:\Users\cofc_\AppData\Local\Temp\tmpD400.tmp\rjsec150.ZIP", decompressedFolder = "C:\Users\cofc_\AppData\Local\Temp\tmpD5B7.tmp", message = "rjsec150")~~RJStevensMusicPresentationCreator.Program~0000000759
2024-12-15 09:54:11.2829~DEBUG~extract completed~~RJStevensMusicPresentationCreator.Program~0000000760
2024-12-15 09:54:11.2829~DEBUG~<- ExtractAllFromFile(zipFileName = "C:\Users\cofc_\AppData\Local\Temp\tmpD400.tmp\rjsec150.ZIP", decompressedFolder = "C:\Users\cofc_\AppData\Local\Temp\tmpD5B7.tmp", message = "rjsec150")~~RJStevensMusicPresentationCreator.Program~0000000761
2024-12-15 09:54:11.3399~DEBUG~-> DownloadFile(url = "https://faas-nyc1-2ef2e6cc.doserverless.co/api/v1/web/fn-dd7f8f6a-d32a-4f5e-ae7b-870dfb7963f3/downloads/bundle?id=000000000000158", filename = "C:\Users\cofc_\AppData\Local\Temp\tmpD6D1.tmp\rjsec151.ZIP", message = "rjsec151")~~RJStevensMusicPresentationCreator.Program~0000000762
2024-12-15 09:54:11.7480~DEBUG~download completed~~RJStevensMusicPresentationCreator.Program~0000000763
2024-12-15 09:54:11.7480~DEBUG~<- DownloadFile(url = "https://faas-nyc1-2ef2e6cc.doserverless.co/api/v1/web/fn-dd7f8f6a-d32a-4f5e-ae7b-870dfb7963f3/downloads/bundle?id=000000000000158", filename = "C:\Users\cofc_\AppData\Local\Temp\tmpD6D1.tmp\rjsec151.ZIP", message = "rjsec151")~~RJStevensMusicPresentationCreator.Program~0000000764
2024-12-15 09:54:11.7650~DEBUG~-> ExtractAllFromFile(zipFileName = "C:\Users\cofc_\AppData\Local\Temp\tmpD6D1.tmp\rjsec151.ZIP", decompressedFolder = "C:\Users\cofc_\AppData\Local\Temp\tmpD878.tmp", message = "rjsec151")~~RJStevensMusicPresentationCreator.Program~0000000765
2024-12-15 09:54:11.9052~DEBUG~extract completed~~RJStevensMusicPresentationCreator.Program~0000000766
2024-12-15 09:54:11.9052~DEBUG~<- ExtractAllFromFile(zipFileName = "C:\Users\cofc_\AppData\Local\Temp\tmpD6D1.tmp\rjsec151.ZIP", decompressedFolder = "C:\Users\cofc_\AppData\Local\Temp\tmpD878.tmp", message = "rjsec151")~~RJStevensMusicPresentationCreator.Program~0000000767
2024-12-15 09:54:11.9582~DEBUG~-> DownloadFile(url = "https://faas-nyc1-2ef2e6cc.doserverless.co/api/v1/web/fn-dd7f8f6a-d32a-4f5e-ae7b-870dfb7963f3/downloads/bundle?id=000000000000159", filename = "C:\Users\cofc_\AppData\Local\Temp\tmpD935.tmp\rjsec152.ZIP", message = "rjsec152")~~RJStevensMusicPresentationCreator.Program~0000000768
2024-12-15 09:54:12.3822~DEBUG~download completed~~RJStevensMusicPresentationCreator.Program~0000000769
2024-12-15 09:54:12.3822~DEBUG~<- DownloadFile(url = "https://faas-nyc1-2ef2e6cc.doserverless.co/api/v1/web/fn-dd7f8f6a-d32a-4f5e-ae7b-870dfb7963f3/downloads/bundle?id=000000000000159", filename = "C:\Users\cofc_\AppData\Local\Temp\tmpD935.tmp\rjsec152.ZIP", message = "rjsec152")~~RJStevensMusicPresentationCreator.Program~0000000770
2024-12-15 09:54:12.3982~DEBUG~-> ExtractAllFromFile(zipFileName = "C:\Users\cofc_\AppData\Local\Temp\tmpD935.tmp\rjsec152.ZIP", decompressedFolder = "C:\Users\cofc_\AppData\Local\Temp\tmpDAEB.tmp", message = "rjsec152")~~RJStevensMusicPresentationCreator.Program~0000000771
2024-12-15 09:54:12.5612~DEBUG~extract completed~~RJStevensMusicPresentationCreator.Program~0000000772
2024-12-15 09:54:12.5612~DEBUG~<- ExtractAllFromFile(zipFileName = "C:\Users\cofc_\AppData\Local\Temp\tmpD935.tmp\rjsec152.ZIP", decompressedFolder = "C:\Users\cofc_\AppData\Local\Temp\tmpDAEB.tmp", message = "rjsec152")~~RJStevensMusicPresentationCreator.Program~0000000773
2024-12-15 09:54:12.6132~DEBUG~-> DownloadFile(url = "https://faas-nyc1-2ef2e6cc.doserverless.co/api/v1/web/fn-dd7f8f6a-d32a-4f5e-ae7b-870dfb7963f3/downloads/bundle?id=000000000000161", filename = "C:\Users\cofc_\AppData\Local\Temp\tmpDBC7.tmp\rjsec154.ZIP", message = "rjsec154")~~RJStevensMusicPresentationCreator.Program~0000000774
2024-12-15 09:54:13.3442~DEBUG~download completed~~RJStevensMusicPresentationCreator.Program~0000000775
2024-12-15 09:54:13.3442~DEBUG~<- DownloadFile(url = "https://faas-nyc1-2ef2e6cc.doserverless.co/api/v1/web/fn-dd7f8f6a-d32a-4f5e-ae7b-870dfb7963f3/downloads/bundle?id=000000000000161", filename = "C:\Users\cofc_\AppData\Local\Temp\tmpDBC7.tmp\rjsec154.ZIP", message = "rjsec154")~~RJStevensMusicPresentationCreator.Program~0000000776
2024-12-15 09:54:13.3572~DEBUG~-> ExtractAllFromFile(zipFileName = "C:\Users\cofc_\AppData\Local\Temp\tmpDBC7.tmp\rjsec154.ZIP", decompressedFolder = "C:\Users\cofc_\AppData\Local\Temp\tmpDEB6.tmp", message = "rjsec154")~~RJStevensMusicPresentationCreator.Program~0000000777
2024-12-15 09:54:13.5852~DEBUG~extract completed~~RJStevensMusicPresentationCreator.Program~0000000778
2024-12-15 09:54:13.5882~DEBUG~<- ExtractAllFromFile(zipFileName = "C:\Users\cofc_\AppData\Local\Temp\tmpDBC7.tmp\rjsec154.ZIP", decompressedFolder = "C:\Users\cofc_\AppData\Local\Temp\tmpDEB6.tmp", message = "rjsec154")~~RJStevensMusicPresentationCreator.Program~0000000779
2024-12-15 09:54:13.6483~DEBUG~-> DownloadFile(url = "https://faas-nyc1-2ef2e6cc.doserverless.co/api/v1/web/fn-dd7f8f6a-d32a-4f5e-ae7b-870dfb7963f3/downloads/bundle?id=000000000000162", filename = "C:\Users\cofc_\AppData\Local\Temp\tmpDFD0.tmp\rjsec155.ZIP", message = "rjsec155")~~RJStevensMusicPresentationCreator.Program~0000000780
2024-12-15 09:54:14.0723~DEBUG~download completed~~RJStevensMusicPresentationCreator.Program~0000000781
2024-12-15 09:54:14.0723~DEBUG~<- DownloadFile(url = "https://faas-nyc1-2ef2e6cc.doserverless.co/api/v1/web/fn-dd7f8f6a-d32a-4f5e-ae7b-870dfb7963f3/downloads/bundle?id=000000000000162", filename = "C:\Users\cofc_\AppData\Local\Temp\tmpDFD0.tmp\rjsec155.ZIP", message = "rjsec155")~~RJStevensMusicPresentationCreator.Program~0000000782
2024-12-15 09:54:14.0893~DEBUG~-> ExtractAllFromFile(zipFileName = "C:\Users\cofc_\AppData\Local\Temp\tmpDFD0.tmp\rjsec155.ZIP", decompressedFolder = "C:\Users\cofc_\AppData\Local\Temp\tmpE196.tmp", message = "rjsec155")~~RJStevensMusicPresentationCreator.Program~0000000783
2024-12-15 09:54:14.2903~DEBUG~extract completed~~RJStevensMusicPresentationCreator.Program~0000000784
2024-12-15 09:54:14.2933~DEBUG~<- ExtractAllFromFile(zipFileName = "C:\Users\cofc_\AppData\Local\Temp\tmpDFD0.tmp\rjsec155.ZIP", decompressedFolder = "C:\Users\cofc_\AppData\Local\Temp\tmpE196.tmp", message = "rjsec155")~~RJStevensMusicPresentationCreator.Program~0000000785
2024-12-15 09:54:14.3493~DEBUG~-> DownloadFile(url = "https://faas-nyc1-2ef2e6cc.doserverless.co/api/v1/web/fn-dd7f8f6a-d32a-4f5e-ae7b-870dfb7963f3/downloads/bundle?id=000000000000163", filename = "C:\Users\cofc_\AppData\Local\Temp\tmpE291.tmp\rjsec156.ZIP", message = "rjsec156")~~RJStevensMusicPresentationCreator.Program~0000000786
2024-12-15 09:54:14.8033~DEBUG~download completed~~RJStevensMusicPresentationCreator.Program~0000000787
2024-12-15 09:54:14.8033~DEBUG~<- DownloadFile(url = "https://faas-nyc1-2ef2e6cc.doserverless.co/api/v1/web/fn-dd7f8f6a-d32a-4f5e-ae7b-870dfb7963f3/downloads/bundle?id=000000000000163", filename = "C:\Users\cofc_\AppData\Local\Temp\tmpE291.tmp\rjsec156.ZIP", message = "rjsec156")~~RJStevensMusicPresentationCreator.Program~0000000788
2024-12-15 09:54:14.8213~DEBUG~-> ExtractAllFromFile(zipFileName = "C:\Users\cofc_\AppData\Local\Temp\tmpE291.tmp\rjsec156.ZIP", decompressedFolder = "C:\Users\cofc_\AppData\Local\Temp\tmpE467.tmp", message = "rjsec156")~~RJStevensMusicPresentationCreator.Program~0000000789
2024-12-15 09:54:15.0825~DEBUG~extract completed~~RJStevensMusicPresentationCreator.Program~0000000790
2024-12-15 09:54:15.0825~DEBUG~<- ExtractAllFromFile(zipFileName = "C:\Users\cofc_\AppData\Local\Temp\tmpE291.tmp\rjsec156.ZIP", decompressedFolder = "C:\Users\cofc_\AppData\Local\Temp\tmpE467.tmp", message = "rjsec156")~~RJStevensMusicPresentationCreator.Program~0000000791
2024-12-15 09:54:15.1545~DEBUG~-> DownloadFile(url = "https://faas-nyc1-2ef2e6cc.doserverless.co/api/v1/web/fn-dd7f8f6a-d32a-4f5e-ae7b-870dfb7963f3/downloads/bundle?id=000000000000164", filename = "C:\Users\cofc_\AppData\Local\Temp\tmpE5C0.tmp\rjsec157.ZIP", message = "rjsec157")~~RJStevensMusicPresentationCreator.Program~0000000792
2024-12-15 09:54:15.6505~DEBUG~download completed~~RJStevensMusicPresentationCreator.Program~0000000793
2024-12-15 09:54:15.6505~DEBUG~<- DownloadFile(url = "https://faas-nyc1-2ef2e6cc.doserverless.co/api/v1/web/fn-dd7f8f6a-d32a-4f5e-ae7b-870dfb7963f3/downloads/bundle?id=000000000000164", filename = "C:\Users\cofc_\AppData\Local\Temp\tmpE5C0.tmp\rjsec157.ZIP", message = "rjsec157")~~RJStevensMusicPresentationCreator.Program~0000000794
2024-12-15 09:54:15.6665~DEBUG~-> ExtractAllFromFile(zipFileName = "C:\Users\cofc_\AppData\Local\Temp\tmpE5C0.tmp\rjsec157.ZIP", decompressedFolder = "C:\Users\cofc_\AppData\Local\Temp\tmpE7B5.tmp", message = "rjsec157")~~RJStevensMusicPresentationCreator.Program~0000000795
2024-12-15 09:54:15.9292~DEBUG~extract completed~~RJStevensMusicPresentationCreator.Program~0000000796
2024-12-15 09:54:15.9292~DEBUG~<- ExtractAllFromFile(zipFileName = "C:\Users\cofc_\AppData\Local\Temp\tmpE5C0.tmp\rjsec157.ZIP", decompressedFolder = "C:\Users\cofc_\AppData\Local\Temp\tmpE7B5.tmp", message = "rjsec157")~~RJStevensMusicPresentationCreator.Program~0000000797
2024-12-15 09:54:15.9982~DEBUG~-> DownloadFile(url = "https://faas-nyc1-2ef2e6cc.doserverless.co/api/v1/web/fn-dd7f8f6a-d32a-4f5e-ae7b-870dfb7963f3/downloads/bundle?id=000000000000165", filename = "C:\Users\cofc_\AppData\Local\Temp\tmpE90D.tmp\rjsec158.ZIP", message = "rjsec158")~~RJStevensMusicPresentationCreator.Program~0000000798
2024-12-15 09:54:16.4432~DEBUG~download completed~~RJStevensMusicPresentationCreator.Program~0000000799
2024-12-15 09:54:16.4432~DEBUG~<- DownloadFile(url = "https://faas-nyc1-2ef2e6cc.doserverless.co/api/v1/web/fn-dd7f8f6a-d32a-4f5e-ae7b-870dfb7963f3/downloads/bundle?id=000000000000165", filename = "C:\Users\cofc_\AppData\Local\Temp\tmpE90D.tmp\rjsec158.ZIP", message = "rjsec158")~~RJStevensMusicPresentationCreator.Program~0000000800
2024-12-15 09:54:16.4602~DEBUG~-> ExtractAllFromFile(zipFileName = "C:\Users\cofc_\AppData\Local\Temp\tmpE90D.tmp\rjsec158.ZIP", decompressedFolder = "C:\Users\cofc_\AppData\Local\Temp\tmpEAD4.tmp", message = "rjsec158")~~RJStevensMusicPresentationCreator.Program~0000000801
2024-12-15 09:54:16.7463~DEBUG~extract completed~~RJStevensMusicPresentationCreator.Program~0000000802
2024-12-15 09:54:16.7463~DEBUG~<- ExtractAllFromFile(zipFileName = "C:\Users\cofc_\AppData\Local\Temp\tmpE90D.tmp\rjsec158.ZIP", decompressedFolder = "C:\Users\cofc_\AppData\Local\Temp\tmpEAD4.tmp", message = "rjsec158")~~RJStevensMusicPresentationCreator.Program~0000000803
2024-12-15 09:54:16.8263~DEBUG~-> DownloadFile(url = "https://faas-nyc1-2ef2e6cc.doserverless.co/api/v1/web/fn-dd7f8f6a-d32a-4f5e-ae7b-870dfb7963f3/downloads/bundle?id=000000000000166", filename = "C:\Users\cofc_\AppData\Local\Temp\tmpEC4C.tmp\rjsec159.ZIP", message = "rjsec159")~~RJStevensMusicPresentationCreator.Program~0000000804
2024-12-15 09:54:17.2733~DEBUG~download completed~~RJStevensMusicPresentationCreator.Program~0000000805
2024-12-15 09:54:17.2733~DEBUG~<- DownloadFile(url = "https://faas-nyc1-2ef2e6cc.doserverless.co/api/v1/web/fn-dd7f8f6a-d32a-4f5e-ae7b-870dfb7963f3/downloads/bundle?id=000000000000166", filename = "C:\Users\cofc_\AppData\Local\Temp\tmpEC4C.tmp\rjsec159.ZIP", message = "rjsec159")~~RJStevensMusicPresentationCreator.Program~0000000806
2024-12-15 09:54:17.2893~DEBUG~-> ExtractAllFromFile(zipFileName = "C:\Users\cofc_\AppData\Local\Temp\tmpEC4C.tmp\rjsec159.ZIP", decompressedFolder = "C:\Users\cofc_\AppData\Local\Temp\tmpEE12.tmp", message = "rjsec159")~~RJStevensMusicPresentationCreator.Program~0000000807
2024-12-15 09:54:17.5257~DEBUG~extract completed~~RJStevensMusicPresentationCreator.Program~0000000808
2024-12-15 09:54:17.5257~DEBUG~<- ExtractAllFromFile(zipFileName = "C:\Users\cofc_\AppData\Local\Temp\tmpEC4C.tmp\rjsec159.ZIP", decompressedFolder = "C:\Users\cofc_\AppData\Local\Temp\tmpEE12.tmp", message = "rjsec159")~~RJStevensMusicPresentationCreator.Program~0000000809
2024-12-15 09:54:17.5937~DEBUG~-> DownloadFile(url = "https://faas-nyc1-2ef2e6cc.doserverless.co/api/v1/web/fn-dd7f8f6a-d32a-4f5e-ae7b-870dfb7963f3/downloads/bundle?id=000000000000167", filename = "C:\Users\cofc_\AppData\Local\Temp\tmpEF4B.tmp\rjsec160.ZIP", message = "rjsec160")~~RJStevensMusicPresentationCreator.Program~0000000810
2024-12-15 09:54:18.0827~DEBUG~download completed~~RJStevensMusicPresentationCreator.Program~0000000811
2024-12-15 09:54:18.0827~DEBUG~<- DownloadFile(url = "https://faas-nyc1-2ef2e6cc.doserverless.co/api/v1/web/fn-dd7f8f6a-d32a-4f5e-ae7b-870dfb7963f3/downloads/bundle?id=000000000000167", filename = "C:\Users\cofc_\AppData\Local\Temp\tmpEF4B.tmp\rjsec160.ZIP", message = "rjsec160")~~RJStevensMusicPresentationCreator.Program~0000000812
2024-12-15 09:54:18.1068~DEBUG~-> ExtractAllFromFile(zipFileName = "C:\Users\cofc_\AppData\Local\Temp\tmpEF4B.tmp\rjsec160.ZIP", decompressedFolder = "C:\Users\cofc_\AppData\Local\Temp\tmpF150.tmp", message = "rjsec160")~~RJStevensMusicPresentationCreator.Program~0000000813
2024-12-15 09:54:18.4638~DEBUG~extract completed~~RJStevensMusicPresentationCreator.Program~0000000814
2024-12-15 09:54:18.4638~DEBUG~<- ExtractAllFromFile(zipFileName = "C:\Users\cofc_\AppData\Local\Temp\tmpEF4B.tmp\rjsec160.ZIP", decompressedFolder = "C:\Users\cofc_\AppData\Local\Temp\tmpF150.tmp", message = "rjsec160")~~RJStevensMusicPresentationCreator.Program~0000000815
2024-12-15 09:54:18.5568~DEBUG~-> DownloadFile(url = "https://faas-nyc1-2ef2e6cc.doserverless.co/api/v1/web/fn-dd7f8f6a-d32a-4f5e-ae7b-870dfb7963f3/downloads/bundle?id=000000000000168", filename = "C:\Users\cofc_\AppData\Local\Temp\tmpF306.tmp\rjsec161.ZIP", message = "rjsec161")~~RJStevensMusicPresentationCreator.Program~0000000816
2024-12-15 09:54:19.0058~DEBUG~download completed~~RJStevensMusicPresentationCreator.Program~0000000817
2024-12-15 09:54:19.0058~DEBUG~<- DownloadFile(url = "https://faas-nyc1-2ef2e6cc.doserverless.co/api/v1/web/fn-dd7f8f6a-d32a-4f5e-ae7b-870dfb7963f3/downloads/bundle?id=000000000000168", filename = "C:\Users\cofc_\AppData\Local\Temp\tmpF306.tmp\rjsec161.ZIP", message = "rjsec161")~~RJStevensMusicPresentationCreator.Program~0000000818
2024-12-15 09:54:19.0188~DEBUG~-> ExtractAllFromFile(zipFileName = "C:\Users\cofc_\AppData\Local\Temp\tmpF306.tmp\rjsec161.ZIP", decompressedFolder = "C:\Users\cofc_\AppData\Local\Temp\tmpF4DC.tmp", message = "rjsec161")~~RJStevensMusicPresentationCreator.Program~0000000819
2024-12-15 09:54:19.2789~DEBUG~extract completed~~RJStevensMusicPresentationCreator.Program~0000000820
2024-12-15 09:54:19.2789~DEBUG~<- ExtractAllFromFile(zipFileName = "C:\Users\cofc_\AppData\Local\Temp\tmpF306.tmp\rjsec161.ZIP", decompressedFolder = "C:\Users\cofc_\AppData\Local\Temp\tmpF4DC.tmp", message = "rjsec161")~~RJStevensMusicPresentationCreator.Program~0000000821
2024-12-15 09:54:19.3409~DEBUG~-> DownloadFile(url = "https://faas-nyc1-2ef2e6cc.doserverless.co/api/v1/web/fn-dd7f8f6a-d32a-4f5e-ae7b-870dfb7963f3/downloads/bundle?id=000000000000169", filename = "C:\Users\cofc_\AppData\Local\Temp\tmpF625.tmp\rjsec162.ZIP", message = "rjsec162")~~RJStevensMusicPresentationCreator.Program~0000000822
2024-12-15 09:54:19.7410~DEBUG~download completed~~RJStevensMusicPresentationCreator.Program~0000000823
2024-12-15 09:54:19.7410~DEBUG~<- DownloadFile(url = "https://faas-nyc1-2ef2e6cc.doserverless.co/api/v1/web/fn-dd7f8f6a-d32a-4f5e-ae7b-870dfb7963f3/downloads/bundle?id=000000000000169", filename = "C:\Users\cofc_\AppData\Local\Temp\tmpF625.tmp\rjsec162.ZIP", message = "rjsec162")~~RJStevensMusicPresentationCreator.Program~0000000824
2024-12-15 09:54:19.7600~DEBUG~-> ExtractAllFromFile(zipFileName = "C:\Users\cofc_\AppData\Local\Temp\tmpF625.tmp\rjsec162.ZIP", decompressedFolder = "C:\Users\cofc_\AppData\Local\Temp\tmpF7CC.tmp", message = "rjsec162")~~RJStevensMusicPresentationCreator.Program~0000000825
2024-12-15 09:54:19.9843~DEBUG~extract completed~~RJStevensMusicPresentationCreator.Program~0000000826
2024-12-15 09:54:19.9843~DEBUG~<- ExtractAllFromFile(zipFileName = "C:\Users\cofc_\AppData\Local\Temp\tmpF625.tmp\rjsec162.ZIP", decompressedFolder = "C:\Users\cofc_\AppData\Local\Temp\tmpF7CC.tmp", message = "rjsec162")~~RJStevensMusicPresentationCreator.Program~0000000827
2024-12-15 09:54:20.0533~DEBUG~-> DownloadFile(url = "https://faas-nyc1-2ef2e6cc.doserverless.co/api/v1/web/fn-dd7f8f6a-d32a-4f5e-ae7b-870dfb7963f3/downloads/bundle?id=000000000000170", filename = "C:\Users\cofc_\AppData\Local\Temp\tmpF8E6.tmp\rjsec163.ZIP", message = "rjsec163")~~RJStevensMusicPresentationCreator.Program~0000000828
2024-12-15 09:54:20.4813~DEBUG~download completed~~RJStevensMusicPresentationCreator.Program~0000000829
2024-12-15 09:54:20.4813~DEBUG~<- DownloadFile(url = "https://faas-nyc1-2ef2e6cc.doserverless.co/api/v1/web/fn-dd7f8f6a-d32a-4f5e-ae7b-870dfb7963f3/downloads/bundle?id=000000000000170", filename = "C:\Users\cofc_\AppData\Local\Temp\tmpF8E6.tmp\rjsec163.ZIP", message = "rjsec163")~~RJStevensMusicPresentationCreator.Program~0000000830
2024-12-15 09:54:20.4973~DEBUG~-> ExtractAllFromFile(zipFileName = "C:\Users\cofc_\AppData\Local\Temp\tmpF8E6.tmp\rjsec163.ZIP", decompressedFolder = "C:\Users\cofc_\AppData\Local\Temp\tmpFAAC.tmp", message = "rjsec163")~~RJStevensMusicPresentationCreator.Program~0000000831
2024-12-15 09:54:20.7123~DEBUG~extract completed~~RJStevensMusicPresentationCreator.Program~0000000832
2024-12-15 09:54:20.7153~DEBUG~<- ExtractAllFromFile(zipFileName = "C:\Users\cofc_\AppData\Local\Temp\tmpF8E6.tmp\rjsec163.ZIP", decompressedFolder = "C:\Users\cofc_\AppData\Local\Temp\tmpFAAC.tmp", message = "rjsec163")~~RJStevensMusicPresentationCreator.Program~0000000833
2024-12-15 09:54:20.7753~DEBUG~-> DownloadFile(url = "https://faas-nyc1-2ef2e6cc.doserverless.co/api/v1/web/fn-dd7f8f6a-d32a-4f5e-ae7b-870dfb7963f3/downloads/bundle?id=000000000000171", filename = "C:\Users\cofc_\AppData\Local\Temp\tmpFBB7.tmp\rjsec164.ZIP", message = "rjsec164")~~RJStevensMusicPresentationCreator.Program~0000000834
2024-12-15 09:54:21.2164~DEBUG~download completed~~RJStevensMusicPresentationCreator.Program~0000000835
2024-12-15 09:54:21.2164~DEBUG~<- DownloadFile(url = "https://faas-nyc1-2ef2e6cc.doserverless.co/api/v1/web/fn-dd7f8f6a-d32a-4f5e-ae7b-870dfb7963f3/downloads/bundle?id=000000000000171", filename = "C:\Users\cofc_\AppData\Local\Temp\tmpFBB7.tmp\rjsec164.ZIP", message = "rjsec164")~~RJStevensMusicPresentationCreator.Program~0000000836
2024-12-15 09:54:21.2354~DEBUG~-> ExtractAllFromFile(zipFileName = "C:\Users\cofc_\AppData\Local\Temp\tmpFBB7.tmp\rjsec164.ZIP", decompressedFolder = "C:\Users\cofc_\AppData\Local\Temp\tmpFD8D.tmp", message = "rjsec164")~~RJStevensMusicPresentationCreator.Program~0000000837
2024-12-15 09:54:21.4639~DEBUG~extract completed~~RJStevensMusicPresentationCreator.Program~0000000838
2024-12-15 09:54:21.4639~DEBUG~<- ExtractAllFromFile(zipFileName = "C:\Users\cofc_\AppData\Local\Temp\tmpFBB7.tmp\rjsec164.ZIP", decompressedFolder = "C:\Users\cofc_\AppData\Local\Temp\tmpFD8D.tmp", message = "rjsec164")~~RJStevensMusicPresentationCreator.Program~0000000839
2024-12-15 09:54:21.5269~DEBUG~-> DownloadFile(url = "https://faas-nyc1-2ef2e6cc.doserverless.co/api/v1/web/fn-dd7f8f6a-d32a-4f5e-ae7b-870dfb7963f3/downloads/bundle?id=000000000000173", filename = "C:\Users\cofc_\AppData\Local\Temp\tmpFEB7.tmp\rjsec166.ZIP", message = "rjsec166")~~RJStevensMusicPresentationCreator.Program~0000000840
2024-12-15 09:54:21.9329~DEBUG~download completed~~RJStevensMusicPresentationCreator.Program~0000000841
2024-12-15 09:54:21.9329~DEBUG~<- DownloadFile(url = "https://faas-nyc1-2ef2e6cc.doserverless.co/api/v1/web/fn-dd7f8f6a-d32a-4f5e-ae7b-870dfb7963f3/downloads/bundle?id=000000000000173", filename = "C:\Users\cofc_\AppData\Local\Temp\tmpFEB7.tmp\rjsec166.ZIP", message = "rjsec166")~~RJStevensMusicPresentationCreator.Program~0000000842
2024-12-15 09:54:21.9489~DEBUG~-> ExtractAllFromFile(zipFileName = "C:\Users\cofc_\AppData\Local\Temp\tmpFEB7.tmp\rjsec166.ZIP", decompressedFolder = "C:\Users\cofc_\AppData\Local\Temp\tmp5E.tmp", message = "rjsec166")~~RJStevensMusicPresentationCreator.Program~0000000843
2024-12-15 09:54:22.1519~DEBUG~extract completed~~RJStevensMusicPresentationCreator.Program~0000000844
2024-12-15 09:54:22.1519~DEBUG~<- ExtractAllFromFile(zipFileName = "C:\Users\cofc_\AppData\Local\Temp\tmpFEB7.tmp\rjsec166.ZIP", decompressedFolder = "C:\Users\cofc_\AppData\Local\Temp\tmp5E.tmp", message = "rjsec166")~~RJStevensMusicPresentationCreator.Program~0000000845
2024-12-15 09:54:22.2089~DEBUG~-> DownloadFile(url = "https://faas-nyc1-2ef2e6cc.doserverless.co/api/v1/web/fn-dd7f8f6a-d32a-4f5e-ae7b-870dfb7963f3/downloads/bundle?id=000000000000174", filename = "C:\Users\cofc_\AppData\Local\Temp\tmp159.tmp\rjsec167.ZIP", message = "rjsec167")~~RJStevensMusicPresentationCreator.Program~0000000846
2024-12-15 09:54:22.7790~DEBUG~download completed~~RJStevensMusicPresentationCreator.Program~0000000847
2024-12-15 09:54:22.7790~DEBUG~<- DownloadFile(url = "https://faas-nyc1-2ef2e6cc.doserverless.co/api/v1/web/fn-dd7f8f6a-d32a-4f5e-ae7b-870dfb7963f3/downloads/bundle?id=000000000000174", filename = "C:\Users\cofc_\AppData\Local\Temp\tmp159.tmp\rjsec167.ZIP", message = "rjsec167")~~RJStevensMusicPresentationCreator.Program~0000000848
2024-12-15 09:54:22.7960~DEBUG~-> ExtractAllFromFile(zipFileName = "C:\Users\cofc_\AppData\Local\Temp\tmp159.tmp\rjsec167.ZIP", decompressedFolder = "C:\Users\cofc_\AppData\Local\Temp\tmp3AB.tmp", message = "rjsec167")~~RJStevensMusicPresentationCreator.Program~0000000849
2024-12-15 09:54:23.0761~DEBUG~extract completed~~RJStevensMusicPresentationCreator.Program~0000000850
2024-12-15 09:54:23.0761~DEBUG~<- ExtractAllFromFile(zipFileName = "C:\Users\cofc_\AppData\Local\Temp\tmp159.tmp\rjsec167.ZIP", decompressedFolder = "C:\Users\cofc_\AppData\Local\Temp\tmp3AB.tmp", message = "rjsec167")~~RJStevensMusicPresentationCreator.Program~0000000851
2024-12-15 09:54:23.1531~DEBUG~-> DownloadFile(url = "https://faas-nyc1-2ef2e6cc.doserverless.co/api/v1/web/fn-dd7f8f6a-d32a-4f5e-ae7b-870dfb7963f3/downloads/bundle?id=000000000000175", filename = "C:\Users\cofc_\AppData\Local\Temp\tmp514.tmp\rjsec168.ZIP", message = "rjsec168")~~RJStevensMusicPresentationCreator.Program~0000000852
2024-12-15 09:54:23.6432~DEBUG~download completed~~RJStevensMusicPresentationCreator.Program~0000000853
2024-12-15 09:54:23.6432~DEBUG~<- DownloadFile(url = "https://faas-nyc1-2ef2e6cc.doserverless.co/api/v1/web/fn-dd7f8f6a-d32a-4f5e-ae7b-870dfb7963f3/downloads/bundle?id=000000000000175", filename = "C:\Users\cofc_\AppData\Local\Temp\tmp514.tmp\rjsec168.ZIP", message = "rjsec168")~~RJStevensMusicPresentationCreator.Program~0000000854
2024-12-15 09:54:23.6622~DEBUG~-> ExtractAllFromFile(zipFileName = "C:\Users\cofc_\AppData\Local\Temp\tmp514.tmp\rjsec168.ZIP", decompressedFolder = "C:\Users\cofc_\AppData\Local\Temp\tmp709.tmp", message = "rjsec168")~~RJStevensMusicPresentationCreator.Program~0000000855
2024-12-15 09:54:23.9001~DEBUG~extract completed~~RJStevensMusicPresentationCreator.Program~0000000856
2024-12-15 09:54:23.9031~DEBUG~<- ExtractAllFromFile(zipFileName = "C:\Users\cofc_\AppData\Local\Temp\tmp514.tmp\rjsec168.ZIP", decompressedFolder = "C:\Users\cofc_\AppData\Local\Temp\tmp709.tmp", message = "rjsec168")~~RJStevensMusicPresentationCreator.Program~0000000857
2024-12-15 09:54:23.9651~DEBUG~-> DownloadFile(url = "https://faas-nyc1-2ef2e6cc.doserverless.co/api/v1/web/fn-dd7f8f6a-d32a-4f5e-ae7b-870dfb7963f3/downloads/bundle?id=000000000000176", filename = "C:\Users\cofc_\AppData\Local\Temp\tmp842.tmp\rjsec169.ZIP", message = "rjsec169")~~RJStevensMusicPresentationCreator.Program~0000000858
2024-12-15 09:54:24.3928~DEBUG~download completed~~RJStevensMusicPresentationCreator.Program~0000000859
2024-12-15 09:54:24.3928~DEBUG~<- DownloadFile(url = "https://faas-nyc1-2ef2e6cc.doserverless.co/api/v1/web/fn-dd7f8f6a-d32a-4f5e-ae7b-870dfb7963f3/downloads/bundle?id=000000000000176", filename = "C:\Users\cofc_\AppData\Local\Temp\tmp842.tmp\rjsec169.ZIP", message = "rjsec169")~~RJStevensMusicPresentationCreator.Program~0000000860
2024-12-15 09:54:24.4113~DEBUG~-> ExtractAllFromFile(zipFileName = "C:\Users\cofc_\AppData\Local\Temp\tmp842.tmp\rjsec169.ZIP", decompressedFolder = "C:\Users\cofc_\AppData\Local\Temp\tmp9F9.tmp", message = "rjsec169")~~RJStevensMusicPresentationCreator.Program~0000000861
2024-12-15 09:54:24.6083~DEBUG~extract completed~~RJStevensMusicPresentationCreator.Program~0000000862
2024-12-15 09:54:24.6083~DEBUG~<- ExtractAllFromFile(zipFileName = "C:\Users\cofc_\AppData\Local\Temp\tmp842.tmp\rjsec169.ZIP", decompressedFolder = "C:\Users\cofc_\AppData\Local\Temp\tmp9F9.tmp", message = "rjsec169")~~RJStevensMusicPresentationCreator.Program~0000000863
2024-12-15 09:54:24.6773~DEBUG~-> DownloadFile(url = "https://faas-nyc1-2ef2e6cc.doserverless.co/api/v1/web/fn-dd7f8f6a-d32a-4f5e-ae7b-870dfb7963f3/downloads/bundle?id=000000000000177", filename = "C:\Users\cofc_\AppData\Local\Temp\tmpB03.tmp\rjsec170.ZIP", message = "rjsec170")~~RJStevensMusicPresentationCreator.Program~0000000864
2024-12-15 09:54:25.4204~DEBUG~download completed~~RJStevensMusicPresentationCreator.Program~0000000865
2024-12-15 09:54:25.4204~DEBUG~<- DownloadFile(url = "https://faas-nyc1-2ef2e6cc.doserverless.co/api/v1/web/fn-dd7f8f6a-d32a-4f5e-ae7b-870dfb7963f3/downloads/bundle?id=000000000000177", filename = "C:\Users\cofc_\AppData\Local\Temp\tmpB03.tmp\rjsec170.ZIP", message = "rjsec170")~~RJStevensMusicPresentationCreator.Program~0000000866
2024-12-15 09:54:25.4374~DEBUG~-> ExtractAllFromFile(zipFileName = "C:\Users\cofc_\AppData\Local\Temp\tmpB03.tmp\rjsec170.ZIP", decompressedFolder = "C:\Users\cofc_\AppData\Local\Temp\tmpE02.tmp", message = "rjsec170")~~RJStevensMusicPresentationCreator.Program~0000000867
2024-12-15 09:54:25.6784~DEBUG~extract completed~~RJStevensMusicPresentationCreator.Program~0000000868
2024-12-15 09:54:25.6834~DEBUG~<- ExtractAllFromFile(zipFileName = "C:\Users\cofc_\AppData\Local\Temp\tmpB03.tmp\rjsec170.ZIP", decompressedFolder = "C:\Users\cofc_\AppData\Local\Temp\tmpE02.tmp", message = "rjsec170")~~RJStevensMusicPresentationCreator.Program~0000000869
2024-12-15 09:54:25.7534~DEBUG~-> DownloadFile(url = "https://faas-nyc1-2ef2e6cc.doserverless.co/api/v1/web/fn-dd7f8f6a-d32a-4f5e-ae7b-870dfb7963f3/downloads/bundle?id=000000000000178", filename = "C:\Users\cofc_\AppData\Local\Temp\tmpF3B.tmp\rjsec171.ZIP", message = "rjsec171")~~RJStevensMusicPresentationCreator.Program~0000000870
2024-12-15 09:54:26.1784~DEBUG~download completed~~RJStevensMusicPresentationCreator.Program~0000000871
2024-12-15 09:54:26.1784~DEBUG~<- DownloadFile(url = "https://faas-nyc1-2ef2e6cc.doserverless.co/api/v1/web/fn-dd7f8f6a-d32a-4f5e-ae7b-870dfb7963f3/downloads/bundle?id=000000000000178", filename = "C:\Users\cofc_\AppData\Local\Temp\tmpF3B.tmp\rjsec171.ZIP", message = "rjsec171")~~RJStevensMusicPresentationCreator.Program~0000000872
2024-12-15 09:54:26.1944~DEBUG~-> ExtractAllFromFile(zipFileName = "C:\Users\cofc_\AppData\Local\Temp\tmpF3B.tmp\rjsec171.ZIP", decompressedFolder = "C:\Users\cofc_\AppData\Local\Temp\tmp10F2.tmp", message = "rjsec171")~~RJStevensMusicPresentationCreator.Program~0000000873
2024-12-15 09:54:26.3914~DEBUG~extract completed~~RJStevensMusicPresentationCreator.Program~0000000874
2024-12-15 09:54:26.3914~DEBUG~<- ExtractAllFromFile(zipFileName = "C:\Users\cofc_\AppData\Local\Temp\tmpF3B.tmp\rjsec171.ZIP", decompressedFolder = "C:\Users\cofc_\AppData\Local\Temp\tmp10F2.tmp", message = "rjsec171")~~RJStevensMusicPresentationCreator.Program~0000000875
2024-12-15 09:54:26.4435~DEBUG~-> DownloadFile(url = "https://faas-nyc1-2ef2e6cc.doserverless.co/api/v1/web/fn-dd7f8f6a-d32a-4f5e-ae7b-870dfb7963f3/downloads/bundle?id=000000000000181", filename = "C:\Users\cofc_\AppData\Local\Temp\tmp11ED.tmp\rjsec174.ZIP", message = "rjsec174")~~RJStevensMusicPresentationCreator.Program~0000000876
2024-12-15 09:54:26.8785~DEBUG~download completed~~RJStevensMusicPresentationCreator.Program~0000000877
2024-12-15 09:54:26.8785~DEBUG~<- DownloadFile(url = "https://faas-nyc1-2ef2e6cc.doserverless.co/api/v1/web/fn-dd7f8f6a-d32a-4f5e-ae7b-870dfb7963f3/downloads/bundle?id=000000000000181", filename = "C:\Users\cofc_\AppData\Local\Temp\tmp11ED.tmp\rjsec174.ZIP", message = "rjsec174")~~RJStevensMusicPresentationCreator.Program~0000000878
2024-12-15 09:54:26.8935~DEBUG~-> ExtractAllFromFile(zipFileName = "C:\Users\cofc_\AppData\Local\Temp\tmp11ED.tmp\rjsec174.ZIP", decompressedFolder = "C:\Users\cofc_\AppData\Local\Temp\tmp13B3.tmp", message = "rjsec174")~~RJStevensMusicPresentationCreator.Program~0000000879
2024-12-15 09:54:27.1406~DEBUG~extract completed~~RJStevensMusicPresentationCreator.Program~0000000880
2024-12-15 09:54:27.1406~DEBUG~<- ExtractAllFromFile(zipFileName = "C:\Users\cofc_\AppData\Local\Temp\tmp11ED.tmp\rjsec174.ZIP", decompressedFolder = "C:\Users\cofc_\AppData\Local\Temp\tmp13B3.tmp", message = "rjsec174")~~RJStevensMusicPresentationCreator.Program~0000000881
2024-12-15 09:54:27.2056~DEBUG~-> DownloadFile(url = "https://faas-nyc1-2ef2e6cc.doserverless.co/api/v1/web/fn-dd7f8f6a-d32a-4f5e-ae7b-870dfb7963f3/downloads/bundle?id=000000000000185", filename = "C:\Users\cofc_\AppData\Local\Temp\tmp14ED.tmp\rjsec178.ZIP", message = "rjsec178")~~RJStevensMusicPresentationCreator.Program~0000000882
2024-12-15 09:54:27.7086~DEBUG~download completed~~RJStevensMusicPresentationCreator.Program~0000000883
2024-12-15 09:54:27.7086~DEBUG~<- DownloadFile(url = "https://faas-nyc1-2ef2e6cc.doserverless.co/api/v1/web/fn-dd7f8f6a-d32a-4f5e-ae7b-870dfb7963f3/downloads/bundle?id=000000000000185", filename = "C:\Users\cofc_\AppData\Local\Temp\tmp14ED.tmp\rjsec178.ZIP", message = "rjsec178")~~RJStevensMusicPresentationCreator.Program~0000000884
2024-12-15 09:54:27.7256~DEBUG~-> ExtractAllFromFile(zipFileName = "C:\Users\cofc_\AppData\Local\Temp\tmp14ED.tmp\rjsec178.ZIP", decompressedFolder = "C:\Users\cofc_\AppData\Local\Temp\tmp16F1.tmp", message = "rjsec178")~~RJStevensMusicPresentationCreator.Program~0000000885
2024-12-15 09:54:27.9683~DEBUG~extract completed~~RJStevensMusicPresentationCreator.Program~0000000886
2024-12-15 09:54:27.9683~DEBUG~<- ExtractAllFromFile(zipFileName = "C:\Users\cofc_\AppData\Local\Temp\tmp14ED.tmp\rjsec178.ZIP", decompressedFolder = "C:\Users\cofc_\AppData\Local\Temp\tmp16F1.tmp", message = "rjsec178")~~RJStevensMusicPresentationCreator.Program~0000000887
2024-12-15 09:54:28.0403~DEBUG~-> DownloadFile(url = "https://faas-nyc1-2ef2e6cc.doserverless.co/api/v1/web/fn-dd7f8f6a-d32a-4f5e-ae7b-870dfb7963f3/downloads/bundle?id=000000000000186", filename = "C:\Users\cofc_\AppData\Local\Temp\tmp182B.tmp\rjsec179.ZIP", message = "rjsec179")~~RJStevensMusicPresentationCreator.Program~0000000888
2024-12-15 09:54:28.5743~DEBUG~download completed~~RJStevensMusicPresentationCreator.Program~0000000889
2024-12-15 09:54:28.5743~DEBUG~<- DownloadFile(url = "https://faas-nyc1-2ef2e6cc.doserverless.co/api/v1/web/fn-dd7f8f6a-d32a-4f5e-ae7b-870dfb7963f3/downloads/bundle?id=000000000000186", filename = "C:\Users\cofc_\AppData\Local\Temp\tmp182B.tmp\rjsec179.ZIP", message = "rjsec179")~~RJStevensMusicPresentationCreator.Program~0000000890
2024-12-15 09:54:28.5982~DEBUG~-> ExtractAllFromFile(zipFileName = "C:\Users\cofc_\AppData\Local\Temp\tmp182B.tmp\rjsec179.ZIP", decompressedFolder = "C:\Users\cofc_\AppData\Local\Temp\tmp1A5E.tmp", message = "rjsec179")~~RJStevensMusicPresentationCreator.Program~0000000891
2024-12-15 09:54:28.8672~DEBUG~extract completed~~RJStevensMusicPresentationCreator.Program~0000000892
2024-12-15 09:54:28.8712~DEBUG~<- ExtractAllFromFile(zipFileName = "C:\Users\cofc_\AppData\Local\Temp\tmp182B.tmp\rjsec179.ZIP", decompressedFolder = "C:\Users\cofc_\AppData\Local\Temp\tmp1A5E.tmp", message = "rjsec179")~~RJStevensMusicPresentationCreator.Program~0000000893
2024-12-15 09:54:28.9402~DEBUG~-> DownloadFile(url = "https://faas-nyc1-2ef2e6cc.doserverless.co/api/v1/web/fn-dd7f8f6a-d32a-4f5e-ae7b-870dfb7963f3/downloads/bundle?id=000000000000187", filename = "C:\Users\cofc_\AppData\Local\Temp\tmp1BB7.tmp\rjsec180.ZIP", message = "rjsec180")~~RJStevensMusicPresentationCreator.Program~0000000894
2024-12-15 09:54:29.3613~DEBUG~download completed~~RJStevensMusicPresentationCreator.Program~0000000895
2024-12-15 09:54:29.3613~DEBUG~<- DownloadFile(url = "https://faas-nyc1-2ef2e6cc.doserverless.co/api/v1/web/fn-dd7f8f6a-d32a-4f5e-ae7b-870dfb7963f3/downloads/bundle?id=000000000000187", filename = "C:\Users\cofc_\AppData\Local\Temp\tmp1BB7.tmp\rjsec180.ZIP", message = "rjsec180")~~RJStevensMusicPresentationCreator.Program~0000000896
2024-12-15 09:54:29.3783~DEBUG~-> ExtractAllFromFile(zipFileName = "C:\Users\cofc_\AppData\Local\Temp\tmp1BB7.tmp\rjsec180.ZIP", decompressedFolder = "C:\Users\cofc_\AppData\Local\Temp\tmp1D6D.tmp", message = "rjsec180")~~RJStevensMusicPresentationCreator.Program~0000000897
2024-12-15 09:54:29.6657~DEBUG~extract completed~~RJStevensMusicPresentationCreator.Program~0000000898
2024-12-15 09:54:29.6707~DEBUG~<- ExtractAllFromFile(zipFileName = "C:\Users\cofc_\AppData\Local\Temp\tmp1BB7.tmp\rjsec180.ZIP", decompressedFolder = "C:\Users\cofc_\AppData\Local\Temp\tmp1D6D.tmp", message = "rjsec180")~~RJStevensMusicPresentationCreator.Program~0000000899
2024-12-15 09:54:29.7357~DEBUG~-> DownloadFile(url = "https://faas-nyc1-2ef2e6cc.doserverless.co/api/v1/web/fn-dd7f8f6a-d32a-4f5e-ae7b-870dfb7963f3/downloads/bundle?id=000000000000188", filename = "C:\Users\cofc_\AppData\Local\Temp\tmp1ED6.tmp\rjsec181.ZIP", message = "rjsec181")~~RJStevensMusicPresentationCreator.Program~0000000900
2024-12-15 09:54:30.1283~DEBUG~download completed~~RJStevensMusicPresentationCreator.Program~0000000901
2024-12-15 09:54:30.1283~DEBUG~<- DownloadFile(url = "https://faas-nyc1-2ef2e6cc.doserverless.co/api/v1/web/fn-dd7f8f6a-d32a-4f5e-ae7b-870dfb7963f3/downloads/bundle?id=000000000000188", filename = "C:\Users\cofc_\AppData\Local\Temp\tmp1ED6.tmp\rjsec181.ZIP", message = "rjsec181")~~RJStevensMusicPresentationCreator.Program~0000000902
2024-12-15 09:54:30.1423~DEBUG~-> ExtractAllFromFile(zipFileName = "C:\Users\cofc_\AppData\Local\Temp\tmp1ED6.tmp\rjsec181.ZIP", decompressedFolder = "C:\Users\cofc_\AppData\Local\Temp\tmp206D.tmp", message = "rjsec181")~~RJStevensMusicPresentationCreator.Program~0000000903
2024-12-15 09:54:30.3264~DEBUG~extract completed~~RJStevensMusicPresentationCreator.Program~0000000904
2024-12-15 09:54:30.3264~DEBUG~<- ExtractAllFromFile(zipFileName = "C:\Users\cofc_\AppData\Local\Temp\tmp1ED6.tmp\rjsec181.ZIP", decompressedFolder = "C:\Users\cofc_\AppData\Local\Temp\tmp206D.tmp", message = "rjsec181")~~RJStevensMusicPresentationCreator.Program~0000000905
2024-12-15 09:54:30.3834~DEBUG~-> DownloadFile(url = "https://faas-nyc1-2ef2e6cc.doserverless.co/api/v1/web/fn-dd7f8f6a-d32a-4f5e-ae7b-870dfb7963f3/downloads/bundle?id=000000000000190", filename = "C:\Users\cofc_\AppData\Local\Temp\tmp2158.tmp\rjsec183.ZIP", message = "rjsec183")~~RJStevensMusicPresentationCreator.Program~0000000906
2024-12-15 09:54:30.8171~DEBUG~download completed~~RJStevensMusicPresentationCreator.Program~0000000907
2024-12-15 09:54:30.8171~DEBUG~<- DownloadFile(url = "https://faas-nyc1-2ef2e6cc.doserverless.co/api/v1/web/fn-dd7f8f6a-d32a-4f5e-ae7b-870dfb7963f3/downloads/bundle?id=000000000000190", filename = "C:\Users\cofc_\AppData\Local\Temp\tmp2158.tmp\rjsec183.ZIP", message = "rjsec183")~~RJStevensMusicPresentationCreator.Program~0000000908
2024-12-15 09:54:30.8351~DEBUG~-> ExtractAllFromFile(zipFileName = "C:\Users\cofc_\AppData\Local\Temp\tmp2158.tmp\rjsec183.ZIP", decompressedFolder = "C:\Users\cofc_\AppData\Local\Temp\tmp231F.tmp", message = "rjsec183")~~RJStevensMusicPresentationCreator.Program~0000000909
2024-12-15 09:54:31.0131~DEBUG~extract completed~~RJStevensMusicPresentationCreator.Program~0000000910
2024-12-15 09:54:31.0131~DEBUG~<- ExtractAllFromFile(zipFileName = "C:\Users\cofc_\AppData\Local\Temp\tmp2158.tmp\rjsec183.ZIP", decompressedFolder = "C:\Users\cofc_\AppData\Local\Temp\tmp231F.tmp", message = "rjsec183")~~RJStevensMusicPresentationCreator.Program~0000000911
2024-12-15 09:54:31.0651~DEBUG~-> DownloadFile(url = "https://faas-nyc1-2ef2e6cc.doserverless.co/api/v1/web/fn-dd7f8f6a-d32a-4f5e-ae7b-870dfb7963f3/downloads/bundle?id=000000000000193", filename = "C:\Users\cofc_\AppData\Local\Temp\tmp240A.tmp\rjsec186.ZIP", message = "rjsec186")~~RJStevensMusicPresentationCreator.Program~0000000912
2024-12-15 09:54:31.5286~DEBUG~download completed~~RJStevensMusicPresentationCreator.Program~0000000913
2024-12-15 09:54:31.5286~DEBUG~<- DownloadFile(url = "https://faas-nyc1-2ef2e6cc.doserverless.co/api/v1/web/fn-dd7f8f6a-d32a-4f5e-ae7b-870dfb7963f3/downloads/bundle?id=000000000000193", filename = "C:\Users\cofc_\AppData\Local\Temp\tmp240A.tmp\rjsec186.ZIP", message = "rjsec186")~~RJStevensMusicPresentationCreator.Program~0000000914
2024-12-15 09:54:31.5436~DEBUG~-> ExtractAllFromFile(zipFileName = "C:\Users\cofc_\AppData\Local\Temp\tmp240A.tmp\rjsec186.ZIP", decompressedFolder = "C:\Users\cofc_\AppData\Local\Temp\tmp25EF.tmp", message = "rjsec186")~~RJStevensMusicPresentationCreator.Program~0000000915
2024-12-15 09:54:31.7837~DEBUG~extract completed~~RJStevensMusicPresentationCreator.Program~0000000916
2024-12-15 09:54:31.7837~DEBUG~<- ExtractAllFromFile(zipFileName = "C:\Users\cofc_\AppData\Local\Temp\tmp240A.tmp\rjsec186.ZIP", decompressedFolder = "C:\Users\cofc_\AppData\Local\Temp\tmp25EF.tmp", message = "rjsec186")~~RJStevensMusicPresentationCreator.Program~0000000917
2024-12-15 09:54:31.8537~DEBUG~-> DownloadFile(url = "https://faas-nyc1-2ef2e6cc.doserverless.co/api/v1/web/fn-dd7f8f6a-d32a-4f5e-ae7b-870dfb7963f3/downloads/bundle?id=000000000000195", filename = "C:\Users\cofc_\AppData\Local\Temp\tmp2719.tmp\rjsec188.ZIP", message = "rjsec188")~~RJStevensMusicPresentationCreator.Program~0000000918
2024-12-15 09:54:32.2687~DEBUG~download completed~~RJStevensMusicPresentationCreator.Program~0000000919
2024-12-15 09:54:32.2687~DEBUG~<- DownloadFile(url = "https://faas-nyc1-2ef2e6cc.doserverless.co/api/v1/web/fn-dd7f8f6a-d32a-4f5e-ae7b-870dfb7963f3/downloads/bundle?id=000000000000195", filename = "C:\Users\cofc_\AppData\Local\Temp\tmp2719.tmp\rjsec188.ZIP", message = "rjsec188")~~RJStevensMusicPresentationCreator.Program~0000000920
2024-12-15 09:54:32.2847~DEBUG~-> ExtractAllFromFile(zipFileName = "C:\Users\cofc_\AppData\Local\Temp\tmp2719.tmp\rjsec188.ZIP", decompressedFolder = "C:\Users\cofc_\AppData\Local\Temp\tmp28D0.tmp", message = "rjsec188")~~RJStevensMusicPresentationCreator.Program~0000000921
2024-12-15 09:54:32.5255~DEBUG~extract completed~~RJStevensMusicPresentationCreator.Program~0000000922
2024-12-15 09:54:32.5255~DEBUG~<- ExtractAllFromFile(zipFileName = "C:\Users\cofc_\AppData\Local\Temp\tmp2719.tmp\rjsec188.ZIP", decompressedFolder = "C:\Users\cofc_\AppData\Local\Temp\tmp28D0.tmp", message = "rjsec188")~~RJStevensMusicPresentationCreator.Program~0000000923
2024-12-15 09:54:32.5905~DEBUG~-> DownloadFile(url = "https://faas-nyc1-2ef2e6cc.doserverless.co/api/v1/web/fn-dd7f8f6a-d32a-4f5e-ae7b-870dfb7963f3/downloads/bundle?id=000000000000196", filename = "C:\Users\cofc_\AppData\Local\Temp\tmp2A09.tmp\rjsec189.ZIP", message = "rjsec189")~~RJStevensMusicPresentationCreator.Program~0000000924
2024-12-15 09:54:33.3475~DEBUG~download completed~~RJStevensMusicPresentationCreator.Program~0000000925
2024-12-15 09:54:33.3475~DEBUG~<- DownloadFile(url = "https://faas-nyc1-2ef2e6cc.doserverless.co/api/v1/web/fn-dd7f8f6a-d32a-4f5e-ae7b-870dfb7963f3/downloads/bundle?id=000000000000196", filename = "C:\Users\cofc_\AppData\Local\Temp\tmp2A09.tmp\rjsec189.ZIP", message = "rjsec189")~~RJStevensMusicPresentationCreator.Program~0000000926
2024-12-15 09:54:33.3645~DEBUG~-> ExtractAllFromFile(zipFileName = "C:\Users\cofc_\AppData\Local\Temp\tmp2A09.tmp\rjsec189.ZIP", decompressedFolder = "C:\Users\cofc_\AppData\Local\Temp\tmp2D08.tmp", message = "rjsec189")~~RJStevensMusicPresentationCreator.Program~0000000927
2024-12-15 09:54:33.5862~DEBUG~extract completed~~RJStevensMusicPresentationCreator.Program~0000000928
2024-12-15 09:54:33.5912~DEBUG~<- ExtractAllFromFile(zipFileName = "C:\Users\cofc_\AppData\Local\Temp\tmp2A09.tmp\rjsec189.ZIP", decompressedFolder = "C:\Users\cofc_\AppData\Local\Temp\tmp2D08.tmp", message = "rjsec189")~~RJStevensMusicPresentationCreator.Program~0000000929
2024-12-15 09:54:33.6622~DEBUG~-> DownloadFile(url = "https://faas-nyc1-2ef2e6cc.doserverless.co/api/v1/web/fn-dd7f8f6a-d32a-4f5e-ae7b-870dfb7963f3/downloads/bundle?id=000000000000197", filename = "C:\Users\cofc_\AppData\Local\Temp\tmp2E32.tmp\rjsec190.ZIP", message = "rjsec190")~~RJStevensMusicPresentationCreator.Program~0000000930
2024-12-15 09:54:34.1599~DEBUG~download completed~~RJStevensMusicPresentationCreator.Program~0000000931
2024-12-15 09:54:34.1599~DEBUG~<- DownloadFile(url = "https://faas-nyc1-2ef2e6cc.doserverless.co/api/v1/web/fn-dd7f8f6a-d32a-4f5e-ae7b-870dfb7963f3/downloads/bundle?id=000000000000197", filename = "C:\Users\cofc_\AppData\Local\Temp\tmp2E32.tmp\rjsec190.ZIP", message = "rjsec190")~~RJStevensMusicPresentationCreator.Program~0000000932
2024-12-15 09:54:34.1749~DEBUG~-> ExtractAllFromFile(zipFileName = "C:\Users\cofc_\AppData\Local\Temp\tmp2E32.tmp\rjsec190.ZIP", decompressedFolder = "C:\Users\cofc_\AppData\Local\Temp\tmp3036.tmp", message = "rjsec190")~~RJStevensMusicPresentationCreator.Program~0000000933
2024-12-15 09:54:34.4319~DEBUG~extract completed~~RJStevensMusicPresentationCreator.Program~0000000934
2024-12-15 09:54:34.4319~DEBUG~<- ExtractAllFromFile(zipFileName = "C:\Users\cofc_\AppData\Local\Temp\tmp2E32.tmp\rjsec190.ZIP", decompressedFolder = "C:\Users\cofc_\AppData\Local\Temp\tmp3036.tmp", message = "rjsec190")~~RJStevensMusicPresentationCreator.Program~0000000935
2024-12-15 09:54:34.5089~DEBUG~-> DownloadFile(url = "https://faas-nyc1-2ef2e6cc.doserverless.co/api/v1/web/fn-dd7f8f6a-d32a-4f5e-ae7b-870dfb7963f3/downloads/bundle?id=000000000000198", filename = "C:\Users\cofc_\AppData\Local\Temp\tmp317F.tmp\rjsec191.ZIP", message = "rjsec191")~~RJStevensMusicPresentationCreator.Program~0000000936
2024-12-15 09:54:34.9519~DEBUG~download completed~~RJStevensMusicPresentationCreator.Program~0000000937
2024-12-15 09:54:34.9519~DEBUG~<- DownloadFile(url = "https://faas-nyc1-2ef2e6cc.doserverless.co/api/v1/web/fn-dd7f8f6a-d32a-4f5e-ae7b-870dfb7963f3/downloads/bundle?id=000000000000198", filename = "C:\Users\cofc_\AppData\Local\Temp\tmp317F.tmp\rjsec191.ZIP", message = "rjsec191")~~RJStevensMusicPresentationCreator.Program~0000000938
2024-12-15 09:54:34.9689~DEBUG~-> ExtractAllFromFile(zipFileName = "C:\Users\cofc_\AppData\Local\Temp\tmp317F.tmp\rjsec191.ZIP", decompressedFolder = "C:\Users\cofc_\AppData\Local\Temp\tmp3355.tmp", message = "rjsec191")~~RJStevensMusicPresentationCreator.Program~0000000939
2024-12-15 09:54:35.1847~DEBUG~extract completed~~RJStevensMusicPresentationCreator.Program~0000000940
2024-12-15 09:54:35.1847~DEBUG~<- ExtractAllFromFile(zipFileName = "C:\Users\cofc_\AppData\Local\Temp\tmp317F.tmp\rjsec191.ZIP", decompressedFolder = "C:\Users\cofc_\AppData\Local\Temp\tmp3355.tmp", message = "rjsec191")~~RJStevensMusicPresentationCreator.Program~0000000941
2024-12-15 09:54:35.2407~DEBUG~-> DownloadFile(url = "https://faas-nyc1-2ef2e6cc.doserverless.co/api/v1/web/fn-dd7f8f6a-d32a-4f5e-ae7b-870dfb7963f3/downloads/bundle?id=000000000000200", filename = "C:\Users\cofc_\AppData\Local\Temp\tmp3460.tmp\rjsec193.ZIP", message = "rjsec193")~~RJStevensMusicPresentationCreator.Program~0000000942
2024-12-15 09:54:35.7087~DEBUG~download completed~~RJStevensMusicPresentationCreator.Program~0000000943
2024-12-15 09:54:35.7087~DEBUG~<- DownloadFile(url = "https://faas-nyc1-2ef2e6cc.doserverless.co/api/v1/web/fn-dd7f8f6a-d32a-4f5e-ae7b-870dfb7963f3/downloads/bundle?id=000000000000200", filename = "C:\Users\cofc_\AppData\Local\Temp\tmp3460.tmp\rjsec193.ZIP", message = "rjsec193")~~RJStevensMusicPresentationCreator.Program~0000000944
2024-12-15 09:54:35.7237~DEBUG~-> ExtractAllFromFile(zipFileName = "C:\Users\cofc_\AppData\Local\Temp\tmp3460.tmp\rjsec193.ZIP", decompressedFolder = "C:\Users\cofc_\AppData\Local\Temp\tmp3645.tmp", message = "rjsec193")~~RJStevensMusicPresentationCreator.Program~0000000945
2024-12-15 09:54:35.9611~DEBUG~extract completed~~RJStevensMusicPresentationCreator.Program~0000000946
2024-12-15 09:54:35.9641~DEBUG~<- ExtractAllFromFile(zipFileName = "C:\Users\cofc_\AppData\Local\Temp\tmp3460.tmp\rjsec193.ZIP", decompressedFolder = "C:\Users\cofc_\AppData\Local\Temp\tmp3645.tmp", message = "rjsec193")~~RJStevensMusicPresentationCreator.Program~0000000947
2024-12-15 09:54:36.0261~DEBUG~-> DownloadFile(url = "https://faas-nyc1-2ef2e6cc.doserverless.co/api/v1/web/fn-dd7f8f6a-d32a-4f5e-ae7b-870dfb7963f3/downloads/bundle?id=000000000000201", filename = "C:\Users\cofc_\AppData\Local\Temp\tmp376F.tmp\rjsec194.ZIP", message = "rjsec194")~~RJStevensMusicPresentationCreator.Program~0000000948
2024-12-15 09:54:36.4842~DEBUG~download completed~~RJStevensMusicPresentationCreator.Program~0000000949
2024-12-15 09:54:36.4842~DEBUG~<- DownloadFile(url = "https://faas-nyc1-2ef2e6cc.doserverless.co/api/v1/web/fn-dd7f8f6a-d32a-4f5e-ae7b-870dfb7963f3/downloads/bundle?id=000000000000201", filename = "C:\Users\cofc_\AppData\Local\Temp\tmp376F.tmp\rjsec194.ZIP", message = "rjsec194")~~RJStevensMusicPresentationCreator.Program~0000000950
2024-12-15 09:54:36.5002~DEBUG~-> ExtractAllFromFile(zipFileName = "C:\Users\cofc_\AppData\Local\Temp\tmp376F.tmp\rjsec194.ZIP", decompressedFolder = "C:\Users\cofc_\AppData\Local\Temp\tmp3954.tmp", message = "rjsec194")~~RJStevensMusicPresentationCreator.Program~0000000951
2024-12-15 09:54:36.7553~DEBUG~extract completed~~RJStevensMusicPresentationCreator.Program~0000000952
2024-12-15 09:54:36.7553~DEBUG~<- ExtractAllFromFile(zipFileName = "C:\Users\cofc_\AppData\Local\Temp\tmp376F.tmp\rjsec194.ZIP", decompressedFolder = "C:\Users\cofc_\AppData\Local\Temp\tmp3954.tmp", message = "rjsec194")~~RJStevensMusicPresentationCreator.Program~0000000953
2024-12-15 09:54:36.8153~DEBUG~-> DownloadFile(url = "https://faas-nyc1-2ef2e6cc.doserverless.co/api/v1/web/fn-dd7f8f6a-d32a-4f5e-ae7b-870dfb7963f3/downloads/bundle?id=000000000000203", filename = "C:\Users\cofc_\AppData\Local\Temp\tmp3A8E.tmp\rjsec196.ZIP", message = "rjsec196")~~RJStevensMusicPresentationCreator.Program~0000000954
2024-12-15 09:54:37.2935~DEBUG~download completed~~RJStevensMusicPresentationCreator.Program~0000000955
2024-12-15 09:54:37.2935~DEBUG~<- DownloadFile(url = "https://faas-nyc1-2ef2e6cc.doserverless.co/api/v1/web/fn-dd7f8f6a-d32a-4f5e-ae7b-870dfb7963f3/downloads/bundle?id=000000000000203", filename = "C:\Users\cofc_\AppData\Local\Temp\tmp3A8E.tmp\rjsec196.ZIP", message = "rjsec196")~~RJStevensMusicPresentationCreator.Program~0000000956
2024-12-15 09:54:37.3135~DEBUG~-> ExtractAllFromFile(zipFileName = "C:\Users\cofc_\AppData\Local\Temp\tmp3A8E.tmp\rjsec196.ZIP", decompressedFolder = "C:\Users\cofc_\AppData\Local\Temp\tmp3C83.tmp", message = "rjsec196")~~RJStevensMusicPresentationCreator.Program~0000000957
2024-12-15 09:54:37.5285~DEBUG~extract completed~~RJStevensMusicPresentationCreator.Program~0000000958
2024-12-15 09:54:37.5285~DEBUG~<- ExtractAllFromFile(zipFileName = "C:\Users\cofc_\AppData\Local\Temp\tmp3A8E.tmp\rjsec196.ZIP", decompressedFolder = "C:\Users\cofc_\AppData\Local\Temp\tmp3C83.tmp", message = "rjsec196")~~RJStevensMusicPresentationCreator.Program~0000000959
2024-12-15 09:54:37.5975~DEBUG~-> DownloadFile(url = "https://faas-nyc1-2ef2e6cc.doserverless.co/api/v1/web/fn-dd7f8f6a-d32a-4f5e-ae7b-870dfb7963f3/downloads/bundle?id=000000000000204", filename = "C:\Users\cofc_\AppData\Local\Temp\tmp3D9D.tmp\rjsec197.ZIP", message = "rjsec197")~~RJStevensMusicPresentationCreator.Program~0000000960
2024-12-15 09:54:38.0395~DEBUG~download completed~~RJStevensMusicPresentationCreator.Program~0000000961
2024-12-15 09:54:38.0395~DEBUG~<- DownloadFile(url = "https://faas-nyc1-2ef2e6cc.doserverless.co/api/v1/web/fn-dd7f8f6a-d32a-4f5e-ae7b-870dfb7963f3/downloads/bundle?id=000000000000204", filename = "C:\Users\cofc_\AppData\Local\Temp\tmp3D9D.tmp\rjsec197.ZIP", message = "rjsec197")~~RJStevensMusicPresentationCreator.Program~0000000962
2024-12-15 09:54:38.0555~DEBUG~-> ExtractAllFromFile(zipFileName = "C:\Users\cofc_\AppData\Local\Temp\tmp3D9D.tmp\rjsec197.ZIP", decompressedFolder = "C:\Users\cofc_\AppData\Local\Temp\tmp3F63.tmp", message = "rjsec197")~~RJStevensMusicPresentationCreator.Program~0000000963
2024-12-15 09:54:38.2843~DEBUG~extract completed~~RJStevensMusicPresentationCreator.Program~0000000964
2024-12-15 09:54:38.2843~DEBUG~<- ExtractAllFromFile(zipFileName = "C:\Users\cofc_\AppData\Local\Temp\tmp3D9D.tmp\rjsec197.ZIP", decompressedFolder = "C:\Users\cofc_\AppData\Local\Temp\tmp3F63.tmp", message = "rjsec197")~~RJStevensMusicPresentationCreator.Program~0000000965
2024-12-15 09:54:38.3403~DEBUG~-> DownloadFile(url = "https://faas-nyc1-2ef2e6cc.doserverless.co/api/v1/web/fn-dd7f8f6a-d32a-4f5e-ae7b-870dfb7963f3/downloads/bundle?id=000000000000207", filename = "C:\Users\cofc_\AppData\Local\Temp\tmp408D.tmp\rjsec200.ZIP", message = "rjsec200")~~RJStevensMusicPresentationCreator.Program~0000000966
2024-12-15 09:54:38.7843~DEBUG~download completed~~RJStevensMusicPresentationCreator.Program~0000000967
2024-12-15 09:54:38.7843~DEBUG~<- DownloadFile(url = "https://faas-nyc1-2ef2e6cc.doserverless.co/api/v1/web/fn-dd7f8f6a-d32a-4f5e-ae7b-870dfb7963f3/downloads/bundle?id=000000000000207", filename = "C:\Users\cofc_\AppData\Local\Temp\tmp408D.tmp\rjsec200.ZIP", message = "rjsec200")~~RJStevensMusicPresentationCreator.Program~0000000968
2024-12-15 09:54:38.8013~DEBUG~-> ExtractAllFromFile(zipFileName = "C:\Users\cofc_\AppData\Local\Temp\tmp408D.tmp\rjsec200.ZIP", decompressedFolder = "C:\Users\cofc_\AppData\Local\Temp\tmp4253.tmp", message = "rjsec200")~~RJStevensMusicPresentationCreator.Program~0000000969
2024-12-15 09:54:39.0917~DEBUG~extract completed~~RJStevensMusicPresentationCreator.Program~0000000970
2024-12-15 09:54:39.0917~DEBUG~<- ExtractAllFromFile(zipFileName = "C:\Users\cofc_\AppData\Local\Temp\tmp408D.tmp\rjsec200.ZIP", decompressedFolder = "C:\Users\cofc_\AppData\Local\Temp\tmp4253.tmp", message = "rjsec200")~~RJStevensMusicPresentationCreator.Program~0000000971
2024-12-15 09:54:39.1597~DEBUG~-> DownloadFile(url = "https://faas-nyc1-2ef2e6cc.doserverless.co/api/v1/web/fn-dd7f8f6a-d32a-4f5e-ae7b-870dfb7963f3/downloads/bundle?id=000000000000208", filename = "C:\Users\cofc_\AppData\Local\Temp\tmp43BC.tmp\rjsec201.ZIP", message = "rjsec201")~~RJStevensMusicPresentationCreator.Program~0000000972
2024-12-15 09:54:39.6365~DEBUG~download completed~~RJStevensMusicPresentationCreator.Program~0000000973
2024-12-15 09:54:39.6365~DEBUG~<- DownloadFile(url = "https://faas-nyc1-2ef2e6cc.doserverless.co/api/v1/web/fn-dd7f8f6a-d32a-4f5e-ae7b-870dfb7963f3/downloads/bundle?id=000000000000208", filename = "C:\Users\cofc_\AppData\Local\Temp\tmp43BC.tmp\rjsec201.ZIP", message = "rjsec201")~~RJStevensMusicPresentationCreator.Program~0000000974
2024-12-15 09:54:39.6565~DEBUG~-> ExtractAllFromFile(zipFileName = "C:\Users\cofc_\AppData\Local\Temp\tmp43BC.tmp\rjsec201.ZIP", decompressedFolder = "C:\Users\cofc_\AppData\Local\Temp\tmp45B1.tmp", message = "rjsec201")~~RJStevensMusicPresentationCreator.Program~0000000975
2024-12-15 09:54:39.8595~DEBUG~extract completed~~RJStevensMusicPresentationCreator.Program~0000000976
2024-12-15 09:54:39.8595~DEBUG~<- ExtractAllFromFile(zipFileName = "C:\Users\cofc_\AppData\Local\Temp\tmp43BC.tmp\rjsec201.ZIP", decompressedFolder = "C:\Users\cofc_\AppData\Local\Temp\tmp45B1.tmp", message = "rjsec201")~~RJStevensMusicPresentationCreator.Program~0000000977
2024-12-15 09:54:39.9215~DEBUG~-> DownloadFile(url = "https://faas-nyc1-2ef2e6cc.doserverless.co/api/v1/web/fn-dd7f8f6a-d32a-4f5e-ae7b-870dfb7963f3/downloads/bundle?id=000000000000209", filename = "C:\Users\cofc_\AppData\Local\Temp\tmp46BB.tmp\rjsec202.ZIP", message = "rjsec202")~~RJStevensMusicPresentationCreator.Program~0000000978
2024-12-15 09:54:40.3731~DEBUG~download completed~~RJStevensMusicPresentationCreator.Program~0000000979
2024-12-15 09:54:40.3731~DEBUG~<- DownloadFile(url = "https://faas-nyc1-2ef2e6cc.doserverless.co/api/v1/web/fn-dd7f8f6a-d32a-4f5e-ae7b-870dfb7963f3/downloads/bundle?id=000000000000209", filename = "C:\Users\cofc_\AppData\Local\Temp\tmp46BB.tmp\rjsec202.ZIP", message = "rjsec202")~~RJStevensMusicPresentationCreator.Program~0000000980
2024-12-15 09:54:40.3891~DEBUG~-> ExtractAllFromFile(zipFileName = "C:\Users\cofc_\AppData\Local\Temp\tmp46BB.tmp\rjsec202.ZIP", decompressedFolder = "C:\Users\cofc_\AppData\Local\Temp\tmp4891.tmp", message = "rjsec202")~~RJStevensMusicPresentationCreator.Program~0000000981
2024-12-15 09:54:40.6424~DEBUG~extract completed~~RJStevensMusicPresentationCreator.Program~0000000982
2024-12-15 09:54:40.6424~DEBUG~<- ExtractAllFromFile(zipFileName = "C:\Users\cofc_\AppData\Local\Temp\tmp46BB.tmp\rjsec202.ZIP", decompressedFolder = "C:\Users\cofc_\AppData\Local\Temp\tmp4891.tmp", message = "rjsec202")~~RJStevensMusicPresentationCreator.Program~0000000983
2024-12-15 09:54:40.7114~DEBUG~-> DownloadFile(url = "https://faas-nyc1-2ef2e6cc.doserverless.co/api/v1/web/fn-dd7f8f6a-d32a-4f5e-ae7b-870dfb7963f3/downloads/bundle?id=000000000000210", filename = "C:\Users\cofc_\AppData\Local\Temp\tmp49CB.tmp\rjsec203.ZIP", message = "rjsec203")~~RJStevensMusicPresentationCreator.Program~0000000984
2024-12-15 09:54:41.1671~DEBUG~download completed~~RJStevensMusicPresentationCreator.Program~0000000985
2024-12-15 09:54:41.1671~DEBUG~<- DownloadFile(url = "https://faas-nyc1-2ef2e6cc.doserverless.co/api/v1/web/fn-dd7f8f6a-d32a-4f5e-ae7b-870dfb7963f3/downloads/bundle?id=000000000000210", filename = "C:\Users\cofc_\AppData\Local\Temp\tmp49CB.tmp\rjsec203.ZIP", message = "rjsec203")~~RJStevensMusicPresentationCreator.Program~0000000986
2024-12-15 09:54:41.1930~DEBUG~-> ExtractAllFromFile(zipFileName = "C:\Users\cofc_\AppData\Local\Temp\tmp49CB.tmp\rjsec203.ZIP", decompressedFolder = "C:\Users\cofc_\AppData\Local\Temp\tmp4BB0.tmp", message = "rjsec203")~~RJStevensMusicPresentationCreator.Program~0000000987
2024-12-15 09:54:41.4850~DEBUG~extract completed~~RJStevensMusicPresentationCreator.Program~0000000988
2024-12-15 09:54:41.4950~DEBUG~<- ExtractAllFromFile(zipFileName = "C:\Users\cofc_\AppData\Local\Temp\tmp49CB.tmp\rjsec203.ZIP", decompressedFolder = "C:\Users\cofc_\AppData\Local\Temp\tmp4BB0.tmp", message = "rjsec203")~~RJStevensMusicPresentationCreator.Program~0000000989
2024-12-15 09:54:41.5750~DEBUG~-> DownloadFile(url = "https://faas-nyc1-2ef2e6cc.doserverless.co/api/v1/web/fn-dd7f8f6a-d32a-4f5e-ae7b-870dfb7963f3/downloads/bundle?id=000000000000211", filename = "C:\Users\cofc_\AppData\Local\Temp\tmp4D38.tmp\rjsec204.ZIP", message = "rjsec204")~~RJStevensMusicPresentationCreator.Program~0000000990
2024-12-15 09:54:42.2967~DEBUG~download completed~~RJStevensMusicPresentationCreator.Program~0000000991
2024-12-15 09:54:42.2967~DEBUG~<- DownloadFile(url = "https://faas-nyc1-2ef2e6cc.doserverless.co/api/v1/web/fn-dd7f8f6a-d32a-4f5e-ae7b-870dfb7963f3/downloads/bundle?id=000000000000211", filename = "C:\Users\cofc_\AppData\Local\Temp\tmp4D38.tmp\rjsec204.ZIP", message = "rjsec204")~~RJStevensMusicPresentationCreator.Program~0000000992
2024-12-15 09:54:42.3157~DEBUG~-> ExtractAllFromFile(zipFileName = "C:\Users\cofc_\AppData\Local\Temp\tmp4D38.tmp\rjsec204.ZIP", decompressedFolder = "C:\Users\cofc_\AppData\Local\Temp\tmp5017.tmp", message = "rjsec204")~~RJStevensMusicPresentationCreator.Program~0000000993
2024-12-15 09:54:42.5537~DEBUG~extract completed~~RJStevensMusicPresentationCreator.Program~0000000994
2024-12-15 09:54:42.5567~DEBUG~<- ExtractAllFromFile(zipFileName = "C:\Users\cofc_\AppData\Local\Temp\tmp4D38.tmp\rjsec204.ZIP", decompressedFolder = "C:\Users\cofc_\AppData\Local\Temp\tmp5017.tmp", message = "rjsec204")~~RJStevensMusicPresentationCreator.Program~0000000995
2024-12-15 09:54:42.6217~DEBUG~-> DownloadFile(url = "https://faas-nyc1-2ef2e6cc.doserverless.co/api/v1/web/fn-dd7f8f6a-d32a-4f5e-ae7b-870dfb7963f3/downloads/bundle?id=000000000000212", filename = "C:\Users\cofc_\AppData\Local\Temp\tmp5150.tmp\rjsec205.ZIP", message = "rjsec205")~~RJStevensMusicPresentationCreator.Program~0000000996
2024-12-15 09:54:43.0477~DEBUG~download completed~~RJStevensMusicPresentationCreator.Program~0000000997
2024-12-15 09:54:43.0477~DEBUG~<- DownloadFile(url = "https://faas-nyc1-2ef2e6cc.doserverless.co/api/v1/web/fn-dd7f8f6a-d32a-4f5e-ae7b-870dfb7963f3/downloads/bundle?id=000000000000212", filename = "C:\Users\cofc_\AppData\Local\Temp\tmp5150.tmp\rjsec205.ZIP", message = "rjsec205")~~RJStevensMusicPresentationCreator.Program~0000000998
2024-12-15 09:54:43.0637~DEBUG~-> ExtractAllFromFile(zipFileName = "C:\Users\cofc_\AppData\Local\Temp\tmp5150.tmp\rjsec205.ZIP", decompressedFolder = "C:\Users\cofc_\AppData\Local\Temp\tmp5307.tmp", message = "rjsec205")~~RJStevensMusicPresentationCreator.Program~0000000999
2024-12-15 09:54:43.2771~DEBUG~extract completed~~RJStevensMusicPresentationCreator.Program~0000001000
2024-12-15 09:54:43.2771~DEBUG~<- ExtractAllFromFile(zipFileName = "C:\Users\cofc_\AppData\Local\Temp\tmp5150.tmp\rjsec205.ZIP", decompressedFolder = "C:\Users\cofc_\AppData\Local\Temp\tmp5307.tmp", message = "rjsec205")~~RJStevensMusicPresentationCreator.Program~0000001001
2024-12-15 09:54:43.3311~DEBUG~-> DownloadFile(url = "https://faas-nyc1-2ef2e6cc.doserverless.co/api/v1/web/fn-dd7f8f6a-d32a-4f5e-ae7b-870dfb7963f3/downloads/bundle?id=000000000000213", filename = "C:\Users\cofc_\AppData\Local\Temp\tmp5412.tmp\rjsec206.ZIP", message = "rjsec206")~~RJStevensMusicPresentationCreator.Program~0000001002
2024-12-15 09:54:44.0781~DEBUG~download completed~~RJStevensMusicPresentationCreator.Program~0000001003
2024-12-15 09:54:44.0781~DEBUG~<- DownloadFile(url = "https://faas-nyc1-2ef2e6cc.doserverless.co/api/v1/web/fn-dd7f8f6a-d32a-4f5e-ae7b-870dfb7963f3/downloads/bundle?id=000000000000213", filename = "C:\Users\cofc_\AppData\Local\Temp\tmp5412.tmp\rjsec206.ZIP", message = "rjsec206")~~RJStevensMusicPresentationCreator.Program~0000001004
2024-12-15 09:54:44.1021~DEBUG~-> ExtractAllFromFile(zipFileName = "C:\Users\cofc_\AppData\Local\Temp\tmp5412.tmp\rjsec206.ZIP", decompressedFolder = "C:\Users\cofc_\AppData\Local\Temp\tmp5710.tmp", message = "rjsec206")~~RJStevensMusicPresentationCreator.Program~0000001005
2024-12-15 09:54:44.4051~DEBUG~extract completed~~RJStevensMusicPresentationCreator.Program~0000001006
2024-12-15 09:54:44.4051~DEBUG~<- ExtractAllFromFile(zipFileName = "C:\Users\cofc_\AppData\Local\Temp\tmp5412.tmp\rjsec206.ZIP", decompressedFolder = "C:\Users\cofc_\AppData\Local\Temp\tmp5710.tmp", message = "rjsec206")~~RJStevensMusicPresentationCreator.Program~0000001007
2024-12-15 09:54:44.4831~DEBUG~-> DownloadFile(url = "https://faas-nyc1-2ef2e6cc.doserverless.co/api/v1/web/fn-dd7f8f6a-d32a-4f5e-ae7b-870dfb7963f3/downloads/bundle?id=000000000000214", filename = "C:\Users\cofc_\AppData\Local\Temp\tmp5898.tmp\rjsec207.ZIP", message = "rjsec207")~~RJStevensMusicPresentationCreator.Program~0000001008
2024-12-15 09:54:44.9002~DEBUG~download completed~~RJStevensMusicPresentationCreator.Program~0000001009
2024-12-15 09:54:44.9022~DEBUG~<- DownloadFile(url = "https://faas-nyc1-2ef2e6cc.doserverless.co/api/v1/web/fn-dd7f8f6a-d32a-4f5e-ae7b-870dfb7963f3/downloads/bundle?id=000000000000214", filename = "C:\Users\cofc_\AppData\Local\Temp\tmp5898.tmp\rjsec207.ZIP", message = "rjsec207")~~RJStevensMusicPresentationCreator.Program~0000001010
2024-12-15 09:54:44.9282~DEBUG~-> ExtractAllFromFile(zipFileName = "C:\Users\cofc_\AppData\Local\Temp\tmp5898.tmp\rjsec207.ZIP", decompressedFolder = "C:\Users\cofc_\AppData\Local\Temp\tmp5A4E.tmp", message = "rjsec207")~~RJStevensMusicPresentationCreator.Program~0000001011
2024-12-15 09:54:45.1877~DEBUG~extract completed~~RJStevensMusicPresentationCreator.Program~0000001012
2024-12-15 09:54:45.1877~DEBUG~<- ExtractAllFromFile(zipFileName = "C:\Users\cofc_\AppData\Local\Temp\tmp5898.tmp\rjsec207.ZIP", decompressedFolder = "C:\Users\cofc_\AppData\Local\Temp\tmp5A4E.tmp", message = "rjsec207")~~RJStevensMusicPresentationCreator.Program~0000001013
2024-12-15 09:54:45.2547~DEBUG~-> DownloadFile(url = "https://faas-nyc1-2ef2e6cc.doserverless.co/api/v1/web/fn-dd7f8f6a-d32a-4f5e-ae7b-870dfb7963f3/downloads/bundle?id=000000000000215", filename = "C:\Users\cofc_\AppData\Local\Temp\tmp5B97.tmp\rjsec208.ZIP", message = "rjsec208")~~RJStevensMusicPresentationCreator.Program~0000001014
2024-12-15 09:54:45.7207~DEBUG~download completed~~RJStevensMusicPresentationCreator.Program~0000001015
2024-12-15 09:54:45.7207~DEBUG~<- DownloadFile(url = "https://faas-nyc1-2ef2e6cc.doserverless.co/api/v1/web/fn-dd7f8f6a-d32a-4f5e-ae7b-870dfb7963f3/downloads/bundle?id=000000000000215", filename = "C:\Users\cofc_\AppData\Local\Temp\tmp5B97.tmp\rjsec208.ZIP", message = "rjsec208")~~RJStevensMusicPresentationCreator.Program~0000001016
2024-12-15 09:54:45.7450~DEBUG~-> ExtractAllFromFile(zipFileName = "C:\Users\cofc_\AppData\Local\Temp\tmp5B97.tmp\rjsec208.ZIP", decompressedFolder = "C:\Users\cofc_\AppData\Local\Temp\tmp5D8C.tmp", message = "rjsec208")~~RJStevensMusicPresentationCreator.Program~0000001017
2024-12-15 09:54:46.0560~DEBUG~extract completed~~RJStevensMusicPresentationCreator.Program~0000001018
2024-12-15 09:54:46.0610~DEBUG~<- ExtractAllFromFile(zipFileName = "C:\Users\cofc_\AppData\Local\Temp\tmp5B97.tmp\rjsec208.ZIP", decompressedFolder = "C:\Users\cofc_\AppData\Local\Temp\tmp5D8C.tmp", message = "rjsec208")~~RJStevensMusicPresentationCreator.Program~0000001019
2024-12-15 09:54:46.1650~DEBUG~-> DownloadFile(url = "https://faas-nyc1-2ef2e6cc.doserverless.co/api/v1/web/fn-dd7f8f6a-d32a-4f5e-ae7b-870dfb7963f3/downloads/bundle?id=000000000000216", filename = "C:\Users\cofc_\AppData\Local\Temp\tmp5F24.tmp\rjsec209.ZIP", message = "rjsec209")~~RJStevensMusicPresentationCreator.Program~0000001020
2024-12-15 09:54:46.6290~DEBUG~download completed~~RJStevensMusicPresentationCreator.Program~0000001021
2024-12-15 09:54:46.6290~DEBUG~<- DownloadFile(url = "https://faas-nyc1-2ef2e6cc.doserverless.co/api/v1/web/fn-dd7f8f6a-d32a-4f5e-ae7b-870dfb7963f3/downloads/bundle?id=000000000000216", filename = "C:\Users\cofc_\AppData\Local\Temp\tmp5F24.tmp\rjsec209.ZIP", message = "rjsec209")~~RJStevensMusicPresentationCreator.Program~0000001022
2024-12-15 09:54:46.6550~DEBUG~-> ExtractAllFromFile(zipFileName = "C:\Users\cofc_\AppData\Local\Temp\tmp5F24.tmp\rjsec209.ZIP", decompressedFolder = "C:\Users\cofc_\AppData\Local\Temp\tmp6119.tmp", message = "rjsec209")~~RJStevensMusicPresentationCreator.Program~0000001023
2024-12-15 09:54:46.9261~DEBUG~extract completed~~RJStevensMusicPresentationCreator.Program~0000001024
2024-12-15 09:54:46.9261~DEBUG~<- ExtractAllFromFile(zipFileName = "C:\Users\cofc_\AppData\Local\Temp\tmp5F24.tmp\rjsec209.ZIP", decompressedFolder = "C:\Users\cofc_\AppData\Local\Temp\tmp6119.tmp", message = "rjsec209")~~RJStevensMusicPresentationCreator.Program~0000001025
2024-12-15 09:54:47.0021~DEBUG~-> DownloadFile(url = "https://faas-nyc1-2ef2e6cc.doserverless.co/api/v1/web/fn-dd7f8f6a-d32a-4f5e-ae7b-870dfb7963f3/downloads/bundle?id=000000000000217", filename = "C:\Users\cofc_\AppData\Local\Temp\tmp6271.tmp\rjsec210.ZIP", message = "rjsec210")~~RJStevensMusicPresentationCreator.Program~0000001026
2024-12-15 09:54:47.4251~DEBUG~download completed~~RJStevensMusicPresentationCreator.Program~0000001027
2024-12-15 09:54:47.4251~DEBUG~<- DownloadFile(url = "https://faas-nyc1-2ef2e6cc.doserverless.co/api/v1/web/fn-dd7f8f6a-d32a-4f5e-ae7b-870dfb7963f3/downloads/bundle?id=000000000000217", filename = "C:\Users\cofc_\AppData\Local\Temp\tmp6271.tmp\rjsec210.ZIP", message = "rjsec210")~~RJStevensMusicPresentationCreator.Program~0000001028
2024-12-15 09:54:47.4591~DEBUG~-> ExtractAllFromFile(zipFileName = "C:\Users\cofc_\AppData\Local\Temp\tmp6271.tmp\rjsec210.ZIP", decompressedFolder = "C:\Users\cofc_\AppData\Local\Temp\tmp6438.tmp", message = "rjsec210")~~RJStevensMusicPresentationCreator.Program~0000001029
2024-12-15 09:54:48.3772~DEBUG~extract completed~~RJStevensMusicPresentationCreator.Program~0000001030
2024-12-15 09:54:48.3922~DEBUG~<- ExtractAllFromFile(zipFileName = "C:\Users\cofc_\AppData\Local\Temp\tmp6271.tmp\rjsec210.ZIP", decompressedFolder = "C:\Users\cofc_\AppData\Local\Temp\tmp6438.tmp", message = "rjsec210")~~RJStevensMusicPresentationCreator.Program~0000001031
2024-12-15 09:54:48.5342~DEBUG~-> DownloadFile(url = "https://faas-nyc1-2ef2e6cc.doserverless.co/api/v1/web/fn-dd7f8f6a-d32a-4f5e-ae7b-870dfb7963f3/downloads/bundle?id=000000000000218", filename = "C:\Users\cofc_\AppData\Local\Temp\tmp686F.tmp\rjsec211.ZIP", message = "rjsec211")~~RJStevensMusicPresentationCreator.Program~0000001032
2024-12-15 09:54:48.9632~DEBUG~download completed~~RJStevensMusicPresentationCreator.Program~0000001033
2024-12-15 09:54:48.9632~DEBUG~<- DownloadFile(url = "https://faas-nyc1-2ef2e6cc.doserverless.co/api/v1/web/fn-dd7f8f6a-d32a-4f5e-ae7b-870dfb7963f3/downloads/bundle?id=000000000000218", filename = "C:\Users\cofc_\AppData\Local\Temp\tmp686F.tmp\rjsec211.ZIP", message = "rjsec211")~~RJStevensMusicPresentationCreator.Program~0000001034
2024-12-15 09:54:48.9632~DEBUG~-> ExtractAllFromFile(zipFileName = "C:\Users\cofc_\AppData\Local\Temp\tmp686F.tmp\rjsec211.ZIP", decompressedFolder = "C:\Users\cofc_\AppData\Local\Temp\tmp6A25.tmp", message = "rjsec211")~~RJStevensMusicPresentationCreator.Program~0000001035
2024-12-15 09:54:49.2173~DEBUG~extract completed~~RJStevensMusicPresentationCreator.Program~0000001036
2024-12-15 09:54:49.2173~DEBUG~<- ExtractAllFromFile(zipFileName = "C:\Users\cofc_\AppData\Local\Temp\tmp686F.tmp\rjsec211.ZIP", decompressedFolder = "C:\Users\cofc_\AppData\Local\Temp\tmp6A25.tmp", message = "rjsec211")~~RJStevensMusicPresentationCreator.Program~0000001037
2024-12-15 09:54:49.2823~DEBUG~-> DownloadFile(url = "https://faas-nyc1-2ef2e6cc.doserverless.co/api/v1/web/fn-dd7f8f6a-d32a-4f5e-ae7b-870dfb7963f3/downloads/bundle?id=000000000000219", filename = "C:\Users\cofc_\AppData\Local\Temp\tmp6B5F.tmp\rjsec212.ZIP", message = "rjsec212")~~RJStevensMusicPresentationCreator.Program~0000001038
2024-12-15 09:54:49.7533~DEBUG~download completed~~RJStevensMusicPresentationCreator.Program~0000001039
2024-12-15 09:54:49.7533~DEBUG~<- DownloadFile(url = "https://faas-nyc1-2ef2e6cc.doserverless.co/api/v1/web/fn-dd7f8f6a-d32a-4f5e-ae7b-870dfb7963f3/downloads/bundle?id=000000000000219", filename = "C:\Users\cofc_\AppData\Local\Temp\tmp6B5F.tmp\rjsec212.ZIP", message = "rjsec212")~~RJStevensMusicPresentationCreator.Program~0000001040
2024-12-15 09:54:49.7673~DEBUG~-> ExtractAllFromFile(zipFileName = "C:\Users\cofc_\AppData\Local\Temp\tmp6B5F.tmp\rjsec212.ZIP", decompressedFolder = "C:\Users\cofc_\AppData\Local\Temp\tmp6D44.tmp", message = "rjsec212")~~RJStevensMusicPresentationCreator.Program~0000001041
2024-12-15 09:54:50.0393~DEBUG~extract completed~~RJStevensMusicPresentationCreator.Program~0000001042
2024-12-15 09:54:50.0413~DEBUG~<- ExtractAllFromFile(zipFileName = "C:\Users\cofc_\AppData\Local\Temp\tmp6B5F.tmp\rjsec212.ZIP", decompressedFolder = "C:\Users\cofc_\AppData\Local\Temp\tmp6D44.tmp", message = "rjsec212")~~RJStevensMusicPresentationCreator.Program~0000001043
2024-12-15 09:54:50.1133~DEBUG~-> DownloadFile(url = "https://faas-nyc1-2ef2e6cc.doserverless.co/api/v1/web/fn-dd7f8f6a-d32a-4f5e-ae7b-870dfb7963f3/downloads/bundle?id=000000000000220", filename = "C:\Users\cofc_\AppData\Local\Temp\tmp6E9D.tmp\rjsec213.ZIP", message = "rjsec213")~~RJStevensMusicPresentationCreator.Program~0000001044
2024-12-15 09:54:50.5742~DEBUG~download completed~~RJStevensMusicPresentationCreator.Program~0000001045
2024-12-15 09:54:50.5742~DEBUG~<- DownloadFile(url = "https://faas-nyc1-2ef2e6cc.doserverless.co/api/v1/web/fn-dd7f8f6a-d32a-4f5e-ae7b-870dfb7963f3/downloads/bundle?id=000000000000220", filename = "C:\Users\cofc_\AppData\Local\Temp\tmp6E9D.tmp\rjsec213.ZIP", message = "rjsec213")~~RJStevensMusicPresentationCreator.Program~0000001046
2024-12-15 09:54:50.5982~DEBUG~-> ExtractAllFromFile(zipFileName = "C:\Users\cofc_\AppData\Local\Temp\tmp6E9D.tmp\rjsec213.ZIP", decompressedFolder = "C:\Users\cofc_\AppData\Local\Temp\tmp7082.tmp", message = "rjsec213")~~RJStevensMusicPresentationCreator.Program~0000001047
2024-12-15 09:54:50.8762~DEBUG~extract completed~~RJStevensMusicPresentationCreator.Program~0000001048
2024-12-15 09:54:50.8762~DEBUG~<- ExtractAllFromFile(zipFileName = "C:\Users\cofc_\AppData\Local\Temp\tmp6E9D.tmp\rjsec213.ZIP", decompressedFolder = "C:\Users\cofc_\AppData\Local\Temp\tmp7082.tmp", message = "rjsec213")~~RJStevensMusicPresentationCreator.Program~0000001049
2024-12-15 09:54:50.9742~DEBUG~-> DownloadFile(url = "https://faas-nyc1-2ef2e6cc.doserverless.co/api/v1/web/fn-dd7f8f6a-d32a-4f5e-ae7b-870dfb7963f3/downloads/bundle?id=000000000000223", filename = "C:\Users\cofc_\AppData\Local\Temp\tmp71FA.tmp\rjsec216.ZIP", message = "rjsec216")~~RJStevensMusicPresentationCreator.Program~0000001050
2024-12-15 09:54:51.7282~DEBUG~download completed~~RJStevensMusicPresentationCreator.Program~0000001051
2024-12-15 09:54:51.7302~DEBUG~<- DownloadFile(url = "https://faas-nyc1-2ef2e6cc.doserverless.co/api/v1/web/fn-dd7f8f6a-d32a-4f5e-ae7b-870dfb7963f3/downloads/bundle?id=000000000000223", filename = "C:\Users\cofc_\AppData\Local\Temp\tmp71FA.tmp\rjsec216.ZIP", message = "rjsec216")~~RJStevensMusicPresentationCreator.Program~0000001052
2024-12-15 09:54:51.7470~DEBUG~-> ExtractAllFromFile(zipFileName = "C:\Users\cofc_\AppData\Local\Temp\tmp71FA.tmp\rjsec216.ZIP", decompressedFolder = "C:\Users\cofc_\AppData\Local\Temp\tmp7508.tmp", message = "rjsec216")~~RJStevensMusicPresentationCreator.Program~0000001053
2024-12-15 09:54:52.1161~DEBUG~extract completed~~RJStevensMusicPresentationCreator.Program~0000001054
2024-12-15 09:54:52.1201~DEBUG~<- ExtractAllFromFile(zipFileName = "C:\Users\cofc_\AppData\Local\Temp\tmp71FA.tmp\rjsec216.ZIP", decompressedFolder = "C:\Users\cofc_\AppData\Local\Temp\tmp7508.tmp", message = "rjsec216")~~RJStevensMusicPresentationCreator.Program~0000001055
2024-12-15 09:54:52.1731~DEBUG~-> DownloadFile(url = "https://faas-nyc1-2ef2e6cc.doserverless.co/api/v1/web/fn-dd7f8f6a-d32a-4f5e-ae7b-870dfb7963f3/downloads/bundle?id=000000000000225", filename = "C:\Users\cofc_\AppData\Local\Temp\tmp76AF.tmp\rjsec218.ZIP", message = "rjsec218")~~RJStevensMusicPresentationCreator.Program~0000001056
2024-12-15 09:54:52.7311~DEBUG~download completed~~RJStevensMusicPresentationCreator.Program~0000001057
2024-12-15 09:54:52.7311~DEBUG~<- DownloadFile(url = "https://faas-nyc1-2ef2e6cc.doserverless.co/api/v1/web/fn-dd7f8f6a-d32a-4f5e-ae7b-870dfb7963f3/downloads/bundle?id=000000000000225", filename = "C:\Users\cofc_\AppData\Local\Temp\tmp76AF.tmp\rjsec218.ZIP", message = "rjsec218")~~RJStevensMusicPresentationCreator.Program~0000001058
2024-12-15 09:54:52.7581~DEBUG~-> ExtractAllFromFile(zipFileName = "C:\Users\cofc_\AppData\Local\Temp\tmp76AF.tmp\rjsec218.ZIP", decompressedFolder = "C:\Users\cofc_\AppData\Local\Temp\tmp78F2.tmp", message = "rjsec218")~~RJStevensMusicPresentationCreator.Program~0000001059
2024-12-15 09:54:53.0492~DEBUG~extract completed~~RJStevensMusicPresentationCreator.Program~0000001060
2024-12-15 09:54:53.0492~DEBUG~<- ExtractAllFromFile(zipFileName = "C:\Users\cofc_\AppData\Local\Temp\tmp76AF.tmp\rjsec218.ZIP", decompressedFolder = "C:\Users\cofc_\AppData\Local\Temp\tmp78F2.tmp", message = "rjsec218")~~RJStevensMusicPresentationCreator.Program~0000001061
2024-12-15 09:54:53.1192~DEBUG~-> DownloadFile(url = "https://faas-nyc1-2ef2e6cc.doserverless.co/api/v1/web/fn-dd7f8f6a-d32a-4f5e-ae7b-870dfb7963f3/downloads/bundle?id=000000000000226", filename = "C:\Users\cofc_\AppData\Local\Temp\tmp7A5B.tmp\rjsec219.ZIP", message = "rjsec219")~~RJStevensMusicPresentationCreator.Program~0000001062
2024-12-15 09:54:53.5332~DEBUG~download completed~~RJStevensMusicPresentationCreator.Program~0000001063
2024-12-15 09:54:53.5332~DEBUG~<- DownloadFile(url = "https://faas-nyc1-2ef2e6cc.doserverless.co/api/v1/web/fn-dd7f8f6a-d32a-4f5e-ae7b-870dfb7963f3/downloads/bundle?id=000000000000226", filename = "C:\Users\cofc_\AppData\Local\Temp\tmp7A5B.tmp\rjsec219.ZIP", message = "rjsec219")~~RJStevensMusicPresentationCreator.Program~0000001064
2024-12-15 09:54:53.5472~DEBUG~-> ExtractAllFromFile(zipFileName = "C:\Users\cofc_\AppData\Local\Temp\tmp7A5B.tmp\rjsec219.ZIP", decompressedFolder = "C:\Users\cofc_\AppData\Local\Temp\tmp7C11.tmp", message = "rjsec219")~~RJStevensMusicPresentationCreator.Program~0000001065
2024-12-15 09:54:53.8262~DEBUG~extract completed~~RJStevensMusicPresentationCreator.Program~0000001066
2024-12-15 09:54:53.8262~DEBUG~<- ExtractAllFromFile(zipFileName = "C:\Users\cofc_\AppData\Local\Temp\tmp7A5B.tmp\rjsec219.ZIP", decompressedFolder = "C:\Users\cofc_\AppData\Local\Temp\tmp7C11.tmp", message = "rjsec219")~~RJStevensMusicPresentationCreator.Program~0000001067
2024-12-15 09:54:53.9082~DEBUG~-> DownloadFile(url = "https://faas-nyc1-2ef2e6cc.doserverless.co/api/v1/web/fn-dd7f8f6a-d32a-4f5e-ae7b-870dfb7963f3/downloads/bundle?id=000000000000227", filename = "C:\Users\cofc_\AppData\Local\Temp\tmp7D7A.tmp\rjsec220.ZIP", message = "rjsec220")~~RJStevensMusicPresentationCreator.Program~0000001068
2024-12-15 09:54:54.3443~DEBUG~download completed~~RJStevensMusicPresentationCreator.Program~0000001069
2024-12-15 09:54:54.3443~DEBUG~<- DownloadFile(url = "https://faas-nyc1-2ef2e6cc.doserverless.co/api/v1/web/fn-dd7f8f6a-d32a-4f5e-ae7b-870dfb7963f3/downloads/bundle?id=000000000000227", filename = "C:\Users\cofc_\AppData\Local\Temp\tmp7D7A.tmp\rjsec220.ZIP", message = "rjsec220")~~RJStevensMusicPresentationCreator.Program~0000001070
2024-12-15 09:54:54.3613~DEBUG~-> ExtractAllFromFile(zipFileName = "C:\Users\cofc_\AppData\Local\Temp\tmp7D7A.tmp\rjsec220.ZIP", decompressedFolder = "C:\Users\cofc_\AppData\Local\Temp\tmp7F40.tmp", message = "rjsec220")~~RJStevensMusicPresentationCreator.Program~0000001071
2024-12-15 09:54:54.6589~DEBUG~extract completed~~RJStevensMusicPresentationCreator.Program~0000001072
2024-12-15 09:54:54.6589~DEBUG~<- ExtractAllFromFile(zipFileName = "C:\Users\cofc_\AppData\Local\Temp\tmp7D7A.tmp\rjsec220.ZIP", decompressedFolder = "C:\Users\cofc_\AppData\Local\Temp\tmp7F40.tmp", message = "rjsec220")~~RJStevensMusicPresentationCreator.Program~0000001073
2024-12-15 09:54:54.7279~DEBUG~-> DownloadFile(url = "https://faas-nyc1-2ef2e6cc.doserverless.co/api/v1/web/fn-dd7f8f6a-d32a-4f5e-ae7b-870dfb7963f3/downloads/bundle?id=000000000000228", filename = "C:\Users\cofc_\AppData\Local\Temp\tmp80A8.tmp\rjsec221.ZIP", message = "rjsec221")~~RJStevensMusicPresentationCreator.Program~0000001074
2024-12-15 09:54:55.1739~DEBUG~download completed~~RJStevensMusicPresentationCreator.Program~0000001075
2024-12-15 09:54:55.1739~DEBUG~<- DownloadFile(url = "https://faas-nyc1-2ef2e6cc.doserverless.co/api/v1/web/fn-dd7f8f6a-d32a-4f5e-ae7b-870dfb7963f3/downloads/bundle?id=000000000000228", filename = "C:\Users\cofc_\AppData\Local\Temp\tmp80A8.tmp\rjsec221.ZIP", message = "rjsec221")~~RJStevensMusicPresentationCreator.Program~0000001076
2024-12-15 09:54:55.1899~DEBUG~-> ExtractAllFromFile(zipFileName = "C:\Users\cofc_\AppData\Local\Temp\tmp80A8.tmp\rjsec221.ZIP", decompressedFolder = "C:\Users\cofc_\AppData\Local\Temp\tmp827E.tmp", message = "rjsec221")~~RJStevensMusicPresentationCreator.Program~0000001077
2024-12-15 09:54:55.4666~DEBUG~extract completed~~RJStevensMusicPresentationCreator.Program~0000001078
2024-12-15 09:54:55.4666~DEBUG~<- ExtractAllFromFile(zipFileName = "C:\Users\cofc_\AppData\Local\Temp\tmp80A8.tmp\rjsec221.ZIP", decompressedFolder = "C:\Users\cofc_\AppData\Local\Temp\tmp827E.tmp", message = "rjsec221")~~RJStevensMusicPresentationCreator.Program~0000001079
2024-12-15 09:54:55.5366~DEBUG~-> DownloadFile(url = "https://faas-nyc1-2ef2e6cc.doserverless.co/api/v1/web/fn-dd7f8f6a-d32a-4f5e-ae7b-870dfb7963f3/downloads/bundle?id=000000000000229", filename = "C:\Users\cofc_\AppData\Local\Temp\tmp83D7.tmp\rjsec222.ZIP", message = "rjsec222")~~RJStevensMusicPresentationCreator.Program~0000001080
2024-12-15 09:54:55.9954~DEBUG~download completed~~RJStevensMusicPresentationCreator.Program~0000001081
2024-12-15 09:54:55.9954~DEBUG~<- DownloadFile(url = "https://faas-nyc1-2ef2e6cc.doserverless.co/api/v1/web/fn-dd7f8f6a-d32a-4f5e-ae7b-870dfb7963f3/downloads/bundle?id=000000000000229", filename = "C:\Users\cofc_\AppData\Local\Temp\tmp83D7.tmp\rjsec222.ZIP", message = "rjsec222")~~RJStevensMusicPresentationCreator.Program~0000001082
2024-12-15 09:54:55.9954~DEBUG~-> ExtractAllFromFile(zipFileName = "C:\Users\cofc_\AppData\Local\Temp\tmp83D7.tmp\rjsec222.ZIP", decompressedFolder = "C:\Users\cofc_\AppData\Local\Temp\tmp85AC.tmp", message = "rjsec222")~~RJStevensMusicPresentationCreator.Program~0000001083
2024-12-15 09:54:56.3265~DEBUG~extract completed~~RJStevensMusicPresentationCreator.Program~0000001084
2024-12-15 09:54:56.3265~DEBUG~<- ExtractAllFromFile(zipFileName = "C:\Users\cofc_\AppData\Local\Temp\tmp83D7.tmp\rjsec222.ZIP", decompressedFolder = "C:\Users\cofc_\AppData\Local\Temp\tmp85AC.tmp", message = "rjsec222")~~RJStevensMusicPresentationCreator.Program~0000001085
2024-12-15 09:54:56.4055~DEBUG~-> DownloadFile(url = "https://faas-nyc1-2ef2e6cc.doserverless.co/api/v1/web/fn-dd7f8f6a-d32a-4f5e-ae7b-870dfb7963f3/downloads/bundle?id=000000000000230", filename = "C:\Users\cofc_\AppData\Local\Temp\tmp8746.tmp\rjsec223.ZIP", message = "rjsec223")~~RJStevensMusicPresentationCreator.Program~0000001086
2024-12-15 09:54:56.8339~DEBUG~download completed~~RJStevensMusicPresentationCreator.Program~0000001087
2024-12-15 09:54:56.8339~DEBUG~<- DownloadFile(url = "https://faas-nyc1-2ef2e6cc.doserverless.co/api/v1/web/fn-dd7f8f6a-d32a-4f5e-ae7b-870dfb7963f3/downloads/bundle?id=000000000000230", filename = "C:\Users\cofc_\AppData\Local\Temp\tmp8746.tmp\rjsec223.ZIP", message = "rjsec223")~~RJStevensMusicPresentationCreator.Program~0000001088
2024-12-15 09:54:56.8702~DEBUG~-> ExtractAllFromFile(zipFileName = "C:\Users\cofc_\AppData\Local\Temp\tmp8746.tmp\rjsec223.ZIP", decompressedFolder = "C:\Users\cofc_\AppData\Local\Temp\tmp890A.tmp", message = "rjsec223")~~RJStevensMusicPresentationCreator.Program~0000001089
2024-12-15 09:54:57.1337~DEBUG~extract completed~~RJStevensMusicPresentationCreator.Program~0000001090
2024-12-15 09:54:57.1367~DEBUG~<- ExtractAllFromFile(zipFileName = "C:\Users\cofc_\AppData\Local\Temp\tmp8746.tmp\rjsec223.ZIP", decompressedFolder = "C:\Users\cofc_\AppData\Local\Temp\tmp890A.tmp", message = "rjsec223")~~RJStevensMusicPresentationCreator.Program~0000001091
2024-12-15 09:54:57.1887~DEBUG~-> DownloadFile(url = "https://faas-nyc1-2ef2e6cc.doserverless.co/api/v1/web/fn-dd7f8f6a-d32a-4f5e-ae7b-870dfb7963f3/downloads/bundle?id=000000000000232", filename = "C:\Users\cofc_\AppData\Local\Temp\tmp8A53.tmp\rjsec225.ZIP", message = "rjsec225")~~RJStevensMusicPresentationCreator.Program~0000001092
2024-12-15 09:54:57.6387~DEBUG~download completed~~RJStevensMusicPresentationCreator.Program~0000001093
2024-12-15 09:54:57.6387~DEBUG~<- DownloadFile(url = "https://faas-nyc1-2ef2e6cc.doserverless.co/api/v1/web/fn-dd7f8f6a-d32a-4f5e-ae7b-870dfb7963f3/downloads/bundle?id=000000000000232", filename = "C:\Users\cofc_\AppData\Local\Temp\tmp8A53.tmp\rjsec225.ZIP", message = "rjsec225")~~RJStevensMusicPresentationCreator.Program~0000001094
2024-12-15 09:54:57.6615~DEBUG~-> ExtractAllFromFile(zipFileName = "C:\Users\cofc_\AppData\Local\Temp\tmp8A53.tmp\rjsec225.ZIP", decompressedFolder = "C:\Users\cofc_\AppData\Local\Temp\tmp8C29.tmp", message = "rjsec225")~~RJStevensMusicPresentationCreator.Program~0000001095
2024-12-15 09:54:57.9045~DEBUG~extract completed~~RJStevensMusicPresentationCreator.Program~0000001096
2024-12-15 09:54:57.9045~DEBUG~<- ExtractAllFromFile(zipFileName = "C:\Users\cofc_\AppData\Local\Temp\tmp8A53.tmp\rjsec225.ZIP", decompressedFolder = "C:\Users\cofc_\AppData\Local\Temp\tmp8C29.tmp", message = "rjsec225")~~RJStevensMusicPresentationCreator.Program~0000001097
2024-12-15 09:54:57.9745~DEBUG~-> DownloadFile(url = "https://faas-nyc1-2ef2e6cc.doserverless.co/api/v1/web/fn-dd7f8f6a-d32a-4f5e-ae7b-870dfb7963f3/downloads/bundle?id=000000000000233", filename = "C:\Users\cofc_\AppData\Local\Temp\tmp8D62.tmp\rjsec226.ZIP", message = "rjsec226")~~RJStevensMusicPresentationCreator.Program~0000001098
2024-12-15 09:54:58.4296~DEBUG~download completed~~RJStevensMusicPresentationCreator.Program~0000001099
2024-12-15 09:54:58.4316~DEBUG~<- DownloadFile(url = "https://faas-nyc1-2ef2e6cc.doserverless.co/api/v1/web/fn-dd7f8f6a-d32a-4f5e-ae7b-870dfb7963f3/downloads/bundle?id=000000000000233", filename = "C:\Users\cofc_\AppData\Local\Temp\tmp8D62.tmp\rjsec226.ZIP", message = "rjsec226")~~RJStevensMusicPresentationCreator.Program~0000001100
2024-12-15 09:54:58.4316~DEBUG~-> ExtractAllFromFile(zipFileName = "C:\Users\cofc_\AppData\Local\Temp\tmp8D62.tmp\rjsec226.ZIP", decompressedFolder = "C:\Users\cofc_\AppData\Local\Temp\tmp8F38.tmp", message = "rjsec226")~~RJStevensMusicPresentationCreator.Program~0000001101
2024-12-15 09:54:58.7567~DEBUG~extract completed~~RJStevensMusicPresentationCreator.Program~0000001102
2024-12-15 09:54:58.7567~DEBUG~<- ExtractAllFromFile(zipFileName = "C:\Users\cofc_\AppData\Local\Temp\tmp8D62.tmp\rjsec226.ZIP", decompressedFolder = "C:\Users\cofc_\AppData\Local\Temp\tmp8F38.tmp", message = "rjsec226")~~RJStevensMusicPresentationCreator.Program~0000001103
2024-12-15 09:54:58.8317~DEBUG~-> DownloadFile(url = "https://faas-nyc1-2ef2e6cc.doserverless.co/api/v1/web/fn-dd7f8f6a-d32a-4f5e-ae7b-870dfb7963f3/downloads/bundle?id=000000000000234", filename = "C:\Users\cofc_\AppData\Local\Temp\tmp90C0.tmp\rjsec227.ZIP", message = "rjsec227")~~RJStevensMusicPresentationCreator.Program~0000001104
2024-12-15 09:54:59.2607~DEBUG~download completed~~RJStevensMusicPresentationCreator.Program~0000001105
2024-12-15 09:54:59.2607~DEBUG~<- DownloadFile(url = "https://faas-nyc1-2ef2e6cc.doserverless.co/api/v1/web/fn-dd7f8f6a-d32a-4f5e-ae7b-870dfb7963f3/downloads/bundle?id=000000000000234", filename = "C:\Users\cofc_\AppData\Local\Temp\tmp90C0.tmp\rjsec227.ZIP", message = "rjsec227")~~RJStevensMusicPresentationCreator.Program~0000001106
2024-12-15 09:54:59.2607~DEBUG~-> ExtractAllFromFile(zipFileName = "C:\Users\cofc_\AppData\Local\Temp\tmp90C0.tmp\rjsec227.ZIP", decompressedFolder = "C:\Users\cofc_\AppData\Local\Temp\tmp9276.tmp", message = "rjsec227")~~RJStevensMusicPresentationCreator.Program~0000001107
2024-12-15 09:54:59.5218~DEBUG~extract completed~~RJStevensMusicPresentationCreator.Program~0000001108
2024-12-15 09:54:59.5268~DEBUG~<- ExtractAllFromFile(zipFileName = "C:\Users\cofc_\AppData\Local\Temp\tmp90C0.tmp\rjsec227.ZIP", decompressedFolder = "C:\Users\cofc_\AppData\Local\Temp\tmp9276.tmp", message = "rjsec227")~~RJStevensMusicPresentationCreator.Program~0000001109
2024-12-15 09:54:59.6168~DEBUG~-> DownloadFile(url = "https://faas-nyc1-2ef2e6cc.doserverless.co/api/v1/web/fn-dd7f8f6a-d32a-4f5e-ae7b-870dfb7963f3/downloads/bundle?id=000000000000235", filename = "C:\Users\cofc_\AppData\Local\Temp\tmp93CF.tmp\rjsec228.ZIP", message = "rjsec228")~~RJStevensMusicPresentationCreator.Program~0000001110
2024-12-15 09:55:00.1178~DEBUG~download completed~~RJStevensMusicPresentationCreator.Program~0000001111
2024-12-15 09:55:00.1178~DEBUG~<- DownloadFile(url = "https://faas-nyc1-2ef2e6cc.doserverless.co/api/v1/web/fn-dd7f8f6a-d32a-4f5e-ae7b-870dfb7963f3/downloads/bundle?id=000000000000235", filename = "C:\Users\cofc_\AppData\Local\Temp\tmp93CF.tmp\rjsec228.ZIP", message = "rjsec228")~~RJStevensMusicPresentationCreator.Program~0000001112
2024-12-15 09:55:00.1328~DEBUG~-> ExtractAllFromFile(zipFileName = "C:\Users\cofc_\AppData\Local\Temp\tmp93CF.tmp\rjsec228.ZIP", decompressedFolder = "C:\Users\cofc_\AppData\Local\Temp\tmp95D3.tmp", message = "rjsec228")~~RJStevensMusicPresentationCreator.Program~0000001113
2024-12-15 09:55:00.3918~DEBUG~extract completed~~RJStevensMusicPresentationCreator.Program~0000001114
2024-12-15 09:55:00.3918~DEBUG~<- ExtractAllFromFile(zipFileName = "C:\Users\cofc_\AppData\Local\Temp\tmp93CF.tmp\rjsec228.ZIP", decompressedFolder = "C:\Users\cofc_\AppData\Local\Temp\tmp95D3.tmp", message = "rjsec228")~~RJStevensMusicPresentationCreator.Program~0000001115
2024-12-15 09:55:00.4568~DEBUG~-> DownloadFile(url = "https://faas-nyc1-2ef2e6cc.doserverless.co/api/v1/web/fn-dd7f8f6a-d32a-4f5e-ae7b-870dfb7963f3/downloads/bundle?id=000000000000236", filename = "C:\Users\cofc_\AppData\Local\Temp\tmp971D.tmp\rjsec229.ZIP", message = "rjsec229")~~RJStevensMusicPresentationCreator.Program~0000001116
2024-12-15 09:55:00.9086~DEBUG~download completed~~RJStevensMusicPresentationCreator.Program~0000001117
2024-12-15 09:55:00.9086~DEBUG~<- DownloadFile(url = "https://faas-nyc1-2ef2e6cc.doserverless.co/api/v1/web/fn-dd7f8f6a-d32a-4f5e-ae7b-870dfb7963f3/downloads/bundle?id=000000000000236", filename = "C:\Users\cofc_\AppData\Local\Temp\tmp971D.tmp\rjsec229.ZIP", message = "rjsec229")~~RJStevensMusicPresentationCreator.Program~0000001118
2024-12-15 09:55:00.9276~DEBUG~-> ExtractAllFromFile(zipFileName = "C:\Users\cofc_\AppData\Local\Temp\tmp971D.tmp\rjsec229.ZIP", decompressedFolder = "C:\Users\cofc_\AppData\Local\Temp\tmp98F2.tmp", message = "rjsec229")~~RJStevensMusicPresentationCreator.Program~0000001119
2024-12-15 09:55:01.1407~DEBUG~extract completed~~RJStevensMusicPresentationCreator.Program~0000001120
2024-12-15 09:55:01.1407~DEBUG~<- ExtractAllFromFile(zipFileName = "C:\Users\cofc_\AppData\Local\Temp\tmp971D.tmp\rjsec229.ZIP", decompressedFolder = "C:\Users\cofc_\AppData\Local\Temp\tmp98F2.tmp", message = "rjsec229")~~RJStevensMusicPresentationCreator.Program~0000001121
2024-12-15 09:55:01.2037~DEBUG~-> DownloadFile(url = "https://faas-nyc1-2ef2e6cc.doserverless.co/api/v1/web/fn-dd7f8f6a-d32a-4f5e-ae7b-870dfb7963f3/downloads/bundle?id=000000000000238", filename = "C:\Users\cofc_\AppData\Local\Temp\tmp9A0D.tmp\rjsec231.ZIP", message = "rjsec231")~~RJStevensMusicPresentationCreator.Program~0000001122
2024-12-15 09:55:01.7097~DEBUG~download completed~~RJStevensMusicPresentationCreator.Program~0000001123
2024-12-15 09:55:01.7097~DEBUG~<- DownloadFile(url = "https://faas-nyc1-2ef2e6cc.doserverless.co/api/v1/web/fn-dd7f8f6a-d32a-4f5e-ae7b-870dfb7963f3/downloads/bundle?id=000000000000238", filename = "C:\Users\cofc_\AppData\Local\Temp\tmp9A0D.tmp\rjsec231.ZIP", message = "rjsec231")~~RJStevensMusicPresentationCreator.Program~0000001124
2024-12-15 09:55:01.7347~DEBUG~-> ExtractAllFromFile(zipFileName = "C:\Users\cofc_\AppData\Local\Temp\tmp9A0D.tmp\rjsec231.ZIP", decompressedFolder = "C:\Users\cofc_\AppData\Local\Temp\tmp9C21.tmp", message = "rjsec231")~~RJStevensMusicPresentationCreator.Program~0000001125
2024-12-15 09:55:02.1772~DEBUG~extract completed~~RJStevensMusicPresentationCreator.Program~0000001126
2024-12-15 09:55:02.1832~DEBUG~<- ExtractAllFromFile(zipFileName = "C:\Users\cofc_\AppData\Local\Temp\tmp9A0D.tmp\rjsec231.ZIP", decompressedFolder = "C:\Users\cofc_\AppData\Local\Temp\tmp9C21.tmp", message = "rjsec231")~~RJStevensMusicPresentationCreator.Program~0000001127
2024-12-15 09:55:02.3042~DEBUG~-> DownloadFile(url = "https://faas-nyc1-2ef2e6cc.doserverless.co/api/v1/web/fn-dd7f8f6a-d32a-4f5e-ae7b-870dfb7963f3/downloads/bundle?id=000000000000241", filename = "C:\Users\cofc_\AppData\Local\Temp\tmp9E54.tmp\rjsec234.ZIP", message = "rjsec234")~~RJStevensMusicPresentationCreator.Program~0000001128
2024-12-15 09:55:02.7879~DEBUG~download completed~~RJStevensMusicPresentationCreator.Program~0000001129
2024-12-15 09:55:02.7879~DEBUG~<- DownloadFile(url = "https://faas-nyc1-2ef2e6cc.doserverless.co/api/v1/web/fn-dd7f8f6a-d32a-4f5e-ae7b-870dfb7963f3/downloads/bundle?id=000000000000241", filename = "C:\Users\cofc_\AppData\Local\Temp\tmp9E54.tmp\rjsec234.ZIP", message = "rjsec234")~~RJStevensMusicPresentationCreator.Program~0000001130
2024-12-15 09:55:02.8169~DEBUG~-> ExtractAllFromFile(zipFileName = "C:\Users\cofc_\AppData\Local\Temp\tmp9E54.tmp\rjsec234.ZIP", decompressedFolder = "C:\Users\cofc_\AppData\Local\Temp\tmpA059.tmp", message = "rjsec234")~~RJStevensMusicPresentationCreator.Program~0000001131
2024-12-15 09:55:03.0849~DEBUG~extract completed~~RJStevensMusicPresentationCreator.Program~0000001132
2024-12-15 09:55:03.0880~DEBUG~<- ExtractAllFromFile(zipFileName = "C:\Users\cofc_\AppData\Local\Temp\tmp9E54.tmp\rjsec234.ZIP", decompressedFolder = "C:\Users\cofc_\AppData\Local\Temp\tmpA059.tmp", message = "rjsec234")~~RJStevensMusicPresentationCreator.Program~0000001133
2024-12-15 09:55:03.1560~DEBUG~-> DownloadFile(url = "https://faas-nyc1-2ef2e6cc.doserverless.co/api/v1/web/fn-dd7f8f6a-d32a-4f5e-ae7b-870dfb7963f3/downloads/bundle?id=000000000000243", filename = "C:\Users\cofc_\AppData\Local\Temp\tmpA1B2.tmp\rjsec236.ZIP", message = "rjsec236")~~RJStevensMusicPresentationCreator.Program~0000001134
2024-12-15 09:55:03.6676~DEBUG~download completed~~RJStevensMusicPresentationCreator.Program~0000001135
2024-12-15 09:55:03.6676~DEBUG~<- DownloadFile(url = "https://faas-nyc1-2ef2e6cc.doserverless.co/api/v1/web/fn-dd7f8f6a-d32a-4f5e-ae7b-870dfb7963f3/downloads/bundle?id=000000000000243", filename = "C:\Users\cofc_\AppData\Local\Temp\tmpA1B2.tmp\rjsec236.ZIP", message = "rjsec236")~~RJStevensMusicPresentationCreator.Program~0000001136
2024-12-15 09:55:03.6907~DEBUG~-> ExtractAllFromFile(zipFileName = "C:\Users\cofc_\AppData\Local\Temp\tmpA1B2.tmp\rjsec236.ZIP", decompressedFolder = "C:\Users\cofc_\AppData\Local\Temp\tmpA3C6.tmp", message = "rjsec236")~~RJStevensMusicPresentationCreator.Program~0000001137
2024-12-15 09:55:04.0107~DEBUG~extract completed~~RJStevensMusicPresentationCreator.Program~0000001138
2024-12-15 09:55:04.0107~DEBUG~<- ExtractAllFromFile(zipFileName = "C:\Users\cofc_\AppData\Local\Temp\tmpA1B2.tmp\rjsec236.ZIP", decompressedFolder = "C:\Users\cofc_\AppData\Local\Temp\tmpA3C6.tmp", message = "rjsec236")~~RJStevensMusicPresentationCreator.Program~0000001139
2024-12-15 09:55:04.0987~DEBUG~-> DownloadFile(url = "https://faas-nyc1-2ef2e6cc.doserverless.co/api/v1/web/fn-dd7f8f6a-d32a-4f5e-ae7b-870dfb7963f3/downloads/bundle?id=000000000000244", filename = "C:\Users\cofc_\AppData\Local\Temp\tmpA55D.tmp\rjsec237.ZIP", message = "rjsec237")~~RJStevensMusicPresentationCreator.Program~0000001140
2024-12-15 09:55:04.5687~DEBUG~download completed~~RJStevensMusicPresentationCreator.Program~0000001141
2024-12-15 09:55:04.5687~DEBUG~<- DownloadFile(url = "https://faas-nyc1-2ef2e6cc.doserverless.co/api/v1/web/fn-dd7f8f6a-d32a-4f5e-ae7b-870dfb7963f3/downloads/bundle?id=000000000000244", filename = "C:\Users\cofc_\AppData\Local\Temp\tmpA55D.tmp\rjsec237.ZIP", message = "rjsec237")~~RJStevensMusicPresentationCreator.Program~0000001142
2024-12-15 09:55:04.5817~DEBUG~-> ExtractAllFromFile(zipFileName = "C:\Users\cofc_\AppData\Local\Temp\tmpA55D.tmp\rjsec237.ZIP", decompressedFolder = "C:\Users\cofc_\AppData\Local\Temp\tmpA743.tmp", message = "rjsec237")~~RJStevensMusicPresentationCreator.Program~0000001143
2024-12-15 09:55:04.8508~DEBUG~extract completed~~RJStevensMusicPresentationCreator.Program~0000001144
2024-12-15 09:55:04.8547~DEBUG~<- ExtractAllFromFile(zipFileName = "C:\Users\cofc_\AppData\Local\Temp\tmpA55D.tmp\rjsec237.ZIP", decompressedFolder = "C:\Users\cofc_\AppData\Local\Temp\tmpA743.tmp", message = "rjsec237")~~RJStevensMusicPresentationCreator.Program~0000001145
2024-12-15 09:55:04.9218~DEBUG~-> DownloadFile(url = "https://faas-nyc1-2ef2e6cc.doserverless.co/api/v1/web/fn-dd7f8f6a-d32a-4f5e-ae7b-870dfb7963f3/downloads/bundle?id=000000000000246", filename = "C:\Users\cofc_\AppData\Local\Temp\tmpA89B.tmp\rjsec239.ZIP", message = "rjsec239")~~RJStevensMusicPresentationCreator.Program~0000001146
2024-12-15 09:55:05.6918~DEBUG~download completed~~RJStevensMusicPresentationCreator.Program~0000001147
2024-12-15 09:55:05.6918~DEBUG~<- DownloadFile(url = "https://faas-nyc1-2ef2e6cc.doserverless.co/api/v1/web/fn-dd7f8f6a-d32a-4f5e-ae7b-870dfb7963f3/downloads/bundle?id=000000000000246", filename = "C:\Users\cofc_\AppData\Local\Temp\tmpA89B.tmp\rjsec239.ZIP", message = "rjsec239")~~RJStevensMusicPresentationCreator.Program~0000001148
2024-12-15 09:55:05.7088~DEBUG~-> ExtractAllFromFile(zipFileName = "C:\Users\cofc_\AppData\Local\Temp\tmpA89B.tmp\rjsec239.ZIP", decompressedFolder = "C:\Users\cofc_\AppData\Local\Temp\tmpABAA.tmp", message = "rjsec239")~~RJStevensMusicPresentationCreator.Program~0000001149
2024-12-15 09:55:05.9808~DEBUG~extract completed~~RJStevensMusicPresentationCreator.Program~0000001150
2024-12-15 09:55:05.9808~DEBUG~<- ExtractAllFromFile(zipFileName = "C:\Users\cofc_\AppData\Local\Temp\tmpA89B.tmp\rjsec239.ZIP", decompressedFolder = "C:\Users\cofc_\AppData\Local\Temp\tmpABAA.tmp", message = "rjsec239")~~RJStevensMusicPresentationCreator.Program~0000001151
2024-12-15 09:55:06.0498~DEBUG~-> DownloadFile(url = "https://faas-nyc1-2ef2e6cc.doserverless.co/api/v1/web/fn-dd7f8f6a-d32a-4f5e-ae7b-870dfb7963f3/downloads/bundle?id=000000000000248", filename = "C:\Users\cofc_\AppData\Local\Temp\tmpAD02.tmp\rjsec241.ZIP", message = "rjsec241")~~RJStevensMusicPresentationCreator.Program~0000001152
2024-12-15 09:55:06.5255~DEBUG~download completed~~RJStevensMusicPresentationCreator.Program~0000001153
2024-12-15 09:55:06.5255~DEBUG~<- DownloadFile(url = "https://faas-nyc1-2ef2e6cc.doserverless.co/api/v1/web/fn-dd7f8f6a-d32a-4f5e-ae7b-870dfb7963f3/downloads/bundle?id=000000000000248", filename = "C:\Users\cofc_\AppData\Local\Temp\tmpAD02.tmp\rjsec241.ZIP", message = "rjsec241")~~RJStevensMusicPresentationCreator.Program~0000001154
2024-12-15 09:55:06.5506~DEBUG~-> ExtractAllFromFile(zipFileName = "C:\Users\cofc_\AppData\Local\Temp\tmpAD02.tmp\rjsec241.ZIP", decompressedFolder = "C:\Users\cofc_\AppData\Local\Temp\tmpAEF7.tmp", message = "rjsec241")~~RJStevensMusicPresentationCreator.Program~0000001155
2024-12-15 09:55:06.9376~DEBUG~extract completed~~RJStevensMusicPresentationCreator.Program~0000001156
2024-12-15 09:55:06.9376~DEBUG~<- ExtractAllFromFile(zipFileName = "C:\Users\cofc_\AppData\Local\Temp\tmpAD02.tmp\rjsec241.ZIP", decompressedFolder = "C:\Users\cofc_\AppData\Local\Temp\tmpAEF7.tmp", message = "rjsec241")~~RJStevensMusicPresentationCreator.Program~0000001157
2024-12-15 09:55:07.0116~DEBUG~-> DownloadFile(url = "https://faas-nyc1-2ef2e6cc.doserverless.co/api/v1/web/fn-dd7f8f6a-d32a-4f5e-ae7b-870dfb7963f3/downloads/bundle?id=000000000000249", filename = "C:\Users\cofc_\AppData\Local\Temp\tmpB0BD.tmp\rjsec242.ZIP", message = "rjsec242")~~RJStevensMusicPresentationCreator.Program~0000001158
2024-12-15 09:55:07.4546~DEBUG~download completed~~RJStevensMusicPresentationCreator.Program~0000001159
2024-12-15 09:55:07.4546~DEBUG~<- DownloadFile(url = "https://faas-nyc1-2ef2e6cc.doserverless.co/api/v1/web/fn-dd7f8f6a-d32a-4f5e-ae7b-870dfb7963f3/downloads/bundle?id=000000000000249", filename = "C:\Users\cofc_\AppData\Local\Temp\tmpB0BD.tmp\rjsec242.ZIP", message = "rjsec242")~~RJStevensMusicPresentationCreator.Program~0000001160
2024-12-15 09:55:07.4677~DEBUG~-> ExtractAllFromFile(zipFileName = "C:\Users\cofc_\AppData\Local\Temp\tmpB0BD.tmp\rjsec242.ZIP", decompressedFolder = "C:\Users\cofc_\AppData\Local\Temp\tmpB293.tmp", message = "rjsec242")~~RJStevensMusicPresentationCreator.Program~0000001161
2024-12-15 09:55:07.6977~DEBUG~extract completed~~RJStevensMusicPresentationCreator.Program~0000001162
2024-12-15 09:55:07.6977~DEBUG~<- ExtractAllFromFile(zipFileName = "C:\Users\cofc_\AppData\Local\Temp\tmpB0BD.tmp\rjsec242.ZIP", decompressedFolder = "C:\Users\cofc_\AppData\Local\Temp\tmpB293.tmp", message = "rjsec242")~~RJStevensMusicPresentationCreator.Program~0000001163
2024-12-15 09:55:07.7597~DEBUG~-> DownloadFile(url = "https://faas-nyc1-2ef2e6cc.doserverless.co/api/v1/web/fn-dd7f8f6a-d32a-4f5e-ae7b-870dfb7963f3/downloads/bundle?id=000000000000253", filename = "C:\Users\cofc_\AppData\Local\Temp\tmpB3AD.tmp\rjsec246.ZIP", message = "rjsec246")~~RJStevensMusicPresentationCreator.Program~0000001164
2024-12-15 09:55:08.1954~DEBUG~download completed~~RJStevensMusicPresentationCreator.Program~0000001165
2024-12-15 09:55:08.1954~DEBUG~<- DownloadFile(url = "https://faas-nyc1-2ef2e6cc.doserverless.co/api/v1/web/fn-dd7f8f6a-d32a-4f5e-ae7b-870dfb7963f3/downloads/bundle?id=000000000000253", filename = "C:\Users\cofc_\AppData\Local\Temp\tmpB3AD.tmp\rjsec246.ZIP", message = "rjsec246")~~RJStevensMusicPresentationCreator.Program~0000001166
2024-12-15 09:55:08.2124~DEBUG~-> ExtractAllFromFile(zipFileName = "C:\Users\cofc_\AppData\Local\Temp\tmpB3AD.tmp\rjsec246.ZIP", decompressedFolder = "C:\Users\cofc_\AppData\Local\Temp\tmpB574.tmp", message = "rjsec246")~~RJStevensMusicPresentationCreator.Program~0000001167
2024-12-15 09:55:08.4685~DEBUG~extract completed~~RJStevensMusicPresentationCreator.Program~0000001168
2024-12-15 09:55:08.4685~DEBUG~<- ExtractAllFromFile(zipFileName = "C:\Users\cofc_\AppData\Local\Temp\tmpB3AD.tmp\rjsec246.ZIP", decompressedFolder = "C:\Users\cofc_\AppData\Local\Temp\tmpB574.tmp", message = "rjsec246")~~RJStevensMusicPresentationCreator.Program~0000001169
2024-12-15 09:55:08.5475~DEBUG~-> DownloadFile(url = "https://faas-nyc1-2ef2e6cc.doserverless.co/api/v1/web/fn-dd7f8f6a-d32a-4f5e-ae7b-870dfb7963f3/downloads/bundle?id=000000000000254", filename = "C:\Users\cofc_\AppData\Local\Temp\tmpB6CC.tmp\rjsec247.ZIP", message = "rjsec247")~~RJStevensMusicPresentationCreator.Program~0000001170
2024-12-15 09:55:09.0125~DEBUG~download completed~~RJStevensMusicPresentationCreator.Program~0000001171
2024-12-15 09:55:09.0125~DEBUG~<- DownloadFile(url = "https://faas-nyc1-2ef2e6cc.doserverless.co/api/v1/web/fn-dd7f8f6a-d32a-4f5e-ae7b-870dfb7963f3/downloads/bundle?id=000000000000254", filename = "C:\Users\cofc_\AppData\Local\Temp\tmpB6CC.tmp\rjsec247.ZIP", message = "rjsec247")~~RJStevensMusicPresentationCreator.Program~0000001172
2024-12-15 09:55:09.0275~DEBUG~-> ExtractAllFromFile(zipFileName = "C:\Users\cofc_\AppData\Local\Temp\tmpB6CC.tmp\rjsec247.ZIP", decompressedFolder = "C:\Users\cofc_\AppData\Local\Temp\tmpB8B2.tmp", message = "rjsec247")~~RJStevensMusicPresentationCreator.Program~0000001173
2024-12-15 09:55:09.3155~DEBUG~extract completed~~RJStevensMusicPresentationCreator.Program~0000001174
2024-12-15 09:55:09.3155~DEBUG~<- ExtractAllFromFile(zipFileName = "C:\Users\cofc_\AppData\Local\Temp\tmpB6CC.tmp\rjsec247.ZIP", decompressedFolder = "C:\Users\cofc_\AppData\Local\Temp\tmpB8B2.tmp", message = "rjsec247")~~RJStevensMusicPresentationCreator.Program~0000001175
2024-12-15 09:55:09.4525~DEBUG~-> DownloadFile(url = "https://faas-nyc1-2ef2e6cc.doserverless.co/api/v1/web/fn-dd7f8f6a-d32a-4f5e-ae7b-870dfb7963f3/downloads/bundle?id=000000000000255", filename = "C:\Users\cofc_\AppData\Local\Temp\tmpBA59.tmp\rjsec248.ZIP", message = "rjsec248")~~RJStevensMusicPresentationCreator.Program~0000001176
2024-12-15 09:55:09.9294~DEBUG~download completed~~RJStevensMusicPresentationCreator.Program~0000001177
2024-12-15 09:55:09.9294~DEBUG~<- DownloadFile(url = "https://faas-nyc1-2ef2e6cc.doserverless.co/api/v1/web/fn-dd7f8f6a-d32a-4f5e-ae7b-870dfb7963f3/downloads/bundle?id=000000000000255", filename = "C:\Users\cofc_\AppData\Local\Temp\tmpBA59.tmp\rjsec248.ZIP", message = "rjsec248")~~RJStevensMusicPresentationCreator.Program~0000001178
2024-12-15 09:55:09.9444~DEBUG~-> ExtractAllFromFile(zipFileName = "C:\Users\cofc_\AppData\Local\Temp\tmpBA59.tmp\rjsec248.ZIP", decompressedFolder = "C:\Users\cofc_\AppData\Local\Temp\tmpBC3E.tmp", message = "rjsec248")~~RJStevensMusicPresentationCreator.Program~0000001179
2024-12-15 09:55:10.2365~DEBUG~extract completed~~RJStevensMusicPresentationCreator.Program~0000001180
2024-12-15 09:55:10.2365~DEBUG~<- ExtractAllFromFile(zipFileName = "C:\Users\cofc_\AppData\Local\Temp\tmpBA59.tmp\rjsec248.ZIP", decompressedFolder = "C:\Users\cofc_\AppData\Local\Temp\tmpBC3E.tmp", message = "rjsec248")~~RJStevensMusicPresentationCreator.Program~0000001181
2024-12-15 09:55:10.3265~DEBUG~-> DownloadFile(url = "https://faas-nyc1-2ef2e6cc.doserverless.co/api/v1/web/fn-dd7f8f6a-d32a-4f5e-ae7b-870dfb7963f3/downloads/bundle?id=000000000000257", filename = "C:\Users\cofc_\AppData\Local\Temp\tmpBDC6.tmp\rjsec250.ZIP", message = "rjsec250")~~RJStevensMusicPresentationCreator.Program~0000001182
2024-12-15 09:55:10.8504~DEBUG~download completed~~RJStevensMusicPresentationCreator.Program~0000001183
2024-12-15 09:55:10.8504~DEBUG~<- DownloadFile(url = "https://faas-nyc1-2ef2e6cc.doserverless.co/api/v1/web/fn-dd7f8f6a-d32a-4f5e-ae7b-870dfb7963f3/downloads/bundle?id=000000000000257", filename = "C:\Users\cofc_\AppData\Local\Temp\tmpBDC6.tmp\rjsec250.ZIP", message = "rjsec250")~~RJStevensMusicPresentationCreator.Program~0000001184
2024-12-15 09:55:10.8584~DEBUG~-> ExtractAllFromFile(zipFileName = "C:\Users\cofc_\AppData\Local\Temp\tmpBDC6.tmp\rjsec250.ZIP", decompressedFolder = "C:\Users\cofc_\AppData\Local\Temp\tmpBFDA.tmp", message = "rjsec250")~~RJStevensMusicPresentationCreator.Program~0000001185
2024-12-15 09:55:11.1444~DEBUG~extract completed~~RJStevensMusicPresentationCreator.Program~0000001186
2024-12-15 09:55:11.1444~DEBUG~<- ExtractAllFromFile(zipFileName = "C:\Users\cofc_\AppData\Local\Temp\tmpBDC6.tmp\rjsec250.ZIP", decompressedFolder = "C:\Users\cofc_\AppData\Local\Temp\tmpBFDA.tmp", message = "rjsec250")~~RJStevensMusicPresentationCreator.Program~0000001187
2024-12-15 09:55:11.2194~DEBUG~-> DownloadFile(url = "https://faas-nyc1-2ef2e6cc.doserverless.co/api/v1/web/fn-dd7f8f6a-d32a-4f5e-ae7b-870dfb7963f3/downloads/bundle?id=000000000000261", filename = "C:\Users\cofc_\AppData\Local\Temp\tmpC142.tmp\rjsec254.ZIP", message = "rjsec254")~~RJStevensMusicPresentationCreator.Program~0000001188
2024-12-15 09:55:11.6674~DEBUG~download completed~~RJStevensMusicPresentationCreator.Program~0000001189
2024-12-15 09:55:11.6674~DEBUG~<- DownloadFile(url = "https://faas-nyc1-2ef2e6cc.doserverless.co/api/v1/web/fn-dd7f8f6a-d32a-4f5e-ae7b-870dfb7963f3/downloads/bundle?id=000000000000261", filename = "C:\Users\cofc_\AppData\Local\Temp\tmpC142.tmp\rjsec254.ZIP", message = "rjsec254")~~RJStevensMusicPresentationCreator.Program~0000001190
2024-12-15 09:55:11.6854~DEBUG~-> ExtractAllFromFile(zipFileName = "C:\Users\cofc_\AppData\Local\Temp\tmpC142.tmp\rjsec254.ZIP", decompressedFolder = "C:\Users\cofc_\AppData\Local\Temp\tmpC318.tmp", message = "rjsec254")~~RJStevensMusicPresentationCreator.Program~0000001191
2024-12-15 09:55:11.9147~DEBUG~extract completed~~RJStevensMusicPresentationCreator.Program~0000001192
2024-12-15 09:55:11.9177~DEBUG~<- ExtractAllFromFile(zipFileName = "C:\Users\cofc_\AppData\Local\Temp\tmpC142.tmp\rjsec254.ZIP", decompressedFolder = "C:\Users\cofc_\AppData\Local\Temp\tmpC318.tmp", message = "rjsec254")~~RJStevensMusicPresentationCreator.Program~0000001193
2024-12-15 09:55:11.9877~DEBUG~-> DownloadFile(url = "https://faas-nyc1-2ef2e6cc.doserverless.co/api/v1/web/fn-dd7f8f6a-d32a-4f5e-ae7b-870dfb7963f3/downloads/bundle?id=000000000000262", filename = "C:\Users\cofc_\AppData\Local\Temp\tmpC442.tmp\rjsec255.ZIP", message = "rjsec255")~~RJStevensMusicPresentationCreator.Program~0000001194
2024-12-15 09:55:12.4333~DEBUG~download completed~~RJStevensMusicPresentationCreator.Program~0000001195
2024-12-15 09:55:12.4333~DEBUG~<- DownloadFile(url = "https://faas-nyc1-2ef2e6cc.doserverless.co/api/v1/web/fn-dd7f8f6a-d32a-4f5e-ae7b-870dfb7963f3/downloads/bundle?id=000000000000262", filename = "C:\Users\cofc_\AppData\Local\Temp\tmpC442.tmp\rjsec255.ZIP", message = "rjsec255")~~RJStevensMusicPresentationCreator.Program~0000001196
2024-12-15 09:55:12.4513~DEBUG~-> ExtractAllFromFile(zipFileName = "C:\Users\cofc_\AppData\Local\Temp\tmpC442.tmp\rjsec255.ZIP", decompressedFolder = "C:\Users\cofc_\AppData\Local\Temp\tmpC618.tmp", message = "rjsec255")~~RJStevensMusicPresentationCreator.Program~0000001197
2024-12-15 09:55:12.7223~DEBUG~extract completed~~RJStevensMusicPresentationCreator.Program~0000001198
2024-12-15 09:55:12.7223~DEBUG~<- ExtractAllFromFile(zipFileName = "C:\Users\cofc_\AppData\Local\Temp\tmpC442.tmp\rjsec255.ZIP", decompressedFolder = "C:\Users\cofc_\AppData\Local\Temp\tmpC618.tmp", message = "rjsec255")~~RJStevensMusicPresentationCreator.Program~0000001199
2024-12-15 09:55:12.7934~DEBUG~-> DownloadFile(url = "https://faas-nyc1-2ef2e6cc.doserverless.co/api/v1/web/fn-dd7f8f6a-d32a-4f5e-ae7b-870dfb7963f3/downloads/bundle?id=000000000000264", filename = "C:\Users\cofc_\AppData\Local\Temp\tmpC770.tmp\rjsec257.ZIP", message = "rjsec257")~~RJStevensMusicPresentationCreator.Program~0000001200
2024-12-15 09:55:13.2204~DEBUG~download completed~~RJStevensMusicPresentationCreator.Program~0000001201
2024-12-15 09:55:13.2204~DEBUG~<- DownloadFile(url = "https://faas-nyc1-2ef2e6cc.doserverless.co/api/v1/web/fn-dd7f8f6a-d32a-4f5e-ae7b-870dfb7963f3/downloads/bundle?id=000000000000264", filename = "C:\Users\cofc_\AppData\Local\Temp\tmpC770.tmp\rjsec257.ZIP", message = "rjsec257")~~RJStevensMusicPresentationCreator.Program~0000001202
2024-12-15 09:55:13.2364~DEBUG~-> ExtractAllFromFile(zipFileName = "C:\Users\cofc_\AppData\Local\Temp\tmpC770.tmp\rjsec257.ZIP", decompressedFolder = "C:\Users\cofc_\AppData\Local\Temp\tmpC927.tmp", message = "rjsec257")~~RJStevensMusicPresentationCreator.Program~0000001203
2024-12-15 09:55:13.4664~DEBUG~extract completed~~RJStevensMusicPresentationCreator.Program~0000001204
2024-12-15 09:55:13.4664~DEBUG~<- ExtractAllFromFile(zipFileName = "C:\Users\cofc_\AppData\Local\Temp\tmpC770.tmp\rjsec257.ZIP", decompressedFolder = "C:\Users\cofc_\AppData\Local\Temp\tmpC927.tmp", message = "rjsec257")~~RJStevensMusicPresentationCreator.Program~0000001205
2024-12-15 09:55:13.5414~DEBUG~-> DownloadFile(url = "https://faas-nyc1-2ef2e6cc.doserverless.co/api/v1/web/fn-dd7f8f6a-d32a-4f5e-ae7b-870dfb7963f3/downloads/bundle?id=000000000000265", filename = "C:\Users\cofc_\AppData\Local\Temp\tmpCA51.tmp\rjsec258.ZIP", message = "rjsec258")~~RJStevensMusicPresentationCreator.Program~0000001206
2024-12-15 09:55:13.9955~DEBUG~download completed~~RJStevensMusicPresentationCreator.Program~0000001207
2024-12-15 09:55:13.9955~DEBUG~<- DownloadFile(url = "https://faas-nyc1-2ef2e6cc.doserverless.co/api/v1/web/fn-dd7f8f6a-d32a-4f5e-ae7b-870dfb7963f3/downloads/bundle?id=000000000000265", filename = "C:\Users\cofc_\AppData\Local\Temp\tmpCA51.tmp\rjsec258.ZIP", message = "rjsec258")~~RJStevensMusicPresentationCreator.Program~0000001208
2024-12-15 09:55:14.0115~DEBUG~-> ExtractAllFromFile(zipFileName = "C:\Users\cofc_\AppData\Local\Temp\tmpCA51.tmp\rjsec258.ZIP", decompressedFolder = "C:\Users\cofc_\AppData\Local\Temp\tmpCC36.tmp", message = "rjsec258")~~RJStevensMusicPresentationCreator.Program~0000001209
2024-12-15 09:55:14.2513~DEBUG~extract completed~~RJStevensMusicPresentationCreator.Program~0000001210
2024-12-15 09:55:14.2513~DEBUG~<- ExtractAllFromFile(zipFileName = "C:\Users\cofc_\AppData\Local\Temp\tmpCA51.tmp\rjsec258.ZIP", decompressedFolder = "C:\Users\cofc_\AppData\Local\Temp\tmpCC36.tmp", message = "rjsec258")~~RJStevensMusicPresentationCreator.Program~0000001211
2024-12-15 09:55:14.3173~DEBUG~-> DownloadFile(url = "https://faas-nyc1-2ef2e6cc.doserverless.co/api/v1/web/fn-dd7f8f6a-d32a-4f5e-ae7b-870dfb7963f3/downloads/bundle?id=000000000000266", filename = "C:\Users\cofc_\AppData\Local\Temp\tmpCD60.tmp\rjsec259.ZIP", message = "rjsec259")~~RJStevensMusicPresentationCreator.Program~0000001212
2024-12-15 09:55:14.7793~DEBUG~download completed~~RJStevensMusicPresentationCreator.Program~0000001213
2024-12-15 09:55:14.7793~DEBUG~<- DownloadFile(url = "https://faas-nyc1-2ef2e6cc.doserverless.co/api/v1/web/fn-dd7f8f6a-d32a-4f5e-ae7b-870dfb7963f3/downloads/bundle?id=000000000000266", filename = "C:\Users\cofc_\AppData\Local\Temp\tmpCD60.tmp\rjsec259.ZIP", message = "rjsec259")~~RJStevensMusicPresentationCreator.Program~0000001214
2024-12-15 09:55:14.7973~DEBUG~-> ExtractAllFromFile(zipFileName = "C:\Users\cofc_\AppData\Local\Temp\tmpCD60.tmp\rjsec259.ZIP", decompressedFolder = "C:\Users\cofc_\AppData\Local\Temp\tmpCF45.tmp", message = "rjsec259")~~RJStevensMusicPresentationCreator.Program~0000001215
2024-12-15 09:55:15.0453~DEBUG~extract completed~~RJStevensMusicPresentationCreator.Program~0000001216
2024-12-15 09:55:15.0453~DEBUG~<- ExtractAllFromFile(zipFileName = "C:\Users\cofc_\AppData\Local\Temp\tmpCD60.tmp\rjsec259.ZIP", decompressedFolder = "C:\Users\cofc_\AppData\Local\Temp\tmpCF45.tmp", message = "rjsec259")~~RJStevensMusicPresentationCreator.Program~0000001217
2024-12-15 09:55:15.1103~DEBUG~-> DownloadFile(url = "https://faas-nyc1-2ef2e6cc.doserverless.co/api/v1/web/fn-dd7f8f6a-d32a-4f5e-ae7b-870dfb7963f3/downloads/bundle?id=000000000000267", filename = "C:\Users\cofc_\AppData\Local\Temp\tmpD07F.tmp\rjsec260.ZIP", message = "rjsec260")~~RJStevensMusicPresentationCreator.Program~0000001218
2024-12-15 09:55:15.5634~DEBUG~download completed~~RJStevensMusicPresentationCreator.Program~0000001219
2024-12-15 09:55:15.5634~DEBUG~<- DownloadFile(url = "https://faas-nyc1-2ef2e6cc.doserverless.co/api/v1/web/fn-dd7f8f6a-d32a-4f5e-ae7b-870dfb7963f3/downloads/bundle?id=000000000000267", filename = "C:\Users\cofc_\AppData\Local\Temp\tmpD07F.tmp\rjsec260.ZIP", message = "rjsec260")~~RJStevensMusicPresentationCreator.Program~0000001220
2024-12-15 09:55:15.5854~DEBUG~-> ExtractAllFromFile(zipFileName = "C:\Users\cofc_\AppData\Local\Temp\tmpD07F.tmp\rjsec260.ZIP", decompressedFolder = "C:\Users\cofc_\AppData\Local\Temp\tmpD255.tmp", message = "rjsec260")~~RJStevensMusicPresentationCreator.Program~0000001221
2024-12-15 09:55:15.7944~DEBUG~extract completed~~RJStevensMusicPresentationCreator.Program~0000001222
2024-12-15 09:55:15.7944~DEBUG~<- ExtractAllFromFile(zipFileName = "C:\Users\cofc_\AppData\Local\Temp\tmpD07F.tmp\rjsec260.ZIP", decompressedFolder = "C:\Users\cofc_\AppData\Local\Temp\tmpD255.tmp", message = "rjsec260")~~RJStevensMusicPresentationCreator.Program~0000001223
2024-12-15 09:55:15.8554~DEBUG~-> DownloadFile(url = "https://faas-nyc1-2ef2e6cc.doserverless.co/api/v1/web/fn-dd7f8f6a-d32a-4f5e-ae7b-870dfb7963f3/downloads/bundle?id=000000000000268", filename = "C:\Users\cofc_\AppData\Local\Temp\tmpD36F.tmp\rjsec261.ZIP", message = "rjsec261")~~RJStevensMusicPresentationCreator.Program~0000001224
2024-12-15 09:55:16.3304~DEBUG~download completed~~RJStevensMusicPresentationCreator.Program~0000001225
2024-12-15 09:55:16.3304~DEBUG~<- DownloadFile(url = "https://faas-nyc1-2ef2e6cc.doserverless.co/api/v1/web/fn-dd7f8f6a-d32a-4f5e-ae7b-870dfb7963f3/downloads/bundle?id=000000000000268", filename = "C:\Users\cofc_\AppData\Local\Temp\tmpD36F.tmp\rjsec261.ZIP", message = "rjsec261")~~RJStevensMusicPresentationCreator.Program~0000001226
2024-12-15 09:55:16.3544~DEBUG~-> ExtractAllFromFile(zipFileName = "C:\Users\cofc_\AppData\Local\Temp\tmpD36F.tmp\rjsec261.ZIP", decompressedFolder = "C:\Users\cofc_\AppData\Local\Temp\tmpD564.tmp", message = "rjsec261")~~RJStevensMusicPresentationCreator.Program~0000001227
2024-12-15 09:55:16.6535~DEBUG~extract completed~~RJStevensMusicPresentationCreator.Program~0000001228
2024-12-15 09:55:16.6535~DEBUG~<- ExtractAllFromFile(zipFileName = "C:\Users\cofc_\AppData\Local\Temp\tmpD36F.tmp\rjsec261.ZIP", decompressedFolder = "C:\Users\cofc_\AppData\Local\Temp\tmpD564.tmp", message = "rjsec261")~~RJStevensMusicPresentationCreator.Program~0000001229
2024-12-15 09:55:16.7275~DEBUG~-> DownloadFile(url = "https://faas-nyc1-2ef2e6cc.doserverless.co/api/v1/web/fn-dd7f8f6a-d32a-4f5e-ae7b-870dfb7963f3/downloads/bundle?id=000000000000270", filename = "C:\Users\cofc_\AppData\Local\Temp\tmpD6CC.tmp\rjsec263.ZIP", message = "rjsec263")~~RJStevensMusicPresentationCreator.Program~0000001230
2024-12-15 09:55:17.1695~DEBUG~download completed~~RJStevensMusicPresentationCreator.Program~0000001231
2024-12-15 09:55:17.1695~DEBUG~<- DownloadFile(url = "https://faas-nyc1-2ef2e6cc.doserverless.co/api/v1/web/fn-dd7f8f6a-d32a-4f5e-ae7b-870dfb7963f3/downloads/bundle?id=000000000000270", filename = "C:\Users\cofc_\AppData\Local\Temp\tmpD6CC.tmp\rjsec263.ZIP", message = "rjsec263")~~RJStevensMusicPresentationCreator.Program~0000001232
2024-12-15 09:55:17.1695~DEBUG~-> ExtractAllFromFile(zipFileName = "C:\Users\cofc_\AppData\Local\Temp\tmpD6CC.tmp\rjsec263.ZIP", decompressedFolder = "C:\Users\cofc_\AppData\Local\Temp\tmpD892.tmp", message = "rjsec263")~~RJStevensMusicPresentationCreator.Program~0000001233
2024-12-15 09:55:17.3895~DEBUG~extract completed~~RJStevensMusicPresentationCreator.Program~0000001234
2024-12-15 09:55:17.3895~DEBUG~<- ExtractAllFromFile(zipFileName = "C:\Users\cofc_\AppData\Local\Temp\tmpD6CC.tmp\rjsec263.ZIP", decompressedFolder = "C:\Users\cofc_\AppData\Local\Temp\tmpD892.tmp", message = "rjsec263")~~RJStevensMusicPresentationCreator.Program~0000001235
2024-12-15 09:55:17.4495~DEBUG~-> DownloadFile(url = "https://faas-nyc1-2ef2e6cc.doserverless.co/api/v1/web/fn-dd7f8f6a-d32a-4f5e-ae7b-870dfb7963f3/downloads/bundle?id=000000000000271", filename = "C:\Users\cofc_\AppData\Local\Temp\tmpD9AD.tmp\rjsec264.ZIP", message = "rjsec264")~~RJStevensMusicPresentationCreator.Program~0000001236
2024-12-15 09:55:17.9216~DEBUG~download completed~~RJStevensMusicPresentationCreator.Program~0000001237
2024-12-15 09:55:17.9216~DEBUG~<- DownloadFile(url = "https://faas-nyc1-2ef2e6cc.doserverless.co/api/v1/web/fn-dd7f8f6a-d32a-4f5e-ae7b-870dfb7963f3/downloads/bundle?id=000000000000271", filename = "C:\Users\cofc_\AppData\Local\Temp\tmpD9AD.tmp\rjsec264.ZIP", message = "rjsec264")~~RJStevensMusicPresentationCreator.Program~0000001238
2024-12-15 09:55:17.9366~DEBUG~-> ExtractAllFromFile(zipFileName = "C:\Users\cofc_\AppData\Local\Temp\tmpD9AD.tmp\rjsec264.ZIP", decompressedFolder = "C:\Users\cofc_\AppData\Local\Temp\tmpDB92.tmp", message = "rjsec264")~~RJStevensMusicPresentationCreator.Program~0000001239
2024-12-15 09:55:18.2327~DEBUG~extract completed~~RJStevensMusicPresentationCreator.Program~0000001240
2024-12-15 09:55:18.2327~DEBUG~<- ExtractAllFromFile(zipFileName = "C:\Users\cofc_\AppData\Local\Temp\tmpD9AD.tmp\rjsec264.ZIP", decompressedFolder = "C:\Users\cofc_\AppData\Local\Temp\tmpDB92.tmp", message = "rjsec264")~~RJStevensMusicPresentationCreator.Program~0000001241
2024-12-15 09:55:18.3117~DEBUG~-> DownloadFile(url = "https://faas-nyc1-2ef2e6cc.doserverless.co/api/v1/web/fn-dd7f8f6a-d32a-4f5e-ae7b-870dfb7963f3/downloads/bundle?id=000000000000272", filename = "C:\Users\cofc_\AppData\Local\Temp\tmpDD0A.tmp\rjsec265.ZIP", message = "rjsec265")~~RJStevensMusicPresentationCreator.Program~0000001242
2024-12-15 09:55:18.7337~DEBUG~download completed~~RJStevensMusicPresentationCreator.Program~0000001243
2024-12-15 09:55:18.7337~DEBUG~<- DownloadFile(url = "https://faas-nyc1-2ef2e6cc.doserverless.co/api/v1/web/fn-dd7f8f6a-d32a-4f5e-ae7b-870dfb7963f3/downloads/bundle?id=000000000000272", filename = "C:\Users\cofc_\AppData\Local\Temp\tmpDD0A.tmp\rjsec265.ZIP", message = "rjsec265")~~RJStevensMusicPresentationCreator.Program~0000001244
2024-12-15 09:55:18.7547~DEBUG~-> ExtractAllFromFile(zipFileName = "C:\Users\cofc_\AppData\Local\Temp\tmpDD0A.tmp\rjsec265.ZIP", decompressedFolder = "C:\Users\cofc_\AppData\Local\Temp\tmpDEC0.tmp", message = "rjsec265")~~RJStevensMusicPresentationCreator.Program~0000001245
2024-12-15 09:55:18.9577~DEBUG~extract completed~~RJStevensMusicPresentationCreator.Program~0000001246
2024-12-15 09:55:18.9577~DEBUG~<- ExtractAllFromFile(zipFileName = "C:\Users\cofc_\AppData\Local\Temp\tmpDD0A.tmp\rjsec265.ZIP", decompressedFolder = "C:\Users\cofc_\AppData\Local\Temp\tmpDEC0.tmp", message = "rjsec265")~~RJStevensMusicPresentationCreator.Program~0000001247
2024-12-15 09:55:19.0167~DEBUG~-> DownloadFile(url = "https://faas-nyc1-2ef2e6cc.doserverless.co/api/v1/web/fn-dd7f8f6a-d32a-4f5e-ae7b-870dfb7963f3/downloads/bundle?id=000000000000274", filename = "C:\Users\cofc_\AppData\Local\Temp\tmpDFCB.tmp\rjsec267.ZIP", message = "rjsec267")~~RJStevensMusicPresentationCreator.Program~0000001248
2024-12-15 09:55:19.4398~DEBUG~download completed~~RJStevensMusicPresentationCreator.Program~0000001249
2024-12-15 09:55:19.4398~DEBUG~<- DownloadFile(url = "https://faas-nyc1-2ef2e6cc.doserverless.co/api/v1/web/fn-dd7f8f6a-d32a-4f5e-ae7b-870dfb7963f3/downloads/bundle?id=000000000000274", filename = "C:\Users\cofc_\AppData\Local\Temp\tmpDFCB.tmp\rjsec267.ZIP", message = "rjsec267")~~RJStevensMusicPresentationCreator.Program~0000001250
2024-12-15 09:55:19.4560~DEBUG~-> ExtractAllFromFile(zipFileName = "C:\Users\cofc_\AppData\Local\Temp\tmpDFCB.tmp\rjsec267.ZIP", decompressedFolder = "C:\Users\cofc_\AppData\Local\Temp\tmpE182.tmp", message = "rjsec267")~~RJStevensMusicPresentationCreator.Program~0000001251
2024-12-15 09:55:19.6540~DEBUG~extract completed~~RJStevensMusicPresentationCreator.Program~0000001252
2024-12-15 09:55:19.6540~DEBUG~<- ExtractAllFromFile(zipFileName = "C:\Users\cofc_\AppData\Local\Temp\tmpDFCB.tmp\rjsec267.ZIP", decompressedFolder = "C:\Users\cofc_\AppData\Local\Temp\tmpE182.tmp", message = "rjsec267")~~RJStevensMusicPresentationCreator.Program~0000001253
2024-12-15 09:55:19.7090~DEBUG~-> DownloadFile(url = "https://faas-nyc1-2ef2e6cc.doserverless.co/api/v1/web/fn-dd7f8f6a-d32a-4f5e-ae7b-870dfb7963f3/downloads/bundle?id=000000000000275", filename = "C:\Users\cofc_\AppData\Local\Temp\tmpE27D.tmp\rjsec268.ZIP", message = "rjsec268")~~RJStevensMusicPresentationCreator.Program~0000001254
2024-12-15 09:55:20.1440~DEBUG~download completed~~RJStevensMusicPresentationCreator.Program~0000001255
2024-12-15 09:55:20.1440~DEBUG~<- DownloadFile(url = "https://faas-nyc1-2ef2e6cc.doserverless.co/api/v1/web/fn-dd7f8f6a-d32a-4f5e-ae7b-870dfb7963f3/downloads/bundle?id=000000000000275", filename = "C:\Users\cofc_\AppData\Local\Temp\tmpE27D.tmp\rjsec268.ZIP", message = "rjsec268")~~RJStevensMusicPresentationCreator.Program~0000001256
2024-12-15 09:55:20.1610~DEBUG~-> ExtractAllFromFile(zipFileName = "C:\Users\cofc_\AppData\Local\Temp\tmpE27D.tmp\rjsec268.ZIP", decompressedFolder = "C:\Users\cofc_\AppData\Local\Temp\tmpE443.tmp", message = "rjsec268")~~RJStevensMusicPresentationCreator.Program~0000001257
2024-12-15 09:55:20.3620~DEBUG~extract completed~~RJStevensMusicPresentationCreator.Program~0000001258
2024-12-15 09:55:20.3620~DEBUG~<- ExtractAllFromFile(zipFileName = "C:\Users\cofc_\AppData\Local\Temp\tmpE27D.tmp\rjsec268.ZIP", decompressedFolder = "C:\Users\cofc_\AppData\Local\Temp\tmpE443.tmp", message = "rjsec268")~~RJStevensMusicPresentationCreator.Program~0000001259
2024-12-15 09:55:20.4220~DEBUG~-> DownloadFile(url = "https://faas-nyc1-2ef2e6cc.doserverless.co/api/v1/web/fn-dd7f8f6a-d32a-4f5e-ae7b-870dfb7963f3/downloads/bundle?id=000000000000276", filename = "C:\Users\cofc_\AppData\Local\Temp\tmpE54D.tmp\rjsec269.ZIP", message = "rjsec269")~~RJStevensMusicPresentationCreator.Program~0000001260
2024-12-15 09:55:20.8391~DEBUG~download completed~~RJStevensMusicPresentationCreator.Program~0000001261
2024-12-15 09:55:20.8391~DEBUG~<- DownloadFile(url = "https://faas-nyc1-2ef2e6cc.doserverless.co/api/v1/web/fn-dd7f8f6a-d32a-4f5e-ae7b-870dfb7963f3/downloads/bundle?id=000000000000276", filename = "C:\Users\cofc_\AppData\Local\Temp\tmpE54D.tmp\rjsec269.ZIP", message = "rjsec269")~~RJStevensMusicPresentationCreator.Program~0000001262
2024-12-15 09:55:20.8391~DEBUG~-> ExtractAllFromFile(zipFileName = "C:\Users\cofc_\AppData\Local\Temp\tmpE54D.tmp\rjsec269.ZIP", decompressedFolder = "C:\Users\cofc_\AppData\Local\Temp\tmpE6F4.tmp", message = "rjsec269")~~RJStevensMusicPresentationCreator.Program~0000001263
2024-12-15 09:55:21.0771~DEBUG~extract completed~~RJStevensMusicPresentationCreator.Program~0000001264
2024-12-15 09:55:21.0771~DEBUG~<- ExtractAllFromFile(zipFileName = "C:\Users\cofc_\AppData\Local\Temp\tmpE54D.tmp\rjsec269.ZIP", decompressedFolder = "C:\Users\cofc_\AppData\Local\Temp\tmpE6F4.tmp", message = "rjsec269")~~RJStevensMusicPresentationCreator.Program~0000001265
2024-12-15 09:55:21.1371~DEBUG~-> DownloadFile(url = "https://faas-nyc1-2ef2e6cc.doserverless.co/api/v1/web/fn-dd7f8f6a-d32a-4f5e-ae7b-870dfb7963f3/downloads/bundle?id=gp5fjsicrf12dnz", filename = "C:\Users\cofc_\AppData\Local\Temp\tmpE81E.tmp\rjsec269.16.ZIP", message = "rjsec269.16")~~RJStevensMusicPresentationCreator.Program~0000001266
2024-12-15 09:55:21.5811~DEBUG~download completed~~RJStevensMusicPresentationCreator.Program~0000001267
2024-12-15 09:55:21.5811~DEBUG~<- DownloadFile(url = "https://faas-nyc1-2ef2e6cc.doserverless.co/api/v1/web/fn-dd7f8f6a-d32a-4f5e-ae7b-870dfb7963f3/downloads/bundle?id=gp5fjsicrf12dnz", filename = "C:\Users\cofc_\AppData\Local\Temp\tmpE81E.tmp\rjsec269.16.ZIP", message = "rjsec269.16")~~RJStevensMusicPresentationCreator.Program~0000001268
2024-12-15 09:55:21.5961~DEBUG~-> ExtractAllFromFile(zipFileName = "C:\Users\cofc_\AppData\Local\Temp\tmpE81E.tmp\rjsec269.16.ZIP", decompressedFolder = "C:\Users\cofc_\AppData\Local\Temp\tmpE9E4.tmp", message = "rjsec269.16")~~RJStevensMusicPresentationCreator.Program~0000001269
2024-12-15 09:55:21.8847~DEBUG~extract completed~~RJStevensMusicPresentationCreator.Program~0000001270
2024-12-15 09:55:21.8877~DEBUG~<- ExtractAllFromFile(zipFileName = "C:\Users\cofc_\AppData\Local\Temp\tmpE81E.tmp\rjsec269.16.ZIP", decompressedFolder = "C:\Users\cofc_\AppData\Local\Temp\tmpE9E4.tmp", message = "rjsec269.16")~~RJStevensMusicPresentationCreator.Program~0000001271
2024-12-15 09:55:21.9567~DEBUG~-> DownloadFile(url = "https://faas-nyc1-2ef2e6cc.doserverless.co/api/v1/web/fn-dd7f8f6a-d32a-4f5e-ae7b-870dfb7963f3/downloads/bundle?id=nsonmj3v2ic9pwo", filename = "C:\Users\cofc_\AppData\Local\Temp\tmpEB4D.tmp\rjsec269.22.ZIP", message = "rjsec269.22")~~RJStevensMusicPresentationCreator.Program~0000001272
2024-12-15 09:55:22.5157~DEBUG~download completed~~RJStevensMusicPresentationCreator.Program~0000001273
2024-12-15 09:55:22.5157~DEBUG~<- DownloadFile(url = "https://faas-nyc1-2ef2e6cc.doserverless.co/api/v1/web/fn-dd7f8f6a-d32a-4f5e-ae7b-870dfb7963f3/downloads/bundle?id=nsonmj3v2ic9pwo", filename = "C:\Users\cofc_\AppData\Local\Temp\tmpEB4D.tmp\rjsec269.22.ZIP", message = "rjsec269.22")~~RJStevensMusicPresentationCreator.Program~0000001274
2024-12-15 09:55:22.5347~DEBUG~-> ExtractAllFromFile(zipFileName = "C:\Users\cofc_\AppData\Local\Temp\tmpEB4D.tmp\rjsec269.22.ZIP", decompressedFolder = "C:\Users\cofc_\AppData\Local\Temp\tmpED90.tmp", message = "rjsec269.22")~~RJStevensMusicPresentationCreator.Program~0000001275
2024-12-15 09:55:22.7780~DEBUG~extract completed~~RJStevensMusicPresentationCreator.Program~0000001276
2024-12-15 09:55:22.7780~DEBUG~<- ExtractAllFromFile(zipFileName = "C:\Users\cofc_\AppData\Local\Temp\tmpEB4D.tmp\rjsec269.22.ZIP", decompressedFolder = "C:\Users\cofc_\AppData\Local\Temp\tmpED90.tmp", message = "rjsec269.22")~~RJStevensMusicPresentationCreator.Program~0000001277
2024-12-15 09:55:22.8540~DEBUG~-> DownloadFile(url = "https://faas-nyc1-2ef2e6cc.doserverless.co/api/v1/web/fn-dd7f8f6a-d32a-4f5e-ae7b-870dfb7963f3/downloads/bundle?id=000000000000277", filename = "C:\Users\cofc_\AppData\Local\Temp\tmpEEC9.tmp\rjsec270.ZIP", message = "rjsec270")~~RJStevensMusicPresentationCreator.Program~0000001278
2024-12-15 09:55:23.3070~DEBUG~download completed~~RJStevensMusicPresentationCreator.Program~0000001279
2024-12-15 09:55:23.3070~DEBUG~<- DownloadFile(url = "https://faas-nyc1-2ef2e6cc.doserverless.co/api/v1/web/fn-dd7f8f6a-d32a-4f5e-ae7b-870dfb7963f3/downloads/bundle?id=000000000000277", filename = "C:\Users\cofc_\AppData\Local\Temp\tmpEEC9.tmp\rjsec270.ZIP", message = "rjsec270")~~RJStevensMusicPresentationCreator.Program~0000001280
2024-12-15 09:55:23.3070~DEBUG~-> ExtractAllFromFile(zipFileName = "C:\Users\cofc_\AppData\Local\Temp\tmpEEC9.tmp\rjsec270.ZIP", decompressedFolder = "C:\Users\cofc_\AppData\Local\Temp\tmpF09F.tmp", message = "rjsec270")~~RJStevensMusicPresentationCreator.Program~0000001281
2024-12-15 09:55:23.5530~DEBUG~extract completed~~RJStevensMusicPresentationCreator.Program~0000001282
2024-12-15 09:55:23.5530~DEBUG~<- ExtractAllFromFile(zipFileName = "C:\Users\cofc_\AppData\Local\Temp\tmpEEC9.tmp\rjsec270.ZIP", decompressedFolder = "C:\Users\cofc_\AppData\Local\Temp\tmpF09F.tmp", message = "rjsec270")~~RJStevensMusicPresentationCreator.Program~0000001283
2024-12-15 09:55:23.6190~DEBUG~-> DownloadFile(url = "https://faas-nyc1-2ef2e6cc.doserverless.co/api/v1/web/fn-dd7f8f6a-d32a-4f5e-ae7b-870dfb7963f3/downloads/bundle?id=000000000000278", filename = "C:\Users\cofc_\AppData\Local\Temp\tmpF1C9.tmp\rjsec271.ZIP", message = "rjsec271")~~RJStevensMusicPresentationCreator.Program~0000001284
2024-12-15 09:55:24.0381~DEBUG~download completed~~RJStevensMusicPresentationCreator.Program~0000001285
2024-12-15 09:55:24.0381~DEBUG~<- DownloadFile(url = "https://faas-nyc1-2ef2e6cc.doserverless.co/api/v1/web/fn-dd7f8f6a-d32a-4f5e-ae7b-870dfb7963f3/downloads/bundle?id=000000000000278", filename = "C:\Users\cofc_\AppData\Local\Temp\tmpF1C9.tmp\rjsec271.ZIP", message = "rjsec271")~~RJStevensMusicPresentationCreator.Program~0000001286
2024-12-15 09:55:24.0521~DEBUG~-> ExtractAllFromFile(zipFileName = "C:\Users\cofc_\AppData\Local\Temp\tmpF1C9.tmp\rjsec271.ZIP", decompressedFolder = "C:\Users\cofc_\AppData\Local\Temp\tmpF37F.tmp", message = "rjsec271")~~RJStevensMusicPresentationCreator.Program~0000001287
2024-12-15 09:55:24.2471~DEBUG~extract completed~~RJStevensMusicPresentationCreator.Program~0000001288
2024-12-15 09:55:24.2471~DEBUG~<- ExtractAllFromFile(zipFileName = "C:\Users\cofc_\AppData\Local\Temp\tmpF1C9.tmp\rjsec271.ZIP", decompressedFolder = "C:\Users\cofc_\AppData\Local\Temp\tmpF37F.tmp", message = "rjsec271")~~RJStevensMusicPresentationCreator.Program~0000001289
2024-12-15 09:55:24.3121~DEBUG~-> DownloadFile(url = "https://faas-nyc1-2ef2e6cc.doserverless.co/api/v1/web/fn-dd7f8f6a-d32a-4f5e-ae7b-870dfb7963f3/downloads/bundle?id=000000000000279", filename = "C:\Users\cofc_\AppData\Local\Temp\tmpF48A.tmp\rjsec272.ZIP", message = "rjsec272")~~RJStevensMusicPresentationCreator.Program~0000001290
2024-12-15 09:55:24.7941~DEBUG~download completed~~RJStevensMusicPresentationCreator.Program~0000001291
2024-12-15 09:55:24.7941~DEBUG~<- DownloadFile(url = "https://faas-nyc1-2ef2e6cc.doserverless.co/api/v1/web/fn-dd7f8f6a-d32a-4f5e-ae7b-870dfb7963f3/downloads/bundle?id=000000000000279", filename = "C:\Users\cofc_\AppData\Local\Temp\tmpF48A.tmp\rjsec272.ZIP", message = "rjsec272")~~RJStevensMusicPresentationCreator.Program~0000001292
2024-12-15 09:55:24.8131~DEBUG~-> ExtractAllFromFile(zipFileName = "C:\Users\cofc_\AppData\Local\Temp\tmpF48A.tmp\rjsec272.ZIP", decompressedFolder = "C:\Users\cofc_\AppData\Local\Temp\tmpF67F.tmp", message = "rjsec272")~~RJStevensMusicPresentationCreator.Program~0000001293
2024-12-15 09:55:25.1277~DEBUG~extract completed~~RJStevensMusicPresentationCreator.Program~0000001294
2024-12-15 09:55:25.1277~DEBUG~<- ExtractAllFromFile(zipFileName = "C:\Users\cofc_\AppData\Local\Temp\tmpF48A.tmp\rjsec272.ZIP", decompressedFolder = "C:\Users\cofc_\AppData\Local\Temp\tmpF67F.tmp", message = "rjsec272")~~RJStevensMusicPresentationCreator.Program~0000001295
2024-12-15 09:55:25.2077~DEBUG~-> DownloadFile(url = "https://faas-nyc1-2ef2e6cc.doserverless.co/api/v1/web/fn-dd7f8f6a-d32a-4f5e-ae7b-870dfb7963f3/downloads/bundle?id=000000000000280", filename = "C:\Users\cofc_\AppData\Local\Temp\tmpF807.tmp\rjsec273.ZIP", message = "rjsec273")~~RJStevensMusicPresentationCreator.Program~0000001296
2024-12-15 09:55:25.6258~DEBUG~download completed~~RJStevensMusicPresentationCreator.Program~0000001297
2024-12-15 09:55:25.6258~DEBUG~<- DownloadFile(url = "https://faas-nyc1-2ef2e6cc.doserverless.co/api/v1/web/fn-dd7f8f6a-d32a-4f5e-ae7b-870dfb7963f3/downloads/bundle?id=000000000000280", filename = "C:\Users\cofc_\AppData\Local\Temp\tmpF807.tmp\rjsec273.ZIP", message = "rjsec273")~~RJStevensMusicPresentationCreator.Program~0000001298
2024-12-15 09:55:25.6368~DEBUG~-> ExtractAllFromFile(zipFileName = "C:\Users\cofc_\AppData\Local\Temp\tmpF807.tmp\rjsec273.ZIP", decompressedFolder = "C:\Users\cofc_\AppData\Local\Temp\tmpF9BD.tmp", message = "rjsec273")~~RJStevensMusicPresentationCreator.Program~0000001299
2024-12-15 09:55:25.8142~DEBUG~extract completed~~RJStevensMusicPresentationCreator.Program~0000001300
2024-12-15 09:55:25.8142~DEBUG~<- ExtractAllFromFile(zipFileName = "C:\Users\cofc_\AppData\Local\Temp\tmpF807.tmp\rjsec273.ZIP", decompressedFolder = "C:\Users\cofc_\AppData\Local\Temp\tmpF9BD.tmp", message = "rjsec273")~~RJStevensMusicPresentationCreator.Program~0000001301
2024-12-15 09:55:25.8702~DEBUG~-> DownloadFile(url = "https://faas-nyc1-2ef2e6cc.doserverless.co/api/v1/web/fn-dd7f8f6a-d32a-4f5e-ae7b-870dfb7963f3/downloads/bundle?id=000000000000281", filename = "C:\Users\cofc_\AppData\Local\Temp\tmpFAA8.tmp\rjsec274.ZIP", message = "rjsec274")~~RJStevensMusicPresentationCreator.Program~0000001302
2024-12-15 09:55:26.3743~DEBUG~download completed~~RJStevensMusicPresentationCreator.Program~0000001303
2024-12-15 09:55:26.3743~DEBUG~<- DownloadFile(url = "https://faas-nyc1-2ef2e6cc.doserverless.co/api/v1/web/fn-dd7f8f6a-d32a-4f5e-ae7b-870dfb7963f3/downloads/bundle?id=000000000000281", filename = "C:\Users\cofc_\AppData\Local\Temp\tmpFAA8.tmp\rjsec274.ZIP", message = "rjsec274")~~RJStevensMusicPresentationCreator.Program~0000001304
2024-12-15 09:55:26.3959~DEBUG~-> ExtractAllFromFile(zipFileName = "C:\Users\cofc_\AppData\Local\Temp\tmpFAA8.tmp\rjsec274.ZIP", decompressedFolder = "C:\Users\cofc_\AppData\Local\Temp\tmpFCAD.tmp", message = "rjsec274")~~RJStevensMusicPresentationCreator.Program~0000001305
2024-12-15 09:55:26.6600~DEBUG~extract completed~~RJStevensMusicPresentationCreator.Program~0000001306
2024-12-15 09:55:26.6600~DEBUG~<- ExtractAllFromFile(zipFileName = "C:\Users\cofc_\AppData\Local\Temp\tmpFAA8.tmp\rjsec274.ZIP", decompressedFolder = "C:\Users\cofc_\AppData\Local\Temp\tmpFCAD.tmp", message = "rjsec274")~~RJStevensMusicPresentationCreator.Program~0000001307
2024-12-15 09:55:26.7230~DEBUG~-> DownloadFile(url = "https://faas-nyc1-2ef2e6cc.doserverless.co/api/v1/web/fn-dd7f8f6a-d32a-4f5e-ae7b-870dfb7963f3/downloads/bundle?id=000000000000282", filename = "C:\Users\cofc_\AppData\Local\Temp\tmpFDF6.tmp\rjsec275.ZIP", message = "rjsec275")~~RJStevensMusicPresentationCreator.Program~0000001308
2024-12-15 09:55:27.3786~DEBUG~download completed~~RJStevensMusicPresentationCreator.Program~0000001309
2024-12-15 09:55:27.3786~DEBUG~<- DownloadFile(url = "https://faas-nyc1-2ef2e6cc.doserverless.co/api/v1/web/fn-dd7f8f6a-d32a-4f5e-ae7b-870dfb7963f3/downloads/bundle?id=000000000000282", filename = "C:\Users\cofc_\AppData\Local\Temp\tmpFDF6.tmp\rjsec275.ZIP", message = "rjsec275")~~RJStevensMusicPresentationCreator.Program~0000001310
2024-12-15 09:55:27.3946~DEBUG~-> ExtractAllFromFile(zipFileName = "C:\Users\cofc_\AppData\Local\Temp\tmpFDF6.tmp\rjsec275.ZIP", decompressedFolder = "C:\Users\cofc_\AppData\Local\Temp\tmp97.tmp", message = "rjsec275")~~RJStevensMusicPresentationCreator.Program~0000001311
2024-12-15 09:55:27.6017~DEBUG~extract completed~~RJStevensMusicPresentationCreator.Program~0000001312
2024-12-15 09:55:27.6047~DEBUG~<- ExtractAllFromFile(zipFileName = "C:\Users\cofc_\AppData\Local\Temp\tmpFDF6.tmp\rjsec275.ZIP", decompressedFolder = "C:\Users\cofc_\AppData\Local\Temp\tmp97.tmp", message = "rjsec275")~~RJStevensMusicPresentationCreator.Program~0000001313
2024-12-15 09:55:27.6677~DEBUG~-> DownloadFile(url = "https://faas-nyc1-2ef2e6cc.doserverless.co/api/v1/web/fn-dd7f8f6a-d32a-4f5e-ae7b-870dfb7963f3/downloads/bundle?id=000000000000283", filename = "C:\Users\cofc_\AppData\Local\Temp\tmp1A2.tmp\rjsec276.ZIP", message = "rjsec276")~~RJStevensMusicPresentationCreator.Program~0000001314
2024-12-15 09:55:28.0847~DEBUG~download completed~~RJStevensMusicPresentationCreator.Program~0000001315
2024-12-15 09:55:28.0847~DEBUG~<- DownloadFile(url = "https://faas-nyc1-2ef2e6cc.doserverless.co/api/v1/web/fn-dd7f8f6a-d32a-4f5e-ae7b-870dfb7963f3/downloads/bundle?id=000000000000283", filename = "C:\Users\cofc_\AppData\Local\Temp\tmp1A2.tmp\rjsec276.ZIP", message = "rjsec276")~~RJStevensMusicPresentationCreator.Program~0000001316
2024-12-15 09:55:28.1047~DEBUG~-> ExtractAllFromFile(zipFileName = "C:\Users\cofc_\AppData\Local\Temp\tmp1A2.tmp\rjsec276.ZIP", decompressedFolder = "C:\Users\cofc_\AppData\Local\Temp\tmp368.tmp", message = "rjsec276")~~RJStevensMusicPresentationCreator.Program~0000001317
2024-12-15 09:55:28.3207~DEBUG~extract completed~~RJStevensMusicPresentationCreator.Program~0000001318
2024-12-15 09:55:28.3247~DEBUG~<- ExtractAllFromFile(zipFileName = "C:\Users\cofc_\AppData\Local\Temp\tmp1A2.tmp\rjsec276.ZIP", decompressedFolder = "C:\Users\cofc_\AppData\Local\Temp\tmp368.tmp", message = "rjsec276")~~RJStevensMusicPresentationCreator.Program~0000001319
2024-12-15 09:55:28.3887~DEBUG~-> DownloadFile(url = "https://faas-nyc1-2ef2e6cc.doserverless.co/api/v1/web/fn-dd7f8f6a-d32a-4f5e-ae7b-870dfb7963f3/downloads/bundle?id=000000000000284", filename = "C:\Users\cofc_\AppData\Local\Temp\tmp482.tmp\rjsec277.ZIP", message = "rjsec277")~~RJStevensMusicPresentationCreator.Program~0000001320
2024-12-15 09:55:29.1078~DEBUG~download completed~~RJStevensMusicPresentationCreator.Program~0000001321
2024-12-15 09:55:29.1078~DEBUG~<- DownloadFile(url = "https://faas-nyc1-2ef2e6cc.doserverless.co/api/v1/web/fn-dd7f8f6a-d32a-4f5e-ae7b-870dfb7963f3/downloads/bundle?id=000000000000284", filename = "C:\Users\cofc_\AppData\Local\Temp\tmp482.tmp\rjsec277.ZIP", message = "rjsec277")~~RJStevensMusicPresentationCreator.Program~0000001322
2024-12-15 09:55:29.1218~DEBUG~-> ExtractAllFromFile(zipFileName = "C:\Users\cofc_\AppData\Local\Temp\tmp482.tmp\rjsec277.ZIP", decompressedFolder = "C:\Users\cofc_\AppData\Local\Temp\tmp761.tmp", message = "rjsec277")~~RJStevensMusicPresentationCreator.Program~0000001323
2024-12-15 09:55:29.3151~DEBUG~extract completed~~RJStevensMusicPresentationCreator.Program~0000001324
2024-12-15 09:55:29.3151~DEBUG~<- ExtractAllFromFile(zipFileName = "C:\Users\cofc_\AppData\Local\Temp\tmp482.tmp\rjsec277.ZIP", decompressedFolder = "C:\Users\cofc_\AppData\Local\Temp\tmp761.tmp", message = "rjsec277")~~RJStevensMusicPresentationCreator.Program~0000001325
2024-12-15 09:55:29.3751~DEBUG~-> DownloadFile(url = "https://faas-nyc1-2ef2e6cc.doserverless.co/api/v1/web/fn-dd7f8f6a-d32a-4f5e-ae7b-870dfb7963f3/downloads/bundle?id=000000000000285", filename = "C:\Users\cofc_\AppData\Local\Temp\tmp85C.tmp\rjsec278.ZIP", message = "rjsec278")~~RJStevensMusicPresentationCreator.Program~0000001326
2024-12-15 09:55:29.8661~DEBUG~download completed~~RJStevensMusicPresentationCreator.Program~0000001327
2024-12-15 09:55:29.8661~DEBUG~<- DownloadFile(url = "https://faas-nyc1-2ef2e6cc.doserverless.co/api/v1/web/fn-dd7f8f6a-d32a-4f5e-ae7b-870dfb7963f3/downloads/bundle?id=000000000000285", filename = "C:\Users\cofc_\AppData\Local\Temp\tmp85C.tmp\rjsec278.ZIP", message = "rjsec278")~~RJStevensMusicPresentationCreator.Program~0000001328
2024-12-15 09:55:29.8861~DEBUG~-> ExtractAllFromFile(zipFileName = "C:\Users\cofc_\AppData\Local\Temp\tmp85C.tmp\rjsec278.ZIP", decompressedFolder = "C:\Users\cofc_\AppData\Local\Temp\tmpA61.tmp", message = "rjsec278")~~RJStevensMusicPresentationCreator.Program~0000001329
2024-12-15 09:55:30.2241~DEBUG~extract completed~~RJStevensMusicPresentationCreator.Program~0000001330
2024-12-15 09:55:30.2241~DEBUG~<- ExtractAllFromFile(zipFileName = "C:\Users\cofc_\AppData\Local\Temp\tmp85C.tmp\rjsec278.ZIP", decompressedFolder = "C:\Users\cofc_\AppData\Local\Temp\tmpA61.tmp", message = "rjsec278")~~RJStevensMusicPresentationCreator.Program~0000001331
2024-12-15 09:55:30.3132~DEBUG~-> DownloadFile(url = "https://faas-nyc1-2ef2e6cc.doserverless.co/api/v1/web/fn-dd7f8f6a-d32a-4f5e-ae7b-870dfb7963f3/downloads/bundle?id=000000000000286", filename = "C:\Users\cofc_\AppData\Local\Temp\tmpC08.tmp\rjsec279.ZIP", message = "rjsec279")~~RJStevensMusicPresentationCreator.Program~0000001332
2024-12-15 09:55:30.7392~DEBUG~download completed~~RJStevensMusicPresentationCreator.Program~0000001333
2024-12-15 09:55:30.7392~DEBUG~<- DownloadFile(url = "https://faas-nyc1-2ef2e6cc.doserverless.co/api/v1/web/fn-dd7f8f6a-d32a-4f5e-ae7b-870dfb7963f3/downloads/bundle?id=000000000000286", filename = "C:\Users\cofc_\AppData\Local\Temp\tmpC08.tmp\rjsec279.ZIP", message = "rjsec279")~~RJStevensMusicPresentationCreator.Program~0000001334
2024-12-15 09:55:30.7552~DEBUG~-> ExtractAllFromFile(zipFileName = "C:\Users\cofc_\AppData\Local\Temp\tmpC08.tmp\rjsec279.ZIP", decompressedFolder = "C:\Users\cofc_\AppData\Local\Temp\tmpDBE.tmp", message = "rjsec279")~~RJStevensMusicPresentationCreator.Program~0000001335
2024-12-15 09:55:31.0112~DEBUG~extract completed~~RJStevensMusicPresentationCreator.Program~0000001336
2024-12-15 09:55:31.0112~DEBUG~<- ExtractAllFromFile(zipFileName = "C:\Users\cofc_\AppData\Local\Temp\tmpC08.tmp\rjsec279.ZIP", decompressedFolder = "C:\Users\cofc_\AppData\Local\Temp\tmpDBE.tmp", message = "rjsec279")~~RJStevensMusicPresentationCreator.Program~0000001337
2024-12-15 09:55:31.0872~DEBUG~-> DownloadFile(url = "https://faas-nyc1-2ef2e6cc.doserverless.co/api/v1/web/fn-dd7f8f6a-d32a-4f5e-ae7b-870dfb7963f3/downloads/bundle?id=000000000000289", filename = "C:\Users\cofc_\AppData\Local\Temp\tmpF08.tmp\rjsec282.ZIP", message = "rjsec282")~~RJStevensMusicPresentationCreator.Program~0000001338
2024-12-15 09:55:31.5302~DEBUG~download completed~~RJStevensMusicPresentationCreator.Program~0000001339
2024-12-15 09:55:31.5302~DEBUG~<- DownloadFile(url = "https://faas-nyc1-2ef2e6cc.doserverless.co/api/v1/web/fn-dd7f8f6a-d32a-4f5e-ae7b-870dfb7963f3/downloads/bundle?id=000000000000289", filename = "C:\Users\cofc_\AppData\Local\Temp\tmpF08.tmp\rjsec282.ZIP", message = "rjsec282")~~RJStevensMusicPresentationCreator.Program~0000001340
2024-12-15 09:55:31.5463~DEBUG~-> ExtractAllFromFile(zipFileName = "C:\Users\cofc_\AppData\Local\Temp\tmpF08.tmp\rjsec282.ZIP", decompressedFolder = "C:\Users\cofc_\AppData\Local\Temp\tmp10DD.tmp", message = "rjsec282")~~RJStevensMusicPresentationCreator.Program~0000001341
2024-12-15 09:55:31.7913~DEBUG~extract completed~~RJStevensMusicPresentationCreator.Program~0000001342
2024-12-15 09:55:31.7913~DEBUG~<- ExtractAllFromFile(zipFileName = "C:\Users\cofc_\AppData\Local\Temp\tmpF08.tmp\rjsec282.ZIP", decompressedFolder = "C:\Users\cofc_\AppData\Local\Temp\tmp10DD.tmp", message = "rjsec282")~~RJStevensMusicPresentationCreator.Program~0000001343
2024-12-15 09:55:31.8653~DEBUG~-> DownloadFile(url = "https://faas-nyc1-2ef2e6cc.doserverless.co/api/v1/web/fn-dd7f8f6a-d32a-4f5e-ae7b-870dfb7963f3/downloads/bundle?id=000000000000290", filename = "C:\Users\cofc_\AppData\Local\Temp\tmp1217.tmp\rjsec283.ZIP", message = "rjsec283")~~RJStevensMusicPresentationCreator.Program~0000001344
2024-12-15 09:55:32.3233~DEBUG~download completed~~RJStevensMusicPresentationCreator.Program~0000001345
2024-12-15 09:55:32.3233~DEBUG~<- DownloadFile(url = "https://faas-nyc1-2ef2e6cc.doserverless.co/api/v1/web/fn-dd7f8f6a-d32a-4f5e-ae7b-870dfb7963f3/downloads/bundle?id=000000000000290", filename = "C:\Users\cofc_\AppData\Local\Temp\tmp1217.tmp\rjsec283.ZIP", message = "rjsec283")~~RJStevensMusicPresentationCreator.Program~0000001346
2024-12-15 09:55:32.3413~DEBUG~-> ExtractAllFromFile(zipFileName = "C:\Users\cofc_\AppData\Local\Temp\tmp1217.tmp\rjsec283.ZIP", decompressedFolder = "C:\Users\cofc_\AppData\Local\Temp\tmp13FC.tmp", message = "rjsec283")~~RJStevensMusicPresentationCreator.Program~0000001347
2024-12-15 09:55:32.5623~DEBUG~extract completed~~RJStevensMusicPresentationCreator.Program~0000001348
2024-12-15 09:55:32.5623~DEBUG~<- ExtractAllFromFile(zipFileName = "C:\Users\cofc_\AppData\Local\Temp\tmp1217.tmp\rjsec283.ZIP", decompressedFolder = "C:\Users\cofc_\AppData\Local\Temp\tmp13FC.tmp", message = "rjsec283")~~RJStevensMusicPresentationCreator.Program~0000001349
2024-12-15 09:55:32.6303~DEBUG~-> DownloadFile(url = "https://faas-nyc1-2ef2e6cc.doserverless.co/api/v1/web/fn-dd7f8f6a-d32a-4f5e-ae7b-870dfb7963f3/downloads/bundle?id=000000000000291", filename = "C:\Users\cofc_\AppData\Local\Temp\tmp1516.tmp\rjsec284.ZIP", message = "rjsec284")~~RJStevensMusicPresentationCreator.Program~0000001350
2024-12-15 09:55:33.4133~DEBUG~download completed~~RJStevensMusicPresentationCreator.Program~0000001351
2024-12-15 09:55:33.4133~DEBUG~<- DownloadFile(url = "https://faas-nyc1-2ef2e6cc.doserverless.co/api/v1/web/fn-dd7f8f6a-d32a-4f5e-ae7b-870dfb7963f3/downloads/bundle?id=000000000000291", filename = "C:\Users\cofc_\AppData\Local\Temp\tmp1516.tmp\rjsec284.ZIP", message = "rjsec284")~~RJStevensMusicPresentationCreator.Program~0000001352
2024-12-15 09:55:33.4313~DEBUG~-> ExtractAllFromFile(zipFileName = "C:\Users\cofc_\AppData\Local\Temp\tmp1516.tmp\rjsec284.ZIP", decompressedFolder = "C:\Users\cofc_\AppData\Local\Temp\tmp1834.tmp", message = "rjsec284")~~RJStevensMusicPresentationCreator.Program~0000001353
2024-12-15 09:55:33.6583~DEBUG~extract completed~~RJStevensMusicPresentationCreator.Program~0000001354
2024-12-15 09:55:33.6583~DEBUG~<- ExtractAllFromFile(zipFileName = "C:\Users\cofc_\AppData\Local\Temp\tmp1516.tmp\rjsec284.ZIP", decompressedFolder = "C:\Users\cofc_\AppData\Local\Temp\tmp1834.tmp", message = "rjsec284")~~RJStevensMusicPresentationCreator.Program~0000001355
2024-12-15 09:55:33.7223~DEBUG~-> DownloadFile(url = "https://faas-nyc1-2ef2e6cc.doserverless.co/api/v1/web/fn-dd7f8f6a-d32a-4f5e-ae7b-870dfb7963f3/downloads/bundle?id=000000000000293", filename = "C:\Users\cofc_\AppData\Local\Temp\tmp195E.tmp\rjsec286.ZIP", message = "rjsec286")~~RJStevensMusicPresentationCreator.Program~0000001356
2024-12-15 09:55:34.1611~DEBUG~download completed~~RJStevensMusicPresentationCreator.Program~0000001357
2024-12-15 09:55:34.1611~DEBUG~<- DownloadFile(url = "https://faas-nyc1-2ef2e6cc.doserverless.co/api/v1/web/fn-dd7f8f6a-d32a-4f5e-ae7b-870dfb7963f3/downloads/bundle?id=000000000000293", filename = "C:\Users\cofc_\AppData\Local\Temp\tmp195E.tmp\rjsec286.ZIP", message = "rjsec286")~~RJStevensMusicPresentationCreator.Program~0000001358
2024-12-15 09:55:34.1790~DEBUG~-> ExtractAllFromFile(zipFileName = "C:\Users\cofc_\AppData\Local\Temp\tmp195E.tmp\rjsec286.ZIP", decompressedFolder = "C:\Users\cofc_\AppData\Local\Temp\tmp1B24.tmp", message = "rjsec286")~~RJStevensMusicPresentationCreator.Program~0000001359
2024-12-15 09:55:34.3571~DEBUG~extract completed~~RJStevensMusicPresentationCreator.Program~0000001360
2024-12-15 09:55:34.3571~DEBUG~<- ExtractAllFromFile(zipFileName = "C:\Users\cofc_\AppData\Local\Temp\tmp195E.tmp\rjsec286.ZIP", decompressedFolder = "C:\Users\cofc_\AppData\Local\Temp\tmp1B24.tmp", message = "rjsec286")~~RJStevensMusicPresentationCreator.Program~0000001361
2024-12-15 09:55:34.4111~DEBUG~-> DownloadFile(url = "https://faas-nyc1-2ef2e6cc.doserverless.co/api/v1/web/fn-dd7f8f6a-d32a-4f5e-ae7b-870dfb7963f3/downloads/bundle?id=000000000000294", filename = "C:\Users\cofc_\AppData\Local\Temp\tmp1C10.tmp\rjsec287.ZIP", message = "rjsec287")~~RJStevensMusicPresentationCreator.Program~0000001362
2024-12-15 09:55:34.8651~DEBUG~download completed~~RJStevensMusicPresentationCreator.Program~0000001363
2024-12-15 09:55:34.8651~DEBUG~<- DownloadFile(url = "https://faas-nyc1-2ef2e6cc.doserverless.co/api/v1/web/fn-dd7f8f6a-d32a-4f5e-ae7b-870dfb7963f3/downloads/bundle?id=000000000000294", filename = "C:\Users\cofc_\AppData\Local\Temp\tmp1C10.tmp\rjsec287.ZIP", message = "rjsec287")~~RJStevensMusicPresentationCreator.Program~0000001364
2024-12-15 09:55:34.8831~DEBUG~-> ExtractAllFromFile(zipFileName = "C:\Users\cofc_\AppData\Local\Temp\tmp1C10.tmp\rjsec287.ZIP", decompressedFolder = "C:\Users\cofc_\AppData\Local\Temp\tmp1DE5.tmp", message = "rjsec287")~~RJStevensMusicPresentationCreator.Program~0000001365
2024-12-15 09:55:35.1364~DEBUG~extract completed~~RJStevensMusicPresentationCreator.Program~0000001366
2024-12-15 09:55:35.1364~DEBUG~<- ExtractAllFromFile(zipFileName = "C:\Users\cofc_\AppData\Local\Temp\tmp1C10.tmp\rjsec287.ZIP", decompressedFolder = "C:\Users\cofc_\AppData\Local\Temp\tmp1DE5.tmp", message = "rjsec287")~~RJStevensMusicPresentationCreator.Program~0000001367
2024-12-15 09:55:35.2064~DEBUG~-> DownloadFile(url = "https://faas-nyc1-2ef2e6cc.doserverless.co/api/v1/web/fn-dd7f8f6a-d32a-4f5e-ae7b-870dfb7963f3/downloads/bundle?id=000000000000295", filename = "C:\Users\cofc_\AppData\Local\Temp\tmp1F2F.tmp\rjsec288.ZIP", message = "rjsec288")~~RJStevensMusicPresentationCreator.Program~0000001368
2024-12-15 09:55:35.6024~DEBUG~download completed~~RJStevensMusicPresentationCreator.Program~0000001369
2024-12-15 09:55:35.6024~DEBUG~<- DownloadFile(url = "https://faas-nyc1-2ef2e6cc.doserverless.co/api/v1/web/fn-dd7f8f6a-d32a-4f5e-ae7b-870dfb7963f3/downloads/bundle?id=000000000000295", filename = "C:\Users\cofc_\AppData\Local\Temp\tmp1F2F.tmp\rjsec288.ZIP", message = "rjsec288")~~RJStevensMusicPresentationCreator.Program~0000001370
2024-12-15 09:55:35.6184~DEBUG~-> ExtractAllFromFile(zipFileName = "C:\Users\cofc_\AppData\Local\Temp\tmp1F2F.tmp\rjsec288.ZIP", decompressedFolder = "C:\Users\cofc_\AppData\Local\Temp\tmp20C6.tmp", message = "rjsec288")~~RJStevensMusicPresentationCreator.Program~0000001371
2024-12-15 09:55:35.8224~DEBUG~extract completed~~RJStevensMusicPresentationCreator.Program~0000001372
2024-12-15 09:55:35.8224~DEBUG~<- ExtractAllFromFile(zipFileName = "C:\Users\cofc_\AppData\Local\Temp\tmp1F2F.tmp\rjsec288.ZIP", decompressedFolder = "C:\Users\cofc_\AppData\Local\Temp\tmp20C6.tmp", message = "rjsec288")~~RJStevensMusicPresentationCreator.Program~0000001373
2024-12-15 09:55:35.8824~DEBUG~-> DownloadFile(url = "https://faas-nyc1-2ef2e6cc.doserverless.co/api/v1/web/fn-dd7f8f6a-d32a-4f5e-ae7b-870dfb7963f3/downloads/bundle?id=000000000000296", filename = "C:\Users\cofc_\AppData\Local\Temp\tmp21D0.tmp\rjsec289.ZIP", message = "rjsec289")~~RJStevensMusicPresentationCreator.Program~0000001374
2024-12-15 09:55:36.3275~DEBUG~download completed~~RJStevensMusicPresentationCreator.Program~0000001375
2024-12-15 09:55:36.3275~DEBUG~<- DownloadFile(url = "https://faas-nyc1-2ef2e6cc.doserverless.co/api/v1/web/fn-dd7f8f6a-d32a-4f5e-ae7b-870dfb7963f3/downloads/bundle?id=000000000000296", filename = "C:\Users\cofc_\AppData\Local\Temp\tmp21D0.tmp\rjsec289.ZIP", message = "rjsec289")~~RJStevensMusicPresentationCreator.Program~0000001376
2024-12-15 09:55:36.3445~DEBUG~-> ExtractAllFromFile(zipFileName = "C:\Users\cofc_\AppData\Local\Temp\tmp21D0.tmp\rjsec289.ZIP", decompressedFolder = "C:\Users\cofc_\AppData\Local\Temp\tmp23A6.tmp", message = "rjsec289")~~RJStevensMusicPresentationCreator.Program~0000001377
2024-12-15 09:55:36.5923~DEBUG~extract completed~~RJStevensMusicPresentationCreator.Program~0000001378
2024-12-15 09:55:36.5923~DEBUG~<- ExtractAllFromFile(zipFileName = "C:\Users\cofc_\AppData\Local\Temp\tmp21D0.tmp\rjsec289.ZIP", decompressedFolder = "C:\Users\cofc_\AppData\Local\Temp\tmp23A6.tmp", message = "rjsec289")~~RJStevensMusicPresentationCreator.Program~0000001379
2024-12-15 09:55:36.6613~DEBUG~-> DownloadFile(url = "https://faas-nyc1-2ef2e6cc.doserverless.co/api/v1/web/fn-dd7f8f6a-d32a-4f5e-ae7b-870dfb7963f3/downloads/bundle?id=000000000000297", filename = "C:\Users\cofc_\AppData\Local\Temp\tmp24E0.tmp\rjsec290.ZIP", message = "rjsec290")~~RJStevensMusicPresentationCreator.Program~0000001380
2024-12-15 09:55:37.1193~DEBUG~download completed~~RJStevensMusicPresentationCreator.Program~0000001381
2024-12-15 09:55:37.1193~DEBUG~<- DownloadFile(url = "https://faas-nyc1-2ef2e6cc.doserverless.co/api/v1/web/fn-dd7f8f6a-d32a-4f5e-ae7b-870dfb7963f3/downloads/bundle?id=000000000000297", filename = "C:\Users\cofc_\AppData\Local\Temp\tmp24E0.tmp\rjsec290.ZIP", message = "rjsec290")~~RJStevensMusicPresentationCreator.Program~0000001382
2024-12-15 09:55:37.1384~DEBUG~-> ExtractAllFromFile(zipFileName = "C:\Users\cofc_\AppData\Local\Temp\tmp24E0.tmp\rjsec290.ZIP", decompressedFolder = "C:\Users\cofc_\AppData\Local\Temp\tmp26C5.tmp", message = "rjsec290")~~RJStevensMusicPresentationCreator.Program~0000001383
2024-12-15 09:55:37.3778~DEBUG~extract completed~~RJStevensMusicPresentationCreator.Program~0000001384
2024-12-15 09:55:37.3778~DEBUG~<- ExtractAllFromFile(zipFileName = "C:\Users\cofc_\AppData\Local\Temp\tmp24E0.tmp\rjsec290.ZIP", decompressedFolder = "C:\Users\cofc_\AppData\Local\Temp\tmp26C5.tmp", message = "rjsec290")~~RJStevensMusicPresentationCreator.Program~0000001385
2024-12-15 09:55:37.4428~DEBUG~-> DownloadFile(url = "https://faas-nyc1-2ef2e6cc.doserverless.co/api/v1/web/fn-dd7f8f6a-d32a-4f5e-ae7b-870dfb7963f3/downloads/bundle?id=000000000000299", filename = "C:\Users\cofc_\AppData\Local\Temp\tmp27EF.tmp\rjsec292.ZIP", message = "rjsec292")~~RJStevensMusicPresentationCreator.Program~0000001386
2024-12-15 09:55:37.9218~DEBUG~download completed~~RJStevensMusicPresentationCreator.Program~0000001387
2024-12-15 09:55:37.9218~DEBUG~<- DownloadFile(url = "https://faas-nyc1-2ef2e6cc.doserverless.co/api/v1/web/fn-dd7f8f6a-d32a-4f5e-ae7b-870dfb7963f3/downloads/bundle?id=000000000000299", filename = "C:\Users\cofc_\AppData\Local\Temp\tmp27EF.tmp\rjsec292.ZIP", message = "rjsec292")~~RJStevensMusicPresentationCreator.Program~0000001388
2024-12-15 09:55:37.9398~DEBUG~-> ExtractAllFromFile(zipFileName = "C:\Users\cofc_\AppData\Local\Temp\tmp27EF.tmp\rjsec292.ZIP", decompressedFolder = "C:\Users\cofc_\AppData\Local\Temp\tmp29E4.tmp", message = "rjsec292")~~RJStevensMusicPresentationCreator.Program~0000001389
2024-12-15 09:55:38.2028~DEBUG~extract completed~~RJStevensMusicPresentationCreator.Program~0000001390
2024-12-15 09:55:38.2028~DEBUG~<- ExtractAllFromFile(zipFileName = "C:\Users\cofc_\AppData\Local\Temp\tmp27EF.tmp\rjsec292.ZIP", decompressedFolder = "C:\Users\cofc_\AppData\Local\Temp\tmp29E4.tmp", message = "rjsec292")~~RJStevensMusicPresentationCreator.Program~0000001391
2024-12-15 09:55:38.2688~DEBUG~-> DownloadFile(url = "https://faas-nyc1-2ef2e6cc.doserverless.co/api/v1/web/fn-dd7f8f6a-d32a-4f5e-ae7b-870dfb7963f3/downloads/bundle?id=000000000000300", filename = "C:\Users\cofc_\AppData\Local\Temp\tmp2B2D.tmp\rjsec293.ZIP", message = "rjsec293")~~RJStevensMusicPresentationCreator.Program~0000001392
2024-12-15 09:55:38.6779~DEBUG~download completed~~RJStevensMusicPresentationCreator.Program~0000001393
2024-12-15 09:55:38.6779~DEBUG~<- DownloadFile(url = "https://faas-nyc1-2ef2e6cc.doserverless.co/api/v1/web/fn-dd7f8f6a-d32a-4f5e-ae7b-870dfb7963f3/downloads/bundle?id=000000000000300", filename = "C:\Users\cofc_\AppData\Local\Temp\tmp2B2D.tmp\rjsec293.ZIP", message = "rjsec293")~~RJStevensMusicPresentationCreator.Program~0000001394
2024-12-15 09:55:38.6919~DEBUG~-> ExtractAllFromFile(zipFileName = "C:\Users\cofc_\AppData\Local\Temp\tmp2B2D.tmp\rjsec293.ZIP", decompressedFolder = "C:\Users\cofc_\AppData\Local\Temp\tmp2CD4.tmp", message = "rjsec293")~~RJStevensMusicPresentationCreator.Program~0000001395
2024-12-15 09:55:38.9189~DEBUG~extract completed~~RJStevensMusicPresentationCreator.Program~0000001396
2024-12-15 09:55:38.9189~DEBUG~<- ExtractAllFromFile(zipFileName = "C:\Users\cofc_\AppData\Local\Temp\tmp2B2D.tmp\rjsec293.ZIP", decompressedFolder = "C:\Users\cofc_\AppData\Local\Temp\tmp2CD4.tmp", message = "rjsec293")~~RJStevensMusicPresentationCreator.Program~0000001397
2024-12-15 09:55:38.9769~DEBUG~-> DownloadFile(url = "https://faas-nyc1-2ef2e6cc.doserverless.co/api/v1/web/fn-dd7f8f6a-d32a-4f5e-ae7b-870dfb7963f3/downloads/bundle?id=000000000000301", filename = "C:\Users\cofc_\AppData\Local\Temp\tmp2DEE.tmp\rjsec294.ZIP", message = "rjsec294")~~RJStevensMusicPresentationCreator.Program~0000001398
2024-12-15 09:55:39.4489~DEBUG~download completed~~RJStevensMusicPresentationCreator.Program~0000001399
2024-12-15 09:55:39.4489~DEBUG~<- DownloadFile(url = "https://faas-nyc1-2ef2e6cc.doserverless.co/api/v1/web/fn-dd7f8f6a-d32a-4f5e-ae7b-870dfb7963f3/downloads/bundle?id=000000000000301", filename = "C:\Users\cofc_\AppData\Local\Temp\tmp2DEE.tmp\rjsec294.ZIP", message = "rjsec294")~~RJStevensMusicPresentationCreator.Program~0000001400
2024-12-15 09:55:39.4679~DEBUG~-> ExtractAllFromFile(zipFileName = "C:\Users\cofc_\AppData\Local\Temp\tmp2DEE.tmp\rjsec294.ZIP", decompressedFolder = "C:\Users\cofc_\AppData\Local\Temp\tmp2FE3.tmp", message = "rjsec294")~~RJStevensMusicPresentationCreator.Program~0000001401
2024-12-15 09:55:39.7329~DEBUG~extract completed~~RJStevensMusicPresentationCreator.Program~0000001402
2024-12-15 09:55:39.7329~DEBUG~<- ExtractAllFromFile(zipFileName = "C:\Users\cofc_\AppData\Local\Temp\tmp2DEE.tmp\rjsec294.ZIP", decompressedFolder = "C:\Users\cofc_\AppData\Local\Temp\tmp2FE3.tmp", message = "rjsec294")~~RJStevensMusicPresentationCreator.Program~0000001403
2024-12-15 09:55:39.7979~DEBUG~-> DownloadFile(url = "https://faas-nyc1-2ef2e6cc.doserverless.co/api/v1/web/fn-dd7f8f6a-d32a-4f5e-ae7b-870dfb7963f3/downloads/bundle?id=000000000000302", filename = "C:\Users\cofc_\AppData\Local\Temp\tmp312C.tmp\rjsec295.ZIP", message = "rjsec295")~~RJStevensMusicPresentationCreator.Program~0000001404
2024-12-15 09:55:40.2669~DEBUG~download completed~~RJStevensMusicPresentationCreator.Program~0000001405
2024-12-15 09:55:40.2669~DEBUG~<- DownloadFile(url = "https://faas-nyc1-2ef2e6cc.doserverless.co/api/v1/web/fn-dd7f8f6a-d32a-4f5e-ae7b-870dfb7963f3/downloads/bundle?id=000000000000302", filename = "C:\Users\cofc_\AppData\Local\Temp\tmp312C.tmp\rjsec295.ZIP", message = "rjsec295")~~RJStevensMusicPresentationCreator.Program~0000001406
2024-12-15 09:55:40.2951~DEBUG~-> ExtractAllFromFile(zipFileName = "C:\Users\cofc_\AppData\Local\Temp\tmp312C.tmp\rjsec295.ZIP", decompressedFolder = "C:\Users\cofc_\AppData\Local\Temp\tmp3321.tmp", message = "rjsec295")~~RJStevensMusicPresentationCreator.Program~0000001407
2024-12-15 09:55:40.5342~DEBUG~extract completed~~RJStevensMusicPresentationCreator.Program~0000001408
2024-12-15 09:55:40.5342~DEBUG~<- ExtractAllFromFile(zipFileName = "C:\Users\cofc_\AppData\Local\Temp\tmp312C.tmp\rjsec295.ZIP", decompressedFolder = "C:\Users\cofc_\AppData\Local\Temp\tmp3321.tmp", message = "rjsec295")~~RJStevensMusicPresentationCreator.Program~0000001409
2024-12-15 09:55:40.6022~DEBUG~-> DownloadFile(url = "https://faas-nyc1-2ef2e6cc.doserverless.co/api/v1/web/fn-dd7f8f6a-d32a-4f5e-ae7b-870dfb7963f3/downloads/bundle?id=000000000000303", filename = "C:\Users\cofc_\AppData\Local\Temp\tmp344B.tmp\rjsec296.ZIP", message = "rjsec296")~~RJStevensMusicPresentationCreator.Program~0000001410
2024-12-15 09:55:41.0242~DEBUG~download completed~~RJStevensMusicPresentationCreator.Program~0000001411
2024-12-15 09:55:41.0242~DEBUG~<- DownloadFile(url = "https://faas-nyc1-2ef2e6cc.doserverless.co/api/v1/web/fn-dd7f8f6a-d32a-4f5e-ae7b-870dfb7963f3/downloads/bundle?id=000000000000303", filename = "C:\Users\cofc_\AppData\Local\Temp\tmp344B.tmp\rjsec296.ZIP", message = "rjsec296")~~RJStevensMusicPresentationCreator.Program~0000001412
2024-12-15 09:55:41.0442~DEBUG~-> ExtractAllFromFile(zipFileName = "C:\Users\cofc_\AppData\Local\Temp\tmp344B.tmp\rjsec296.ZIP", decompressedFolder = "C:\Users\cofc_\AppData\Local\Temp\tmp3611.tmp", message = "rjsec296")~~RJStevensMusicPresentationCreator.Program~0000001413
2024-12-15 09:55:41.2572~DEBUG~extract completed~~RJStevensMusicPresentationCreator.Program~0000001414
2024-12-15 09:55:41.2602~DEBUG~<- ExtractAllFromFile(zipFileName = "C:\Users\cofc_\AppData\Local\Temp\tmp344B.tmp\rjsec296.ZIP", decompressedFolder = "C:\Users\cofc_\AppData\Local\Temp\tmp3611.tmp", message = "rjsec296")~~RJStevensMusicPresentationCreator.Program~0000001415
2024-12-15 09:55:41.3292~DEBUG~-> DownloadFile(url = "https://faas-nyc1-2ef2e6cc.doserverless.co/api/v1/web/fn-dd7f8f6a-d32a-4f5e-ae7b-870dfb7963f3/downloads/bundle?id=000000000000304", filename = "C:\Users\cofc_\AppData\Local\Temp\tmp372C.tmp\rjsec297.ZIP", message = "rjsec297")~~RJStevensMusicPresentationCreator.Program~0000001416
2024-12-15 09:55:41.7533~DEBUG~download completed~~RJStevensMusicPresentationCreator.Program~0000001417
2024-12-15 09:55:41.7533~DEBUG~<- DownloadFile(url = "https://faas-nyc1-2ef2e6cc.doserverless.co/api/v1/web/fn-dd7f8f6a-d32a-4f5e-ae7b-870dfb7963f3/downloads/bundle?id=000000000000304", filename = "C:\Users\cofc_\AppData\Local\Temp\tmp372C.tmp\rjsec297.ZIP", message = "rjsec297")~~RJStevensMusicPresentationCreator.Program~0000001418
2024-12-15 09:55:41.7713~DEBUG~-> ExtractAllFromFile(zipFileName = "C:\Users\cofc_\AppData\Local\Temp\tmp372C.tmp\rjsec297.ZIP", decompressedFolder = "C:\Users\cofc_\AppData\Local\Temp\tmp38E2.tmp", message = "rjsec297")~~RJStevensMusicPresentationCreator.Program~0000001419
2024-12-15 09:55:41.9893~DEBUG~extract completed~~RJStevensMusicPresentationCreator.Program~0000001420
2024-12-15 09:55:41.9893~DEBUG~<- ExtractAllFromFile(zipFileName = "C:\Users\cofc_\AppData\Local\Temp\tmp372C.tmp\rjsec297.ZIP", decompressedFolder = "C:\Users\cofc_\AppData\Local\Temp\tmp38E2.tmp", message = "rjsec297")~~RJStevensMusicPresentationCreator.Program~0000001421
2024-12-15 09:55:42.0493~DEBUG~-> DownloadFile(url = "https://faas-nyc1-2ef2e6cc.doserverless.co/api/v1/web/fn-dd7f8f6a-d32a-4f5e-ae7b-870dfb7963f3/downloads/bundle?id=000000000000305", filename = "C:\Users\cofc_\AppData\Local\Temp\tmp39FC.tmp\rjsec298.ZIP", message = "rjsec298")~~RJStevensMusicPresentationCreator.Program~0000001422
2024-12-15 09:55:42.4693~DEBUG~download completed~~RJStevensMusicPresentationCreator.Program~0000001423
2024-12-15 09:55:42.4693~DEBUG~<- DownloadFile(url = "https://faas-nyc1-2ef2e6cc.doserverless.co/api/v1/web/fn-dd7f8f6a-d32a-4f5e-ae7b-870dfb7963f3/downloads/bundle?id=000000000000305", filename = "C:\Users\cofc_\AppData\Local\Temp\tmp39FC.tmp\rjsec298.ZIP", message = "rjsec298")~~RJStevensMusicPresentationCreator.Program~0000001424
2024-12-15 09:55:42.4883~DEBUG~-> ExtractAllFromFile(zipFileName = "C:\Users\cofc_\AppData\Local\Temp\tmp39FC.tmp\rjsec298.ZIP", decompressedFolder = "C:\Users\cofc_\AppData\Local\Temp\tmp3BB3.tmp", message = "rjsec298")~~RJStevensMusicPresentationCreator.Program~0000001425
2024-12-15 09:55:42.7173~DEBUG~extract completed~~RJStevensMusicPresentationCreator.Program~0000001426
2024-12-15 09:55:42.7173~DEBUG~<- ExtractAllFromFile(zipFileName = "C:\Users\cofc_\AppData\Local\Temp\tmp39FC.tmp\rjsec298.ZIP", decompressedFolder = "C:\Users\cofc_\AppData\Local\Temp\tmp3BB3.tmp", message = "rjsec298")~~RJStevensMusicPresentationCreator.Program~0000001427
2024-12-15 09:55:42.7873~DEBUG~-> DownloadFile(url = "https://faas-nyc1-2ef2e6cc.doserverless.co/api/v1/web/fn-dd7f8f6a-d32a-4f5e-ae7b-870dfb7963f3/downloads/bundle?id=000000000000307", filename = "C:\Users\cofc_\AppData\Local\Temp\tmp3CDD.tmp\rjsec300.ZIP", message = "rjsec300")~~RJStevensMusicPresentationCreator.Program~0000001428
2024-12-15 09:55:43.2164~DEBUG~download completed~~RJStevensMusicPresentationCreator.Program~0000001429
2024-12-15 09:55:43.2164~DEBUG~<- DownloadFile(url = "https://faas-nyc1-2ef2e6cc.doserverless.co/api/v1/web/fn-dd7f8f6a-d32a-4f5e-ae7b-870dfb7963f3/downloads/bundle?id=000000000000307", filename = "C:\Users\cofc_\AppData\Local\Temp\tmp3CDD.tmp\rjsec300.ZIP", message = "rjsec300")~~RJStevensMusicPresentationCreator.Program~0000001430
2024-12-15 09:55:43.2314~DEBUG~-> ExtractAllFromFile(zipFileName = "C:\Users\cofc_\AppData\Local\Temp\tmp3CDD.tmp\rjsec300.ZIP", decompressedFolder = "C:\Users\cofc_\AppData\Local\Temp\tmp3EA3.tmp", message = "rjsec300")~~RJStevensMusicPresentationCreator.Program~0000001431
2024-12-15 09:55:43.4361~DEBUG~extract completed~~RJStevensMusicPresentationCreator.Program~0000001432
2024-12-15 09:55:43.4361~DEBUG~<- ExtractAllFromFile(zipFileName = "C:\Users\cofc_\AppData\Local\Temp\tmp3CDD.tmp\rjsec300.ZIP", decompressedFolder = "C:\Users\cofc_\AppData\Local\Temp\tmp3EA3.tmp", message = "rjsec300")~~RJStevensMusicPresentationCreator.Program~0000001433
2024-12-15 09:55:43.4991~DEBUG~-> DownloadFile(url = "https://faas-nyc1-2ef2e6cc.doserverless.co/api/v1/web/fn-dd7f8f6a-d32a-4f5e-ae7b-870dfb7963f3/downloads/bundle?id=000000000000308", filename = "C:\Users\cofc_\AppData\Local\Temp\tmp3FAD.tmp\rjsec301.ZIP", message = "rjsec301")~~RJStevensMusicPresentationCreator.Program~0000001434
2024-12-15 09:55:43.9602~DEBUG~download completed~~RJStevensMusicPresentationCreator.Program~0000001435
2024-12-15 09:55:43.9602~DEBUG~<- DownloadFile(url = "https://faas-nyc1-2ef2e6cc.doserverless.co/api/v1/web/fn-dd7f8f6a-d32a-4f5e-ae7b-870dfb7963f3/downloads/bundle?id=000000000000308", filename = "C:\Users\cofc_\AppData\Local\Temp\tmp3FAD.tmp\rjsec301.ZIP", message = "rjsec301")~~RJStevensMusicPresentationCreator.Program~0000001436
2024-12-15 09:55:43.9752~DEBUG~-> ExtractAllFromFile(zipFileName = "C:\Users\cofc_\AppData\Local\Temp\tmp3FAD.tmp\rjsec301.ZIP", decompressedFolder = "C:\Users\cofc_\AppData\Local\Temp\tmp4183.tmp", message = "rjsec301")~~RJStevensMusicPresentationCreator.Program~0000001437
2024-12-15 09:55:44.2350~DEBUG~extract completed~~RJStevensMusicPresentationCreator.Program~0000001438
2024-12-15 09:55:44.2350~DEBUG~<- ExtractAllFromFile(zipFileName = "C:\Users\cofc_\AppData\Local\Temp\tmp3FAD.tmp\rjsec301.ZIP", decompressedFolder = "C:\Users\cofc_\AppData\Local\Temp\tmp4183.tmp", message = "rjsec301")~~RJStevensMusicPresentationCreator.Program~0000001439
2024-12-15 09:55:44.2930~DEBUG~-> DownloadFile(url = "https://faas-nyc1-2ef2e6cc.doserverless.co/api/v1/web/fn-dd7f8f6a-d32a-4f5e-ae7b-870dfb7963f3/downloads/bundle?id=000000000000309", filename = "C:\Users\cofc_\AppData\Local\Temp\tmp42CC.tmp\rjsec302.ZIP", message = "rjsec302")~~RJStevensMusicPresentationCreator.Program~0000001440
2024-12-15 09:55:44.7780~DEBUG~download completed~~RJStevensMusicPresentationCreator.Program~0000001441
2024-12-15 09:55:44.7780~DEBUG~<- DownloadFile(url = "https://faas-nyc1-2ef2e6cc.doserverless.co/api/v1/web/fn-dd7f8f6a-d32a-4f5e-ae7b-870dfb7963f3/downloads/bundle?id=000000000000309", filename = "C:\Users\cofc_\AppData\Local\Temp\tmp42CC.tmp\rjsec302.ZIP", message = "rjsec302")~~RJStevensMusicPresentationCreator.Program~0000001442
2024-12-15 09:55:44.7960~DEBUG~-> ExtractAllFromFile(zipFileName = "C:\Users\cofc_\AppData\Local\Temp\tmp42CC.tmp\rjsec302.ZIP", decompressedFolder = "C:\Users\cofc_\AppData\Local\Temp\tmp44C1.tmp", message = "rjsec302")~~RJStevensMusicPresentationCreator.Program~0000001443
2024-12-15 09:55:45.0225~DEBUG~extract completed~~RJStevensMusicPresentationCreator.Program~0000001444
2024-12-15 09:55:45.0265~DEBUG~<- ExtractAllFromFile(zipFileName = "C:\Users\cofc_\AppData\Local\Temp\tmp42CC.tmp\rjsec302.ZIP", decompressedFolder = "C:\Users\cofc_\AppData\Local\Temp\tmp44C1.tmp", message = "rjsec302")~~RJStevensMusicPresentationCreator.Program~0000001445
2024-12-15 09:55:45.0875~DEBUG~-> DownloadFile(url = "https://faas-nyc1-2ef2e6cc.doserverless.co/api/v1/web/fn-dd7f8f6a-d32a-4f5e-ae7b-870dfb7963f3/downloads/bundle?id=000000000000310", filename = "C:\Users\cofc_\AppData\Local\Temp\tmp45DC.tmp\rjsec303.ZIP", message = "rjsec303")~~RJStevensMusicPresentationCreator.Program~0000001446
2024-12-15 09:55:45.5463~DEBUG~download completed~~RJStevensMusicPresentationCreator.Program~0000001447
2024-12-15 09:55:45.5463~DEBUG~<- DownloadFile(url = "https://faas-nyc1-2ef2e6cc.doserverless.co/api/v1/web/fn-dd7f8f6a-d32a-4f5e-ae7b-870dfb7963f3/downloads/bundle?id=000000000000310", filename = "C:\Users\cofc_\AppData\Local\Temp\tmp45DC.tmp\rjsec303.ZIP", message = "rjsec303")~~RJStevensMusicPresentationCreator.Program~0000001448
2024-12-15 09:55:45.5613~DEBUG~-> ExtractAllFromFile(zipFileName = "C:\Users\cofc_\AppData\Local\Temp\tmp45DC.tmp\rjsec303.ZIP", decompressedFolder = "C:\Users\cofc_\AppData\Local\Temp\tmp47C1.tmp", message = "rjsec303")~~RJStevensMusicPresentationCreator.Program~0000001449
2024-12-15 09:55:45.8233~DEBUG~extract completed~~RJStevensMusicPresentationCreator.Program~0000001450
2024-12-15 09:55:45.8233~DEBUG~<- ExtractAllFromFile(zipFileName = "C:\Users\cofc_\AppData\Local\Temp\tmp45DC.tmp\rjsec303.ZIP", decompressedFolder = "C:\Users\cofc_\AppData\Local\Temp\tmp47C1.tmp", message = "rjsec303")~~RJStevensMusicPresentationCreator.Program~0000001451
2024-12-15 09:55:45.8983~DEBUG~-> DownloadFile(url = "https://faas-nyc1-2ef2e6cc.doserverless.co/api/v1/web/fn-dd7f8f6a-d32a-4f5e-ae7b-870dfb7963f3/downloads/bundle?id=000000000000311", filename = "C:\Users\cofc_\AppData\Local\Temp\tmp490A.tmp\rjsec304.ZIP", message = "rjsec304")~~RJStevensMusicPresentationCreator.Program~0000001452
2024-12-15 09:55:46.3309~DEBUG~download completed~~RJStevensMusicPresentationCreator.Program~0000001453
2024-12-15 09:55:46.3309~DEBUG~<- DownloadFile(url = "https://faas-nyc1-2ef2e6cc.doserverless.co/api/v1/web/fn-dd7f8f6a-d32a-4f5e-ae7b-870dfb7963f3/downloads/bundle?id=000000000000311", filename = "C:\Users\cofc_\AppData\Local\Temp\tmp490A.tmp\rjsec304.ZIP", message = "rjsec304")~~RJStevensMusicPresentationCreator.Program~0000001454
2024-12-15 09:55:46.3429~DEBUG~-> ExtractAllFromFile(zipFileName = "C:\Users\cofc_\AppData\Local\Temp\tmp490A.tmp\rjsec304.ZIP", decompressedFolder = "C:\Users\cofc_\AppData\Local\Temp\tmp4AD0.tmp", message = "rjsec304")~~RJStevensMusicPresentationCreator.Program~0000001455
2024-12-15 09:55:46.5620~DEBUG~extract completed~~RJStevensMusicPresentationCreator.Program~0000001456
2024-12-15 09:55:46.5620~DEBUG~<- ExtractAllFromFile(zipFileName = "C:\Users\cofc_\AppData\Local\Temp\tmp490A.tmp\rjsec304.ZIP", decompressedFolder = "C:\Users\cofc_\AppData\Local\Temp\tmp4AD0.tmp", message = "rjsec304")~~RJStevensMusicPresentationCreator.Program~0000001457
2024-12-15 09:55:46.6230~DEBUG~-> DownloadFile(url = "https://faas-nyc1-2ef2e6cc.doserverless.co/api/v1/web/fn-dd7f8f6a-d32a-4f5e-ae7b-870dfb7963f3/downloads/bundle?id=000000000000312", filename = "C:\Users\cofc_\AppData\Local\Temp\tmp4BEA.tmp\rjsec305.ZIP", message = "rjsec305")~~RJStevensMusicPresentationCreator.Program~0000001458
2024-12-15 09:55:47.1640~DEBUG~download completed~~RJStevensMusicPresentationCreator.Program~0000001459
2024-12-15 09:55:47.1660~DEBUG~<- DownloadFile(url = "https://faas-nyc1-2ef2e6cc.doserverless.co/api/v1/web/fn-dd7f8f6a-d32a-4f5e-ae7b-870dfb7963f3/downloads/bundle?id=000000000000312", filename = "C:\Users\cofc_\AppData\Local\Temp\tmp4BEA.tmp\rjsec305.ZIP", message = "rjsec305")~~RJStevensMusicPresentationCreator.Program~0000001460
2024-12-15 09:55:47.1870~DEBUG~-> ExtractAllFromFile(zipFileName = "C:\Users\cofc_\AppData\Local\Temp\tmp4BEA.tmp\rjsec305.ZIP", decompressedFolder = "C:\Users\cofc_\AppData\Local\Temp\tmp4E1E.tmp", message = "rjsec305")~~RJStevensMusicPresentationCreator.Program~0000001461
2024-12-15 09:55:47.5580~DEBUG~extract completed~~RJStevensMusicPresentationCreator.Program~0000001462
2024-12-15 09:55:47.5580~DEBUG~<- ExtractAllFromFile(zipFileName = "C:\Users\cofc_\AppData\Local\Temp\tmp4BEA.tmp\rjsec305.ZIP", decompressedFolder = "C:\Users\cofc_\AppData\Local\Temp\tmp4E1E.tmp", message = "rjsec305")~~RJStevensMusicPresentationCreator.Program~0000001463
2024-12-15 09:55:47.6580~DEBUG~-> DownloadFile(url = "https://faas-nyc1-2ef2e6cc.doserverless.co/api/v1/web/fn-dd7f8f6a-d32a-4f5e-ae7b-870dfb7963f3/downloads/bundle?id=000000000000313", filename = "C:\Users\cofc_\AppData\Local\Temp\tmp4FF4.tmp\rjsec306.ZIP", message = "rjsec306")~~RJStevensMusicPresentationCreator.Program~0000001464
2024-12-15 09:55:48.1341~DEBUG~download completed~~RJStevensMusicPresentationCreator.Program~0000001465
2024-12-15 09:55:48.1351~DEBUG~<- DownloadFile(url = "https://faas-nyc1-2ef2e6cc.doserverless.co/api/v1/web/fn-dd7f8f6a-d32a-4f5e-ae7b-870dfb7963f3/downloads/bundle?id=000000000000313", filename = "C:\Users\cofc_\AppData\Local\Temp\tmp4FF4.tmp\rjsec306.ZIP", message = "rjsec306")~~RJStevensMusicPresentationCreator.Program~0000001466
2024-12-15 09:55:48.1351~DEBUG~-> ExtractAllFromFile(zipFileName = "C:\Users\cofc_\AppData\Local\Temp\tmp4FF4.tmp\rjsec306.ZIP", decompressedFolder = "C:\Users\cofc_\AppData\Local\Temp\tmp51D9.tmp", message = "rjsec306")~~RJStevensMusicPresentationCreator.Program~0000001467
2024-12-15 09:55:48.3250~DEBUG~extract completed~~RJStevensMusicPresentationCreator.Program~0000001468
2024-12-15 09:55:48.3250~DEBUG~<- ExtractAllFromFile(zipFileName = "C:\Users\cofc_\AppData\Local\Temp\tmp4FF4.tmp\rjsec306.ZIP", decompressedFolder = "C:\Users\cofc_\AppData\Local\Temp\tmp51D9.tmp", message = "rjsec306")~~RJStevensMusicPresentationCreator.Program~0000001469
2024-12-15 09:55:48.3840~DEBUG~-> DownloadFile(url = "https://faas-nyc1-2ef2e6cc.doserverless.co/api/v1/web/fn-dd7f8f6a-d32a-4f5e-ae7b-870dfb7963f3/downloads/bundle?id=000000000000314", filename = "C:\Users\cofc_\AppData\Local\Temp\tmp52C4.tmp\rjsec307.ZIP", message = "rjsec307")~~RJStevensMusicPresentationCreator.Program~0000001470
2024-12-15 09:55:48.8420~DEBUG~download completed~~RJStevensMusicPresentationCreator.Program~0000001471
2024-12-15 09:55:48.8420~DEBUG~<- DownloadFile(url = "https://faas-nyc1-2ef2e6cc.doserverless.co/api/v1/web/fn-dd7f8f6a-d32a-4f5e-ae7b-870dfb7963f3/downloads/bundle?id=000000000000314", filename = "C:\Users\cofc_\AppData\Local\Temp\tmp52C4.tmp\rjsec307.ZIP", message = "rjsec307")~~RJStevensMusicPresentationCreator.Program~0000001472
2024-12-15 09:55:48.8590~DEBUG~-> ExtractAllFromFile(zipFileName = "C:\Users\cofc_\AppData\Local\Temp\tmp52C4.tmp\rjsec307.ZIP", decompressedFolder = "C:\Users\cofc_\AppData\Local\Temp\tmp54AA.tmp", message = "rjsec307")~~RJStevensMusicPresentationCreator.Program~0000001473
2024-12-15 09:55:49.1833~DEBUG~extract completed~~RJStevensMusicPresentationCreator.Program~0000001474
2024-12-15 09:55:49.1833~DEBUG~<- ExtractAllFromFile(zipFileName = "C:\Users\cofc_\AppData\Local\Temp\tmp52C4.tmp\rjsec307.ZIP", decompressedFolder = "C:\Users\cofc_\AppData\Local\Temp\tmp54AA.tmp", message = "rjsec307")~~RJStevensMusicPresentationCreator.Program~0000001475
2024-12-15 09:55:49.3053~DEBUG~-> DownloadFile(url = "https://faas-nyc1-2ef2e6cc.doserverless.co/api/v1/web/fn-dd7f8f6a-d32a-4f5e-ae7b-870dfb7963f3/downloads/bundle?id=000000000000316", filename = "C:\Users\cofc_\AppData\Local\Temp\tmp5660.tmp\rjsec309.ZIP", message = "rjsec309")~~RJStevensMusicPresentationCreator.Program~0000001476
2024-12-15 09:55:49.7513~DEBUG~download completed~~RJStevensMusicPresentationCreator.Program~0000001477
2024-12-15 09:55:49.7513~DEBUG~<- DownloadFile(url = "https://faas-nyc1-2ef2e6cc.doserverless.co/api/v1/web/fn-dd7f8f6a-d32a-4f5e-ae7b-870dfb7963f3/downloads/bundle?id=000000000000316", filename = "C:\Users\cofc_\AppData\Local\Temp\tmp5660.tmp\rjsec309.ZIP", message = "rjsec309")~~RJStevensMusicPresentationCreator.Program~0000001478
2024-12-15 09:55:49.7673~DEBUG~-> ExtractAllFromFile(zipFileName = "C:\Users\cofc_\AppData\Local\Temp\tmp5660.tmp\rjsec309.ZIP", decompressedFolder = "C:\Users\cofc_\AppData\Local\Temp\tmp5836.tmp", message = "rjsec309")~~RJStevensMusicPresentationCreator.Program~0000001479
2024-12-15 09:55:50.0741~DEBUG~extract completed~~RJStevensMusicPresentationCreator.Program~0000001480
2024-12-15 09:55:50.0741~DEBUG~<- ExtractAllFromFile(zipFileName = "C:\Users\cofc_\AppData\Local\Temp\tmp5660.tmp\rjsec309.ZIP", decompressedFolder = "C:\Users\cofc_\AppData\Local\Temp\tmp5836.tmp", message = "rjsec309")~~RJStevensMusicPresentationCreator.Program~0000001481
2024-12-15 09:55:50.1581~DEBUG~-> DownloadFile(url = "https://faas-nyc1-2ef2e6cc.doserverless.co/api/v1/web/fn-dd7f8f6a-d32a-4f5e-ae7b-870dfb7963f3/downloads/bundle?id=000000000000317", filename = "C:\Users\cofc_\AppData\Local\Temp\tmp59BE.tmp\rjsec310.ZIP", message = "rjsec310")~~RJStevensMusicPresentationCreator.Program~0000001482
2024-12-15 09:55:50.7242~DEBUG~download completed~~RJStevensMusicPresentationCreator.Program~0000001483
2024-12-15 09:55:50.7242~DEBUG~<- DownloadFile(url = "https://faas-nyc1-2ef2e6cc.doserverless.co/api/v1/web/fn-dd7f8f6a-d32a-4f5e-ae7b-870dfb7963f3/downloads/bundle?id=000000000000317", filename = "C:\Users\cofc_\AppData\Local\Temp\tmp59BE.tmp\rjsec310.ZIP", message = "rjsec310")~~RJStevensMusicPresentationCreator.Program~0000001484
2024-12-15 09:55:50.7412~DEBUG~-> ExtractAllFromFile(zipFileName = "C:\Users\cofc_\AppData\Local\Temp\tmp59BE.tmp\rjsec310.ZIP", decompressedFolder = "C:\Users\cofc_\AppData\Local\Temp\tmp5C01.tmp", message = "rjsec310")~~RJStevensMusicPresentationCreator.Program~0000001485
2024-12-15 09:55:50.9972~DEBUG~extract completed~~RJStevensMusicPresentationCreator.Program~0000001486
2024-12-15 09:55:50.9972~DEBUG~<- ExtractAllFromFile(zipFileName = "C:\Users\cofc_\AppData\Local\Temp\tmp59BE.tmp\rjsec310.ZIP", decompressedFolder = "C:\Users\cofc_\AppData\Local\Temp\tmp5C01.tmp", message = "rjsec310")~~RJStevensMusicPresentationCreator.Program~0000001487
2024-12-15 09:55:51.0732~DEBUG~-> DownloadFile(url = "https://faas-nyc1-2ef2e6cc.doserverless.co/api/v1/web/fn-dd7f8f6a-d32a-4f5e-ae7b-870dfb7963f3/downloads/bundle?id=000000000000318", filename = "C:\Users\cofc_\AppData\Local\Temp\tmp5D4A.tmp\rjsec311.ZIP", message = "rjsec311")~~RJStevensMusicPresentationCreator.Program~0000001488
2024-12-15 09:55:51.5402~DEBUG~download completed~~RJStevensMusicPresentationCreator.Program~0000001489
2024-12-15 09:55:51.5412~DEBUG~<- DownloadFile(url = "https://faas-nyc1-2ef2e6cc.doserverless.co/api/v1/web/fn-dd7f8f6a-d32a-4f5e-ae7b-870dfb7963f3/downloads/bundle?id=000000000000318", filename = "C:\Users\cofc_\AppData\Local\Temp\tmp5D4A.tmp\rjsec311.ZIP", message = "rjsec311")~~RJStevensMusicPresentationCreator.Program~0000001490
2024-12-15 09:55:51.5572~DEBUG~-> ExtractAllFromFile(zipFileName = "C:\Users\cofc_\AppData\Local\Temp\tmp5D4A.tmp\rjsec311.ZIP", decompressedFolder = "C:\Users\cofc_\AppData\Local\Temp\tmp5F2F.tmp", message = "rjsec311")~~RJStevensMusicPresentationCreator.Program~0000001491
2024-12-15 09:55:51.8593~DEBUG~extract completed~~RJStevensMusicPresentationCreator.Program~0000001492
2024-12-15 09:55:51.8593~DEBUG~<- ExtractAllFromFile(zipFileName = "C:\Users\cofc_\AppData\Local\Temp\tmp5D4A.tmp\rjsec311.ZIP", decompressedFolder = "C:\Users\cofc_\AppData\Local\Temp\tmp5F2F.tmp", message = "rjsec311")~~RJStevensMusicPresentationCreator.Program~0000001493
2024-12-15 09:55:51.9333~DEBUG~-> DownloadFile(url = "https://faas-nyc1-2ef2e6cc.doserverless.co/api/v1/web/fn-dd7f8f6a-d32a-4f5e-ae7b-870dfb7963f3/downloads/bundle?id=000000000000319", filename = "C:\Users\cofc_\AppData\Local\Temp\tmp60B7.tmp\rjsec312.ZIP", message = "rjsec312")~~RJStevensMusicPresentationCreator.Program~0000001494
2024-12-15 09:55:52.3833~DEBUG~download completed~~RJStevensMusicPresentationCreator.Program~0000001495
2024-12-15 09:55:52.3853~DEBUG~<- DownloadFile(url = "https://faas-nyc1-2ef2e6cc.doserverless.co/api/v1/web/fn-dd7f8f6a-d32a-4f5e-ae7b-870dfb7963f3/downloads/bundle?id=000000000000319", filename = "C:\Users\cofc_\AppData\Local\Temp\tmp60B7.tmp\rjsec312.ZIP", message = "rjsec312")~~RJStevensMusicPresentationCreator.Program~0000001496
2024-12-15 09:55:52.4033~DEBUG~-> ExtractAllFromFile(zipFileName = "C:\Users\cofc_\AppData\Local\Temp\tmp60B7.tmp\rjsec312.ZIP", decompressedFolder = "C:\Users\cofc_\AppData\Local\Temp\tmp628D.tmp", message = "rjsec312")~~RJStevensMusicPresentationCreator.Program~0000001497
2024-12-15 09:55:52.6453~DEBUG~extract completed~~RJStevensMusicPresentationCreator.Program~0000001498
2024-12-15 09:55:52.6453~DEBUG~<- ExtractAllFromFile(zipFileName = "C:\Users\cofc_\AppData\Local\Temp\tmp60B7.tmp\rjsec312.ZIP", decompressedFolder = "C:\Users\cofc_\AppData\Local\Temp\tmp628D.tmp", message = "rjsec312")~~RJStevensMusicPresentationCreator.Program~0000001499
2024-12-15 09:55:52.7113~DEBUG~-> DownloadFile(url = "https://faas-nyc1-2ef2e6cc.doserverless.co/api/v1/web/fn-dd7f8f6a-d32a-4f5e-ae7b-870dfb7963f3/downloads/bundle?id=000000000000320", filename = "C:\Users\cofc_\AppData\Local\Temp\tmp63B7.tmp\rjsec313.ZIP", message = "rjsec313")~~RJStevensMusicPresentationCreator.Program~0000001500
2024-12-15 09:55:53.1773~DEBUG~download completed~~RJStevensMusicPresentationCreator.Program~0000001501
2024-12-15 09:55:53.1773~DEBUG~<- DownloadFile(url = "https://faas-nyc1-2ef2e6cc.doserverless.co/api/v1/web/fn-dd7f8f6a-d32a-4f5e-ae7b-870dfb7963f3/downloads/bundle?id=000000000000320", filename = "C:\Users\cofc_\AppData\Local\Temp\tmp63B7.tmp\rjsec313.ZIP", message = "rjsec313")~~RJStevensMusicPresentationCreator.Program~0000001502
2024-12-15 09:55:53.1993~DEBUG~-> ExtractAllFromFile(zipFileName = "C:\Users\cofc_\AppData\Local\Temp\tmp63B7.tmp\rjsec313.ZIP", decompressedFolder = "C:\Users\cofc_\AppData\Local\Temp\tmp65AC.tmp", message = "rjsec313")~~RJStevensMusicPresentationCreator.Program~0000001503
2024-12-15 09:55:53.4923~DEBUG~extract completed~~RJStevensMusicPresentationCreator.Program~0000001504
2024-12-15 09:55:53.4953~DEBUG~<- ExtractAllFromFile(zipFileName = "C:\Users\cofc_\AppData\Local\Temp\tmp63B7.tmp\rjsec313.ZIP", decompressedFolder = "C:\Users\cofc_\AppData\Local\Temp\tmp65AC.tmp", message = "rjsec313")~~RJStevensMusicPresentationCreator.Program~0000001505
2024-12-15 09:55:53.5713~DEBUG~-> DownloadFile(url = "https://faas-nyc1-2ef2e6cc.doserverless.co/api/v1/web/fn-dd7f8f6a-d32a-4f5e-ae7b-870dfb7963f3/downloads/bundle?id=000000000000321", filename = "C:\Users\cofc_\AppData\Local\Temp\tmp6714.tmp\rjsec314.ZIP", message = "rjsec314")~~RJStevensMusicPresentationCreator.Program~0000001506
2024-12-15 09:55:54.0113~DEBUG~download completed~~RJStevensMusicPresentationCreator.Program~0000001507
2024-12-15 09:55:54.0113~DEBUG~<- DownloadFile(url = "https://faas-nyc1-2ef2e6cc.doserverless.co/api/v1/web/fn-dd7f8f6a-d32a-4f5e-ae7b-870dfb7963f3/downloads/bundle?id=000000000000321", filename = "C:\Users\cofc_\AppData\Local\Temp\tmp6714.tmp\rjsec314.ZIP", message = "rjsec314")~~RJStevensMusicPresentationCreator.Program~0000001508
2024-12-15 09:55:54.0312~DEBUG~-> ExtractAllFromFile(zipFileName = "C:\Users\cofc_\AppData\Local\Temp\tmp6714.tmp\rjsec314.ZIP", decompressedFolder = "C:\Users\cofc_\AppData\Local\Temp\tmp68EA.tmp", message = "rjsec314")~~RJStevensMusicPresentationCreator.Program~0000001509
2024-12-15 09:55:54.2652~DEBUG~extract completed~~RJStevensMusicPresentationCreator.Program~0000001510
2024-12-15 09:55:54.2652~DEBUG~<- ExtractAllFromFile(zipFileName = "C:\Users\cofc_\AppData\Local\Temp\tmp6714.tmp\rjsec314.ZIP", decompressedFolder = "C:\Users\cofc_\AppData\Local\Temp\tmp68EA.tmp", message = "rjsec314")~~RJStevensMusicPresentationCreator.Program~0000001511
2024-12-15 09:55:54.3282~DEBUG~-> DownloadFile(url = "https://faas-nyc1-2ef2e6cc.doserverless.co/api/v1/web/fn-dd7f8f6a-d32a-4f5e-ae7b-870dfb7963f3/downloads/bundle?id=000000000000322", filename = "C:\Users\cofc_\AppData\Local\Temp\tmp6A14.tmp\rjsec315.ZIP", message = "rjsec315")~~RJStevensMusicPresentationCreator.Program~0000001512
2024-12-15 09:55:54.7432~DEBUG~download completed~~RJStevensMusicPresentationCreator.Program~0000001513
2024-12-15 09:55:54.7442~DEBUG~<- DownloadFile(url = "https://faas-nyc1-2ef2e6cc.doserverless.co/api/v1/web/fn-dd7f8f6a-d32a-4f5e-ae7b-870dfb7963f3/downloads/bundle?id=000000000000322", filename = "C:\Users\cofc_\AppData\Local\Temp\tmp6A14.tmp\rjsec315.ZIP", message = "rjsec315")~~RJStevensMusicPresentationCreator.Program~0000001514
2024-12-15 09:55:54.7622~DEBUG~-> ExtractAllFromFile(zipFileName = "C:\Users\cofc_\AppData\Local\Temp\tmp6A14.tmp\rjsec315.ZIP", decompressedFolder = "C:\Users\cofc_\AppData\Local\Temp\tmp6BCA.tmp", message = "rjsec315")~~RJStevensMusicPresentationCreator.Program~0000001515
2024-12-15 09:55:54.9577~DEBUG~extract completed~~RJStevensMusicPresentationCreator.Program~0000001516
2024-12-15 09:55:54.9577~DEBUG~<- ExtractAllFromFile(zipFileName = "C:\Users\cofc_\AppData\Local\Temp\tmp6A14.tmp\rjsec315.ZIP", decompressedFolder = "C:\Users\cofc_\AppData\Local\Temp\tmp6BCA.tmp", message = "rjsec315")~~RJStevensMusicPresentationCreator.Program~0000001517
2024-12-15 09:55:55.0197~DEBUG~-> DownloadFile(url = "https://faas-nyc1-2ef2e6cc.doserverless.co/api/v1/web/fn-dd7f8f6a-d32a-4f5e-ae7b-870dfb7963f3/downloads/bundle?id=000000000000323", filename = "C:\Users\cofc_\AppData\Local\Temp\tmp6CC5.tmp\rjsec316.ZIP", message = "rjsec316")~~RJStevensMusicPresentationCreator.Program~0000001518
2024-12-15 09:55:55.4927~DEBUG~download completed~~RJStevensMusicPresentationCreator.Program~0000001519
2024-12-15 09:55:55.4927~DEBUG~<- DownloadFile(url = "https://faas-nyc1-2ef2e6cc.doserverless.co/api/v1/web/fn-dd7f8f6a-d32a-4f5e-ae7b-870dfb7963f3/downloads/bundle?id=000000000000323", filename = "C:\Users\cofc_\AppData\Local\Temp\tmp6CC5.tmp\rjsec316.ZIP", message = "rjsec316")~~RJStevensMusicPresentationCreator.Program~0000001520
2024-12-15 09:55:55.5087~DEBUG~-> ExtractAllFromFile(zipFileName = "C:\Users\cofc_\AppData\Local\Temp\tmp6CC5.tmp\rjsec316.ZIP", decompressedFolder = "C:\Users\cofc_\AppData\Local\Temp\tmp6EAA.tmp", message = "rjsec316")~~RJStevensMusicPresentationCreator.Program~0000001521
2024-12-15 09:55:55.7473~DEBUG~extract completed~~RJStevensMusicPresentationCreator.Program~0000001522
2024-12-15 09:55:55.7473~DEBUG~<- ExtractAllFromFile(zipFileName = "C:\Users\cofc_\AppData\Local\Temp\tmp6CC5.tmp\rjsec316.ZIP", decompressedFolder = "C:\Users\cofc_\AppData\Local\Temp\tmp6EAA.tmp", message = "rjsec316")~~RJStevensMusicPresentationCreator.Program~0000001523
2024-12-15 09:55:55.8113~DEBUG~-> DownloadFile(url = "https://faas-nyc1-2ef2e6cc.doserverless.co/api/v1/web/fn-dd7f8f6a-d32a-4f5e-ae7b-870dfb7963f3/downloads/bundle?id=000000000000324", filename = "C:\Users\cofc_\AppData\Local\Temp\tmp6FE4.tmp\rjsec317.ZIP", message = "rjsec317")~~RJStevensMusicPresentationCreator.Program~0000001524
2024-12-15 09:55:56.2544~DEBUG~download completed~~RJStevensMusicPresentationCreator.Program~0000001525
2024-12-15 09:55:56.2544~DEBUG~<- DownloadFile(url = "https://faas-nyc1-2ef2e6cc.doserverless.co/api/v1/web/fn-dd7f8f6a-d32a-4f5e-ae7b-870dfb7963f3/downloads/bundle?id=000000000000324", filename = "C:\Users\cofc_\AppData\Local\Temp\tmp6FE4.tmp\rjsec317.ZIP", message = "rjsec317")~~RJStevensMusicPresentationCreator.Program~0000001526
2024-12-15 09:55:56.2724~DEBUG~-> ExtractAllFromFile(zipFileName = "C:\Users\cofc_\AppData\Local\Temp\tmp6FE4.tmp\rjsec317.ZIP", decompressedFolder = "C:\Users\cofc_\AppData\Local\Temp\tmp71AA.tmp", message = "rjsec317")~~RJStevensMusicPresentationCreator.Program~0000001527
2024-12-15 09:55:56.5354~DEBUG~extract completed~~RJStevensMusicPresentationCreator.Program~0000001528
2024-12-15 09:55:56.5354~DEBUG~<- ExtractAllFromFile(zipFileName = "C:\Users\cofc_\AppData\Local\Temp\tmp6FE4.tmp\rjsec317.ZIP", decompressedFolder = "C:\Users\cofc_\AppData\Local\Temp\tmp71AA.tmp", message = "rjsec317")~~RJStevensMusicPresentationCreator.Program~0000001529
2024-12-15 09:55:56.5994~DEBUG~-> DownloadFile(url = "https://faas-nyc1-2ef2e6cc.doserverless.co/api/v1/web/fn-dd7f8f6a-d32a-4f5e-ae7b-870dfb7963f3/downloads/bundle?id=000000000000326", filename = "C:\Users\cofc_\AppData\Local\Temp\tmp72F3.tmp\rjsec319.ZIP", message = "rjsec319")~~RJStevensMusicPresentationCreator.Program~0000001530
2024-12-15 09:55:57.0444~DEBUG~download completed~~RJStevensMusicPresentationCreator.Program~0000001531
2024-12-15 09:55:57.0444~DEBUG~<- DownloadFile(url = "https://faas-nyc1-2ef2e6cc.doserverless.co/api/v1/web/fn-dd7f8f6a-d32a-4f5e-ae7b-870dfb7963f3/downloads/bundle?id=000000000000326", filename = "C:\Users\cofc_\AppData\Local\Temp\tmp72F3.tmp\rjsec319.ZIP", message = "rjsec319")~~RJStevensMusicPresentationCreator.Program~0000001532
2024-12-15 09:55:57.0634~DEBUG~-> ExtractAllFromFile(zipFileName = "C:\Users\cofc_\AppData\Local\Temp\tmp72F3.tmp\rjsec319.ZIP", decompressedFolder = "C:\Users\cofc_\AppData\Local\Temp\tmp74C9.tmp", message = "rjsec319")~~RJStevensMusicPresentationCreator.Program~0000001533
2024-12-15 09:55:57.2470~DEBUG~extract completed~~RJStevensMusicPresentationCreator.Program~0000001534
2024-12-15 09:55:57.2470~DEBUG~<- ExtractAllFromFile(zipFileName = "C:\Users\cofc_\AppData\Local\Temp\tmp72F3.tmp\rjsec319.ZIP", decompressedFolder = "C:\Users\cofc_\AppData\Local\Temp\tmp74C9.tmp", message = "rjsec319")~~RJStevensMusicPresentationCreator.Program~0000001535
2024-12-15 09:55:57.3040~DEBUG~-> DownloadFile(url = "https://faas-nyc1-2ef2e6cc.doserverless.co/api/v1/web/fn-dd7f8f6a-d32a-4f5e-ae7b-870dfb7963f3/downloads/bundle?id=000000000000327", filename = "C:\Users\cofc_\AppData\Local\Temp\tmp75B4.tmp\rjsec320.ZIP", message = "rjsec320")~~RJStevensMusicPresentationCreator.Program~0000001536
2024-12-15 09:55:58.0431~DEBUG~download completed~~RJStevensMusicPresentationCreator.Program~0000001537
2024-12-15 09:55:58.0431~DEBUG~<- DownloadFile(url = "https://faas-nyc1-2ef2e6cc.doserverless.co/api/v1/web/fn-dd7f8f6a-d32a-4f5e-ae7b-870dfb7963f3/downloads/bundle?id=000000000000327", filename = "C:\Users\cofc_\AppData\Local\Temp\tmp75B4.tmp\rjsec320.ZIP", message = "rjsec320")~~RJStevensMusicPresentationCreator.Program~0000001538
2024-12-15 09:55:58.0601~DEBUG~-> ExtractAllFromFile(zipFileName = "C:\Users\cofc_\AppData\Local\Temp\tmp75B4.tmp\rjsec320.ZIP", decompressedFolder = "C:\Users\cofc_\AppData\Local\Temp\tmp78B3.tmp", message = "rjsec320")~~RJStevensMusicPresentationCreator.Program~0000001539
2024-12-15 09:55:58.2581~DEBUG~extract completed~~RJStevensMusicPresentationCreator.Program~0000001540
2024-12-15 09:55:58.2611~DEBUG~<- ExtractAllFromFile(zipFileName = "C:\Users\cofc_\AppData\Local\Temp\tmp75B4.tmp\rjsec320.ZIP", decompressedFolder = "C:\Users\cofc_\AppData\Local\Temp\tmp78B3.tmp", message = "rjsec320")~~RJStevensMusicPresentationCreator.Program~0000001541
2024-12-15 09:55:58.3181~DEBUG~-> DownloadFile(url = "https://faas-nyc1-2ef2e6cc.doserverless.co/api/v1/web/fn-dd7f8f6a-d32a-4f5e-ae7b-870dfb7963f3/downloads/bundle?id=000000000000328", filename = "C:\Users\cofc_\AppData\Local\Temp\tmp79AE.tmp\rjsec321.ZIP", message = "rjsec321")~~RJStevensMusicPresentationCreator.Program~0000001542
2024-12-15 09:55:58.9134~DEBUG~download completed~~RJStevensMusicPresentationCreator.Program~0000001543
2024-12-15 09:55:58.9134~DEBUG~<- DownloadFile(url = "https://faas-nyc1-2ef2e6cc.doserverless.co/api/v1/web/fn-dd7f8f6a-d32a-4f5e-ae7b-870dfb7963f3/downloads/bundle?id=000000000000328", filename = "C:\Users\cofc_\AppData\Local\Temp\tmp79AE.tmp\rjsec321.ZIP", message = "rjsec321")~~RJStevensMusicPresentationCreator.Program~0000001544
2024-12-15 09:55:58.9344~DEBUG~-> ExtractAllFromFile(zipFileName = "C:\Users\cofc_\AppData\Local\Temp\tmp79AE.tmp\rjsec321.ZIP", decompressedFolder = "C:\Users\cofc_\AppData\Local\Temp\tmp7C20.tmp", message = "rjsec321")~~RJStevensMusicPresentationCreator.Program~0000001545
2024-12-15 09:55:59.2249~DEBUG~extract completed~~RJStevensMusicPresentationCreator.Program~0000001546
2024-12-15 09:55:59.2249~DEBUG~<- ExtractAllFromFile(zipFileName = "C:\Users\cofc_\AppData\Local\Temp\tmp79AE.tmp\rjsec321.ZIP", decompressedFolder = "C:\Users\cofc_\AppData\Local\Temp\tmp7C20.tmp", message = "rjsec321")~~RJStevensMusicPresentationCreator.Program~0000001547
2024-12-15 09:55:59.2939~DEBUG~-> DownloadFile(url = "https://faas-nyc1-2ef2e6cc.doserverless.co/api/v1/web/fn-dd7f8f6a-d32a-4f5e-ae7b-870dfb7963f3/downloads/bundle?id=000000000000330", filename = "C:\Users\cofc_\AppData\Local\Temp\tmp7D88.tmp\rjsec323.ZIP", message = "rjsec323")~~RJStevensMusicPresentationCreator.Program~0000001548
2024-12-15 09:55:59.7589~DEBUG~download completed~~RJStevensMusicPresentationCreator.Program~0000001549
2024-12-15 09:55:59.7599~DEBUG~<- DownloadFile(url = "https://faas-nyc1-2ef2e6cc.doserverless.co/api/v1/web/fn-dd7f8f6a-d32a-4f5e-ae7b-870dfb7963f3/downloads/bundle?id=000000000000330", filename = "C:\Users\cofc_\AppData\Local\Temp\tmp7D88.tmp\rjsec323.ZIP", message = "rjsec323")~~RJStevensMusicPresentationCreator.Program~0000001550
2024-12-15 09:55:59.7779~DEBUG~-> ExtractAllFromFile(zipFileName = "C:\Users\cofc_\AppData\Local\Temp\tmp7D88.tmp\rjsec323.ZIP", decompressedFolder = "C:\Users\cofc_\AppData\Local\Temp\tmp7F6E.tmp", message = "rjsec323")~~RJStevensMusicPresentationCreator.Program~0000001551
2024-12-15 09:56:00.0169~DEBUG~extract completed~~RJStevensMusicPresentationCreator.Program~0000001552
2024-12-15 09:56:00.0169~DEBUG~<- ExtractAllFromFile(zipFileName = "C:\Users\cofc_\AppData\Local\Temp\tmp7D88.tmp\rjsec323.ZIP", decompressedFolder = "C:\Users\cofc_\AppData\Local\Temp\tmp7F6E.tmp", message = "rjsec323")~~RJStevensMusicPresentationCreator.Program~0000001553
2024-12-15 09:56:00.0809~DEBUG~-> DownloadFile(url = "https://faas-nyc1-2ef2e6cc.doserverless.co/api/v1/web/fn-dd7f8f6a-d32a-4f5e-ae7b-870dfb7963f3/downloads/bundle?id=000000000000331", filename = "C:\Users\cofc_\AppData\Local\Temp\tmp8098.tmp\rjsec324.ZIP", message = "rjsec324")~~RJStevensMusicPresentationCreator.Program~0000001554
2024-12-15 09:56:00.5510~DEBUG~download completed~~RJStevensMusicPresentationCreator.Program~0000001555
2024-12-15 09:56:00.5510~DEBUG~<- DownloadFile(url = "https://faas-nyc1-2ef2e6cc.doserverless.co/api/v1/web/fn-dd7f8f6a-d32a-4f5e-ae7b-870dfb7963f3/downloads/bundle?id=000000000000331", filename = "C:\Users\cofc_\AppData\Local\Temp\tmp8098.tmp\rjsec324.ZIP", message = "rjsec324")~~RJStevensMusicPresentationCreator.Program~0000001556
2024-12-15 09:56:00.5733~DEBUG~-> ExtractAllFromFile(zipFileName = "C:\Users\cofc_\AppData\Local\Temp\tmp8098.tmp\rjsec324.ZIP", decompressedFolder = "C:\Users\cofc_\AppData\Local\Temp\tmp828D.tmp", message = "rjsec324")~~RJStevensMusicPresentationCreator.Program~0000001557
2024-12-15 09:56:00.7933~DEBUG~extract completed~~RJStevensMusicPresentationCreator.Program~0000001558
2024-12-15 09:56:00.7933~DEBUG~<- ExtractAllFromFile(zipFileName = "C:\Users\cofc_\AppData\Local\Temp\tmp8098.tmp\rjsec324.ZIP", decompressedFolder = "C:\Users\cofc_\AppData\Local\Temp\tmp828D.tmp", message = "rjsec324")~~RJStevensMusicPresentationCreator.Program~0000001559
2024-12-15 09:56:00.8553~DEBUG~-> DownloadFile(url = "https://faas-nyc1-2ef2e6cc.doserverless.co/api/v1/web/fn-dd7f8f6a-d32a-4f5e-ae7b-870dfb7963f3/downloads/bundle?id=000000000000332", filename = "C:\Users\cofc_\AppData\Local\Temp\tmp83A7.tmp\rjsec325.ZIP", message = "rjsec325")~~RJStevensMusicPresentationCreator.Program~0000001560
2024-12-15 09:56:01.3529~DEBUG~download completed~~RJStevensMusicPresentationCreator.Program~0000001561
2024-12-15 09:56:01.3539~DEBUG~<- DownloadFile(url = "https://faas-nyc1-2ef2e6cc.doserverless.co/api/v1/web/fn-dd7f8f6a-d32a-4f5e-ae7b-870dfb7963f3/downloads/bundle?id=000000000000332", filename = "C:\Users\cofc_\AppData\Local\Temp\tmp83A7.tmp\rjsec325.ZIP", message = "rjsec325")~~RJStevensMusicPresentationCreator.Program~0000001562
2024-12-15 09:56:01.3709~DEBUG~-> ExtractAllFromFile(zipFileName = "C:\Users\cofc_\AppData\Local\Temp\tmp83A7.tmp\rjsec325.ZIP", decompressedFolder = "C:\Users\cofc_\AppData\Local\Temp\tmp85AB.tmp", message = "rjsec325")~~RJStevensMusicPresentationCreator.Program~0000001563
2024-12-15 09:56:01.6129~DEBUG~extract completed~~RJStevensMusicPresentationCreator.Program~0000001564
2024-12-15 09:56:01.6129~DEBUG~<- ExtractAllFromFile(zipFileName = "C:\Users\cofc_\AppData\Local\Temp\tmp83A7.tmp\rjsec325.ZIP", decompressedFolder = "C:\Users\cofc_\AppData\Local\Temp\tmp85AB.tmp", message = "rjsec325")~~RJStevensMusicPresentationCreator.Program~0000001565
2024-12-15 09:56:01.6789~DEBUG~-> DownloadFile(url = "https://faas-nyc1-2ef2e6cc.doserverless.co/api/v1/web/fn-dd7f8f6a-d32a-4f5e-ae7b-870dfb7963f3/downloads/bundle?id=000000000000333", filename = "C:\Users\cofc_\AppData\Local\Temp\tmp86D5.tmp\rjsec326.ZIP", message = "rjsec326")~~RJStevensMusicPresentationCreator.Program~0000001566
2024-12-15 09:56:02.1300~DEBUG~download completed~~RJStevensMusicPresentationCreator.Program~0000001567
2024-12-15 09:56:02.1300~DEBUG~<- DownloadFile(url = "https://faas-nyc1-2ef2e6cc.doserverless.co/api/v1/web/fn-dd7f8f6a-d32a-4f5e-ae7b-870dfb7963f3/downloads/bundle?id=000000000000333", filename = "C:\Users\cofc_\AppData\Local\Temp\tmp86D5.tmp\rjsec326.ZIP", message = "rjsec326")~~RJStevensMusicPresentationCreator.Program~0000001568
2024-12-15 09:56:02.1480~DEBUG~-> ExtractAllFromFile(zipFileName = "C:\Users\cofc_\AppData\Local\Temp\tmp86D5.tmp\rjsec326.ZIP", decompressedFolder = "C:\Users\cofc_\AppData\Local\Temp\tmp88AB.tmp", message = "rjsec326")~~RJStevensMusicPresentationCreator.Program~0000001569
2024-12-15 09:56:02.3762~DEBUG~extract completed~~RJStevensMusicPresentationCreator.Program~0000001570
2024-12-15 09:56:02.3762~DEBUG~<- ExtractAllFromFile(zipFileName = "C:\Users\cofc_\AppData\Local\Temp\tmp86D5.tmp\rjsec326.ZIP", decompressedFolder = "C:\Users\cofc_\AppData\Local\Temp\tmp88AB.tmp", message = "rjsec326")~~RJStevensMusicPresentationCreator.Program~0000001571
2024-12-15 09:56:02.4512~DEBUG~-> DownloadFile(url = "https://faas-nyc1-2ef2e6cc.doserverless.co/api/v1/web/fn-dd7f8f6a-d32a-4f5e-ae7b-870dfb7963f3/downloads/bundle?id=000000000000334", filename = "C:\Users\cofc_\AppData\Local\Temp\tmp89E5.tmp\rjsec327.ZIP", message = "rjsec327")~~RJStevensMusicPresentationCreator.Program~0000001572
2024-12-15 09:56:02.8732~DEBUG~download completed~~RJStevensMusicPresentationCreator.Program~0000001573
2024-12-15 09:56:02.8732~DEBUG~<- DownloadFile(url = "https://faas-nyc1-2ef2e6cc.doserverless.co/api/v1/web/fn-dd7f8f6a-d32a-4f5e-ae7b-870dfb7963f3/downloads/bundle?id=000000000000334", filename = "C:\Users\cofc_\AppData\Local\Temp\tmp89E5.tmp\rjsec327.ZIP", message = "rjsec327")~~RJStevensMusicPresentationCreator.Program~0000001574
2024-12-15 09:56:02.8882~DEBUG~-> ExtractAllFromFile(zipFileName = "C:\Users\cofc_\AppData\Local\Temp\tmp89E5.tmp\rjsec327.ZIP", decompressedFolder = "C:\Users\cofc_\AppData\Local\Temp\tmp8B9B.tmp", message = "rjsec327")~~RJStevensMusicPresentationCreator.Program~0000001575
2024-12-15 09:56:03.0752~DEBUG~extract completed~~RJStevensMusicPresentationCreator.Program~0000001576
2024-12-15 09:56:03.0752~DEBUG~<- ExtractAllFromFile(zipFileName = "C:\Users\cofc_\AppData\Local\Temp\tmp89E5.tmp\rjsec327.ZIP", decompressedFolder = "C:\Users\cofc_\AppData\Local\Temp\tmp8B9B.tmp", message = "rjsec327")~~RJStevensMusicPresentationCreator.Program~0000001577
2024-12-15 09:56:03.1323~DEBUG~-> DownloadFile(url = "https://faas-nyc1-2ef2e6cc.doserverless.co/api/v1/web/fn-dd7f8f6a-d32a-4f5e-ae7b-870dfb7963f3/downloads/bundle?id=000000000000336", filename = "C:\Users\cofc_\AppData\Local\Temp\tmp8C86.tmp\rjsec329.ZIP", message = "rjsec329")~~RJStevensMusicPresentationCreator.Program~0000001578
2024-12-15 09:56:03.6153~DEBUG~download completed~~RJStevensMusicPresentationCreator.Program~0000001579
2024-12-15 09:56:03.6153~DEBUG~<- DownloadFile(url = "https://faas-nyc1-2ef2e6cc.doserverless.co/api/v1/web/fn-dd7f8f6a-d32a-4f5e-ae7b-870dfb7963f3/downloads/bundle?id=000000000000336", filename = "C:\Users\cofc_\AppData\Local\Temp\tmp8C86.tmp\rjsec329.ZIP", message = "rjsec329")~~RJStevensMusicPresentationCreator.Program~0000001580
2024-12-15 09:56:03.6303~DEBUG~-> ExtractAllFromFile(zipFileName = "C:\Users\cofc_\AppData\Local\Temp\tmp8C86.tmp\rjsec329.ZIP", decompressedFolder = "C:\Users\cofc_\AppData\Local\Temp\tmp8E7B.tmp", message = "rjsec329")~~RJStevensMusicPresentationCreator.Program~0000001581
2024-12-15 09:56:03.8844~DEBUG~extract completed~~RJStevensMusicPresentationCreator.Program~0000001582
2024-12-15 09:56:03.8874~DEBUG~<- ExtractAllFromFile(zipFileName = "C:\Users\cofc_\AppData\Local\Temp\tmp8C86.tmp\rjsec329.ZIP", decompressedFolder = "C:\Users\cofc_\AppData\Local\Temp\tmp8E7B.tmp", message = "rjsec329")~~RJStevensMusicPresentationCreator.Program~0000001583
2024-12-15 09:56:03.9494~DEBUG~-> DownloadFile(url = "https://faas-nyc1-2ef2e6cc.doserverless.co/api/v1/web/fn-dd7f8f6a-d32a-4f5e-ae7b-870dfb7963f3/downloads/bundle?id=000000000000337", filename = "C:\Users\cofc_\AppData\Local\Temp\tmp8FC5.tmp\rjsec330.ZIP", message = "rjsec330")~~RJStevensMusicPresentationCreator.Program~0000001584
2024-12-15 09:56:04.4265~DEBUG~download completed~~RJStevensMusicPresentationCreator.Program~0000001585
2024-12-15 09:56:04.4265~DEBUG~<- DownloadFile(url = "https://faas-nyc1-2ef2e6cc.doserverless.co/api/v1/web/fn-dd7f8f6a-d32a-4f5e-ae7b-870dfb7963f3/downloads/bundle?id=000000000000337", filename = "C:\Users\cofc_\AppData\Local\Temp\tmp8FC5.tmp\rjsec330.ZIP", message = "rjsec330")~~RJStevensMusicPresentationCreator.Program~0000001586
2024-12-15 09:56:04.4455~DEBUG~-> ExtractAllFromFile(zipFileName = "C:\Users\cofc_\AppData\Local\Temp\tmp8FC5.tmp\rjsec330.ZIP", decompressedFolder = "C:\Users\cofc_\AppData\Local\Temp\tmp91AA.tmp", message = "rjsec330")~~RJStevensMusicPresentationCreator.Program~0000001587
2024-12-15 09:56:04.6422~DEBUG~extract completed~~RJStevensMusicPresentationCreator.Program~0000001588
2024-12-15 09:56:04.6422~DEBUG~<- ExtractAllFromFile(zipFileName = "C:\Users\cofc_\AppData\Local\Temp\tmp8FC5.tmp\rjsec330.ZIP", decompressedFolder = "C:\Users\cofc_\AppData\Local\Temp\tmp91AA.tmp", message = "rjsec330")~~RJStevensMusicPresentationCreator.Program~0000001589
2024-12-15 09:56:04.6992~DEBUG~-> DownloadFile(url = "https://faas-nyc1-2ef2e6cc.doserverless.co/api/v1/web/fn-dd7f8f6a-d32a-4f5e-ae7b-870dfb7963f3/downloads/bundle?id=000000000000339", filename = "C:\Users\cofc_\AppData\Local\Temp\tmp92B5.tmp\rjsec332.ZIP", message = "rjsec332")~~RJStevensMusicPresentationCreator.Program~0000001590
2024-12-15 09:56:05.2402~DEBUG~download completed~~RJStevensMusicPresentationCreator.Program~0000001591
2024-12-15 09:56:05.2402~DEBUG~<- DownloadFile(url = "https://faas-nyc1-2ef2e6cc.doserverless.co/api/v1/web/fn-dd7f8f6a-d32a-4f5e-ae7b-870dfb7963f3/downloads/bundle?id=000000000000339", filename = "C:\Users\cofc_\AppData\Local\Temp\tmp92B5.tmp\rjsec332.ZIP", message = "rjsec332")~~RJStevensMusicPresentationCreator.Program~0000001592
2024-12-15 09:56:05.2572~DEBUG~-> ExtractAllFromFile(zipFileName = "C:\Users\cofc_\AppData\Local\Temp\tmp92B5.tmp\rjsec332.ZIP", decompressedFolder = "C:\Users\cofc_\AppData\Local\Temp\tmp94D8.tmp", message = "rjsec332")~~RJStevensMusicPresentationCreator.Program~0000001593
2024-12-15 09:56:05.4722~DEBUG~extract completed~~RJStevensMusicPresentationCreator.Program~0000001594
2024-12-15 09:56:05.4722~DEBUG~<- ExtractAllFromFile(zipFileName = "C:\Users\cofc_\AppData\Local\Temp\tmp92B5.tmp\rjsec332.ZIP", decompressedFolder = "C:\Users\cofc_\AppData\Local\Temp\tmp94D8.tmp", message = "rjsec332")~~RJStevensMusicPresentationCreator.Program~0000001595
2024-12-15 09:56:05.5252~DEBUG~-> DownloadFile(url = "https://faas-nyc1-2ef2e6cc.doserverless.co/api/v1/web/fn-dd7f8f6a-d32a-4f5e-ae7b-870dfb7963f3/downloads/bundle?id=000000000000340", filename = "C:\Users\cofc_\AppData\Local\Temp\tmp95E3.tmp\rjsec333.ZIP", message = "rjsec333")~~RJStevensMusicPresentationCreator.Program~0000001596
2024-12-15 09:56:05.9473~DEBUG~download completed~~RJStevensMusicPresentationCreator.Program~0000001597
2024-12-15 09:56:05.9473~DEBUG~<- DownloadFile(url = "https://faas-nyc1-2ef2e6cc.doserverless.co/api/v1/web/fn-dd7f8f6a-d32a-4f5e-ae7b-870dfb7963f3/downloads/bundle?id=000000000000340", filename = "C:\Users\cofc_\AppData\Local\Temp\tmp95E3.tmp\rjsec333.ZIP", message = "rjsec333")~~RJStevensMusicPresentationCreator.Program~0000001598
2024-12-15 09:56:05.9713~DEBUG~-> ExtractAllFromFile(zipFileName = "C:\Users\cofc_\AppData\Local\Temp\tmp95E3.tmp\rjsec333.ZIP", decompressedFolder = "C:\Users\cofc_\AppData\Local\Temp\tmp97A9.tmp", message = "rjsec333")~~RJStevensMusicPresentationCreator.Program~0000001599
2024-12-15 09:56:06.2053~DEBUG~extract completed~~RJStevensMusicPresentationCreator.Program~0000001600
2024-12-15 09:56:06.2053~DEBUG~<- ExtractAllFromFile(zipFileName = "C:\Users\cofc_\AppData\Local\Temp\tmp95E3.tmp\rjsec333.ZIP", decompressedFolder = "C:\Users\cofc_\AppData\Local\Temp\tmp97A9.tmp", message = "rjsec333")~~RJStevensMusicPresentationCreator.Program~0000001601
2024-12-15 09:56:06.2653~DEBUG~-> DownloadFile(url = "https://faas-nyc1-2ef2e6cc.doserverless.co/api/v1/web/fn-dd7f8f6a-d32a-4f5e-ae7b-870dfb7963f3/downloads/bundle?id=000000000000341", filename = "C:\Users\cofc_\AppData\Local\Temp\tmp98D3.tmp\rjsec334.ZIP", message = "rjsec334")~~RJStevensMusicPresentationCreator.Program~0000001602
2024-12-15 09:56:06.6913~DEBUG~download completed~~RJStevensMusicPresentationCreator.Program~0000001603
2024-12-15 09:56:06.6913~DEBUG~<- DownloadFile(url = "https://faas-nyc1-2ef2e6cc.doserverless.co/api/v1/web/fn-dd7f8f6a-d32a-4f5e-ae7b-870dfb7963f3/downloads/bundle?id=000000000000341", filename = "C:\Users\cofc_\AppData\Local\Temp\tmp98D3.tmp\rjsec334.ZIP", message = "rjsec334")~~RJStevensMusicPresentationCreator.Program~0000001604
2024-12-15 09:56:06.7073~DEBUG~-> ExtractAllFromFile(zipFileName = "C:\Users\cofc_\AppData\Local\Temp\tmp98D3.tmp\rjsec334.ZIP", decompressedFolder = "C:\Users\cofc_\AppData\Local\Temp\tmp9A8A.tmp", message = "rjsec334")~~RJStevensMusicPresentationCreator.Program~0000001605
2024-12-15 09:56:06.9386~DEBUG~extract completed~~RJStevensMusicPresentationCreator.Program~0000001606
2024-12-15 09:56:06.9386~DEBUG~<- ExtractAllFromFile(zipFileName = "C:\Users\cofc_\AppData\Local\Temp\tmp98D3.tmp\rjsec334.ZIP", decompressedFolder = "C:\Users\cofc_\AppData\Local\Temp\tmp9A8A.tmp", message = "rjsec334")~~RJStevensMusicPresentationCreator.Program~0000001607
2024-12-15 09:56:07.0066~DEBUG~-> DownloadFile(url = "https://faas-nyc1-2ef2e6cc.doserverless.co/api/v1/web/fn-dd7f8f6a-d32a-4f5e-ae7b-870dfb7963f3/downloads/bundle?id=000000000000342", filename = "C:\Users\cofc_\AppData\Local\Temp\tmp9BB3.tmp\rjsec335.ZIP", message = "rjsec335")~~RJStevensMusicPresentationCreator.Program~0000001608
2024-12-15 09:56:07.4446~DEBUG~download completed~~RJStevensMusicPresentationCreator.Program~0000001609
2024-12-15 09:56:07.4446~DEBUG~<- DownloadFile(url = "https://faas-nyc1-2ef2e6cc.doserverless.co/api/v1/web/fn-dd7f8f6a-d32a-4f5e-ae7b-870dfb7963f3/downloads/bundle?id=000000000000342", filename = "C:\Users\cofc_\AppData\Local\Temp\tmp9BB3.tmp\rjsec335.ZIP", message = "rjsec335")~~RJStevensMusicPresentationCreator.Program~0000001610
2024-12-15 09:56:07.4660~DEBUG~-> ExtractAllFromFile(zipFileName = "C:\Users\cofc_\AppData\Local\Temp\tmp9BB3.tmp\rjsec335.ZIP", decompressedFolder = "C:\Users\cofc_\AppData\Local\Temp\tmp9D89.tmp", message = "rjsec335")~~RJStevensMusicPresentationCreator.Program~0000001611
2024-12-15 09:56:07.6550~DEBUG~extract completed~~RJStevensMusicPresentationCreator.Program~0000001612
2024-12-15 09:56:07.6550~DEBUG~<- ExtractAllFromFile(zipFileName = "C:\Users\cofc_\AppData\Local\Temp\tmp9BB3.tmp\rjsec335.ZIP", decompressedFolder = "C:\Users\cofc_\AppData\Local\Temp\tmp9D89.tmp", message = "rjsec335")~~RJStevensMusicPresentationCreator.Program~0000001613
2024-12-15 09:56:07.7080~DEBUG~-> DownloadFile(url = "https://faas-nyc1-2ef2e6cc.doserverless.co/api/v1/web/fn-dd7f8f6a-d32a-4f5e-ae7b-870dfb7963f3/downloads/bundle?id=000000000000343", filename = "C:\Users\cofc_\AppData\Local\Temp\tmp9E75.tmp\rjsec336.ZIP", message = "rjsec336")~~RJStevensMusicPresentationCreator.Program~0000001614
2024-12-15 09:56:08.1450~DEBUG~download completed~~RJStevensMusicPresentationCreator.Program~0000001615
2024-12-15 09:56:08.1450~DEBUG~<- DownloadFile(url = "https://faas-nyc1-2ef2e6cc.doserverless.co/api/v1/web/fn-dd7f8f6a-d32a-4f5e-ae7b-870dfb7963f3/downloads/bundle?id=000000000000343", filename = "C:\Users\cofc_\AppData\Local\Temp\tmp9E75.tmp\rjsec336.ZIP", message = "rjsec336")~~RJStevensMusicPresentationCreator.Program~0000001616
2024-12-15 09:56:08.1550~DEBUG~-> ExtractAllFromFile(zipFileName = "C:\Users\cofc_\AppData\Local\Temp\tmp9E75.tmp\rjsec336.ZIP", decompressedFolder = "C:\Users\cofc_\AppData\Local\Temp\tmpA03B.tmp", message = "rjsec336")~~RJStevensMusicPresentationCreator.Program~0000001617
2024-12-15 09:56:08.3580~DEBUG~extract completed~~RJStevensMusicPresentationCreator.Program~0000001618
2024-12-15 09:56:08.3580~DEBUG~<- ExtractAllFromFile(zipFileName = "C:\Users\cofc_\AppData\Local\Temp\tmp9E75.tmp\rjsec336.ZIP", decompressedFolder = "C:\Users\cofc_\AppData\Local\Temp\tmpA03B.tmp", message = "rjsec336")~~RJStevensMusicPresentationCreator.Program~0000001619
2024-12-15 09:56:08.4170~DEBUG~-> DownloadFile(url = "https://faas-nyc1-2ef2e6cc.doserverless.co/api/v1/web/fn-dd7f8f6a-d32a-4f5e-ae7b-870dfb7963f3/downloads/bundle?id=000000000000344", filename = "C:\Users\cofc_\AppData\Local\Temp\tmpA145.tmp\rjsec337.ZIP", message = "rjsec337")~~RJStevensMusicPresentationCreator.Program~0000001620
2024-12-15 09:56:08.8601~DEBUG~download completed~~RJStevensMusicPresentationCreator.Program~0000001621
2024-12-15 09:56:08.8601~DEBUG~<- DownloadFile(url = "https://faas-nyc1-2ef2e6cc.doserverless.co/api/v1/web/fn-dd7f8f6a-d32a-4f5e-ae7b-870dfb7963f3/downloads/bundle?id=000000000000344", filename = "C:\Users\cofc_\AppData\Local\Temp\tmpA145.tmp\rjsec337.ZIP", message = "rjsec337")~~RJStevensMusicPresentationCreator.Program~0000001622
2024-12-15 09:56:08.8761~DEBUG~-> ExtractAllFromFile(zipFileName = "C:\Users\cofc_\AppData\Local\Temp\tmpA145.tmp\rjsec337.ZIP", decompressedFolder = "C:\Users\cofc_\AppData\Local\Temp\tmpA30B.tmp", message = "rjsec337")~~RJStevensMusicPresentationCreator.Program~0000001623
2024-12-15 09:56:09.1037~DEBUG~extract completed~~RJStevensMusicPresentationCreator.Program~0000001624
2024-12-15 09:56:09.1037~DEBUG~<- ExtractAllFromFile(zipFileName = "C:\Users\cofc_\AppData\Local\Temp\tmpA145.tmp\rjsec337.ZIP", decompressedFolder = "C:\Users\cofc_\AppData\Local\Temp\tmpA30B.tmp", message = "rjsec337")~~RJStevensMusicPresentationCreator.Program~0000001625
2024-12-15 09:56:09.1687~DEBUG~-> DownloadFile(url = "https://faas-nyc1-2ef2e6cc.doserverless.co/api/v1/web/fn-dd7f8f6a-d32a-4f5e-ae7b-870dfb7963f3/downloads/bundle?id=000000000000345", filename = "C:\Users\cofc_\AppData\Local\Temp\tmpA435.tmp\rjsec338.ZIP", message = "rjsec338")~~RJStevensMusicPresentationCreator.Program~0000001626
2024-12-15 09:56:09.6174~DEBUG~download completed~~RJStevensMusicPresentationCreator.Program~0000001627
2024-12-15 09:56:09.6174~DEBUG~<- DownloadFile(url = "https://faas-nyc1-2ef2e6cc.doserverless.co/api/v1/web/fn-dd7f8f6a-d32a-4f5e-ae7b-870dfb7963f3/downloads/bundle?id=000000000000345", filename = "C:\Users\cofc_\AppData\Local\Temp\tmpA435.tmp\rjsec338.ZIP", message = "rjsec338")~~RJStevensMusicPresentationCreator.Program~0000001628
2024-12-15 09:56:09.6354~DEBUG~-> ExtractAllFromFile(zipFileName = "C:\Users\cofc_\AppData\Local\Temp\tmpA435.tmp\rjsec338.ZIP", decompressedFolder = "C:\Users\cofc_\AppData\Local\Temp\tmpA5FB.tmp", message = "rjsec338")~~RJStevensMusicPresentationCreator.Program~0000001629
2024-12-15 09:56:09.8405~DEBUG~extract completed~~RJStevensMusicPresentationCreator.Program~0000001630
2024-12-15 09:56:09.8405~DEBUG~<- ExtractAllFromFile(zipFileName = "C:\Users\cofc_\AppData\Local\Temp\tmpA435.tmp\rjsec338.ZIP", decompressedFolder = "C:\Users\cofc_\AppData\Local\Temp\tmpA5FB.tmp", message = "rjsec338")~~RJStevensMusicPresentationCreator.Program~0000001631
2024-12-15 09:56:09.9005~DEBUG~-> DownloadFile(url = "https://faas-nyc1-2ef2e6cc.doserverless.co/api/v1/web/fn-dd7f8f6a-d32a-4f5e-ae7b-870dfb7963f3/downloads/bundle?id=000000000000346", filename = "C:\Users\cofc_\AppData\Local\Temp\tmpA706.tmp\rjsec339.ZIP", message = "rjsec339")~~RJStevensMusicPresentationCreator.Program~0000001632
2024-12-15 09:56:10.3341~DEBUG~download completed~~RJStevensMusicPresentationCreator.Program~0000001633
2024-12-15 09:56:10.3341~DEBUG~<- DownloadFile(url = "https://faas-nyc1-2ef2e6cc.doserverless.co/api/v1/web/fn-dd7f8f6a-d32a-4f5e-ae7b-870dfb7963f3/downloads/bundle?id=000000000000346", filename = "C:\Users\cofc_\AppData\Local\Temp\tmpA706.tmp\rjsec339.ZIP", message = "rjsec339")~~RJStevensMusicPresentationCreator.Program~0000001634
2024-12-15 09:56:10.3481~DEBUG~-> ExtractAllFromFile(zipFileName = "C:\Users\cofc_\AppData\Local\Temp\tmpA706.tmp\rjsec339.ZIP", decompressedFolder = "C:\Users\cofc_\AppData\Local\Temp\tmpA8CC.tmp", message = "rjsec339")~~RJStevensMusicPresentationCreator.Program~0000001635
2024-12-15 09:56:10.5582~DEBUG~extract completed~~RJStevensMusicPresentationCreator.Program~0000001636
2024-12-15 09:56:10.5582~DEBUG~<- ExtractAllFromFile(zipFileName = "C:\Users\cofc_\AppData\Local\Temp\tmpA706.tmp\rjsec339.ZIP", decompressedFolder = "C:\Users\cofc_\AppData\Local\Temp\tmpA8CC.tmp", message = "rjsec339")~~RJStevensMusicPresentationCreator.Program~0000001637
2024-12-15 09:56:10.6172~DEBUG~-> DownloadFile(url = "https://faas-nyc1-2ef2e6cc.doserverless.co/api/v1/web/fn-dd7f8f6a-d32a-4f5e-ae7b-870dfb7963f3/downloads/bundle?id=000000000000347", filename = "C:\Users\cofc_\AppData\Local\Temp\tmpA9D7.tmp\rjsec340.ZIP", message = "rjsec340")~~RJStevensMusicPresentationCreator.Program~0000001638
2024-12-15 09:56:11.0782~DEBUG~download completed~~RJStevensMusicPresentationCreator.Program~0000001639
2024-12-15 09:56:11.0782~DEBUG~<- DownloadFile(url = "https://faas-nyc1-2ef2e6cc.doserverless.co/api/v1/web/fn-dd7f8f6a-d32a-4f5e-ae7b-870dfb7963f3/downloads/bundle?id=000000000000347", filename = "C:\Users\cofc_\AppData\Local\Temp\tmpA9D7.tmp\rjsec340.ZIP", message = "rjsec340")~~RJStevensMusicPresentationCreator.Program~0000001640
2024-12-15 09:56:11.0922~DEBUG~-> ExtractAllFromFile(zipFileName = "C:\Users\cofc_\AppData\Local\Temp\tmpA9D7.tmp\rjsec340.ZIP", decompressedFolder = "C:\Users\cofc_\AppData\Local\Temp\tmpABBC.tmp", message = "rjsec340")~~RJStevensMusicPresentationCreator.Program~0000001641
2024-12-15 09:56:11.3052~DEBUG~extract completed~~RJStevensMusicPresentationCreator.Program~0000001642
2024-12-15 09:56:11.3072~DEBUG~<- ExtractAllFromFile(zipFileName = "C:\Users\cofc_\AppData\Local\Temp\tmpA9D7.tmp\rjsec340.ZIP", decompressedFolder = "C:\Users\cofc_\AppData\Local\Temp\tmpABBC.tmp", message = "rjsec340")~~RJStevensMusicPresentationCreator.Program~0000001643
2024-12-15 09:56:11.3652~DEBUG~-> DownloadFile(url = "https://faas-nyc1-2ef2e6cc.doserverless.co/api/v1/web/fn-dd7f8f6a-d32a-4f5e-ae7b-870dfb7963f3/downloads/bundle?id=000000000000348", filename = "C:\Users\cofc_\AppData\Local\Temp\tmpACC7.tmp\rjsec341.ZIP", message = "rjsec341")~~RJStevensMusicPresentationCreator.Program~0000001644
2024-12-15 09:56:11.8502~DEBUG~download completed~~RJStevensMusicPresentationCreator.Program~0000001645
2024-12-15 09:56:11.8502~DEBUG~<- DownloadFile(url = "https://faas-nyc1-2ef2e6cc.doserverless.co/api/v1/web/fn-dd7f8f6a-d32a-4f5e-ae7b-870dfb7963f3/downloads/bundle?id=000000000000348", filename = "C:\Users\cofc_\AppData\Local\Temp\tmpACC7.tmp\rjsec341.ZIP", message = "rjsec341")~~RJStevensMusicPresentationCreator.Program~0000001646
2024-12-15 09:56:11.8692~DEBUG~-> ExtractAllFromFile(zipFileName = "C:\Users\cofc_\AppData\Local\Temp\tmpACC7.tmp\rjsec341.ZIP", decompressedFolder = "C:\Users\cofc_\AppData\Local\Temp\tmpAEBC.tmp", message = "rjsec341")~~RJStevensMusicPresentationCreator.Program~0000001647
2024-12-15 09:56:12.0739~DEBUG~extract completed~~RJStevensMusicPresentationCreator.Program~0000001648
2024-12-15 09:56:12.0739~DEBUG~<- ExtractAllFromFile(zipFileName = "C:\Users\cofc_\AppData\Local\Temp\tmpACC7.tmp\rjsec341.ZIP", decompressedFolder = "C:\Users\cofc_\AppData\Local\Temp\tmpAEBC.tmp", message = "rjsec341")~~RJStevensMusicPresentationCreator.Program~0000001649
2024-12-15 09:56:12.1289~DEBUG~-> DownloadFile(url = "https://faas-nyc1-2ef2e6cc.doserverless.co/api/v1/web/fn-dd7f8f6a-d32a-4f5e-ae7b-870dfb7963f3/downloads/bundle?id=000000000000350", filename = "C:\Users\cofc_\AppData\Local\Temp\tmpAFC6.tmp\rjsec343.ZIP", message = "rjsec343")~~RJStevensMusicPresentationCreator.Program~0000001650
2024-12-15 09:56:12.5929~DEBUG~download completed~~RJStevensMusicPresentationCreator.Program~0000001651
2024-12-15 09:56:12.5929~DEBUG~<- DownloadFile(url = "https://faas-nyc1-2ef2e6cc.doserverless.co/api/v1/web/fn-dd7f8f6a-d32a-4f5e-ae7b-870dfb7963f3/downloads/bundle?id=000000000000350", filename = "C:\Users\cofc_\AppData\Local\Temp\tmpAFC6.tmp\rjsec343.ZIP", message = "rjsec343")~~RJStevensMusicPresentationCreator.Program~0000001652
2024-12-15 09:56:12.6059~DEBUG~-> ExtractAllFromFile(zipFileName = "C:\Users\cofc_\AppData\Local\Temp\tmpAFC6.tmp\rjsec343.ZIP", decompressedFolder = "C:\Users\cofc_\AppData\Local\Temp\tmpB1AC.tmp", message = "rjsec343")~~RJStevensMusicPresentationCreator.Program~0000001653
2024-12-15 09:56:12.8870~DEBUG~extract completed~~RJStevensMusicPresentationCreator.Program~0000001654
2024-12-15 09:56:12.8870~DEBUG~<- ExtractAllFromFile(zipFileName = "C:\Users\cofc_\AppData\Local\Temp\tmpAFC6.tmp\rjsec343.ZIP", decompressedFolder = "C:\Users\cofc_\AppData\Local\Temp\tmpB1AC.tmp", message = "rjsec343")~~RJStevensMusicPresentationCreator.Program~0000001655
2024-12-15 09:56:12.9570~DEBUG~-> DownloadFile(url = "https://faas-nyc1-2ef2e6cc.doserverless.co/api/v1/web/fn-dd7f8f6a-d32a-4f5e-ae7b-870dfb7963f3/downloads/bundle?id=000000000000351", filename = "C:\Users\cofc_\AppData\Local\Temp\tmpB305.tmp\rjsec344.ZIP", message = "rjsec344")~~RJStevensMusicPresentationCreator.Program~0000001656
2024-12-15 09:56:13.4080~DEBUG~download completed~~RJStevensMusicPresentationCreator.Program~0000001657
2024-12-15 09:56:13.4080~DEBUG~<- DownloadFile(url = "https://faas-nyc1-2ef2e6cc.doserverless.co/api/v1/web/fn-dd7f8f6a-d32a-4f5e-ae7b-870dfb7963f3/downloads/bundle?id=000000000000351", filename = "C:\Users\cofc_\AppData\Local\Temp\tmpB305.tmp\rjsec344.ZIP", message = "rjsec344")~~RJStevensMusicPresentationCreator.Program~0000001658
2024-12-15 09:56:13.4293~DEBUG~-> ExtractAllFromFile(zipFileName = "C:\Users\cofc_\AppData\Local\Temp\tmpB305.tmp\rjsec344.ZIP", decompressedFolder = "C:\Users\cofc_\AppData\Local\Temp\tmpB4DA.tmp", message = "rjsec344")~~RJStevensMusicPresentationCreator.Program~0000001659
2024-12-15 09:56:13.6353~DEBUG~extract completed~~RJStevensMusicPresentationCreator.Program~0000001660
2024-12-15 09:56:13.6353~DEBUG~<- ExtractAllFromFile(zipFileName = "C:\Users\cofc_\AppData\Local\Temp\tmpB305.tmp\rjsec344.ZIP", decompressedFolder = "C:\Users\cofc_\AppData\Local\Temp\tmpB4DA.tmp", message = "rjsec344")~~RJStevensMusicPresentationCreator.Program~0000001661
2024-12-15 09:56:13.6933~DEBUG~-> DownloadFile(url = "https://faas-nyc1-2ef2e6cc.doserverless.co/api/v1/web/fn-dd7f8f6a-d32a-4f5e-ae7b-870dfb7963f3/downloads/bundle?id=000000000000354", filename = "C:\Users\cofc_\AppData\Local\Temp\tmpB5E5.tmp\rjsec347.ZIP", message = "rjsec347")~~RJStevensMusicPresentationCreator.Program~0000001662
2024-12-15 09:56:14.1744~DEBUG~download completed~~RJStevensMusicPresentationCreator.Program~0000001663
2024-12-15 09:56:14.1744~DEBUG~<- DownloadFile(url = "https://faas-nyc1-2ef2e6cc.doserverless.co/api/v1/web/fn-dd7f8f6a-d32a-4f5e-ae7b-870dfb7963f3/downloads/bundle?id=000000000000354", filename = "C:\Users\cofc_\AppData\Local\Temp\tmpB5E5.tmp\rjsec347.ZIP", message = "rjsec347")~~RJStevensMusicPresentationCreator.Program~0000001664
2024-12-15 09:56:14.1914~DEBUG~-> ExtractAllFromFile(zipFileName = "C:\Users\cofc_\AppData\Local\Temp\tmpB5E5.tmp\rjsec347.ZIP", decompressedFolder = "C:\Users\cofc_\AppData\Local\Temp\tmpB7DA.tmp", message = "rjsec347")~~RJStevensMusicPresentationCreator.Program~0000001665
2024-12-15 09:56:14.4450~DEBUG~extract completed~~RJStevensMusicPresentationCreator.Program~0000001666
2024-12-15 09:56:14.4480~DEBUG~<- ExtractAllFromFile(zipFileName = "C:\Users\cofc_\AppData\Local\Temp\tmpB5E5.tmp\rjsec347.ZIP", decompressedFolder = "C:\Users\cofc_\AppData\Local\Temp\tmpB7DA.tmp", message = "rjsec347")~~RJStevensMusicPresentationCreator.Program~0000001667
2024-12-15 09:56:14.5110~DEBUG~-> DownloadFile(url = "https://faas-nyc1-2ef2e6cc.doserverless.co/api/v1/web/fn-dd7f8f6a-d32a-4f5e-ae7b-870dfb7963f3/downloads/bundle?id=000000000000355", filename = "C:\Users\cofc_\AppData\Local\Temp\tmpB923.tmp\rjsec348.ZIP", message = "rjsec348")~~RJStevensMusicPresentationCreator.Program~0000001668
2024-12-15 09:56:14.9776~DEBUG~download completed~~RJStevensMusicPresentationCreator.Program~0000001669
2024-12-15 09:56:14.9786~DEBUG~<- DownloadFile(url = "https://faas-nyc1-2ef2e6cc.doserverless.co/api/v1/web/fn-dd7f8f6a-d32a-4f5e-ae7b-870dfb7963f3/downloads/bundle?id=000000000000355", filename = "C:\Users\cofc_\AppData\Local\Temp\tmpB923.tmp\rjsec348.ZIP", message = "rjsec348")~~RJStevensMusicPresentationCreator.Program~0000001670
2024-12-15 09:56:14.9786~DEBUG~-> ExtractAllFromFile(zipFileName = "C:\Users\cofc_\AppData\Local\Temp\tmpB923.tmp\rjsec348.ZIP", decompressedFolder = "C:\Users\cofc_\AppData\Local\Temp\tmpBAF9.tmp", message = "rjsec348")~~RJStevensMusicPresentationCreator.Program~0000001671
2024-12-15 09:56:15.1747~DEBUG~extract completed~~RJStevensMusicPresentationCreator.Program~0000001672
2024-12-15 09:56:15.1747~DEBUG~<- ExtractAllFromFile(zipFileName = "C:\Users\cofc_\AppData\Local\Temp\tmpB923.tmp\rjsec348.ZIP", decompressedFolder = "C:\Users\cofc_\AppData\Local\Temp\tmpBAF9.tmp", message = "rjsec348")~~RJStevensMusicPresentationCreator.Program~0000001673
2024-12-15 09:56:15.2347~DEBUG~-> DownloadFile(url = "https://faas-nyc1-2ef2e6cc.doserverless.co/api/v1/web/fn-dd7f8f6a-d32a-4f5e-ae7b-870dfb7963f3/downloads/bundle?id=000000000000357", filename = "C:\Users\cofc_\AppData\Local\Temp\tmpBBF4.tmp\rjsec350.ZIP", message = "rjsec350")~~RJStevensMusicPresentationCreator.Program~0000001674
2024-12-15 09:56:15.6637~DEBUG~download completed~~RJStevensMusicPresentationCreator.Program~0000001675
2024-12-15 09:56:15.6637~DEBUG~<- DownloadFile(url = "https://faas-nyc1-2ef2e6cc.doserverless.co/api/v1/web/fn-dd7f8f6a-d32a-4f5e-ae7b-870dfb7963f3/downloads/bundle?id=000000000000357", filename = "C:\Users\cofc_\AppData\Local\Temp\tmpBBF4.tmp\rjsec350.ZIP", message = "rjsec350")~~RJStevensMusicPresentationCreator.Program~0000001676
2024-12-15 09:56:15.6807~DEBUG~-> ExtractAllFromFile(zipFileName = "C:\Users\cofc_\AppData\Local\Temp\tmpBBF4.tmp\rjsec350.ZIP", decompressedFolder = "C:\Users\cofc_\AppData\Local\Temp\tmpBDAA.tmp", message = "rjsec350")~~RJStevensMusicPresentationCreator.Program~0000001677
2024-12-15 09:56:15.8847~DEBUG~extract completed~~RJStevensMusicPresentationCreator.Program~0000001678
2024-12-15 09:56:15.8877~DEBUG~<- ExtractAllFromFile(zipFileName = "C:\Users\cofc_\AppData\Local\Temp\tmpBBF4.tmp\rjsec350.ZIP", decompressedFolder = "C:\Users\cofc_\AppData\Local\Temp\tmpBDAA.tmp", message = "rjsec350")~~RJStevensMusicPresentationCreator.Program~0000001679
2024-12-15 09:56:15.9457~DEBUG~-> DownloadFile(url = "https://faas-nyc1-2ef2e6cc.doserverless.co/api/v1/web/fn-dd7f8f6a-d32a-4f5e-ae7b-870dfb7963f3/downloads/bundle?id=000000000000358", filename = "C:\Users\cofc_\AppData\Local\Temp\tmpBEB5.tmp\rjsec351.ZIP", message = "rjsec351")~~RJStevensMusicPresentationCreator.Program~0000001680
2024-12-15 09:56:16.3783~DEBUG~download completed~~RJStevensMusicPresentationCreator.Program~0000001681
2024-12-15 09:56:16.3783~DEBUG~<- DownloadFile(url = "https://faas-nyc1-2ef2e6cc.doserverless.co/api/v1/web/fn-dd7f8f6a-d32a-4f5e-ae7b-870dfb7963f3/downloads/bundle?id=000000000000358", filename = "C:\Users\cofc_\AppData\Local\Temp\tmpBEB5.tmp\rjsec351.ZIP", message = "rjsec351")~~RJStevensMusicPresentationCreator.Program~0000001682
2024-12-15 09:56:16.3953~DEBUG~-> ExtractAllFromFile(zipFileName = "C:\Users\cofc_\AppData\Local\Temp\tmpBEB5.tmp\rjsec351.ZIP", decompressedFolder = "C:\Users\cofc_\AppData\Local\Temp\tmpC07B.tmp", message = "rjsec351")~~RJStevensMusicPresentationCreator.Program~0000001683
2024-12-15 09:56:16.6534~DEBUG~extract completed~~RJStevensMusicPresentationCreator.Program~0000001684
2024-12-15 09:56:16.6534~DEBUG~<- ExtractAllFromFile(zipFileName = "C:\Users\cofc_\AppData\Local\Temp\tmpBEB5.tmp\rjsec351.ZIP", decompressedFolder = "C:\Users\cofc_\AppData\Local\Temp\tmpC07B.tmp", message = "rjsec351")~~RJStevensMusicPresentationCreator.Program~0000001685
2024-12-15 09:56:16.7244~DEBUG~-> DownloadFile(url = "https://faas-nyc1-2ef2e6cc.doserverless.co/api/v1/web/fn-dd7f8f6a-d32a-4f5e-ae7b-870dfb7963f3/downloads/bundle?id=000000000000359", filename = "C:\Users\cofc_\AppData\Local\Temp\tmpC1C4.tmp\rjsec352.ZIP", message = "rjsec352")~~RJStevensMusicPresentationCreator.Program~0000001686
2024-12-15 09:56:17.2244~DEBUG~download completed~~RJStevensMusicPresentationCreator.Program~0000001687
2024-12-15 09:56:17.2244~DEBUG~<- DownloadFile(url = "https://faas-nyc1-2ef2e6cc.doserverless.co/api/v1/web/fn-dd7f8f6a-d32a-4f5e-ae7b-870dfb7963f3/downloads/bundle?id=000000000000359", filename = "C:\Users\cofc_\AppData\Local\Temp\tmpC1C4.tmp\rjsec352.ZIP", message = "rjsec352")~~RJStevensMusicPresentationCreator.Program~0000001688
2024-12-15 09:56:17.2454~DEBUG~-> ExtractAllFromFile(zipFileName = "C:\Users\cofc_\AppData\Local\Temp\tmpC1C4.tmp\rjsec352.ZIP", decompressedFolder = "C:\Users\cofc_\AppData\Local\Temp\tmpC3D8.tmp", message = "rjsec352")~~RJStevensMusicPresentationCreator.Program~0000001689
2024-12-15 09:56:17.4551~DEBUG~extract completed~~RJStevensMusicPresentationCreator.Program~0000001690
2024-12-15 09:56:17.4551~DEBUG~<- ExtractAllFromFile(zipFileName = "C:\Users\cofc_\AppData\Local\Temp\tmpC1C4.tmp\rjsec352.ZIP", decompressedFolder = "C:\Users\cofc_\AppData\Local\Temp\tmpC3D8.tmp", message = "rjsec352")~~RJStevensMusicPresentationCreator.Program~0000001691
2024-12-15 09:56:17.5211~DEBUG~-> DownloadFile(url = "https://faas-nyc1-2ef2e6cc.doserverless.co/api/v1/web/fn-dd7f8f6a-d32a-4f5e-ae7b-870dfb7963f3/downloads/bundle?id=000000000000361", filename = "C:\Users\cofc_\AppData\Local\Temp\tmpC4E3.tmp\rjsec354.ZIP", message = "rjsec354")~~RJStevensMusicPresentationCreator.Program~0000001692
2024-12-15 09:56:17.9392~DEBUG~download completed~~RJStevensMusicPresentationCreator.Program~0000001693
2024-12-15 09:56:17.9392~DEBUG~<- DownloadFile(url = "https://faas-nyc1-2ef2e6cc.doserverless.co/api/v1/web/fn-dd7f8f6a-d32a-4f5e-ae7b-870dfb7963f3/downloads/bundle?id=000000000000361", filename = "C:\Users\cofc_\AppData\Local\Temp\tmpC4E3.tmp\rjsec354.ZIP", message = "rjsec354")~~RJStevensMusicPresentationCreator.Program~0000001694
2024-12-15 09:56:17.9562~DEBUG~-> ExtractAllFromFile(zipFileName = "C:\Users\cofc_\AppData\Local\Temp\tmpC4E3.tmp\rjsec354.ZIP", decompressedFolder = "C:\Users\cofc_\AppData\Local\Temp\tmpC69A.tmp", message = "rjsec354")~~RJStevensMusicPresentationCreator.Program~0000001695
2024-12-15 09:56:18.1840~DEBUG~extract completed~~RJStevensMusicPresentationCreator.Program~0000001696
2024-12-15 09:56:18.1840~DEBUG~<- ExtractAllFromFile(zipFileName = "C:\Users\cofc_\AppData\Local\Temp\tmpC4E3.tmp\rjsec354.ZIP", decompressedFolder = "C:\Users\cofc_\AppData\Local\Temp\tmpC69A.tmp", message = "rjsec354")~~RJStevensMusicPresentationCreator.Program~0000001697
2024-12-15 09:56:18.2450~DEBUG~-> DownloadFile(url = "https://faas-nyc1-2ef2e6cc.doserverless.co/api/v1/web/fn-dd7f8f6a-d32a-4f5e-ae7b-870dfb7963f3/downloads/bundle?id=000000000000362", filename = "C:\Users\cofc_\AppData\Local\Temp\tmpC7B4.tmp\rjsec355.ZIP", message = "rjsec355")~~RJStevensMusicPresentationCreator.Program~0000001698
2024-12-15 09:56:18.6780~DEBUG~download completed~~RJStevensMusicPresentationCreator.Program~0000001699
2024-12-15 09:56:18.6780~DEBUG~<- DownloadFile(url = "https://faas-nyc1-2ef2e6cc.doserverless.co/api/v1/web/fn-dd7f8f6a-d32a-4f5e-ae7b-870dfb7963f3/downloads/bundle?id=000000000000362", filename = "C:\Users\cofc_\AppData\Local\Temp\tmpC7B4.tmp\rjsec355.ZIP", message = "rjsec355")~~RJStevensMusicPresentationCreator.Program~0000001700
2024-12-15 09:56:18.6960~DEBUG~-> ExtractAllFromFile(zipFileName = "C:\Users\cofc_\AppData\Local\Temp\tmpC7B4.tmp\rjsec355.ZIP", decompressedFolder = "C:\Users\cofc_\AppData\Local\Temp\tmpC97A.tmp", message = "rjsec355")~~RJStevensMusicPresentationCreator.Program~0000001701
2024-12-15 09:56:18.8779~DEBUG~extract completed~~RJStevensMusicPresentationCreator.Program~0000001702
2024-12-15 09:56:18.8779~DEBUG~<- ExtractAllFromFile(zipFileName = "C:\Users\cofc_\AppData\Local\Temp\tmpC7B4.tmp\rjsec355.ZIP", decompressedFolder = "C:\Users\cofc_\AppData\Local\Temp\tmpC97A.tmp", message = "rjsec355")~~RJStevensMusicPresentationCreator.Program~0000001703
2024-12-15 09:56:18.9370~DEBUG~-> DownloadFile(url = "https://faas-nyc1-2ef2e6cc.doserverless.co/api/v1/web/fn-dd7f8f6a-d32a-4f5e-ae7b-870dfb7963f3/downloads/bundle?id=000000000000363", filename = "C:\Users\cofc_\AppData\Local\Temp\tmpCA75.tmp\rjsec356.ZIP", message = "rjsec356")~~RJStevensMusicPresentationCreator.Program~0000001704
2024-12-15 09:56:19.3600~DEBUG~download completed~~RJStevensMusicPresentationCreator.Program~0000001705
2024-12-15 09:56:19.3600~DEBUG~<- DownloadFile(url = "https://faas-nyc1-2ef2e6cc.doserverless.co/api/v1/web/fn-dd7f8f6a-d32a-4f5e-ae7b-870dfb7963f3/downloads/bundle?id=000000000000363", filename = "C:\Users\cofc_\AppData\Local\Temp\tmpCA75.tmp\rjsec356.ZIP", message = "rjsec356")~~RJStevensMusicPresentationCreator.Program~0000001706
2024-12-15 09:56:19.3810~DEBUG~-> ExtractAllFromFile(zipFileName = "C:\Users\cofc_\AppData\Local\Temp\tmpCA75.tmp\rjsec356.ZIP", decompressedFolder = "C:\Users\cofc_\AppData\Local\Temp\tmpCC2B.tmp", message = "rjsec356")~~RJStevensMusicPresentationCreator.Program~0000001707
2024-12-15 09:56:19.6690~DEBUG~extract completed~~RJStevensMusicPresentationCreator.Program~0000001708
2024-12-15 09:56:19.6690~DEBUG~<- ExtractAllFromFile(zipFileName = "C:\Users\cofc_\AppData\Local\Temp\tmpCA75.tmp\rjsec356.ZIP", decompressedFolder = "C:\Users\cofc_\AppData\Local\Temp\tmpCC2B.tmp", message = "rjsec356")~~RJStevensMusicPresentationCreator.Program~0000001709
2024-12-15 09:56:19.7400~DEBUG~-> DownloadFile(url = "https://faas-nyc1-2ef2e6cc.doserverless.co/api/v1/web/fn-dd7f8f6a-d32a-4f5e-ae7b-870dfb7963f3/downloads/bundle?id=000000000000364", filename = "C:\Users\cofc_\AppData\Local\Temp\tmpCD94.tmp\rjsec357.ZIP", message = "rjsec357")~~RJStevensMusicPresentationCreator.Program~0000001710
2024-12-15 09:56:20.1561~DEBUG~download completed~~RJStevensMusicPresentationCreator.Program~0000001711
2024-12-15 09:56:20.1561~DEBUG~<- DownloadFile(url = "https://faas-nyc1-2ef2e6cc.doserverless.co/api/v1/web/fn-dd7f8f6a-d32a-4f5e-ae7b-870dfb7963f3/downloads/bundle?id=000000000000364", filename = "C:\Users\cofc_\AppData\Local\Temp\tmpCD94.tmp\rjsec357.ZIP", message = "rjsec357")~~RJStevensMusicPresentationCreator.Program~0000001712
2024-12-15 09:56:20.1741~DEBUG~-> ExtractAllFromFile(zipFileName = "C:\Users\cofc_\AppData\Local\Temp\tmpCD94.tmp\rjsec357.ZIP", decompressedFolder = "C:\Users\cofc_\AppData\Local\Temp\tmpCF4A.tmp", message = "rjsec357")~~RJStevensMusicPresentationCreator.Program~0000001713
2024-12-15 09:56:20.3901~DEBUG~extract completed~~RJStevensMusicPresentationCreator.Program~0000001714
2024-12-15 09:56:20.3901~DEBUG~<- ExtractAllFromFile(zipFileName = "C:\Users\cofc_\AppData\Local\Temp\tmpCD94.tmp\rjsec357.ZIP", decompressedFolder = "C:\Users\cofc_\AppData\Local\Temp\tmpCF4A.tmp", message = "rjsec357")~~RJStevensMusicPresentationCreator.Program~0000001715
2024-12-15 09:56:20.4501~DEBUG~-> DownloadFile(url = "https://faas-nyc1-2ef2e6cc.doserverless.co/api/v1/web/fn-dd7f8f6a-d32a-4f5e-ae7b-870dfb7963f3/downloads/bundle?id=000000000000365", filename = "C:\Users\cofc_\AppData\Local\Temp\tmpD065.tmp\rjsec358.ZIP", message = "rjsec358")~~RJStevensMusicPresentationCreator.Program~0000001716
2024-12-15 09:56:20.8491~DEBUG~download completed~~RJStevensMusicPresentationCreator.Program~0000001717
2024-12-15 09:56:20.8491~DEBUG~<- DownloadFile(url = "https://faas-nyc1-2ef2e6cc.doserverless.co/api/v1/web/fn-dd7f8f6a-d32a-4f5e-ae7b-870dfb7963f3/downloads/bundle?id=000000000000365", filename = "C:\Users\cofc_\AppData\Local\Temp\tmpD065.tmp\rjsec358.ZIP", message = "rjsec358")~~RJStevensMusicPresentationCreator.Program~0000001718
2024-12-15 09:56:20.8621~DEBUG~-> ExtractAllFromFile(zipFileName = "C:\Users\cofc_\AppData\Local\Temp\tmpD065.tmp\rjsec358.ZIP", decompressedFolder = "C:\Users\cofc_\AppData\Local\Temp\tmpD1FC.tmp", message = "rjsec358")~~RJStevensMusicPresentationCreator.Program~0000001719
2024-12-15 09:56:21.0235~DEBUG~extract completed~~RJStevensMusicPresentationCreator.Program~0000001720
2024-12-15 09:56:21.0265~DEBUG~<- ExtractAllFromFile(zipFileName = "C:\Users\cofc_\AppData\Local\Temp\tmpD065.tmp\rjsec358.ZIP", decompressedFolder = "C:\Users\cofc_\AppData\Local\Temp\tmpD1FC.tmp", message = "rjsec358")~~RJStevensMusicPresentationCreator.Program~0000001721
2024-12-15 09:56:21.0785~DEBUG~-> DownloadFile(url = "https://faas-nyc1-2ef2e6cc.doserverless.co/api/v1/web/fn-dd7f8f6a-d32a-4f5e-ae7b-870dfb7963f3/downloads/bundle?id=000000000000367", filename = "C:\Users\cofc_\AppData\Local\Temp\tmpD2D8.tmp\rjsec360.ZIP", message = "rjsec360")~~RJStevensMusicPresentationCreator.Program~0000001722
2024-12-15 09:56:21.5156~DEBUG~download completed~~RJStevensMusicPresentationCreator.Program~0000001723
2024-12-15 09:56:21.5156~DEBUG~<- DownloadFile(url = "https://faas-nyc1-2ef2e6cc.doserverless.co/api/v1/web/fn-dd7f8f6a-d32a-4f5e-ae7b-870dfb7963f3/downloads/bundle?id=000000000000367", filename = "C:\Users\cofc_\AppData\Local\Temp\tmpD2D8.tmp\rjsec360.ZIP", message = "rjsec360")~~RJStevensMusicPresentationCreator.Program~0000001724
2024-12-15 09:56:21.5326~DEBUG~-> ExtractAllFromFile(zipFileName = "C:\Users\cofc_\AppData\Local\Temp\tmpD2D8.tmp\rjsec360.ZIP", decompressedFolder = "C:\Users\cofc_\AppData\Local\Temp\tmpD49E.tmp", message = "rjsec360")~~RJStevensMusicPresentationCreator.Program~0000001725
2024-12-15 09:56:21.8758~DEBUG~extract completed~~RJStevensMusicPresentationCreator.Program~0000001726
2024-12-15 09:56:21.8758~DEBUG~<- ExtractAllFromFile(zipFileName = "C:\Users\cofc_\AppData\Local\Temp\tmpD2D8.tmp\rjsec360.ZIP", decompressedFolder = "C:\Users\cofc_\AppData\Local\Temp\tmpD49E.tmp", message = "rjsec360")~~RJStevensMusicPresentationCreator.Program~0000001727
2024-12-15 09:56:21.9538~DEBUG~-> DownloadFile(url = "https://faas-nyc1-2ef2e6cc.doserverless.co/api/v1/web/fn-dd7f8f6a-d32a-4f5e-ae7b-870dfb7963f3/downloads/bundle?id=000000000003362", filename = "C:\Users\cofc_\AppData\Local\Temp\tmpD645.tmp\rjsec360.16.ZIP", message = "rjsec360.16")~~RJStevensMusicPresentationCreator.Program~0000001728
2024-12-15 09:56:22.4038~DEBUG~download completed~~RJStevensMusicPresentationCreator.Program~0000001729
2024-12-15 09:56:22.4038~DEBUG~<- DownloadFile(url = "https://faas-nyc1-2ef2e6cc.doserverless.co/api/v1/web/fn-dd7f8f6a-d32a-4f5e-ae7b-870dfb7963f3/downloads/bundle?id=000000000003362", filename = "C:\Users\cofc_\AppData\Local\Temp\tmpD645.tmp\rjsec360.16.ZIP", message = "rjsec360.16")~~RJStevensMusicPresentationCreator.Program~0000001730
2024-12-15 09:56:22.4208~DEBUG~-> ExtractAllFromFile(zipFileName = "C:\Users\cofc_\AppData\Local\Temp\tmpD645.tmp\rjsec360.16.ZIP", decompressedFolder = "C:\Users\cofc_\AppData\Local\Temp\tmpD81A.tmp", message = "rjsec360.16")~~RJStevensMusicPresentationCreator.Program~0000001731
2024-12-15 09:56:22.7008~DEBUG~extract completed~~RJStevensMusicPresentationCreator.Program~0000001732
2024-12-15 09:56:22.7008~DEBUG~<- ExtractAllFromFile(zipFileName = "C:\Users\cofc_\AppData\Local\Temp\tmpD645.tmp\rjsec360.16.ZIP", decompressedFolder = "C:\Users\cofc_\AppData\Local\Temp\tmpD81A.tmp", message = "rjsec360.16")~~RJStevensMusicPresentationCreator.Program~0000001733
2024-12-15 09:56:22.7778~DEBUG~-> DownloadFile(url = "https://faas-nyc1-2ef2e6cc.doserverless.co/api/v1/web/fn-dd7f8f6a-d32a-4f5e-ae7b-870dfb7963f3/downloads/bundle?id=000000000000369", filename = "C:\Users\cofc_\AppData\Local\Temp\tmpD983.tmp\rjsec362.ZIP", message = "rjsec362")~~RJStevensMusicPresentationCreator.Program~0000001734
2024-12-15 09:56:23.2726~DEBUG~download completed~~RJStevensMusicPresentationCreator.Program~0000001735
2024-12-15 09:56:23.2726~DEBUG~<- DownloadFile(url = "https://faas-nyc1-2ef2e6cc.doserverless.co/api/v1/web/fn-dd7f8f6a-d32a-4f5e-ae7b-870dfb7963f3/downloads/bundle?id=000000000000369", filename = "C:\Users\cofc_\AppData\Local\Temp\tmpD983.tmp\rjsec362.ZIP", message = "rjsec362")~~RJStevensMusicPresentationCreator.Program~0000001736
2024-12-15 09:56:23.3056~DEBUG~-> ExtractAllFromFile(zipFileName = "C:\Users\cofc_\AppData\Local\Temp\tmpD983.tmp\rjsec362.ZIP", decompressedFolder = "C:\Users\cofc_\AppData\Local\Temp\tmpDB88.tmp", message = "rjsec362")~~RJStevensMusicPresentationCreator.Program~0000001737
2024-12-15 09:56:23.7156~DEBUG~extract completed~~RJStevensMusicPresentationCreator.Program~0000001738
2024-12-15 09:56:23.7156~DEBUG~<- ExtractAllFromFile(zipFileName = "C:\Users\cofc_\AppData\Local\Temp\tmpD983.tmp\rjsec362.ZIP", decompressedFolder = "C:\Users\cofc_\AppData\Local\Temp\tmpDB88.tmp", message = "rjsec362")~~RJStevensMusicPresentationCreator.Program~0000001739
2024-12-15 09:56:23.8006~DEBUG~-> DownloadFile(url = "https://faas-nyc1-2ef2e6cc.doserverless.co/api/v1/web/fn-dd7f8f6a-d32a-4f5e-ae7b-870dfb7963f3/downloads/bundle?id=000000000000370", filename = "C:\Users\cofc_\AppData\Local\Temp\tmpDD7C.tmp\rjsec363.ZIP", message = "rjsec363")~~RJStevensMusicPresentationCreator.Program~0000001740
2024-12-15 09:56:24.2766~DEBUG~download completed~~RJStevensMusicPresentationCreator.Program~0000001741
2024-12-15 09:56:24.2766~DEBUG~<- DownloadFile(url = "https://faas-nyc1-2ef2e6cc.doserverless.co/api/v1/web/fn-dd7f8f6a-d32a-4f5e-ae7b-870dfb7963f3/downloads/bundle?id=000000000000370", filename = "C:\Users\cofc_\AppData\Local\Temp\tmpDD7C.tmp\rjsec363.ZIP", message = "rjsec363")~~RJStevensMusicPresentationCreator.Program~0000001742
2024-12-15 09:56:24.2976~DEBUG~-> ExtractAllFromFile(zipFileName = "C:\Users\cofc_\AppData\Local\Temp\tmpDD7C.tmp\rjsec363.ZIP", decompressedFolder = "C:\Users\cofc_\AppData\Local\Temp\tmpDF71.tmp", message = "rjsec363")~~RJStevensMusicPresentationCreator.Program~0000001743
2024-12-15 09:56:24.5420~DEBUG~extract completed~~RJStevensMusicPresentationCreator.Program~0000001744
2024-12-15 09:56:24.5420~DEBUG~<- ExtractAllFromFile(zipFileName = "C:\Users\cofc_\AppData\Local\Temp\tmpDD7C.tmp\rjsec363.ZIP", decompressedFolder = "C:\Users\cofc_\AppData\Local\Temp\tmpDF71.tmp", message = "rjsec363")~~RJStevensMusicPresentationCreator.Program~0000001745
2024-12-15 09:56:24.6021~DEBUG~-> DownloadFile(url = "https://faas-nyc1-2ef2e6cc.doserverless.co/api/v1/web/fn-dd7f8f6a-d32a-4f5e-ae7b-870dfb7963f3/downloads/bundle?id=000000000000371", filename = "C:\Users\cofc_\AppData\Local\Temp\tmpE09B.tmp\rjsec364.ZIP", message = "rjsec364")~~RJStevensMusicPresentationCreator.Program~0000001746
2024-12-15 09:56:25.0561~DEBUG~download completed~~RJStevensMusicPresentationCreator.Program~0000001747
2024-12-15 09:56:25.0571~DEBUG~<- DownloadFile(url = "https://faas-nyc1-2ef2e6cc.doserverless.co/api/v1/web/fn-dd7f8f6a-d32a-4f5e-ae7b-870dfb7963f3/downloads/bundle?id=000000000000371", filename = "C:\Users\cofc_\AppData\Local\Temp\tmpE09B.tmp\rjsec364.ZIP", message = "rjsec364")~~RJStevensMusicPresentationCreator.Program~0000001748
2024-12-15 09:56:25.0571~DEBUG~-> ExtractAllFromFile(zipFileName = "C:\Users\cofc_\AppData\Local\Temp\tmpE09B.tmp\rjsec364.ZIP", decompressedFolder = "C:\Users\cofc_\AppData\Local\Temp\tmpE271.tmp", message = "rjsec364")~~RJStevensMusicPresentationCreator.Program~0000001749
2024-12-15 09:56:25.3121~DEBUG~extract completed~~RJStevensMusicPresentationCreator.Program~0000001750
2024-12-15 09:56:25.3121~DEBUG~<- ExtractAllFromFile(zipFileName = "C:\Users\cofc_\AppData\Local\Temp\tmpE09B.tmp\rjsec364.ZIP", decompressedFolder = "C:\Users\cofc_\AppData\Local\Temp\tmpE271.tmp", message = "rjsec364")~~RJStevensMusicPresentationCreator.Program~0000001751
2024-12-15 09:56:25.3961~DEBUG~-> DownloadFile(url = "https://faas-nyc1-2ef2e6cc.doserverless.co/api/v1/web/fn-dd7f8f6a-d32a-4f5e-ae7b-870dfb7963f3/downloads/bundle?id=000000000000372", filename = "C:\Users\cofc_\AppData\Local\Temp\tmpE3BA.tmp\rjsec365.ZIP", message = "rjsec365")~~RJStevensMusicPresentationCreator.Program~0000001752
2024-12-15 09:56:25.8742~DEBUG~download completed~~RJStevensMusicPresentationCreator.Program~0000001753
2024-12-15 09:56:25.8742~DEBUG~<- DownloadFile(url = "https://faas-nyc1-2ef2e6cc.doserverless.co/api/v1/web/fn-dd7f8f6a-d32a-4f5e-ae7b-870dfb7963f3/downloads/bundle?id=000000000000372", filename = "C:\Users\cofc_\AppData\Local\Temp\tmpE3BA.tmp\rjsec365.ZIP", message = "rjsec365")~~RJStevensMusicPresentationCreator.Program~0000001754
2024-12-15 09:56:25.8932~DEBUG~-> ExtractAllFromFile(zipFileName = "C:\Users\cofc_\AppData\Local\Temp\tmpE3BA.tmp\rjsec365.ZIP", decompressedFolder = "C:\Users\cofc_\AppData\Local\Temp\tmpE5AF.tmp", message = "rjsec365")~~RJStevensMusicPresentationCreator.Program~0000001755
2024-12-15 09:56:26.1722~DEBUG~extract completed~~RJStevensMusicPresentationCreator.Program~0000001756
2024-12-15 09:56:26.1722~DEBUG~<- ExtractAllFromFile(zipFileName = "C:\Users\cofc_\AppData\Local\Temp\tmpE3BA.tmp\rjsec365.ZIP", decompressedFolder = "C:\Users\cofc_\AppData\Local\Temp\tmpE5AF.tmp", message = "rjsec365")~~RJStevensMusicPresentationCreator.Program~0000001757
2024-12-15 09:56:26.2452~DEBUG~-> DownloadFile(url = "https://faas-nyc1-2ef2e6cc.doserverless.co/api/v1/web/fn-dd7f8f6a-d32a-4f5e-ae7b-870dfb7963f3/downloads/bundle?id=000000000000373", filename = "C:\Users\cofc_\AppData\Local\Temp\tmpE717.tmp\rjsec366.ZIP", message = "rjsec366")~~RJStevensMusicPresentationCreator.Program~0000001758
2024-12-15 09:56:26.6903~DEBUG~download completed~~RJStevensMusicPresentationCreator.Program~0000001759
2024-12-15 09:56:26.6903~DEBUG~<- DownloadFile(url = "https://faas-nyc1-2ef2e6cc.doserverless.co/api/v1/web/fn-dd7f8f6a-d32a-4f5e-ae7b-870dfb7963f3/downloads/bundle?id=000000000000373", filename = "C:\Users\cofc_\AppData\Local\Temp\tmpE717.tmp\rjsec366.ZIP", message = "rjsec366")~~RJStevensMusicPresentationCreator.Program~0000001760
2024-12-15 09:56:26.7103~DEBUG~-> ExtractAllFromFile(zipFileName = "C:\Users\cofc_\AppData\Local\Temp\tmpE717.tmp\rjsec366.ZIP", decompressedFolder = "C:\Users\cofc_\AppData\Local\Temp\tmpE8DE.tmp", message = "rjsec366")~~RJStevensMusicPresentationCreator.Program~0000001761
2024-12-15 09:56:26.9413~DEBUG~extract completed~~RJStevensMusicPresentationCreator.Program~0000001762
2024-12-15 09:56:26.9413~DEBUG~<- ExtractAllFromFile(zipFileName = "C:\Users\cofc_\AppData\Local\Temp\tmpE717.tmp\rjsec366.ZIP", decompressedFolder = "C:\Users\cofc_\AppData\Local\Temp\tmpE8DE.tmp", message = "rjsec366")~~RJStevensMusicPresentationCreator.Program~0000001763
2024-12-15 09:56:27.0123~DEBUG~-> DownloadFile(url = "https://faas-nyc1-2ef2e6cc.doserverless.co/api/v1/web/fn-dd7f8f6a-d32a-4f5e-ae7b-870dfb7963f3/downloads/bundle?id=000000000000374", filename = "C:\Users\cofc_\AppData\Local\Temp\tmpEA17.tmp\rjsec367.ZIP", message = "rjsec367")~~RJStevensMusicPresentationCreator.Program~0000001764
2024-12-15 09:56:27.4563~DEBUG~download completed~~RJStevensMusicPresentationCreator.Program~0000001765
2024-12-15 09:56:27.4563~DEBUG~<- DownloadFile(url = "https://faas-nyc1-2ef2e6cc.doserverless.co/api/v1/web/fn-dd7f8f6a-d32a-4f5e-ae7b-870dfb7963f3/downloads/bundle?id=000000000000374", filename = "C:\Users\cofc_\AppData\Local\Temp\tmpEA17.tmp\rjsec367.ZIP", message = "rjsec367")~~RJStevensMusicPresentationCreator.Program~0000001766
2024-12-15 09:56:27.4673~DEBUG~-> ExtractAllFromFile(zipFileName = "C:\Users\cofc_\AppData\Local\Temp\tmpEA17.tmp\rjsec367.ZIP", decompressedFolder = "C:\Users\cofc_\AppData\Local\Temp\tmpEBDD.tmp", message = "rjsec367")~~RJStevensMusicPresentationCreator.Program~0000001767
2024-12-15 09:56:27.6923~DEBUG~extract completed~~RJStevensMusicPresentationCreator.Program~0000001768
2024-12-15 09:56:27.6923~DEBUG~<- ExtractAllFromFile(zipFileName = "C:\Users\cofc_\AppData\Local\Temp\tmpEA17.tmp\rjsec367.ZIP", decompressedFolder = "C:\Users\cofc_\AppData\Local\Temp\tmpEBDD.tmp", message = "rjsec367")~~RJStevensMusicPresentationCreator.Program~0000001769
2024-12-15 09:56:27.7533~DEBUG~-> DownloadFile(url = "https://faas-nyc1-2ef2e6cc.doserverless.co/api/v1/web/fn-dd7f8f6a-d32a-4f5e-ae7b-870dfb7963f3/downloads/bundle?id=000000000000375", filename = "C:\Users\cofc_\AppData\Local\Temp\tmpECF7.tmp\rjsec368.ZIP", message = "rjsec368")~~RJStevensMusicPresentationCreator.Program~0000001770
2024-12-15 09:56:28.1720~DEBUG~download completed~~RJStevensMusicPresentationCreator.Program~0000001771
2024-12-15 09:56:28.1720~DEBUG~<- DownloadFile(url = "https://faas-nyc1-2ef2e6cc.doserverless.co/api/v1/web/fn-dd7f8f6a-d32a-4f5e-ae7b-870dfb7963f3/downloads/bundle?id=000000000000375", filename = "C:\Users\cofc_\AppData\Local\Temp\tmpECF7.tmp\rjsec368.ZIP", message = "rjsec368")~~RJStevensMusicPresentationCreator.Program~0000001772
2024-12-15 09:56:28.1860~DEBUG~-> ExtractAllFromFile(zipFileName = "C:\Users\cofc_\AppData\Local\Temp\tmpECF7.tmp\rjsec368.ZIP", decompressedFolder = "C:\Users\cofc_\AppData\Local\Temp\tmpEEAE.tmp", message = "rjsec368")~~RJStevensMusicPresentationCreator.Program~0000001773
2024-12-15 09:56:28.3971~DEBUG~extract completed~~RJStevensMusicPresentationCreator.Program~0000001774
2024-12-15 09:56:28.3971~DEBUG~<- ExtractAllFromFile(zipFileName = "C:\Users\cofc_\AppData\Local\Temp\tmpECF7.tmp\rjsec368.ZIP", decompressedFolder = "C:\Users\cofc_\AppData\Local\Temp\tmpEEAE.tmp", message = "rjsec368")~~RJStevensMusicPresentationCreator.Program~0000001775
2024-12-15 09:56:28.4761~DEBUG~-> DownloadFile(url = "https://faas-nyc1-2ef2e6cc.doserverless.co/api/v1/web/fn-dd7f8f6a-d32a-4f5e-ae7b-870dfb7963f3/downloads/bundle?id=000000000000378", filename = "C:\Users\cofc_\AppData\Local\Temp\tmpEFC8.tmp\rjsec371.ZIP", message = "rjsec371")~~RJStevensMusicPresentationCreator.Program~0000001776
2024-12-15 09:56:28.9071~DEBUG~download completed~~RJStevensMusicPresentationCreator.Program~0000001777
2024-12-15 09:56:28.9071~DEBUG~<- DownloadFile(url = "https://faas-nyc1-2ef2e6cc.doserverless.co/api/v1/web/fn-dd7f8f6a-d32a-4f5e-ae7b-870dfb7963f3/downloads/bundle?id=000000000000378", filename = "C:\Users\cofc_\AppData\Local\Temp\tmpEFC8.tmp\rjsec371.ZIP", message = "rjsec371")~~RJStevensMusicPresentationCreator.Program~0000001778
2024-12-15 09:56:28.9261~DEBUG~-> ExtractAllFromFile(zipFileName = "C:\Users\cofc_\AppData\Local\Temp\tmpEFC8.tmp\rjsec371.ZIP", decompressedFolder = "C:\Users\cofc_\AppData\Local\Temp\tmpF18E.tmp", message = "rjsec371")~~RJStevensMusicPresentationCreator.Program~0000001779
2024-12-15 09:56:29.3344~DEBUG~extract completed~~RJStevensMusicPresentationCreator.Program~0000001780
2024-12-15 09:56:29.3344~DEBUG~<- ExtractAllFromFile(zipFileName = "C:\Users\cofc_\AppData\Local\Temp\tmpEFC8.tmp\rjsec371.ZIP", decompressedFolder = "C:\Users\cofc_\AppData\Local\Temp\tmpF18E.tmp", message = "rjsec371")~~RJStevensMusicPresentationCreator.Program~0000001781
2024-12-15 09:56:29.4215~DEBUG~-> DownloadFile(url = "https://faas-nyc1-2ef2e6cc.doserverless.co/api/v1/web/fn-dd7f8f6a-d32a-4f5e-ae7b-870dfb7963f3/downloads/bundle?id=000000000000380", filename = "C:\Users\cofc_\AppData\Local\Temp\tmpF383.tmp\rjsec373.ZIP", message = "rjsec373")~~RJStevensMusicPresentationCreator.Program~0000001782
2024-12-15 09:56:29.8775~DEBUG~download completed~~RJStevensMusicPresentationCreator.Program~0000001783
2024-12-15 09:56:29.8775~DEBUG~<- DownloadFile(url = "https://faas-nyc1-2ef2e6cc.doserverless.co/api/v1/web/fn-dd7f8f6a-d32a-4f5e-ae7b-870dfb7963f3/downloads/bundle?id=000000000000380", filename = "C:\Users\cofc_\AppData\Local\Temp\tmpF383.tmp\rjsec373.ZIP", message = "rjsec373")~~RJStevensMusicPresentationCreator.Program~0000001784
2024-12-15 09:56:29.8935~DEBUG~-> ExtractAllFromFile(zipFileName = "C:\Users\cofc_\AppData\Local\Temp\tmpF383.tmp\rjsec373.ZIP", decompressedFolder = "C:\Users\cofc_\AppData\Local\Temp\tmpF559.tmp", message = "rjsec373")~~RJStevensMusicPresentationCreator.Program~0000001785
2024-12-15 09:56:30.1621~DEBUG~extract completed~~RJStevensMusicPresentationCreator.Program~0000001786
2024-12-15 09:56:30.1681~DEBUG~<- ExtractAllFromFile(zipFileName = "C:\Users\cofc_\AppData\Local\Temp\tmpF383.tmp\rjsec373.ZIP", decompressedFolder = "C:\Users\cofc_\AppData\Local\Temp\tmpF559.tmp", message = "rjsec373")~~RJStevensMusicPresentationCreator.Program~0000001787
2024-12-15 09:56:30.2391~DEBUG~-> DownloadFile(url = "https://faas-nyc1-2ef2e6cc.doserverless.co/api/v1/web/fn-dd7f8f6a-d32a-4f5e-ae7b-870dfb7963f3/downloads/bundle?id=000000000000381", filename = "C:\Users\cofc_\AppData\Local\Temp\tmpF6B2.tmp\rjsec374.ZIP", message = "rjsec374")~~RJStevensMusicPresentationCreator.Program~0000001788
2024-12-15 09:56:30.6871~DEBUG~download completed~~RJStevensMusicPresentationCreator.Program~0000001789
2024-12-15 09:56:30.6871~DEBUG~<- DownloadFile(url = "https://faas-nyc1-2ef2e6cc.doserverless.co/api/v1/web/fn-dd7f8f6a-d32a-4f5e-ae7b-870dfb7963f3/downloads/bundle?id=000000000000381", filename = "C:\Users\cofc_\AppData\Local\Temp\tmpF6B2.tmp\rjsec374.ZIP", message = "rjsec374")~~RJStevensMusicPresentationCreator.Program~0000001790
2024-12-15 09:56:30.7041~DEBUG~-> ExtractAllFromFile(zipFileName = "C:\Users\cofc_\AppData\Local\Temp\tmpF6B2.tmp\rjsec374.ZIP", decompressedFolder = "C:\Users\cofc_\AppData\Local\Temp\tmpF888.tmp", message = "rjsec374")~~RJStevensMusicPresentationCreator.Program~0000001791
2024-12-15 09:56:31.0601~DEBUG~extract completed~~RJStevensMusicPresentationCreator.Program~0000001792
2024-12-15 09:56:31.0601~DEBUG~<- ExtractAllFromFile(zipFileName = "C:\Users\cofc_\AppData\Local\Temp\tmpF6B2.tmp\rjsec374.ZIP", decompressedFolder = "C:\Users\cofc_\AppData\Local\Temp\tmpF888.tmp", message = "rjsec374")~~RJStevensMusicPresentationCreator.Program~0000001793
2024-12-15 09:56:31.1371~DEBUG~-> DownloadFile(url = "https://faas-nyc1-2ef2e6cc.doserverless.co/api/v1/web/fn-dd7f8f6a-d32a-4f5e-ae7b-870dfb7963f3/downloads/bundle?id=000000000000382", filename = "C:\Users\cofc_\AppData\Local\Temp\tmpFA3E.tmp\rjsec375.ZIP", message = "rjsec375")~~RJStevensMusicPresentationCreator.Program~0000001794
2024-12-15 09:56:31.6442~DEBUG~download completed~~RJStevensMusicPresentationCreator.Program~0000001795
2024-12-15 09:56:31.6442~DEBUG~<- DownloadFile(url = "https://faas-nyc1-2ef2e6cc.doserverless.co/api/v1/web/fn-dd7f8f6a-d32a-4f5e-ae7b-870dfb7963f3/downloads/bundle?id=000000000000382", filename = "C:\Users\cofc_\AppData\Local\Temp\tmpFA3E.tmp\rjsec375.ZIP", message = "rjsec375")~~RJStevensMusicPresentationCreator.Program~0000001796
2024-12-15 09:56:31.6612~DEBUG~-> ExtractAllFromFile(zipFileName = "C:\Users\cofc_\AppData\Local\Temp\tmpFA3E.tmp\rjsec375.ZIP", decompressedFolder = "C:\Users\cofc_\AppData\Local\Temp\tmpFC43.tmp", message = "rjsec375")~~RJStevensMusicPresentationCreator.Program~0000001797
2024-12-15 09:56:31.9732~DEBUG~extract completed~~RJStevensMusicPresentationCreator.Program~0000001798
2024-12-15 09:56:31.9732~DEBUG~<- ExtractAllFromFile(zipFileName = "C:\Users\cofc_\AppData\Local\Temp\tmpFA3E.tmp\rjsec375.ZIP", decompressedFolder = "C:\Users\cofc_\AppData\Local\Temp\tmpFC43.tmp", message = "rjsec375")~~RJStevensMusicPresentationCreator.Program~0000001799
2024-12-15 09:56:32.0612~DEBUG~-> DownloadFile(url = "https://faas-nyc1-2ef2e6cc.doserverless.co/api/v1/web/fn-dd7f8f6a-d32a-4f5e-ae7b-870dfb7963f3/downloads/bundle?id=000000000000383", filename = "C:\Users\cofc_\AppData\Local\Temp\tmpFDDA.tmp\rjsec376.ZIP", message = "rjsec376")~~RJStevensMusicPresentationCreator.Program~0000001800
2024-12-15 09:56:32.5453~DEBUG~download completed~~RJStevensMusicPresentationCreator.Program~0000001801
2024-12-15 09:56:32.5453~DEBUG~<- DownloadFile(url = "https://faas-nyc1-2ef2e6cc.doserverless.co/api/v1/web/fn-dd7f8f6a-d32a-4f5e-ae7b-870dfb7963f3/downloads/bundle?id=000000000000383", filename = "C:\Users\cofc_\AppData\Local\Temp\tmpFDDA.tmp\rjsec376.ZIP", message = "rjsec376")~~RJStevensMusicPresentationCreator.Program~0000001802
2024-12-15 09:56:32.5693~DEBUG~-> ExtractAllFromFile(zipFileName = "C:\Users\cofc_\AppData\Local\Temp\tmpFDDA.tmp\rjsec376.ZIP", decompressedFolder = "C:\Users\cofc_\AppData\Local\Temp\tmpFFCF.tmp", message = "rjsec376")~~RJStevensMusicPresentationCreator.Program~0000001803
2024-12-15 09:56:32.8402~DEBUG~extract completed~~RJStevensMusicPresentationCreator.Program~0000001804
2024-12-15 09:56:32.8402~DEBUG~<- ExtractAllFromFile(zipFileName = "C:\Users\cofc_\AppData\Local\Temp\tmpFDDA.tmp\rjsec376.ZIP", decompressedFolder = "C:\Users\cofc_\AppData\Local\Temp\tmpFFCF.tmp", message = "rjsec376")~~RJStevensMusicPresentationCreator.Program~0000001805
2024-12-15 09:56:32.9232~DEBUG~-> DownloadFile(url = "https://faas-nyc1-2ef2e6cc.doserverless.co/api/v1/web/fn-dd7f8f6a-d32a-4f5e-ae7b-870dfb7963f3/downloads/bundle?id=000000000000385", filename = "C:\Users\cofc_\AppData\Local\Temp\tmp137.tmp\rjsec378.ZIP", message = "rjsec378")~~RJStevensMusicPresentationCreator.Program~0000001806
2024-12-15 09:56:33.3465~DEBUG~download completed~~RJStevensMusicPresentationCreator.Program~0000001807
2024-12-15 09:56:33.3465~DEBUG~<- DownloadFile(url = "https://faas-nyc1-2ef2e6cc.doserverless.co/api/v1/web/fn-dd7f8f6a-d32a-4f5e-ae7b-870dfb7963f3/downloads/bundle?id=000000000000385", filename = "C:\Users\cofc_\AppData\Local\Temp\tmp137.tmp\rjsec378.ZIP", message = "rjsec378")~~RJStevensMusicPresentationCreator.Program~0000001808
2024-12-15 09:56:33.3625~DEBUG~-> ExtractAllFromFile(zipFileName = "C:\Users\cofc_\AppData\Local\Temp\tmp137.tmp\rjsec378.ZIP", decompressedFolder = "C:\Users\cofc_\AppData\Local\Temp\tmp2EE.tmp", message = "rjsec378")~~RJStevensMusicPresentationCreator.Program~0000001809
2024-12-15 09:56:33.5925~DEBUG~extract completed~~RJStevensMusicPresentationCreator.Program~0000001810
2024-12-15 09:56:33.5925~DEBUG~<- ExtractAllFromFile(zipFileName = "C:\Users\cofc_\AppData\Local\Temp\tmp137.tmp\rjsec378.ZIP", decompressedFolder = "C:\Users\cofc_\AppData\Local\Temp\tmp2EE.tmp", message = "rjsec378")~~RJStevensMusicPresentationCreator.Program~0000001811
2024-12-15 09:56:33.6565~DEBUG~-> DownloadFile(url = "https://faas-nyc1-2ef2e6cc.doserverless.co/api/v1/web/fn-dd7f8f6a-d32a-4f5e-ae7b-870dfb7963f3/downloads/bundle?id=000000000000386", filename = "C:\Users\cofc_\AppData\Local\Temp\tmp418.tmp\rjsec379.ZIP", message = "rjsec379")~~RJStevensMusicPresentationCreator.Program~0000001812
2024-12-15 09:56:34.0831~DEBUG~download completed~~RJStevensMusicPresentationCreator.Program~0000001813
2024-12-15 09:56:34.0831~DEBUG~<- DownloadFile(url = "https://faas-nyc1-2ef2e6cc.doserverless.co/api/v1/web/fn-dd7f8f6a-d32a-4f5e-ae7b-870dfb7963f3/downloads/bundle?id=000000000000386", filename = "C:\Users\cofc_\AppData\Local\Temp\tmp418.tmp\rjsec379.ZIP", message = "rjsec379")~~RJStevensMusicPresentationCreator.Program~0000001814
2024-12-15 09:56:34.0991~DEBUG~-> ExtractAllFromFile(zipFileName = "C:\Users\cofc_\AppData\Local\Temp\tmp418.tmp\rjsec379.ZIP", decompressedFolder = "C:\Users\cofc_\AppData\Local\Temp\tmp5CE.tmp", message = "rjsec379")~~RJStevensMusicPresentationCreator.Program~0000001815
2024-12-15 09:56:34.3952~DEBUG~extract completed~~RJStevensMusicPresentationCreator.Program~0000001816
2024-12-15 09:56:34.3952~DEBUG~<- ExtractAllFromFile(zipFileName = "C:\Users\cofc_\AppData\Local\Temp\tmp418.tmp\rjsec379.ZIP", decompressedFolder = "C:\Users\cofc_\AppData\Local\Temp\tmp5CE.tmp", message = "rjsec379")~~RJStevensMusicPresentationCreator.Program~0000001817
2024-12-15 09:56:34.4882~DEBUG~-> DownloadFile(url = "https://faas-nyc1-2ef2e6cc.doserverless.co/api/v1/web/fn-dd7f8f6a-d32a-4f5e-ae7b-870dfb7963f3/downloads/bundle?id=000000000000388", filename = "C:\Users\cofc_\AppData\Local\Temp\tmp756.tmp\rjsec381.ZIP", message = "rjsec381")~~RJStevensMusicPresentationCreator.Program~0000001818
2024-12-15 09:56:34.9432~DEBUG~download completed~~RJStevensMusicPresentationCreator.Program~0000001819
2024-12-15 09:56:34.9432~DEBUG~<- DownloadFile(url = "https://faas-nyc1-2ef2e6cc.doserverless.co/api/v1/web/fn-dd7f8f6a-d32a-4f5e-ae7b-870dfb7963f3/downloads/bundle?id=000000000000388", filename = "C:\Users\cofc_\AppData\Local\Temp\tmp756.tmp\rjsec381.ZIP", message = "rjsec381")~~RJStevensMusicPresentationCreator.Program~0000001820
2024-12-15 09:56:34.9612~DEBUG~-> ExtractAllFromFile(zipFileName = "C:\Users\cofc_\AppData\Local\Temp\tmp756.tmp\rjsec381.ZIP", decompressedFolder = "C:\Users\cofc_\AppData\Local\Temp\tmp92C.tmp", message = "rjsec381")~~RJStevensMusicPresentationCreator.Program~0000001821
2024-12-15 09:56:35.1972~DEBUG~extract completed~~RJStevensMusicPresentationCreator.Program~0000001822
2024-12-15 09:56:35.2002~DEBUG~<- ExtractAllFromFile(zipFileName = "C:\Users\cofc_\AppData\Local\Temp\tmp756.tmp\rjsec381.ZIP", decompressedFolder = "C:\Users\cofc_\AppData\Local\Temp\tmp92C.tmp", message = "rjsec381")~~RJStevensMusicPresentationCreator.Program~0000001823
2024-12-15 09:56:35.2622~DEBUG~-> DownloadFile(url = "https://faas-nyc1-2ef2e6cc.doserverless.co/api/v1/web/fn-dd7f8f6a-d32a-4f5e-ae7b-870dfb7963f3/downloads/bundle?id=000000000000389", filename = "C:\Users\cofc_\AppData\Local\Temp\tmpA65.tmp\rjsec382.ZIP", message = "rjsec382")~~RJStevensMusicPresentationCreator.Program~0000001824
2024-12-15 09:56:35.7043~DEBUG~download completed~~RJStevensMusicPresentationCreator.Program~0000001825
2024-12-15 09:56:35.7043~DEBUG~<- DownloadFile(url = "https://faas-nyc1-2ef2e6cc.doserverless.co/api/v1/web/fn-dd7f8f6a-d32a-4f5e-ae7b-870dfb7963f3/downloads/bundle?id=000000000000389", filename = "C:\Users\cofc_\AppData\Local\Temp\tmpA65.tmp\rjsec382.ZIP", message = "rjsec382")~~RJStevensMusicPresentationCreator.Program~0000001826
2024-12-15 09:56:35.7183~DEBUG~-> ExtractAllFromFile(zipFileName = "C:\Users\cofc_\AppData\Local\Temp\tmpA65.tmp\rjsec382.ZIP", decompressedFolder = "C:\Users\cofc_\AppData\Local\Temp\tmpC2B.tmp", message = "rjsec382")~~RJStevensMusicPresentationCreator.Program~0000001827
2024-12-15 09:56:35.9753~DEBUG~extract completed~~RJStevensMusicPresentationCreator.Program~0000001828
2024-12-15 09:56:35.9753~DEBUG~<- ExtractAllFromFile(zipFileName = "C:\Users\cofc_\AppData\Local\Temp\tmpA65.tmp\rjsec382.ZIP", decompressedFolder = "C:\Users\cofc_\AppData\Local\Temp\tmpC2B.tmp", message = "rjsec382")~~RJStevensMusicPresentationCreator.Program~0000001829
2024-12-15 09:56:36.0453~DEBUG~-> DownloadFile(url = "https://faas-nyc1-2ef2e6cc.doserverless.co/api/v1/web/fn-dd7f8f6a-d32a-4f5e-ae7b-870dfb7963f3/downloads/bundle?id=000000000000391", filename = "C:\Users\cofc_\AppData\Local\Temp\tmpD74.tmp\rjsec384.ZIP", message = "rjsec384")~~RJStevensMusicPresentationCreator.Program~0000001830
2024-12-15 09:56:36.4924~DEBUG~download completed~~RJStevensMusicPresentationCreator.Program~0000001831
2024-12-15 09:56:36.4924~DEBUG~<- DownloadFile(url = "https://faas-nyc1-2ef2e6cc.doserverless.co/api/v1/web/fn-dd7f8f6a-d32a-4f5e-ae7b-870dfb7963f3/downloads/bundle?id=000000000000391", filename = "C:\Users\cofc_\AppData\Local\Temp\tmpD74.tmp\rjsec384.ZIP", message = "rjsec384")~~RJStevensMusicPresentationCreator.Program~0000001832
2024-12-15 09:56:36.5084~DEBUG~-> ExtractAllFromFile(zipFileName = "C:\Users\cofc_\AppData\Local\Temp\tmpD74.tmp\rjsec384.ZIP", decompressedFolder = "C:\Users\cofc_\AppData\Local\Temp\tmpF3A.tmp", message = "rjsec384")~~RJStevensMusicPresentationCreator.Program~0000001833
2024-12-15 09:56:36.7484~DEBUG~extract completed~~RJStevensMusicPresentationCreator.Program~0000001834
2024-12-15 09:56:36.7484~DEBUG~<- ExtractAllFromFile(zipFileName = "C:\Users\cofc_\AppData\Local\Temp\tmpD74.tmp\rjsec384.ZIP", decompressedFolder = "C:\Users\cofc_\AppData\Local\Temp\tmpF3A.tmp", message = "rjsec384")~~RJStevensMusicPresentationCreator.Program~0000001835
2024-12-15 09:56:36.8234~DEBUG~-> DownloadFile(url = "https://faas-nyc1-2ef2e6cc.doserverless.co/api/v1/web/fn-dd7f8f6a-d32a-4f5e-ae7b-870dfb7963f3/downloads/bundle?id=000000000000392", filename = "C:\Users\cofc_\AppData\Local\Temp\tmp1074.tmp\rjsec385.ZIP", message = "rjsec385")~~RJStevensMusicPresentationCreator.Program~0000001836
2024-12-15 09:56:37.2534~DEBUG~download completed~~RJStevensMusicPresentationCreator.Program~0000001837
2024-12-15 09:56:37.2534~DEBUG~<- DownloadFile(url = "https://faas-nyc1-2ef2e6cc.doserverless.co/api/v1/web/fn-dd7f8f6a-d32a-4f5e-ae7b-870dfb7963f3/downloads/bundle?id=000000000000392", filename = "C:\Users\cofc_\AppData\Local\Temp\tmp1074.tmp\rjsec385.ZIP", message = "rjsec385")~~RJStevensMusicPresentationCreator.Program~0000001838
2024-12-15 09:56:37.2694~DEBUG~-> ExtractAllFromFile(zipFileName = "C:\Users\cofc_\AppData\Local\Temp\tmp1074.tmp\rjsec385.ZIP", decompressedFolder = "C:\Users\cofc_\AppData\Local\Temp\tmp123A.tmp", message = "rjsec385")~~RJStevensMusicPresentationCreator.Program~0000001839
2024-12-15 09:56:37.4868~DEBUG~extract completed~~RJStevensMusicPresentationCreator.Program~0000001840
2024-12-15 09:56:37.4868~DEBUG~<- ExtractAllFromFile(zipFileName = "C:\Users\cofc_\AppData\Local\Temp\tmp1074.tmp\rjsec385.ZIP", decompressedFolder = "C:\Users\cofc_\AppData\Local\Temp\tmp123A.tmp", message = "rjsec385")~~RJStevensMusicPresentationCreator.Program~0000001841
2024-12-15 09:56:37.5538~DEBUG~-> DownloadFile(url = "https://faas-nyc1-2ef2e6cc.doserverless.co/api/v1/web/fn-dd7f8f6a-d32a-4f5e-ae7b-870dfb7963f3/downloads/bundle?id=000000000000394", filename = "C:\Users\cofc_\AppData\Local\Temp\tmp1354.tmp\rjsec387.ZIP", message = "rjsec387")~~RJStevensMusicPresentationCreator.Program~0000001842
2024-12-15 09:56:38.0308~DEBUG~download completed~~RJStevensMusicPresentationCreator.Program~0000001843
2024-12-15 09:56:38.0308~DEBUG~<- DownloadFile(url = "https://faas-nyc1-2ef2e6cc.doserverless.co/api/v1/web/fn-dd7f8f6a-d32a-4f5e-ae7b-870dfb7963f3/downloads/bundle?id=000000000000394", filename = "C:\Users\cofc_\AppData\Local\Temp\tmp1354.tmp\rjsec387.ZIP", message = "rjsec387")~~RJStevensMusicPresentationCreator.Program~0000001844
2024-12-15 09:56:38.0488~DEBUG~-> ExtractAllFromFile(zipFileName = "C:\Users\cofc_\AppData\Local\Temp\tmp1354.tmp\rjsec387.ZIP", decompressedFolder = "C:\Users\cofc_\AppData\Local\Temp\tmp1549.tmp", message = "rjsec387")~~RJStevensMusicPresentationCreator.Program~0000001845
2024-12-15 09:56:38.3218~DEBUG~extract completed~~RJStevensMusicPresentationCreator.Program~0000001846
2024-12-15 09:56:38.3288~DEBUG~<- ExtractAllFromFile(zipFileName = "C:\Users\cofc_\AppData\Local\Temp\tmp1354.tmp\rjsec387.ZIP", decompressedFolder = "C:\Users\cofc_\AppData\Local\Temp\tmp1549.tmp", message = "rjsec387")~~RJStevensMusicPresentationCreator.Program~0000001847
2024-12-15 09:56:38.3988~DEBUG~-> DownloadFile(url = "https://faas-nyc1-2ef2e6cc.doserverless.co/api/v1/web/fn-dd7f8f6a-d32a-4f5e-ae7b-870dfb7963f3/downloads/bundle?id=000000000000395", filename = "C:\Users\cofc_\AppData\Local\Temp\tmp16A2.tmp\rjsec388.ZIP", message = "rjsec388")~~RJStevensMusicPresentationCreator.Program~0000001848
2024-12-15 09:56:38.9438~DEBUG~download completed~~RJStevensMusicPresentationCreator.Program~0000001849
2024-12-15 09:56:38.9438~DEBUG~<- DownloadFile(url = "https://faas-nyc1-2ef2e6cc.doserverless.co/api/v1/web/fn-dd7f8f6a-d32a-4f5e-ae7b-870dfb7963f3/downloads/bundle?id=000000000000395", filename = "C:\Users\cofc_\AppData\Local\Temp\tmp16A2.tmp\rjsec388.ZIP", message = "rjsec388")~~RJStevensMusicPresentationCreator.Program~0000001850
2024-12-15 09:56:38.9688~DEBUG~-> ExtractAllFromFile(zipFileName = "C:\Users\cofc_\AppData\Local\Temp\tmp16A2.tmp\rjsec388.ZIP", decompressedFolder = "C:\Users\cofc_\AppData\Local\Temp\tmp18E5.tmp", message = "rjsec388")~~RJStevensMusicPresentationCreator.Program~0000001851
2024-12-15 09:56:39.3448~DEBUG~extract completed~~RJStevensMusicPresentationCreator.Program~0000001852
2024-12-15 09:56:39.3448~DEBUG~<- ExtractAllFromFile(zipFileName = "C:\Users\cofc_\AppData\Local\Temp\tmp16A2.tmp\rjsec388.ZIP", decompressedFolder = "C:\Users\cofc_\AppData\Local\Temp\tmp18E5.tmp", message = "rjsec388")~~RJStevensMusicPresentationCreator.Program~0000001853
2024-12-15 09:56:39.4348~DEBUG~-> DownloadFile(url = "https://faas-nyc1-2ef2e6cc.doserverless.co/api/v1/web/fn-dd7f8f6a-d32a-4f5e-ae7b-870dfb7963f3/downloads/bundle?id=000000000000396", filename = "C:\Users\cofc_\AppData\Local\Temp\tmp1ABB.tmp\rjsec389.ZIP", message = "rjsec389")~~RJStevensMusicPresentationCreator.Program~0000001854
2024-12-15 09:56:39.9419~DEBUG~download completed~~RJStevensMusicPresentationCreator.Program~0000001855
2024-12-15 09:56:39.9419~DEBUG~<- DownloadFile(url = "https://faas-nyc1-2ef2e6cc.doserverless.co/api/v1/web/fn-dd7f8f6a-d32a-4f5e-ae7b-870dfb7963f3/downloads/bundle?id=000000000000396", filename = "C:\Users\cofc_\AppData\Local\Temp\tmp1ABB.tmp\rjsec389.ZIP", message = "rjsec389")~~RJStevensMusicPresentationCreator.Program~0000001856
2024-12-15 09:56:39.9629~DEBUG~-> ExtractAllFromFile(zipFileName = "C:\Users\cofc_\AppData\Local\Temp\tmp1ABB.tmp\rjsec389.ZIP", decompressedFolder = "C:\Users\cofc_\AppData\Local\Temp\tmp1CC0.tmp", message = "rjsec389")~~RJStevensMusicPresentationCreator.Program~0000001857
2024-12-15 09:56:40.3027~DEBUG~extract completed~~RJStevensMusicPresentationCreator.Program~0000001858
2024-12-15 09:56:40.3027~DEBUG~<- ExtractAllFromFile(zipFileName = "C:\Users\cofc_\AppData\Local\Temp\tmp1ABB.tmp\rjsec389.ZIP", decompressedFolder = "C:\Users\cofc_\AppData\Local\Temp\tmp1CC0.tmp", message = "rjsec389")~~RJStevensMusicPresentationCreator.Program~0000001859
2024-12-15 09:56:40.3777~DEBUG~-> DownloadFile(url = "https://faas-nyc1-2ef2e6cc.doserverless.co/api/v1/web/fn-dd7f8f6a-d32a-4f5e-ae7b-870dfb7963f3/downloads/bundle?id=000000000000397", filename = "C:\Users\cofc_\AppData\Local\Temp\tmp1E66.tmp\rjsec390.ZIP", message = "rjsec390")~~RJStevensMusicPresentationCreator.Program~0000001860
2024-12-15 09:56:40.8026~DEBUG~download completed~~RJStevensMusicPresentationCreator.Program~0000001861
2024-12-15 09:56:40.8026~DEBUG~<- DownloadFile(url = "https://faas-nyc1-2ef2e6cc.doserverless.co/api/v1/web/fn-dd7f8f6a-d32a-4f5e-ae7b-870dfb7963f3/downloads/bundle?id=000000000000397", filename = "C:\Users\cofc_\AppData\Local\Temp\tmp1E66.tmp\rjsec390.ZIP", message = "rjsec390")~~RJStevensMusicPresentationCreator.Program~0000001862
2024-12-15 09:56:40.8196~DEBUG~-> ExtractAllFromFile(zipFileName = "C:\Users\cofc_\AppData\Local\Temp\tmp1E66.tmp\rjsec390.ZIP", decompressedFolder = "C:\Users\cofc_\AppData\Local\Temp\tmp201D.tmp", message = "rjsec390")~~RJStevensMusicPresentationCreator.Program~0000001863
2024-12-15 09:56:41.0756~DEBUG~extract completed~~RJStevensMusicPresentationCreator.Program~0000001864
2024-12-15 09:56:41.0756~DEBUG~<- ExtractAllFromFile(zipFileName = "C:\Users\cofc_\AppData\Local\Temp\tmp1E66.tmp\rjsec390.ZIP", decompressedFolder = "C:\Users\cofc_\AppData\Local\Temp\tmp201D.tmp", message = "rjsec390")~~RJStevensMusicPresentationCreator.Program~0000001865
2024-12-15 09:56:41.1486~DEBUG~-> DownloadFile(url = "https://faas-nyc1-2ef2e6cc.doserverless.co/api/v1/web/fn-dd7f8f6a-d32a-4f5e-ae7b-870dfb7963f3/downloads/bundle?id=000000000000398", filename = "C:\Users\cofc_\AppData\Local\Temp\tmp2166.tmp\rjsec391.ZIP", message = "rjsec391")~~RJStevensMusicPresentationCreator.Program~0000001866
2024-12-15 09:56:41.6646~DEBUG~download completed~~RJStevensMusicPresentationCreator.Program~0000001867
2024-12-15 09:56:41.6646~DEBUG~<- DownloadFile(url = "https://faas-nyc1-2ef2e6cc.doserverless.co/api/v1/web/fn-dd7f8f6a-d32a-4f5e-ae7b-870dfb7963f3/downloads/bundle?id=000000000000398", filename = "C:\Users\cofc_\AppData\Local\Temp\tmp2166.tmp\rjsec391.ZIP", message = "rjsec391")~~RJStevensMusicPresentationCreator.Program~0000001868
2024-12-15 09:56:41.6877~DEBUG~-> ExtractAllFromFile(zipFileName = "C:\Users\cofc_\AppData\Local\Temp\tmp2166.tmp\rjsec391.ZIP", decompressedFolder = "C:\Users\cofc_\AppData\Local\Temp\tmp238A.tmp", message = "rjsec391")~~RJStevensMusicPresentationCreator.Program~0000001869
2024-12-15 09:56:41.9887~DEBUG~extract completed~~RJStevensMusicPresentationCreator.Program~0000001870
2024-12-15 09:56:41.9887~DEBUG~<- ExtractAllFromFile(zipFileName = "C:\Users\cofc_\AppData\Local\Temp\tmp2166.tmp\rjsec391.ZIP", decompressedFolder = "C:\Users\cofc_\AppData\Local\Temp\tmp238A.tmp", message = "rjsec391")~~RJStevensMusicPresentationCreator.Program~0000001871
2024-12-15 09:56:42.0677~DEBUG~-> DownloadFile(url = "https://faas-nyc1-2ef2e6cc.doserverless.co/api/v1/web/fn-dd7f8f6a-d32a-4f5e-ae7b-870dfb7963f3/downloads/bundle?id=000000000000399", filename = "C:\Users\cofc_\AppData\Local\Temp\tmp2502.tmp\rjsec392.ZIP", message = "rjsec392")~~RJStevensMusicPresentationCreator.Program~0000001872
2024-12-15 09:56:42.5107~DEBUG~download completed~~RJStevensMusicPresentationCreator.Program~0000001873
2024-12-15 09:56:42.5107~DEBUG~<- DownloadFile(url = "https://faas-nyc1-2ef2e6cc.doserverless.co/api/v1/web/fn-dd7f8f6a-d32a-4f5e-ae7b-870dfb7963f3/downloads/bundle?id=000000000000399", filename = "C:\Users\cofc_\AppData\Local\Temp\tmp2502.tmp\rjsec392.ZIP", message = "rjsec392")~~RJStevensMusicPresentationCreator.Program~0000001874
2024-12-15 09:56:42.5277~DEBUG~-> ExtractAllFromFile(zipFileName = "C:\Users\cofc_\AppData\Local\Temp\tmp2502.tmp\rjsec392.ZIP", decompressedFolder = "C:\Users\cofc_\AppData\Local\Temp\tmp26D8.tmp", message = "rjsec392")~~RJStevensMusicPresentationCreator.Program~0000001875
2024-12-15 09:56:42.8108~DEBUG~extract completed~~RJStevensMusicPresentationCreator.Program~0000001876
2024-12-15 09:56:42.8108~DEBUG~<- ExtractAllFromFile(zipFileName = "C:\Users\cofc_\AppData\Local\Temp\tmp2502.tmp\rjsec392.ZIP", decompressedFolder = "C:\Users\cofc_\AppData\Local\Temp\tmp26D8.tmp", message = "rjsec392")~~RJStevensMusicPresentationCreator.Program~0000001877
2024-12-15 09:56:42.8818~DEBUG~-> DownloadFile(url = "https://faas-nyc1-2ef2e6cc.doserverless.co/api/v1/web/fn-dd7f8f6a-d32a-4f5e-ae7b-870dfb7963f3/downloads/bundle?id=000000000000400", filename = "C:\Users\cofc_\AppData\Local\Temp\tmp2830.tmp\rjsec393.ZIP", message = "rjsec393")~~RJStevensMusicPresentationCreator.Program~0000001878
2024-12-15 09:56:43.3153~DEBUG~download completed~~RJStevensMusicPresentationCreator.Program~0000001879
2024-12-15 09:56:43.3153~DEBUG~<- DownloadFile(url = "https://faas-nyc1-2ef2e6cc.doserverless.co/api/v1/web/fn-dd7f8f6a-d32a-4f5e-ae7b-870dfb7963f3/downloads/bundle?id=000000000000400", filename = "C:\Users\cofc_\AppData\Local\Temp\tmp2830.tmp\rjsec393.ZIP", message = "rjsec393")~~RJStevensMusicPresentationCreator.Program~0000001880
2024-12-15 09:56:43.3313~DEBUG~-> ExtractAllFromFile(zipFileName = "C:\Users\cofc_\AppData\Local\Temp\tmp2830.tmp\rjsec393.ZIP", decompressedFolder = "C:\Users\cofc_\AppData\Local\Temp\tmp29F7.tmp", message = "rjsec393")~~RJStevensMusicPresentationCreator.Program~0000001881
2024-12-15 09:56:43.6083~DEBUG~extract completed~~RJStevensMusicPresentationCreator.Program~0000001882
2024-12-15 09:56:43.6083~DEBUG~<- ExtractAllFromFile(zipFileName = "C:\Users\cofc_\AppData\Local\Temp\tmp2830.tmp\rjsec393.ZIP", decompressedFolder = "C:\Users\cofc_\AppData\Local\Temp\tmp29F7.tmp", message = "rjsec393")~~RJStevensMusicPresentationCreator.Program~0000001883
2024-12-15 09:56:43.6863~DEBUG~-> DownloadFile(url = "https://faas-nyc1-2ef2e6cc.doserverless.co/api/v1/web/fn-dd7f8f6a-d32a-4f5e-ae7b-870dfb7963f3/downloads/bundle?id=000000000000401", filename = "C:\Users\cofc_\AppData\Local\Temp\tmp2B64.tmp\rjsec394.ZIP", message = "rjsec394")~~RJStevensMusicPresentationCreator.Program~0000001884
2024-12-15 09:56:44.1244~DEBUG~download completed~~RJStevensMusicPresentationCreator.Program~0000001885
2024-12-15 09:56:44.1244~DEBUG~<- DownloadFile(url = "https://faas-nyc1-2ef2e6cc.doserverless.co/api/v1/web/fn-dd7f8f6a-d32a-4f5e-ae7b-870dfb7963f3/downloads/bundle?id=000000000000401", filename = "C:\Users\cofc_\AppData\Local\Temp\tmp2B64.tmp\rjsec394.ZIP", message = "rjsec394")~~RJStevensMusicPresentationCreator.Program~0000001886
2024-12-15 09:56:44.1404~DEBUG~-> ExtractAllFromFile(zipFileName = "C:\Users\cofc_\AppData\Local\Temp\tmp2B64.tmp\rjsec394.ZIP", decompressedFolder = "C:\Users\cofc_\AppData\Local\Temp\tmp2D25.tmp", message = "rjsec394")~~RJStevensMusicPresentationCreator.Program~0000001887
2024-12-15 09:56:44.3354~DEBUG~extract completed~~RJStevensMusicPresentationCreator.Program~0000001888
2024-12-15 09:56:44.3384~DEBUG~<- ExtractAllFromFile(zipFileName = "C:\Users\cofc_\AppData\Local\Temp\tmp2B64.tmp\rjsec394.ZIP", decompressedFolder = "C:\Users\cofc_\AppData\Local\Temp\tmp2D25.tmp", message = "rjsec394")~~RJStevensMusicPresentationCreator.Program~0000001889
2024-12-15 09:56:44.3934~DEBUG~-> DownloadFile(url = "https://faas-nyc1-2ef2e6cc.doserverless.co/api/v1/web/fn-dd7f8f6a-d32a-4f5e-ae7b-870dfb7963f3/downloads/bundle?id=000000000000402", filename = "C:\Users\cofc_\AppData\Local\Temp\tmp2E20.tmp\rjsec395.ZIP", message = "rjsec395")~~RJStevensMusicPresentationCreator.Program~0000001890
2024-12-15 09:56:44.8304~DEBUG~download completed~~RJStevensMusicPresentationCreator.Program~0000001891
2024-12-15 09:56:44.8304~DEBUG~<- DownloadFile(url = "https://faas-nyc1-2ef2e6cc.doserverless.co/api/v1/web/fn-dd7f8f6a-d32a-4f5e-ae7b-870dfb7963f3/downloads/bundle?id=000000000000402", filename = "C:\Users\cofc_\AppData\Local\Temp\tmp2E20.tmp\rjsec395.ZIP", message = "rjsec395")~~RJStevensMusicPresentationCreator.Program~0000001892
2024-12-15 09:56:44.8474~DEBUG~-> ExtractAllFromFile(zipFileName = "C:\Users\cofc_\AppData\Local\Temp\tmp2E20.tmp\rjsec395.ZIP", decompressedFolder = "C:\Users\cofc_\AppData\Local\Temp\tmp2FE6.tmp", message = "rjsec395")~~RJStevensMusicPresentationCreator.Program~0000001893
2024-12-15 09:56:45.1903~DEBUG~extract completed~~RJStevensMusicPresentationCreator.Program~0000001894
2024-12-15 09:56:45.1903~DEBUG~<- ExtractAllFromFile(zipFileName = "C:\Users\cofc_\AppData\Local\Temp\tmp2E20.tmp\rjsec395.ZIP", decompressedFolder = "C:\Users\cofc_\AppData\Local\Temp\tmp2FE6.tmp", message = "rjsec395")~~RJStevensMusicPresentationCreator.Program~0000001895
2024-12-15 09:56:45.2733~DEBUG~-> DownloadFile(url = "https://faas-nyc1-2ef2e6cc.doserverless.co/api/v1/web/fn-dd7f8f6a-d32a-4f5e-ae7b-870dfb7963f3/downloads/bundle?id=000000000000403", filename = "C:\Users\cofc_\AppData\Local\Temp\tmp318D.tmp\rjsec396.ZIP", message = "rjsec396")~~RJStevensMusicPresentationCreator.Program~0000001896
2024-12-15 09:56:45.7543~DEBUG~download completed~~RJStevensMusicPresentationCreator.Program~0000001897
2024-12-15 09:56:45.7543~DEBUG~<- DownloadFile(url = "https://faas-nyc1-2ef2e6cc.doserverless.co/api/v1/web/fn-dd7f8f6a-d32a-4f5e-ae7b-870dfb7963f3/downloads/bundle?id=000000000000403", filename = "C:\Users\cofc_\AppData\Local\Temp\tmp318D.tmp\rjsec396.ZIP", message = "rjsec396")~~RJStevensMusicPresentationCreator.Program~0000001898
2024-12-15 09:56:45.7663~DEBUG~-> ExtractAllFromFile(zipFileName = "C:\Users\cofc_\AppData\Local\Temp\tmp318D.tmp\rjsec396.ZIP", decompressedFolder = "C:\Users\cofc_\AppData\Local\Temp\tmp3382.tmp", message = "rjsec396")~~RJStevensMusicPresentationCreator.Program~0000001899
2024-12-15 09:56:46.0594~DEBUG~extract completed~~RJStevensMusicPresentationCreator.Program~0000001900
2024-12-15 09:56:46.0594~DEBUG~<- ExtractAllFromFile(zipFileName = "C:\Users\cofc_\AppData\Local\Temp\tmp318D.tmp\rjsec396.ZIP", decompressedFolder = "C:\Users\cofc_\AppData\Local\Temp\tmp3382.tmp", message = "rjsec396")~~RJStevensMusicPresentationCreator.Program~0000001901
2024-12-15 09:56:46.1254~DEBUG~-> DownloadFile(url = "https://faas-nyc1-2ef2e6cc.doserverless.co/api/v1/web/fn-dd7f8f6a-d32a-4f5e-ae7b-870dfb7963f3/downloads/bundle?id=000000000000404", filename = "C:\Users\cofc_\AppData\Local\Temp\tmp34EA.tmp\rjsec397.ZIP", message = "rjsec397")~~RJStevensMusicPresentationCreator.Program~0000001902
2024-12-15 09:56:46.5684~DEBUG~download completed~~RJStevensMusicPresentationCreator.Program~0000001903
2024-12-15 09:56:46.5684~DEBUG~<- DownloadFile(url = "https://faas-nyc1-2ef2e6cc.doserverless.co/api/v1/web/fn-dd7f8f6a-d32a-4f5e-ae7b-870dfb7963f3/downloads/bundle?id=000000000000404", filename = "C:\Users\cofc_\AppData\Local\Temp\tmp34EA.tmp\rjsec397.ZIP", message = "rjsec397")~~RJStevensMusicPresentationCreator.Program~0000001904
2024-12-15 09:56:46.5884~DEBUG~-> ExtractAllFromFile(zipFileName = "C:\Users\cofc_\AppData\Local\Temp\tmp34EA.tmp\rjsec397.ZIP", decompressedFolder = "C:\Users\cofc_\AppData\Local\Temp\tmp36B1.tmp", message = "rjsec397")~~RJStevensMusicPresentationCreator.Program~0000001905
2024-12-15 09:56:46.9054~DEBUG~extract completed~~RJStevensMusicPresentationCreator.Program~0000001906
2024-12-15 09:56:46.9054~DEBUG~<- ExtractAllFromFile(zipFileName = "C:\Users\cofc_\AppData\Local\Temp\tmp34EA.tmp\rjsec397.ZIP", decompressedFolder = "C:\Users\cofc_\AppData\Local\Temp\tmp36B1.tmp", message = "rjsec397")~~RJStevensMusicPresentationCreator.Program~0000001907
2024-12-15 09:56:46.9934~DEBUG~-> DownloadFile(url = "https://faas-nyc1-2ef2e6cc.doserverless.co/api/v1/web/fn-dd7f8f6a-d32a-4f5e-ae7b-870dfb7963f3/downloads/bundle?id=000000000000405", filename = "C:\Users\cofc_\AppData\Local\Temp\tmp3848.tmp\rjsec398.ZIP", message = "rjsec398")~~RJStevensMusicPresentationCreator.Program~0000001908
2024-12-15 09:56:47.4344~DEBUG~download completed~~RJStevensMusicPresentationCreator.Program~0000001909
2024-12-15 09:56:47.4344~DEBUG~<- DownloadFile(url = "https://faas-nyc1-2ef2e6cc.doserverless.co/api/v1/web/fn-dd7f8f6a-d32a-4f5e-ae7b-870dfb7963f3/downloads/bundle?id=000000000000405", filename = "C:\Users\cofc_\AppData\Local\Temp\tmp3848.tmp\rjsec398.ZIP", message = "rjsec398")~~RJStevensMusicPresentationCreator.Program~0000001910
2024-12-15 09:56:47.4524~DEBUG~-> ExtractAllFromFile(zipFileName = "C:\Users\cofc_\AppData\Local\Temp\tmp3848.tmp\rjsec398.ZIP", decompressedFolder = "C:\Users\cofc_\AppData\Local\Temp\tmp3A1E.tmp", message = "rjsec398")~~RJStevensMusicPresentationCreator.Program~0000001911
2024-12-15 09:56:47.7721~DEBUG~extract completed~~RJStevensMusicPresentationCreator.Program~0000001912
2024-12-15 09:56:47.7721~DEBUG~<- ExtractAllFromFile(zipFileName = "C:\Users\cofc_\AppData\Local\Temp\tmp3848.tmp\rjsec398.ZIP", decompressedFolder = "C:\Users\cofc_\AppData\Local\Temp\tmp3A1E.tmp", message = "rjsec398")~~RJStevensMusicPresentationCreator.Program~0000001913
2024-12-15 09:56:47.8911~DEBUG~-> DownloadFile(url = "https://faas-nyc1-2ef2e6cc.doserverless.co/api/v1/web/fn-dd7f8f6a-d32a-4f5e-ae7b-870dfb7963f3/downloads/bundle?id=000000000000406", filename = "C:\Users\cofc_\AppData\Local\Temp\tmp3BD4.tmp\rjsec399.ZIP", message = "rjsec399")~~RJStevensMusicPresentationCreator.Program~0000001914
2024-12-15 09:56:48.3551~DEBUG~download completed~~RJStevensMusicPresentationCreator.Program~0000001915
2024-12-15 09:56:48.3551~DEBUG~<- DownloadFile(url = "https://faas-nyc1-2ef2e6cc.doserverless.co/api/v1/web/fn-dd7f8f6a-d32a-4f5e-ae7b-870dfb7963f3/downloads/bundle?id=000000000000406", filename = "C:\Users\cofc_\AppData\Local\Temp\tmp3BD4.tmp\rjsec399.ZIP", message = "rjsec399")~~RJStevensMusicPresentationCreator.Program~0000001916
2024-12-15 09:56:48.3751~DEBUG~-> ExtractAllFromFile(zipFileName = "C:\Users\cofc_\AppData\Local\Temp\tmp3BD4.tmp\rjsec399.ZIP", decompressedFolder = "C:\Users\cofc_\AppData\Local\Temp\tmp3DB9.tmp", message = "rjsec399")~~RJStevensMusicPresentationCreator.Program~0000001917
2024-12-15 09:56:48.6361~DEBUG~extract completed~~RJStevensMusicPresentationCreator.Program~0000001918
2024-12-15 09:56:48.6361~DEBUG~<- ExtractAllFromFile(zipFileName = "C:\Users\cofc_\AppData\Local\Temp\tmp3BD4.tmp\rjsec399.ZIP", decompressedFolder = "C:\Users\cofc_\AppData\Local\Temp\tmp3DB9.tmp", message = "rjsec399")~~RJStevensMusicPresentationCreator.Program~0000001919
2024-12-15 09:56:48.7111~DEBUG~-> DownloadFile(url = "https://faas-nyc1-2ef2e6cc.doserverless.co/api/v1/web/fn-dd7f8f6a-d32a-4f5e-ae7b-870dfb7963f3/downloads/bundle?id=000000000000407", filename = "C:\Users\cofc_\AppData\Local\Temp\tmp3F03.tmp\rjsec400.ZIP", message = "rjsec400")~~RJStevensMusicPresentationCreator.Program~0000001920
2024-12-15 09:56:49.1739~DEBUG~download completed~~RJStevensMusicPresentationCreator.Program~0000001921
2024-12-15 09:56:49.1739~DEBUG~<- DownloadFile(url = "https://faas-nyc1-2ef2e6cc.doserverless.co/api/v1/web/fn-dd7f8f6a-d32a-4f5e-ae7b-870dfb7963f3/downloads/bundle?id=000000000000407", filename = "C:\Users\cofc_\AppData\Local\Temp\tmp3F03.tmp\rjsec400.ZIP", message = "rjsec400")~~RJStevensMusicPresentationCreator.Program~0000001922
2024-12-15 09:56:49.1939~DEBUG~-> ExtractAllFromFile(zipFileName = "C:\Users\cofc_\AppData\Local\Temp\tmp3F03.tmp\rjsec400.ZIP", decompressedFolder = "C:\Users\cofc_\AppData\Local\Temp\tmp40E8.tmp", message = "rjsec400")~~RJStevensMusicPresentationCreator.Program~0000001923
2024-12-15 09:56:49.6089~DEBUG~extract completed~~RJStevensMusicPresentationCreator.Program~0000001924
2024-12-15 09:56:49.6089~DEBUG~<- ExtractAllFromFile(zipFileName = "C:\Users\cofc_\AppData\Local\Temp\tmp3F03.tmp\rjsec400.ZIP", decompressedFolder = "C:\Users\cofc_\AppData\Local\Temp\tmp40E8.tmp", message = "rjsec400")~~RJStevensMusicPresentationCreator.Program~0000001925
2024-12-15 09:56:49.6999~DEBUG~-> DownloadFile(url = "https://faas-nyc1-2ef2e6cc.doserverless.co/api/v1/web/fn-dd7f8f6a-d32a-4f5e-ae7b-870dfb7963f3/downloads/bundle?id=000000000000408", filename = "C:\Users\cofc_\AppData\Local\Temp\tmp42ED.tmp\rjsec401.ZIP", message = "rjsec401")~~RJStevensMusicPresentationCreator.Program~0000001926
2024-12-15 09:56:50.1587~DEBUG~download completed~~RJStevensMusicPresentationCreator.Program~0000001927
2024-12-15 09:56:50.1587~DEBUG~<- DownloadFile(url = "https://faas-nyc1-2ef2e6cc.doserverless.co/api/v1/web/fn-dd7f8f6a-d32a-4f5e-ae7b-870dfb7963f3/downloads/bundle?id=000000000000408", filename = "C:\Users\cofc_\AppData\Local\Temp\tmp42ED.tmp\rjsec401.ZIP", message = "rjsec401")~~RJStevensMusicPresentationCreator.Program~0000001928
2024-12-15 09:56:50.1817~DEBUG~-> ExtractAllFromFile(zipFileName = "C:\Users\cofc_\AppData\Local\Temp\tmp42ED.tmp\rjsec401.ZIP", decompressedFolder = "C:\Users\cofc_\AppData\Local\Temp\tmp44C2.tmp", message = "rjsec401")~~RJStevensMusicPresentationCreator.Program~0000001929
2024-12-15 09:56:50.5648~DEBUG~extract completed~~RJStevensMusicPresentationCreator.Program~0000001930
2024-12-15 09:56:50.5648~DEBUG~<- ExtractAllFromFile(zipFileName = "C:\Users\cofc_\AppData\Local\Temp\tmp42ED.tmp\rjsec401.ZIP", decompressedFolder = "C:\Users\cofc_\AppData\Local\Temp\tmp44C2.tmp", message = "rjsec401")~~RJStevensMusicPresentationCreator.Program~0000001931
2024-12-15 09:56:50.6498~DEBUG~-> DownloadFile(url = "https://faas-nyc1-2ef2e6cc.doserverless.co/api/v1/web/fn-dd7f8f6a-d32a-4f5e-ae7b-870dfb7963f3/downloads/bundle?id=000000000000409", filename = "C:\Users\cofc_\AppData\Local\Temp\tmp4698.tmp\rjsec402.ZIP", message = "rjsec402")~~RJStevensMusicPresentationCreator.Program~0000001932
2024-12-15 09:56:51.0818~DEBUG~download completed~~RJStevensMusicPresentationCreator.Program~0000001933
2024-12-15 09:56:51.0818~DEBUG~<- DownloadFile(url = "https://faas-nyc1-2ef2e6cc.doserverless.co/api/v1/web/fn-dd7f8f6a-d32a-4f5e-ae7b-870dfb7963f3/downloads/bundle?id=000000000000409", filename = "C:\Users\cofc_\AppData\Local\Temp\tmp4698.tmp\rjsec402.ZIP", message = "rjsec402")~~RJStevensMusicPresentationCreator.Program~0000001934
2024-12-15 09:56:51.0978~DEBUG~-> ExtractAllFromFile(zipFileName = "C:\Users\cofc_\AppData\Local\Temp\tmp4698.tmp\rjsec402.ZIP", decompressedFolder = "C:\Users\cofc_\AppData\Local\Temp\tmp485E.tmp", message = "rjsec402")~~RJStevensMusicPresentationCreator.Program~0000001935
2024-12-15 09:56:51.3097~DEBUG~extract completed~~RJStevensMusicPresentationCreator.Program~0000001936
2024-12-15 09:56:51.3097~DEBUG~<- ExtractAllFromFile(zipFileName = "C:\Users\cofc_\AppData\Local\Temp\tmp4698.tmp\rjsec402.ZIP", decompressedFolder = "C:\Users\cofc_\AppData\Local\Temp\tmp485E.tmp", message = "rjsec402")~~RJStevensMusicPresentationCreator.Program~0000001937
2024-12-15 09:56:51.3777~DEBUG~-> DownloadFile(url = "https://faas-nyc1-2ef2e6cc.doserverless.co/api/v1/web/fn-dd7f8f6a-d32a-4f5e-ae7b-870dfb7963f3/downloads/bundle?id=000000000000410", filename = "C:\Users\cofc_\AppData\Local\Temp\tmp4978.tmp\rjsec403.ZIP", message = "rjsec403")~~RJStevensMusicPresentationCreator.Program~0000001938
2024-12-15 09:56:51.8003~DEBUG~download completed~~RJStevensMusicPresentationCreator.Program~0000001939
2024-12-15 09:56:51.8003~DEBUG~<- DownloadFile(url = "https://faas-nyc1-2ef2e6cc.doserverless.co/api/v1/web/fn-dd7f8f6a-d32a-4f5e-ae7b-870dfb7963f3/downloads/bundle?id=000000000000410", filename = "C:\Users\cofc_\AppData\Local\Temp\tmp4978.tmp\rjsec403.ZIP", message = "rjsec403")~~RJStevensMusicPresentationCreator.Program~0000001940
2024-12-15 09:56:51.8223~DEBUG~-> ExtractAllFromFile(zipFileName = "C:\Users\cofc_\AppData\Local\Temp\tmp4978.tmp\rjsec403.ZIP", decompressedFolder = "C:\Users\cofc_\AppData\Local\Temp\tmp4B2F.tmp", message = "rjsec403")~~RJStevensMusicPresentationCreator.Program~0000001941
2024-12-15 09:56:52.0754~DEBUG~extract completed~~RJStevensMusicPresentationCreator.Program~0000001942
2024-12-15 09:56:52.0754~DEBUG~<- ExtractAllFromFile(zipFileName = "C:\Users\cofc_\AppData\Local\Temp\tmp4978.tmp\rjsec403.ZIP", decompressedFolder = "C:\Users\cofc_\AppData\Local\Temp\tmp4B2F.tmp", message = "rjsec403")~~RJStevensMusicPresentationCreator.Program~0000001943
2024-12-15 09:56:52.1424~DEBUG~-> DownloadFile(url = "https://faas-nyc1-2ef2e6cc.doserverless.co/api/v1/web/fn-dd7f8f6a-d32a-4f5e-ae7b-870dfb7963f3/downloads/bundle?id=000000000000411", filename = "C:\Users\cofc_\AppData\Local\Temp\tmp4C78.tmp\rjsec404.ZIP", message = "rjsec404")~~RJStevensMusicPresentationCreator.Program~0000001944
2024-12-15 09:56:52.6404~DEBUG~download completed~~RJStevensMusicPresentationCreator.Program~0000001945
2024-12-15 09:56:52.6404~DEBUG~<- DownloadFile(url = "https://faas-nyc1-2ef2e6cc.doserverless.co/api/v1/web/fn-dd7f8f6a-d32a-4f5e-ae7b-870dfb7963f3/downloads/bundle?id=000000000000411", filename = "C:\Users\cofc_\AppData\Local\Temp\tmp4C78.tmp\rjsec404.ZIP", message = "rjsec404")~~RJStevensMusicPresentationCreator.Program~0000001946
2024-12-15 09:56:52.6624~DEBUG~-> ExtractAllFromFile(zipFileName = "C:\Users\cofc_\AppData\Local\Temp\tmp4C78.tmp\rjsec404.ZIP", decompressedFolder = "C:\Users\cofc_\AppData\Local\Temp\tmp4E7D.tmp", message = "rjsec404")~~RJStevensMusicPresentationCreator.Program~0000001947
2024-12-15 09:56:53.0337~DEBUG~extract completed~~RJStevensMusicPresentationCreator.Program~0000001948
2024-12-15 09:56:53.0337~DEBUG~<- ExtractAllFromFile(zipFileName = "C:\Users\cofc_\AppData\Local\Temp\tmp4C78.tmp\rjsec404.ZIP", decompressedFolder = "C:\Users\cofc_\AppData\Local\Temp\tmp4E7D.tmp", message = "rjsec404")~~RJStevensMusicPresentationCreator.Program~0000001949
2024-12-15 09:56:53.1337~DEBUG~-> DownloadFile(url = "https://faas-nyc1-2ef2e6cc.doserverless.co/api/v1/web/fn-dd7f8f6a-d32a-4f5e-ae7b-870dfb7963f3/downloads/bundle?id=000000000000412", filename = "C:\Users\cofc_\AppData\Local\Temp\tmp5052.tmp\rjsec405.ZIP", message = "rjsec405")~~RJStevensMusicPresentationCreator.Program~0000001950
2024-12-15 09:56:53.5557~DEBUG~download completed~~RJStevensMusicPresentationCreator.Program~0000001951
2024-12-15 09:56:53.5557~DEBUG~<- DownloadFile(url = "https://faas-nyc1-2ef2e6cc.doserverless.co/api/v1/web/fn-dd7f8f6a-d32a-4f5e-ae7b-870dfb7963f3/downloads/bundle?id=000000000000412", filename = "C:\Users\cofc_\AppData\Local\Temp\tmp5052.tmp\rjsec405.ZIP", message = "rjsec405")~~RJStevensMusicPresentationCreator.Program~0000001952
2024-12-15 09:56:53.5708~DEBUG~-> ExtractAllFromFile(zipFileName = "C:\Users\cofc_\AppData\Local\Temp\tmp5052.tmp\rjsec405.ZIP", decompressedFolder = "C:\Users\cofc_\AppData\Local\Temp\tmp5209.tmp", message = "rjsec405")~~RJStevensMusicPresentationCreator.Program~0000001953
2024-12-15 09:56:53.7877~DEBUG~extract completed~~RJStevensMusicPresentationCreator.Program~0000001954
2024-12-15 09:56:53.7877~DEBUG~<- ExtractAllFromFile(zipFileName = "C:\Users\cofc_\AppData\Local\Temp\tmp5052.tmp\rjsec405.ZIP", decompressedFolder = "C:\Users\cofc_\AppData\Local\Temp\tmp5209.tmp", message = "rjsec405")~~RJStevensMusicPresentationCreator.Program~0000001955
2024-12-15 09:56:53.8577~DEBUG~-> DownloadFile(url = "https://faas-nyc1-2ef2e6cc.doserverless.co/api/v1/web/fn-dd7f8f6a-d32a-4f5e-ae7b-870dfb7963f3/downloads/bundle?id=000000000000413", filename = "C:\Users\cofc_\AppData\Local\Temp\tmp5333.tmp\rjsec406.ZIP", message = "rjsec406")~~RJStevensMusicPresentationCreator.Program~0000001956
2024-12-15 09:56:54.2977~DEBUG~download completed~~RJStevensMusicPresentationCreator.Program~0000001957
2024-12-15 09:56:54.2977~DEBUG~<- DownloadFile(url = "https://faas-nyc1-2ef2e6cc.doserverless.co/api/v1/web/fn-dd7f8f6a-d32a-4f5e-ae7b-870dfb7963f3/downloads/bundle?id=000000000000413", filename = "C:\Users\cofc_\AppData\Local\Temp\tmp5333.tmp\rjsec406.ZIP", message = "rjsec406")~~RJStevensMusicPresentationCreator.Program~0000001958
2024-12-15 09:56:54.3137~DEBUG~-> ExtractAllFromFile(zipFileName = "C:\Users\cofc_\AppData\Local\Temp\tmp5333.tmp\rjsec406.ZIP", decompressedFolder = "C:\Users\cofc_\AppData\Local\Temp\tmp54F9.tmp", message = "rjsec406")~~RJStevensMusicPresentationCreator.Program~0000001959
2024-12-15 09:56:54.5467~DEBUG~extract completed~~RJStevensMusicPresentationCreator.Program~0000001960
2024-12-15 09:56:54.5467~DEBUG~<- ExtractAllFromFile(zipFileName = "C:\Users\cofc_\AppData\Local\Temp\tmp5333.tmp\rjsec406.ZIP", decompressedFolder = "C:\Users\cofc_\AppData\Local\Temp\tmp54F9.tmp", message = "rjsec406")~~RJStevensMusicPresentationCreator.Program~0000001961
2024-12-15 09:56:54.6087~DEBUG~-> DownloadFile(url = "https://faas-nyc1-2ef2e6cc.doserverless.co/api/v1/web/fn-dd7f8f6a-d32a-4f5e-ae7b-870dfb7963f3/downloads/bundle?id=000000000000414", filename = "C:\Users\cofc_\AppData\Local\Temp\tmp5623.tmp\rjsec407.ZIP", message = "rjsec407")~~RJStevensMusicPresentationCreator.Program~0000001962
2024-12-15 09:56:55.0888~DEBUG~download completed~~RJStevensMusicPresentationCreator.Program~0000001963
2024-12-15 09:56:55.0888~DEBUG~<- DownloadFile(url = "https://faas-nyc1-2ef2e6cc.doserverless.co/api/v1/web/fn-dd7f8f6a-d32a-4f5e-ae7b-870dfb7963f3/downloads/bundle?id=000000000000414", filename = "C:\Users\cofc_\AppData\Local\Temp\tmp5623.tmp\rjsec407.ZIP", message = "rjsec407")~~RJStevensMusicPresentationCreator.Program~0000001964
2024-12-15 09:56:55.1088~DEBUG~-> ExtractAllFromFile(zipFileName = "C:\Users\cofc_\AppData\Local\Temp\tmp5623.tmp\rjsec407.ZIP", decompressedFolder = "C:\Users\cofc_\AppData\Local\Temp\tmp5818.tmp", message = "rjsec407")~~RJStevensMusicPresentationCreator.Program~0000001965
2024-12-15 09:56:55.3629~DEBUG~extract completed~~RJStevensMusicPresentationCreator.Program~0000001966
2024-12-15 09:56:55.3629~DEBUG~<- ExtractAllFromFile(zipFileName = "C:\Users\cofc_\AppData\Local\Temp\tmp5623.tmp\rjsec407.ZIP", decompressedFolder = "C:\Users\cofc_\AppData\Local\Temp\tmp5818.tmp", message = "rjsec407")~~RJStevensMusicPresentationCreator.Program~0000001967
2024-12-15 09:56:55.4399~DEBUG~-> DownloadFile(url = "https://faas-nyc1-2ef2e6cc.doserverless.co/api/v1/web/fn-dd7f8f6a-d32a-4f5e-ae7b-870dfb7963f3/downloads/bundle?id=000000000000415", filename = "C:\Users\cofc_\AppData\Local\Temp\tmp5961.tmp\rjsec408.ZIP", message = "rjsec408")~~RJStevensMusicPresentationCreator.Program~0000001968
2024-12-15 09:56:55.8861~DEBUG~download completed~~RJStevensMusicPresentationCreator.Program~0000001969
2024-12-15 09:56:55.8861~DEBUG~<- DownloadFile(url = "https://faas-nyc1-2ef2e6cc.doserverless.co/api/v1/web/fn-dd7f8f6a-d32a-4f5e-ae7b-870dfb7963f3/downloads/bundle?id=000000000000415", filename = "C:\Users\cofc_\AppData\Local\Temp\tmp5961.tmp\rjsec408.ZIP", message = "rjsec408")~~RJStevensMusicPresentationCreator.Program~0000001970
2024-12-15 09:56:55.9061~DEBUG~-> ExtractAllFromFile(zipFileName = "C:\Users\cofc_\AppData\Local\Temp\tmp5961.tmp\rjsec408.ZIP", decompressedFolder = "C:\Users\cofc_\AppData\Local\Temp\tmp5B37.tmp", message = "rjsec408")~~RJStevensMusicPresentationCreator.Program~0000001971
2024-12-15 09:56:56.2071~DEBUG~extract completed~~RJStevensMusicPresentationCreator.Program~0000001972
2024-12-15 09:56:56.2071~DEBUG~<- ExtractAllFromFile(zipFileName = "C:\Users\cofc_\AppData\Local\Temp\tmp5961.tmp\rjsec408.ZIP", decompressedFolder = "C:\Users\cofc_\AppData\Local\Temp\tmp5B37.tmp", message = "rjsec408")~~RJStevensMusicPresentationCreator.Program~0000001973
2024-12-15 09:56:56.3131~DEBUG~-> DownloadFile(url = "https://faas-nyc1-2ef2e6cc.doserverless.co/api/v1/web/fn-dd7f8f6a-d32a-4f5e-ae7b-870dfb7963f3/downloads/bundle?id=000000000000416", filename = "C:\Users\cofc_\AppData\Local\Temp\tmp5CCE.tmp\rjsec409.ZIP", message = "rjsec409")~~RJStevensMusicPresentationCreator.Program~0000001974
2024-12-15 09:56:56.8022~DEBUG~download completed~~RJStevensMusicPresentationCreator.Program~0000001975
2024-12-15 09:56:56.8022~DEBUG~<- DownloadFile(url = "https://faas-nyc1-2ef2e6cc.doserverless.co/api/v1/web/fn-dd7f8f6a-d32a-4f5e-ae7b-870dfb7963f3/downloads/bundle?id=000000000000416", filename = "C:\Users\cofc_\AppData\Local\Temp\tmp5CCE.tmp\rjsec409.ZIP", message = "rjsec409")~~RJStevensMusicPresentationCreator.Program~0000001976
2024-12-15 09:56:56.8202~DEBUG~-> ExtractAllFromFile(zipFileName = "C:\Users\cofc_\AppData\Local\Temp\tmp5CCE.tmp\rjsec409.ZIP", decompressedFolder = "C:\Users\cofc_\AppData\Local\Temp\tmp5EC3.tmp", message = "rjsec409")~~RJStevensMusicPresentationCreator.Program~0000001977
2024-12-15 09:56:57.0867~DEBUG~extract completed~~RJStevensMusicPresentationCreator.Program~0000001978
2024-12-15 09:56:57.0897~DEBUG~<- ExtractAllFromFile(zipFileName = "C:\Users\cofc_\AppData\Local\Temp\tmp5CCE.tmp\rjsec409.ZIP", decompressedFolder = "C:\Users\cofc_\AppData\Local\Temp\tmp5EC3.tmp", message = "rjsec409")~~RJStevensMusicPresentationCreator.Program~0000001979
2024-12-15 09:56:57.1647~DEBUG~-> DownloadFile(url = "https://faas-nyc1-2ef2e6cc.doserverless.co/api/v1/web/fn-dd7f8f6a-d32a-4f5e-ae7b-870dfb7963f3/downloads/bundle?id=000000000000417", filename = "C:\Users\cofc_\AppData\Local\Temp\tmp601C.tmp\rjsec410.ZIP", message = "rjsec410")~~RJStevensMusicPresentationCreator.Program~0000001980
2024-12-15 09:56:57.6687~DEBUG~download completed~~RJStevensMusicPresentationCreator.Program~0000001981
2024-12-15 09:56:57.6687~DEBUG~<- DownloadFile(url = "https://faas-nyc1-2ef2e6cc.doserverless.co/api/v1/web/fn-dd7f8f6a-d32a-4f5e-ae7b-870dfb7963f3/downloads/bundle?id=000000000000417", filename = "C:\Users\cofc_\AppData\Local\Temp\tmp601C.tmp\rjsec410.ZIP", message = "rjsec410")~~RJStevensMusicPresentationCreator.Program~0000001982
2024-12-15 09:56:57.6877~DEBUG~-> ExtractAllFromFile(zipFileName = "C:\Users\cofc_\AppData\Local\Temp\tmp601C.tmp\rjsec410.ZIP", decompressedFolder = "C:\Users\cofc_\AppData\Local\Temp\tmp6230.tmp", message = "rjsec410")~~RJStevensMusicPresentationCreator.Program~0000001983
2024-12-15 09:56:57.9858~DEBUG~extract completed~~RJStevensMusicPresentationCreator.Program~0000001984
2024-12-15 09:56:57.9858~DEBUG~<- ExtractAllFromFile(zipFileName = "C:\Users\cofc_\AppData\Local\Temp\tmp601C.tmp\rjsec410.ZIP", decompressedFolder = "C:\Users\cofc_\AppData\Local\Temp\tmp6230.tmp", message = "rjsec410")~~RJStevensMusicPresentationCreator.Program~0000001985
2024-12-15 09:56:58.0668~DEBUG~-> DownloadFile(url = "https://faas-nyc1-2ef2e6cc.doserverless.co/api/v1/web/fn-dd7f8f6a-d32a-4f5e-ae7b-870dfb7963f3/downloads/bundle?id=000000000000418", filename = "C:\Users\cofc_\AppData\Local\Temp\tmp63A8.tmp\rjsec411.ZIP", message = "rjsec411")~~RJStevensMusicPresentationCreator.Program~0000001986
2024-12-15 09:56:58.4828~DEBUG~download completed~~RJStevensMusicPresentationCreator.Program~0000001987
2024-12-15 09:56:58.4828~DEBUG~<- DownloadFile(url = "https://faas-nyc1-2ef2e6cc.doserverless.co/api/v1/web/fn-dd7f8f6a-d32a-4f5e-ae7b-870dfb7963f3/downloads/bundle?id=000000000000418", filename = "C:\Users\cofc_\AppData\Local\Temp\tmp63A8.tmp\rjsec411.ZIP", message = "rjsec411")~~RJStevensMusicPresentationCreator.Program~0000001988
2024-12-15 09:56:58.4988~DEBUG~-> ExtractAllFromFile(zipFileName = "C:\Users\cofc_\AppData\Local\Temp\tmp63A8.tmp\rjsec411.ZIP", decompressedFolder = "C:\Users\cofc_\AppData\Local\Temp\tmp655E.tmp", message = "rjsec411")~~RJStevensMusicPresentationCreator.Program~0000001989
2024-12-15 09:56:58.7218~DEBUG~extract completed~~RJStevensMusicPresentationCreator.Program~0000001990
2024-12-15 09:56:58.7218~DEBUG~<- ExtractAllFromFile(zipFileName = "C:\Users\cofc_\AppData\Local\Temp\tmp63A8.tmp\rjsec411.ZIP", decompressedFolder = "C:\Users\cofc_\AppData\Local\Temp\tmp655E.tmp", message = "rjsec411")~~RJStevensMusicPresentationCreator.Program~0000001991
2024-12-15 09:56:58.7968~DEBUG~-> DownloadFile(url = "https://faas-nyc1-2ef2e6cc.doserverless.co/api/v1/web/fn-dd7f8f6a-d32a-4f5e-ae7b-870dfb7963f3/downloads/bundle?id=000000000000419", filename = "C:\Users\cofc_\AppData\Local\Temp\tmp6688.tmp\rjsec412.ZIP", message = "rjsec412")~~RJStevensMusicPresentationCreator.Program~0000001992
2024-12-15 09:56:59.5490~DEBUG~download completed~~RJStevensMusicPresentationCreator.Program~0000001993
2024-12-15 09:56:59.5490~DEBUG~<- DownloadFile(url = "https://faas-nyc1-2ef2e6cc.doserverless.co/api/v1/web/fn-dd7f8f6a-d32a-4f5e-ae7b-870dfb7963f3/downloads/bundle?id=000000000000419", filename = "C:\Users\cofc_\AppData\Local\Temp\tmp6688.tmp\rjsec412.ZIP", message = "rjsec412")~~RJStevensMusicPresentationCreator.Program~0000001994
2024-12-15 09:56:59.5700~DEBUG~-> ExtractAllFromFile(zipFileName = "C:\Users\cofc_\AppData\Local\Temp\tmp6688.tmp\rjsec412.ZIP", decompressedFolder = "C:\Users\cofc_\AppData\Local\Temp\tmp6987.tmp", message = "rjsec412")~~RJStevensMusicPresentationCreator.Program~0000001995
2024-12-15 09:56:59.8330~DEBUG~extract completed~~RJStevensMusicPresentationCreator.Program~0000001996
2024-12-15 09:56:59.8330~DEBUG~<- ExtractAllFromFile(zipFileName = "C:\Users\cofc_\AppData\Local\Temp\tmp6688.tmp\rjsec412.ZIP", decompressedFolder = "C:\Users\cofc_\AppData\Local\Temp\tmp6987.tmp", message = "rjsec412")~~RJStevensMusicPresentationCreator.Program~0000001997
2024-12-15 09:56:59.9161~DEBUG~-> DownloadFile(url = "https://faas-nyc1-2ef2e6cc.doserverless.co/api/v1/web/fn-dd7f8f6a-d32a-4f5e-ae7b-870dfb7963f3/downloads/bundle?id=000000000000421", filename = "C:\Users\cofc_\AppData\Local\Temp\tmp6AE0.tmp\rjsec414.ZIP", message = "rjsec414")~~RJStevensMusicPresentationCreator.Program~0000001998
2024-12-15 09:57:00.3961~DEBUG~download completed~~RJStevensMusicPresentationCreator.Program~0000001999
2024-12-15 09:57:00.3961~DEBUG~<- DownloadFile(url = "https://faas-nyc1-2ef2e6cc.doserverless.co/api/v1/web/fn-dd7f8f6a-d32a-4f5e-ae7b-870dfb7963f3/downloads/bundle?id=000000000000421", filename = "C:\Users\cofc_\AppData\Local\Temp\tmp6AE0.tmp\rjsec414.ZIP", message = "rjsec414")~~RJStevensMusicPresentationCreator.Program~0000002000
2024-12-15 09:57:00.4151~DEBUG~-> ExtractAllFromFile(zipFileName = "C:\Users\cofc_\AppData\Local\Temp\tmp6AE0.tmp\rjsec414.ZIP", decompressedFolder = "C:\Users\cofc_\AppData\Local\Temp\tmp6CD5.tmp", message = "rjsec414")~~RJStevensMusicPresentationCreator.Program~0000002001
2024-12-15 09:57:00.6311~DEBUG~extract completed~~RJStevensMusicPresentationCreator.Program~0000002002
2024-12-15 09:57:00.6311~DEBUG~<- ExtractAllFromFile(zipFileName = "C:\Users\cofc_\AppData\Local\Temp\tmp6AE0.tmp\rjsec414.ZIP", decompressedFolder = "C:\Users\cofc_\AppData\Local\Temp\tmp6CD5.tmp", message = "rjsec414")~~RJStevensMusicPresentationCreator.Program~0000002003
2024-12-15 09:57:00.7021~DEBUG~-> DownloadFile(url = "https://faas-nyc1-2ef2e6cc.doserverless.co/api/v1/web/fn-dd7f8f6a-d32a-4f5e-ae7b-870dfb7963f3/downloads/bundle?id=000000000000422", filename = "C:\Users\cofc_\AppData\Local\Temp\tmp6DFF.tmp\rjsec415.ZIP", message = "rjsec415")~~RJStevensMusicPresentationCreator.Program~0000002004
2024-12-15 09:57:01.1592~DEBUG~download completed~~RJStevensMusicPresentationCreator.Program~0000002005
2024-12-15 09:57:01.1592~DEBUG~<- DownloadFile(url = "https://faas-nyc1-2ef2e6cc.doserverless.co/api/v1/web/fn-dd7f8f6a-d32a-4f5e-ae7b-870dfb7963f3/downloads/bundle?id=000000000000422", filename = "C:\Users\cofc_\AppData\Local\Temp\tmp6DFF.tmp\rjsec415.ZIP", message = "rjsec415")~~RJStevensMusicPresentationCreator.Program~0000002006
2024-12-15 09:57:01.1732~DEBUG~-> ExtractAllFromFile(zipFileName = "C:\Users\cofc_\AppData\Local\Temp\tmp6DFF.tmp\rjsec415.ZIP", decompressedFolder = "C:\Users\cofc_\AppData\Local\Temp\tmp6FD4.tmp", message = "rjsec415")~~RJStevensMusicPresentationCreator.Program~0000002007
2024-12-15 09:57:01.4352~DEBUG~extract completed~~RJStevensMusicPresentationCreator.Program~0000002008
2024-12-15 09:57:01.4352~DEBUG~<- ExtractAllFromFile(zipFileName = "C:\Users\cofc_\AppData\Local\Temp\tmp6DFF.tmp\rjsec415.ZIP", decompressedFolder = "C:\Users\cofc_\AppData\Local\Temp\tmp6FD4.tmp", message = "rjsec415")~~RJStevensMusicPresentationCreator.Program~0000002009
2024-12-15 09:57:01.5062~DEBUG~-> DownloadFile(url = "https://faas-nyc1-2ef2e6cc.doserverless.co/api/v1/web/fn-dd7f8f6a-d32a-4f5e-ae7b-870dfb7963f3/downloads/bundle?id=000000000000423", filename = "C:\Users\cofc_\AppData\Local\Temp\tmp711D.tmp\rjsec416.ZIP", message = "rjsec416")~~RJStevensMusicPresentationCreator.Program~0000002010
2024-12-15 09:57:01.9333~DEBUG~download completed~~RJStevensMusicPresentationCreator.Program~0000002011
2024-12-15 09:57:01.9333~DEBUG~<- DownloadFile(url = "https://faas-nyc1-2ef2e6cc.doserverless.co/api/v1/web/fn-dd7f8f6a-d32a-4f5e-ae7b-870dfb7963f3/downloads/bundle?id=000000000000423", filename = "C:\Users\cofc_\AppData\Local\Temp\tmp711D.tmp\rjsec416.ZIP", message = "rjsec416")~~RJStevensMusicPresentationCreator.Program~0000002012
2024-12-15 09:57:01.9483~DEBUG~-> ExtractAllFromFile(zipFileName = "C:\Users\cofc_\AppData\Local\Temp\tmp711D.tmp\rjsec416.ZIP", decompressedFolder = "C:\Users\cofc_\AppData\Local\Temp\tmp72D4.tmp", message = "rjsec416")~~RJStevensMusicPresentationCreator.Program~0000002013
2024-12-15 09:57:02.1648~DEBUG~extract completed~~RJStevensMusicPresentationCreator.Program~0000002014
2024-12-15 09:57:02.1678~DEBUG~<- ExtractAllFromFile(zipFileName = "C:\Users\cofc_\AppData\Local\Temp\tmp711D.tmp\rjsec416.ZIP", decompressedFolder = "C:\Users\cofc_\AppData\Local\Temp\tmp72D4.tmp", message = "rjsec416")~~RJStevensMusicPresentationCreator.Program~0000002015
2024-12-15 09:57:02.2398~DEBUG~-> DownloadFile(url = "https://faas-nyc1-2ef2e6cc.doserverless.co/api/v1/web/fn-dd7f8f6a-d32a-4f5e-ae7b-870dfb7963f3/downloads/bundle?id=000000000000424", filename = "C:\Users\cofc_\AppData\Local\Temp\tmp73FE.tmp\rjsec417.ZIP", message = "rjsec417")~~RJStevensMusicPresentationCreator.Program~0000002016
2024-12-15 09:57:02.6749~DEBUG~download completed~~RJStevensMusicPresentationCreator.Program~0000002017
2024-12-15 09:57:02.6749~DEBUG~<- DownloadFile(url = "https://faas-nyc1-2ef2e6cc.doserverless.co/api/v1/web/fn-dd7f8f6a-d32a-4f5e-ae7b-870dfb7963f3/downloads/bundle?id=000000000000424", filename = "C:\Users\cofc_\AppData\Local\Temp\tmp73FE.tmp\rjsec417.ZIP", message = "rjsec417")~~RJStevensMusicPresentationCreator.Program~0000002018
2024-12-15 09:57:02.6919~DEBUG~-> ExtractAllFromFile(zipFileName = "C:\Users\cofc_\AppData\Local\Temp\tmp73FE.tmp\rjsec417.ZIP", decompressedFolder = "C:\Users\cofc_\AppData\Local\Temp\tmp75C4.tmp", message = "rjsec417")~~RJStevensMusicPresentationCreator.Program~0000002019
2024-12-15 09:57:02.9699~DEBUG~extract completed~~RJStevensMusicPresentationCreator.Program~0000002020
2024-12-15 09:57:02.9699~DEBUG~<- ExtractAllFromFile(zipFileName = "C:\Users\cofc_\AppData\Local\Temp\tmp73FE.tmp\rjsec417.ZIP", decompressedFolder = "C:\Users\cofc_\AppData\Local\Temp\tmp75C4.tmp", message = "rjsec417")~~RJStevensMusicPresentationCreator.Program~0000002021
2024-12-15 09:57:03.0489~DEBUG~-> DownloadFile(url = "https://faas-nyc1-2ef2e6cc.doserverless.co/api/v1/web/fn-dd7f8f6a-d32a-4f5e-ae7b-870dfb7963f3/downloads/bundle?id=000000000000425", filename = "C:\Users\cofc_\AppData\Local\Temp\tmp772C.tmp\rjsec418.ZIP", message = "rjsec418")~~RJStevensMusicPresentationCreator.Program~0000002022
2024-12-15 09:57:03.4879~DEBUG~download completed~~RJStevensMusicPresentationCreator.Program~0000002023
2024-12-15 09:57:03.4879~DEBUG~<- DownloadFile(url = "https://faas-nyc1-2ef2e6cc.doserverless.co/api/v1/web/fn-dd7f8f6a-d32a-4f5e-ae7b-870dfb7963f3/downloads/bundle?id=000000000000425", filename = "C:\Users\cofc_\AppData\Local\Temp\tmp772C.tmp\rjsec418.ZIP", message = "rjsec418")~~RJStevensMusicPresentationCreator.Program~0000002024
2024-12-15 09:57:03.5049~DEBUG~-> ExtractAllFromFile(zipFileName = "C:\Users\cofc_\AppData\Local\Temp\tmp772C.tmp\rjsec418.ZIP", decompressedFolder = "C:\Users\cofc_\AppData\Local\Temp\tmp78F2.tmp", message = "rjsec418")~~RJStevensMusicPresentationCreator.Program~0000002025
2024-12-15 09:57:03.7456~DEBUG~extract completed~~RJStevensMusicPresentationCreator.Program~0000002026
2024-12-15 09:57:03.7456~DEBUG~<- ExtractAllFromFile(zipFileName = "C:\Users\cofc_\AppData\Local\Temp\tmp772C.tmp\rjsec418.ZIP", decompressedFolder = "C:\Users\cofc_\AppData\Local\Temp\tmp78F2.tmp", message = "rjsec418")~~RJStevensMusicPresentationCreator.Program~0000002027
2024-12-15 09:57:03.8156~DEBUG~-> DownloadFile(url = "https://faas-nyc1-2ef2e6cc.doserverless.co/api/v1/web/fn-dd7f8f6a-d32a-4f5e-ae7b-870dfb7963f3/downloads/bundle?id=000000000000426", filename = "C:\Users\cofc_\AppData\Local\Temp\tmp7A2C.tmp\rjsec419.ZIP", message = "rjsec419")~~RJStevensMusicPresentationCreator.Program~0000002028
2024-12-15 09:57:04.2556~DEBUG~download completed~~RJStevensMusicPresentationCreator.Program~0000002029
2024-12-15 09:57:04.2556~DEBUG~<- DownloadFile(url = "https://faas-nyc1-2ef2e6cc.doserverless.co/api/v1/web/fn-dd7f8f6a-d32a-4f5e-ae7b-870dfb7963f3/downloads/bundle?id=000000000000426", filename = "C:\Users\cofc_\AppData\Local\Temp\tmp7A2C.tmp\rjsec419.ZIP", message = "rjsec419")~~RJStevensMusicPresentationCreator.Program~0000002030
2024-12-15 09:57:04.2706~DEBUG~-> ExtractAllFromFile(zipFileName = "C:\Users\cofc_\AppData\Local\Temp\tmp7A2C.tmp\rjsec419.ZIP", decompressedFolder = "C:\Users\cofc_\AppData\Local\Temp\tmp7BF2.tmp", message = "rjsec419")~~RJStevensMusicPresentationCreator.Program~0000002031
2024-12-15 09:57:04.5006~DEBUG~extract completed~~RJStevensMusicPresentationCreator.Program~0000002032
2024-12-15 09:57:04.5006~DEBUG~<- ExtractAllFromFile(zipFileName = "C:\Users\cofc_\AppData\Local\Temp\tmp7A2C.tmp\rjsec419.ZIP", decompressedFolder = "C:\Users\cofc_\AppData\Local\Temp\tmp7BF2.tmp", message = "rjsec419")~~RJStevensMusicPresentationCreator.Program~0000002033
2024-12-15 09:57:04.5786~DEBUG~-> DownloadFile(url = "https://faas-nyc1-2ef2e6cc.doserverless.co/api/v1/web/fn-dd7f8f6a-d32a-4f5e-ae7b-870dfb7963f3/downloads/bundle?id=000000000000427", filename = "C:\Users\cofc_\AppData\Local\Temp\tmp7D2C.tmp\rjsec420.ZIP", message = "rjsec420")~~RJStevensMusicPresentationCreator.Program~0000002034
2024-12-15 09:57:05.0947~DEBUG~download completed~~RJStevensMusicPresentationCreator.Program~0000002035
2024-12-15 09:57:05.0947~DEBUG~<- DownloadFile(url = "https://faas-nyc1-2ef2e6cc.doserverless.co/api/v1/web/fn-dd7f8f6a-d32a-4f5e-ae7b-870dfb7963f3/downloads/bundle?id=000000000000427", filename = "C:\Users\cofc_\AppData\Local\Temp\tmp7D2C.tmp\rjsec420.ZIP", message = "rjsec420")~~RJStevensMusicPresentationCreator.Program~0000002036
2024-12-15 09:57:05.1137~DEBUG~-> ExtractAllFromFile(zipFileName = "C:\Users\cofc_\AppData\Local\Temp\tmp7D2C.tmp\rjsec420.ZIP", decompressedFolder = "C:\Users\cofc_\AppData\Local\Temp\tmp7F40.tmp", message = "rjsec420")~~RJStevensMusicPresentationCreator.Program~0000002037
2024-12-15 09:57:05.3867~DEBUG~extract completed~~RJStevensMusicPresentationCreator.Program~0000002038
2024-12-15 09:57:05.3867~DEBUG~<- ExtractAllFromFile(zipFileName = "C:\Users\cofc_\AppData\Local\Temp\tmp7D2C.tmp\rjsec420.ZIP", decompressedFolder = "C:\Users\cofc_\AppData\Local\Temp\tmp7F40.tmp", message = "rjsec420")~~RJStevensMusicPresentationCreator.Program~0000002039
2024-12-15 09:57:05.4627~DEBUG~-> DownloadFile(url = "https://faas-nyc1-2ef2e6cc.doserverless.co/api/v1/web/fn-dd7f8f6a-d32a-4f5e-ae7b-870dfb7963f3/downloads/bundle?id=000000000000428", filename = "C:\Users\cofc_\AppData\Local\Temp\tmp8099.tmp\rjsec421.ZIP", message = "rjsec421")~~RJStevensMusicPresentationCreator.Program~0000002040
2024-12-15 09:57:05.8957~DEBUG~download completed~~RJStevensMusicPresentationCreator.Program~0000002041
2024-12-15 09:57:05.8957~DEBUG~<- DownloadFile(url = "https://faas-nyc1-2ef2e6cc.doserverless.co/api/v1/web/fn-dd7f8f6a-d32a-4f5e-ae7b-870dfb7963f3/downloads/bundle?id=000000000000428", filename = "C:\Users\cofc_\AppData\Local\Temp\tmp8099.tmp\rjsec421.ZIP", message = "rjsec421")~~RJStevensMusicPresentationCreator.Program~0000002042
2024-12-15 09:57:05.9097~DEBUG~-> ExtractAllFromFile(zipFileName = "C:\Users\cofc_\AppData\Local\Temp\tmp8099.tmp\rjsec421.ZIP", decompressedFolder = "C:\Users\cofc_\AppData\Local\Temp\tmp825F.tmp", message = "rjsec421")~~RJStevensMusicPresentationCreator.Program~0000002043
2024-12-15 09:57:06.1368~DEBUG~extract completed~~RJStevensMusicPresentationCreator.Program~0000002044
2024-12-15 09:57:06.1368~DEBUG~<- ExtractAllFromFile(zipFileName = "C:\Users\cofc_\AppData\Local\Temp\tmp8099.tmp\rjsec421.ZIP", decompressedFolder = "C:\Users\cofc_\AppData\Local\Temp\tmp825F.tmp", message = "rjsec421")~~RJStevensMusicPresentationCreator.Program~0000002045
2024-12-15 09:57:06.2048~DEBUG~-> DownloadFile(url = "https://faas-nyc1-2ef2e6cc.doserverless.co/api/v1/web/fn-dd7f8f6a-d32a-4f5e-ae7b-870dfb7963f3/downloads/bundle?id=000000000000429", filename = "C:\Users\cofc_\AppData\Local\Temp\tmp8389.tmp\rjsec422.ZIP", message = "rjsec422")~~RJStevensMusicPresentationCreator.Program~0000002046
2024-12-15 09:57:06.6658~DEBUG~download completed~~RJStevensMusicPresentationCreator.Program~0000002047
2024-12-15 09:57:06.6668~DEBUG~<- DownloadFile(url = "https://faas-nyc1-2ef2e6cc.doserverless.co/api/v1/web/fn-dd7f8f6a-d32a-4f5e-ae7b-870dfb7963f3/downloads/bundle?id=000000000000429", filename = "C:\Users\cofc_\AppData\Local\Temp\tmp8389.tmp\rjsec422.ZIP", message = "rjsec422")~~RJStevensMusicPresentationCreator.Program~0000002048
2024-12-15 09:57:06.6868~DEBUG~-> ExtractAllFromFile(zipFileName = "C:\Users\cofc_\AppData\Local\Temp\tmp8389.tmp\rjsec422.ZIP", decompressedFolder = "C:\Users\cofc_\AppData\Local\Temp\tmp856E.tmp", message = "rjsec422")~~RJStevensMusicPresentationCreator.Program~0000002049
2024-12-15 09:57:07.0128~DEBUG~extract completed~~RJStevensMusicPresentationCreator.Program~0000002050
2024-12-15 09:57:07.0128~DEBUG~<- ExtractAllFromFile(zipFileName = "C:\Users\cofc_\AppData\Local\Temp\tmp8389.tmp\rjsec422.ZIP", decompressedFolder = "C:\Users\cofc_\AppData\Local\Temp\tmp856E.tmp", message = "rjsec422")~~RJStevensMusicPresentationCreator.Program~0000002051
2024-12-15 09:57:07.1038~DEBUG~-> DownloadFile(url = "https://faas-nyc1-2ef2e6cc.doserverless.co/api/v1/web/fn-dd7f8f6a-d32a-4f5e-ae7b-870dfb7963f3/downloads/bundle?id=000000000000430", filename = "C:\Users\cofc_\AppData\Local\Temp\tmp8705.tmp\rjsec423.ZIP", message = "rjsec423")~~RJStevensMusicPresentationCreator.Program~0000002052
2024-12-15 09:57:07.5649~DEBUG~download completed~~RJStevensMusicPresentationCreator.Program~0000002053
2024-12-15 09:57:07.5649~DEBUG~<- DownloadFile(url = "https://faas-nyc1-2ef2e6cc.doserverless.co/api/v1/web/fn-dd7f8f6a-d32a-4f5e-ae7b-870dfb7963f3/downloads/bundle?id=000000000000430", filename = "C:\Users\cofc_\AppData\Local\Temp\tmp8705.tmp\rjsec423.ZIP", message = "rjsec423")~~RJStevensMusicPresentationCreator.Program~0000002054
2024-12-15 09:57:07.5789~DEBUG~-> ExtractAllFromFile(zipFileName = "C:\Users\cofc_\AppData\Local\Temp\tmp8705.tmp\rjsec423.ZIP", decompressedFolder = "C:\Users\cofc_\AppData\Local\Temp\tmp88EB.tmp", message = "rjsec423")~~RJStevensMusicPresentationCreator.Program~0000002055
2024-12-15 09:57:07.8419~DEBUG~extract completed~~RJStevensMusicPresentationCreator.Program~0000002056
2024-12-15 09:57:07.8419~DEBUG~<- ExtractAllFromFile(zipFileName = "C:\Users\cofc_\AppData\Local\Temp\tmp8705.tmp\rjsec423.ZIP", decompressedFolder = "C:\Users\cofc_\AppData\Local\Temp\tmp88EB.tmp", message = "rjsec423")~~RJStevensMusicPresentationCreator.Program~0000002057
2024-12-15 09:57:07.9119~DEBUG~-> DownloadFile(url = "https://faas-nyc1-2ef2e6cc.doserverless.co/api/v1/web/fn-dd7f8f6a-d32a-4f5e-ae7b-870dfb7963f3/downloads/bundle?id=000000000000431", filename = "C:\Users\cofc_\AppData\Local\Temp\tmp8A34.tmp\rjsec424.ZIP", message = "rjsec424")~~RJStevensMusicPresentationCreator.Program~0000002058
2024-12-15 09:57:08.3289~DEBUG~download completed~~RJStevensMusicPresentationCreator.Program~0000002059
2024-12-15 09:57:08.3289~DEBUG~<- DownloadFile(url = "https://faas-nyc1-2ef2e6cc.doserverless.co/api/v1/web/fn-dd7f8f6a-d32a-4f5e-ae7b-870dfb7963f3/downloads/bundle?id=000000000000431", filename = "C:\Users\cofc_\AppData\Local\Temp\tmp8A34.tmp\rjsec424.ZIP", message = "rjsec424")~~RJStevensMusicPresentationCreator.Program~0000002060
2024-12-15 09:57:08.3449~DEBUG~-> ExtractAllFromFile(zipFileName = "C:\Users\cofc_\AppData\Local\Temp\tmp8A34.tmp\rjsec424.ZIP", decompressedFolder = "C:\Users\cofc_\AppData\Local\Temp\tmp8BEA.tmp", message = "rjsec424")~~RJStevensMusicPresentationCreator.Program~0000002061
2024-12-15 09:57:08.5770~DEBUG~extract completed~~RJStevensMusicPresentationCreator.Program~0000002062
2024-12-15 09:57:08.5770~DEBUG~<- ExtractAllFromFile(zipFileName = "C:\Users\cofc_\AppData\Local\Temp\tmp8A34.tmp\rjsec424.ZIP", decompressedFolder = "C:\Users\cofc_\AppData\Local\Temp\tmp8BEA.tmp", message = "rjsec424")~~RJStevensMusicPresentationCreator.Program~0000002063
2024-12-15 09:57:08.6430~DEBUG~-> DownloadFile(url = "https://faas-nyc1-2ef2e6cc.doserverless.co/api/v1/web/fn-dd7f8f6a-d32a-4f5e-ae7b-870dfb7963f3/downloads/bundle?id=000000000000432", filename = "C:\Users\cofc_\AppData\Local\Temp\tmp8D14.tmp\rjsec425.ZIP", message = "rjsec425")~~RJStevensMusicPresentationCreator.Program~0000002064
2024-12-15 09:57:09.0880~DEBUG~download completed~~RJStevensMusicPresentationCreator.Program~0000002065
2024-12-15 09:57:09.0880~DEBUG~<- DownloadFile(url = "https://faas-nyc1-2ef2e6cc.doserverless.co/api/v1/web/fn-dd7f8f6a-d32a-4f5e-ae7b-870dfb7963f3/downloads/bundle?id=000000000000432", filename = "C:\Users\cofc_\AppData\Local\Temp\tmp8D14.tmp\rjsec425.ZIP", message = "rjsec425")~~RJStevensMusicPresentationCreator.Program~0000002066
2024-12-15 09:57:09.1040~DEBUG~-> ExtractAllFromFile(zipFileName = "C:\Users\cofc_\AppData\Local\Temp\tmp8D14.tmp\rjsec425.ZIP", decompressedFolder = "C:\Users\cofc_\AppData\Local\Temp\tmp8EDA.tmp", message = "rjsec425")~~RJStevensMusicPresentationCreator.Program~0000002067
2024-12-15 09:57:09.3460~DEBUG~extract completed~~RJStevensMusicPresentationCreator.Program~0000002068
2024-12-15 09:57:09.3460~DEBUG~<- ExtractAllFromFile(zipFileName = "C:\Users\cofc_\AppData\Local\Temp\tmp8D14.tmp\rjsec425.ZIP", decompressedFolder = "C:\Users\cofc_\AppData\Local\Temp\tmp8EDA.tmp", message = "rjsec425")~~RJStevensMusicPresentationCreator.Program~0000002069
2024-12-15 09:57:09.4150~DEBUG~-> DownloadFile(url = "https://faas-nyc1-2ef2e6cc.doserverless.co/api/v1/web/fn-dd7f8f6a-d32a-4f5e-ae7b-870dfb7963f3/downloads/bundle?id=000000000000433", filename = "C:\Users\cofc_\AppData\Local\Temp\tmp9014.tmp\rjsec426.ZIP", message = "rjsec426")~~RJStevensMusicPresentationCreator.Program~0000002070
2024-12-15 09:57:09.8501~DEBUG~download completed~~RJStevensMusicPresentationCreator.Program~0000002071
2024-12-15 09:57:09.8501~DEBUG~<- DownloadFile(url = "https://faas-nyc1-2ef2e6cc.doserverless.co/api/v1/web/fn-dd7f8f6a-d32a-4f5e-ae7b-870dfb7963f3/downloads/bundle?id=000000000000433", filename = "C:\Users\cofc_\AppData\Local\Temp\tmp9014.tmp\rjsec426.ZIP", message = "rjsec426")~~RJStevensMusicPresentationCreator.Program~0000002072
2024-12-15 09:57:09.8651~DEBUG~-> ExtractAllFromFile(zipFileName = "C:\Users\cofc_\AppData\Local\Temp\tmp9014.tmp\rjsec426.ZIP", decompressedFolder = "C:\Users\cofc_\AppData\Local\Temp\tmp91DA.tmp", message = "rjsec426")~~RJStevensMusicPresentationCreator.Program~0000002073
2024-12-15 09:57:10.1054~DEBUG~extract completed~~RJStevensMusicPresentationCreator.Program~0000002074
2024-12-15 09:57:10.1054~DEBUG~<- ExtractAllFromFile(zipFileName = "C:\Users\cofc_\AppData\Local\Temp\tmp9014.tmp\rjsec426.ZIP", decompressedFolder = "C:\Users\cofc_\AppData\Local\Temp\tmp91DA.tmp", message = "rjsec426")~~RJStevensMusicPresentationCreator.Program~0000002075
2024-12-15 09:57:10.1844~DEBUG~-> DownloadFile(url = "https://faas-nyc1-2ef2e6cc.doserverless.co/api/v1/web/fn-dd7f8f6a-d32a-4f5e-ae7b-870dfb7963f3/downloads/bundle?id=000000000000434", filename = "C:\Users\cofc_\AppData\Local\Temp\tmp9323.tmp\rjsec427.ZIP", message = "rjsec427")~~RJStevensMusicPresentationCreator.Program~0000002076
2024-12-15 09:57:10.6275~DEBUG~download completed~~RJStevensMusicPresentationCreator.Program~0000002077
2024-12-15 09:57:10.6275~DEBUG~<- DownloadFile(url = "https://faas-nyc1-2ef2e6cc.doserverless.co/api/v1/web/fn-dd7f8f6a-d32a-4f5e-ae7b-870dfb7963f3/downloads/bundle?id=000000000000434", filename = "C:\Users\cofc_\AppData\Local\Temp\tmp9323.tmp\rjsec427.ZIP", message = "rjsec427")~~RJStevensMusicPresentationCreator.Program~0000002078
2024-12-15 09:57:10.6435~DEBUG~-> ExtractAllFromFile(zipFileName = "C:\Users\cofc_\AppData\Local\Temp\tmp9323.tmp\rjsec427.ZIP", decompressedFolder = "C:\Users\cofc_\AppData\Local\Temp\tmp94E9.tmp", message = "rjsec427")~~RJStevensMusicPresentationCreator.Program~0000002079
2024-12-15 09:57:10.9175~DEBUG~extract completed~~RJStevensMusicPresentationCreator.Program~0000002080
2024-12-15 09:57:10.9175~DEBUG~<- ExtractAllFromFile(zipFileName = "C:\Users\cofc_\AppData\Local\Temp\tmp9323.tmp\rjsec427.ZIP", decompressedFolder = "C:\Users\cofc_\AppData\Local\Temp\tmp94E9.tmp", message = "rjsec427")~~RJStevensMusicPresentationCreator.Program~0000002081
2024-12-15 09:57:10.9905~DEBUG~-> DownloadFile(url = "https://faas-nyc1-2ef2e6cc.doserverless.co/api/v1/web/fn-dd7f8f6a-d32a-4f5e-ae7b-870dfb7963f3/downloads/bundle?id=000000000000435", filename = "C:\Users\cofc_\AppData\Local\Temp\tmp9642.tmp\rjsec428.ZIP", message = "rjsec428")~~RJStevensMusicPresentationCreator.Program~0000002082
2024-12-15 09:57:11.4155~DEBUG~download completed~~RJStevensMusicPresentationCreator.Program~0000002083
2024-12-15 09:57:11.4155~DEBUG~<- DownloadFile(url = "https://faas-nyc1-2ef2e6cc.doserverless.co/api/v1/web/fn-dd7f8f6a-d32a-4f5e-ae7b-870dfb7963f3/downloads/bundle?id=000000000000435", filename = "C:\Users\cofc_\AppData\Local\Temp\tmp9642.tmp\rjsec428.ZIP", message = "rjsec428")~~RJStevensMusicPresentationCreator.Program~0000002084
2024-12-15 09:57:11.4415~DEBUG~-> ExtractAllFromFile(zipFileName = "C:\Users\cofc_\AppData\Local\Temp\tmp9642.tmp\rjsec428.ZIP", decompressedFolder = "C:\Users\cofc_\AppData\Local\Temp\tmp9808.tmp", message = "rjsec428")~~RJStevensMusicPresentationCreator.Program~0000002085
2024-12-15 09:57:11.6195~DEBUG~extract completed~~RJStevensMusicPresentationCreator.Program~0000002086
2024-12-15 09:57:11.6195~DEBUG~<- ExtractAllFromFile(zipFileName = "C:\Users\cofc_\AppData\Local\Temp\tmp9642.tmp\rjsec428.ZIP", decompressedFolder = "C:\Users\cofc_\AppData\Local\Temp\tmp9808.tmp", message = "rjsec428")~~RJStevensMusicPresentationCreator.Program~0000002087
2024-12-15 09:57:11.6865~DEBUG~-> DownloadFile(url = "https://faas-nyc1-2ef2e6cc.doserverless.co/api/v1/web/fn-dd7f8f6a-d32a-4f5e-ae7b-870dfb7963f3/downloads/bundle?id=000000000000436", filename = "C:\Users\cofc_\AppData\Local\Temp\tmp9903.tmp\rjsec429.ZIP", message = "rjsec429")~~RJStevensMusicPresentationCreator.Program~0000002088
2024-12-15 09:57:12.1456~DEBUG~download completed~~RJStevensMusicPresentationCreator.Program~0000002089
2024-12-15 09:57:12.1456~DEBUG~<- DownloadFile(url = "https://faas-nyc1-2ef2e6cc.doserverless.co/api/v1/web/fn-dd7f8f6a-d32a-4f5e-ae7b-870dfb7963f3/downloads/bundle?id=000000000000436", filename = "C:\Users\cofc_\AppData\Local\Temp\tmp9903.tmp\rjsec429.ZIP", message = "rjsec429")~~RJStevensMusicPresentationCreator.Program~0000002090
2024-12-15 09:57:12.1626~DEBUG~-> ExtractAllFromFile(zipFileName = "C:\Users\cofc_\AppData\Local\Temp\tmp9903.tmp\rjsec429.ZIP", decompressedFolder = "C:\Users\cofc_\AppData\Local\Temp\tmp9AD9.tmp", message = "rjsec429")~~RJStevensMusicPresentationCreator.Program~0000002091
2024-12-15 09:57:12.4476~DEBUG~extract completed~~RJStevensMusicPresentationCreator.Program~0000002092
2024-12-15 09:57:12.4476~DEBUG~<- ExtractAllFromFile(zipFileName = "C:\Users\cofc_\AppData\Local\Temp\tmp9903.tmp\rjsec429.ZIP", decompressedFolder = "C:\Users\cofc_\AppData\Local\Temp\tmp9AD9.tmp", message = "rjsec429")~~RJStevensMusicPresentationCreator.Program~0000002093
2024-12-15 09:57:12.5246~DEBUG~-> DownloadFile(url = "https://faas-nyc1-2ef2e6cc.doserverless.co/api/v1/web/fn-dd7f8f6a-d32a-4f5e-ae7b-870dfb7963f3/downloads/bundle?id=000000000000437", filename = "C:\Users\cofc_\AppData\Local\Temp\tmp9C41.tmp\rjsec430.ZIP", message = "rjsec430")~~RJStevensMusicPresentationCreator.Program~0000002094
2024-12-15 09:57:12.9836~DEBUG~download completed~~RJStevensMusicPresentationCreator.Program~0000002095
2024-12-15 09:57:12.9836~DEBUG~<- DownloadFile(url = "https://faas-nyc1-2ef2e6cc.doserverless.co/api/v1/web/fn-dd7f8f6a-d32a-4f5e-ae7b-870dfb7963f3/downloads/bundle?id=000000000000437", filename = "C:\Users\cofc_\AppData\Local\Temp\tmp9C41.tmp\rjsec430.ZIP", message = "rjsec430")~~RJStevensMusicPresentationCreator.Program~0000002096
2024-12-15 09:57:13.0005~DEBUG~-> ExtractAllFromFile(zipFileName = "C:\Users\cofc_\AppData\Local\Temp\tmp9C41.tmp\rjsec430.ZIP", decompressedFolder = "C:\Users\cofc_\AppData\Local\Temp\tmp9E26.tmp", message = "rjsec430")~~RJStevensMusicPresentationCreator.Program~0000002097
2024-12-15 09:57:13.2455~DEBUG~extract completed~~RJStevensMusicPresentationCreator.Program~0000002098
2024-12-15 09:57:13.2455~DEBUG~<- ExtractAllFromFile(zipFileName = "C:\Users\cofc_\AppData\Local\Temp\tmp9C41.tmp\rjsec430.ZIP", decompressedFolder = "C:\Users\cofc_\AppData\Local\Temp\tmp9E26.tmp", message = "rjsec430")~~RJStevensMusicPresentationCreator.Program~0000002099
2024-12-15 09:57:13.3075~DEBUG~-> DownloadFile(url = "https://faas-nyc1-2ef2e6cc.doserverless.co/api/v1/web/fn-dd7f8f6a-d32a-4f5e-ae7b-870dfb7963f3/downloads/bundle?id=000000000000438", filename = "C:\Users\cofc_\AppData\Local\Temp\tmp9F50.tmp\rjsec431.ZIP", message = "rjsec431")~~RJStevensMusicPresentationCreator.Program~0000002100
2024-12-15 09:57:13.7986~DEBUG~download completed~~RJStevensMusicPresentationCreator.Program~0000002101
2024-12-15 09:57:13.7986~DEBUG~<- DownloadFile(url = "https://faas-nyc1-2ef2e6cc.doserverless.co/api/v1/web/fn-dd7f8f6a-d32a-4f5e-ae7b-870dfb7963f3/downloads/bundle?id=000000000000438", filename = "C:\Users\cofc_\AppData\Local\Temp\tmp9F50.tmp\rjsec431.ZIP", message = "rjsec431")~~RJStevensMusicPresentationCreator.Program~0000002102
2024-12-15 09:57:13.8126~DEBUG~-> ExtractAllFromFile(zipFileName = "C:\Users\cofc_\AppData\Local\Temp\tmp9F50.tmp\rjsec431.ZIP", decompressedFolder = "C:\Users\cofc_\AppData\Local\Temp\tmpA155.tmp", message = "rjsec431")~~RJStevensMusicPresentationCreator.Program~0000002103
2024-12-15 09:57:14.1336~DEBUG~extract completed~~RJStevensMusicPresentationCreator.Program~0000002104
2024-12-15 09:57:14.1366~DEBUG~<- ExtractAllFromFile(zipFileName = "C:\Users\cofc_\AppData\Local\Temp\tmp9F50.tmp\rjsec431.ZIP", decompressedFolder = "C:\Users\cofc_\AppData\Local\Temp\tmpA155.tmp", message = "rjsec431")~~RJStevensMusicPresentationCreator.Program~0000002105
2024-12-15 09:57:14.2226~DEBUG~-> DownloadFile(url = "https://faas-nyc1-2ef2e6cc.doserverless.co/api/v1/web/fn-dd7f8f6a-d32a-4f5e-ae7b-870dfb7963f3/downloads/bundle?id=000000000000439", filename = "C:\Users\cofc_\AppData\Local\Temp\tmpA2EC.tmp\rjsec432.ZIP", message = "rjsec432")~~RJStevensMusicPresentationCreator.Program~0000002106
2024-12-15 09:57:14.6627~DEBUG~download completed~~RJStevensMusicPresentationCreator.Program~0000002107
2024-12-15 09:57:14.6627~DEBUG~<- DownloadFile(url = "https://faas-nyc1-2ef2e6cc.doserverless.co/api/v1/web/fn-dd7f8f6a-d32a-4f5e-ae7b-870dfb7963f3/downloads/bundle?id=000000000000439", filename = "C:\Users\cofc_\AppData\Local\Temp\tmpA2EC.tmp\rjsec432.ZIP", message = "rjsec432")~~RJStevensMusicPresentationCreator.Program~0000002108
2024-12-15 09:57:14.6787~DEBUG~-> ExtractAllFromFile(zipFileName = "C:\Users\cofc_\AppData\Local\Temp\tmpA2EC.tmp\rjsec432.ZIP", decompressedFolder = "C:\Users\cofc_\AppData\Local\Temp\tmpA4B2.tmp", message = "rjsec432")~~RJStevensMusicPresentationCreator.Program~0000002109
2024-12-15 09:57:14.9237~DEBUG~extract completed~~RJStevensMusicPresentationCreator.Program~0000002110
2024-12-15 09:57:14.9237~DEBUG~<- ExtractAllFromFile(zipFileName = "C:\Users\cofc_\AppData\Local\Temp\tmpA2EC.tmp\rjsec432.ZIP", decompressedFolder = "C:\Users\cofc_\AppData\Local\Temp\tmpA4B2.tmp", message = "rjsec432")~~RJStevensMusicPresentationCreator.Program~0000002111
2024-12-15 09:57:14.9987~DEBUG~-> DownloadFile(url = "https://faas-nyc1-2ef2e6cc.doserverless.co/api/v1/web/fn-dd7f8f6a-d32a-4f5e-ae7b-870dfb7963f3/downloads/bundle?id=000000000000440", filename = "C:\Users\cofc_\AppData\Local\Temp\tmpA5FB.tmp\rjsec433.ZIP", message = "rjsec433")~~RJStevensMusicPresentationCreator.Program~0000002112
2024-12-15 09:57:15.3958~DEBUG~download completed~~RJStevensMusicPresentationCreator.Program~0000002113
2024-12-15 09:57:15.3958~DEBUG~<- DownloadFile(url = "https://faas-nyc1-2ef2e6cc.doserverless.co/api/v1/web/fn-dd7f8f6a-d32a-4f5e-ae7b-870dfb7963f3/downloads/bundle?id=000000000000440", filename = "C:\Users\cofc_\AppData\Local\Temp\tmpA5FB.tmp\rjsec433.ZIP", message = "rjsec433")~~RJStevensMusicPresentationCreator.Program~0000002114
2024-12-15 09:57:15.4108~DEBUG~-> ExtractAllFromFile(zipFileName = "C:\Users\cofc_\AppData\Local\Temp\tmpA5FB.tmp\rjsec433.ZIP", decompressedFolder = "C:\Users\cofc_\AppData\Local\Temp\tmpA793.tmp", message = "rjsec433")~~RJStevensMusicPresentationCreator.Program~0000002115
2024-12-15 09:57:15.6493~DEBUG~extract completed~~RJStevensMusicPresentationCreator.Program~0000002116
2024-12-15 09:57:15.6523~DEBUG~<- ExtractAllFromFile(zipFileName = "C:\Users\cofc_\AppData\Local\Temp\tmpA5FB.tmp\rjsec433.ZIP", decompressedFolder = "C:\Users\cofc_\AppData\Local\Temp\tmpA793.tmp", message = "rjsec433")~~RJStevensMusicPresentationCreator.Program~0000002117
2024-12-15 09:57:15.7243~DEBUG~-> DownloadFile(url = "https://faas-nyc1-2ef2e6cc.doserverless.co/api/v1/web/fn-dd7f8f6a-d32a-4f5e-ae7b-870dfb7963f3/downloads/bundle?id=000000000000441", filename = "C:\Users\cofc_\AppData\Local\Temp\tmpA8CC.tmp\rjsec434.ZIP", message = "rjsec434")~~RJStevensMusicPresentationCreator.Program~0000002118
2024-12-15 09:57:16.1423~DEBUG~download completed~~RJStevensMusicPresentationCreator.Program~0000002119
2024-12-15 09:57:16.1423~DEBUG~<- DownloadFile(url = "https://faas-nyc1-2ef2e6cc.doserverless.co/api/v1/web/fn-dd7f8f6a-d32a-4f5e-ae7b-870dfb7963f3/downloads/bundle?id=000000000000441", filename = "C:\Users\cofc_\AppData\Local\Temp\tmpA8CC.tmp\rjsec434.ZIP", message = "rjsec434")~~RJStevensMusicPresentationCreator.Program~0000002120
2024-12-15 09:57:16.1604~DEBUG~-> ExtractAllFromFile(zipFileName = "C:\Users\cofc_\AppData\Local\Temp\tmpA8CC.tmp\rjsec434.ZIP", decompressedFolder = "C:\Users\cofc_\AppData\Local\Temp\tmpAA83.tmp", message = "rjsec434")~~RJStevensMusicPresentationCreator.Program~0000002121
2024-12-15 09:57:16.4085~DEBUG~extract completed~~RJStevensMusicPresentationCreator.Program~0000002122
2024-12-15 09:57:16.4085~DEBUG~<- ExtractAllFromFile(zipFileName = "C:\Users\cofc_\AppData\Local\Temp\tmpA8CC.tmp\rjsec434.ZIP", decompressedFolder = "C:\Users\cofc_\AppData\Local\Temp\tmpAA83.tmp", message = "rjsec434")~~RJStevensMusicPresentationCreator.Program~0000002123
2024-12-15 09:57:16.4865~DEBUG~-> DownloadFile(url = "https://faas-nyc1-2ef2e6cc.doserverless.co/api/v1/web/fn-dd7f8f6a-d32a-4f5e-ae7b-870dfb7963f3/downloads/bundle?id=000000000000442", filename = "C:\Users\cofc_\AppData\Local\Temp\tmpABCC.tmp\rjsec435.ZIP", message = "rjsec435")~~RJStevensMusicPresentationCreator.Program~0000002124
2024-12-15 09:57:16.9245~DEBUG~download completed~~RJStevensMusicPresentationCreator.Program~0000002125
2024-12-15 09:57:16.9245~DEBUG~<- DownloadFile(url = "https://faas-nyc1-2ef2e6cc.doserverless.co/api/v1/web/fn-dd7f8f6a-d32a-4f5e-ae7b-870dfb7963f3/downloads/bundle?id=000000000000442", filename = "C:\Users\cofc_\AppData\Local\Temp\tmpABCC.tmp\rjsec435.ZIP", message = "rjsec435")~~RJStevensMusicPresentationCreator.Program~0000002126
2024-12-15 09:57:16.9395~DEBUG~-> ExtractAllFromFile(zipFileName = "C:\Users\cofc_\AppData\Local\Temp\tmpABCC.tmp\rjsec435.ZIP", decompressedFolder = "C:\Users\cofc_\AppData\Local\Temp\tmpAD92.tmp", message = "rjsec435")~~RJStevensMusicPresentationCreator.Program~0000002127
2024-12-15 09:57:17.1873~DEBUG~extract completed~~RJStevensMusicPresentationCreator.Program~0000002128
2024-12-15 09:57:17.1873~DEBUG~<- ExtractAllFromFile(zipFileName = "C:\Users\cofc_\AppData\Local\Temp\tmpABCC.tmp\rjsec435.ZIP", decompressedFolder = "C:\Users\cofc_\AppData\Local\Temp\tmpAD92.tmp", message = "rjsec435")~~RJStevensMusicPresentationCreator.Program~0000002129
2024-12-15 09:57:17.2543~DEBUG~-> DownloadFile(url = "https://faas-nyc1-2ef2e6cc.doserverless.co/api/v1/web/fn-dd7f8f6a-d32a-4f5e-ae7b-870dfb7963f3/downloads/bundle?id=000000000000446", filename = "C:\Users\cofc_\AppData\Local\Temp\tmpAECB.tmp\rjsec439.ZIP", message = "rjsec439")~~RJStevensMusicPresentationCreator.Program~0000002130
2024-12-15 09:57:17.7010~DEBUG~download completed~~RJStevensMusicPresentationCreator.Program~0000002131
2024-12-15 09:57:17.7010~DEBUG~<- DownloadFile(url = "https://faas-nyc1-2ef2e6cc.doserverless.co/api/v1/web/fn-dd7f8f6a-d32a-4f5e-ae7b-870dfb7963f3/downloads/bundle?id=000000000000446", filename = "C:\Users\cofc_\AppData\Local\Temp\tmpAECB.tmp\rjsec439.ZIP", message = "rjsec439")~~RJStevensMusicPresentationCreator.Program~0000002132
2024-12-15 09:57:17.7150~DEBUG~-> ExtractAllFromFile(zipFileName = "C:\Users\cofc_\AppData\Local\Temp\tmpAECB.tmp\rjsec439.ZIP", decompressedFolder = "C:\Users\cofc_\AppData\Local\Temp\tmpB0A1.tmp", message = "rjsec439")~~RJStevensMusicPresentationCreator.Program~0000002133
2024-12-15 09:57:17.9200~DEBUG~extract completed~~RJStevensMusicPresentationCreator.Program~0000002134
2024-12-15 09:57:17.9200~DEBUG~<- ExtractAllFromFile(zipFileName = "C:\Users\cofc_\AppData\Local\Temp\tmpAECB.tmp\rjsec439.ZIP", decompressedFolder = "C:\Users\cofc_\AppData\Local\Temp\tmpB0A1.tmp", message = "rjsec439")~~RJStevensMusicPresentationCreator.Program~0000002135
2024-12-15 09:57:17.9890~DEBUG~-> DownloadFile(url = "https://faas-nyc1-2ef2e6cc.doserverless.co/api/v1/web/fn-dd7f8f6a-d32a-4f5e-ae7b-870dfb7963f3/downloads/bundle?id=000000000000447", filename = "C:\Users\cofc_\AppData\Local\Temp\tmpB1AC.tmp\rjsec440.ZIP", message = "rjsec440")~~RJStevensMusicPresentationCreator.Program~0000002136
2024-12-15 09:57:18.4160~DEBUG~download completed~~RJStevensMusicPresentationCreator.Program~0000002137
2024-12-15 09:57:18.4160~DEBUG~<- DownloadFile(url = "https://faas-nyc1-2ef2e6cc.doserverless.co/api/v1/web/fn-dd7f8f6a-d32a-4f5e-ae7b-870dfb7963f3/downloads/bundle?id=000000000000447", filename = "C:\Users\cofc_\AppData\Local\Temp\tmpB1AC.tmp\rjsec440.ZIP", message = "rjsec440")~~RJStevensMusicPresentationCreator.Program~0000002138
2024-12-15 09:57:18.4320~DEBUG~-> ExtractAllFromFile(zipFileName = "C:\Users\cofc_\AppData\Local\Temp\tmpB1AC.tmp\rjsec440.ZIP", decompressedFolder = "C:\Users\cofc_\AppData\Local\Temp\tmpB372.tmp", message = "rjsec440")~~RJStevensMusicPresentationCreator.Program~0000002139
2024-12-15 09:57:18.6401~DEBUG~extract completed~~RJStevensMusicPresentationCreator.Program~0000002140
2024-12-15 09:57:18.6401~DEBUG~<- ExtractAllFromFile(zipFileName = "C:\Users\cofc_\AppData\Local\Temp\tmpB1AC.tmp\rjsec440.ZIP", decompressedFolder = "C:\Users\cofc_\AppData\Local\Temp\tmpB372.tmp", message = "rjsec440")~~RJStevensMusicPresentationCreator.Program~0000002141
2024-12-15 09:57:18.7061~DEBUG~-> DownloadFile(url = "https://faas-nyc1-2ef2e6cc.doserverless.co/api/v1/web/fn-dd7f8f6a-d32a-4f5e-ae7b-870dfb7963f3/downloads/bundle?id=000000000000448", filename = "C:\Users\cofc_\AppData\Local\Temp\tmpB47D.tmp\rjsec441.ZIP", message = "rjsec441")~~RJStevensMusicPresentationCreator.Program~0000002142
2024-12-15 09:57:19.1521~DEBUG~download completed~~RJStevensMusicPresentationCreator.Program~0000002143
2024-12-15 09:57:19.1521~DEBUG~<- DownloadFile(url = "https://faas-nyc1-2ef2e6cc.doserverless.co/api/v1/web/fn-dd7f8f6a-d32a-4f5e-ae7b-870dfb7963f3/downloads/bundle?id=000000000000448", filename = "C:\Users\cofc_\AppData\Local\Temp\tmpB47D.tmp\rjsec441.ZIP", message = "rjsec441")~~RJStevensMusicPresentationCreator.Program~0000002144
2024-12-15 09:57:19.1661~DEBUG~-> ExtractAllFromFile(zipFileName = "C:\Users\cofc_\AppData\Local\Temp\tmpB47D.tmp\rjsec441.ZIP", decompressedFolder = "C:\Users\cofc_\AppData\Local\Temp\tmpB652.tmp", message = "rjsec441")~~RJStevensMusicPresentationCreator.Program~0000002145
2024-12-15 09:57:19.3921~DEBUG~extract completed~~RJStevensMusicPresentationCreator.Program~0000002146
2024-12-15 09:57:19.3921~DEBUG~<- ExtractAllFromFile(zipFileName = "C:\Users\cofc_\AppData\Local\Temp\tmpB47D.tmp\rjsec441.ZIP", decompressedFolder = "C:\Users\cofc_\AppData\Local\Temp\tmpB652.tmp", message = "rjsec441")~~RJStevensMusicPresentationCreator.Program~0000002147
2024-12-15 09:57:19.4611~DEBUG~-> DownloadFile(url = "https://faas-nyc1-2ef2e6cc.doserverless.co/api/v1/web/fn-dd7f8f6a-d32a-4f5e-ae7b-870dfb7963f3/downloads/bundle?id=000000000000449", filename = "C:\Users\cofc_\AppData\Local\Temp\tmpB76D.tmp\rjsec442.ZIP", message = "rjsec442")~~RJStevensMusicPresentationCreator.Program~0000002148
2024-12-15 09:57:19.9072~DEBUG~download completed~~RJStevensMusicPresentationCreator.Program~0000002149
2024-12-15 09:57:19.9072~DEBUG~<- DownloadFile(url = "https://faas-nyc1-2ef2e6cc.doserverless.co/api/v1/web/fn-dd7f8f6a-d32a-4f5e-ae7b-870dfb7963f3/downloads/bundle?id=000000000000449", filename = "C:\Users\cofc_\AppData\Local\Temp\tmpB76D.tmp\rjsec442.ZIP", message = "rjsec442")~~RJStevensMusicPresentationCreator.Program~0000002150
2024-12-15 09:57:19.9242~DEBUG~-> ExtractAllFromFile(zipFileName = "C:\Users\cofc_\AppData\Local\Temp\tmpB76D.tmp\rjsec442.ZIP", decompressedFolder = "C:\Users\cofc_\AppData\Local\Temp\tmpB942.tmp", message = "rjsec442")~~RJStevensMusicPresentationCreator.Program~0000002151
2024-12-15 09:57:20.1803~DEBUG~extract completed~~RJStevensMusicPresentationCreator.Program~0000002152
2024-12-15 09:57:20.1853~DEBUG~<- ExtractAllFromFile(zipFileName = "C:\Users\cofc_\AppData\Local\Temp\tmpB76D.tmp\rjsec442.ZIP", decompressedFolder = "C:\Users\cofc_\AppData\Local\Temp\tmpB942.tmp", message = "rjsec442")~~RJStevensMusicPresentationCreator.Program~0000002153
2024-12-15 09:57:20.2573~DEBUG~-> DownloadFile(url = "https://faas-nyc1-2ef2e6cc.doserverless.co/api/v1/web/fn-dd7f8f6a-d32a-4f5e-ae7b-870dfb7963f3/downloads/bundle?id=000000000000450", filename = "C:\Users\cofc_\AppData\Local\Temp\tmpBA8B.tmp\rjsec443.ZIP", message = "rjsec443")~~RJStevensMusicPresentationCreator.Program~0000002154
2024-12-15 09:57:20.7684~DEBUG~download completed~~RJStevensMusicPresentationCreator.Program~0000002155
2024-12-15 09:57:20.7684~DEBUG~<- DownloadFile(url = "https://faas-nyc1-2ef2e6cc.doserverless.co/api/v1/web/fn-dd7f8f6a-d32a-4f5e-ae7b-870dfb7963f3/downloads/bundle?id=000000000000450", filename = "C:\Users\cofc_\AppData\Local\Temp\tmpBA8B.tmp\rjsec443.ZIP", message = "rjsec443")~~RJStevensMusicPresentationCreator.Program~0000002156
2024-12-15 09:57:20.7844~DEBUG~-> ExtractAllFromFile(zipFileName = "C:\Users\cofc_\AppData\Local\Temp\tmpBA8B.tmp\rjsec443.ZIP", decompressedFolder = "C:\Users\cofc_\AppData\Local\Temp\tmpBCA0.tmp", message = "rjsec443")~~RJStevensMusicPresentationCreator.Program~0000002157
2024-12-15 09:57:21.0694~DEBUG~extract completed~~RJStevensMusicPresentationCreator.Program~0000002158
2024-12-15 09:57:21.0724~DEBUG~<- ExtractAllFromFile(zipFileName = "C:\Users\cofc_\AppData\Local\Temp\tmpBA8B.tmp\rjsec443.ZIP", decompressedFolder = "C:\Users\cofc_\AppData\Local\Temp\tmpBCA0.tmp", message = "rjsec443")~~RJStevensMusicPresentationCreator.Program~0000002159
2024-12-15 09:57:21.1454~DEBUG~-> DownloadFile(url = "https://faas-nyc1-2ef2e6cc.doserverless.co/api/v1/web/fn-dd7f8f6a-d32a-4f5e-ae7b-870dfb7963f3/downloads/bundle?id=000000000000452", filename = "C:\Users\cofc_\AppData\Local\Temp\tmpBE08.tmp\rjsec445.ZIP", message = "rjsec445")~~RJStevensMusicPresentationCreator.Program~0000002160
2024-12-15 09:57:21.5766~DEBUG~download completed~~RJStevensMusicPresentationCreator.Program~0000002161
2024-12-15 09:57:21.5766~DEBUG~<- DownloadFile(url = "https://faas-nyc1-2ef2e6cc.doserverless.co/api/v1/web/fn-dd7f8f6a-d32a-4f5e-ae7b-870dfb7963f3/downloads/bundle?id=000000000000452", filename = "C:\Users\cofc_\AppData\Local\Temp\tmpBE08.tmp\rjsec445.ZIP", message = "rjsec445")~~RJStevensMusicPresentationCreator.Program~0000002162
2024-12-15 09:57:21.5956~DEBUG~-> ExtractAllFromFile(zipFileName = "C:\Users\cofc_\AppData\Local\Temp\tmpBE08.tmp\rjsec445.ZIP", decompressedFolder = "C:\Users\cofc_\AppData\Local\Temp\tmpBFCE.tmp", message = "rjsec445")~~RJStevensMusicPresentationCreator.Program~0000002163
2024-12-15 09:57:21.8766~DEBUG~extract completed~~RJStevensMusicPresentationCreator.Program~0000002164
2024-12-15 09:57:21.8766~DEBUG~<- ExtractAllFromFile(zipFileName = "C:\Users\cofc_\AppData\Local\Temp\tmpBE08.tmp\rjsec445.ZIP", decompressedFolder = "C:\Users\cofc_\AppData\Local\Temp\tmpBFCE.tmp", message = "rjsec445")~~RJStevensMusicPresentationCreator.Program~0000002165
2024-12-15 09:57:21.9566~DEBUG~-> DownloadFile(url = "https://faas-nyc1-2ef2e6cc.doserverless.co/api/v1/web/fn-dd7f8f6a-d32a-4f5e-ae7b-870dfb7963f3/downloads/bundle?id=000000000000454", filename = "C:\Users\cofc_\AppData\Local\Temp\tmpC137.tmp\rjsec447.ZIP", message = "rjsec447")~~RJStevensMusicPresentationCreator.Program~0000002166
2024-12-15 09:57:22.3786~DEBUG~download completed~~RJStevensMusicPresentationCreator.Program~0000002167
2024-12-15 09:57:22.3786~DEBUG~<- DownloadFile(url = "https://faas-nyc1-2ef2e6cc.doserverless.co/api/v1/web/fn-dd7f8f6a-d32a-4f5e-ae7b-870dfb7963f3/downloads/bundle?id=000000000000454", filename = "C:\Users\cofc_\AppData\Local\Temp\tmpC137.tmp\rjsec447.ZIP", message = "rjsec447")~~RJStevensMusicPresentationCreator.Program~0000002168
2024-12-15 09:57:22.3926~DEBUG~-> ExtractAllFromFile(zipFileName = "C:\Users\cofc_\AppData\Local\Temp\tmpC137.tmp\rjsec447.ZIP", decompressedFolder = "C:\Users\cofc_\AppData\Local\Temp\tmpC2ED.tmp", message = "rjsec447")~~RJStevensMusicPresentationCreator.Program~0000002169
2024-12-15 09:57:22.6087~DEBUG~extract completed~~RJStevensMusicPresentationCreator.Program~0000002170
2024-12-15 09:57:22.6087~DEBUG~<- ExtractAllFromFile(zipFileName = "C:\Users\cofc_\AppData\Local\Temp\tmpC137.tmp\rjsec447.ZIP", decompressedFolder = "C:\Users\cofc_\AppData\Local\Temp\tmpC2ED.tmp", message = "rjsec447")~~RJStevensMusicPresentationCreator.Program~0000002171
2024-12-15 09:57:22.6787~DEBUG~-> DownloadFile(url = "https://faas-nyc1-2ef2e6cc.doserverless.co/api/v1/web/fn-dd7f8f6a-d32a-4f5e-ae7b-870dfb7963f3/downloads/bundle?id=000000000000458", filename = "C:\Users\cofc_\AppData\Local\Temp\tmpC407.tmp\rjsec451.ZIP", message = "rjsec451")~~RJStevensMusicPresentationCreator.Program~0000002172
2024-12-15 09:57:23.1458~DEBUG~download completed~~RJStevensMusicPresentationCreator.Program~0000002173
2024-12-15 09:57:23.1458~DEBUG~<- DownloadFile(url = "https://faas-nyc1-2ef2e6cc.doserverless.co/api/v1/web/fn-dd7f8f6a-d32a-4f5e-ae7b-870dfb7963f3/downloads/bundle?id=000000000000458", filename = "C:\Users\cofc_\AppData\Local\Temp\tmpC407.tmp\rjsec451.ZIP", message = "rjsec451")~~RJStevensMusicPresentationCreator.Program~0000002174
2024-12-15 09:57:23.1598~DEBUG~-> ExtractAllFromFile(zipFileName = "C:\Users\cofc_\AppData\Local\Temp\tmpC407.tmp\rjsec451.ZIP", decompressedFolder = "C:\Users\cofc_\AppData\Local\Temp\tmpC5ED.tmp", message = "rjsec451")~~RJStevensMusicPresentationCreator.Program~0000002175
2024-12-15 09:57:23.4468~DEBUG~extract completed~~RJStevensMusicPresentationCreator.Program~0000002176
2024-12-15 09:57:23.4498~DEBUG~<- ExtractAllFromFile(zipFileName = "C:\Users\cofc_\AppData\Local\Temp\tmpC407.tmp\rjsec451.ZIP", decompressedFolder = "C:\Users\cofc_\AppData\Local\Temp\tmpC5ED.tmp", message = "rjsec451")~~RJStevensMusicPresentationCreator.Program~0000002177
2024-12-15 09:57:23.5288~DEBUG~-> DownloadFile(url = "https://faas-nyc1-2ef2e6cc.doserverless.co/api/v1/web/fn-dd7f8f6a-d32a-4f5e-ae7b-870dfb7963f3/downloads/bundle?id=000000000000459", filename = "C:\Users\cofc_\AppData\Local\Temp\tmpC765.tmp\rjsec452.ZIP", message = "rjsec452")~~RJStevensMusicPresentationCreator.Program~0000002178
2024-12-15 09:57:24.3089~DEBUG~download completed~~RJStevensMusicPresentationCreator.Program~0000002179
2024-12-15 09:57:24.3089~DEBUG~<- DownloadFile(url = "https://faas-nyc1-2ef2e6cc.doserverless.co/api/v1/web/fn-dd7f8f6a-d32a-4f5e-ae7b-870dfb7963f3/downloads/bundle?id=000000000000459", filename = "C:\Users\cofc_\AppData\Local\Temp\tmpC765.tmp\rjsec452.ZIP", message = "rjsec452")~~RJStevensMusicPresentationCreator.Program~0000002180
2024-12-15 09:57:24.3259~DEBUG~-> ExtractAllFromFile(zipFileName = "C:\Users\cofc_\AppData\Local\Temp\tmpC765.tmp\rjsec452.ZIP", decompressedFolder = "C:\Users\cofc_\AppData\Local\Temp\tmpCA83.tmp", message = "rjsec452")~~RJStevensMusicPresentationCreator.Program~0000002181
2024-12-15 09:57:24.5649~DEBUG~extract completed~~RJStevensMusicPresentationCreator.Program~0000002182
2024-12-15 09:57:24.5649~DEBUG~<- ExtractAllFromFile(zipFileName = "C:\Users\cofc_\AppData\Local\Temp\tmpC765.tmp\rjsec452.ZIP", decompressedFolder = "C:\Users\cofc_\AppData\Local\Temp\tmpCA83.tmp", message = "rjsec452")~~RJStevensMusicPresentationCreator.Program~0000002183
2024-12-15 09:57:24.6399~DEBUG~-> DownloadFile(url = "https://faas-nyc1-2ef2e6cc.doserverless.co/api/v1/web/fn-dd7f8f6a-d32a-4f5e-ae7b-870dfb7963f3/downloads/bundle?id=000000000000460", filename = "C:\Users\cofc_\AppData\Local\Temp\tmpCBBC.tmp\rjsec453.ZIP", message = "rjsec453")~~RJStevensMusicPresentationCreator.Program~0000002184
2024-12-15 09:57:25.0569~DEBUG~download completed~~RJStevensMusicPresentationCreator.Program~0000002185
2024-12-15 09:57:25.0569~DEBUG~<- DownloadFile(url = "https://faas-nyc1-2ef2e6cc.doserverless.co/api/v1/web/fn-dd7f8f6a-d32a-4f5e-ae7b-870dfb7963f3/downloads/bundle?id=000000000000460", filename = "C:\Users\cofc_\AppData\Local\Temp\tmpCBBC.tmp\rjsec453.ZIP", message = "rjsec453")~~RJStevensMusicPresentationCreator.Program~0000002186
2024-12-15 09:57:25.0569~DEBUG~-> ExtractAllFromFile(zipFileName = "C:\Users\cofc_\AppData\Local\Temp\tmpCBBC.tmp\rjsec453.ZIP", decompressedFolder = "C:\Users\cofc_\AppData\Local\Temp\tmpCD63.tmp", message = "rjsec453")~~RJStevensMusicPresentationCreator.Program~0000002187
2024-12-15 09:57:25.2992~DEBUG~extract completed~~RJStevensMusicPresentationCreator.Program~0000002188
2024-12-15 09:57:25.2992~DEBUG~<- ExtractAllFromFile(zipFileName = "C:\Users\cofc_\AppData\Local\Temp\tmpCBBC.tmp\rjsec453.ZIP", decompressedFolder = "C:\Users\cofc_\AppData\Local\Temp\tmpCD63.tmp", message = "rjsec453")~~RJStevensMusicPresentationCreator.Program~0000002189
2024-12-15 09:57:25.3702~DEBUG~-> DownloadFile(url = "https://faas-nyc1-2ef2e6cc.doserverless.co/api/v1/web/fn-dd7f8f6a-d32a-4f5e-ae7b-870dfb7963f3/downloads/bundle?id=000000000000462", filename = "C:\Users\cofc_\AppData\Local\Temp\tmpCE9C.tmp\rjsec455.ZIP", message = "rjsec455")~~RJStevensMusicPresentationCreator.Program~0000002190
2024-12-15 09:57:25.8112~DEBUG~download completed~~RJStevensMusicPresentationCreator.Program~0000002191
2024-12-15 09:57:25.8112~DEBUG~<- DownloadFile(url = "https://faas-nyc1-2ef2e6cc.doserverless.co/api/v1/web/fn-dd7f8f6a-d32a-4f5e-ae7b-870dfb7963f3/downloads/bundle?id=000000000000462", filename = "C:\Users\cofc_\AppData\Local\Temp\tmpCE9C.tmp\rjsec455.ZIP", message = "rjsec455")~~RJStevensMusicPresentationCreator.Program~0000002192
2024-12-15 09:57:25.8292~DEBUG~-> ExtractAllFromFile(zipFileName = "C:\Users\cofc_\AppData\Local\Temp\tmpCE9C.tmp\rjsec455.ZIP", decompressedFolder = "C:\Users\cofc_\AppData\Local\Temp\tmpD063.tmp", message = "rjsec455")~~RJStevensMusicPresentationCreator.Program~0000002193
2024-12-15 09:57:26.0632~DEBUG~extract completed~~RJStevensMusicPresentationCreator.Program~0000002194
2024-12-15 09:57:26.0632~DEBUG~<- ExtractAllFromFile(zipFileName = "C:\Users\cofc_\AppData\Local\Temp\tmpCE9C.tmp\rjsec455.ZIP", decompressedFolder = "C:\Users\cofc_\AppData\Local\Temp\tmpD063.tmp", message = "rjsec455")~~RJStevensMusicPresentationCreator.Program~0000002195
2024-12-15 09:57:26.1322~DEBUG~-> DownloadFile(url = "https://faas-nyc1-2ef2e6cc.doserverless.co/api/v1/web/fn-dd7f8f6a-d32a-4f5e-ae7b-870dfb7963f3/downloads/bundle?id=000000000000464", filename = "C:\Users\cofc_\AppData\Local\Temp\tmpD18C.tmp\rjsec457.ZIP", message = "rjsec457")~~RJStevensMusicPresentationCreator.Program~0000002196
2024-12-15 09:57:26.5723~DEBUG~download completed~~RJStevensMusicPresentationCreator.Program~0000002197
2024-12-15 09:57:26.5723~DEBUG~<- DownloadFile(url = "https://faas-nyc1-2ef2e6cc.doserverless.co/api/v1/web/fn-dd7f8f6a-d32a-4f5e-ae7b-870dfb7963f3/downloads/bundle?id=000000000000464", filename = "C:\Users\cofc_\AppData\Local\Temp\tmpD18C.tmp\rjsec457.ZIP", message = "rjsec457")~~RJStevensMusicPresentationCreator.Program~0000002198
2024-12-15 09:57:26.5883~DEBUG~-> ExtractAllFromFile(zipFileName = "C:\Users\cofc_\AppData\Local\Temp\tmpD18C.tmp\rjsec457.ZIP", decompressedFolder = "C:\Users\cofc_\AppData\Local\Temp\tmpD353.tmp", message = "rjsec457")~~RJStevensMusicPresentationCreator.Program~0000002199
2024-12-15 09:57:26.8216~DEBUG~extract completed~~RJStevensMusicPresentationCreator.Program~0000002200
2024-12-15 09:57:26.8246~DEBUG~<- ExtractAllFromFile(zipFileName = "C:\Users\cofc_\AppData\Local\Temp\tmpD18C.tmp\rjsec457.ZIP", decompressedFolder = "C:\Users\cofc_\AppData\Local\Temp\tmpD353.tmp", message = "rjsec457")~~RJStevensMusicPresentationCreator.Program~0000002201
2024-12-15 09:57:26.8946~DEBUG~-> DownloadFile(url = "https://faas-nyc1-2ef2e6cc.doserverless.co/api/v1/web/fn-dd7f8f6a-d32a-4f5e-ae7b-870dfb7963f3/downloads/bundle?id=000000000000465", filename = "C:\Users\cofc_\AppData\Local\Temp\tmpD48C.tmp\rjsec458.ZIP", message = "rjsec458")~~RJStevensMusicPresentationCreator.Program~0000002202
2024-12-15 09:57:27.3136~DEBUG~download completed~~RJStevensMusicPresentationCreator.Program~0000002203
2024-12-15 09:57:27.3136~DEBUG~<- DownloadFile(url = "https://faas-nyc1-2ef2e6cc.doserverless.co/api/v1/web/fn-dd7f8f6a-d32a-4f5e-ae7b-870dfb7963f3/downloads/bundle?id=000000000000465", filename = "C:\Users\cofc_\AppData\Local\Temp\tmpD48C.tmp\rjsec458.ZIP", message = "rjsec458")~~RJStevensMusicPresentationCreator.Program~0000002204
2024-12-15 09:57:27.3256~DEBUG~-> ExtractAllFromFile(zipFileName = "C:\Users\cofc_\AppData\Local\Temp\tmpD48C.tmp\rjsec458.ZIP", decompressedFolder = "C:\Users\cofc_\AppData\Local\Temp\tmpD643.tmp", message = "rjsec458")~~RJStevensMusicPresentationCreator.Program~0000002205
2024-12-15 09:57:27.5526~DEBUG~extract completed~~RJStevensMusicPresentationCreator.Program~0000002206
2024-12-15 09:57:27.5526~DEBUG~<- ExtractAllFromFile(zipFileName = "C:\Users\cofc_\AppData\Local\Temp\tmpD48C.tmp\rjsec458.ZIP", decompressedFolder = "C:\Users\cofc_\AppData\Local\Temp\tmpD643.tmp", message = "rjsec458")~~RJStevensMusicPresentationCreator.Program~0000002207
2024-12-15 09:57:27.6217~DEBUG~-> DownloadFile(url = "https://faas-nyc1-2ef2e6cc.doserverless.co/api/v1/web/fn-dd7f8f6a-d32a-4f5e-ae7b-870dfb7963f3/downloads/bundle?id=000000000000467", filename = "C:\Users\cofc_\AppData\Local\Temp\tmpD76C.tmp\rjsec460.ZIP", message = "rjsec460")~~RJStevensMusicPresentationCreator.Program~0000002208
2024-12-15 09:57:28.0497~DEBUG~download completed~~RJStevensMusicPresentationCreator.Program~0000002209
2024-12-15 09:57:28.0497~DEBUG~<- DownloadFile(url = "https://faas-nyc1-2ef2e6cc.doserverless.co/api/v1/web/fn-dd7f8f6a-d32a-4f5e-ae7b-870dfb7963f3/downloads/bundle?id=000000000000467", filename = "C:\Users\cofc_\AppData\Local\Temp\tmpD76C.tmp\rjsec460.ZIP", message = "rjsec460")~~RJStevensMusicPresentationCreator.Program~0000002210
2024-12-15 09:57:28.0677~DEBUG~-> ExtractAllFromFile(zipFileName = "C:\Users\cofc_\AppData\Local\Temp\tmpD76C.tmp\rjsec460.ZIP", decompressedFolder = "C:\Users\cofc_\AppData\Local\Temp\tmpD923.tmp", message = "rjsec460")~~RJStevensMusicPresentationCreator.Program~0000002211
2024-12-15 09:57:28.2912~DEBUG~extract completed~~RJStevensMusicPresentationCreator.Program~0000002212
2024-12-15 09:57:28.2912~DEBUG~<- ExtractAllFromFile(zipFileName = "C:\Users\cofc_\AppData\Local\Temp\tmpD76C.tmp\rjsec460.ZIP", decompressedFolder = "C:\Users\cofc_\AppData\Local\Temp\tmpD923.tmp", message = "rjsec460")~~RJStevensMusicPresentationCreator.Program~0000002213
2024-12-15 09:57:28.3642~DEBUG~-> DownloadFile(url = "https://faas-nyc1-2ef2e6cc.doserverless.co/api/v1/web/fn-dd7f8f6a-d32a-4f5e-ae7b-870dfb7963f3/downloads/bundle?id=000000000000469", filename = "C:\Users\cofc_\AppData\Local\Temp\tmpDA4D.tmp\rjsec462.ZIP", message = "rjsec462")~~RJStevensMusicPresentationCreator.Program~0000002214
2024-12-15 09:57:28.8632~DEBUG~download completed~~RJStevensMusicPresentationCreator.Program~0000002215
2024-12-15 09:57:28.8632~DEBUG~<- DownloadFile(url = "https://faas-nyc1-2ef2e6cc.doserverless.co/api/v1/web/fn-dd7f8f6a-d32a-4f5e-ae7b-870dfb7963f3/downloads/bundle?id=000000000000469", filename = "C:\Users\cofc_\AppData\Local\Temp\tmpDA4D.tmp\rjsec462.ZIP", message = "rjsec462")~~RJStevensMusicPresentationCreator.Program~0000002216
2024-12-15 09:57:28.8842~DEBUG~-> ExtractAllFromFile(zipFileName = "C:\Users\cofc_\AppData\Local\Temp\tmpDA4D.tmp\rjsec462.ZIP", decompressedFolder = "C:\Users\cofc_\AppData\Local\Temp\tmpDC51.tmp", message = "rjsec462")~~RJStevensMusicPresentationCreator.Program~0000002217
2024-12-15 09:57:29.1281~DEBUG~extract completed~~RJStevensMusicPresentationCreator.Program~0000002218
2024-12-15 09:57:29.1281~DEBUG~<- ExtractAllFromFile(zipFileName = "C:\Users\cofc_\AppData\Local\Temp\tmpDA4D.tmp\rjsec462.ZIP", decompressedFolder = "C:\Users\cofc_\AppData\Local\Temp\tmpDC51.tmp", message = "rjsec462")~~RJStevensMusicPresentationCreator.Program~0000002219
2024-12-15 09:57:29.2031~DEBUG~-> DownloadFile(url = "https://faas-nyc1-2ef2e6cc.doserverless.co/api/v1/web/fn-dd7f8f6a-d32a-4f5e-ae7b-870dfb7963f3/downloads/bundle?id=000000000000470", filename = "C:\Users\cofc_\AppData\Local\Temp\tmpDD9B.tmp\rjsec463.ZIP", message = "rjsec463")~~RJStevensMusicPresentationCreator.Program~0000002220
2024-12-15 09:57:29.6503~DEBUG~download completed~~RJStevensMusicPresentationCreator.Program~0000002221
2024-12-15 09:57:29.6513~DEBUG~<- DownloadFile(url = "https://faas-nyc1-2ef2e6cc.doserverless.co/api/v1/web/fn-dd7f8f6a-d32a-4f5e-ae7b-870dfb7963f3/downloads/bundle?id=000000000000470", filename = "C:\Users\cofc_\AppData\Local\Temp\tmpDD9B.tmp\rjsec463.ZIP", message = "rjsec463")~~RJStevensMusicPresentationCreator.Program~0000002222
2024-12-15 09:57:29.6693~DEBUG~-> ExtractAllFromFile(zipFileName = "C:\Users\cofc_\AppData\Local\Temp\tmpDD9B.tmp\rjsec463.ZIP", decompressedFolder = "C:\Users\cofc_\AppData\Local\Temp\tmpDF70.tmp", message = "rjsec463")~~RJStevensMusicPresentationCreator.Program~0000002223
2024-12-15 09:57:29.9043~DEBUG~extract completed~~RJStevensMusicPresentationCreator.Program~0000002224
2024-12-15 09:57:29.9043~DEBUG~<- ExtractAllFromFile(zipFileName = "C:\Users\cofc_\AppData\Local\Temp\tmpDD9B.tmp\rjsec463.ZIP", decompressedFolder = "C:\Users\cofc_\AppData\Local\Temp\tmpDF70.tmp", message = "rjsec463")~~RJStevensMusicPresentationCreator.Program~0000002225
2024-12-15 09:57:29.9783~DEBUG~-> DownloadFile(url = "https://faas-nyc1-2ef2e6cc.doserverless.co/api/v1/web/fn-dd7f8f6a-d32a-4f5e-ae7b-870dfb7963f3/downloads/bundle?id=000000000000471", filename = "C:\Users\cofc_\AppData\Local\Temp\tmpE09A.tmp\rjsec464.ZIP", message = "rjsec464")~~RJStevensMusicPresentationCreator.Program~0000002226
2024-12-15 09:57:30.4184~DEBUG~download completed~~RJStevensMusicPresentationCreator.Program~0000002227
2024-12-15 09:57:30.4184~DEBUG~<- DownloadFile(url = "https://faas-nyc1-2ef2e6cc.doserverless.co/api/v1/web/fn-dd7f8f6a-d32a-4f5e-ae7b-870dfb7963f3/downloads/bundle?id=000000000000471", filename = "C:\Users\cofc_\AppData\Local\Temp\tmpE09A.tmp\rjsec464.ZIP", message = "rjsec464")~~RJStevensMusicPresentationCreator.Program~0000002228
2024-12-15 09:57:30.4324~DEBUG~-> ExtractAllFromFile(zipFileName = "C:\Users\cofc_\AppData\Local\Temp\tmpE09A.tmp\rjsec464.ZIP", decompressedFolder = "C:\Users\cofc_\AppData\Local\Temp\tmpE260.tmp", message = "rjsec464")~~RJStevensMusicPresentationCreator.Program~0000002229
2024-12-15 09:57:30.6491~DEBUG~extract completed~~RJStevensMusicPresentationCreator.Program~0000002230
2024-12-15 09:57:30.6521~DEBUG~<- ExtractAllFromFile(zipFileName = "C:\Users\cofc_\AppData\Local\Temp\tmpE09A.tmp\rjsec464.ZIP", decompressedFolder = "C:\Users\cofc_\AppData\Local\Temp\tmpE260.tmp", message = "rjsec464")~~RJStevensMusicPresentationCreator.Program~0000002231
2024-12-15 09:57:30.7201~DEBUG~-> DownloadFile(url = "https://faas-nyc1-2ef2e6cc.doserverless.co/api/v1/web/fn-dd7f8f6a-d32a-4f5e-ae7b-870dfb7963f3/downloads/bundle?id=000000000000473", filename = "C:\Users\cofc_\AppData\Local\Temp\tmpE38A.tmp\rjsec466.ZIP", message = "rjsec466")~~RJStevensMusicPresentationCreator.Program~0000002232
2024-12-15 09:57:31.1361~DEBUG~download completed~~RJStevensMusicPresentationCreator.Program~0000002233
2024-12-15 09:57:31.1361~DEBUG~<- DownloadFile(url = "https://faas-nyc1-2ef2e6cc.doserverless.co/api/v1/web/fn-dd7f8f6a-d32a-4f5e-ae7b-870dfb7963f3/downloads/bundle?id=000000000000473", filename = "C:\Users\cofc_\AppData\Local\Temp\tmpE38A.tmp\rjsec466.ZIP", message = "rjsec466")~~RJStevensMusicPresentationCreator.Program~0000002234
2024-12-15 09:57:31.1361~DEBUG~-> ExtractAllFromFile(zipFileName = "C:\Users\cofc_\AppData\Local\Temp\tmpE38A.tmp\rjsec466.ZIP", decompressedFolder = "C:\Users\cofc_\AppData\Local\Temp\tmpE531.tmp", message = "rjsec466")~~RJStevensMusicPresentationCreator.Program~0000002235
2024-12-15 09:57:31.3659~DEBUG~extract completed~~RJStevensMusicPresentationCreator.Program~0000002236
2024-12-15 09:57:31.3659~DEBUG~<- ExtractAllFromFile(zipFileName = "C:\Users\cofc_\AppData\Local\Temp\tmpE38A.tmp\rjsec466.ZIP", decompressedFolder = "C:\Users\cofc_\AppData\Local\Temp\tmpE531.tmp", message = "rjsec466")~~RJStevensMusicPresentationCreator.Program~0000002237
2024-12-15 09:57:31.4289~DEBUG~-> DownloadFile(url = "https://faas-nyc1-2ef2e6cc.doserverless.co/api/v1/web/fn-dd7f8f6a-d32a-4f5e-ae7b-870dfb7963f3/downloads/bundle?id=000000000000479", filename = "C:\Users\cofc_\AppData\Local\Temp\tmpE64B.tmp\rjsec472.ZIP", message = "rjsec472")~~RJStevensMusicPresentationCreator.Program~0000002238
2024-12-15 09:57:31.8670~DEBUG~download completed~~RJStevensMusicPresentationCreator.Program~0000002239
2024-12-15 09:57:31.8670~DEBUG~<- DownloadFile(url = "https://faas-nyc1-2ef2e6cc.doserverless.co/api/v1/web/fn-dd7f8f6a-d32a-4f5e-ae7b-870dfb7963f3/downloads/bundle?id=000000000000479", filename = "C:\Users\cofc_\AppData\Local\Temp\tmpE64B.tmp\rjsec472.ZIP", message = "rjsec472")~~RJStevensMusicPresentationCreator.Program~0000002240
2024-12-15 09:57:31.8830~DEBUG~-> ExtractAllFromFile(zipFileName = "C:\Users\cofc_\AppData\Local\Temp\tmpE64B.tmp\rjsec472.ZIP", decompressedFolder = "C:\Users\cofc_\AppData\Local\Temp\tmpE811.tmp", message = "rjsec472")~~RJStevensMusicPresentationCreator.Program~0000002241
2024-12-15 09:57:32.1780~DEBUG~extract completed~~RJStevensMusicPresentationCreator.Program~0000002242
2024-12-15 09:57:32.1780~DEBUG~<- ExtractAllFromFile(zipFileName = "C:\Users\cofc_\AppData\Local\Temp\tmpE64B.tmp\rjsec472.ZIP", decompressedFolder = "C:\Users\cofc_\AppData\Local\Temp\tmpE811.tmp", message = "rjsec472")~~RJStevensMusicPresentationCreator.Program~0000002243
2024-12-15 09:57:32.2600~DEBUG~-> DownloadFile(url = "https://faas-nyc1-2ef2e6cc.doserverless.co/api/v1/web/fn-dd7f8f6a-d32a-4f5e-ae7b-870dfb7963f3/downloads/bundle?id=000000000000480", filename = "C:\Users\cofc_\AppData\Local\Temp\tmpE989.tmp\rjsec473.ZIP", message = "rjsec473")~~RJStevensMusicPresentationCreator.Program~0000002244
2024-12-15 09:57:32.6820~DEBUG~download completed~~RJStevensMusicPresentationCreator.Program~0000002245
2024-12-15 09:57:32.6820~DEBUG~<- DownloadFile(url = "https://faas-nyc1-2ef2e6cc.doserverless.co/api/v1/web/fn-dd7f8f6a-d32a-4f5e-ae7b-870dfb7963f3/downloads/bundle?id=000000000000480", filename = "C:\Users\cofc_\AppData\Local\Temp\tmpE989.tmp\rjsec473.ZIP", message = "rjsec473")~~RJStevensMusicPresentationCreator.Program~0000002246
2024-12-15 09:57:32.6820~DEBUG~-> ExtractAllFromFile(zipFileName = "C:\Users\cofc_\AppData\Local\Temp\tmpE989.tmp\rjsec473.ZIP", decompressedFolder = "C:\Users\cofc_\AppData\Local\Temp\tmpEB40.tmp", message = "rjsec473")~~RJStevensMusicPresentationCreator.Program~0000002247
2024-12-15 09:57:32.9000~DEBUG~extract completed~~RJStevensMusicPresentationCreator.Program~0000002248
2024-12-15 09:57:32.9030~DEBUG~<- ExtractAllFromFile(zipFileName = "C:\Users\cofc_\AppData\Local\Temp\tmpE989.tmp\rjsec473.ZIP", decompressedFolder = "C:\Users\cofc_\AppData\Local\Temp\tmpEB40.tmp", message = "rjsec473")~~RJStevensMusicPresentationCreator.Program~0000002249
2024-12-15 09:57:32.9700~DEBUG~-> DownloadFile(url = "https://faas-nyc1-2ef2e6cc.doserverless.co/api/v1/web/fn-dd7f8f6a-d32a-4f5e-ae7b-870dfb7963f3/downloads/bundle?id=000000000000481", filename = "C:\Users\cofc_\AppData\Local\Temp\tmpEC5A.tmp\rjsec474.ZIP", message = "rjsec474")~~RJStevensMusicPresentationCreator.Program~0000002250
2024-12-15 09:57:33.4100~DEBUG~download completed~~RJStevensMusicPresentationCreator.Program~0000002251
2024-12-15 09:57:33.4100~DEBUG~<- DownloadFile(url = "https://faas-nyc1-2ef2e6cc.doserverless.co/api/v1/web/fn-dd7f8f6a-d32a-4f5e-ae7b-870dfb7963f3/downloads/bundle?id=000000000000481", filename = "C:\Users\cofc_\AppData\Local\Temp\tmpEC5A.tmp\rjsec474.ZIP", message = "rjsec474")~~RJStevensMusicPresentationCreator.Program~0000002252
2024-12-15 09:57:33.4250~DEBUG~-> ExtractAllFromFile(zipFileName = "C:\Users\cofc_\AppData\Local\Temp\tmpEC5A.tmp\rjsec474.ZIP", decompressedFolder = "C:\Users\cofc_\AppData\Local\Temp\tmpEE20.tmp", message = "rjsec474")~~RJStevensMusicPresentationCreator.Program~0000002253
2024-12-15 09:57:33.6400~DEBUG~extract completed~~RJStevensMusicPresentationCreator.Program~0000002254
2024-12-15 09:57:33.6400~DEBUG~<- ExtractAllFromFile(zipFileName = "C:\Users\cofc_\AppData\Local\Temp\tmpEC5A.tmp\rjsec474.ZIP", decompressedFolder = "C:\Users\cofc_\AppData\Local\Temp\tmpEE20.tmp", message = "rjsec474")~~RJStevensMusicPresentationCreator.Program~0000002255
2024-12-15 09:57:33.7081~DEBUG~-> DownloadFile(url = "https://faas-nyc1-2ef2e6cc.doserverless.co/api/v1/web/fn-dd7f8f6a-d32a-4f5e-ae7b-870dfb7963f3/downloads/bundle?id=000000000000484", filename = "C:\Users\cofc_\AppData\Local\Temp\tmpEF3B.tmp\rjsec477.ZIP", message = "rjsec477")~~RJStevensMusicPresentationCreator.Program~0000002256
2024-12-15 09:57:34.1531~DEBUG~download completed~~RJStevensMusicPresentationCreator.Program~0000002257
2024-12-15 09:57:34.1531~DEBUG~<- DownloadFile(url = "https://faas-nyc1-2ef2e6cc.doserverless.co/api/v1/web/fn-dd7f8f6a-d32a-4f5e-ae7b-870dfb7963f3/downloads/bundle?id=000000000000484", filename = "C:\Users\cofc_\AppData\Local\Temp\tmpEF3B.tmp\rjsec477.ZIP", message = "rjsec477")~~RJStevensMusicPresentationCreator.Program~0000002258
2024-12-15 09:57:34.1681~DEBUG~-> ExtractAllFromFile(zipFileName = "C:\Users\cofc_\AppData\Local\Temp\tmpEF3B.tmp\rjsec477.ZIP", decompressedFolder = "C:\Users\cofc_\AppData\Local\Temp\tmpF110.tmp", message = "rjsec477")~~RJStevensMusicPresentationCreator.Program~0000002259
2024-12-15 09:57:34.4381~DEBUG~extract completed~~RJStevensMusicPresentationCreator.Program~0000002260
2024-12-15 09:57:34.4381~DEBUG~<- ExtractAllFromFile(zipFileName = "C:\Users\cofc_\AppData\Local\Temp\tmpEF3B.tmp\rjsec477.ZIP", decompressedFolder = "C:\Users\cofc_\AppData\Local\Temp\tmpF110.tmp", message = "rjsec477")~~RJStevensMusicPresentationCreator.Program~0000002261
2024-12-15 09:57:34.5121~DEBUG~-> DownloadFile(url = "https://faas-nyc1-2ef2e6cc.doserverless.co/api/v1/web/fn-dd7f8f6a-d32a-4f5e-ae7b-870dfb7963f3/downloads/bundle?id=000000000000486", filename = "C:\Users\cofc_\AppData\Local\Temp\tmpF269.tmp\rjsec479.ZIP", message = "rjsec479")~~RJStevensMusicPresentationCreator.Program~0000002262
2024-12-15 09:57:34.9482~DEBUG~download completed~~RJStevensMusicPresentationCreator.Program~0000002263
2024-12-15 09:57:34.9482~DEBUG~<- DownloadFile(url = "https://faas-nyc1-2ef2e6cc.doserverless.co/api/v1/web/fn-dd7f8f6a-d32a-4f5e-ae7b-870dfb7963f3/downloads/bundle?id=000000000000486", filename = "C:\Users\cofc_\AppData\Local\Temp\tmpF269.tmp\rjsec479.ZIP", message = "rjsec479")~~RJStevensMusicPresentationCreator.Program~0000002264
2024-12-15 09:57:34.9702~DEBUG~-> ExtractAllFromFile(zipFileName = "C:\Users\cofc_\AppData\Local\Temp\tmpF269.tmp\rjsec479.ZIP", decompressedFolder = "C:\Users\cofc_\AppData\Local\Temp\tmpF42F.tmp", message = "rjsec479")~~RJStevensMusicPresentationCreator.Program~0000002265
2024-12-15 09:57:35.2478~DEBUG~extract completed~~RJStevensMusicPresentationCreator.Program~0000002266
2024-12-15 09:57:35.2478~DEBUG~<- ExtractAllFromFile(zipFileName = "C:\Users\cofc_\AppData\Local\Temp\tmpF269.tmp\rjsec479.ZIP", decompressedFolder = "C:\Users\cofc_\AppData\Local\Temp\tmpF42F.tmp", message = "rjsec479")~~RJStevensMusicPresentationCreator.Program~0000002267
2024-12-15 09:57:35.3228~DEBUG~-> DownloadFile(url = "https://faas-nyc1-2ef2e6cc.doserverless.co/api/v1/web/fn-dd7f8f6a-d32a-4f5e-ae7b-870dfb7963f3/downloads/bundle?id=000000000000489", filename = "C:\Users\cofc_\AppData\Local\Temp\tmpF588.tmp\rjsec482.ZIP", message = "rjsec482")~~RJStevensMusicPresentationCreator.Program~0000002268
2024-12-15 09:57:35.7468~DEBUG~download completed~~RJStevensMusicPresentationCreator.Program~0000002269
2024-12-15 09:57:35.7468~DEBUG~<- DownloadFile(url = "https://faas-nyc1-2ef2e6cc.doserverless.co/api/v1/web/fn-dd7f8f6a-d32a-4f5e-ae7b-870dfb7963f3/downloads/bundle?id=000000000000489", filename = "C:\Users\cofc_\AppData\Local\Temp\tmpF588.tmp\rjsec482.ZIP", message = "rjsec482")~~RJStevensMusicPresentationCreator.Program~0000002270
2024-12-15 09:57:35.7598~DEBUG~-> ExtractAllFromFile(zipFileName = "C:\Users\cofc_\AppData\Local\Temp\tmpF588.tmp\rjsec482.ZIP", decompressedFolder = "C:\Users\cofc_\AppData\Local\Temp\tmpF74E.tmp", message = "rjsec482")~~RJStevensMusicPresentationCreator.Program~0000002271
2024-12-15 09:57:35.9889~DEBUG~extract completed~~RJStevensMusicPresentationCreator.Program~0000002272
2024-12-15 09:57:35.9889~DEBUG~<- ExtractAllFromFile(zipFileName = "C:\Users\cofc_\AppData\Local\Temp\tmpF588.tmp\rjsec482.ZIP", decompressedFolder = "C:\Users\cofc_\AppData\Local\Temp\tmpF74E.tmp", message = "rjsec482")~~RJStevensMusicPresentationCreator.Program~0000002273
2024-12-15 09:57:36.0569~DEBUG~-> DownloadFile(url = "https://faas-nyc1-2ef2e6cc.doserverless.co/api/v1/web/fn-dd7f8f6a-d32a-4f5e-ae7b-870dfb7963f3/downloads/bundle?id=000000000000495", filename = "C:\Users\cofc_\AppData\Local\Temp\tmpF868.tmp\rjsec488.ZIP", message = "rjsec488")~~RJStevensMusicPresentationCreator.Program~0000002274
2024-12-15 09:57:36.4779~DEBUG~download completed~~RJStevensMusicPresentationCreator.Program~0000002275
2024-12-15 09:57:36.4779~DEBUG~<- DownloadFile(url = "https://faas-nyc1-2ef2e6cc.doserverless.co/api/v1/web/fn-dd7f8f6a-d32a-4f5e-ae7b-870dfb7963f3/downloads/bundle?id=000000000000495", filename = "C:\Users\cofc_\AppData\Local\Temp\tmpF868.tmp\rjsec488.ZIP", message = "rjsec488")~~RJStevensMusicPresentationCreator.Program~0000002276
2024-12-15 09:57:36.4919~DEBUG~-> ExtractAllFromFile(zipFileName = "C:\Users\cofc_\AppData\Local\Temp\tmpF868.tmp\rjsec488.ZIP", decompressedFolder = "C:\Users\cofc_\AppData\Local\Temp\tmpFA1F.tmp", message = "rjsec488")~~RJStevensMusicPresentationCreator.Program~0000002277
2024-12-15 09:57:36.7306~DEBUG~extract completed~~RJStevensMusicPresentationCreator.Program~0000002278
2024-12-15 09:57:36.7306~DEBUG~<- ExtractAllFromFile(zipFileName = "C:\Users\cofc_\AppData\Local\Temp\tmpF868.tmp\rjsec488.ZIP", decompressedFolder = "C:\Users\cofc_\AppData\Local\Temp\tmpFA1F.tmp", message = "rjsec488")~~RJStevensMusicPresentationCreator.Program~0000002279
2024-12-15 09:57:36.8076~DEBUG~-> DownloadFile(url = "https://faas-nyc1-2ef2e6cc.doserverless.co/api/v1/web/fn-dd7f8f6a-d32a-4f5e-ae7b-870dfb7963f3/downloads/bundle?id=000000000000496", filename = "C:\Users\cofc_\AppData\Local\Temp\tmpFB58.tmp\rjsec489.ZIP", message = "rjsec489")~~RJStevensMusicPresentationCreator.Program~0000002280
2024-12-15 09:57:37.2366~DEBUG~download completed~~RJStevensMusicPresentationCreator.Program~0000002281
2024-12-15 09:57:37.2366~DEBUG~<- DownloadFile(url = "https://faas-nyc1-2ef2e6cc.doserverless.co/api/v1/web/fn-dd7f8f6a-d32a-4f5e-ae7b-870dfb7963f3/downloads/bundle?id=000000000000496", filename = "C:\Users\cofc_\AppData\Local\Temp\tmpFB58.tmp\rjsec489.ZIP", message = "rjsec489")~~RJStevensMusicPresentationCreator.Program~0000002282
2024-12-15 09:57:37.2516~DEBUG~-> ExtractAllFromFile(zipFileName = "C:\Users\cofc_\AppData\Local\Temp\tmpFB58.tmp\rjsec489.ZIP", decompressedFolder = "C:\Users\cofc_\AppData\Local\Temp\tmpFD1E.tmp", message = "rjsec489")~~RJStevensMusicPresentationCreator.Program~0000002283
2024-12-15 09:57:37.4946~DEBUG~extract completed~~RJStevensMusicPresentationCreator.Program~0000002284
2024-12-15 09:57:37.4946~DEBUG~<- ExtractAllFromFile(zipFileName = "C:\Users\cofc_\AppData\Local\Temp\tmpFB58.tmp\rjsec489.ZIP", decompressedFolder = "C:\Users\cofc_\AppData\Local\Temp\tmpFD1E.tmp", message = "rjsec489")~~RJStevensMusicPresentationCreator.Program~0000002285
2024-12-15 09:57:37.5626~DEBUG~-> DownloadFile(url = "https://faas-nyc1-2ef2e6cc.doserverless.co/api/v1/web/fn-dd7f8f6a-d32a-4f5e-ae7b-870dfb7963f3/downloads/bundle?id=000000000000498", filename = "C:\Users\cofc_\AppData\Local\Temp\tmpFE58.tmp\rjsec491.ZIP", message = "rjsec491")~~RJStevensMusicPresentationCreator.Program~0000002286
2024-12-15 09:57:37.9597~DEBUG~download completed~~RJStevensMusicPresentationCreator.Program~0000002287
2024-12-15 09:57:37.9597~DEBUG~<- DownloadFile(url = "https://faas-nyc1-2ef2e6cc.doserverless.co/api/v1/web/fn-dd7f8f6a-d32a-4f5e-ae7b-870dfb7963f3/downloads/bundle?id=000000000000498", filename = "C:\Users\cofc_\AppData\Local\Temp\tmpFE58.tmp\rjsec491.ZIP", message = "rjsec491")~~RJStevensMusicPresentationCreator.Program~0000002288
2024-12-15 09:57:37.9797~DEBUG~-> ExtractAllFromFile(zipFileName = "C:\Users\cofc_\AppData\Local\Temp\tmpFE58.tmp\rjsec491.ZIP", decompressedFolder = "C:\Users\cofc_\AppData\Local\Temp\tmpFFFF.tmp", message = "rjsec491")~~RJStevensMusicPresentationCreator.Program~0000002289
2024-12-15 09:57:38.1906~DEBUG~extract completed~~RJStevensMusicPresentationCreator.Program~0000002290
2024-12-15 09:57:38.1906~DEBUG~<- ExtractAllFromFile(zipFileName = "C:\Users\cofc_\AppData\Local\Temp\tmpFE58.tmp\rjsec491.ZIP", decompressedFolder = "C:\Users\cofc_\AppData\Local\Temp\tmpFFFF.tmp", message = "rjsec491")~~RJStevensMusicPresentationCreator.Program~0000002291
2024-12-15 09:57:38.2556~DEBUG~-> DownloadFile(url = "https://faas-nyc1-2ef2e6cc.doserverless.co/api/v1/web/fn-dd7f8f6a-d32a-4f5e-ae7b-870dfb7963f3/downloads/bundle?id=000000000000501", filename = "C:\Users\cofc_\AppData\Local\Temp\tmp109.tmp\rjsec494.ZIP", message = "rjsec494")~~RJStevensMusicPresentationCreator.Program~0000002292
2024-12-15 09:57:38.9886~DEBUG~download completed~~RJStevensMusicPresentationCreator.Program~0000002293
2024-12-15 09:57:38.9886~DEBUG~<- DownloadFile(url = "https://faas-nyc1-2ef2e6cc.doserverless.co/api/v1/web/fn-dd7f8f6a-d32a-4f5e-ae7b-870dfb7963f3/downloads/bundle?id=000000000000501", filename = "C:\Users\cofc_\AppData\Local\Temp\tmp109.tmp\rjsec494.ZIP", message = "rjsec494")~~RJStevensMusicPresentationCreator.Program~0000002294
2024-12-15 09:57:39.0036~DEBUG~-> ExtractAllFromFile(zipFileName = "C:\Users\cofc_\AppData\Local\Temp\tmp109.tmp\rjsec494.ZIP", decompressedFolder = "C:\Users\cofc_\AppData\Local\Temp\tmp3F8.tmp", message = "rjsec494")~~RJStevensMusicPresentationCreator.Program~0000002295
2024-12-15 09:57:39.2603~DEBUG~extract completed~~RJStevensMusicPresentationCreator.Program~0000002296
2024-12-15 09:57:39.2603~DEBUG~<- ExtractAllFromFile(zipFileName = "C:\Users\cofc_\AppData\Local\Temp\tmp109.tmp\rjsec494.ZIP", decompressedFolder = "C:\Users\cofc_\AppData\Local\Temp\tmp3F8.tmp", message = "rjsec494")~~RJStevensMusicPresentationCreator.Program~0000002297
2024-12-15 09:57:39.3373~DEBUG~-> DownloadFile(url = "https://faas-nyc1-2ef2e6cc.doserverless.co/api/v1/web/fn-dd7f8f6a-d32a-4f5e-ae7b-870dfb7963f3/downloads/bundle?id=000000000000502", filename = "C:\Users\cofc_\AppData\Local\Temp\tmp542.tmp\rjsec495.ZIP", message = "rjsec495")~~RJStevensMusicPresentationCreator.Program~0000002298
2024-12-15 09:57:39.8024~DEBUG~download completed~~RJStevensMusicPresentationCreator.Program~0000002299
2024-12-15 09:57:39.8024~DEBUG~<- DownloadFile(url = "https://faas-nyc1-2ef2e6cc.doserverless.co/api/v1/web/fn-dd7f8f6a-d32a-4f5e-ae7b-870dfb7963f3/downloads/bundle?id=000000000000502", filename = "C:\Users\cofc_\AppData\Local\Temp\tmp542.tmp\rjsec495.ZIP", message = "rjsec495")~~RJStevensMusicPresentationCreator.Program~0000002300
2024-12-15 09:57:39.8204~DEBUG~-> ExtractAllFromFile(zipFileName = "C:\Users\cofc_\AppData\Local\Temp\tmp542.tmp\rjsec495.ZIP", decompressedFolder = "C:\Users\cofc_\AppData\Local\Temp\tmp727.tmp", message = "rjsec495")~~RJStevensMusicPresentationCreator.Program~0000002301
2024-12-15 09:57:40.1375~DEBUG~extract completed~~RJStevensMusicPresentationCreator.Program~0000002302
2024-12-15 09:57:40.1375~DEBUG~<- ExtractAllFromFile(zipFileName = "C:\Users\cofc_\AppData\Local\Temp\tmp542.tmp\rjsec495.ZIP", decompressedFolder = "C:\Users\cofc_\AppData\Local\Temp\tmp727.tmp", message = "rjsec495")~~RJStevensMusicPresentationCreator.Program~0000002303
2024-12-15 09:57:40.2165~DEBUG~-> DownloadFile(url = "https://faas-nyc1-2ef2e6cc.doserverless.co/api/v1/web/fn-dd7f8f6a-d32a-4f5e-ae7b-870dfb7963f3/downloads/bundle?id=000000000000503", filename = "C:\Users\cofc_\AppData\Local\Temp\tmp8BE.tmp\rjsec496.ZIP", message = "rjsec496")~~RJStevensMusicPresentationCreator.Program~0000002304
2024-12-15 09:57:40.6895~DEBUG~download completed~~RJStevensMusicPresentationCreator.Program~0000002305
2024-12-15 09:57:40.6895~DEBUG~<- DownloadFile(url = "https://faas-nyc1-2ef2e6cc.doserverless.co/api/v1/web/fn-dd7f8f6a-d32a-4f5e-ae7b-870dfb7963f3/downloads/bundle?id=000000000000503", filename = "C:\Users\cofc_\AppData\Local\Temp\tmp8BE.tmp\rjsec496.ZIP", message = "rjsec496")~~RJStevensMusicPresentationCreator.Program~0000002306
2024-12-15 09:57:40.7095~DEBUG~-> ExtractAllFromFile(zipFileName = "C:\Users\cofc_\AppData\Local\Temp\tmp8BE.tmp\rjsec496.ZIP", decompressedFolder = "C:\Users\cofc_\AppData\Local\Temp\tmpAA4.tmp", message = "rjsec496")~~RJStevensMusicPresentationCreator.Program~0000002307
2024-12-15 09:57:40.9625~DEBUG~extract completed~~RJStevensMusicPresentationCreator.Program~0000002308
2024-12-15 09:57:40.9655~DEBUG~<- ExtractAllFromFile(zipFileName = "C:\Users\cofc_\AppData\Local\Temp\tmp8BE.tmp\rjsec496.ZIP", decompressedFolder = "C:\Users\cofc_\AppData\Local\Temp\tmpAA4.tmp", message = "rjsec496")~~RJStevensMusicPresentationCreator.Program~0000002309
2024-12-15 09:57:41.0315~DEBUG~-> DownloadFile(url = "https://faas-nyc1-2ef2e6cc.doserverless.co/api/v1/web/fn-dd7f8f6a-d32a-4f5e-ae7b-870dfb7963f3/downloads/bundle?id=000000000000504", filename = "C:\Users\cofc_\AppData\Local\Temp\tmpBED.tmp\rjsec497.ZIP", message = "rjsec497")~~RJStevensMusicPresentationCreator.Program~0000002310
2024-12-15 09:57:41.4686~DEBUG~download completed~~RJStevensMusicPresentationCreator.Program~0000002311
2024-12-15 09:57:41.4686~DEBUG~<- DownloadFile(url = "https://faas-nyc1-2ef2e6cc.doserverless.co/api/v1/web/fn-dd7f8f6a-d32a-4f5e-ae7b-870dfb7963f3/downloads/bundle?id=000000000000504", filename = "C:\Users\cofc_\AppData\Local\Temp\tmpBED.tmp\rjsec497.ZIP", message = "rjsec497")~~RJStevensMusicPresentationCreator.Program~0000002312
2024-12-15 09:57:41.4846~DEBUG~-> ExtractAllFromFile(zipFileName = "C:\Users\cofc_\AppData\Local\Temp\tmpBED.tmp\rjsec497.ZIP", decompressedFolder = "C:\Users\cofc_\AppData\Local\Temp\tmpDB3.tmp", message = "rjsec497")~~RJStevensMusicPresentationCreator.Program~0000002313
2024-12-15 09:57:41.7240~DEBUG~extract completed~~RJStevensMusicPresentationCreator.Program~0000002314
2024-12-15 09:57:41.7240~DEBUG~<- ExtractAllFromFile(zipFileName = "C:\Users\cofc_\AppData\Local\Temp\tmpBED.tmp\rjsec497.ZIP", decompressedFolder = "C:\Users\cofc_\AppData\Local\Temp\tmpDB3.tmp", message = "rjsec497")~~RJStevensMusicPresentationCreator.Program~0000002315
2024-12-15 09:57:41.7900~DEBUG~-> DownloadFile(url = "https://faas-nyc1-2ef2e6cc.doserverless.co/api/v1/web/fn-dd7f8f6a-d32a-4f5e-ae7b-870dfb7963f3/downloads/bundle?id=000000000000505", filename = "C:\Users\cofc_\AppData\Local\Temp\tmpEDD.tmp\rjsec498.ZIP", message = "rjsec498")~~RJStevensMusicPresentationCreator.Program~0000002316
2024-12-15 09:57:42.2971~DEBUG~download completed~~RJStevensMusicPresentationCreator.Program~0000002317
2024-12-15 09:57:42.2971~DEBUG~<- DownloadFile(url = "https://faas-nyc1-2ef2e6cc.doserverless.co/api/v1/web/fn-dd7f8f6a-d32a-4f5e-ae7b-870dfb7963f3/downloads/bundle?id=000000000000505", filename = "C:\Users\cofc_\AppData\Local\Temp\tmpEDD.tmp\rjsec498.ZIP", message = "rjsec498")~~RJStevensMusicPresentationCreator.Program~0000002318
2024-12-15 09:57:42.3151~DEBUG~-> ExtractAllFromFile(zipFileName = "C:\Users\cofc_\AppData\Local\Temp\tmpEDD.tmp\rjsec498.ZIP", decompressedFolder = "C:\Users\cofc_\AppData\Local\Temp\tmp10F1.tmp", message = "rjsec498")~~RJStevensMusicPresentationCreator.Program~0000002319
2024-12-15 09:57:42.6711~DEBUG~extract completed~~RJStevensMusicPresentationCreator.Program~0000002320
2024-12-15 09:57:42.6711~DEBUG~<- ExtractAllFromFile(zipFileName = "C:\Users\cofc_\AppData\Local\Temp\tmpEDD.tmp\rjsec498.ZIP", decompressedFolder = "C:\Users\cofc_\AppData\Local\Temp\tmp10F1.tmp", message = "rjsec498")~~RJStevensMusicPresentationCreator.Program~0000002321
2024-12-15 09:57:42.7601~DEBUG~-> DownloadFile(url = "https://faas-nyc1-2ef2e6cc.doserverless.co/api/v1/web/fn-dd7f8f6a-d32a-4f5e-ae7b-870dfb7963f3/downloads/bundle?id=000000000000507", filename = "C:\Users\cofc_\AppData\Local\Temp\tmp12A7.tmp\rjsec500.ZIP", message = "rjsec500")~~RJStevensMusicPresentationCreator.Program~0000002322
2024-12-15 09:57:43.2211~DEBUG~download completed~~RJStevensMusicPresentationCreator.Program~0000002323
2024-12-15 09:57:43.2211~DEBUG~<- DownloadFile(url = "https://faas-nyc1-2ef2e6cc.doserverless.co/api/v1/web/fn-dd7f8f6a-d32a-4f5e-ae7b-870dfb7963f3/downloads/bundle?id=000000000000507", filename = "C:\Users\cofc_\AppData\Local\Temp\tmp12A7.tmp\rjsec500.ZIP", message = "rjsec500")~~RJStevensMusicPresentationCreator.Program~0000002324
2024-12-15 09:57:43.2361~DEBUG~-> ExtractAllFromFile(zipFileName = "C:\Users\cofc_\AppData\Local\Temp\tmp12A7.tmp\rjsec500.ZIP", decompressedFolder = "C:\Users\cofc_\AppData\Local\Temp\tmp148D.tmp", message = "rjsec500")~~RJStevensMusicPresentationCreator.Program~0000002325
2024-12-15 09:57:43.6435~DEBUG~extract completed~~RJStevensMusicPresentationCreator.Program~0000002326
2024-12-15 09:57:43.6435~DEBUG~<- ExtractAllFromFile(zipFileName = "C:\Users\cofc_\AppData\Local\Temp\tmp12A7.tmp\rjsec500.ZIP", decompressedFolder = "C:\Users\cofc_\AppData\Local\Temp\tmp148D.tmp", message = "rjsec500")~~RJStevensMusicPresentationCreator.Program~0000002327
2024-12-15 09:57:43.7495~DEBUG~-> DownloadFile(url = "https://faas-nyc1-2ef2e6cc.doserverless.co/api/v1/web/fn-dd7f8f6a-d32a-4f5e-ae7b-870dfb7963f3/downloads/bundle?id=000000000000508", filename = "C:\Users\cofc_\AppData\Local\Temp\tmp1691.tmp\rjsec501.ZIP", message = "rjsec501")~~RJStevensMusicPresentationCreator.Program~0000002328
2024-12-15 09:57:44.2105~DEBUG~download completed~~RJStevensMusicPresentationCreator.Program~0000002329
2024-12-15 09:57:44.2105~DEBUG~<- DownloadFile(url = "https://faas-nyc1-2ef2e6cc.doserverless.co/api/v1/web/fn-dd7f8f6a-d32a-4f5e-ae7b-870dfb7963f3/downloads/bundle?id=000000000000508", filename = "C:\Users\cofc_\AppData\Local\Temp\tmp1691.tmp\rjsec501.ZIP", message = "rjsec501")~~RJStevensMusicPresentationCreator.Program~0000002330
2024-12-15 09:57:44.2255~DEBUG~-> ExtractAllFromFile(zipFileName = "C:\Users\cofc_\AppData\Local\Temp\tmp1691.tmp\rjsec501.ZIP", decompressedFolder = "C:\Users\cofc_\AppData\Local\Temp\tmp1867.tmp", message = "rjsec501")~~RJStevensMusicPresentationCreator.Program~0000002331
2024-12-15 09:57:44.4916~DEBUG~extract completed~~RJStevensMusicPresentationCreator.Program~0000002332
2024-12-15 09:57:44.4956~DEBUG~<- ExtractAllFromFile(zipFileName = "C:\Users\cofc_\AppData\Local\Temp\tmp1691.tmp\rjsec501.ZIP", decompressedFolder = "C:\Users\cofc_\AppData\Local\Temp\tmp1867.tmp", message = "rjsec501")~~RJStevensMusicPresentationCreator.Program~0000002333
2024-12-15 09:57:44.5796~DEBUG~-> DownloadFile(url = "https://faas-nyc1-2ef2e6cc.doserverless.co/api/v1/web/fn-dd7f8f6a-d32a-4f5e-ae7b-870dfb7963f3/downloads/bundle?id=000000000000509", filename = "C:\Users\cofc_\AppData\Local\Temp\tmp19D0.tmp\rjsec502.ZIP", message = "rjsec502")~~RJStevensMusicPresentationCreator.Program~0000002334
2024-12-15 09:57:45.0147~DEBUG~download completed~~RJStevensMusicPresentationCreator.Program~0000002335
2024-12-15 09:57:45.0147~DEBUG~<- DownloadFile(url = "https://faas-nyc1-2ef2e6cc.doserverless.co/api/v1/web/fn-dd7f8f6a-d32a-4f5e-ae7b-870dfb7963f3/downloads/bundle?id=000000000000509", filename = "C:\Users\cofc_\AppData\Local\Temp\tmp19D0.tmp\rjsec502.ZIP", message = "rjsec502")~~RJStevensMusicPresentationCreator.Program~0000002336
2024-12-15 09:57:45.0357~DEBUG~-> ExtractAllFromFile(zipFileName = "C:\Users\cofc_\AppData\Local\Temp\tmp19D0.tmp\rjsec502.ZIP", decompressedFolder = "C:\Users\cofc_\AppData\Local\Temp\tmp1B96.tmp", message = "rjsec502")~~RJStevensMusicPresentationCreator.Program~0000002337
2024-12-15 09:57:45.3577~DEBUG~extract completed~~RJStevensMusicPresentationCreator.Program~0000002338
2024-12-15 09:57:45.3577~DEBUG~<- ExtractAllFromFile(zipFileName = "C:\Users\cofc_\AppData\Local\Temp\tmp19D0.tmp\rjsec502.ZIP", decompressedFolder = "C:\Users\cofc_\AppData\Local\Temp\tmp1B96.tmp", message = "rjsec502")~~RJStevensMusicPresentationCreator.Program~0000002339
2024-12-15 09:57:45.4497~DEBUG~-> DownloadFile(url = "https://faas-nyc1-2ef2e6cc.doserverless.co/api/v1/web/fn-dd7f8f6a-d32a-4f5e-ae7b-870dfb7963f3/downloads/bundle?id=000000000000510", filename = "C:\Users\cofc_\AppData\Local\Temp\tmp1D3D.tmp\rjsec503.ZIP", message = "rjsec503")~~RJStevensMusicPresentationCreator.Program~0000002340
2024-12-15 09:57:45.8478~DEBUG~download completed~~RJStevensMusicPresentationCreator.Program~0000002341
2024-12-15 09:57:45.8478~DEBUG~<- DownloadFile(url = "https://faas-nyc1-2ef2e6cc.doserverless.co/api/v1/web/fn-dd7f8f6a-d32a-4f5e-ae7b-870dfb7963f3/downloads/bundle?id=000000000000510", filename = "C:\Users\cofc_\AppData\Local\Temp\tmp1D3D.tmp\rjsec503.ZIP", message = "rjsec503")~~RJStevensMusicPresentationCreator.Program~0000002342
2024-12-15 09:57:45.8598~DEBUG~-> ExtractAllFromFile(zipFileName = "C:\Users\cofc_\AppData\Local\Temp\tmp1D3D.tmp\rjsec503.ZIP", decompressedFolder = "C:\Users\cofc_\AppData\Local\Temp\tmp1ED4.tmp", message = "rjsec503")~~RJStevensMusicPresentationCreator.Program~0000002343
2024-12-15 09:57:45.9822~DEBUG~extract completed~~RJStevensMusicPresentationCreator.Program~0000002344
2024-12-15 09:57:45.9822~DEBUG~<- ExtractAllFromFile(zipFileName = "C:\Users\cofc_\AppData\Local\Temp\tmp1D3D.tmp\rjsec503.ZIP", decompressedFolder = "C:\Users\cofc_\AppData\Local\Temp\tmp1ED4.tmp", message = "rjsec503")~~RJStevensMusicPresentationCreator.Program~0000002345
2024-12-15 09:57:46.0332~DEBUG~-> DownloadFile(url = "https://faas-nyc1-2ef2e6cc.doserverless.co/api/v1/web/fn-dd7f8f6a-d32a-4f5e-ae7b-870dfb7963f3/downloads/bundle?id=000000000000511", filename = "C:\Users\cofc_\AppData\Local\Temp\tmp1F81.tmp\rjsec504.ZIP", message = "rjsec504")~~RJStevensMusicPresentationCreator.Program~0000002346
2024-12-15 09:57:46.7623~DEBUG~download completed~~RJStevensMusicPresentationCreator.Program~0000002347
2024-12-15 09:57:46.7623~DEBUG~<- DownloadFile(url = "https://faas-nyc1-2ef2e6cc.doserverless.co/api/v1/web/fn-dd7f8f6a-d32a-4f5e-ae7b-870dfb7963f3/downloads/bundle?id=000000000000511", filename = "C:\Users\cofc_\AppData\Local\Temp\tmp1F81.tmp\rjsec504.ZIP", message = "rjsec504")~~RJStevensMusicPresentationCreator.Program~0000002348
2024-12-15 09:57:46.7792~DEBUG~-> ExtractAllFromFile(zipFileName = "C:\Users\cofc_\AppData\Local\Temp\tmp1F81.tmp\rjsec504.ZIP", decompressedFolder = "C:\Users\cofc_\AppData\Local\Temp\tmp2270.tmp", message = "rjsec504")~~RJStevensMusicPresentationCreator.Program~0000002349
2024-12-15 09:57:47.0754~DEBUG~extract completed~~RJStevensMusicPresentationCreator.Program~0000002350
2024-12-15 09:57:47.0754~DEBUG~<- ExtractAllFromFile(zipFileName = "C:\Users\cofc_\AppData\Local\Temp\tmp1F81.tmp\rjsec504.ZIP", decompressedFolder = "C:\Users\cofc_\AppData\Local\Temp\tmp2270.tmp", message = "rjsec504")~~RJStevensMusicPresentationCreator.Program~0000002351
2024-12-15 09:57:47.1564~DEBUG~-> DownloadFile(url = "https://faas-nyc1-2ef2e6cc.doserverless.co/api/v1/web/fn-dd7f8f6a-d32a-4f5e-ae7b-870dfb7963f3/downloads/bundle?id=000000000000513", filename = "C:\Users\cofc_\AppData\Local\Temp\tmp23E8.tmp\rjsec506.ZIP", message = "rjsec506")~~RJStevensMusicPresentationCreator.Program~0000002352
2024-12-15 09:57:47.6064~DEBUG~download completed~~RJStevensMusicPresentationCreator.Program~0000002353
2024-12-15 09:57:47.6064~DEBUG~<- DownloadFile(url = "https://faas-nyc1-2ef2e6cc.doserverless.co/api/v1/web/fn-dd7f8f6a-d32a-4f5e-ae7b-870dfb7963f3/downloads/bundle?id=000000000000513", filename = "C:\Users\cofc_\AppData\Local\Temp\tmp23E8.tmp\rjsec506.ZIP", message = "rjsec506")~~RJStevensMusicPresentationCreator.Program~0000002354
2024-12-15 09:57:47.6224~DEBUG~-> ExtractAllFromFile(zipFileName = "C:\Users\cofc_\AppData\Local\Temp\tmp23E8.tmp\rjsec506.ZIP", decompressedFolder = "C:\Users\cofc_\AppData\Local\Temp\tmp25BD.tmp", message = "rjsec506")~~RJStevensMusicPresentationCreator.Program~0000002355
2024-12-15 09:57:47.9445~DEBUG~extract completed~~RJStevensMusicPresentationCreator.Program~0000002356
2024-12-15 09:57:47.9475~DEBUG~<- ExtractAllFromFile(zipFileName = "C:\Users\cofc_\AppData\Local\Temp\tmp23E8.tmp\rjsec506.ZIP", decompressedFolder = "C:\Users\cofc_\AppData\Local\Temp\tmp25BD.tmp", message = "rjsec506")~~RJStevensMusicPresentationCreator.Program~0000002357
2024-12-15 09:57:48.0405~DEBUG~-> DownloadFile(url = "https://faas-nyc1-2ef2e6cc.doserverless.co/api/v1/web/fn-dd7f8f6a-d32a-4f5e-ae7b-870dfb7963f3/downloads/bundle?id=000000000000514", filename = "C:\Users\cofc_\AppData\Local\Temp\tmp2755.tmp\rjsec507.ZIP", message = "rjsec507")~~RJStevensMusicPresentationCreator.Program~0000002358
2024-12-15 09:57:48.4565~DEBUG~download completed~~RJStevensMusicPresentationCreator.Program~0000002359
2024-12-15 09:57:48.4565~DEBUG~<- DownloadFile(url = "https://faas-nyc1-2ef2e6cc.doserverless.co/api/v1/web/fn-dd7f8f6a-d32a-4f5e-ae7b-870dfb7963f3/downloads/bundle?id=000000000000514", filename = "C:\Users\cofc_\AppData\Local\Temp\tmp2755.tmp\rjsec507.ZIP", message = "rjsec507")~~RJStevensMusicPresentationCreator.Program~0000002360
2024-12-15 09:57:48.4685~DEBUG~-> ExtractAllFromFile(zipFileName = "C:\Users\cofc_\AppData\Local\Temp\tmp2755.tmp\rjsec507.ZIP", decompressedFolder = "C:\Users\cofc_\AppData\Local\Temp\tmp290B.tmp", message = "rjsec507")~~RJStevensMusicPresentationCreator.Program~0000002361
2024-12-15 09:57:48.6651~DEBUG~extract completed~~RJStevensMusicPresentationCreator.Program~0000002362
2024-12-15 09:57:48.6681~DEBUG~<- ExtractAllFromFile(zipFileName = "C:\Users\cofc_\AppData\Local\Temp\tmp2755.tmp\rjsec507.ZIP", decompressedFolder = "C:\Users\cofc_\AppData\Local\Temp\tmp290B.tmp", message = "rjsec507")~~RJStevensMusicPresentationCreator.Program~0000002363
2024-12-15 09:57:48.7331~DEBUG~-> DownloadFile(url = "https://faas-nyc1-2ef2e6cc.doserverless.co/api/v1/web/fn-dd7f8f6a-d32a-4f5e-ae7b-870dfb7963f3/downloads/bundle?id=000000000000515", filename = "C:\Users\cofc_\AppData\Local\Temp\tmp2A16.tmp\rjsec508.ZIP", message = "rjsec508")~~RJStevensMusicPresentationCreator.Program~0000002364
2024-12-15 09:57:49.2020~DEBUG~download completed~~RJStevensMusicPresentationCreator.Program~0000002365
2024-12-15 09:57:49.2020~DEBUG~<- DownloadFile(url = "https://faas-nyc1-2ef2e6cc.doserverless.co/api/v1/web/fn-dd7f8f6a-d32a-4f5e-ae7b-870dfb7963f3/downloads/bundle?id=000000000000515", filename = "C:\Users\cofc_\AppData\Local\Temp\tmp2A16.tmp\rjsec508.ZIP", message = "rjsec508")~~RJStevensMusicPresentationCreator.Program~0000002366
2024-12-15 09:57:49.2130~DEBUG~-> ExtractAllFromFile(zipFileName = "C:\Users\cofc_\AppData\Local\Temp\tmp2A16.tmp\rjsec508.ZIP", decompressedFolder = "C:\Users\cofc_\AppData\Local\Temp\tmp2BEC.tmp", message = "rjsec508")~~RJStevensMusicPresentationCreator.Program~0000002367
2024-12-15 09:57:49.5780~DEBUG~extract completed~~RJStevensMusicPresentationCreator.Program~0000002368
2024-12-15 09:57:49.5780~DEBUG~<- ExtractAllFromFile(zipFileName = "C:\Users\cofc_\AppData\Local\Temp\tmp2A16.tmp\rjsec508.ZIP", decompressedFolder = "C:\Users\cofc_\AppData\Local\Temp\tmp2BEC.tmp", message = "rjsec508")~~RJStevensMusicPresentationCreator.Program~0000002369
2024-12-15 09:57:49.6800~DEBUG~-> DownloadFile(url = "https://faas-nyc1-2ef2e6cc.doserverless.co/api/v1/web/fn-dd7f8f6a-d32a-4f5e-ae7b-870dfb7963f3/downloads/bundle?id=000000000000517", filename = "C:\Users\cofc_\AppData\Local\Temp\tmp2DC1.tmp\rjsec510.ZIP", message = "rjsec510")~~RJStevensMusicPresentationCreator.Program~0000002370
2024-12-15 09:57:50.1420~DEBUG~download completed~~RJStevensMusicPresentationCreator.Program~0000002371
2024-12-15 09:57:50.1420~DEBUG~<- DownloadFile(url = "https://faas-nyc1-2ef2e6cc.doserverless.co/api/v1/web/fn-dd7f8f6a-d32a-4f5e-ae7b-870dfb7963f3/downloads/bundle?id=000000000000517", filename = "C:\Users\cofc_\AppData\Local\Temp\tmp2DC1.tmp\rjsec510.ZIP", message = "rjsec510")~~RJStevensMusicPresentationCreator.Program~0000002372
2024-12-15 09:57:50.1660~DEBUG~-> ExtractAllFromFile(zipFileName = "C:\Users\cofc_\AppData\Local\Temp\tmp2DC1.tmp\rjsec510.ZIP", decompressedFolder = "C:\Users\cofc_\AppData\Local\Temp\tmp2FA7.tmp", message = "rjsec510")~~RJStevensMusicPresentationCreator.Program~0000002373
2024-12-15 09:57:50.5291~DEBUG~extract completed~~RJStevensMusicPresentationCreator.Program~0000002374
2024-12-15 09:57:50.5291~DEBUG~<- ExtractAllFromFile(zipFileName = "C:\Users\cofc_\AppData\Local\Temp\tmp2DC1.tmp\rjsec510.ZIP", decompressedFolder = "C:\Users\cofc_\AppData\Local\Temp\tmp2FA7.tmp", message = "rjsec510")~~RJStevensMusicPresentationCreator.Program~0000002375
2024-12-15 09:57:50.6091~DEBUG~-> DownloadFile(url = "https://faas-nyc1-2ef2e6cc.doserverless.co/api/v1/web/fn-dd7f8f6a-d32a-4f5e-ae7b-870dfb7963f3/downloads/bundle?id=000000000000519", filename = "C:\Users\cofc_\AppData\Local\Temp\tmp316D.tmp\rjsec512.ZIP", message = "rjsec512")~~RJStevensMusicPresentationCreator.Program~0000002376
2024-12-15 09:57:51.0551~DEBUG~download completed~~RJStevensMusicPresentationCreator.Program~0000002377
2024-12-15 09:57:51.0551~DEBUG~<- DownloadFile(url = "https://faas-nyc1-2ef2e6cc.doserverless.co/api/v1/web/fn-dd7f8f6a-d32a-4f5e-ae7b-870dfb7963f3/downloads/bundle?id=000000000000519", filename = "C:\Users\cofc_\AppData\Local\Temp\tmp316D.tmp\rjsec512.ZIP", message = "rjsec512")~~RJStevensMusicPresentationCreator.Program~0000002378
2024-12-15 09:57:51.0741~DEBUG~-> ExtractAllFromFile(zipFileName = "C:\Users\cofc_\AppData\Local\Temp\tmp316D.tmp\rjsec512.ZIP", decompressedFolder = "C:\Users\cofc_\AppData\Local\Temp\tmp3343.tmp", message = "rjsec512")~~RJStevensMusicPresentationCreator.Program~0000002379
2024-12-15 09:57:51.4593~DEBUG~extract completed~~RJStevensMusicPresentationCreator.Program~0000002380
2024-12-15 09:57:51.4653~DEBUG~<- ExtractAllFromFile(zipFileName = "C:\Users\cofc_\AppData\Local\Temp\tmp316D.tmp\rjsec512.ZIP", decompressedFolder = "C:\Users\cofc_\AppData\Local\Temp\tmp3343.tmp", message = "rjsec512")~~RJStevensMusicPresentationCreator.Program~0000002381
2024-12-15 09:57:51.5413~DEBUG~-> DownloadFile(url = "https://faas-nyc1-2ef2e6cc.doserverless.co/api/v1/web/fn-dd7f8f6a-d32a-4f5e-ae7b-870dfb7963f3/downloads/bundle?id=000000000000520", filename = "C:\Users\cofc_\AppData\Local\Temp\tmp3509.tmp\rjsec513.ZIP", message = "rjsec513")~~RJStevensMusicPresentationCreator.Program~0000002382
2024-12-15 09:57:52.0083~DEBUG~download completed~~RJStevensMusicPresentationCreator.Program~0000002383
2024-12-15 09:57:52.0083~DEBUG~<- DownloadFile(url = "https://faas-nyc1-2ef2e6cc.doserverless.co/api/v1/web/fn-dd7f8f6a-d32a-4f5e-ae7b-870dfb7963f3/downloads/bundle?id=000000000000520", filename = "C:\Users\cofc_\AppData\Local\Temp\tmp3509.tmp\rjsec513.ZIP", message = "rjsec513")~~RJStevensMusicPresentationCreator.Program~0000002384
2024-12-15 09:57:52.0283~DEBUG~-> ExtractAllFromFile(zipFileName = "C:\Users\cofc_\AppData\Local\Temp\tmp3509.tmp\rjsec513.ZIP", decompressedFolder = "C:\Users\cofc_\AppData\Local\Temp\tmp36FE.tmp", message = "rjsec513")~~RJStevensMusicPresentationCreator.Program~0000002385
2024-12-15 09:57:52.2783~DEBUG~extract completed~~RJStevensMusicPresentationCreator.Program~0000002386
2024-12-15 09:57:52.2783~DEBUG~<- ExtractAllFromFile(zipFileName = "C:\Users\cofc_\AppData\Local\Temp\tmp3509.tmp\rjsec513.ZIP", decompressedFolder = "C:\Users\cofc_\AppData\Local\Temp\tmp36FE.tmp", message = "rjsec513")~~RJStevensMusicPresentationCreator.Program~0000002387
2024-12-15 09:57:52.3533~DEBUG~-> DownloadFile(url = "https://faas-nyc1-2ef2e6cc.doserverless.co/api/v1/web/fn-dd7f8f6a-d32a-4f5e-ae7b-870dfb7963f3/downloads/bundle?id=000000000000521", filename = "C:\Users\cofc_\AppData\Local\Temp\tmp3837.tmp\rjsec514.ZIP", message = "rjsec514")~~RJStevensMusicPresentationCreator.Program~0000002388
2024-12-15 09:57:52.8214~DEBUG~download completed~~RJStevensMusicPresentationCreator.Program~0000002389
2024-12-15 09:57:52.8224~DEBUG~<- DownloadFile(url = "https://faas-nyc1-2ef2e6cc.doserverless.co/api/v1/web/fn-dd7f8f6a-d32a-4f5e-ae7b-870dfb7963f3/downloads/bundle?id=000000000000521", filename = "C:\Users\cofc_\AppData\Local\Temp\tmp3837.tmp\rjsec514.ZIP", message = "rjsec514")~~RJStevensMusicPresentationCreator.Program~0000002390
2024-12-15 09:57:52.8434~DEBUG~-> ExtractAllFromFile(zipFileName = "C:\Users\cofc_\AppData\Local\Temp\tmp3837.tmp\rjsec514.ZIP", decompressedFolder = "C:\Users\cofc_\AppData\Local\Temp\tmp3A2C.tmp", message = "rjsec514")~~RJStevensMusicPresentationCreator.Program~0000002391
2024-12-15 09:57:53.1494~DEBUG~extract completed~~RJStevensMusicPresentationCreator.Program~0000002392
2024-12-15 09:57:53.1524~DEBUG~<- ExtractAllFromFile(zipFileName = "C:\Users\cofc_\AppData\Local\Temp\tmp3837.tmp\rjsec514.ZIP", decompressedFolder = "C:\Users\cofc_\AppData\Local\Temp\tmp3A2C.tmp", message = "rjsec514")~~RJStevensMusicPresentationCreator.Program~0000002393
2024-12-15 09:57:53.2284~DEBUG~-> DownloadFile(url = "https://faas-nyc1-2ef2e6cc.doserverless.co/api/v1/web/fn-dd7f8f6a-d32a-4f5e-ae7b-870dfb7963f3/downloads/bundle?id=000000000000523", filename = "C:\Users\cofc_\AppData\Local\Temp\tmp3BA4.tmp\rjsec516.ZIP", message = "rjsec516")~~RJStevensMusicPresentationCreator.Program~0000002394
2024-12-15 09:57:53.7085~DEBUG~download completed~~RJStevensMusicPresentationCreator.Program~0000002395
2024-12-15 09:57:53.7085~DEBUG~<- DownloadFile(url = "https://faas-nyc1-2ef2e6cc.doserverless.co/api/v1/web/fn-dd7f8f6a-d32a-4f5e-ae7b-870dfb7963f3/downloads/bundle?id=000000000000523", filename = "C:\Users\cofc_\AppData\Local\Temp\tmp3BA4.tmp\rjsec516.ZIP", message = "rjsec516")~~RJStevensMusicPresentationCreator.Program~0000002396
2024-12-15 09:57:53.7315~DEBUG~-> ExtractAllFromFile(zipFileName = "C:\Users\cofc_\AppData\Local\Temp\tmp3BA4.tmp\rjsec516.ZIP", decompressedFolder = "C:\Users\cofc_\AppData\Local\Temp\tmp3DA9.tmp", message = "rjsec516")~~RJStevensMusicPresentationCreator.Program~0000002397
2024-12-15 09:57:54.0680~DEBUG~extract completed~~RJStevensMusicPresentationCreator.Program~0000002398
2024-12-15 09:57:54.0680~DEBUG~<- ExtractAllFromFile(zipFileName = "C:\Users\cofc_\AppData\Local\Temp\tmp3BA4.tmp\rjsec516.ZIP", decompressedFolder = "C:\Users\cofc_\AppData\Local\Temp\tmp3DA9.tmp", message = "rjsec516")~~RJStevensMusicPresentationCreator.Program~0000002399
2024-12-15 09:57:54.1600~DEBUG~-> DownloadFile(url = "https://faas-nyc1-2ef2e6cc.doserverless.co/api/v1/web/fn-dd7f8f6a-d32a-4f5e-ae7b-870dfb7963f3/downloads/bundle?id=000000000000525", filename = "C:\Users\cofc_\AppData\Local\Temp\tmp3F50.tmp\rjsec518.ZIP", message = "rjsec518")~~RJStevensMusicPresentationCreator.Program~0000002400
2024-12-15 09:57:54.6087~DEBUG~download completed~~RJStevensMusicPresentationCreator.Program~0000002401
2024-12-15 09:57:54.6087~DEBUG~<- DownloadFile(url = "https://faas-nyc1-2ef2e6cc.doserverless.co/api/v1/web/fn-dd7f8f6a-d32a-4f5e-ae7b-870dfb7963f3/downloads/bundle?id=000000000000525", filename = "C:\Users\cofc_\AppData\Local\Temp\tmp3F50.tmp\rjsec518.ZIP", message = "rjsec518")~~RJStevensMusicPresentationCreator.Program~0000002402
2024-12-15 09:57:54.6297~DEBUG~-> ExtractAllFromFile(zipFileName = "C:\Users\cofc_\AppData\Local\Temp\tmp3F50.tmp\rjsec518.ZIP", decompressedFolder = "C:\Users\cofc_\AppData\Local\Temp\tmp4125.tmp", message = "rjsec518")~~RJStevensMusicPresentationCreator.Program~0000002403
2024-12-15 09:57:55.0237~DEBUG~extract completed~~RJStevensMusicPresentationCreator.Program~0000002404
2024-12-15 09:57:55.0278~DEBUG~<- ExtractAllFromFile(zipFileName = "C:\Users\cofc_\AppData\Local\Temp\tmp3F50.tmp\rjsec518.ZIP", decompressedFolder = "C:\Users\cofc_\AppData\Local\Temp\tmp4125.tmp", message = "rjsec518")~~RJStevensMusicPresentationCreator.Program~0000002405
2024-12-15 09:57:55.1198~DEBUG~-> DownloadFile(url = "https://faas-nyc1-2ef2e6cc.doserverless.co/api/v1/web/fn-dd7f8f6a-d32a-4f5e-ae7b-870dfb7963f3/downloads/bundle?id=000000000000527", filename = "C:\Users\cofc_\AppData\Local\Temp\tmp430B.tmp\rjsec520.ZIP", message = "rjsec520")~~RJStevensMusicPresentationCreator.Program~0000002406
2024-12-15 09:57:55.5528~DEBUG~download completed~~RJStevensMusicPresentationCreator.Program~0000002407
2024-12-15 09:57:55.5528~DEBUG~<- DownloadFile(url = "https://faas-nyc1-2ef2e6cc.doserverless.co/api/v1/web/fn-dd7f8f6a-d32a-4f5e-ae7b-870dfb7963f3/downloads/bundle?id=000000000000527", filename = "C:\Users\cofc_\AppData\Local\Temp\tmp430B.tmp\rjsec520.ZIP", message = "rjsec520")~~RJStevensMusicPresentationCreator.Program~0000002408
2024-12-15 09:57:55.5698~DEBUG~-> ExtractAllFromFile(zipFileName = "C:\Users\cofc_\AppData\Local\Temp\tmp430B.tmp\rjsec520.ZIP", decompressedFolder = "C:\Users\cofc_\AppData\Local\Temp\tmp44D1.tmp", message = "rjsec520")~~RJStevensMusicPresentationCreator.Program~0000002409
2024-12-15 09:57:55.8627~DEBUG~extract completed~~RJStevensMusicPresentationCreator.Program~0000002410
2024-12-15 09:57:55.8627~DEBUG~<- ExtractAllFromFile(zipFileName = "C:\Users\cofc_\AppData\Local\Temp\tmp430B.tmp\rjsec520.ZIP", decompressedFolder = "C:\Users\cofc_\AppData\Local\Temp\tmp44D1.tmp", message = "rjsec520")~~RJStevensMusicPresentationCreator.Program~0000002411
2024-12-15 09:57:55.9437~DEBUG~-> DownloadFile(url = "https://faas-nyc1-2ef2e6cc.doserverless.co/api/v1/web/fn-dd7f8f6a-d32a-4f5e-ae7b-870dfb7963f3/downloads/bundle?id=000000000000528", filename = "C:\Users\cofc_\AppData\Local\Temp\tmp4649.tmp\rjsec521.ZIP", message = "rjsec521")~~RJStevensMusicPresentationCreator.Program~0000002412
2024-12-15 09:57:56.3574~DEBUG~download completed~~RJStevensMusicPresentationCreator.Program~0000002413
2024-12-15 09:57:56.3574~DEBUG~<- DownloadFile(url = "https://faas-nyc1-2ef2e6cc.doserverless.co/api/v1/web/fn-dd7f8f6a-d32a-4f5e-ae7b-870dfb7963f3/downloads/bundle?id=000000000000528", filename = "C:\Users\cofc_\AppData\Local\Temp\tmp4649.tmp\rjsec521.ZIP", message = "rjsec521")~~RJStevensMusicPresentationCreator.Program~0000002414
2024-12-15 09:57:56.3764~DEBUG~-> ExtractAllFromFile(zipFileName = "C:\Users\cofc_\AppData\Local\Temp\tmp4649.tmp\rjsec521.ZIP", decompressedFolder = "C:\Users\cofc_\AppData\Local\Temp\tmp47FF.tmp", message = "rjsec521")~~RJStevensMusicPresentationCreator.Program~0000002415
2024-12-15 09:57:56.6394~DEBUG~extract completed~~RJStevensMusicPresentationCreator.Program~0000002416
2024-12-15 09:57:56.6394~DEBUG~<- ExtractAllFromFile(zipFileName = "C:\Users\cofc_\AppData\Local\Temp\tmp4649.tmp\rjsec521.ZIP", decompressedFolder = "C:\Users\cofc_\AppData\Local\Temp\tmp47FF.tmp", message = "rjsec521")~~RJStevensMusicPresentationCreator.Program~0000002417
2024-12-15 09:57:56.7164~DEBUG~-> DownloadFile(url = "https://faas-nyc1-2ef2e6cc.doserverless.co/api/v1/web/fn-dd7f8f6a-d32a-4f5e-ae7b-870dfb7963f3/downloads/bundle?id=000000000000529", filename = "C:\Users\cofc_\AppData\Local\Temp\tmp4958.tmp\rjsec522.ZIP", message = "rjsec522")~~RJStevensMusicPresentationCreator.Program~0000002418
2024-12-15 09:57:57.1872~DEBUG~download completed~~RJStevensMusicPresentationCreator.Program~0000002419
2024-12-15 09:57:57.1872~DEBUG~<- DownloadFile(url = "https://faas-nyc1-2ef2e6cc.doserverless.co/api/v1/web/fn-dd7f8f6a-d32a-4f5e-ae7b-870dfb7963f3/downloads/bundle?id=000000000000529", filename = "C:\Users\cofc_\AppData\Local\Temp\tmp4958.tmp\rjsec522.ZIP", message = "rjsec522")~~RJStevensMusicPresentationCreator.Program~0000002420
2024-12-15 09:57:57.2052~DEBUG~-> ExtractAllFromFile(zipFileName = "C:\Users\cofc_\AppData\Local\Temp\tmp4958.tmp\rjsec522.ZIP", decompressedFolder = "C:\Users\cofc_\AppData\Local\Temp\tmp4B3E.tmp", message = "rjsec522")~~RJStevensMusicPresentationCreator.Program~0000002421
2024-12-15 09:57:57.5143~DEBUG~extract completed~~RJStevensMusicPresentationCreator.Program~0000002422
2024-12-15 09:57:57.5143~DEBUG~<- ExtractAllFromFile(zipFileName = "C:\Users\cofc_\AppData\Local\Temp\tmp4958.tmp\rjsec522.ZIP", decompressedFolder = "C:\Users\cofc_\AppData\Local\Temp\tmp4B3E.tmp", message = "rjsec522")~~RJStevensMusicPresentationCreator.Program~0000002423
2024-12-15 09:57:57.5973~DEBUG~-> DownloadFile(url = "https://faas-nyc1-2ef2e6cc.doserverless.co/api/v1/web/fn-dd7f8f6a-d32a-4f5e-ae7b-870dfb7963f3/downloads/bundle?id=000000000000530", filename = "C:\Users\cofc_\AppData\Local\Temp\tmp4CC5.tmp\rjsec523.ZIP", message = "rjsec523")~~RJStevensMusicPresentationCreator.Program~0000002424
2024-12-15 09:57:58.0493~DEBUG~download completed~~RJStevensMusicPresentationCreator.Program~0000002425
2024-12-15 09:57:58.0493~DEBUG~<- DownloadFile(url = "https://faas-nyc1-2ef2e6cc.doserverless.co/api/v1/web/fn-dd7f8f6a-d32a-4f5e-ae7b-870dfb7963f3/downloads/bundle?id=000000000000530", filename = "C:\Users\cofc_\AppData\Local\Temp\tmp4CC5.tmp\rjsec523.ZIP", message = "rjsec523")~~RJStevensMusicPresentationCreator.Program~0000002426
2024-12-15 09:57:58.0673~DEBUG~-> ExtractAllFromFile(zipFileName = "C:\Users\cofc_\AppData\Local\Temp\tmp4CC5.tmp\rjsec523.ZIP", decompressedFolder = "C:\Users\cofc_\AppData\Local\Temp\tmp4E9B.tmp", message = "rjsec523")~~RJStevensMusicPresentationCreator.Program~0000002427
2024-12-15 09:57:58.3060~DEBUG~extract completed~~RJStevensMusicPresentationCreator.Program~0000002428
2024-12-15 09:57:58.3100~DEBUG~<- ExtractAllFromFile(zipFileName = "C:\Users\cofc_\AppData\Local\Temp\tmp4CC5.tmp\rjsec523.ZIP", decompressedFolder = "C:\Users\cofc_\AppData\Local\Temp\tmp4E9B.tmp", message = "rjsec523")~~RJStevensMusicPresentationCreator.Program~0000002429
2024-12-15 09:57:58.3760~DEBUG~-> DownloadFile(url = "https://faas-nyc1-2ef2e6cc.doserverless.co/api/v1/web/fn-dd7f8f6a-d32a-4f5e-ae7b-870dfb7963f3/downloads/bundle?id=000000000000531", filename = "C:\Users\cofc_\AppData\Local\Temp\tmp4FD4.tmp\rjsec524.ZIP", message = "rjsec524")~~RJStevensMusicPresentationCreator.Program~0000002430
2024-12-15 09:57:58.8331~DEBUG~download completed~~RJStevensMusicPresentationCreator.Program~0000002431
2024-12-15 09:57:58.8331~DEBUG~<- DownloadFile(url = "https://faas-nyc1-2ef2e6cc.doserverless.co/api/v1/web/fn-dd7f8f6a-d32a-4f5e-ae7b-870dfb7963f3/downloads/bundle?id=000000000000531", filename = "C:\Users\cofc_\AppData\Local\Temp\tmp4FD4.tmp\rjsec524.ZIP", message = "rjsec524")~~RJStevensMusicPresentationCreator.Program~0000002432
2024-12-15 09:57:58.8481~DEBUG~-> ExtractAllFromFile(zipFileName = "C:\Users\cofc_\AppData\Local\Temp\tmp4FD4.tmp\rjsec524.ZIP", decompressedFolder = "C:\Users\cofc_\AppData\Local\Temp\tmp51AA.tmp", message = "rjsec524")~~RJStevensMusicPresentationCreator.Program~0000002433
2024-12-15 09:57:59.1422~DEBUG~extract completed~~RJStevensMusicPresentationCreator.Program~0000002434
2024-12-15 09:57:59.1422~DEBUG~<- ExtractAllFromFile(zipFileName = "C:\Users\cofc_\AppData\Local\Temp\tmp4FD4.tmp\rjsec524.ZIP", decompressedFolder = "C:\Users\cofc_\AppData\Local\Temp\tmp51AA.tmp", message = "rjsec524")~~RJStevensMusicPresentationCreator.Program~0000002435
2024-12-15 09:57:59.2202~DEBUG~-> DownloadFile(url = "https://faas-nyc1-2ef2e6cc.doserverless.co/api/v1/web/fn-dd7f8f6a-d32a-4f5e-ae7b-870dfb7963f3/downloads/bundle?id=000000000000532", filename = "C:\Users\cofc_\AppData\Local\Temp\tmp5322.tmp\rjsec525.ZIP", message = "rjsec525")~~RJStevensMusicPresentationCreator.Program~0000002436
2024-12-15 09:57:59.6223~DEBUG~download completed~~RJStevensMusicPresentationCreator.Program~0000002437
2024-12-15 09:57:59.6223~DEBUG~<- DownloadFile(url = "https://faas-nyc1-2ef2e6cc.doserverless.co/api/v1/web/fn-dd7f8f6a-d32a-4f5e-ae7b-870dfb7963f3/downloads/bundle?id=000000000000532", filename = "C:\Users\cofc_\AppData\Local\Temp\tmp5322.tmp\rjsec525.ZIP", message = "rjsec525")~~RJStevensMusicPresentationCreator.Program~0000002438
2024-12-15 09:57:59.6353~DEBUG~-> ExtractAllFromFile(zipFileName = "C:\Users\cofc_\AppData\Local\Temp\tmp5322.tmp\rjsec525.ZIP", decompressedFolder = "C:\Users\cofc_\AppData\Local\Temp\tmp54C9.tmp", message = "rjsec525")~~RJStevensMusicPresentationCreator.Program~0000002439
2024-12-15 09:57:59.7570~DEBUG~extract completed~~RJStevensMusicPresentationCreator.Program~0000002440
2024-12-15 09:57:59.7600~DEBUG~<- ExtractAllFromFile(zipFileName = "C:\Users\cofc_\AppData\Local\Temp\tmp5322.tmp\rjsec525.ZIP", decompressedFolder = "C:\Users\cofc_\AppData\Local\Temp\tmp54C9.tmp", message = "rjsec525")~~RJStevensMusicPresentationCreator.Program~0000002441
2024-12-15 09:57:59.8120~DEBUG~-> DownloadFile(url = "https://faas-nyc1-2ef2e6cc.doserverless.co/api/v1/web/fn-dd7f8f6a-d32a-4f5e-ae7b-870dfb7963f3/downloads/bundle?id=000000000000533", filename = "C:\Users\cofc_\AppData\Local\Temp\tmp5576.tmp\rjsec526.ZIP", message = "rjsec526")~~RJStevensMusicPresentationCreator.Program~0000002442
2024-12-15 09:58:00.2260~DEBUG~download completed~~RJStevensMusicPresentationCreator.Program~0000002443
2024-12-15 09:58:00.2260~DEBUG~<- DownloadFile(url = "https://faas-nyc1-2ef2e6cc.doserverless.co/api/v1/web/fn-dd7f8f6a-d32a-4f5e-ae7b-870dfb7963f3/downloads/bundle?id=000000000000533", filename = "C:\Users\cofc_\AppData\Local\Temp\tmp5576.tmp\rjsec526.ZIP", message = "rjsec526")~~RJStevensMusicPresentationCreator.Program~0000002444
2024-12-15 09:58:00.2430~DEBUG~-> ExtractAllFromFile(zipFileName = "C:\Users\cofc_\AppData\Local\Temp\tmp5576.tmp\rjsec526.ZIP", decompressedFolder = "C:\Users\cofc_\AppData\Local\Temp\tmp571D.tmp", message = "rjsec526")~~RJStevensMusicPresentationCreator.Program~0000002445
2024-12-15 09:58:00.4510~DEBUG~extract completed~~RJStevensMusicPresentationCreator.Program~0000002446
2024-12-15 09:58:00.4510~DEBUG~<- ExtractAllFromFile(zipFileName = "C:\Users\cofc_\AppData\Local\Temp\tmp5576.tmp\rjsec526.ZIP", decompressedFolder = "C:\Users\cofc_\AppData\Local\Temp\tmp571D.tmp", message = "rjsec526")~~RJStevensMusicPresentationCreator.Program~0000002447
2024-12-15 09:58:00.5150~DEBUG~-> DownloadFile(url = "https://faas-nyc1-2ef2e6cc.doserverless.co/api/v1/web/fn-dd7f8f6a-d32a-4f5e-ae7b-870dfb7963f3/downloads/bundle?id=000000000000535", filename = "C:\Users\cofc_\AppData\Local\Temp\tmp5837.tmp\rjsec528.ZIP", message = "rjsec528")~~RJStevensMusicPresentationCreator.Program~0000002448
2024-12-15 09:58:00.9631~DEBUG~download completed~~RJStevensMusicPresentationCreator.Program~0000002449
2024-12-15 09:58:00.9631~DEBUG~<- DownloadFile(url = "https://faas-nyc1-2ef2e6cc.doserverless.co/api/v1/web/fn-dd7f8f6a-d32a-4f5e-ae7b-870dfb7963f3/downloads/bundle?id=000000000000535", filename = "C:\Users\cofc_\AppData\Local\Temp\tmp5837.tmp\rjsec528.ZIP", message = "rjsec528")~~RJStevensMusicPresentationCreator.Program~0000002450
2024-12-15 09:58:00.9811~DEBUG~-> ExtractAllFromFile(zipFileName = "C:\Users\cofc_\AppData\Local\Temp\tmp5837.tmp\rjsec528.ZIP", decompressedFolder = "C:\Users\cofc_\AppData\Local\Temp\tmp5A0D.tmp", message = "rjsec528")~~RJStevensMusicPresentationCreator.Program~0000002451
2024-12-15 09:58:01.3252~DEBUG~extract completed~~RJStevensMusicPresentationCreator.Program~0000002452
2024-12-15 09:58:01.3252~DEBUG~<- ExtractAllFromFile(zipFileName = "C:\Users\cofc_\AppData\Local\Temp\tmp5837.tmp\rjsec528.ZIP", decompressedFolder = "C:\Users\cofc_\AppData\Local\Temp\tmp5A0D.tmp", message = "rjsec528")~~RJStevensMusicPresentationCreator.Program~0000002453
2024-12-15 09:58:01.3982~DEBUG~-> DownloadFile(url = "https://faas-nyc1-2ef2e6cc.doserverless.co/api/v1/web/fn-dd7f8f6a-d32a-4f5e-ae7b-870dfb7963f3/downloads/bundle?id=000000000000536", filename = "C:\Users\cofc_\AppData\Local\Temp\tmp5BA4.tmp\rjsec529.ZIP", message = "rjsec529")~~RJStevensMusicPresentationCreator.Program~0000002454
2024-12-15 09:58:01.8522~DEBUG~download completed~~RJStevensMusicPresentationCreator.Program~0000002455
2024-12-15 09:58:01.8522~DEBUG~<- DownloadFile(url = "https://faas-nyc1-2ef2e6cc.doserverless.co/api/v1/web/fn-dd7f8f6a-d32a-4f5e-ae7b-870dfb7963f3/downloads/bundle?id=000000000000536", filename = "C:\Users\cofc_\AppData\Local\Temp\tmp5BA4.tmp\rjsec529.ZIP", message = "rjsec529")~~RJStevensMusicPresentationCreator.Program~0000002456
2024-12-15 09:58:01.8662~DEBUG~-> ExtractAllFromFile(zipFileName = "C:\Users\cofc_\AppData\Local\Temp\tmp5BA4.tmp\rjsec529.ZIP", decompressedFolder = "C:\Users\cofc_\AppData\Local\Temp\tmp5D7A.tmp", message = "rjsec529")~~RJStevensMusicPresentationCreator.Program~0000002457
2024-12-15 09:58:02.1092~DEBUG~extract completed~~RJStevensMusicPresentationCreator.Program~0000002458
2024-12-15 09:58:02.1092~DEBUG~<- ExtractAllFromFile(zipFileName = "C:\Users\cofc_\AppData\Local\Temp\tmp5BA4.tmp\rjsec529.ZIP", decompressedFolder = "C:\Users\cofc_\AppData\Local\Temp\tmp5D7A.tmp", message = "rjsec529")~~RJStevensMusicPresentationCreator.Program~0000002459
2024-12-15 09:58:02.1882~DEBUG~-> DownloadFile(url = "https://faas-nyc1-2ef2e6cc.doserverless.co/api/v1/web/fn-dd7f8f6a-d32a-4f5e-ae7b-870dfb7963f3/downloads/bundle?id=000000000000537", filename = "C:\Users\cofc_\AppData\Local\Temp\tmp5EC3.tmp\rjsec530.ZIP", message = "rjsec530")~~RJStevensMusicPresentationCreator.Program~0000002460
2024-12-15 09:58:02.6769~DEBUG~download completed~~RJStevensMusicPresentationCreator.Program~0000002461
2024-12-15 09:58:02.6769~DEBUG~<- DownloadFile(url = "https://faas-nyc1-2ef2e6cc.doserverless.co/api/v1/web/fn-dd7f8f6a-d32a-4f5e-ae7b-870dfb7963f3/downloads/bundle?id=000000000000537", filename = "C:\Users\cofc_\AppData\Local\Temp\tmp5EC3.tmp\rjsec530.ZIP", message = "rjsec530")~~RJStevensMusicPresentationCreator.Program~0000002462
2024-12-15 09:58:02.6929~DEBUG~-> ExtractAllFromFile(zipFileName = "C:\Users\cofc_\AppData\Local\Temp\tmp5EC3.tmp\rjsec530.ZIP", decompressedFolder = "C:\Users\cofc_\AppData\Local\Temp\tmp60B8.tmp", message = "rjsec530")~~RJStevensMusicPresentationCreator.Program~0000002463
2024-12-15 09:58:03.0239~DEBUG~extract completed~~RJStevensMusicPresentationCreator.Program~0000002464
2024-12-15 09:58:03.0269~DEBUG~<- ExtractAllFromFile(zipFileName = "C:\Users\cofc_\AppData\Local\Temp\tmp5EC3.tmp\rjsec530.ZIP", decompressedFolder = "C:\Users\cofc_\AppData\Local\Temp\tmp60B8.tmp", message = "rjsec530")~~RJStevensMusicPresentationCreator.Program~0000002465
2024-12-15 09:58:03.1049~DEBUG~-> DownloadFile(url = "https://faas-nyc1-2ef2e6cc.doserverless.co/api/v1/web/fn-dd7f8f6a-d32a-4f5e-ae7b-870dfb7963f3/downloads/bundle?id=000000000000538", filename = "C:\Users\cofc_\AppData\Local\Temp\tmp625F.tmp\rjsec531.ZIP", message = "rjsec531")~~RJStevensMusicPresentationCreator.Program~0000002466
2024-12-15 09:58:03.5130~DEBUG~download completed~~RJStevensMusicPresentationCreator.Program~0000002467
2024-12-15 09:58:03.5130~DEBUG~<- DownloadFile(url = "https://faas-nyc1-2ef2e6cc.doserverless.co/api/v1/web/fn-dd7f8f6a-d32a-4f5e-ae7b-870dfb7963f3/downloads/bundle?id=000000000000538", filename = "C:\Users\cofc_\AppData\Local\Temp\tmp625F.tmp\rjsec531.ZIP", message = "rjsec531")~~RJStevensMusicPresentationCreator.Program~0000002468
2024-12-15 09:58:03.5260~DEBUG~-> ExtractAllFromFile(zipFileName = "C:\Users\cofc_\AppData\Local\Temp\tmp625F.tmp\rjsec531.ZIP", decompressedFolder = "C:\Users\cofc_\AppData\Local\Temp\tmp6406.tmp", message = "rjsec531")~~RJStevensMusicPresentationCreator.Program~0000002469
2024-12-15 09:58:03.7124~DEBUG~extract completed~~RJStevensMusicPresentationCreator.Program~0000002470
2024-12-15 09:58:03.7174~DEBUG~<- ExtractAllFromFile(zipFileName = "C:\Users\cofc_\AppData\Local\Temp\tmp625F.tmp\rjsec531.ZIP", decompressedFolder = "C:\Users\cofc_\AppData\Local\Temp\tmp6406.tmp", message = "rjsec531")~~RJStevensMusicPresentationCreator.Program~0000002471
2024-12-15 09:58:03.7774~DEBUG~-> DownloadFile(url = "https://faas-nyc1-2ef2e6cc.doserverless.co/api/v1/web/fn-dd7f8f6a-d32a-4f5e-ae7b-870dfb7963f3/downloads/bundle?id=000000000000539", filename = "C:\Users\cofc_\AppData\Local\Temp\tmp6501.tmp\rjsec531a.ZIP", message = "rjsec531a")~~RJStevensMusicPresentationCreator.Program~0000002472
2024-12-15 09:58:04.2235~DEBUG~download completed~~RJStevensMusicPresentationCreator.Program~0000002473
2024-12-15 09:58:04.2235~DEBUG~<- DownloadFile(url = "https://faas-nyc1-2ef2e6cc.doserverless.co/api/v1/web/fn-dd7f8f6a-d32a-4f5e-ae7b-870dfb7963f3/downloads/bundle?id=000000000000539", filename = "C:\Users\cofc_\AppData\Local\Temp\tmp6501.tmp\rjsec531a.ZIP", message = "rjsec531a")~~RJStevensMusicPresentationCreator.Program~0000002474
2024-12-15 09:58:04.2365~DEBUG~-> ExtractAllFromFile(zipFileName = "C:\Users\cofc_\AppData\Local\Temp\tmp6501.tmp\rjsec531a.ZIP", decompressedFolder = "C:\Users\cofc_\AppData\Local\Temp\tmp66C7.tmp", message = "rjsec531a")~~RJStevensMusicPresentationCreator.Program~0000002475
2024-12-15 09:58:04.4905~DEBUG~extract completed~~RJStevensMusicPresentationCreator.Program~0000002476
2024-12-15 09:58:04.4905~DEBUG~<- ExtractAllFromFile(zipFileName = "C:\Users\cofc_\AppData\Local\Temp\tmp6501.tmp\rjsec531a.ZIP", decompressedFolder = "C:\Users\cofc_\AppData\Local\Temp\tmp66C7.tmp", message = "rjsec531a")~~RJStevensMusicPresentationCreator.Program~0000002477
2024-12-15 09:58:04.5675~DEBUG~-> DownloadFile(url = "https://faas-nyc1-2ef2e6cc.doserverless.co/api/v1/web/fn-dd7f8f6a-d32a-4f5e-ae7b-870dfb7963f3/downloads/bundle?id=000000000000540", filename = "C:\Users\cofc_\AppData\Local\Temp\tmp6810.tmp\rjsec532.ZIP", message = "rjsec532")~~RJStevensMusicPresentationCreator.Program~0000002478
2024-12-15 09:58:05.0395~DEBUG~download completed~~RJStevensMusicPresentationCreator.Program~0000002479
2024-12-15 09:58:05.0395~DEBUG~<- DownloadFile(url = "https://faas-nyc1-2ef2e6cc.doserverless.co/api/v1/web/fn-dd7f8f6a-d32a-4f5e-ae7b-870dfb7963f3/downloads/bundle?id=000000000000540", filename = "C:\Users\cofc_\AppData\Local\Temp\tmp6810.tmp\rjsec532.ZIP", message = "rjsec532")~~RJStevensMusicPresentationCreator.Program~0000002480
2024-12-15 09:58:05.0545~DEBUG~-> ExtractAllFromFile(zipFileName = "C:\Users\cofc_\AppData\Local\Temp\tmp6810.tmp\rjsec532.ZIP", decompressedFolder = "C:\Users\cofc_\AppData\Local\Temp\tmp69F5.tmp", message = "rjsec532")~~RJStevensMusicPresentationCreator.Program~0000002481
2024-12-15 09:58:05.3498~DEBUG~extract completed~~RJStevensMusicPresentationCreator.Program~0000002482
2024-12-15 09:58:05.3498~DEBUG~<- ExtractAllFromFile(zipFileName = "C:\Users\cofc_\AppData\Local\Temp\tmp6810.tmp\rjsec532.ZIP", decompressedFolder = "C:\Users\cofc_\AppData\Local\Temp\tmp69F5.tmp", message = "rjsec532")~~RJStevensMusicPresentationCreator.Program~0000002483
2024-12-15 09:58:05.4288~DEBUG~-> DownloadFile(url = "https://faas-nyc1-2ef2e6cc.doserverless.co/api/v1/web/fn-dd7f8f6a-d32a-4f5e-ae7b-870dfb7963f3/downloads/bundle?id=000000000000541", filename = "C:\Users\cofc_\AppData\Local\Temp\tmp6B6D.tmp\rjsec533.ZIP", message = "rjsec533")~~RJStevensMusicPresentationCreator.Program~0000002484
2024-12-15 09:58:05.8558~DEBUG~download completed~~RJStevensMusicPresentationCreator.Program~0000002485
2024-12-15 09:58:05.8558~DEBUG~<- DownloadFile(url = "https://faas-nyc1-2ef2e6cc.doserverless.co/api/v1/web/fn-dd7f8f6a-d32a-4f5e-ae7b-870dfb7963f3/downloads/bundle?id=000000000000541", filename = "C:\Users\cofc_\AppData\Local\Temp\tmp6B6D.tmp\rjsec533.ZIP", message = "rjsec533")~~RJStevensMusicPresentationCreator.Program~0000002486
2024-12-15 09:58:05.8698~DEBUG~-> ExtractAllFromFile(zipFileName = "C:\Users\cofc_\AppData\Local\Temp\tmp6B6D.tmp\rjsec533.ZIP", decompressedFolder = "C:\Users\cofc_\AppData\Local\Temp\tmp6D24.tmp", message = "rjsec533")~~RJStevensMusicPresentationCreator.Program~0000002487
2024-12-15 09:58:06.0728~DEBUG~extract completed~~RJStevensMusicPresentationCreator.Program~0000002488
2024-12-15 09:58:06.0728~DEBUG~<- ExtractAllFromFile(zipFileName = "C:\Users\cofc_\AppData\Local\Temp\tmp6B6D.tmp\rjsec533.ZIP", decompressedFolder = "C:\Users\cofc_\AppData\Local\Temp\tmp6D24.tmp", message = "rjsec533")~~RJStevensMusicPresentationCreator.Program~0000002489
2024-12-15 09:58:06.1359~DEBUG~-> DownloadFile(url = "https://faas-nyc1-2ef2e6cc.doserverless.co/api/v1/web/fn-dd7f8f6a-d32a-4f5e-ae7b-870dfb7963f3/downloads/bundle?id=000000000000542", filename = "C:\Users\cofc_\AppData\Local\Temp\tmp6E3E.tmp\rjsec534.ZIP", message = "rjsec534")~~RJStevensMusicPresentationCreator.Program~0000002490
2024-12-15 09:58:06.6189~DEBUG~download completed~~RJStevensMusicPresentationCreator.Program~0000002491
2024-12-15 09:58:06.6199~DEBUG~<- DownloadFile(url = "https://faas-nyc1-2ef2e6cc.doserverless.co/api/v1/web/fn-dd7f8f6a-d32a-4f5e-ae7b-870dfb7963f3/downloads/bundle?id=000000000000542", filename = "C:\Users\cofc_\AppData\Local\Temp\tmp6E3E.tmp\rjsec534.ZIP", message = "rjsec534")~~RJStevensMusicPresentationCreator.Program~0000002492
2024-12-15 09:58:06.6369~DEBUG~-> ExtractAllFromFile(zipFileName = "C:\Users\cofc_\AppData\Local\Temp\tmp6E3E.tmp\rjsec534.ZIP", decompressedFolder = "C:\Users\cofc_\AppData\Local\Temp\tmp7033.tmp", message = "rjsec534")~~RJStevensMusicPresentationCreator.Program~0000002493
2024-12-15 09:58:06.9214~DEBUG~extract completed~~RJStevensMusicPresentationCreator.Program~0000002494
2024-12-15 09:58:06.9214~DEBUG~<- ExtractAllFromFile(zipFileName = "C:\Users\cofc_\AppData\Local\Temp\tmp6E3E.tmp\rjsec534.ZIP", decompressedFolder = "C:\Users\cofc_\AppData\Local\Temp\tmp7033.tmp", message = "rjsec534")~~RJStevensMusicPresentationCreator.Program~0000002495
2024-12-15 09:58:06.9904~DEBUG~-> DownloadFile(url = "https://faas-nyc1-2ef2e6cc.doserverless.co/api/v1/web/fn-dd7f8f6a-d32a-4f5e-ae7b-870dfb7963f3/downloads/bundle?id=000000000000544", filename = "C:\Users\cofc_\AppData\Local\Temp\tmp718C.tmp\rjsec536.ZIP", message = "rjsec536")~~RJStevensMusicPresentationCreator.Program~0000002496
2024-12-15 09:58:07.4205~DEBUG~download completed~~RJStevensMusicPresentationCreator.Program~0000002497
2024-12-15 09:58:07.4205~DEBUG~<- DownloadFile(url = "https://faas-nyc1-2ef2e6cc.doserverless.co/api/v1/web/fn-dd7f8f6a-d32a-4f5e-ae7b-870dfb7963f3/downloads/bundle?id=000000000000544", filename = "C:\Users\cofc_\AppData\Local\Temp\tmp718C.tmp\rjsec536.ZIP", message = "rjsec536")~~RJStevensMusicPresentationCreator.Program~0000002498
2024-12-15 09:58:07.4345~DEBUG~-> ExtractAllFromFile(zipFileName = "C:\Users\cofc_\AppData\Local\Temp\tmp718C.tmp\rjsec536.ZIP", decompressedFolder = "C:\Users\cofc_\AppData\Local\Temp\tmp7352.tmp", message = "rjsec536")~~RJStevensMusicPresentationCreator.Program~0000002499
2024-12-15 09:58:07.7047~DEBUG~extract completed~~RJStevensMusicPresentationCreator.Program~0000002500
2024-12-15 09:58:07.7047~DEBUG~<- ExtractAllFromFile(zipFileName = "C:\Users\cofc_\AppData\Local\Temp\tmp718C.tmp\rjsec536.ZIP", decompressedFolder = "C:\Users\cofc_\AppData\Local\Temp\tmp7352.tmp", message = "rjsec536")~~RJStevensMusicPresentationCreator.Program~0000002501
2024-12-15 09:58:07.7747~DEBUG~-> DownloadFile(url = "https://faas-nyc1-2ef2e6cc.doserverless.co/api/v1/web/fn-dd7f8f6a-d32a-4f5e-ae7b-870dfb7963f3/downloads/bundle?id=000000000000548", filename = "C:\Users\cofc_\AppData\Local\Temp\tmp749B.tmp\rjsec540.ZIP", message = "rjsec540")~~RJStevensMusicPresentationCreator.Program~0000002502
2024-12-15 09:58:08.1768~DEBUG~download completed~~RJStevensMusicPresentationCreator.Program~0000002503
2024-12-15 09:58:08.1768~DEBUG~<- DownloadFile(url = "https://faas-nyc1-2ef2e6cc.doserverless.co/api/v1/web/fn-dd7f8f6a-d32a-4f5e-ae7b-870dfb7963f3/downloads/bundle?id=000000000000548", filename = "C:\Users\cofc_\AppData\Local\Temp\tmp749B.tmp\rjsec540.ZIP", message = "rjsec540")~~RJStevensMusicPresentationCreator.Program~0000002504
2024-12-15 09:58:08.1908~DEBUG~-> ExtractAllFromFile(zipFileName = "C:\Users\cofc_\AppData\Local\Temp\tmp749B.tmp\rjsec540.ZIP", decompressedFolder = "C:\Users\cofc_\AppData\Local\Temp\tmp7642.tmp", message = "rjsec540")~~RJStevensMusicPresentationCreator.Program~0000002505
2024-12-15 09:58:08.4178~DEBUG~extract completed~~RJStevensMusicPresentationCreator.Program~0000002506
2024-12-15 09:58:08.4178~DEBUG~<- ExtractAllFromFile(zipFileName = "C:\Users\cofc_\AppData\Local\Temp\tmp749B.tmp\rjsec540.ZIP", decompressedFolder = "C:\Users\cofc_\AppData\Local\Temp\tmp7642.tmp", message = "rjsec540")~~RJStevensMusicPresentationCreator.Program~0000002507
2024-12-15 09:58:08.4848~DEBUG~-> DownloadFile(url = "https://faas-nyc1-2ef2e6cc.doserverless.co/api/v1/web/fn-dd7f8f6a-d32a-4f5e-ae7b-870dfb7963f3/downloads/bundle?id=000000000000549", filename = "C:\Users\cofc_\AppData\Local\Temp\tmp776C.tmp\rjsec541.ZIP", message = "rjsec541")~~RJStevensMusicPresentationCreator.Program~0000002508
2024-12-15 09:58:08.9038~DEBUG~download completed~~RJStevensMusicPresentationCreator.Program~0000002509
2024-12-15 09:58:08.9038~DEBUG~<- DownloadFile(url = "https://faas-nyc1-2ef2e6cc.doserverless.co/api/v1/web/fn-dd7f8f6a-d32a-4f5e-ae7b-870dfb7963f3/downloads/bundle?id=000000000000549", filename = "C:\Users\cofc_\AppData\Local\Temp\tmp776C.tmp\rjsec541.ZIP", message = "rjsec541")~~RJStevensMusicPresentationCreator.Program~0000002510
2024-12-15 09:58:08.9238~DEBUG~-> ExtractAllFromFile(zipFileName = "C:\Users\cofc_\AppData\Local\Temp\tmp776C.tmp\rjsec541.ZIP", decompressedFolder = "C:\Users\cofc_\AppData\Local\Temp\tmp7922.tmp", message = "rjsec541")~~RJStevensMusicPresentationCreator.Program~0000002511
2024-12-15 09:58:09.1238~DEBUG~extract completed~~RJStevensMusicPresentationCreator.Program~0000002512
2024-12-15 09:58:09.1238~DEBUG~<- ExtractAllFromFile(zipFileName = "C:\Users\cofc_\AppData\Local\Temp\tmp776C.tmp\rjsec541.ZIP", decompressedFolder = "C:\Users\cofc_\AppData\Local\Temp\tmp7922.tmp", message = "rjsec541")~~RJStevensMusicPresentationCreator.Program~0000002513
2024-12-15 09:58:09.1978~DEBUG~-> DownloadFile(url = "https://faas-nyc1-2ef2e6cc.doserverless.co/api/v1/web/fn-dd7f8f6a-d32a-4f5e-ae7b-870dfb7963f3/downloads/bundle?id=000000000000550", filename = "C:\Users\cofc_\AppData\Local\Temp\tmp7A2D.tmp\rjsec542.ZIP", message = "rjsec542")~~RJStevensMusicPresentationCreator.Program~0000002514
2024-12-15 09:58:09.6379~DEBUG~download completed~~RJStevensMusicPresentationCreator.Program~0000002515
2024-12-15 09:58:09.6379~DEBUG~<- DownloadFile(url = "https://faas-nyc1-2ef2e6cc.doserverless.co/api/v1/web/fn-dd7f8f6a-d32a-4f5e-ae7b-870dfb7963f3/downloads/bundle?id=000000000000550", filename = "C:\Users\cofc_\AppData\Local\Temp\tmp7A2D.tmp\rjsec542.ZIP", message = "rjsec542")~~RJStevensMusicPresentationCreator.Program~0000002516
2024-12-15 09:58:09.6529~DEBUG~-> ExtractAllFromFile(zipFileName = "C:\Users\cofc_\AppData\Local\Temp\tmp7A2D.tmp\rjsec542.ZIP", decompressedFolder = "C:\Users\cofc_\AppData\Local\Temp\tmp7C03.tmp", message = "rjsec542")~~RJStevensMusicPresentationCreator.Program~0000002517
2024-12-15 09:58:09.9079~DEBUG~extract completed~~RJStevensMusicPresentationCreator.Program~0000002518
2024-12-15 09:58:09.9079~DEBUG~<- ExtractAllFromFile(zipFileName = "C:\Users\cofc_\AppData\Local\Temp\tmp7A2D.tmp\rjsec542.ZIP", decompressedFolder = "C:\Users\cofc_\AppData\Local\Temp\tmp7C03.tmp", message = "rjsec542")~~RJStevensMusicPresentationCreator.Program~0000002519
2024-12-15 09:58:09.9849~DEBUG~-> DownloadFile(url = "https://faas-nyc1-2ef2e6cc.doserverless.co/api/v1/web/fn-dd7f8f6a-d32a-4f5e-ae7b-870dfb7963f3/downloads/bundle?id=000000000000551", filename = "C:\Users\cofc_\AppData\Local\Temp\tmp7D4C.tmp\rjsec543.ZIP", message = "rjsec543")~~RJStevensMusicPresentationCreator.Program~0000002520
2024-12-15 09:58:10.4399~DEBUG~download completed~~RJStevensMusicPresentationCreator.Program~0000002521
2024-12-15 09:58:10.4399~DEBUG~<- DownloadFile(url = "https://faas-nyc1-2ef2e6cc.doserverless.co/api/v1/web/fn-dd7f8f6a-d32a-4f5e-ae7b-870dfb7963f3/downloads/bundle?id=000000000000551", filename = "C:\Users\cofc_\AppData\Local\Temp\tmp7D4C.tmp\rjsec543.ZIP", message = "rjsec543")~~RJStevensMusicPresentationCreator.Program~0000002522
2024-12-15 09:58:10.4594~DEBUG~-> ExtractAllFromFile(zipFileName = "C:\Users\cofc_\AppData\Local\Temp\tmp7D4C.tmp\rjsec543.ZIP", decompressedFolder = "C:\Users\cofc_\AppData\Local\Temp\tmp7F22.tmp", message = "rjsec543")~~RJStevensMusicPresentationCreator.Program~0000002523
2024-12-15 09:58:10.6504~DEBUG~extract completed~~RJStevensMusicPresentationCreator.Program~0000002524
2024-12-15 09:58:10.6504~DEBUG~<- ExtractAllFromFile(zipFileName = "C:\Users\cofc_\AppData\Local\Temp\tmp7D4C.tmp\rjsec543.ZIP", decompressedFolder = "C:\Users\cofc_\AppData\Local\Temp\tmp7F22.tmp", message = "rjsec543")~~RJStevensMusicPresentationCreator.Program~0000002525
2024-12-15 09:58:10.7114~DEBUG~-> DownloadFile(url = "https://faas-nyc1-2ef2e6cc.doserverless.co/api/v1/web/fn-dd7f8f6a-d32a-4f5e-ae7b-870dfb7963f3/downloads/bundle?id=000000000000552", filename = "C:\Users\cofc_\AppData\Local\Temp\tmp801D.tmp\rjsec544.ZIP", message = "rjsec544")~~RJStevensMusicPresentationCreator.Program~0000002526
2024-12-15 09:58:11.1765~DEBUG~download completed~~RJStevensMusicPresentationCreator.Program~0000002527
2024-12-15 09:58:11.1765~DEBUG~<- DownloadFile(url = "https://faas-nyc1-2ef2e6cc.doserverless.co/api/v1/web/fn-dd7f8f6a-d32a-4f5e-ae7b-870dfb7963f3/downloads/bundle?id=000000000000552", filename = "C:\Users\cofc_\AppData\Local\Temp\tmp801D.tmp\rjsec544.ZIP", message = "rjsec544")~~RJStevensMusicPresentationCreator.Program~0000002528
2024-12-15 09:58:11.1935~DEBUG~-> ExtractAllFromFile(zipFileName = "C:\Users\cofc_\AppData\Local\Temp\tmp801D.tmp\rjsec544.ZIP", decompressedFolder = "C:\Users\cofc_\AppData\Local\Temp\tmp8202.tmp", message = "rjsec544")~~RJStevensMusicPresentationCreator.Program~0000002529
2024-12-15 09:58:11.4905~DEBUG~extract completed~~RJStevensMusicPresentationCreator.Program~0000002530
2024-12-15 09:58:11.4905~DEBUG~<- ExtractAllFromFile(zipFileName = "C:\Users\cofc_\AppData\Local\Temp\tmp801D.tmp\rjsec544.ZIP", decompressedFolder = "C:\Users\cofc_\AppData\Local\Temp\tmp8202.tmp", message = "rjsec544")~~RJStevensMusicPresentationCreator.Program~0000002531
2024-12-15 09:58:11.5655~DEBUG~-> DownloadFile(url = "https://faas-nyc1-2ef2e6cc.doserverless.co/api/v1/web/fn-dd7f8f6a-d32a-4f5e-ae7b-870dfb7963f3/downloads/bundle?id=000000000000553", filename = "C:\Users\cofc_\AppData\Local\Temp\tmp837A.tmp\rjsec545.ZIP", message = "rjsec545")~~RJStevensMusicPresentationCreator.Program~0000002532
2024-12-15 09:58:11.9886~DEBUG~download completed~~RJStevensMusicPresentationCreator.Program~0000002533
2024-12-15 09:58:11.9886~DEBUG~<- DownloadFile(url = "https://faas-nyc1-2ef2e6cc.doserverless.co/api/v1/web/fn-dd7f8f6a-d32a-4f5e-ae7b-870dfb7963f3/downloads/bundle?id=000000000000553", filename = "C:\Users\cofc_\AppData\Local\Temp\tmp837A.tmp\rjsec545.ZIP", message = "rjsec545")~~RJStevensMusicPresentationCreator.Program~0000002534
2024-12-15 09:58:12.0036~DEBUG~-> ExtractAllFromFile(zipFileName = "C:\Users\cofc_\AppData\Local\Temp\tmp837A.tmp\rjsec545.ZIP", decompressedFolder = "C:\Users\cofc_\AppData\Local\Temp\tmp8530.tmp", message = "rjsec545")~~RJStevensMusicPresentationCreator.Program~0000002535
2024-12-15 09:58:12.2044~DEBUG~extract completed~~RJStevensMusicPresentationCreator.Program~0000002536
2024-12-15 09:58:12.2044~DEBUG~<- ExtractAllFromFile(zipFileName = "C:\Users\cofc_\AppData\Local\Temp\tmp837A.tmp\rjsec545.ZIP", decompressedFolder = "C:\Users\cofc_\AppData\Local\Temp\tmp8530.tmp", message = "rjsec545")~~RJStevensMusicPresentationCreator.Program~0000002537
2024-12-15 09:58:12.2664~DEBUG~-> DownloadFile(url = "https://faas-nyc1-2ef2e6cc.doserverless.co/api/v1/web/fn-dd7f8f6a-d32a-4f5e-ae7b-870dfb7963f3/downloads/bundle?id=000000000000554", filename = "C:\Users\cofc_\AppData\Local\Temp\tmp863B.tmp\rjsec546.ZIP", message = "rjsec546")~~RJStevensMusicPresentationCreator.Program~0000002538
2024-12-15 09:58:12.7134~DEBUG~download completed~~RJStevensMusicPresentationCreator.Program~0000002539
2024-12-15 09:58:12.7134~DEBUG~<- DownloadFile(url = "https://faas-nyc1-2ef2e6cc.doserverless.co/api/v1/web/fn-dd7f8f6a-d32a-4f5e-ae7b-870dfb7963f3/downloads/bundle?id=000000000000554", filename = "C:\Users\cofc_\AppData\Local\Temp\tmp863B.tmp\rjsec546.ZIP", message = "rjsec546")~~RJStevensMusicPresentationCreator.Program~0000002540
2024-12-15 09:58:12.7344~DEBUG~-> ExtractAllFromFile(zipFileName = "C:\Users\cofc_\AppData\Local\Temp\tmp863B.tmp\rjsec546.ZIP", decompressedFolder = "C:\Users\cofc_\AppData\Local\Temp\tmp8811.tmp", message = "rjsec546")~~RJStevensMusicPresentationCreator.Program~0000002541
2024-12-15 09:58:13.0214~DEBUG~extract completed~~RJStevensMusicPresentationCreator.Program~0000002542
2024-12-15 09:58:13.0214~DEBUG~<- ExtractAllFromFile(zipFileName = "C:\Users\cofc_\AppData\Local\Temp\tmp863B.tmp\rjsec546.ZIP", decompressedFolder = "C:\Users\cofc_\AppData\Local\Temp\tmp8811.tmp", message = "rjsec546")~~RJStevensMusicPresentationCreator.Program~0000002543
2024-12-15 09:58:13.0894~DEBUG~-> DownloadFile(url = "https://faas-nyc1-2ef2e6cc.doserverless.co/api/v1/web/fn-dd7f8f6a-d32a-4f5e-ae7b-870dfb7963f3/downloads/bundle?id=000000000000555", filename = "C:\Users\cofc_\AppData\Local\Temp\tmp8979.tmp\rjsec547.ZIP", message = "rjsec547")~~RJStevensMusicPresentationCreator.Program~0000002544
2024-12-15 09:58:13.5185~DEBUG~download completed~~RJStevensMusicPresentationCreator.Program~0000002545
2024-12-15 09:58:13.5185~DEBUG~<- DownloadFile(url = "https://faas-nyc1-2ef2e6cc.doserverless.co/api/v1/web/fn-dd7f8f6a-d32a-4f5e-ae7b-870dfb7963f3/downloads/bundle?id=000000000000555", filename = "C:\Users\cofc_\AppData\Local\Temp\tmp8979.tmp\rjsec547.ZIP", message = "rjsec547")~~RJStevensMusicPresentationCreator.Program~0000002546
2024-12-15 09:58:13.5395~DEBUG~-> ExtractAllFromFile(zipFileName = "C:\Users\cofc_\AppData\Local\Temp\tmp8979.tmp\rjsec547.ZIP", decompressedFolder = "C:\Users\cofc_\AppData\Local\Temp\tmp8B30.tmp", message = "rjsec547")~~RJStevensMusicPresentationCreator.Program~0000002547
2024-12-15 09:58:13.7275~DEBUG~extract completed~~RJStevensMusicPresentationCreator.Program~0000002548
2024-12-15 09:58:13.7305~DEBUG~<- ExtractAllFromFile(zipFileName = "C:\Users\cofc_\AppData\Local\Temp\tmp8979.tmp\rjsec547.ZIP", decompressedFolder = "C:\Users\cofc_\AppData\Local\Temp\tmp8B30.tmp", message = "rjsec547")~~RJStevensMusicPresentationCreator.Program~0000002549
2024-12-15 09:58:13.7885~DEBUG~-> DownloadFile(url = "https://faas-nyc1-2ef2e6cc.doserverless.co/api/v1/web/fn-dd7f8f6a-d32a-4f5e-ae7b-870dfb7963f3/downloads/bundle?id=000000000000556", filename = "C:\Users\cofc_\AppData\Local\Temp\tmp8C2B.tmp\rjsec548.ZIP", message = "rjsec548")~~RJStevensMusicPresentationCreator.Program~0000002550
2024-12-15 09:58:14.2185~DEBUG~download completed~~RJStevensMusicPresentationCreator.Program~0000002551
2024-12-15 09:58:14.2185~DEBUG~<- DownloadFile(url = "https://faas-nyc1-2ef2e6cc.doserverless.co/api/v1/web/fn-dd7f8f6a-d32a-4f5e-ae7b-870dfb7963f3/downloads/bundle?id=000000000000556", filename = "C:\Users\cofc_\AppData\Local\Temp\tmp8C2B.tmp\rjsec548.ZIP", message = "rjsec548")~~RJStevensMusicPresentationCreator.Program~0000002552
2024-12-15 09:58:14.2345~DEBUG~-> ExtractAllFromFile(zipFileName = "C:\Users\cofc_\AppData\Local\Temp\tmp8C2B.tmp\rjsec548.ZIP", decompressedFolder = "C:\Users\cofc_\AppData\Local\Temp\tmp8DF1.tmp", message = "rjsec548")~~RJStevensMusicPresentationCreator.Program~0000002553
2024-12-15 09:58:14.4999~DEBUG~extract completed~~RJStevensMusicPresentationCreator.Program~0000002554
2024-12-15 09:58:14.4999~DEBUG~<- ExtractAllFromFile(zipFileName = "C:\Users\cofc_\AppData\Local\Temp\tmp8C2B.tmp\rjsec548.ZIP", decompressedFolder = "C:\Users\cofc_\AppData\Local\Temp\tmp8DF1.tmp", message = "rjsec548")~~RJStevensMusicPresentationCreator.Program~0000002555
2024-12-15 09:58:14.5719~DEBUG~-> DownloadFile(url = "https://faas-nyc1-2ef2e6cc.doserverless.co/api/v1/web/fn-dd7f8f6a-d32a-4f5e-ae7b-870dfb7963f3/downloads/bundle?id=000000000000557", filename = "C:\Users\cofc_\AppData\Local\Temp\tmp8F3A.tmp\rjsec549.ZIP", message = "rjsec549")~~RJStevensMusicPresentationCreator.Program~0000002556
2024-12-15 09:58:14.9863~DEBUG~download completed~~RJStevensMusicPresentationCreator.Program~0000002557
2024-12-15 09:58:14.9863~DEBUG~<- DownloadFile(url = "https://faas-nyc1-2ef2e6cc.doserverless.co/api/v1/web/fn-dd7f8f6a-d32a-4f5e-ae7b-870dfb7963f3/downloads/bundle?id=000000000000557", filename = "C:\Users\cofc_\AppData\Local\Temp\tmp8F3A.tmp\rjsec549.ZIP", message = "rjsec549")~~RJStevensMusicPresentationCreator.Program~0000002558
2024-12-15 09:58:14.9993~DEBUG~-> ExtractAllFromFile(zipFileName = "C:\Users\cofc_\AppData\Local\Temp\tmp8F3A.tmp\rjsec549.ZIP", decompressedFolder = "C:\Users\cofc_\AppData\Local\Temp\tmp90F0.tmp", message = "rjsec549")~~RJStevensMusicPresentationCreator.Program~0000002559
2024-12-15 09:58:15.1553~DEBUG~extract completed~~RJStevensMusicPresentationCreator.Program~0000002560
2024-12-15 09:58:15.1553~DEBUG~<- ExtractAllFromFile(zipFileName = "C:\Users\cofc_\AppData\Local\Temp\tmp8F3A.tmp\rjsec549.ZIP", decompressedFolder = "C:\Users\cofc_\AppData\Local\Temp\tmp90F0.tmp", message = "rjsec549")~~RJStevensMusicPresentationCreator.Program~0000002561
2024-12-15 09:58:15.2143~DEBUG~-> DownloadFile(url = "https://faas-nyc1-2ef2e6cc.doserverless.co/api/v1/web/fn-dd7f8f6a-d32a-4f5e-ae7b-870dfb7963f3/downloads/bundle?id=000000000000558", filename = "C:\Users\cofc_\AppData\Local\Temp\tmp91CC.tmp\rjsec550.ZIP", message = "rjsec550")~~RJStevensMusicPresentationCreator.Program~0000002562
2024-12-15 09:58:15.6384~DEBUG~download completed~~RJStevensMusicPresentationCreator.Program~0000002563
2024-12-15 09:58:15.6384~DEBUG~<- DownloadFile(url = "https://faas-nyc1-2ef2e6cc.doserverless.co/api/v1/web/fn-dd7f8f6a-d32a-4f5e-ae7b-870dfb7963f3/downloads/bundle?id=000000000000558", filename = "C:\Users\cofc_\AppData\Local\Temp\tmp91CC.tmp\rjsec550.ZIP", message = "rjsec550")~~RJStevensMusicPresentationCreator.Program~0000002564
2024-12-15 09:58:15.6554~DEBUG~-> ExtractAllFromFile(zipFileName = "C:\Users\cofc_\AppData\Local\Temp\tmp91CC.tmp\rjsec550.ZIP", decompressedFolder = "C:\Users\cofc_\AppData\Local\Temp\tmp9383.tmp", message = "rjsec550")~~RJStevensMusicPresentationCreator.Program~0000002565
2024-12-15 09:58:15.9356~DEBUG~extract completed~~RJStevensMusicPresentationCreator.Program~0000002566
2024-12-15 09:58:15.9356~DEBUG~<- ExtractAllFromFile(zipFileName = "C:\Users\cofc_\AppData\Local\Temp\tmp91CC.tmp\rjsec550.ZIP", decompressedFolder = "C:\Users\cofc_\AppData\Local\Temp\tmp9383.tmp", message = "rjsec550")~~RJStevensMusicPresentationCreator.Program~0000002567
2024-12-15 09:58:16.0206~DEBUG~-> DownloadFile(url = "https://faas-nyc1-2ef2e6cc.doserverless.co/api/v1/web/fn-dd7f8f6a-d32a-4f5e-ae7b-870dfb7963f3/downloads/bundle?id=000000000000559", filename = "C:\Users\cofc_\AppData\Local\Temp\tmp94EB.tmp\rjsec551.ZIP", message = "rjsec551")~~RJStevensMusicPresentationCreator.Program~0000002568
2024-12-15 09:58:16.4588~DEBUG~download completed~~RJStevensMusicPresentationCreator.Program~0000002569
2024-12-15 09:58:16.4588~DEBUG~<- DownloadFile(url = "https://faas-nyc1-2ef2e6cc.doserverless.co/api/v1/web/fn-dd7f8f6a-d32a-4f5e-ae7b-870dfb7963f3/downloads/bundle?id=000000000000559", filename = "C:\Users\cofc_\AppData\Local\Temp\tmp94EB.tmp\rjsec551.ZIP", message = "rjsec551")~~RJStevensMusicPresentationCreator.Program~0000002570
2024-12-15 09:58:16.4738~DEBUG~-> ExtractAllFromFile(zipFileName = "C:\Users\cofc_\AppData\Local\Temp\tmp94EB.tmp\rjsec551.ZIP", decompressedFolder = "C:\Users\cofc_\AppData\Local\Temp\tmp96B1.tmp", message = "rjsec551")~~RJStevensMusicPresentationCreator.Program~0000002571
2024-12-15 09:58:16.6808~DEBUG~extract completed~~RJStevensMusicPresentationCreator.Program~0000002572
2024-12-15 09:58:16.6838~DEBUG~<- ExtractAllFromFile(zipFileName = "C:\Users\cofc_\AppData\Local\Temp\tmp94EB.tmp\rjsec551.ZIP", decompressedFolder = "C:\Users\cofc_\AppData\Local\Temp\tmp96B1.tmp", message = "rjsec551")~~RJStevensMusicPresentationCreator.Program~0000002573
2024-12-15 09:58:16.7428~DEBUG~-> DownloadFile(url = "https://faas-nyc1-2ef2e6cc.doserverless.co/api/v1/web/fn-dd7f8f6a-d32a-4f5e-ae7b-870dfb7963f3/downloads/bundle?id=000000000000560", filename = "C:\Users\cofc_\AppData\Local\Temp\tmp97BC.tmp\rjsec552.ZIP", message = "rjsec552")~~RJStevensMusicPresentationCreator.Program~0000002574
2024-12-15 09:58:17.1698~DEBUG~download completed~~RJStevensMusicPresentationCreator.Program~0000002575
2024-12-15 09:58:17.1698~DEBUG~<- DownloadFile(url = "https://faas-nyc1-2ef2e6cc.doserverless.co/api/v1/web/fn-dd7f8f6a-d32a-4f5e-ae7b-870dfb7963f3/downloads/bundle?id=000000000000560", filename = "C:\Users\cofc_\AppData\Local\Temp\tmp97BC.tmp\rjsec552.ZIP", message = "rjsec552")~~RJStevensMusicPresentationCreator.Program~0000002576
2024-12-15 09:58:17.1848~DEBUG~-> ExtractAllFromFile(zipFileName = "C:\Users\cofc_\AppData\Local\Temp\tmp97BC.tmp\rjsec552.ZIP", decompressedFolder = "C:\Users\cofc_\AppData\Local\Temp\tmp9982.tmp", message = "rjsec552")~~RJStevensMusicPresentationCreator.Program~0000002577
2024-12-15 09:58:17.4555~DEBUG~extract completed~~RJStevensMusicPresentationCreator.Program~0000002578
2024-12-15 09:58:17.4555~DEBUG~<- ExtractAllFromFile(zipFileName = "C:\Users\cofc_\AppData\Local\Temp\tmp97BC.tmp\rjsec552.ZIP", decompressedFolder = "C:\Users\cofc_\AppData\Local\Temp\tmp9982.tmp", message = "rjsec552")~~RJStevensMusicPresentationCreator.Program~0000002579
2024-12-15 09:58:17.5316~DEBUG~-> DownloadFile(url = "https://faas-nyc1-2ef2e6cc.doserverless.co/api/v1/web/fn-dd7f8f6a-d32a-4f5e-ae7b-870dfb7963f3/downloads/bundle?id=000000000000561", filename = "C:\Users\cofc_\AppData\Local\Temp\tmp9ADB.tmp\rjsec553.ZIP", message = "rjsec553")~~RJStevensMusicPresentationCreator.Program~0000002580
2024-12-15 09:58:17.9406~DEBUG~download completed~~RJStevensMusicPresentationCreator.Program~0000002581
2024-12-15 09:58:17.9406~DEBUG~<- DownloadFile(url = "https://faas-nyc1-2ef2e6cc.doserverless.co/api/v1/web/fn-dd7f8f6a-d32a-4f5e-ae7b-870dfb7963f3/downloads/bundle?id=000000000000561", filename = "C:\Users\cofc_\AppData\Local\Temp\tmp9ADB.tmp\rjsec553.ZIP", message = "rjsec553")~~RJStevensMusicPresentationCreator.Program~0000002582
2024-12-15 09:58:17.9556~DEBUG~-> ExtractAllFromFile(zipFileName = "C:\Users\cofc_\AppData\Local\Temp\tmp9ADB.tmp\rjsec553.ZIP", decompressedFolder = "C:\Users\cofc_\AppData\Local\Temp\tmp9C82.tmp", message = "rjsec553")~~RJStevensMusicPresentationCreator.Program~0000002583
2024-12-15 09:58:18.0960~DEBUG~extract completed~~RJStevensMusicPresentationCreator.Program~0000002584
2024-12-15 09:58:18.0960~DEBUG~<- ExtractAllFromFile(zipFileName = "C:\Users\cofc_\AppData\Local\Temp\tmp9ADB.tmp\rjsec553.ZIP", decompressedFolder = "C:\Users\cofc_\AppData\Local\Temp\tmp9C82.tmp", message = "rjsec553")~~RJStevensMusicPresentationCreator.Program~0000002585
2024-12-15 09:58:18.1550~DEBUG~-> DownloadFile(url = "https://faas-nyc1-2ef2e6cc.doserverless.co/api/v1/web/fn-dd7f8f6a-d32a-4f5e-ae7b-870dfb7963f3/downloads/bundle?id=000000000000562", filename = "C:\Users\cofc_\AppData\Local\Temp\tmp9D4E.tmp\rjsec554.ZIP", message = "rjsec554")~~RJStevensMusicPresentationCreator.Program~0000002586
2024-12-15 09:58:18.6110~DEBUG~download completed~~RJStevensMusicPresentationCreator.Program~0000002587
2024-12-15 09:58:18.6110~DEBUG~<- DownloadFile(url = "https://faas-nyc1-2ef2e6cc.doserverless.co/api/v1/web/fn-dd7f8f6a-d32a-4f5e-ae7b-870dfb7963f3/downloads/bundle?id=000000000000562", filename = "C:\Users\cofc_\AppData\Local\Temp\tmp9D4E.tmp\rjsec554.ZIP", message = "rjsec554")~~RJStevensMusicPresentationCreator.Program~0000002588
2024-12-15 09:58:18.6260~DEBUG~-> ExtractAllFromFile(zipFileName = "C:\Users\cofc_\AppData\Local\Temp\tmp9D4E.tmp\rjsec554.ZIP", decompressedFolder = "C:\Users\cofc_\AppData\Local\Temp\tmp9F23.tmp", message = "rjsec554")~~RJStevensMusicPresentationCreator.Program~0000002589
2024-12-15 09:58:18.9566~DEBUG~extract completed~~RJStevensMusicPresentationCreator.Program~0000002590
2024-12-15 09:58:18.9566~DEBUG~<- ExtractAllFromFile(zipFileName = "C:\Users\cofc_\AppData\Local\Temp\tmp9D4E.tmp\rjsec554.ZIP", decompressedFolder = "C:\Users\cofc_\AppData\Local\Temp\tmp9F23.tmp", message = "rjsec554")~~RJStevensMusicPresentationCreator.Program~0000002591
2024-12-15 09:58:19.0436~DEBUG~-> DownloadFile(url = "https://faas-nyc1-2ef2e6cc.doserverless.co/api/v1/web/fn-dd7f8f6a-d32a-4f5e-ae7b-870dfb7963f3/downloads/bundle?id=000000000000564", filename = "C:\Users\cofc_\AppData\Local\Temp\tmpA0CA.tmp\rjsec556.ZIP", message = "rjsec556")~~RJStevensMusicPresentationCreator.Program~0000002592
2024-12-15 09:58:19.5146~DEBUG~download completed~~RJStevensMusicPresentationCreator.Program~0000002593
2024-12-15 09:58:19.5146~DEBUG~<- DownloadFile(url = "https://faas-nyc1-2ef2e6cc.doserverless.co/api/v1/web/fn-dd7f8f6a-d32a-4f5e-ae7b-870dfb7963f3/downloads/bundle?id=000000000000564", filename = "C:\Users\cofc_\AppData\Local\Temp\tmpA0CA.tmp\rjsec556.ZIP", message = "rjsec556")~~RJStevensMusicPresentationCreator.Program~0000002594
2024-12-15 09:58:19.5336~DEBUG~-> ExtractAllFromFile(zipFileName = "C:\Users\cofc_\AppData\Local\Temp\tmpA0CA.tmp\rjsec556.ZIP", decompressedFolder = "C:\Users\cofc_\AppData\Local\Temp\tmpA2B0.tmp", message = "rjsec556")~~RJStevensMusicPresentationCreator.Program~0000002595
2024-12-15 09:58:19.8437~DEBUG~extract completed~~RJStevensMusicPresentationCreator.Program~0000002596
2024-12-15 09:58:19.8437~DEBUG~<- ExtractAllFromFile(zipFileName = "C:\Users\cofc_\AppData\Local\Temp\tmpA0CA.tmp\rjsec556.ZIP", decompressedFolder = "C:\Users\cofc_\AppData\Local\Temp\tmpA2B0.tmp", message = "rjsec556")~~RJStevensMusicPresentationCreator.Program~0000002597
2024-12-15 09:58:19.9257~DEBUG~-> DownloadFile(url = "https://faas-nyc1-2ef2e6cc.doserverless.co/api/v1/web/fn-dd7f8f6a-d32a-4f5e-ae7b-870dfb7963f3/downloads/bundle?id=000000000000566", filename = "C:\Users\cofc_\AppData\Local\Temp\tmpA437.tmp\rjsec558.ZIP", message = "rjsec558")~~RJStevensMusicPresentationCreator.Program~0000002598
2024-12-15 09:58:20.3724~DEBUG~download completed~~RJStevensMusicPresentationCreator.Program~0000002599
2024-12-15 09:58:20.3724~DEBUG~<- DownloadFile(url = "https://faas-nyc1-2ef2e6cc.doserverless.co/api/v1/web/fn-dd7f8f6a-d32a-4f5e-ae7b-870dfb7963f3/downloads/bundle?id=000000000000566", filename = "C:\Users\cofc_\AppData\Local\Temp\tmpA437.tmp\rjsec558.ZIP", message = "rjsec558")~~RJStevensMusicPresentationCreator.Program~0000002600
2024-12-15 09:58:20.3724~DEBUG~-> ExtractAllFromFile(zipFileName = "C:\Users\cofc_\AppData\Local\Temp\tmpA437.tmp\rjsec558.ZIP", decompressedFolder = "C:\Users\cofc_\AppData\Local\Temp\tmpA5FD.tmp", message = "rjsec558")~~RJStevensMusicPresentationCreator.Program~0000002601
2024-12-15 09:58:20.6334~DEBUG~extract completed~~RJStevensMusicPresentationCreator.Program~0000002602
2024-12-15 09:58:20.6374~DEBUG~<- ExtractAllFromFile(zipFileName = "C:\Users\cofc_\AppData\Local\Temp\tmpA437.tmp\rjsec558.ZIP", decompressedFolder = "C:\Users\cofc_\AppData\Local\Temp\tmpA5FD.tmp", message = "rjsec558")~~RJStevensMusicPresentationCreator.Program~0000002603
2024-12-15 09:58:20.7114~DEBUG~-> DownloadFile(url = "https://faas-nyc1-2ef2e6cc.doserverless.co/api/v1/web/fn-dd7f8f6a-d32a-4f5e-ae7b-870dfb7963f3/downloads/bundle?id=000000000000567", filename = "C:\Users\cofc_\AppData\Local\Temp\tmpA747.tmp\rjsec559.ZIP", message = "rjsec559")~~RJStevensMusicPresentationCreator.Program~0000002604
2024-12-15 09:58:21.1305~DEBUG~download completed~~RJStevensMusicPresentationCreator.Program~0000002605
2024-12-15 09:58:21.1305~DEBUG~<- DownloadFile(url = "https://faas-nyc1-2ef2e6cc.doserverless.co/api/v1/web/fn-dd7f8f6a-d32a-4f5e-ae7b-870dfb7963f3/downloads/bundle?id=000000000000567", filename = "C:\Users\cofc_\AppData\Local\Temp\tmpA747.tmp\rjsec559.ZIP", message = "rjsec559")~~RJStevensMusicPresentationCreator.Program~0000002606
2024-12-15 09:58:21.1425~DEBUG~-> ExtractAllFromFile(zipFileName = "C:\Users\cofc_\AppData\Local\Temp\tmpA747.tmp\rjsec559.ZIP", decompressedFolder = "C:\Users\cofc_\AppData\Local\Temp\tmpA8FD.tmp", message = "rjsec559")~~RJStevensMusicPresentationCreator.Program~0000002607
2024-12-15 09:58:21.3137~DEBUG~extract completed~~RJStevensMusicPresentationCreator.Program~0000002608
2024-12-15 09:58:21.3137~DEBUG~<- ExtractAllFromFile(zipFileName = "C:\Users\cofc_\AppData\Local\Temp\tmpA747.tmp\rjsec559.ZIP", decompressedFolder = "C:\Users\cofc_\AppData\Local\Temp\tmpA8FD.tmp", message = "rjsec559")~~RJStevensMusicPresentationCreator.Program~0000002609
2024-12-15 09:58:21.3687~DEBUG~-> DownloadFile(url = "https://faas-nyc1-2ef2e6cc.doserverless.co/api/v1/web/fn-dd7f8f6a-d32a-4f5e-ae7b-870dfb7963f3/downloads/bundle?id=000000000000568", filename = "C:\Users\cofc_\AppData\Local\Temp\tmpA9D9.tmp\rjsec560.ZIP", message = "rjsec560")~~RJStevensMusicPresentationCreator.Program~0000002610
2024-12-15 09:58:21.8194~DEBUG~download completed~~RJStevensMusicPresentationCreator.Program~0000002611
2024-12-15 09:58:21.8194~DEBUG~<- DownloadFile(url = "https://faas-nyc1-2ef2e6cc.doserverless.co/api/v1/web/fn-dd7f8f6a-d32a-4f5e-ae7b-870dfb7963f3/downloads/bundle?id=000000000000568", filename = "C:\Users\cofc_\AppData\Local\Temp\tmpA9D9.tmp\rjsec560.ZIP", message = "rjsec560")~~RJStevensMusicPresentationCreator.Program~0000002612
2024-12-15 09:58:21.8364~DEBUG~-> ExtractAllFromFile(zipFileName = "C:\Users\cofc_\AppData\Local\Temp\tmpA9D9.tmp\rjsec560.ZIP", decompressedFolder = "C:\Users\cofc_\AppData\Local\Temp\tmpABAF.tmp", message = "rjsec560")~~RJStevensMusicPresentationCreator.Program~0000002613
2024-12-15 09:58:22.1084~DEBUG~extract completed~~RJStevensMusicPresentationCreator.Program~0000002614
2024-12-15 09:58:22.1084~DEBUG~<- ExtractAllFromFile(zipFileName = "C:\Users\cofc_\AppData\Local\Temp\tmpA9D9.tmp\rjsec560.ZIP", decompressedFolder = "C:\Users\cofc_\AppData\Local\Temp\tmpABAF.tmp", message = "rjsec560")~~RJStevensMusicPresentationCreator.Program~0000002615
2024-12-15 09:58:22.1804~DEBUG~-> DownloadFile(url = "https://faas-nyc1-2ef2e6cc.doserverless.co/api/v1/web/fn-dd7f8f6a-d32a-4f5e-ae7b-870dfb7963f3/downloads/bundle?id=000000000000569", filename = "C:\Users\cofc_\AppData\Local\Temp\tmpAD07.tmp\rjsec561.ZIP", message = "rjsec561")~~RJStevensMusicPresentationCreator.Program~0000002616
2024-12-15 09:58:22.5935~DEBUG~download completed~~RJStevensMusicPresentationCreator.Program~0000002617
2024-12-15 09:58:22.5935~DEBUG~<- DownloadFile(url = "https://faas-nyc1-2ef2e6cc.doserverless.co/api/v1/web/fn-dd7f8f6a-d32a-4f5e-ae7b-870dfb7963f3/downloads/bundle?id=000000000000569", filename = "C:\Users\cofc_\AppData\Local\Temp\tmpAD07.tmp\rjsec561.ZIP", message = "rjsec561")~~RJStevensMusicPresentationCreator.Program~0000002618
2024-12-15 09:58:22.6075~DEBUG~-> ExtractAllFromFile(zipFileName = "C:\Users\cofc_\AppData\Local\Temp\tmpAD07.tmp\rjsec561.ZIP", decompressedFolder = "C:\Users\cofc_\AppData\Local\Temp\tmpAEBE.tmp", message = "rjsec561")~~RJStevensMusicPresentationCreator.Program~0000002619
2024-12-15 09:58:22.7112~DEBUG~extract completed~~RJStevensMusicPresentationCreator.Program~0000002620
2024-12-15 09:58:22.7142~DEBUG~<- ExtractAllFromFile(zipFileName = "C:\Users\cofc_\AppData\Local\Temp\tmpAD07.tmp\rjsec561.ZIP", decompressedFolder = "C:\Users\cofc_\AppData\Local\Temp\tmpAEBE.tmp", message = "rjsec561")~~RJStevensMusicPresentationCreator.Program~0000002621
2024-12-15 09:58:22.7612~DEBUG~-> DownloadFile(url = "https://faas-nyc1-2ef2e6cc.doserverless.co/api/v1/web/fn-dd7f8f6a-d32a-4f5e-ae7b-870dfb7963f3/downloads/bundle?id=000000000000573", filename = "C:\Users\cofc_\AppData\Local\Temp\tmpAF5B.tmp\rjsec565.ZIP", message = "rjsec565")~~RJStevensMusicPresentationCreator.Program~0000002622
2024-12-15 09:58:23.1271~DEBUG~download completed~~RJStevensMusicPresentationCreator.Program~0000002623
2024-12-15 09:58:23.1271~DEBUG~<- DownloadFile(url = "https://faas-nyc1-2ef2e6cc.doserverless.co/api/v1/web/fn-dd7f8f6a-d32a-4f5e-ae7b-870dfb7963f3/downloads/bundle?id=000000000000573", filename = "C:\Users\cofc_\AppData\Local\Temp\tmpAF5B.tmp\rjsec565.ZIP", message = "rjsec565")~~RJStevensMusicPresentationCreator.Program~0000002624
2024-12-15 09:58:23.1411~DEBUG~-> ExtractAllFromFile(zipFileName = "C:\Users\cofc_\AppData\Local\Temp\tmpAF5B.tmp\rjsec565.ZIP", decompressedFolder = "C:\Users\cofc_\AppData\Local\Temp\tmpB0D3.tmp", message = "rjsec565")~~RJStevensMusicPresentationCreator.Program~0000002625
2024-12-15 09:58:23.2451~DEBUG~extract completed~~RJStevensMusicPresentationCreator.Program~0000002626
2024-12-15 09:58:23.2451~DEBUG~<- ExtractAllFromFile(zipFileName = "C:\Users\cofc_\AppData\Local\Temp\tmpAF5B.tmp\rjsec565.ZIP", decompressedFolder = "C:\Users\cofc_\AppData\Local\Temp\tmpB0D3.tmp", message = "rjsec565")~~RJStevensMusicPresentationCreator.Program~0000002627
2024-12-15 09:58:23.2981~DEBUG~-> DownloadFile(url = "https://faas-nyc1-2ef2e6cc.doserverless.co/api/v1/web/fn-dd7f8f6a-d32a-4f5e-ae7b-870dfb7963f3/downloads/bundle?id=000000000000574", filename = "C:\Users\cofc_\AppData\Local\Temp\tmpB170.tmp\rjsec566.ZIP", message = "rjsec566")~~RJStevensMusicPresentationCreator.Program~0000002628
2024-12-15 09:58:23.7742~DEBUG~download completed~~RJStevensMusicPresentationCreator.Program~0000002629
2024-12-15 09:58:23.7742~DEBUG~<- DownloadFile(url = "https://faas-nyc1-2ef2e6cc.doserverless.co/api/v1/web/fn-dd7f8f6a-d32a-4f5e-ae7b-870dfb7963f3/downloads/bundle?id=000000000000574", filename = "C:\Users\cofc_\AppData\Local\Temp\tmpB170.tmp\rjsec566.ZIP", message = "rjsec566")~~RJStevensMusicPresentationCreator.Program~0000002630
2024-12-15 09:58:23.7942~DEBUG~-> ExtractAllFromFile(zipFileName = "C:\Users\cofc_\AppData\Local\Temp\tmpB170.tmp\rjsec566.ZIP", decompressedFolder = "C:\Users\cofc_\AppData\Local\Temp\tmpB365.tmp", message = "rjsec566")~~RJStevensMusicPresentationCreator.Program~0000002631
2024-12-15 09:58:24.0771~DEBUG~extract completed~~RJStevensMusicPresentationCreator.Program~0000002632
2024-12-15 09:58:24.0771~DEBUG~<- ExtractAllFromFile(zipFileName = "C:\Users\cofc_\AppData\Local\Temp\tmpB170.tmp\rjsec566.ZIP", decompressedFolder = "C:\Users\cofc_\AppData\Local\Temp\tmpB365.tmp", message = "rjsec566")~~RJStevensMusicPresentationCreator.Program~0000002633
2024-12-15 09:58:24.1561~DEBUG~-> DownloadFile(url = "https://faas-nyc1-2ef2e6cc.doserverless.co/api/v1/web/fn-dd7f8f6a-d32a-4f5e-ae7b-870dfb7963f3/downloads/bundle?id=000000000000576", filename = "C:\Users\cofc_\AppData\Local\Temp\tmpB4CE.tmp\rjsec568.ZIP", message = "rjsec568")~~RJStevensMusicPresentationCreator.Program~0000002634
2024-12-15 09:58:24.7321~DEBUG~download completed~~RJStevensMusicPresentationCreator.Program~0000002635
2024-12-15 09:58:24.7321~DEBUG~<- DownloadFile(url = "https://faas-nyc1-2ef2e6cc.doserverless.co/api/v1/web/fn-dd7f8f6a-d32a-4f5e-ae7b-870dfb7963f3/downloads/bundle?id=000000000000576", filename = "C:\Users\cofc_\AppData\Local\Temp\tmpB4CE.tmp\rjsec568.ZIP", message = "rjsec568")~~RJStevensMusicPresentationCreator.Program~0000002636
2024-12-15 09:58:24.7451~DEBUG~-> ExtractAllFromFile(zipFileName = "C:\Users\cofc_\AppData\Local\Temp\tmpB4CE.tmp\rjsec568.ZIP", decompressedFolder = "C:\Users\cofc_\AppData\Local\Temp\tmpB720.tmp", message = "rjsec568")~~RJStevensMusicPresentationCreator.Program~0000002637
2024-12-15 09:58:25.0312~DEBUG~extract completed~~RJStevensMusicPresentationCreator.Program~0000002638
2024-12-15 09:58:25.0312~DEBUG~<- ExtractAllFromFile(zipFileName = "C:\Users\cofc_\AppData\Local\Temp\tmpB4CE.tmp\rjsec568.ZIP", decompressedFolder = "C:\Users\cofc_\AppData\Local\Temp\tmpB720.tmp", message = "rjsec568")~~RJStevensMusicPresentationCreator.Program~0000002639
2024-12-15 09:58:25.1072~DEBUG~-> DownloadFile(url = "https://faas-nyc1-2ef2e6cc.doserverless.co/api/v1/web/fn-dd7f8f6a-d32a-4f5e-ae7b-870dfb7963f3/downloads/bundle?id=000000000000577", filename = "C:\Users\cofc_\AppData\Local\Temp\tmpB889.tmp\rjsec569.ZIP", message = "rjsec569")~~RJStevensMusicPresentationCreator.Program~0000002640
2024-12-15 09:58:25.5599~DEBUG~download completed~~RJStevensMusicPresentationCreator.Program~0000002641
2024-12-15 09:58:25.5599~DEBUG~<- DownloadFile(url = "https://faas-nyc1-2ef2e6cc.doserverless.co/api/v1/web/fn-dd7f8f6a-d32a-4f5e-ae7b-870dfb7963f3/downloads/bundle?id=000000000000577", filename = "C:\Users\cofc_\AppData\Local\Temp\tmpB889.tmp\rjsec569.ZIP", message = "rjsec569")~~RJStevensMusicPresentationCreator.Program~0000002642
2024-12-15 09:58:25.5739~DEBUG~-> ExtractAllFromFile(zipFileName = "C:\Users\cofc_\AppData\Local\Temp\tmpB889.tmp\rjsec569.ZIP", decompressedFolder = "C:\Users\cofc_\AppData\Local\Temp\tmpBA5F.tmp", message = "rjsec569")~~RJStevensMusicPresentationCreator.Program~0000002643
2024-12-15 09:58:25.8299~DEBUG~extract completed~~RJStevensMusicPresentationCreator.Program~0000002644
2024-12-15 09:58:25.8299~DEBUG~<- ExtractAllFromFile(zipFileName = "C:\Users\cofc_\AppData\Local\Temp\tmpB889.tmp\rjsec569.ZIP", decompressedFolder = "C:\Users\cofc_\AppData\Local\Temp\tmpBA5F.tmp", message = "rjsec569")~~RJStevensMusicPresentationCreator.Program~0000002645
2024-12-15 09:58:25.8989~DEBUG~-> DownloadFile(url = "https://faas-nyc1-2ef2e6cc.doserverless.co/api/v1/web/fn-dd7f8f6a-d32a-4f5e-ae7b-870dfb7963f3/downloads/bundle?id=000000000000578", filename = "C:\Users\cofc_\AppData\Local\Temp\tmpBB98.tmp\rjsec570.ZIP", message = "rjsec570")~~RJStevensMusicPresentationCreator.Program~0000002646
2024-12-15 09:58:26.3850~DEBUG~download completed~~RJStevensMusicPresentationCreator.Program~0000002647
2024-12-15 09:58:26.3850~DEBUG~<- DownloadFile(url = "https://faas-nyc1-2ef2e6cc.doserverless.co/api/v1/web/fn-dd7f8f6a-d32a-4f5e-ae7b-870dfb7963f3/downloads/bundle?id=000000000000578", filename = "C:\Users\cofc_\AppData\Local\Temp\tmpBB98.tmp\rjsec570.ZIP", message = "rjsec570")~~RJStevensMusicPresentationCreator.Program~0000002648
2024-12-15 09:58:26.4050~DEBUG~-> ExtractAllFromFile(zipFileName = "C:\Users\cofc_\AppData\Local\Temp\tmpBB98.tmp\rjsec570.ZIP", decompressedFolder = "C:\Users\cofc_\AppData\Local\Temp\tmpBD9D.tmp", message = "rjsec570")~~RJStevensMusicPresentationCreator.Program~0000002649
2024-12-15 09:58:26.6809~DEBUG~extract completed~~RJStevensMusicPresentationCreator.Program~0000002650
2024-12-15 09:58:26.6839~DEBUG~<- ExtractAllFromFile(zipFileName = "C:\Users\cofc_\AppData\Local\Temp\tmpBB98.tmp\rjsec570.ZIP", decompressedFolder = "C:\Users\cofc_\AppData\Local\Temp\tmpBD9D.tmp", message = "rjsec570")~~RJStevensMusicPresentationCreator.Program~0000002651
2024-12-15 09:58:26.7539~DEBUG~-> DownloadFile(url = "https://faas-nyc1-2ef2e6cc.doserverless.co/api/v1/web/fn-dd7f8f6a-d32a-4f5e-ae7b-870dfb7963f3/downloads/bundle?id=000000000000579", filename = "C:\Users\cofc_\AppData\Local\Temp\tmpBEF5.tmp\rjsec571.ZIP", message = "rjsec571")~~RJStevensMusicPresentationCreator.Program~0000002652
2024-12-15 09:58:27.1785~DEBUG~download completed~~RJStevensMusicPresentationCreator.Program~0000002653
2024-12-15 09:58:27.1785~DEBUG~<- DownloadFile(url = "https://faas-nyc1-2ef2e6cc.doserverless.co/api/v1/web/fn-dd7f8f6a-d32a-4f5e-ae7b-870dfb7963f3/downloads/bundle?id=000000000000579", filename = "C:\Users\cofc_\AppData\Local\Temp\tmpBEF5.tmp\rjsec571.ZIP", message = "rjsec571")~~RJStevensMusicPresentationCreator.Program~0000002654
2024-12-15 09:58:27.1935~DEBUG~-> ExtractAllFromFile(zipFileName = "C:\Users\cofc_\AppData\Local\Temp\tmpBEF5.tmp\rjsec571.ZIP", decompressedFolder = "C:\Users\cofc_\AppData\Local\Temp\tmpC0AC.tmp", message = "rjsec571")~~RJStevensMusicPresentationCreator.Program~0000002655
2024-12-15 09:58:27.4005~DEBUG~extract completed~~RJStevensMusicPresentationCreator.Program~0000002656
2024-12-15 09:58:27.4005~DEBUG~<- ExtractAllFromFile(zipFileName = "C:\Users\cofc_\AppData\Local\Temp\tmpBEF5.tmp\rjsec571.ZIP", decompressedFolder = "C:\Users\cofc_\AppData\Local\Temp\tmpC0AC.tmp", message = "rjsec571")~~RJStevensMusicPresentationCreator.Program~0000002657
2024-12-15 09:58:27.4655~DEBUG~-> DownloadFile(url = "https://faas-nyc1-2ef2e6cc.doserverless.co/api/v1/web/fn-dd7f8f6a-d32a-4f5e-ae7b-870dfb7963f3/downloads/bundle?id=000000000000581", filename = "C:\Users\cofc_\AppData\Local\Temp\tmpC1C6.tmp\rjsec573.ZIP", message = "rjsec573")~~RJStevensMusicPresentationCreator.Program~0000002658
2024-12-15 09:58:27.9646~DEBUG~download completed~~RJStevensMusicPresentationCreator.Program~0000002659
2024-12-15 09:58:27.9646~DEBUG~<- DownloadFile(url = "https://faas-nyc1-2ef2e6cc.doserverless.co/api/v1/web/fn-dd7f8f6a-d32a-4f5e-ae7b-870dfb7963f3/downloads/bundle?id=000000000000581", filename = "C:\Users\cofc_\AppData\Local\Temp\tmpC1C6.tmp\rjsec573.ZIP", message = "rjsec573")~~RJStevensMusicPresentationCreator.Program~0000002660
2024-12-15 09:58:27.9826~DEBUG~-> ExtractAllFromFile(zipFileName = "C:\Users\cofc_\AppData\Local\Temp\tmpC1C6.tmp\rjsec573.ZIP", decompressedFolder = "C:\Users\cofc_\AppData\Local\Temp\tmpC3CB.tmp", message = "rjsec573")~~RJStevensMusicPresentationCreator.Program~0000002661
2024-12-15 09:58:28.2596~DEBUG~extract completed~~RJStevensMusicPresentationCreator.Program~0000002662
2024-12-15 09:58:28.2626~DEBUG~<- ExtractAllFromFile(zipFileName = "C:\Users\cofc_\AppData\Local\Temp\tmpC1C6.tmp\rjsec573.ZIP", decompressedFolder = "C:\Users\cofc_\AppData\Local\Temp\tmpC3CB.tmp", message = "rjsec573")~~RJStevensMusicPresentationCreator.Program~0000002663
2024-12-15 09:58:28.3266~DEBUG~-> DownloadFile(url = "https://faas-nyc1-2ef2e6cc.doserverless.co/api/v1/web/fn-dd7f8f6a-d32a-4f5e-ae7b-870dfb7963f3/downloads/bundle?id=000000000000582", filename = "C:\Users\cofc_\AppData\Local\Temp\tmpC524.tmp\rjsec574.ZIP", message = "rjsec574")~~RJStevensMusicPresentationCreator.Program~0000002664
2024-12-15 09:58:28.8497~DEBUG~download completed~~RJStevensMusicPresentationCreator.Program~0000002665
2024-12-15 09:58:28.8497~DEBUG~<- DownloadFile(url = "https://faas-nyc1-2ef2e6cc.doserverless.co/api/v1/web/fn-dd7f8f6a-d32a-4f5e-ae7b-870dfb7963f3/downloads/bundle?id=000000000000582", filename = "C:\Users\cofc_\AppData\Local\Temp\tmpC524.tmp\rjsec574.ZIP", message = "rjsec574")~~RJStevensMusicPresentationCreator.Program~0000002666
2024-12-15 09:58:28.8667~DEBUG~-> ExtractAllFromFile(zipFileName = "C:\Users\cofc_\AppData\Local\Temp\tmpC524.tmp\rjsec574.ZIP", decompressedFolder = "C:\Users\cofc_\AppData\Local\Temp\tmpC738.tmp", message = "rjsec574")~~RJStevensMusicPresentationCreator.Program~0000002667
2024-12-15 09:58:29.1195~DEBUG~extract completed~~RJStevensMusicPresentationCreator.Program~0000002668
2024-12-15 09:58:29.1195~DEBUG~<- ExtractAllFromFile(zipFileName = "C:\Users\cofc_\AppData\Local\Temp\tmpC524.tmp\rjsec574.ZIP", decompressedFolder = "C:\Users\cofc_\AppData\Local\Temp\tmpC738.tmp", message = "rjsec574")~~RJStevensMusicPresentationCreator.Program~0000002669
2024-12-15 09:58:29.1925~DEBUG~-> DownloadFile(url = "https://faas-nyc1-2ef2e6cc.doserverless.co/api/v1/web/fn-dd7f8f6a-d32a-4f5e-ae7b-870dfb7963f3/downloads/bundle?id=000000000000584", filename = "C:\Users\cofc_\AppData\Local\Temp\tmpC881.tmp\rjsec576.ZIP", message = "rjsec576")~~RJStevensMusicPresentationCreator.Program~0000002670
2024-12-15 09:58:29.6346~DEBUG~download completed~~RJStevensMusicPresentationCreator.Program~0000002671
2024-12-15 09:58:29.6356~DEBUG~<- DownloadFile(url = "https://faas-nyc1-2ef2e6cc.doserverless.co/api/v1/web/fn-dd7f8f6a-d32a-4f5e-ae7b-870dfb7963f3/downloads/bundle?id=000000000000584", filename = "C:\Users\cofc_\AppData\Local\Temp\tmpC881.tmp\rjsec576.ZIP", message = "rjsec576")~~RJStevensMusicPresentationCreator.Program~0000002672
2024-12-15 09:58:29.6526~DEBUG~-> ExtractAllFromFile(zipFileName = "C:\Users\cofc_\AppData\Local\Temp\tmpC881.tmp\rjsec576.ZIP", decompressedFolder = "C:\Users\cofc_\AppData\Local\Temp\tmpCA57.tmp", message = "rjsec576")~~RJStevensMusicPresentationCreator.Program~0000002673
2024-12-15 09:58:30.1034~DEBUG~extract completed~~RJStevensMusicPresentationCreator.Program~0000002674
2024-12-15 09:58:30.1074~DEBUG~<- ExtractAllFromFile(zipFileName = "C:\Users\cofc_\AppData\Local\Temp\tmpC881.tmp\rjsec576.ZIP", decompressedFolder = "C:\Users\cofc_\AppData\Local\Temp\tmpCA57.tmp", message = "rjsec576")~~RJStevensMusicPresentationCreator.Program~0000002675
2024-12-15 09:58:30.1994~DEBUG~-> DownloadFile(url = "https://faas-nyc1-2ef2e6cc.doserverless.co/api/v1/web/fn-dd7f8f6a-d32a-4f5e-ae7b-870dfb7963f3/downloads/bundle?id=000000000000585", filename = "C:\Users\cofc_\AppData\Local\Temp\tmpCC7B.tmp\rjsec577.ZIP", message = "rjsec577")~~RJStevensMusicPresentationCreator.Program~0000002676
2024-12-15 09:58:30.6944~DEBUG~download completed~~RJStevensMusicPresentationCreator.Program~0000002677
2024-12-15 09:58:30.6944~DEBUG~<- DownloadFile(url = "https://faas-nyc1-2ef2e6cc.doserverless.co/api/v1/web/fn-dd7f8f6a-d32a-4f5e-ae7b-870dfb7963f3/downloads/bundle?id=000000000000585", filename = "C:\Users\cofc_\AppData\Local\Temp\tmpCC7B.tmp\rjsec577.ZIP", message = "rjsec577")~~RJStevensMusicPresentationCreator.Program~0000002678
2024-12-15 09:58:30.7174~DEBUG~-> ExtractAllFromFile(zipFileName = "C:\Users\cofc_\AppData\Local\Temp\tmpCC7B.tmp\rjsec577.ZIP", decompressedFolder = "C:\Users\cofc_\AppData\Local\Temp\tmpCE7F.tmp", message = "rjsec577")~~RJStevensMusicPresentationCreator.Program~0000002679
2024-12-15 09:58:30.9564~DEBUG~extract completed~~RJStevensMusicPresentationCreator.Program~0000002680
2024-12-15 09:58:30.9564~DEBUG~<- ExtractAllFromFile(zipFileName = "C:\Users\cofc_\AppData\Local\Temp\tmpCC7B.tmp\rjsec577.ZIP", decompressedFolder = "C:\Users\cofc_\AppData\Local\Temp\tmpCE7F.tmp", message = "rjsec577")~~RJStevensMusicPresentationCreator.Program~0000002681
2024-12-15 09:58:31.0334~DEBUG~-> DownloadFile(url = "https://faas-nyc1-2ef2e6cc.doserverless.co/api/v1/web/fn-dd7f8f6a-d32a-4f5e-ae7b-870dfb7963f3/downloads/bundle?id=000000000000586", filename = "C:\Users\cofc_\AppData\Local\Temp\tmpCFB9.tmp\rjsec578.ZIP", message = "rjsec578")~~RJStevensMusicPresentationCreator.Program~0000002682
2024-12-15 09:58:31.5124~DEBUG~download completed~~RJStevensMusicPresentationCreator.Program~0000002683
2024-12-15 09:58:31.5124~DEBUG~<- DownloadFile(url = "https://faas-nyc1-2ef2e6cc.doserverless.co/api/v1/web/fn-dd7f8f6a-d32a-4f5e-ae7b-870dfb7963f3/downloads/bundle?id=000000000000586", filename = "C:\Users\cofc_\AppData\Local\Temp\tmpCFB9.tmp\rjsec578.ZIP", message = "rjsec578")~~RJStevensMusicPresentationCreator.Program~0000002684
2024-12-15 09:58:31.5284~DEBUG~-> ExtractAllFromFile(zipFileName = "C:\Users\cofc_\AppData\Local\Temp\tmpCFB9.tmp\rjsec578.ZIP", decompressedFolder = "C:\Users\cofc_\AppData\Local\Temp\tmpD1AE.tmp", message = "rjsec578")~~RJStevensMusicPresentationCreator.Program~0000002685
2024-12-15 09:58:31.8731~DEBUG~extract completed~~RJStevensMusicPresentationCreator.Program~0000002686
2024-12-15 09:58:31.8731~DEBUG~<- ExtractAllFromFile(zipFileName = "C:\Users\cofc_\AppData\Local\Temp\tmpCFB9.tmp\rjsec578.ZIP", decompressedFolder = "C:\Users\cofc_\AppData\Local\Temp\tmpD1AE.tmp", message = "rjsec578")~~RJStevensMusicPresentationCreator.Program~0000002687
2024-12-15 09:58:31.9681~DEBUG~-> DownloadFile(url = "https://faas-nyc1-2ef2e6cc.doserverless.co/api/v1/web/fn-dd7f8f6a-d32a-4f5e-ae7b-870dfb7963f3/downloads/bundle?id=000000000000587", filename = "C:\Users\cofc_\AppData\Local\Temp\tmpD364.tmp\rjsec578.16.ZIP", message = "rjsec578.16")~~RJStevensMusicPresentationCreator.Program~0000002688
2024-12-15 09:58:32.4122~DEBUG~download completed~~RJStevensMusicPresentationCreator.Program~0000002689
2024-12-15 09:58:32.4122~DEBUG~<- DownloadFile(url = "https://faas-nyc1-2ef2e6cc.doserverless.co/api/v1/web/fn-dd7f8f6a-d32a-4f5e-ae7b-870dfb7963f3/downloads/bundle?id=000000000000587", filename = "C:\Users\cofc_\AppData\Local\Temp\tmpD364.tmp\rjsec578.16.ZIP", message = "rjsec578.16")~~RJStevensMusicPresentationCreator.Program~0000002690
2024-12-15 09:58:32.4395~DEBUG~-> ExtractAllFromFile(zipFileName = "C:\Users\cofc_\AppData\Local\Temp\tmpD364.tmp\rjsec578.16.ZIP", decompressedFolder = "C:\Users\cofc_\AppData\Local\Temp\tmpD53A.tmp", message = "rjsec578.16")~~RJStevensMusicPresentationCreator.Program~0000002691
2024-12-15 09:58:32.8335~DEBUG~extract completed~~RJStevensMusicPresentationCreator.Program~0000002692
2024-12-15 09:58:32.8335~DEBUG~<- ExtractAllFromFile(zipFileName = "C:\Users\cofc_\AppData\Local\Temp\tmpD364.tmp\rjsec578.16.ZIP", decompressedFolder = "C:\Users\cofc_\AppData\Local\Temp\tmpD53A.tmp", message = "rjsec578.16")~~RJStevensMusicPresentationCreator.Program~0000002693
2024-12-15 09:58:32.9225~DEBUG~-> DownloadFile(url = "https://faas-nyc1-2ef2e6cc.doserverless.co/api/v1/web/fn-dd7f8f6a-d32a-4f5e-ae7b-870dfb7963f3/downloads/bundle?id=000000000000588", filename = "C:\Users\cofc_\AppData\Local\Temp\tmpD71F.tmp\rjsec579.ZIP", message = "rjsec579")~~RJStevensMusicPresentationCreator.Program~0000002694
2024-12-15 09:58:33.3266~DEBUG~download completed~~RJStevensMusicPresentationCreator.Program~0000002695
2024-12-15 09:58:33.3266~DEBUG~<- DownloadFile(url = "https://faas-nyc1-2ef2e6cc.doserverless.co/api/v1/web/fn-dd7f8f6a-d32a-4f5e-ae7b-870dfb7963f3/downloads/bundle?id=000000000000588", filename = "C:\Users\cofc_\AppData\Local\Temp\tmpD71F.tmp\rjsec579.ZIP", message = "rjsec579")~~RJStevensMusicPresentationCreator.Program~0000002696
2024-12-15 09:58:33.3406~DEBUG~-> ExtractAllFromFile(zipFileName = "C:\Users\cofc_\AppData\Local\Temp\tmpD71F.tmp\rjsec579.ZIP", decompressedFolder = "C:\Users\cofc_\AppData\Local\Temp\tmpD8C6.tmp", message = "rjsec579")~~RJStevensMusicPresentationCreator.Program~0000002697
2024-12-15 09:58:33.5612~DEBUG~extract completed~~RJStevensMusicPresentationCreator.Program~0000002698
2024-12-15 09:58:33.5612~DEBUG~<- ExtractAllFromFile(zipFileName = "C:\Users\cofc_\AppData\Local\Temp\tmpD71F.tmp\rjsec579.ZIP", decompressedFolder = "C:\Users\cofc_\AppData\Local\Temp\tmpD8C6.tmp", message = "rjsec579")~~RJStevensMusicPresentationCreator.Program~0000002699
2024-12-15 09:58:33.6292~DEBUG~-> DownloadFile(url = "https://faas-nyc1-2ef2e6cc.doserverless.co/api/v1/web/fn-dd7f8f6a-d32a-4f5e-ae7b-870dfb7963f3/downloads/bundle?id=000000000000590", filename = "C:\Users\cofc_\AppData\Local\Temp\tmpD9E0.tmp\rjsec581.ZIP", message = "rjsec581")~~RJStevensMusicPresentationCreator.Program~0000002700
2024-12-15 09:58:34.3342~DEBUG~download completed~~RJStevensMusicPresentationCreator.Program~0000002701
2024-12-15 09:58:34.3342~DEBUG~<- DownloadFile(url = "https://faas-nyc1-2ef2e6cc.doserverless.co/api/v1/web/fn-dd7f8f6a-d32a-4f5e-ae7b-870dfb7963f3/downloads/bundle?id=000000000000590", filename = "C:\Users\cofc_\AppData\Local\Temp\tmpD9E0.tmp\rjsec581.ZIP", message = "rjsec581")~~RJStevensMusicPresentationCreator.Program~0000002702
2024-12-15 09:58:34.3512~DEBUG~-> ExtractAllFromFile(zipFileName = "C:\Users\cofc_\AppData\Local\Temp\tmpD9E0.tmp\rjsec581.ZIP", decompressedFolder = "C:\Users\cofc_\AppData\Local\Temp\tmpDCB0.tmp", message = "rjsec581")~~RJStevensMusicPresentationCreator.Program~0000002703
2024-12-15 09:58:34.5382~DEBUG~extract completed~~RJStevensMusicPresentationCreator.Program~0000002704
2024-12-15 09:58:34.5422~DEBUG~<- ExtractAllFromFile(zipFileName = "C:\Users\cofc_\AppData\Local\Temp\tmpD9E0.tmp\rjsec581.ZIP", decompressedFolder = "C:\Users\cofc_\AppData\Local\Temp\tmpDCB0.tmp", message = "rjsec581")~~RJStevensMusicPresentationCreator.Program~0000002705
2024-12-15 09:58:34.6062~DEBUG~-> DownloadFile(url = "https://faas-nyc1-2ef2e6cc.doserverless.co/api/v1/web/fn-dd7f8f6a-d32a-4f5e-ae7b-870dfb7963f3/downloads/bundle?id=000000000000591", filename = "C:\Users\cofc_\AppData\Local\Temp\tmpDDBB.tmp\rjsec582.ZIP", message = "rjsec582")~~RJStevensMusicPresentationCreator.Program~0000002706
2024-12-15 09:58:35.0603~DEBUG~download completed~~RJStevensMusicPresentationCreator.Program~0000002707
2024-12-15 09:58:35.0603~DEBUG~<- DownloadFile(url = "https://faas-nyc1-2ef2e6cc.doserverless.co/api/v1/web/fn-dd7f8f6a-d32a-4f5e-ae7b-870dfb7963f3/downloads/bundle?id=000000000000591", filename = "C:\Users\cofc_\AppData\Local\Temp\tmpDDBB.tmp\rjsec582.ZIP", message = "rjsec582")~~RJStevensMusicPresentationCreator.Program~0000002708
2024-12-15 09:58:35.0783~DEBUG~-> ExtractAllFromFile(zipFileName = "C:\Users\cofc_\AppData\Local\Temp\tmpDDBB.tmp\rjsec582.ZIP", decompressedFolder = "C:\Users\cofc_\AppData\Local\Temp\tmpDF91.tmp", message = "rjsec582")~~RJStevensMusicPresentationCreator.Program~0000002709
2024-12-15 09:58:35.3580~DEBUG~extract completed~~RJStevensMusicPresentationCreator.Program~0000002710
2024-12-15 09:58:35.3580~DEBUG~<- ExtractAllFromFile(zipFileName = "C:\Users\cofc_\AppData\Local\Temp\tmpDDBB.tmp\rjsec582.ZIP", decompressedFolder = "C:\Users\cofc_\AppData\Local\Temp\tmpDF91.tmp", message = "rjsec582")~~RJStevensMusicPresentationCreator.Program~0000002711
2024-12-15 09:58:35.4410~DEBUG~-> DownloadFile(url = "https://faas-nyc1-2ef2e6cc.doserverless.co/api/v1/web/fn-dd7f8f6a-d32a-4f5e-ae7b-870dfb7963f3/downloads/bundle?id=000000000000592", filename = "C:\Users\cofc_\AppData\Local\Temp\tmpE0F9.tmp\rjsec583.ZIP", message = "rjsec583")~~RJStevensMusicPresentationCreator.Program~0000002712
2024-12-15 09:58:36.0461~DEBUG~download completed~~RJStevensMusicPresentationCreator.Program~0000002713
2024-12-15 09:58:36.0461~DEBUG~<- DownloadFile(url = "https://faas-nyc1-2ef2e6cc.doserverless.co/api/v1/web/fn-dd7f8f6a-d32a-4f5e-ae7b-870dfb7963f3/downloads/bundle?id=000000000000592", filename = "C:\Users\cofc_\AppData\Local\Temp\tmpE0F9.tmp\rjsec583.ZIP", message = "rjsec583")~~RJStevensMusicPresentationCreator.Program~0000002714
2024-12-15 09:58:36.0581~DEBUG~-> ExtractAllFromFile(zipFileName = "C:\Users\cofc_\AppData\Local\Temp\tmpE0F9.tmp\rjsec583.ZIP", decompressedFolder = "C:\Users\cofc_\AppData\Local\Temp\tmpE36B.tmp", message = "rjsec583")~~RJStevensMusicPresentationCreator.Program~0000002715
2024-12-15 09:58:36.3081~DEBUG~extract completed~~RJStevensMusicPresentationCreator.Program~0000002716
2024-12-15 09:58:36.3081~DEBUG~<- ExtractAllFromFile(zipFileName = "C:\Users\cofc_\AppData\Local\Temp\tmpE0F9.tmp\rjsec583.ZIP", decompressedFolder = "C:\Users\cofc_\AppData\Local\Temp\tmpE36B.tmp", message = "rjsec583")~~RJStevensMusicPresentationCreator.Program~0000002717
2024-12-15 09:58:36.3841~DEBUG~-> DownloadFile(url = "https://faas-nyc1-2ef2e6cc.doserverless.co/api/v1/web/fn-dd7f8f6a-d32a-4f5e-ae7b-870dfb7963f3/downloads/bundle?id=000000000000594", filename = "C:\Users\cofc_\AppData\Local\Temp\tmpE4A4.tmp\rjsec585.ZIP", message = "rjsec585")~~RJStevensMusicPresentationCreator.Program~0000002718
2024-12-15 09:58:37.1271~DEBUG~download completed~~RJStevensMusicPresentationCreator.Program~0000002719
2024-12-15 09:58:37.1271~DEBUG~<- DownloadFile(url = "https://faas-nyc1-2ef2e6cc.doserverless.co/api/v1/web/fn-dd7f8f6a-d32a-4f5e-ae7b-870dfb7963f3/downloads/bundle?id=000000000000594", filename = "C:\Users\cofc_\AppData\Local\Temp\tmpE4A4.tmp\rjsec585.ZIP", message = "rjsec585")~~RJStevensMusicPresentationCreator.Program~0000002720
2024-12-15 09:58:37.1411~DEBUG~-> ExtractAllFromFile(zipFileName = "C:\Users\cofc_\AppData\Local\Temp\tmpE4A4.tmp\rjsec585.ZIP", decompressedFolder = "C:\Users\cofc_\AppData\Local\Temp\tmpE7A3.tmp", message = "rjsec585")~~RJStevensMusicPresentationCreator.Program~0000002721
2024-12-15 09:58:37.3971~DEBUG~extract completed~~RJStevensMusicPresentationCreator.Program~0000002722
2024-12-15 09:58:37.4011~DEBUG~<- ExtractAllFromFile(zipFileName = "C:\Users\cofc_\AppData\Local\Temp\tmpE4A4.tmp\rjsec585.ZIP", decompressedFolder = "C:\Users\cofc_\AppData\Local\Temp\tmpE7A3.tmp", message = "rjsec585")~~RJStevensMusicPresentationCreator.Program~0000002723
2024-12-15 09:58:37.4841~DEBUG~-> DownloadFile(url = "https://faas-nyc1-2ef2e6cc.doserverless.co/api/v1/web/fn-dd7f8f6a-d32a-4f5e-ae7b-870dfb7963f3/downloads/bundle?id=000000000000596", filename = "C:\Users\cofc_\AppData\Local\Temp\tmpE8FC.tmp\rjsec587.ZIP", message = "rjsec587")~~RJStevensMusicPresentationCreator.Program~0000002724
2024-12-15 09:58:37.9058~DEBUG~download completed~~RJStevensMusicPresentationCreator.Program~0000002725
2024-12-15 09:58:37.9058~DEBUG~<- DownloadFile(url = "https://faas-nyc1-2ef2e6cc.doserverless.co/api/v1/web/fn-dd7f8f6a-d32a-4f5e-ae7b-870dfb7963f3/downloads/bundle?id=000000000000596", filename = "C:\Users\cofc_\AppData\Local\Temp\tmpE8FC.tmp\rjsec587.ZIP", message = "rjsec587")~~RJStevensMusicPresentationCreator.Program~0000002726
2024-12-15 09:58:37.9198~DEBUG~-> ExtractAllFromFile(zipFileName = "C:\Users\cofc_\AppData\Local\Temp\tmpE8FC.tmp\rjsec587.ZIP", decompressedFolder = "C:\Users\cofc_\AppData\Local\Temp\tmpEAB2.tmp", message = "rjsec587")~~RJStevensMusicPresentationCreator.Program~0000002727
2024-12-15 09:58:38.0568~DEBUG~extract completed~~RJStevensMusicPresentationCreator.Program~0000002728
2024-12-15 09:58:38.0568~DEBUG~<- ExtractAllFromFile(zipFileName = "C:\Users\cofc_\AppData\Local\Temp\tmpE8FC.tmp\rjsec587.ZIP", decompressedFolder = "C:\Users\cofc_\AppData\Local\Temp\tmpEAB2.tmp", message = "rjsec587")~~RJStevensMusicPresentationCreator.Program~0000002729
2024-12-15 09:58:38.1208~DEBUG~-> DownloadFile(url = "https://faas-nyc1-2ef2e6cc.doserverless.co/api/v1/web/fn-dd7f8f6a-d32a-4f5e-ae7b-870dfb7963f3/downloads/bundle?id=000000000000597", filename = "C:\Users\cofc_\AppData\Local\Temp\tmpEB6F.tmp\rjsec588.ZIP", message = "rjsec588")~~RJStevensMusicPresentationCreator.Program~0000002730
2024-12-15 09:58:38.5579~DEBUG~download completed~~RJStevensMusicPresentationCreator.Program~0000002731
2024-12-15 09:58:38.5579~DEBUG~<- DownloadFile(url = "https://faas-nyc1-2ef2e6cc.doserverless.co/api/v1/web/fn-dd7f8f6a-d32a-4f5e-ae7b-870dfb7963f3/downloads/bundle?id=000000000000597", filename = "C:\Users\cofc_\AppData\Local\Temp\tmpEB6F.tmp\rjsec588.ZIP", message = "rjsec588")~~RJStevensMusicPresentationCreator.Program~0000002732
2024-12-15 09:58:38.5769~DEBUG~-> ExtractAllFromFile(zipFileName = "C:\Users\cofc_\AppData\Local\Temp\tmpEB6F.tmp\rjsec588.ZIP", decompressedFolder = "C:\Users\cofc_\AppData\Local\Temp\tmpED45.tmp", message = "rjsec588")~~RJStevensMusicPresentationCreator.Program~0000002733
2024-12-15 09:58:38.8570~DEBUG~extract completed~~RJStevensMusicPresentationCreator.Program~0000002734
2024-12-15 09:58:38.8570~DEBUG~<- ExtractAllFromFile(zipFileName = "C:\Users\cofc_\AppData\Local\Temp\tmpEB6F.tmp\rjsec588.ZIP", decompressedFolder = "C:\Users\cofc_\AppData\Local\Temp\tmpED45.tmp", message = "rjsec588")~~RJStevensMusicPresentationCreator.Program~0000002735
2024-12-15 09:58:38.9440~DEBUG~-> DownloadFile(url = "https://faas-nyc1-2ef2e6cc.doserverless.co/api/v1/web/fn-dd7f8f6a-d32a-4f5e-ae7b-870dfb7963f3/downloads/bundle?id=000000000000602", filename = "C:\Users\cofc_\AppData\Local\Temp\tmpEEAD.tmp\rjsec593.ZIP", message = "rjsec593")~~RJStevensMusicPresentationCreator.Program~0000002736
2024-12-15 09:58:39.3611~DEBUG~download completed~~RJStevensMusicPresentationCreator.Program~0000002737
2024-12-15 09:58:39.3611~DEBUG~<- DownloadFile(url = "https://faas-nyc1-2ef2e6cc.doserverless.co/api/v1/web/fn-dd7f8f6a-d32a-4f5e-ae7b-870dfb7963f3/downloads/bundle?id=000000000000602", filename = "C:\Users\cofc_\AppData\Local\Temp\tmpEEAD.tmp\rjsec593.ZIP", message = "rjsec593")~~RJStevensMusicPresentationCreator.Program~0000002738
2024-12-15 09:58:39.3781~DEBUG~-> ExtractAllFromFile(zipFileName = "C:\Users\cofc_\AppData\Local\Temp\tmpEEAD.tmp\rjsec593.ZIP", decompressedFolder = "C:\Users\cofc_\AppData\Local\Temp\tmpF063.tmp", message = "rjsec593")~~RJStevensMusicPresentationCreator.Program~0000002739
2024-12-15 09:58:39.6521~DEBUG~extract completed~~RJStevensMusicPresentationCreator.Program~0000002740
2024-12-15 09:58:39.6521~DEBUG~<- ExtractAllFromFile(zipFileName = "C:\Users\cofc_\AppData\Local\Temp\tmpEEAD.tmp\rjsec593.ZIP", decompressedFolder = "C:\Users\cofc_\AppData\Local\Temp\tmpF063.tmp", message = "rjsec593")~~RJStevensMusicPresentationCreator.Program~0000002741
2024-12-15 09:58:39.7231~DEBUG~-> DownloadFile(url = "https://faas-nyc1-2ef2e6cc.doserverless.co/api/v1/web/fn-dd7f8f6a-d32a-4f5e-ae7b-870dfb7963f3/downloads/bundle?id=000000000000603", filename = "C:\Users\cofc_\AppData\Local\Temp\tmpF1BC.tmp\rjsec594.ZIP", message = "rjsec594")~~RJStevensMusicPresentationCreator.Program~0000002742
2024-12-15 09:58:40.2082~DEBUG~download completed~~RJStevensMusicPresentationCreator.Program~0000002743
2024-12-15 09:58:40.2082~DEBUG~<- DownloadFile(url = "https://faas-nyc1-2ef2e6cc.doserverless.co/api/v1/web/fn-dd7f8f6a-d32a-4f5e-ae7b-870dfb7963f3/downloads/bundle?id=000000000000603", filename = "C:\Users\cofc_\AppData\Local\Temp\tmpF1BC.tmp\rjsec594.ZIP", message = "rjsec594")~~RJStevensMusicPresentationCreator.Program~0000002744
2024-12-15 09:58:40.2292~DEBUG~-> ExtractAllFromFile(zipFileName = "C:\Users\cofc_\AppData\Local\Temp\tmpF1BC.tmp\rjsec594.ZIP", decompressedFolder = "C:\Users\cofc_\AppData\Local\Temp\tmpF3C1.tmp", message = "rjsec594")~~RJStevensMusicPresentationCreator.Program~0000002745
2024-12-15 09:58:40.5935~DEBUG~extract completed~~RJStevensMusicPresentationCreator.Program~0000002746
2024-12-15 09:58:40.5935~DEBUG~<- ExtractAllFromFile(zipFileName = "C:\Users\cofc_\AppData\Local\Temp\tmpF1BC.tmp\rjsec594.ZIP", decompressedFolder = "C:\Users\cofc_\AppData\Local\Temp\tmpF3C1.tmp", message = "rjsec594")~~RJStevensMusicPresentationCreator.Program~0000002747
2024-12-15 09:58:40.6975~DEBUG~-> DownloadFile(url = "https://faas-nyc1-2ef2e6cc.doserverless.co/api/v1/web/fn-dd7f8f6a-d32a-4f5e-ae7b-870dfb7963f3/downloads/bundle?id=000000000000604", filename = "C:\Users\cofc_\AppData\Local\Temp\tmpF587.tmp\rjsec595.ZIP", message = "rjsec595")~~RJStevensMusicPresentationCreator.Program~0000002748
2024-12-15 09:58:41.1465~DEBUG~download completed~~RJStevensMusicPresentationCreator.Program~0000002749
2024-12-15 09:58:41.1465~DEBUG~<- DownloadFile(url = "https://faas-nyc1-2ef2e6cc.doserverless.co/api/v1/web/fn-dd7f8f6a-d32a-4f5e-ae7b-870dfb7963f3/downloads/bundle?id=000000000000604", filename = "C:\Users\cofc_\AppData\Local\Temp\tmpF587.tmp\rjsec595.ZIP", message = "rjsec595")~~RJStevensMusicPresentationCreator.Program~0000002750
2024-12-15 09:58:41.1625~DEBUG~-> ExtractAllFromFile(zipFileName = "C:\Users\cofc_\AppData\Local\Temp\tmpF587.tmp\rjsec595.ZIP", decompressedFolder = "C:\Users\cofc_\AppData\Local\Temp\tmpF75D.tmp", message = "rjsec595")~~RJStevensMusicPresentationCreator.Program~0000002751
2024-12-15 09:58:41.3786~DEBUG~extract completed~~RJStevensMusicPresentationCreator.Program~0000002752
2024-12-15 09:58:41.3786~DEBUG~<- ExtractAllFromFile(zipFileName = "C:\Users\cofc_\AppData\Local\Temp\tmpF587.tmp\rjsec595.ZIP", decompressedFolder = "C:\Users\cofc_\AppData\Local\Temp\tmpF75D.tmp", message = "rjsec595")~~RJStevensMusicPresentationCreator.Program~0000002753
2024-12-15 09:58:41.4486~DEBUG~-> DownloadFile(url = "https://faas-nyc1-2ef2e6cc.doserverless.co/api/v1/web/fn-dd7f8f6a-d32a-4f5e-ae7b-870dfb7963f3/downloads/bundle?id=000000000000606", filename = "C:\Users\cofc_\AppData\Local\Temp\tmpF887.tmp\rjsec597.ZIP", message = "rjsec597")~~RJStevensMusicPresentationCreator.Program~0000002754
2024-12-15 09:58:41.8736~DEBUG~download completed~~RJStevensMusicPresentationCreator.Program~0000002755
2024-12-15 09:58:41.8736~DEBUG~<- DownloadFile(url = "https://faas-nyc1-2ef2e6cc.doserverless.co/api/v1/web/fn-dd7f8f6a-d32a-4f5e-ae7b-870dfb7963f3/downloads/bundle?id=000000000000606", filename = "C:\Users\cofc_\AppData\Local\Temp\tmpF887.tmp\rjsec597.ZIP", message = "rjsec597")~~RJStevensMusicPresentationCreator.Program~0000002756
2024-12-15 09:58:41.8946~DEBUG~-> ExtractAllFromFile(zipFileName = "C:\Users\cofc_\AppData\Local\Temp\tmpF887.tmp\rjsec597.ZIP", decompressedFolder = "C:\Users\cofc_\AppData\Local\Temp\tmpFA3D.tmp", message = "rjsec597")~~RJStevensMusicPresentationCreator.Program~0000002757
2024-12-15 09:58:42.1045~DEBUG~extract completed~~RJStevensMusicPresentationCreator.Program~0000002758
2024-12-15 09:58:42.1045~DEBUG~<- ExtractAllFromFile(zipFileName = "C:\Users\cofc_\AppData\Local\Temp\tmpF887.tmp\rjsec597.ZIP", decompressedFolder = "C:\Users\cofc_\AppData\Local\Temp\tmpFA3D.tmp", message = "rjsec597")~~RJStevensMusicPresentationCreator.Program~0000002759
2024-12-15 09:58:42.2315~DEBUG~-> DownloadFile(url = "https://faas-nyc1-2ef2e6cc.doserverless.co/api/v1/web/fn-dd7f8f6a-d32a-4f5e-ae7b-870dfb7963f3/downloads/bundle?id=000000000000607", filename = "C:\Users\cofc_\AppData\Local\Temp\tmpFB96.tmp\rjsec598.ZIP", message = "rjsec598")~~RJStevensMusicPresentationCreator.Program~0000002760
2024-12-15 09:58:42.6616~DEBUG~download completed~~RJStevensMusicPresentationCreator.Program~0000002761
2024-12-15 09:58:42.6616~DEBUG~<- DownloadFile(url = "https://faas-nyc1-2ef2e6cc.doserverless.co/api/v1/web/fn-dd7f8f6a-d32a-4f5e-ae7b-870dfb7963f3/downloads/bundle?id=000000000000607", filename = "C:\Users\cofc_\AppData\Local\Temp\tmpFB96.tmp\rjsec598.ZIP", message = "rjsec598")~~RJStevensMusicPresentationCreator.Program~0000002762
2024-12-15 09:58:42.6766~DEBUG~-> ExtractAllFromFile(zipFileName = "C:\Users\cofc_\AppData\Local\Temp\tmpFB96.tmp\rjsec598.ZIP", decompressedFolder = "C:\Users\cofc_\AppData\Local\Temp\tmpFD4C.tmp", message = "rjsec598")~~RJStevensMusicPresentationCreator.Program~0000002763
2024-12-15 09:58:43.0156~DEBUG~extract completed~~RJStevensMusicPresentationCreator.Program~0000002764
2024-12-15 09:58:43.0156~DEBUG~<- ExtractAllFromFile(zipFileName = "C:\Users\cofc_\AppData\Local\Temp\tmpFB96.tmp\rjsec598.ZIP", decompressedFolder = "C:\Users\cofc_\AppData\Local\Temp\tmpFD4C.tmp", message = "rjsec598")~~RJStevensMusicPresentationCreator.Program~0000002765
2024-12-15 09:58:43.1086~DEBUG~-> DownloadFile(url = "https://faas-nyc1-2ef2e6cc.doserverless.co/api/v1/web/fn-dd7f8f6a-d32a-4f5e-ae7b-870dfb7963f3/downloads/bundle?id=000000000000610", filename = "C:\Users\cofc_\AppData\Local\Temp\tmpFF03.tmp\rjsec601.ZIP", message = "rjsec601")~~RJStevensMusicPresentationCreator.Program~0000002766
2024-12-15 09:58:43.5296~DEBUG~download completed~~RJStevensMusicPresentationCreator.Program~0000002767
2024-12-15 09:58:43.5296~DEBUG~<- DownloadFile(url = "https://faas-nyc1-2ef2e6cc.doserverless.co/api/v1/web/fn-dd7f8f6a-d32a-4f5e-ae7b-870dfb7963f3/downloads/bundle?id=000000000000610", filename = "C:\Users\cofc_\AppData\Local\Temp\tmpFF03.tmp\rjsec601.ZIP", message = "rjsec601")~~RJStevensMusicPresentationCreator.Program~0000002768
2024-12-15 09:58:43.5447~DEBUG~-> ExtractAllFromFile(zipFileName = "C:\Users\cofc_\AppData\Local\Temp\tmpFF03.tmp\rjsec601.ZIP", decompressedFolder = "C:\Users\cofc_\AppData\Local\Temp\tmpB9.tmp", message = "rjsec601")~~RJStevensMusicPresentationCreator.Program~0000002769
2024-12-15 09:58:43.7557~DEBUG~extract completed~~RJStevensMusicPresentationCreator.Program~0000002770
2024-12-15 09:58:43.7557~DEBUG~<- ExtractAllFromFile(zipFileName = "C:\Users\cofc_\AppData\Local\Temp\tmpFF03.tmp\rjsec601.ZIP", decompressedFolder = "C:\Users\cofc_\AppData\Local\Temp\tmpB9.tmp", message = "rjsec601")~~RJStevensMusicPresentationCreator.Program~0000002771
2024-12-15 09:58:43.8247~DEBUG~-> DownloadFile(url = "https://faas-nyc1-2ef2e6cc.doserverless.co/api/v1/web/fn-dd7f8f6a-d32a-4f5e-ae7b-870dfb7963f3/downloads/bundle?id=000000000000616", filename = "C:\Users\cofc_\AppData\Local\Temp\tmp1D4.tmp\rjsec607.ZIP", message = "rjsec607")~~RJStevensMusicPresentationCreator.Program~0000002772
2024-12-15 09:58:44.2638~DEBUG~download completed~~RJStevensMusicPresentationCreator.Program~0000002773
2024-12-15 09:58:44.2638~DEBUG~<- DownloadFile(url = "https://faas-nyc1-2ef2e6cc.doserverless.co/api/v1/web/fn-dd7f8f6a-d32a-4f5e-ae7b-870dfb7963f3/downloads/bundle?id=000000000000616", filename = "C:\Users\cofc_\AppData\Local\Temp\tmp1D4.tmp\rjsec607.ZIP", message = "rjsec607")~~RJStevensMusicPresentationCreator.Program~0000002774
2024-12-15 09:58:44.2807~DEBUG~-> ExtractAllFromFile(zipFileName = "C:\Users\cofc_\AppData\Local\Temp\tmp1D4.tmp\rjsec607.ZIP", decompressedFolder = "C:\Users\cofc_\AppData\Local\Temp\tmp39A.tmp", message = "rjsec607")~~RJStevensMusicPresentationCreator.Program~0000002775
2024-12-15 09:58:44.4985~DEBUG~extract completed~~RJStevensMusicPresentationCreator.Program~0000002776
2024-12-15 09:58:44.4985~DEBUG~<- ExtractAllFromFile(zipFileName = "C:\Users\cofc_\AppData\Local\Temp\tmp1D4.tmp\rjsec607.ZIP", decompressedFolder = "C:\Users\cofc_\AppData\Local\Temp\tmp39A.tmp", message = "rjsec607")~~RJStevensMusicPresentationCreator.Program~0000002777
2024-12-15 09:58:44.5655~DEBUG~-> DownloadFile(url = "https://faas-nyc1-2ef2e6cc.doserverless.co/api/v1/web/fn-dd7f8f6a-d32a-4f5e-ae7b-870dfb7963f3/downloads/bundle?id=000000000000618", filename = "C:\Users\cofc_\AppData\Local\Temp\tmp4B4.tmp\rjsec609.ZIP", message = "rjsec609")~~RJStevensMusicPresentationCreator.Program~0000002778
2024-12-15 09:58:44.9912~DEBUG~download completed~~RJStevensMusicPresentationCreator.Program~0000002779
2024-12-15 09:58:44.9912~DEBUG~<- DownloadFile(url = "https://faas-nyc1-2ef2e6cc.doserverless.co/api/v1/web/fn-dd7f8f6a-d32a-4f5e-ae7b-870dfb7963f3/downloads/bundle?id=000000000000618", filename = "C:\Users\cofc_\AppData\Local\Temp\tmp4B4.tmp\rjsec609.ZIP", message = "rjsec609")~~RJStevensMusicPresentationCreator.Program~0000002780
2024-12-15 09:58:45.0072~DEBUG~-> ExtractAllFromFile(zipFileName = "C:\Users\cofc_\AppData\Local\Temp\tmp4B4.tmp\rjsec609.ZIP", decompressedFolder = "C:\Users\cofc_\AppData\Local\Temp\tmp66A.tmp", message = "rjsec609")~~RJStevensMusicPresentationCreator.Program~0000002781
2024-12-15 09:58:45.2042~DEBUG~extract completed~~RJStevensMusicPresentationCreator.Program~0000002782
2024-12-15 09:58:45.2042~DEBUG~<- ExtractAllFromFile(zipFileName = "C:\Users\cofc_\AppData\Local\Temp\tmp4B4.tmp\rjsec609.ZIP", decompressedFolder = "C:\Users\cofc_\AppData\Local\Temp\tmp66A.tmp", message = "rjsec609")~~RJStevensMusicPresentationCreator.Program~0000002783
2024-12-15 09:58:45.2732~DEBUG~-> DownloadFile(url = "https://faas-nyc1-2ef2e6cc.doserverless.co/api/v1/web/fn-dd7f8f6a-d32a-4f5e-ae7b-870dfb7963f3/downloads/bundle?id=000000000000620", filename = "C:\Users\cofc_\AppData\Local\Temp\tmp775.tmp\rjsec611.ZIP", message = "rjsec611")~~RJStevensMusicPresentationCreator.Program~0000002784
2024-12-15 09:58:45.6752~DEBUG~download completed~~RJStevensMusicPresentationCreator.Program~0000002785
2024-12-15 09:58:45.6752~DEBUG~<- DownloadFile(url = "https://faas-nyc1-2ef2e6cc.doserverless.co/api/v1/web/fn-dd7f8f6a-d32a-4f5e-ae7b-870dfb7963f3/downloads/bundle?id=000000000000620", filename = "C:\Users\cofc_\AppData\Local\Temp\tmp775.tmp\rjsec611.ZIP", message = "rjsec611")~~RJStevensMusicPresentationCreator.Program~0000002786
2024-12-15 09:58:45.6942~DEBUG~-> ExtractAllFromFile(zipFileName = "C:\Users\cofc_\AppData\Local\Temp\tmp775.tmp\rjsec611.ZIP", decompressedFolder = "C:\Users\cofc_\AppData\Local\Temp\tmp91C.tmp", message = "rjsec611")~~RJStevensMusicPresentationCreator.Program~0000002787
2024-12-15 09:58:45.8351~DEBUG~extract completed~~RJStevensMusicPresentationCreator.Program~0000002788
2024-12-15 09:58:45.8381~DEBUG~<- ExtractAllFromFile(zipFileName = "C:\Users\cofc_\AppData\Local\Temp\tmp775.tmp\rjsec611.ZIP", decompressedFolder = "C:\Users\cofc_\AppData\Local\Temp\tmp91C.tmp", message = "rjsec611")~~RJStevensMusicPresentationCreator.Program~0000002789
2024-12-15 09:58:45.9011~DEBUG~-> DownloadFile(url = "https://faas-nyc1-2ef2e6cc.doserverless.co/api/v1/web/fn-dd7f8f6a-d32a-4f5e-ae7b-870dfb7963f3/downloads/bundle?id=000000000000621", filename = "C:\Users\cofc_\AppData\Local\Temp\tmp9E8.tmp\rjsec612.ZIP", message = "rjsec612")~~RJStevensMusicPresentationCreator.Program~0000002790
2024-12-15 09:58:46.3489~DEBUG~download completed~~RJStevensMusicPresentationCreator.Program~0000002791
2024-12-15 09:58:46.3489~DEBUG~<- DownloadFile(url = "https://faas-nyc1-2ef2e6cc.doserverless.co/api/v1/web/fn-dd7f8f6a-d32a-4f5e-ae7b-870dfb7963f3/downloads/bundle?id=000000000000621", filename = "C:\Users\cofc_\AppData\Local\Temp\tmp9E8.tmp\rjsec612.ZIP", message = "rjsec612")~~RJStevensMusicPresentationCreator.Program~0000002792
2024-12-15 09:58:46.3630~DEBUG~-> ExtractAllFromFile(zipFileName = "C:\Users\cofc_\AppData\Local\Temp\tmp9E8.tmp\rjsec612.ZIP", decompressedFolder = "C:\Users\cofc_\AppData\Local\Temp\tmpBBE.tmp", message = "rjsec612")~~RJStevensMusicPresentationCreator.Program~0000002793
2024-12-15 09:58:46.6450~DEBUG~extract completed~~RJStevensMusicPresentationCreator.Program~0000002794
2024-12-15 09:58:46.6450~DEBUG~<- ExtractAllFromFile(zipFileName = "C:\Users\cofc_\AppData\Local\Temp\tmp9E8.tmp\rjsec612.ZIP", decompressedFolder = "C:\Users\cofc_\AppData\Local\Temp\tmpBBE.tmp", message = "rjsec612")~~RJStevensMusicPresentationCreator.Program~0000002795
2024-12-15 09:58:46.7270~DEBUG~-> DownloadFile(url = "https://faas-nyc1-2ef2e6cc.doserverless.co/api/v1/web/fn-dd7f8f6a-d32a-4f5e-ae7b-870dfb7963f3/downloads/bundle?id=000000000000625", filename = "C:\Users\cofc_\AppData\Local\Temp\tmpD26.tmp\rjsec616.ZIP", message = "rjsec616")~~RJStevensMusicPresentationCreator.Program~0000002796
2024-12-15 09:58:47.1440~DEBUG~download completed~~RJStevensMusicPresentationCreator.Program~0000002797
2024-12-15 09:58:47.1440~DEBUG~<- DownloadFile(url = "https://faas-nyc1-2ef2e6cc.doserverless.co/api/v1/web/fn-dd7f8f6a-d32a-4f5e-ae7b-870dfb7963f3/downloads/bundle?id=000000000000625", filename = "C:\Users\cofc_\AppData\Local\Temp\tmpD26.tmp\rjsec616.ZIP", message = "rjsec616")~~RJStevensMusicPresentationCreator.Program~0000002798
2024-12-15 09:58:47.1610~DEBUG~-> ExtractAllFromFile(zipFileName = "C:\Users\cofc_\AppData\Local\Temp\tmpD26.tmp\rjsec616.ZIP", decompressedFolder = "C:\Users\cofc_\AppData\Local\Temp\tmpEDD.tmp", message = "rjsec616")~~RJStevensMusicPresentationCreator.Program~0000002799
2024-12-15 09:58:47.4240~DEBUG~extract completed~~RJStevensMusicPresentationCreator.Program~0000002800
2024-12-15 09:58:47.4240~DEBUG~<- ExtractAllFromFile(zipFileName = "C:\Users\cofc_\AppData\Local\Temp\tmpD26.tmp\rjsec616.ZIP", decompressedFolder = "C:\Users\cofc_\AppData\Local\Temp\tmpEDD.tmp", message = "rjsec616")~~RJStevensMusicPresentationCreator.Program~0000002801
2024-12-15 09:58:47.5040~DEBUG~-> DownloadFile(url = "https://faas-nyc1-2ef2e6cc.doserverless.co/api/v1/web/fn-dd7f8f6a-d32a-4f5e-ae7b-870dfb7963f3/downloads/bundle?id=000000000000626", filename = "C:\Users\cofc_\AppData\Local\Temp\tmp1035.tmp\rjsec617.ZIP", message = "rjsec617")~~RJStevensMusicPresentationCreator.Program~0000002802
2024-12-15 09:58:47.9301~DEBUG~download completed~~RJStevensMusicPresentationCreator.Program~0000002803
2024-12-15 09:58:47.9301~DEBUG~<- DownloadFile(url = "https://faas-nyc1-2ef2e6cc.doserverless.co/api/v1/web/fn-dd7f8f6a-d32a-4f5e-ae7b-870dfb7963f3/downloads/bundle?id=000000000000626", filename = "C:\Users\cofc_\AppData\Local\Temp\tmp1035.tmp\rjsec617.ZIP", message = "rjsec617")~~RJStevensMusicPresentationCreator.Program~0000002804
2024-12-15 09:58:47.9481~DEBUG~-> ExtractAllFromFile(zipFileName = "C:\Users\cofc_\AppData\Local\Temp\tmp1035.tmp\rjsec617.ZIP", decompressedFolder = "C:\Users\cofc_\AppData\Local\Temp\tmp11EC.tmp", message = "rjsec617")~~RJStevensMusicPresentationCreator.Program~0000002805
2024-12-15 09:58:48.1611~DEBUG~extract completed~~RJStevensMusicPresentationCreator.Program~0000002806
2024-12-15 09:58:48.1611~DEBUG~<- ExtractAllFromFile(zipFileName = "C:\Users\cofc_\AppData\Local\Temp\tmp1035.tmp\rjsec617.ZIP", decompressedFolder = "C:\Users\cofc_\AppData\Local\Temp\tmp11EC.tmp", message = "rjsec617")~~RJStevensMusicPresentationCreator.Program~0000002807
2024-12-15 09:58:48.2391~DEBUG~-> DownloadFile(url = "https://faas-nyc1-2ef2e6cc.doserverless.co/api/v1/web/fn-dd7f8f6a-d32a-4f5e-ae7b-870dfb7963f3/downloads/bundle?id=000000000000628", filename = "C:\Users\cofc_\AppData\Local\Temp\tmp1316.tmp\rjsec619.ZIP", message = "rjsec619")~~RJStevensMusicPresentationCreator.Program~0000002808
2024-12-15 09:58:48.6791~DEBUG~download completed~~RJStevensMusicPresentationCreator.Program~0000002809
2024-12-15 09:58:48.6791~DEBUG~<- DownloadFile(url = "https://faas-nyc1-2ef2e6cc.doserverless.co/api/v1/web/fn-dd7f8f6a-d32a-4f5e-ae7b-870dfb7963f3/downloads/bundle?id=000000000000628", filename = "C:\Users\cofc_\AppData\Local\Temp\tmp1316.tmp\rjsec619.ZIP", message = "rjsec619")~~RJStevensMusicPresentationCreator.Program~0000002810
2024-12-15 09:58:48.6951~DEBUG~-> ExtractAllFromFile(zipFileName = "C:\Users\cofc_\AppData\Local\Temp\tmp1316.tmp\rjsec619.ZIP", decompressedFolder = "C:\Users\cofc_\AppData\Local\Temp\tmp14DC.tmp", message = "rjsec619")~~RJStevensMusicPresentationCreator.Program~0000002811
2024-12-15 09:58:48.9752~DEBUG~extract completed~~RJStevensMusicPresentationCreator.Program~0000002812
2024-12-15 09:58:48.9752~DEBUG~<- ExtractAllFromFile(zipFileName = "C:\Users\cofc_\AppData\Local\Temp\tmp1316.tmp\rjsec619.ZIP", decompressedFolder = "C:\Users\cofc_\AppData\Local\Temp\tmp14DC.tmp", message = "rjsec619")~~RJStevensMusicPresentationCreator.Program~0000002813
2024-12-15 09:58:49.0542~DEBUG~-> DownloadFile(url = "https://faas-nyc1-2ef2e6cc.doserverless.co/api/v1/web/fn-dd7f8f6a-d32a-4f5e-ae7b-870dfb7963f3/downloads/bundle?id=000000000000631", filename = "C:\Users\cofc_\AppData\Local\Temp\tmp1644.tmp\rjsec622.ZIP", message = "rjsec622")~~RJStevensMusicPresentationCreator.Program~0000002814
2024-12-15 09:58:49.5312~DEBUG~download completed~~RJStevensMusicPresentationCreator.Program~0000002815
2024-12-15 09:58:49.5312~DEBUG~<- DownloadFile(url = "https://faas-nyc1-2ef2e6cc.doserverless.co/api/v1/web/fn-dd7f8f6a-d32a-4f5e-ae7b-870dfb7963f3/downloads/bundle?id=000000000000631", filename = "C:\Users\cofc_\AppData\Local\Temp\tmp1644.tmp\rjsec622.ZIP", message = "rjsec622")~~RJStevensMusicPresentationCreator.Program~0000002816
2024-12-15 09:58:49.5442~DEBUG~-> ExtractAllFromFile(zipFileName = "C:\Users\cofc_\AppData\Local\Temp\tmp1644.tmp\rjsec622.ZIP", decompressedFolder = "C:\Users\cofc_\AppData\Local\Temp\tmp1839.tmp", message = "rjsec622")~~RJStevensMusicPresentationCreator.Program~0000002817
2024-12-15 09:58:49.8399~DEBUG~extract completed~~RJStevensMusicPresentationCreator.Program~0000002818
2024-12-15 09:58:49.8399~DEBUG~<- ExtractAllFromFile(zipFileName = "C:\Users\cofc_\AppData\Local\Temp\tmp1644.tmp\rjsec622.ZIP", decompressedFolder = "C:\Users\cofc_\AppData\Local\Temp\tmp1839.tmp", message = "rjsec622")~~RJStevensMusicPresentationCreator.Program~0000002819
2024-12-15 09:58:49.9279~DEBUG~-> DownloadFile(url = "https://faas-nyc1-2ef2e6cc.doserverless.co/api/v1/web/fn-dd7f8f6a-d32a-4f5e-ae7b-870dfb7963f3/downloads/bundle?id=000000000000632", filename = "C:\Users\cofc_\AppData\Local\Temp\tmp19B1.tmp\rjsec623.ZIP", message = "rjsec623")~~RJStevensMusicPresentationCreator.Program~0000002820
2024-12-15 09:58:50.3169~DEBUG~download completed~~RJStevensMusicPresentationCreator.Program~0000002821
2024-12-15 09:58:50.3169~DEBUG~<- DownloadFile(url = "https://faas-nyc1-2ef2e6cc.doserverless.co/api/v1/web/fn-dd7f8f6a-d32a-4f5e-ae7b-870dfb7963f3/downloads/bundle?id=000000000000632", filename = "C:\Users\cofc_\AppData\Local\Temp\tmp19B1.tmp\rjsec623.ZIP", message = "rjsec623")~~RJStevensMusicPresentationCreator.Program~0000002822
2024-12-15 09:58:50.3359~DEBUG~-> ExtractAllFromFile(zipFileName = "C:\Users\cofc_\AppData\Local\Temp\tmp19B1.tmp\rjsec623.ZIP", decompressedFolder = "C:\Users\cofc_\AppData\Local\Temp\tmp1B49.tmp", message = "rjsec623")~~RJStevensMusicPresentationCreator.Program~0000002823
2024-12-15 09:58:50.5160~DEBUG~extract completed~~RJStevensMusicPresentationCreator.Program~0000002824
2024-12-15 09:58:50.5160~DEBUG~<- ExtractAllFromFile(zipFileName = "C:\Users\cofc_\AppData\Local\Temp\tmp19B1.tmp\rjsec623.ZIP", decompressedFolder = "C:\Users\cofc_\AppData\Local\Temp\tmp1B49.tmp", message = "rjsec623")~~RJStevensMusicPresentationCreator.Program~0000002825
2024-12-15 09:58:50.5820~DEBUG~-> DownloadFile(url = "https://faas-nyc1-2ef2e6cc.doserverless.co/api/v1/web/fn-dd7f8f6a-d32a-4f5e-ae7b-870dfb7963f3/downloads/bundle?id=000000000000633", filename = "C:\Users\cofc_\AppData\Local\Temp\tmp1C44.tmp\rjsec624.ZIP", message = "rjsec624")~~RJStevensMusicPresentationCreator.Program~0000002826
2024-12-15 09:58:51.0037~DEBUG~download completed~~RJStevensMusicPresentationCreator.Program~0000002827
2024-12-15 09:58:51.0037~DEBUG~<- DownloadFile(url = "https://faas-nyc1-2ef2e6cc.doserverless.co/api/v1/web/fn-dd7f8f6a-d32a-4f5e-ae7b-870dfb7963f3/downloads/bundle?id=000000000000633", filename = "C:\Users\cofc_\AppData\Local\Temp\tmp1C44.tmp\rjsec624.ZIP", message = "rjsec624")~~RJStevensMusicPresentationCreator.Program~0000002828
2024-12-15 09:58:51.0167~DEBUG~-> ExtractAllFromFile(zipFileName = "C:\Users\cofc_\AppData\Local\Temp\tmp1C44.tmp\rjsec624.ZIP", decompressedFolder = "C:\Users\cofc_\AppData\Local\Temp\tmp1DFA.tmp", message = "rjsec624")~~RJStevensMusicPresentationCreator.Program~0000002829
2024-12-15 09:58:51.3458~DEBUG~extract completed~~RJStevensMusicPresentationCreator.Program~0000002830
2024-12-15 09:58:51.3458~DEBUG~<- ExtractAllFromFile(zipFileName = "C:\Users\cofc_\AppData\Local\Temp\tmp1C44.tmp\rjsec624.ZIP", decompressedFolder = "C:\Users\cofc_\AppData\Local\Temp\tmp1DFA.tmp", message = "rjsec624")~~RJStevensMusicPresentationCreator.Program~0000002831
2024-12-15 09:58:51.4348~DEBUG~-> DownloadFile(url = "https://faas-nyc1-2ef2e6cc.doserverless.co/api/v1/web/fn-dd7f8f6a-d32a-4f5e-ae7b-870dfb7963f3/downloads/bundle?id=000000000000634", filename = "C:\Users\cofc_\AppData\Local\Temp\tmp1FA1.tmp\rjsec625.ZIP", message = "rjsec625")~~RJStevensMusicPresentationCreator.Program~0000002832
2024-12-15 09:58:51.8618~DEBUG~download completed~~RJStevensMusicPresentationCreator.Program~0000002833
2024-12-15 09:58:51.8618~DEBUG~<- DownloadFile(url = "https://faas-nyc1-2ef2e6cc.doserverless.co/api/v1/web/fn-dd7f8f6a-d32a-4f5e-ae7b-870dfb7963f3/downloads/bundle?id=000000000000634", filename = "C:\Users\cofc_\AppData\Local\Temp\tmp1FA1.tmp\rjsec625.ZIP", message = "rjsec625")~~RJStevensMusicPresentationCreator.Program~0000002834
2024-12-15 09:58:51.8788~DEBUG~-> ExtractAllFromFile(zipFileName = "C:\Users\cofc_\AppData\Local\Temp\tmp1FA1.tmp\rjsec625.ZIP", decompressedFolder = "C:\Users\cofc_\AppData\Local\Temp\tmp2157.tmp", message = "rjsec625")~~RJStevensMusicPresentationCreator.Program~0000002835
2024-12-15 09:58:52.0818~DEBUG~extract completed~~RJStevensMusicPresentationCreator.Program~0000002836
2024-12-15 09:58:52.0818~DEBUG~<- ExtractAllFromFile(zipFileName = "C:\Users\cofc_\AppData\Local\Temp\tmp1FA1.tmp\rjsec625.ZIP", decompressedFolder = "C:\Users\cofc_\AppData\Local\Temp\tmp2157.tmp", message = "rjsec625")~~RJStevensMusicPresentationCreator.Program~0000002837
2024-12-15 09:58:52.1508~DEBUG~-> DownloadFile(url = "https://faas-nyc1-2ef2e6cc.doserverless.co/api/v1/web/fn-dd7f8f6a-d32a-4f5e-ae7b-870dfb7963f3/downloads/bundle?id=000000000000635", filename = "C:\Users\cofc_\AppData\Local\Temp\tmp2262.tmp\rjsec626.ZIP", message = "rjsec626")~~RJStevensMusicPresentationCreator.Program~0000002838
2024-12-15 09:58:52.6259~DEBUG~download completed~~RJStevensMusicPresentationCreator.Program~0000002839
2024-12-15 09:58:52.6259~DEBUG~<- DownloadFile(url = "https://faas-nyc1-2ef2e6cc.doserverless.co/api/v1/web/fn-dd7f8f6a-d32a-4f5e-ae7b-870dfb7963f3/downloads/bundle?id=000000000000635", filename = "C:\Users\cofc_\AppData\Local\Temp\tmp2262.tmp\rjsec626.ZIP", message = "rjsec626")~~RJStevensMusicPresentationCreator.Program~0000002840
2024-12-15 09:58:52.6459~DEBUG~-> ExtractAllFromFile(zipFileName = "C:\Users\cofc_\AppData\Local\Temp\tmp2262.tmp\rjsec626.ZIP", decompressedFolder = "C:\Users\cofc_\AppData\Local\Temp\tmp2457.tmp", message = "rjsec626")~~RJStevensMusicPresentationCreator.Program~0000002841
2024-12-15 09:58:53.0039~DEBUG~extract completed~~RJStevensMusicPresentationCreator.Program~0000002842
2024-12-15 09:58:53.0039~DEBUG~<- ExtractAllFromFile(zipFileName = "C:\Users\cofc_\AppData\Local\Temp\tmp2262.tmp\rjsec626.ZIP", decompressedFolder = "C:\Users\cofc_\AppData\Local\Temp\tmp2457.tmp", message = "rjsec626")~~RJStevensMusicPresentationCreator.Program~0000002843
2024-12-15 09:58:53.1299~DEBUG~-> DownloadFile(url = "https://faas-nyc1-2ef2e6cc.doserverless.co/api/v1/web/fn-dd7f8f6a-d32a-4f5e-ae7b-870dfb7963f3/downloads/bundle?id=000000000000639", filename = "C:\Users\cofc_\AppData\Local\Temp\tmp263C.tmp\rjsec630.ZIP", message = "rjsec630")~~RJStevensMusicPresentationCreator.Program~0000002844
2024-12-15 09:58:53.5939~DEBUG~download completed~~RJStevensMusicPresentationCreator.Program~0000002845
2024-12-15 09:58:53.5939~DEBUG~<- DownloadFile(url = "https://faas-nyc1-2ef2e6cc.doserverless.co/api/v1/web/fn-dd7f8f6a-d32a-4f5e-ae7b-870dfb7963f3/downloads/bundle?id=000000000000639", filename = "C:\Users\cofc_\AppData\Local\Temp\tmp263C.tmp\rjsec630.ZIP", message = "rjsec630")~~RJStevensMusicPresentationCreator.Program~0000002846
2024-12-15 09:58:53.6149~DEBUG~-> ExtractAllFromFile(zipFileName = "C:\Users\cofc_\AppData\Local\Temp\tmp263C.tmp\rjsec630.ZIP", decompressedFolder = "C:\Users\cofc_\AppData\Local\Temp\tmp2822.tmp", message = "rjsec630")~~RJStevensMusicPresentationCreator.Program~0000002847
2024-12-15 09:58:53.8903~DEBUG~extract completed~~RJStevensMusicPresentationCreator.Program~0000002848
2024-12-15 09:58:53.8903~DEBUG~<- ExtractAllFromFile(zipFileName = "C:\Users\cofc_\AppData\Local\Temp\tmp263C.tmp\rjsec630.ZIP", decompressedFolder = "C:\Users\cofc_\AppData\Local\Temp\tmp2822.tmp", message = "rjsec630")~~RJStevensMusicPresentationCreator.Program~0000002849
2024-12-15 09:58:53.9743~DEBUG~-> DownloadFile(url = "https://faas-nyc1-2ef2e6cc.doserverless.co/api/v1/web/fn-dd7f8f6a-d32a-4f5e-ae7b-870dfb7963f3/downloads/bundle?id=000000000000640", filename = "C:\Users\cofc_\AppData\Local\Temp\tmp298A.tmp\rjsec631.ZIP", message = "rjsec631")~~RJStevensMusicPresentationCreator.Program~0000002850
2024-12-15 09:58:54.3873~DEBUG~download completed~~RJStevensMusicPresentationCreator.Program~0000002851
2024-12-15 09:58:54.3873~DEBUG~<- DownloadFile(url = "https://faas-nyc1-2ef2e6cc.doserverless.co/api/v1/web/fn-dd7f8f6a-d32a-4f5e-ae7b-870dfb7963f3/downloads/bundle?id=000000000000640", filename = "C:\Users\cofc_\AppData\Local\Temp\tmp298A.tmp\rjsec631.ZIP", message = "rjsec631")~~RJStevensMusicPresentationCreator.Program~0000002852
2024-12-15 09:58:54.4083~DEBUG~-> ExtractAllFromFile(zipFileName = "C:\Users\cofc_\AppData\Local\Temp\tmp298A.tmp\rjsec631.ZIP", decompressedFolder = "C:\Users\cofc_\AppData\Local\Temp\tmp2B41.tmp", message = "rjsec631")~~RJStevensMusicPresentationCreator.Program~0000002853
2024-12-15 09:58:54.6634~DEBUG~extract completed~~RJStevensMusicPresentationCreator.Program~0000002854
2024-12-15 09:58:54.6634~DEBUG~<- ExtractAllFromFile(zipFileName = "C:\Users\cofc_\AppData\Local\Temp\tmp298A.tmp\rjsec631.ZIP", decompressedFolder = "C:\Users\cofc_\AppData\Local\Temp\tmp2B41.tmp", message = "rjsec631")~~RJStevensMusicPresentationCreator.Program~0000002855
2024-12-15 09:58:54.7274~DEBUG~-> DownloadFile(url = "https://faas-nyc1-2ef2e6cc.doserverless.co/api/v1/web/fn-dd7f8f6a-d32a-4f5e-ae7b-870dfb7963f3/downloads/bundle?id=000000000000641", filename = "C:\Users\cofc_\AppData\Local\Temp\tmp2C7A.tmp\rjsec632.ZIP", message = "rjsec632")~~RJStevensMusicPresentationCreator.Program~0000002856
2024-12-15 09:58:55.1684~DEBUG~download completed~~RJStevensMusicPresentationCreator.Program~0000002857
2024-12-15 09:58:55.1684~DEBUG~<- DownloadFile(url = "https://faas-nyc1-2ef2e6cc.doserverless.co/api/v1/web/fn-dd7f8f6a-d32a-4f5e-ae7b-870dfb7963f3/downloads/bundle?id=000000000000641", filename = "C:\Users\cofc_\AppData\Local\Temp\tmp2C7A.tmp\rjsec632.ZIP", message = "rjsec632")~~RJStevensMusicPresentationCreator.Program~0000002858
2024-12-15 09:58:55.1844~DEBUG~-> ExtractAllFromFile(zipFileName = "C:\Users\cofc_\AppData\Local\Temp\tmp2C7A.tmp\rjsec632.ZIP", decompressedFolder = "C:\Users\cofc_\AppData\Local\Temp\tmp2E50.tmp", message = "rjsec632")~~RJStevensMusicPresentationCreator.Program~0000002859
2024-12-15 09:58:55.4704~DEBUG~extract completed~~RJStevensMusicPresentationCreator.Program~0000002860
2024-12-15 09:58:55.4704~DEBUG~<- ExtractAllFromFile(zipFileName = "C:\Users\cofc_\AppData\Local\Temp\tmp2C7A.tmp\rjsec632.ZIP", decompressedFolder = "C:\Users\cofc_\AppData\Local\Temp\tmp2E50.tmp", message = "rjsec632")~~RJStevensMusicPresentationCreator.Program~0000002861
2024-12-15 09:58:55.5554~DEBUG~-> DownloadFile(url = "https://faas-nyc1-2ef2e6cc.doserverless.co/api/v1/web/fn-dd7f8f6a-d32a-4f5e-ae7b-870dfb7963f3/downloads/bundle?id=000000000000645", filename = "C:\Users\cofc_\AppData\Local\Temp\tmp2FB8.tmp\rjsec636.ZIP", message = "rjsec636")~~RJStevensMusicPresentationCreator.Program~0000002862
2024-12-15 09:58:56.0631~DEBUG~download completed~~RJStevensMusicPresentationCreator.Program~0000002863
2024-12-15 09:58:56.0631~DEBUG~<- DownloadFile(url = "https://faas-nyc1-2ef2e6cc.doserverless.co/api/v1/web/fn-dd7f8f6a-d32a-4f5e-ae7b-870dfb7963f3/downloads/bundle?id=000000000000645", filename = "C:\Users\cofc_\AppData\Local\Temp\tmp2FB8.tmp\rjsec636.ZIP", message = "rjsec636")~~RJStevensMusicPresentationCreator.Program~0000002864
2024-12-15 09:58:56.0781~DEBUG~-> ExtractAllFromFile(zipFileName = "C:\Users\cofc_\AppData\Local\Temp\tmp2FB8.tmp\rjsec636.ZIP", decompressedFolder = "C:\Users\cofc_\AppData\Local\Temp\tmp31CD.tmp", message = "rjsec636")~~RJStevensMusicPresentationCreator.Program~0000002865
2024-12-15 09:58:56.4776~DEBUG~extract completed~~RJStevensMusicPresentationCreator.Program~0000002866
2024-12-15 09:58:56.4806~DEBUG~<- ExtractAllFromFile(zipFileName = "C:\Users\cofc_\AppData\Local\Temp\tmp2FB8.tmp\rjsec636.ZIP", decompressedFolder = "C:\Users\cofc_\AppData\Local\Temp\tmp31CD.tmp", message = "rjsec636")~~RJStevensMusicPresentationCreator.Program~0000002867
2024-12-15 09:58:56.5776~DEBUG~-> DownloadFile(url = "https://faas-nyc1-2ef2e6cc.doserverless.co/api/v1/web/fn-dd7f8f6a-d32a-4f5e-ae7b-870dfb7963f3/downloads/bundle?id=000000000000646", filename = "C:\Users\cofc_\AppData\Local\Temp\tmp33C2.tmp\rjsec637.ZIP", message = "rjsec637")~~RJStevensMusicPresentationCreator.Program~0000002868
2024-12-15 09:58:57.1087~DEBUG~download completed~~RJStevensMusicPresentationCreator.Program~0000002869
2024-12-15 09:58:57.1087~DEBUG~<- DownloadFile(url = "https://faas-nyc1-2ef2e6cc.doserverless.co/api/v1/web/fn-dd7f8f6a-d32a-4f5e-ae7b-870dfb7963f3/downloads/bundle?id=000000000000646", filename = "C:\Users\cofc_\AppData\Local\Temp\tmp33C2.tmp\rjsec637.ZIP", message = "rjsec637")~~RJStevensMusicPresentationCreator.Program~0000002870
2024-12-15 09:58:57.1286~DEBUG~-> ExtractAllFromFile(zipFileName = "C:\Users\cofc_\AppData\Local\Temp\tmp33C2.tmp\rjsec637.ZIP", decompressedFolder = "C:\Users\cofc_\AppData\Local\Temp\tmp35E5.tmp", message = "rjsec637")~~RJStevensMusicPresentationCreator.Program~0000002871
2024-12-15 09:58:57.5135~DEBUG~extract completed~~RJStevensMusicPresentationCreator.Program~0000002872
2024-12-15 09:58:57.5135~DEBUG~<- ExtractAllFromFile(zipFileName = "C:\Users\cofc_\AppData\Local\Temp\tmp33C2.tmp\rjsec637.ZIP", decompressedFolder = "C:\Users\cofc_\AppData\Local\Temp\tmp35E5.tmp", message = "rjsec637")~~RJStevensMusicPresentationCreator.Program~0000002873
2024-12-15 09:58:57.6125~DEBUG~-> DownloadFile(url = "https://faas-nyc1-2ef2e6cc.doserverless.co/api/v1/web/fn-dd7f8f6a-d32a-4f5e-ae7b-870dfb7963f3/downloads/bundle?id=000000000000647", filename = "C:\Users\cofc_\AppData\Local\Temp\tmp37CB.tmp\rjsec638.ZIP", message = "rjsec638")~~RJStevensMusicPresentationCreator.Program~0000002874
2024-12-15 09:58:58.0915~DEBUG~download completed~~RJStevensMusicPresentationCreator.Program~0000002875
2024-12-15 09:58:58.0915~DEBUG~<- DownloadFile(url = "https://faas-nyc1-2ef2e6cc.doserverless.co/api/v1/web/fn-dd7f8f6a-d32a-4f5e-ae7b-870dfb7963f3/downloads/bundle?id=000000000000647", filename = "C:\Users\cofc_\AppData\Local\Temp\tmp37CB.tmp\rjsec638.ZIP", message = "rjsec638")~~RJStevensMusicPresentationCreator.Program~0000002876
2024-12-15 09:58:58.1095~DEBUG~-> ExtractAllFromFile(zipFileName = "C:\Users\cofc_\AppData\Local\Temp\tmp37CB.tmp\rjsec638.ZIP", decompressedFolder = "C:\Users\cofc_\AppData\Local\Temp\tmp39C0.tmp", message = "rjsec638")~~RJStevensMusicPresentationCreator.Program~0000002877
2024-12-15 09:58:58.4681~DEBUG~extract completed~~RJStevensMusicPresentationCreator.Program~0000002878
2024-12-15 09:58:58.4681~DEBUG~<- ExtractAllFromFile(zipFileName = "C:\Users\cofc_\AppData\Local\Temp\tmp37CB.tmp\rjsec638.ZIP", decompressedFolder = "C:\Users\cofc_\AppData\Local\Temp\tmp39C0.tmp", message = "rjsec638")~~RJStevensMusicPresentationCreator.Program~0000002879
2024-12-15 09:58:58.5681~DEBUG~-> DownloadFile(url = "https://faas-nyc1-2ef2e6cc.doserverless.co/api/v1/web/fn-dd7f8f6a-d32a-4f5e-ae7b-870dfb7963f3/downloads/bundle?id=000000000000648", filename = "C:\Users\cofc_\AppData\Local\Temp\tmp3B86.tmp\rjsec639.ZIP", message = "rjsec639")~~RJStevensMusicPresentationCreator.Program~0000002880
2024-12-15 09:58:59.0541~DEBUG~download completed~~RJStevensMusicPresentationCreator.Program~0000002881
2024-12-15 09:58:59.0541~DEBUG~<- DownloadFile(url = "https://faas-nyc1-2ef2e6cc.doserverless.co/api/v1/web/fn-dd7f8f6a-d32a-4f5e-ae7b-870dfb7963f3/downloads/bundle?id=000000000000648", filename = "C:\Users\cofc_\AppData\Local\Temp\tmp3B86.tmp\rjsec639.ZIP", message = "rjsec639")~~RJStevensMusicPresentationCreator.Program~0000002882
2024-12-15 09:58:59.0771~DEBUG~-> ExtractAllFromFile(zipFileName = "C:\Users\cofc_\AppData\Local\Temp\tmp3B86.tmp\rjsec639.ZIP", decompressedFolder = "C:\Users\cofc_\AppData\Local\Temp\tmp3D8B.tmp", message = "rjsec639")~~RJStevensMusicPresentationCreator.Program~0000002883
2024-12-15 09:58:59.4182~DEBUG~extract completed~~RJStevensMusicPresentationCreator.Program~0000002884
2024-12-15 09:58:59.4182~DEBUG~<- ExtractAllFromFile(zipFileName = "C:\Users\cofc_\AppData\Local\Temp\tmp3B86.tmp\rjsec639.ZIP", decompressedFolder = "C:\Users\cofc_\AppData\Local\Temp\tmp3D8B.tmp", message = "rjsec639")~~RJStevensMusicPresentationCreator.Program~0000002885
2024-12-15 09:58:59.5042~DEBUG~-> DownloadFile(url = "https://faas-nyc1-2ef2e6cc.doserverless.co/api/v1/web/fn-dd7f8f6a-d32a-4f5e-ae7b-870dfb7963f3/downloads/bundle?id=000000000000650", filename = "C:\Users\cofc_\AppData\Local\Temp\tmp3F31.tmp\rjsec641.ZIP", message = "rjsec641")~~RJStevensMusicPresentationCreator.Program~0000002886
2024-12-15 09:58:59.9938~DEBUG~download completed~~RJStevensMusicPresentationCreator.Program~0000002887
2024-12-15 09:58:59.9948~DEBUG~<- DownloadFile(url = "https://faas-nyc1-2ef2e6cc.doserverless.co/api/v1/web/fn-dd7f8f6a-d32a-4f5e-ae7b-870dfb7963f3/downloads/bundle?id=000000000000650", filename = "C:\Users\cofc_\AppData\Local\Temp\tmp3F31.tmp\rjsec641.ZIP", message = "rjsec641")~~RJStevensMusicPresentationCreator.Program~0000002888
2024-12-15 09:59:00.0108~DEBUG~-> ExtractAllFromFile(zipFileName = "C:\Users\cofc_\AppData\Local\Temp\tmp3F31.tmp\rjsec641.ZIP", decompressedFolder = "C:\Users\cofc_\AppData\Local\Temp\tmp4136.tmp", message = "rjsec641")~~RJStevensMusicPresentationCreator.Program~0000002889
2024-12-15 09:59:00.3809~DEBUG~extract completed~~RJStevensMusicPresentationCreator.Program~0000002890
2024-12-15 09:59:00.3809~DEBUG~<- ExtractAllFromFile(zipFileName = "C:\Users\cofc_\AppData\Local\Temp\tmp3F31.tmp\rjsec641.ZIP", decompressedFolder = "C:\Users\cofc_\AppData\Local\Temp\tmp4136.tmp", message = "rjsec641")~~RJStevensMusicPresentationCreator.Program~0000002891
2024-12-15 09:59:00.4679~DEBUG~-> DownloadFile(url = "https://faas-nyc1-2ef2e6cc.doserverless.co/api/v1/web/fn-dd7f8f6a-d32a-4f5e-ae7b-870dfb7963f3/downloads/bundle?id=000000000000651", filename = "C:\Users\cofc_\AppData\Local\Temp\tmp42FC.tmp\rjsec642.ZIP", message = "rjsec642")~~RJStevensMusicPresentationCreator.Program~0000002892
2024-12-15 09:59:00.9359~DEBUG~download completed~~RJStevensMusicPresentationCreator.Program~0000002893
2024-12-15 09:59:00.9359~DEBUG~<- DownloadFile(url = "https://faas-nyc1-2ef2e6cc.doserverless.co/api/v1/web/fn-dd7f8f6a-d32a-4f5e-ae7b-870dfb7963f3/downloads/bundle?id=000000000000651", filename = "C:\Users\cofc_\AppData\Local\Temp\tmp42FC.tmp\rjsec642.ZIP", message = "rjsec642")~~RJStevensMusicPresentationCreator.Program~0000002894
2024-12-15 09:59:00.9499~DEBUG~-> ExtractAllFromFile(zipFileName = "C:\Users\cofc_\AppData\Local\Temp\tmp42FC.tmp\rjsec642.ZIP", decompressedFolder = "C:\Users\cofc_\AppData\Local\Temp\tmp44E2.tmp", message = "rjsec642")~~RJStevensMusicPresentationCreator.Program~0000002895
2024-12-15 09:59:01.1116~DEBUG~extract completed~~RJStevensMusicPresentationCreator.Program~0000002896
2024-12-15 09:59:01.1116~DEBUG~<- ExtractAllFromFile(zipFileName = "C:\Users\cofc_\AppData\Local\Temp\tmp42FC.tmp\rjsec642.ZIP", decompressedFolder = "C:\Users\cofc_\AppData\Local\Temp\tmp44E2.tmp", message = "rjsec642")~~RJStevensMusicPresentationCreator.Program~0000002897
2024-12-15 09:59:01.1716~DEBUG~-> DownloadFile(url = "https://faas-nyc1-2ef2e6cc.doserverless.co/api/v1/web/fn-dd7f8f6a-d32a-4f5e-ae7b-870dfb7963f3/downloads/bundle?id=000000000000653", filename = "C:\Users\cofc_\AppData\Local\Temp\tmp45BD.tmp\rjsec644.ZIP", message = "rjsec644")~~RJStevensMusicPresentationCreator.Program~0000002898
2024-12-15 09:59:01.5867~DEBUG~download completed~~RJStevensMusicPresentationCreator.Program~0000002899
2024-12-15 09:59:01.5867~DEBUG~<- DownloadFile(url = "https://faas-nyc1-2ef2e6cc.doserverless.co/api/v1/web/fn-dd7f8f6a-d32a-4f5e-ae7b-870dfb7963f3/downloads/bundle?id=000000000000653", filename = "C:\Users\cofc_\AppData\Local\Temp\tmp45BD.tmp\rjsec644.ZIP", message = "rjsec644")~~RJStevensMusicPresentationCreator.Program~0000002900
2024-12-15 09:59:01.6007~DEBUG~-> ExtractAllFromFile(zipFileName = "C:\Users\cofc_\AppData\Local\Temp\tmp45BD.tmp\rjsec644.ZIP", decompressedFolder = "C:\Users\cofc_\AppData\Local\Temp\tmp4764.tmp", message = "rjsec644")~~RJStevensMusicPresentationCreator.Program~0000002901
2024-12-15 09:59:01.7884~DEBUG~extract completed~~RJStevensMusicPresentationCreator.Program~0000002902
2024-12-15 09:59:01.7934~DEBUG~<- ExtractAllFromFile(zipFileName = "C:\Users\cofc_\AppData\Local\Temp\tmp45BD.tmp\rjsec644.ZIP", decompressedFolder = "C:\Users\cofc_\AppData\Local\Temp\tmp4764.tmp", message = "rjsec644")~~RJStevensMusicPresentationCreator.Program~0000002903
2024-12-15 09:59:01.8564~DEBUG~-> DownloadFile(url = "https://faas-nyc1-2ef2e6cc.doserverless.co/api/v1/web/fn-dd7f8f6a-d32a-4f5e-ae7b-870dfb7963f3/downloads/bundle?id=000000000000654", filename = "C:\Users\cofc_\AppData\Local\Temp\tmp486F.tmp\rjsec645.ZIP", message = "rjsec645")~~RJStevensMusicPresentationCreator.Program~0000002904
2024-12-15 09:59:02.3134~DEBUG~download completed~~RJStevensMusicPresentationCreator.Program~0000002905
2024-12-15 09:59:02.3134~DEBUG~<- DownloadFile(url = "https://faas-nyc1-2ef2e6cc.doserverless.co/api/v1/web/fn-dd7f8f6a-d32a-4f5e-ae7b-870dfb7963f3/downloads/bundle?id=000000000000654", filename = "C:\Users\cofc_\AppData\Local\Temp\tmp486F.tmp\rjsec645.ZIP", message = "rjsec645")~~RJStevensMusicPresentationCreator.Program~0000002906
2024-12-15 09:59:02.3294~DEBUG~-> ExtractAllFromFile(zipFileName = "C:\Users\cofc_\AppData\Local\Temp\tmp486F.tmp\rjsec645.ZIP", decompressedFolder = "C:\Users\cofc_\AppData\Local\Temp\tmp4A45.tmp", message = "rjsec645")~~RJStevensMusicPresentationCreator.Program~0000002907
2024-12-15 09:59:02.6584~DEBUG~extract completed~~RJStevensMusicPresentationCreator.Program~0000002908
2024-12-15 09:59:02.6584~DEBUG~<- ExtractAllFromFile(zipFileName = "C:\Users\cofc_\AppData\Local\Temp\tmp486F.tmp\rjsec645.ZIP", decompressedFolder = "C:\Users\cofc_\AppData\Local\Temp\tmp4A45.tmp", message = "rjsec645")~~RJStevensMusicPresentationCreator.Program~0000002909
2024-12-15 09:59:02.7424~DEBUG~-> DownloadFile(url = "https://faas-nyc1-2ef2e6cc.doserverless.co/api/v1/web/fn-dd7f8f6a-d32a-4f5e-ae7b-870dfb7963f3/downloads/bundle?id=000000000000655", filename = "C:\Users\cofc_\AppData\Local\Temp\tmp4BDC.tmp\rjsec646.ZIP", message = "rjsec646")~~RJStevensMusicPresentationCreator.Program~0000002910
2024-12-15 09:59:03.1675~DEBUG~download completed~~RJStevensMusicPresentationCreator.Program~0000002911
2024-12-15 09:59:03.1675~DEBUG~<- DownloadFile(url = "https://faas-nyc1-2ef2e6cc.doserverless.co/api/v1/web/fn-dd7f8f6a-d32a-4f5e-ae7b-870dfb7963f3/downloads/bundle?id=000000000000655", filename = "C:\Users\cofc_\AppData\Local\Temp\tmp4BDC.tmp\rjsec646.ZIP", message = "rjsec646")~~RJStevensMusicPresentationCreator.Program~0000002912
2024-12-15 09:59:03.1915~DEBUG~-> ExtractAllFromFile(zipFileName = "C:\Users\cofc_\AppData\Local\Temp\tmp4BDC.tmp\rjsec646.ZIP", decompressedFolder = "C:\Users\cofc_\AppData\Local\Temp\tmp4DA2.tmp", message = "rjsec646")~~RJStevensMusicPresentationCreator.Program~0000002913
2024-12-15 09:59:03.4305~DEBUG~extract completed~~RJStevensMusicPresentationCreator.Program~0000002914
2024-12-15 09:59:03.4335~DEBUG~<- ExtractAllFromFile(zipFileName = "C:\Users\cofc_\AppData\Local\Temp\tmp4BDC.tmp\rjsec646.ZIP", decompressedFolder = "C:\Users\cofc_\AppData\Local\Temp\tmp4DA2.tmp", message = "rjsec646")~~RJStevensMusicPresentationCreator.Program~0000002915
2024-12-15 09:59:03.5035~DEBUG~-> DownloadFile(url = "https://faas-nyc1-2ef2e6cc.doserverless.co/api/v1/web/fn-dd7f8f6a-d32a-4f5e-ae7b-870dfb7963f3/downloads/bundle?id=000000000000657", filename = "C:\Users\cofc_\AppData\Local\Temp\tmp4EDB.tmp\rjsec648.ZIP", message = "rjsec648")~~RJStevensMusicPresentationCreator.Program~0000002916
2024-12-15 09:59:03.9005~DEBUG~download completed~~RJStevensMusicPresentationCreator.Program~0000002917
2024-12-15 09:59:03.9005~DEBUG~<- DownloadFile(url = "https://faas-nyc1-2ef2e6cc.doserverless.co/api/v1/web/fn-dd7f8f6a-d32a-4f5e-ae7b-870dfb7963f3/downloads/bundle?id=000000000000657", filename = "C:\Users\cofc_\AppData\Local\Temp\tmp4EDB.tmp\rjsec648.ZIP", message = "rjsec648")~~RJStevensMusicPresentationCreator.Program~0000002918
2024-12-15 09:59:03.9235~DEBUG~-> ExtractAllFromFile(zipFileName = "C:\Users\cofc_\AppData\Local\Temp\tmp4EDB.tmp\rjsec648.ZIP", decompressedFolder = "C:\Users\cofc_\AppData\Local\Temp\tmp5082.tmp", message = "rjsec648")~~RJStevensMusicPresentationCreator.Program~0000002919
2024-12-15 09:59:04.1226~DEBUG~extract completed~~RJStevensMusicPresentationCreator.Program~0000002920
2024-12-15 09:59:04.1226~DEBUG~<- ExtractAllFromFile(zipFileName = "C:\Users\cofc_\AppData\Local\Temp\tmp4EDB.tmp\rjsec648.ZIP", decompressedFolder = "C:\Users\cofc_\AppData\Local\Temp\tmp5082.tmp", message = "rjsec648")~~RJStevensMusicPresentationCreator.Program~0000002921
2024-12-15 09:59:04.1906~DEBUG~-> DownloadFile(url = "https://faas-nyc1-2ef2e6cc.doserverless.co/api/v1/web/fn-dd7f8f6a-d32a-4f5e-ae7b-870dfb7963f3/downloads/bundle?id=000000000000658", filename = "C:\Users\cofc_\AppData\Local\Temp\tmp518D.tmp\rjsec649.ZIP", message = "rjsec649")~~RJStevensMusicPresentationCreator.Program~0000002922
2024-12-15 09:59:04.6286~DEBUG~download completed~~RJStevensMusicPresentationCreator.Program~0000002923
2024-12-15 09:59:04.6286~DEBUG~<- DownloadFile(url = "https://faas-nyc1-2ef2e6cc.doserverless.co/api/v1/web/fn-dd7f8f6a-d32a-4f5e-ae7b-870dfb7963f3/downloads/bundle?id=000000000000658", filename = "C:\Users\cofc_\AppData\Local\Temp\tmp518D.tmp\rjsec649.ZIP", message = "rjsec649")~~RJStevensMusicPresentationCreator.Program~0000002924
2024-12-15 09:59:04.6456~DEBUG~-> ExtractAllFromFile(zipFileName = "C:\Users\cofc_\AppData\Local\Temp\tmp518D.tmp\rjsec649.ZIP", decompressedFolder = "C:\Users\cofc_\AppData\Local\Temp\tmp5353.tmp", message = "rjsec649")~~RJStevensMusicPresentationCreator.Program~0000002925
2024-12-15 09:59:04.9737~DEBUG~extract completed~~RJStevensMusicPresentationCreator.Program~0000002926
2024-12-15 09:59:04.9737~DEBUG~<- ExtractAllFromFile(zipFileName = "C:\Users\cofc_\AppData\Local\Temp\tmp518D.tmp\rjsec649.ZIP", decompressedFolder = "C:\Users\cofc_\AppData\Local\Temp\tmp5353.tmp", message = "rjsec649")~~RJStevensMusicPresentationCreator.Program~0000002927
2024-12-15 09:59:05.0487~DEBUG~-> DownloadFile(url = "https://faas-nyc1-2ef2e6cc.doserverless.co/api/v1/web/fn-dd7f8f6a-d32a-4f5e-ae7b-870dfb7963f3/downloads/bundle?id=000000000000662", filename = "C:\Users\cofc_\AppData\Local\Temp\tmp54EA.tmp\rjsec653.ZIP", message = "rjsec653")~~RJStevensMusicPresentationCreator.Program~0000002928
2024-12-15 09:59:05.5744~DEBUG~download completed~~RJStevensMusicPresentationCreator.Program~0000002929
2024-12-15 09:59:05.5744~DEBUG~<- DownloadFile(url = "https://faas-nyc1-2ef2e6cc.doserverless.co/api/v1/web/fn-dd7f8f6a-d32a-4f5e-ae7b-870dfb7963f3/downloads/bundle?id=000000000000662", filename = "C:\Users\cofc_\AppData\Local\Temp\tmp54EA.tmp\rjsec653.ZIP", message = "rjsec653")~~RJStevensMusicPresentationCreator.Program~0000002930
2024-12-15 09:59:05.5944~DEBUG~-> ExtractAllFromFile(zipFileName = "C:\Users\cofc_\AppData\Local\Temp\tmp54EA.tmp\rjsec653.ZIP", decompressedFolder = "C:\Users\cofc_\AppData\Local\Temp\tmp570E.tmp", message = "rjsec653")~~RJStevensMusicPresentationCreator.Program~0000002931
2024-12-15 09:59:05.8957~DEBUG~extract completed~~RJStevensMusicPresentationCreator.Program~0000002932
2024-12-15 09:59:05.8957~DEBUG~<- ExtractAllFromFile(zipFileName = "C:\Users\cofc_\AppData\Local\Temp\tmp54EA.tmp\rjsec653.ZIP", decompressedFolder = "C:\Users\cofc_\AppData\Local\Temp\tmp570E.tmp", message = "rjsec653")~~RJStevensMusicPresentationCreator.Program~0000002933
2024-12-15 09:59:05.9837~DEBUG~-> DownloadFile(url = "https://faas-nyc1-2ef2e6cc.doserverless.co/api/v1/web/fn-dd7f8f6a-d32a-4f5e-ae7b-870dfb7963f3/downloads/bundle?id=000000000000668", filename = "C:\Users\cofc_\AppData\Local\Temp\tmp5896.tmp\rjsec659.ZIP", message = "rjsec659")~~RJStevensMusicPresentationCreator.Program~0000002934
2024-12-15 09:59:06.4397~DEBUG~download completed~~RJStevensMusicPresentationCreator.Program~0000002935
2024-12-15 09:59:06.4397~DEBUG~<- DownloadFile(url = "https://faas-nyc1-2ef2e6cc.doserverless.co/api/v1/web/fn-dd7f8f6a-d32a-4f5e-ae7b-870dfb7963f3/downloads/bundle?id=000000000000668", filename = "C:\Users\cofc_\AppData\Local\Temp\tmp5896.tmp\rjsec659.ZIP", message = "rjsec659")~~RJStevensMusicPresentationCreator.Program~0000002936
2024-12-15 09:59:06.4547~DEBUG~-> ExtractAllFromFile(zipFileName = "C:\Users\cofc_\AppData\Local\Temp\tmp5896.tmp\rjsec659.ZIP", decompressedFolder = "C:\Users\cofc_\AppData\Local\Temp\tmp5A6C.tmp", message = "rjsec659")~~RJStevensMusicPresentationCreator.Program~0000002937
2024-12-15 09:59:06.6949~DEBUG~extract completed~~RJStevensMusicPresentationCreator.Program~0000002938
2024-12-15 09:59:06.6979~DEBUG~<- ExtractAllFromFile(zipFileName = "C:\Users\cofc_\AppData\Local\Temp\tmp5896.tmp\rjsec659.ZIP", decompressedFolder = "C:\Users\cofc_\AppData\Local\Temp\tmp5A6C.tmp", message = "rjsec659")~~RJStevensMusicPresentationCreator.Program~0000002939
2024-12-15 09:59:06.7719~DEBUG~-> DownloadFile(url = "https://faas-nyc1-2ef2e6cc.doserverless.co/api/v1/web/fn-dd7f8f6a-d32a-4f5e-ae7b-870dfb7963f3/downloads/bundle?id=000000000000669", filename = "C:\Users\cofc_\AppData\Local\Temp\tmp5BA5.tmp\rjsec660.ZIP", message = "rjsec660")~~RJStevensMusicPresentationCreator.Program~0000002940
2024-12-15 09:59:07.1970~DEBUG~download completed~~RJStevensMusicPresentationCreator.Program~0000002941
2024-12-15 09:59:07.1980~DEBUG~<- DownloadFile(url = "https://faas-nyc1-2ef2e6cc.doserverless.co/api/v1/web/fn-dd7f8f6a-d32a-4f5e-ae7b-870dfb7963f3/downloads/bundle?id=000000000000669", filename = "C:\Users\cofc_\AppData\Local\Temp\tmp5BA5.tmp\rjsec660.ZIP", message = "rjsec660")~~RJStevensMusicPresentationCreator.Program~0000002942
2024-12-15 09:59:07.1980~DEBUG~-> ExtractAllFromFile(zipFileName = "C:\Users\cofc_\AppData\Local\Temp\tmp5BA5.tmp\rjsec660.ZIP", decompressedFolder = "C:\Users\cofc_\AppData\Local\Temp\tmp5D5C.tmp", message = "rjsec660")~~RJStevensMusicPresentationCreator.Program~0000002943
2024-12-15 09:59:07.4330~DEBUG~extract completed~~RJStevensMusicPresentationCreator.Program~0000002944
2024-12-15 09:59:07.4330~DEBUG~<- ExtractAllFromFile(zipFileName = "C:\Users\cofc_\AppData\Local\Temp\tmp5BA5.tmp\rjsec660.ZIP", decompressedFolder = "C:\Users\cofc_\AppData\Local\Temp\tmp5D5C.tmp", message = "rjsec660")~~RJStevensMusicPresentationCreator.Program~0000002945
2024-12-15 09:59:07.5060~DEBUG~-> DownloadFile(url = "https://faas-nyc1-2ef2e6cc.doserverless.co/api/v1/web/fn-dd7f8f6a-d32a-4f5e-ae7b-870dfb7963f3/downloads/bundle?id=000000000000670", filename = "C:\Users\cofc_\AppData\Local\Temp\tmp5E85.tmp\rjsec661.ZIP", message = "rjsec661")~~RJStevensMusicPresentationCreator.Program~0000002946
2024-12-15 09:59:07.9800~DEBUG~download completed~~RJStevensMusicPresentationCreator.Program~0000002947
2024-12-15 09:59:07.9800~DEBUG~<- DownloadFile(url = "https://faas-nyc1-2ef2e6cc.doserverless.co/api/v1/web/fn-dd7f8f6a-d32a-4f5e-ae7b-870dfb7963f3/downloads/bundle?id=000000000000670", filename = "C:\Users\cofc_\AppData\Local\Temp\tmp5E85.tmp\rjsec661.ZIP", message = "rjsec661")~~RJStevensMusicPresentationCreator.Program~0000002948
2024-12-15 09:59:08.0010~DEBUG~-> ExtractAllFromFile(zipFileName = "C:\Users\cofc_\AppData\Local\Temp\tmp5E85.tmp\rjsec661.ZIP", decompressedFolder = "C:\Users\cofc_\AppData\Local\Temp\tmp607A.tmp", message = "rjsec661")~~RJStevensMusicPresentationCreator.Program~0000002949
2024-12-15 09:59:08.3405~DEBUG~extract completed~~RJStevensMusicPresentationCreator.Program~0000002950
2024-12-15 09:59:08.3405~DEBUG~<- ExtractAllFromFile(zipFileName = "C:\Users\cofc_\AppData\Local\Temp\tmp5E85.tmp\rjsec661.ZIP", decompressedFolder = "C:\Users\cofc_\AppData\Local\Temp\tmp607A.tmp", message = "rjsec661")~~RJStevensMusicPresentationCreator.Program~0000002951
2024-12-15 09:59:08.4285~DEBUG~-> DownloadFile(url = "https://faas-nyc1-2ef2e6cc.doserverless.co/api/v1/web/fn-dd7f8f6a-d32a-4f5e-ae7b-870dfb7963f3/downloads/bundle?id=000000000000672", filename = "C:\Users\cofc_\AppData\Local\Temp\tmp6221.tmp\rjsec663.ZIP", message = "rjsec663")~~RJStevensMusicPresentationCreator.Program~0000002952
2024-12-15 09:59:08.8866~DEBUG~download completed~~RJStevensMusicPresentationCreator.Program~0000002953
2024-12-15 09:59:08.8866~DEBUG~<- DownloadFile(url = "https://faas-nyc1-2ef2e6cc.doserverless.co/api/v1/web/fn-dd7f8f6a-d32a-4f5e-ae7b-870dfb7963f3/downloads/bundle?id=000000000000672", filename = "C:\Users\cofc_\AppData\Local\Temp\tmp6221.tmp\rjsec663.ZIP", message = "rjsec663")~~RJStevensMusicPresentationCreator.Program~0000002954
2024-12-15 09:59:08.9006~DEBUG~-> ExtractAllFromFile(zipFileName = "C:\Users\cofc_\AppData\Local\Temp\tmp6221.tmp\rjsec663.ZIP", decompressedFolder = "C:\Users\cofc_\AppData\Local\Temp\tmp63F7.tmp", message = "rjsec663")~~RJStevensMusicPresentationCreator.Program~0000002955
2024-12-15 09:59:09.2511~DEBUG~extract completed~~RJStevensMusicPresentationCreator.Program~0000002956
2024-12-15 09:59:09.2511~DEBUG~<- ExtractAllFromFile(zipFileName = "C:\Users\cofc_\AppData\Local\Temp\tmp6221.tmp\rjsec663.ZIP", decompressedFolder = "C:\Users\cofc_\AppData\Local\Temp\tmp63F7.tmp", message = "rjsec663")~~RJStevensMusicPresentationCreator.Program~0000002957
2024-12-15 09:59:09.3461~DEBUG~-> DownloadFile(url = "https://faas-nyc1-2ef2e6cc.doserverless.co/api/v1/web/fn-dd7f8f6a-d32a-4f5e-ae7b-870dfb7963f3/downloads/bundle?id=000000000000678", filename = "C:\Users\cofc_\AppData\Local\Temp\tmp65BD.tmp\rjsec669.ZIP", message = "rjsec669")~~RJStevensMusicPresentationCreator.Program~0000002958
2024-12-15 09:59:09.7761~DEBUG~download completed~~RJStevensMusicPresentationCreator.Program~0000002959
2024-12-15 09:59:09.7761~DEBUG~<- DownloadFile(url = "https://faas-nyc1-2ef2e6cc.doserverless.co/api/v1/web/fn-dd7f8f6a-d32a-4f5e-ae7b-870dfb7963f3/downloads/bundle?id=000000000000678", filename = "C:\Users\cofc_\AppData\Local\Temp\tmp65BD.tmp\rjsec669.ZIP", message = "rjsec669")~~RJStevensMusicPresentationCreator.Program~0000002960
2024-12-15 09:59:09.7961~DEBUG~-> ExtractAllFromFile(zipFileName = "C:\Users\cofc_\AppData\Local\Temp\tmp65BD.tmp\rjsec669.ZIP", decompressedFolder = "C:\Users\cofc_\AppData\Local\Temp\tmp6783.tmp", message = "rjsec669")~~RJStevensMusicPresentationCreator.Program~0000002961
2024-12-15 09:59:09.9292~DEBUG~extract completed~~RJStevensMusicPresentationCreator.Program~0000002962
2024-12-15 09:59:09.9322~DEBUG~<- ExtractAllFromFile(zipFileName = "C:\Users\cofc_\AppData\Local\Temp\tmp65BD.tmp\rjsec669.ZIP", decompressedFolder = "C:\Users\cofc_\AppData\Local\Temp\tmp6783.tmp", message = "rjsec669")~~RJStevensMusicPresentationCreator.Program~0000002963
2024-12-15 09:59:09.9912~DEBUG~-> DownloadFile(url = "https://faas-nyc1-2ef2e6cc.doserverless.co/api/v1/web/fn-dd7f8f6a-d32a-4f5e-ae7b-870dfb7963f3/downloads/bundle?id=000000000000679", filename = "C:\Users\cofc_\AppData\Local\Temp\tmp6840.tmp\rjsec670.ZIP", message = "rjsec670")~~RJStevensMusicPresentationCreator.Program~0000002964
2024-12-15 09:59:10.4242~DEBUG~download completed~~RJStevensMusicPresentationCreator.Program~0000002965
2024-12-15 09:59:10.4242~DEBUG~<- DownloadFile(url = "https://faas-nyc1-2ef2e6cc.doserverless.co/api/v1/web/fn-dd7f8f6a-d32a-4f5e-ae7b-870dfb7963f3/downloads/bundle?id=000000000000679", filename = "C:\Users\cofc_\AppData\Local\Temp\tmp6840.tmp\rjsec670.ZIP", message = "rjsec670")~~RJStevensMusicPresentationCreator.Program~0000002966
2024-12-15 09:59:10.4432~DEBUG~-> ExtractAllFromFile(zipFileName = "C:\Users\cofc_\AppData\Local\Temp\tmp6840.tmp\rjsec670.ZIP", decompressedFolder = "C:\Users\cofc_\AppData\Local\Temp\tmp6A06.tmp", message = "rjsec670")~~RJStevensMusicPresentationCreator.Program~0000002967
2024-12-15 09:59:10.6656~DEBUG~extract completed~~RJStevensMusicPresentationCreator.Program~0000002968
2024-12-15 09:59:10.6696~DEBUG~<- ExtractAllFromFile(zipFileName = "C:\Users\cofc_\AppData\Local\Temp\tmp6840.tmp\rjsec670.ZIP", decompressedFolder = "C:\Users\cofc_\AppData\Local\Temp\tmp6A06.tmp", message = "rjsec670")~~RJStevensMusicPresentationCreator.Program~0000002969
2024-12-15 09:59:10.7346~DEBUG~-> DownloadFile(url = "https://faas-nyc1-2ef2e6cc.doserverless.co/api/v1/web/fn-dd7f8f6a-d32a-4f5e-ae7b-870dfb7963f3/downloads/bundle?id=000000000000680", filename = "C:\Users\cofc_\AppData\Local\Temp\tmp6B30.tmp\rjsec670.7.ZIP", message = "rjsec670.7")~~RJStevensMusicPresentationCreator.Program~0000002970
2024-12-15 09:59:11.1977~DEBUG~download completed~~RJStevensMusicPresentationCreator.Program~0000002971
2024-12-15 09:59:11.1977~DEBUG~<- DownloadFile(url = "https://faas-nyc1-2ef2e6cc.doserverless.co/api/v1/web/fn-dd7f8f6a-d32a-4f5e-ae7b-870dfb7963f3/downloads/bundle?id=000000000000680", filename = "C:\Users\cofc_\AppData\Local\Temp\tmp6B30.tmp\rjsec670.7.ZIP", message = "rjsec670.7")~~RJStevensMusicPresentationCreator.Program~0000002972
2024-12-15 09:59:11.2167~DEBUG~-> ExtractAllFromFile(zipFileName = "C:\Users\cofc_\AppData\Local\Temp\tmp6B30.tmp\rjsec670.7.ZIP", decompressedFolder = "C:\Users\cofc_\AppData\Local\Temp\tmp6D15.tmp", message = "rjsec670.7")~~RJStevensMusicPresentationCreator.Program~0000002973
2024-12-15 09:59:11.4487~DEBUG~extract completed~~RJStevensMusicPresentationCreator.Program~0000002974
2024-12-15 09:59:11.4487~DEBUG~<- ExtractAllFromFile(zipFileName = "C:\Users\cofc_\AppData\Local\Temp\tmp6B30.tmp\rjsec670.7.ZIP", decompressedFolder = "C:\Users\cofc_\AppData\Local\Temp\tmp6D15.tmp", message = "rjsec670.7")~~RJStevensMusicPresentationCreator.Program~0000002975
2024-12-15 09:59:11.5347~DEBUG~-> DownloadFile(url = "https://faas-nyc1-2ef2e6cc.doserverless.co/api/v1/web/fn-dd7f8f6a-d32a-4f5e-ae7b-870dfb7963f3/downloads/bundle?id=000000000000686", filename = "C:\Users\cofc_\AppData\Local\Temp\tmp6E4F.tmp\rjsec676.ZIP", message = "rjsec676")~~RJStevensMusicPresentationCreator.Program~0000002976
2024-12-15 09:59:12.0867~DEBUG~download completed~~RJStevensMusicPresentationCreator.Program~0000002977
2024-12-15 09:59:12.0867~DEBUG~<- DownloadFile(url = "https://faas-nyc1-2ef2e6cc.doserverless.co/api/v1/web/fn-dd7f8f6a-d32a-4f5e-ae7b-870dfb7963f3/downloads/bundle?id=000000000000686", filename = "C:\Users\cofc_\AppData\Local\Temp\tmp6E4F.tmp\rjsec676.ZIP", message = "rjsec676")~~RJStevensMusicPresentationCreator.Program~0000002978
2024-12-15 09:59:12.1017~DEBUG~-> ExtractAllFromFile(zipFileName = "C:\Users\cofc_\AppData\Local\Temp\tmp6E4F.tmp\rjsec676.ZIP", decompressedFolder = "C:\Users\cofc_\AppData\Local\Temp\tmp7082.tmp", message = "rjsec676")~~RJStevensMusicPresentationCreator.Program~0000002979
2024-12-15 09:59:12.3718~DEBUG~extract completed~~RJStevensMusicPresentationCreator.Program~0000002980
2024-12-15 09:59:12.3718~DEBUG~<- ExtractAllFromFile(zipFileName = "C:\Users\cofc_\AppData\Local\Temp\tmp6E4F.tmp\rjsec676.ZIP", decompressedFolder = "C:\Users\cofc_\AppData\Local\Temp\tmp7082.tmp", message = "rjsec676")~~RJStevensMusicPresentationCreator.Program~0000002981
2024-12-15 09:59:12.4518~DEBUG~-> DownloadFile(url = "https://faas-nyc1-2ef2e6cc.doserverless.co/api/v1/web/fn-dd7f8f6a-d32a-4f5e-ae7b-870dfb7963f3/downloads/bundle?id=000000000000687", filename = "C:\Users\cofc_\AppData\Local\Temp\tmp71EB.tmp\rjsec677.ZIP", message = "rjsec677")~~RJStevensMusicPresentationCreator.Program~0000002982
2024-12-15 09:59:12.9078~DEBUG~download completed~~RJStevensMusicPresentationCreator.Program~0000002983
2024-12-15 09:59:12.9078~DEBUG~<- DownloadFile(url = "https://faas-nyc1-2ef2e6cc.doserverless.co/api/v1/web/fn-dd7f8f6a-d32a-4f5e-ae7b-870dfb7963f3/downloads/bundle?id=000000000000687", filename = "C:\Users\cofc_\AppData\Local\Temp\tmp71EB.tmp\rjsec677.ZIP", message = "rjsec677")~~RJStevensMusicPresentationCreator.Program~0000002984
2024-12-15 09:59:12.9238~DEBUG~-> ExtractAllFromFile(zipFileName = "C:\Users\cofc_\AppData\Local\Temp\tmp71EB.tmp\rjsec677.ZIP", decompressedFolder = "C:\Users\cofc_\AppData\Local\Temp\tmp73C0.tmp", message = "rjsec677")~~RJStevensMusicPresentationCreator.Program~0000002985
2024-12-15 09:59:13.2288~DEBUG~extract completed~~RJStevensMusicPresentationCreator.Program~0000002986
2024-12-15 09:59:13.2288~DEBUG~<- ExtractAllFromFile(zipFileName = "C:\Users\cofc_\AppData\Local\Temp\tmp71EB.tmp\rjsec677.ZIP", decompressedFolder = "C:\Users\cofc_\AppData\Local\Temp\tmp73C0.tmp", message = "rjsec677")~~RJStevensMusicPresentationCreator.Program~0000002987
2024-12-15 09:59:13.3238~DEBUG~-> DownloadFile(url = "https://faas-nyc1-2ef2e6cc.doserverless.co/api/v1/web/fn-dd7f8f6a-d32a-4f5e-ae7b-870dfb7963f3/downloads/bundle?id=000000000000694", filename = "C:\Users\cofc_\AppData\Local\Temp\tmp7558.tmp\rjsec684.ZIP", message = "rjsec684")~~RJStevensMusicPresentationCreator.Program~0000002988
2024-12-15 09:59:13.7779~DEBUG~download completed~~RJStevensMusicPresentationCreator.Program~0000002989
2024-12-15 09:59:13.7779~DEBUG~<- DownloadFile(url = "https://faas-nyc1-2ef2e6cc.doserverless.co/api/v1/web/fn-dd7f8f6a-d32a-4f5e-ae7b-870dfb7963f3/downloads/bundle?id=000000000000694", filename = "C:\Users\cofc_\AppData\Local\Temp\tmp7558.tmp\rjsec684.ZIP", message = "rjsec684")~~RJStevensMusicPresentationCreator.Program~0000002990
2024-12-15 09:59:13.7969~DEBUG~-> ExtractAllFromFile(zipFileName = "C:\Users\cofc_\AppData\Local\Temp\tmp7558.tmp\rjsec684.ZIP", decompressedFolder = "C:\Users\cofc_\AppData\Local\Temp\tmp772D.tmp", message = "rjsec684")~~RJStevensMusicPresentationCreator.Program~0000002991
2024-12-15 09:59:14.2122~DEBUG~extract completed~~RJStevensMusicPresentationCreator.Program~0000002992
2024-12-15 09:59:14.2152~DEBUG~<- ExtractAllFromFile(zipFileName = "C:\Users\cofc_\AppData\Local\Temp\tmp7558.tmp\rjsec684.ZIP", decompressedFolder = "C:\Users\cofc_\AppData\Local\Temp\tmp772D.tmp", message = "rjsec684")~~RJStevensMusicPresentationCreator.Program~0000002993
2024-12-15 09:59:14.3122~DEBUG~-> DownloadFile(url = "https://faas-nyc1-2ef2e6cc.doserverless.co/api/v1/web/fn-dd7f8f6a-d32a-4f5e-ae7b-870dfb7963f3/downloads/bundle?id=000000000000695", filename = "C:\Users\cofc_\AppData\Local\Temp\tmp7932.tmp\rjsec685.ZIP", message = "rjsec685")~~RJStevensMusicPresentationCreator.Program~0000002994
2024-12-15 09:59:14.7562~DEBUG~download completed~~RJStevensMusicPresentationCreator.Program~0000002995
2024-12-15 09:59:14.7562~DEBUG~<- DownloadFile(url = "https://faas-nyc1-2ef2e6cc.doserverless.co/api/v1/web/fn-dd7f8f6a-d32a-4f5e-ae7b-870dfb7963f3/downloads/bundle?id=000000000000695", filename = "C:\Users\cofc_\AppData\Local\Temp\tmp7932.tmp\rjsec685.ZIP", message = "rjsec685")~~RJStevensMusicPresentationCreator.Program~0000002996
2024-12-15 09:59:14.7732~DEBUG~-> ExtractAllFromFile(zipFileName = "C:\Users\cofc_\AppData\Local\Temp\tmp7932.tmp\rjsec685.ZIP", decompressedFolder = "C:\Users\cofc_\AppData\Local\Temp\tmp7AF8.tmp", message = "rjsec685")~~RJStevensMusicPresentationCreator.Program~0000002997
2024-12-15 09:59:15.1442~DEBUG~extract completed~~RJStevensMusicPresentationCreator.Program~0000002998
2024-12-15 09:59:15.1442~DEBUG~<- ExtractAllFromFile(zipFileName = "C:\Users\cofc_\AppData\Local\Temp\tmp7932.tmp\rjsec685.ZIP", decompressedFolder = "C:\Users\cofc_\AppData\Local\Temp\tmp7AF8.tmp", message = "rjsec685")~~RJStevensMusicPresentationCreator.Program~0000002999
2024-12-15 09:59:15.2352~DEBUG~-> DownloadFile(url = "https://faas-nyc1-2ef2e6cc.doserverless.co/api/v1/web/fn-dd7f8f6a-d32a-4f5e-ae7b-870dfb7963f3/downloads/bundle?id=000000000000699", filename = "C:\Users\cofc_\AppData\Local\Temp\tmp7CCE.tmp\rjsec689.ZIP", message = "rjsec689")~~RJStevensMusicPresentationCreator.Program~0000003000
2024-12-15 09:59:15.6973~DEBUG~download completed~~RJStevensMusicPresentationCreator.Program~0000003001
2024-12-15 09:59:15.6973~DEBUG~<- DownloadFile(url = "https://faas-nyc1-2ef2e6cc.doserverless.co/api/v1/web/fn-dd7f8f6a-d32a-4f5e-ae7b-870dfb7963f3/downloads/bundle?id=000000000000699", filename = "C:\Users\cofc_\AppData\Local\Temp\tmp7CCE.tmp\rjsec689.ZIP", message = "rjsec689")~~RJStevensMusicPresentationCreator.Program~0000003002
2024-12-15 09:59:15.7153~DEBUG~-> ExtractAllFromFile(zipFileName = "C:\Users\cofc_\AppData\Local\Temp\tmp7CCE.tmp\rjsec689.ZIP", decompressedFolder = "C:\Users\cofc_\AppData\Local\Temp\tmp7EB3.tmp", message = "rjsec689")~~RJStevensMusicPresentationCreator.Program~0000003003
2024-12-15 09:59:16.0723~DEBUG~extract completed~~RJStevensMusicPresentationCreator.Program~0000003004
2024-12-15 09:59:16.0723~DEBUG~<- ExtractAllFromFile(zipFileName = "C:\Users\cofc_\AppData\Local\Temp\tmp7CCE.tmp\rjsec689.ZIP", decompressedFolder = "C:\Users\cofc_\AppData\Local\Temp\tmp7EB3.tmp", message = "rjsec689")~~RJStevensMusicPresentationCreator.Program~0000003005
2024-12-15 09:59:16.1643~DEBUG~-> DownloadFile(url = "https://faas-nyc1-2ef2e6cc.doserverless.co/api/v1/web/fn-dd7f8f6a-d32a-4f5e-ae7b-870dfb7963f3/downloads/bundle?id=000000000000700", filename = "C:\Users\cofc_\AppData\Local\Temp\tmp806A.tmp\rjsec690.ZIP", message = "rjsec690")~~RJStevensMusicPresentationCreator.Program~0000003006
2024-12-15 09:59:16.6194~DEBUG~download completed~~RJStevensMusicPresentationCreator.Program~0000003007
2024-12-15 09:59:16.6194~DEBUG~<- DownloadFile(url = "https://faas-nyc1-2ef2e6cc.doserverless.co/api/v1/web/fn-dd7f8f6a-d32a-4f5e-ae7b-870dfb7963f3/downloads/bundle?id=000000000000700", filename = "C:\Users\cofc_\AppData\Local\Temp\tmp806A.tmp\rjsec690.ZIP", message = "rjsec690")~~RJStevensMusicPresentationCreator.Program~0000003008
2024-12-15 09:59:16.6194~DEBUG~-> ExtractAllFromFile(zipFileName = "C:\Users\cofc_\AppData\Local\Temp\tmp806A.tmp\rjsec690.ZIP", decompressedFolder = "C:\Users\cofc_\AppData\Local\Temp\tmp823F.tmp", message = "rjsec690")~~RJStevensMusicPresentationCreator.Program~0000003009
2024-12-15 09:59:17.0095~DEBUG~extract completed~~RJStevensMusicPresentationCreator.Program~0000003010
2024-12-15 09:59:17.0145~DEBUG~<- ExtractAllFromFile(zipFileName = "C:\Users\cofc_\AppData\Local\Temp\tmp806A.tmp\rjsec690.ZIP", decompressedFolder = "C:\Users\cofc_\AppData\Local\Temp\tmp823F.tmp", message = "rjsec690")~~RJStevensMusicPresentationCreator.Program~0000003011
2024-12-15 09:59:17.0935~DEBUG~-> DownloadFile(url = "https://faas-nyc1-2ef2e6cc.doserverless.co/api/v1/web/fn-dd7f8f6a-d32a-4f5e-ae7b-870dfb7963f3/downloads/bundle?id=000000000000701", filename = "C:\Users\cofc_\AppData\Local\Temp\tmp8415.tmp\rjsec691.ZIP", message = "rjsec691")~~RJStevensMusicPresentationCreator.Program~0000003012
2024-12-15 09:59:17.5376~DEBUG~download completed~~RJStevensMusicPresentationCreator.Program~0000003013
2024-12-15 09:59:17.5376~DEBUG~<- DownloadFile(url = "https://faas-nyc1-2ef2e6cc.doserverless.co/api/v1/web/fn-dd7f8f6a-d32a-4f5e-ae7b-870dfb7963f3/downloads/bundle?id=000000000000701", filename = "C:\Users\cofc_\AppData\Local\Temp\tmp8415.tmp\rjsec691.ZIP", message = "rjsec691")~~RJStevensMusicPresentationCreator.Program~0000003014
2024-12-15 09:59:17.5546~DEBUG~-> ExtractAllFromFile(zipFileName = "C:\Users\cofc_\AppData\Local\Temp\tmp8415.tmp\rjsec691.ZIP", decompressedFolder = "C:\Users\cofc_\AppData\Local\Temp\tmp85DB.tmp", message = "rjsec691")~~RJStevensMusicPresentationCreator.Program~0000003015
2024-12-15 09:59:17.8996~DEBUG~extract completed~~RJStevensMusicPresentationCreator.Program~0000003016
2024-12-15 09:59:17.9036~DEBUG~<- ExtractAllFromFile(zipFileName = "C:\Users\cofc_\AppData\Local\Temp\tmp8415.tmp\rjsec691.ZIP", decompressedFolder = "C:\Users\cofc_\AppData\Local\Temp\tmp85DB.tmp", message = "rjsec691")~~RJStevensMusicPresentationCreator.Program~0000003017
2024-12-15 09:59:17.9896~DEBUG~-> DownloadFile(url = "https://faas-nyc1-2ef2e6cc.doserverless.co/api/v1/web/fn-dd7f8f6a-d32a-4f5e-ae7b-870dfb7963f3/downloads/bundle?id=000000000000703", filename = "C:\Users\cofc_\AppData\Local\Temp\tmp8792.tmp\rjsec693.ZIP", message = "rjsec693")~~RJStevensMusicPresentationCreator.Program~0000003018
2024-12-15 09:59:18.4897~DEBUG~download completed~~RJStevensMusicPresentationCreator.Program~0000003019
2024-12-15 09:59:18.4897~DEBUG~<- DownloadFile(url = "https://faas-nyc1-2ef2e6cc.doserverless.co/api/v1/web/fn-dd7f8f6a-d32a-4f5e-ae7b-870dfb7963f3/downloads/bundle?id=000000000000703", filename = "C:\Users\cofc_\AppData\Local\Temp\tmp8792.tmp\rjsec693.ZIP", message = "rjsec693")~~RJStevensMusicPresentationCreator.Program~0000003020
2024-12-15 09:59:18.5097~DEBUG~-> ExtractAllFromFile(zipFileName = "C:\Users\cofc_\AppData\Local\Temp\tmp8792.tmp\rjsec693.ZIP", decompressedFolder = "C:\Users\cofc_\AppData\Local\Temp\tmp8996.tmp", message = "rjsec693")~~RJStevensMusicPresentationCreator.Program~0000003021
2024-12-15 09:59:18.8600~DEBUG~extract completed~~RJStevensMusicPresentationCreator.Program~0000003022
2024-12-15 09:59:18.8600~DEBUG~<- ExtractAllFromFile(zipFileName = "C:\Users\cofc_\AppData\Local\Temp\tmp8792.tmp\rjsec693.ZIP", decompressedFolder = "C:\Users\cofc_\AppData\Local\Temp\tmp8996.tmp", message = "rjsec693")~~RJStevensMusicPresentationCreator.Program~0000003023
2024-12-15 09:59:18.9480~DEBUG~-> DownloadFile(url = "https://faas-nyc1-2ef2e6cc.doserverless.co/api/v1/web/fn-dd7f8f6a-d32a-4f5e-ae7b-870dfb7963f3/downloads/bundle?id=000000000000704", filename = "C:\Users\cofc_\AppData\Local\Temp\tmp8B4D.tmp\rjsec694.ZIP", message = "rjsec694")~~RJStevensMusicPresentationCreator.Program~0000003024
2024-12-15 09:59:19.3521~DEBUG~download completed~~RJStevensMusicPresentationCreator.Program~0000003025
2024-12-15 09:59:19.3521~DEBUG~<- DownloadFile(url = "https://faas-nyc1-2ef2e6cc.doserverless.co/api/v1/web/fn-dd7f8f6a-d32a-4f5e-ae7b-870dfb7963f3/downloads/bundle?id=000000000000704", filename = "C:\Users\cofc_\AppData\Local\Temp\tmp8B4D.tmp\rjsec694.ZIP", message = "rjsec694")~~RJStevensMusicPresentationCreator.Program~0000003026
2024-12-15 09:59:19.3660~DEBUG~-> ExtractAllFromFile(zipFileName = "C:\Users\cofc_\AppData\Local\Temp\tmp8B4D.tmp\rjsec694.ZIP", decompressedFolder = "C:\Users\cofc_\AppData\Local\Temp\tmp8CF4.tmp", message = "rjsec694")~~RJStevensMusicPresentationCreator.Program~0000003027
2024-12-15 09:59:19.5431~DEBUG~extract completed~~RJStevensMusicPresentationCreator.Program~0000003028
2024-12-15 09:59:19.5431~DEBUG~<- ExtractAllFromFile(zipFileName = "C:\Users\cofc_\AppData\Local\Temp\tmp8B4D.tmp\rjsec694.ZIP", decompressedFolder = "C:\Users\cofc_\AppData\Local\Temp\tmp8CF4.tmp", message = "rjsec694")~~RJStevensMusicPresentationCreator.Program~0000003029
2024-12-15 09:59:19.6151~DEBUG~-> DownloadFile(url = "https://faas-nyc1-2ef2e6cc.doserverless.co/api/v1/web/fn-dd7f8f6a-d32a-4f5e-ae7b-870dfb7963f3/downloads/bundle?id=000000000000705", filename = "C:\Users\cofc_\AppData\Local\Temp\tmp8DEF.tmp\rjsec695.ZIP", message = "rjsec695")~~RJStevensMusicPresentationCreator.Program~0000003030
2024-12-15 09:59:20.0331~DEBUG~download completed~~RJStevensMusicPresentationCreator.Program~0000003031
2024-12-15 09:59:20.0331~DEBUG~<- DownloadFile(url = "https://faas-nyc1-2ef2e6cc.doserverless.co/api/v1/web/fn-dd7f8f6a-d32a-4f5e-ae7b-870dfb7963f3/downloads/bundle?id=000000000000705", filename = "C:\Users\cofc_\AppData\Local\Temp\tmp8DEF.tmp\rjsec695.ZIP", message = "rjsec695")~~RJStevensMusicPresentationCreator.Program~0000003032
2024-12-15 09:59:20.0451~DEBUG~-> ExtractAllFromFile(zipFileName = "C:\Users\cofc_\AppData\Local\Temp\tmp8DEF.tmp\rjsec695.ZIP", decompressedFolder = "C:\Users\cofc_\AppData\Local\Temp\tmp8FA6.tmp", message = "rjsec695")~~RJStevensMusicPresentationCreator.Program~0000003033
2024-12-15 09:59:20.2330~DEBUG~extract completed~~RJStevensMusicPresentationCreator.Program~0000003034
2024-12-15 09:59:20.2330~DEBUG~<- ExtractAllFromFile(zipFileName = "C:\Users\cofc_\AppData\Local\Temp\tmp8DEF.tmp\rjsec695.ZIP", decompressedFolder = "C:\Users\cofc_\AppData\Local\Temp\tmp8FA6.tmp", message = "rjsec695")~~RJStevensMusicPresentationCreator.Program~0000003035
2024-12-15 09:59:20.2930~DEBUG~-> DownloadFile(url = "https://faas-nyc1-2ef2e6cc.doserverless.co/api/v1/web/fn-dd7f8f6a-d32a-4f5e-ae7b-870dfb7963f3/downloads/bundle?id=000000000000706", filename = "C:\Users\cofc_\AppData\Local\Temp\tmp90A0.tmp\rjsec696.ZIP", message = "rjsec696")~~RJStevensMusicPresentationCreator.Program~0000003036
2024-12-15 09:59:20.7060~DEBUG~download completed~~RJStevensMusicPresentationCreator.Program~0000003037
2024-12-15 09:59:20.7060~DEBUG~<- DownloadFile(url = "https://faas-nyc1-2ef2e6cc.doserverless.co/api/v1/web/fn-dd7f8f6a-d32a-4f5e-ae7b-870dfb7963f3/downloads/bundle?id=000000000000706", filename = "C:\Users\cofc_\AppData\Local\Temp\tmp90A0.tmp\rjsec696.ZIP", message = "rjsec696")~~RJStevensMusicPresentationCreator.Program~0000003038
2024-12-15 09:59:20.7211~DEBUG~-> ExtractAllFromFile(zipFileName = "C:\Users\cofc_\AppData\Local\Temp\tmp90A0.tmp\rjsec696.ZIP", decompressedFolder = "C:\Users\cofc_\AppData\Local\Temp\tmp9247.tmp", message = "rjsec696")~~RJStevensMusicPresentationCreator.Program~0000003039
2024-12-15 09:59:20.9403~DEBUG~extract completed~~RJStevensMusicPresentationCreator.Program~0000003040
2024-12-15 09:59:20.9403~DEBUG~<- ExtractAllFromFile(zipFileName = "C:\Users\cofc_\AppData\Local\Temp\tmp90A0.tmp\rjsec696.ZIP", decompressedFolder = "C:\Users\cofc_\AppData\Local\Temp\tmp9247.tmp", message = "rjsec696")~~RJStevensMusicPresentationCreator.Program~0000003041
2024-12-15 09:59:21.6984~ INFO~AllHymnals Length: 4~~RJStevensMusicPresentationCreator.Program~0000003042
2024-12-15 09:59:21.6984~TRACE~-> AddTemplates()~~RJStevensMusicPresentationCreator.frmSelector~0000003043
2024-12-15 09:59:21.7131~TRACE~<- AddTemplates()~~RJStevensMusicPresentationCreator.frmSelector~0000003044
2024-12-15 09:59:21.7131~FATAL~License Mode: Licensed~~RJStevensMusicPresentationCreator.Program~0000003045
2024-12-15 09:59:21.7131~FATAL~Override to License Mode: Licensed~~RJStevensMusicPresentationCreator.Program~0000003046
2024-12-15 09:59:21.8631~TRACE~-> RunOneTimeUpdates()~~RJStevensMusicPresentationCreator.Program~0000003047
2024-12-15 09:59:21.8631~ INFO~Product Version: 2.3.8843.25471~~RJStevensMusicPresentationCreator.Program~0000003048
2024-12-15 09:59:21.8631~ INFO~Deployment Version: 2.2.0.7~~RJStevensMusicPresentationCreator.Program~0000003049
2024-12-15 09:59:21.8631~TRACE~LastExecutedDeploymentVersion: 0.0.0.0~~RJStevensMusicPresentationCreator.Program~0000003050
2024-12-15 09:59:21.8631~TRACE~<- RunOneTimeUpdates()~~RJStevensMusicPresentationCreator.Program~0000003051
2024-12-15 10:15:53.7340~DEBUG~-- Disable(DisableCount = 0)~~RJStevensMusicPresentationCreator.frmSelector~0000003052
2024-12-15 10:15:53.8420~DEBUG~-- SetMessage(messageText = Preparing slides for the selected hymns...)~~RJStevensMusicPresentationCreator.frmSelector~0000003053
2024-12-15 10:15:53.8560~TRACE~Text changing from '' to 'End of Verse 1'~~RJStevensMusicPresentationCreator.SlideToAdd~0000003054
2024-12-15 10:15:53.8560~TRACE~Text changing from '' to 'End of Verse 2'~~RJStevensMusicPresentationCreator.SlideToAdd~0000003055
2024-12-15 10:15:53.8560~TRACE~Text changing from '' to 'End of Verse 3'~~RJStevensMusicPresentationCreator.SlideToAdd~0000003056
2024-12-15 10:15:53.8560~TRACE~Text changing from '' to 'End of Song'~~RJStevensMusicPresentationCreator.SlideToAdd~0000003057
2024-12-15 10:15:53.8560~DEBUG~-- SetMessage(messageText = )~~RJStevensMusicPresentationCreator.frmSelector~0000003058
2024-12-15 10:15:53.8560~DEBUG~-- Enable(overrideCount = False, DisableCount = 1, NoEnable = False)~~RJStevensMusicPresentationCreator.frmSelector~0000003059
2024-12-15 10:26:15.5271~TRACE~<- Main()~~RJStevensMusicPresentationCreator.Program~0000003060
