EventDateTime~EventLevel~EventMsg~EventException~EventLogger~EventID
2024-12-14 21:54:04.4993~TRACE~-> Main()~~RJStevensMusicPresentationCreator.Program~0000000001
2024-12-14 21:54:04.5383~TRACE~   .Net Framework Version: 4.8~~RJStevensMusicPresentationCreator.Program~0000000002
2024-12-14 21:54:04.5383~TRACE~   OS Version: Windows 10 Enterprise Release 2009 (Build 19045.5247)  64-bit~~RJStevensMusicPresentationCreator.Program~0000000003
2024-12-14 21:54:04.5383~TRACE~   Total RAM Memory: 8.00 GB physical RAM memory~~RJStevensMusicPresentationCreator.Program~0000000004
2024-12-14 21:54:04.5513~ WARN~System.UnauthorizedAccessException: Access to the registry key 'HKEY_LOCAL_MACHINE\Software\R.J. Stevens Music\Hymns for Worship Electronic Edition\2.3.8843.25471' is denied.%CRLF%   at Microsoft.Win32.RegistryKey.Win32Error(Int32 errorCode, String str)%CRLF%   at Microsoft.Win32.RegistryKey.CreateSubKeyInternal(String subkey, RegistryKeyPermissionCheck permissionCheck, Object registrySecurityObj, RegistryOptions registryOptions)%CRLF%   at Microsoft.Win32.RegistryKey.CreateSubKey(String subkey)%CRLF%   at RJStevensMusicPresentationCreator.Program.Main() in D:\Repos\RJSM\Presentation Creator Application\Applications\PresentationCreator15\Program.cs:line 151~System.UnauthorizedAccessException: Access to the registry key 'HKEY_LOCAL_MACHINE\Software\R.J. Stevens Music\Hymns for Worship Electronic Edition\2.3.8843.25471' is denied.%CRLF%   at Microsoft.Win32.RegistryKey.Win32Error(Int32 errorCode, String str)%CRLF%   at Microsoft.Win32.RegistryKey.CreateSubKeyInternal(String subkey, RegistryKeyPermissionCheck permissionCheck, Object registrySecurityObj, RegistryOptions registryOptions)%CRLF%   at Microsoft.Win32.RegistryKey.CreateSubKey(String subkey)%CRLF%   at RJStevensMusicPresentationCreator.Program.Main() in D:\Repos\RJSM\Presentation Creator Application\Applications\PresentationCreator15\Program.cs:line 151~RJStevensMusicPresentationCreator.Program~0000000005
2024-12-14 21:54:04.5693~ INFO~UserRegKey: HKEY_CURRENT_USER\Software\R.J. Stevens Music\Hymns for Worship Electronic Edition~~RJStevensMusicPresentationCreator.Program~0000000006
2024-12-14 21:54:04.5693~ INFO~HymnalInformationFile: C:\ProgramData\Application Data\R.J. Stevens Music\Hymns for Worship Electronic Edition\Information.hixml~~RJStevensMusicPresentationCreator.Program~0000000007
2024-12-14 21:54:04.5693~ INFO~RegKey: HKEY_CURRENT_USER\Software\R.J. Stevens Music\Hymns for Worship Electronic Edition~~RJStevensMusicPresentationCreator.RJSMRegistry~0000000008
2024-12-14 21:54:04.5793~ INFO~ProductApplicationDataFolder: C:\ProgramData\Application Data\R.J. Stevens Music\Hymns for Worship Electronic Edition~~RJStevensMusicPresentationCreator.RJSMRegistry~0000000009
2024-12-14 21:54:04.5793~ INFO~HymnalInformationFolder: C:\ProgramData\Application Data\R.J. Stevens Music\Hymns for Worship Electronic Edition~~RJStevensMusicPresentationCreator.RJSMRegistry~0000000010
2024-12-14 21:54:04.5793~ INFO~SlideTemplateFolder: C:\ProgramData\Application Data\R.J. Stevens Music\Hymns for Worship Electronic Edition\Templates~~RJStevensMusicPresentationCreator.RJSMRegistry~0000000011
2024-12-14 21:54:04.5793~ INFO~LastExecutedDeploymentVersion: 0.0.0.0~~RJStevensMusicPresentationCreator.RJSMRegistry~0000000012
2024-12-14 21:54:04.5793~ INFO~SelectedHymnal: <All>~~RJStevensMusicPresentationCreator.RJSMRegistry~0000000013
2024-12-14 21:54:04.5793~ INFO~SelectedTemplate: Single Slide Template (Fast Transition)~~RJStevensMusicPresentationCreator.RJSMRegistry~0000000014
2024-12-14 21:54:04.5793~ INFO~LastImportFolder: C:\Users\cofc_\OneDrive\Desktop~~RJStevensMusicPresentationCreator.RJSMRegistry~0000000015
2024-12-14 21:54:04.5943~ INFO~DisplayTools: True~~RJStevensMusicPresentationCreator.RJSMRegistry~0000000016
2024-12-14 21:54:04.5943~ INFO~HymnList: True~~RJStevensMusicPresentationCreator.RJSMRegistry~0000000017
2024-12-14 21:54:04.5943~ INFO~HymnText: True~~RJStevensMusicPresentationCreator.RJSMRegistry~0000000018
2024-12-14 21:54:04.5943~ INFO~HymnalSelection: True~~RJStevensMusicPresentationCreator.RJSMRegistry~0000000019
2024-12-14 21:54:04.5943~ INFO~TemplateSelection: True~~RJStevensMusicPresentationCreator.RJSMRegistry~0000000020
2024-12-14 21:54:04.5943~ INFO~FillWindow: True~~RJStevensMusicPresentationCreator.RJSMRegistry~0000000021
2024-12-14 21:54:04.5943~ INFO~PresenterImage: True~~RJStevensMusicPresentationCreator.RJSMRegistry~0000000022
2024-12-14 21:54:04.5943~ INFO~SelectorWindowPosition: Normal,473,0,1020,779~~RJStevensMusicPresentationCreator.RJSMRegistry~0000000023
2024-12-14 21:54:04.5943~ INFO~SlideWindowPosition: Normal,0,0,0,0~~RJStevensMusicPresentationCreator.RJSMRegistry~0000000024
2024-12-14 21:54:04.5943~ INFO~ViewSplitPosition: 0.0002490039840637450199203187~~RJStevensMusicPresentationCreator.RJSMRegistry~0000000025
2024-12-14 21:54:04.5943~ INFO~HymnsSplitPosition: 0.0002384737678855325914149444~~RJStevensMusicPresentationCreator.RJSMRegistry~0000000026
2024-12-14 21:54:04.5943~ INFO~HymnsListSplitPosition: 0.182~~RJStevensMusicPresentationCreator.RJSMRegistry~0000000027
2024-12-14 21:54:04.5943~ INFO~InternalViewerSplitPosition: 0.0015~~RJStevensMusicPresentationCreator.RJSMRegistry~0000000028
2024-12-14 21:54:04.5943~ INFO~DateOfFirstLicenseCheck: 3/15/2020 12:00:00 AM~~RJStevensMusicPresentationCreator.RJSMRegistry~0000000029
2024-12-14 21:54:04.5943~ INFO~ProductImprovementConsent: True~~RJStevensMusicPresentationCreator.RJSMRegistry~0000000030
2024-12-14 21:54:04.5943~ INFO~RevisedPrinting: 15~~RJStevensMusicPresentationCreator.RJSMRegistry~0000000031
2024-12-14 21:54:04.6103~TRACE~   Is fast disk? True~~RJStevensMusicPresentationCreator.Program~0000000032
2024-12-14 21:54:05.2251~ WARN~More than one hymn exists with "20214" as the number.~~RJStevensMusicPresentationCreator.Program~0000000033
2024-12-14 21:54:05.2251~ WARN~More than one hymn exists with "20731" as the number.~~RJStevensMusicPresentationCreator.Program~0000000034
2024-12-14 21:54:05.2251~ WARN~More than one hymn exists with "21339" as the number.~~RJStevensMusicPresentationCreator.Program~0000000035
2024-12-14 21:54:11.7607~DEBUG~-> DownloadFile(url = "https://faas-nyc1-2ef2e6cc.doserverless.co/api/v1/web/fn-dd7f8f6a-d32a-4f5e-ae7b-870dfb7963f3/downloads/bundle?id=000000000000003", filename = "C:\Users\cofc_\AppData\Local\Temp\tmp9A99.tmp\rjsec001.ZIP", message = "rjsec001")~~RJStevensMusicPresentationCreator.Program~0000000036
2024-12-14 21:54:13.1952~DEBUG~download completed~~RJStevensMusicPresentationCreator.Program~0000000037
2024-12-14 21:54:13.1952~DEBUG~<- DownloadFile(url = "https://faas-nyc1-2ef2e6cc.doserverless.co/api/v1/web/fn-dd7f8f6a-d32a-4f5e-ae7b-870dfb7963f3/downloads/bundle?id=000000000000003", filename = "C:\Users\cofc_\AppData\Local\Temp\tmp9A99.tmp\rjsec001.ZIP", message = "rjsec001")~~RJStevensMusicPresentationCreator.Program~0000000038
2024-12-14 21:54:13.2163~DEBUG~-> ExtractAllFromFile(zipFileName = "C:\Users\cofc_\AppData\Local\Temp\tmp9A99.tmp\rjsec001.ZIP", decompressedFolder = "C:\Users\cofc_\AppData\Local\Temp\tmpA047.tmp", message = "rjsec001")~~RJStevensMusicPresentationCreator.Program~0000000039
2024-12-14 21:54:13.5073~DEBUG~extract completed~~RJStevensMusicPresentationCreator.Program~0000000040
2024-12-14 21:54:13.5073~DEBUG~<- ExtractAllFromFile(zipFileName = "C:\Users\cofc_\AppData\Local\Temp\tmp9A99.tmp\rjsec001.ZIP", decompressedFolder = "C:\Users\cofc_\AppData\Local\Temp\tmpA047.tmp", message = "rjsec001")~~RJStevensMusicPresentationCreator.Program~0000000041
2024-12-14 21:54:13.5783~DEBUG~-> DownloadFile(url = "https://faas-nyc1-2ef2e6cc.doserverless.co/api/v1/web/fn-dd7f8f6a-d32a-4f5e-ae7b-870dfb7963f3/downloads/bundle?id=000000000000004", filename = "C:\Users\cofc_\AppData\Local\Temp\tmpA1AF.tmp\rjsec002.ZIP", message = "rjsec002")~~RJStevensMusicPresentationCreator.Program~0000000042
2024-12-14 21:54:13.8923~DEBUG~download completed~~RJStevensMusicPresentationCreator.Program~0000000043
2024-12-14 21:54:13.8923~DEBUG~<- DownloadFile(url = "https://faas-nyc1-2ef2e6cc.doserverless.co/api/v1/web/fn-dd7f8f6a-d32a-4f5e-ae7b-870dfb7963f3/downloads/bundle?id=000000000000004", filename = "C:\Users\cofc_\AppData\Local\Temp\tmpA1AF.tmp\rjsec002.ZIP", message = "rjsec002")~~RJStevensMusicPresentationCreator.Program~0000000044
2024-12-14 21:54:13.9103~DEBUG~-> ExtractAllFromFile(zipFileName = "C:\Users\cofc_\AppData\Local\Temp\tmpA1AF.tmp\rjsec002.ZIP", decompressedFolder = "C:\Users\cofc_\AppData\Local\Temp\tmpA308.tmp", message = "rjsec002")~~RJStevensMusicPresentationCreator.Program~0000000045
2024-12-14 21:54:14.2053~DEBUG~extract completed~~RJStevensMusicPresentationCreator.Program~0000000046
2024-12-14 21:54:14.2053~DEBUG~<- ExtractAllFromFile(zipFileName = "C:\Users\cofc_\AppData\Local\Temp\tmpA1AF.tmp\rjsec002.ZIP", decompressedFolder = "C:\Users\cofc_\AppData\Local\Temp\tmpA308.tmp", message = "rjsec002")~~RJStevensMusicPresentationCreator.Program~0000000047
2024-12-14 21:54:14.2793~DEBUG~-> DownloadFile(url = "https://faas-nyc1-2ef2e6cc.doserverless.co/api/v1/web/fn-dd7f8f6a-d32a-4f5e-ae7b-870dfb7963f3/downloads/bundle?id=000000000000006", filename = "C:\Users\cofc_\AppData\Local\Temp\tmpA470.tmp\rjsec004.ZIP", message = "rjsec004")~~RJStevensMusicPresentationCreator.Program~0000000048
2024-12-14 21:54:14.4963~DEBUG~download completed~~RJStevensMusicPresentationCreator.Program~0000000049
2024-12-14 21:54:14.4963~DEBUG~<- DownloadFile(url = "https://faas-nyc1-2ef2e6cc.doserverless.co/api/v1/web/fn-dd7f8f6a-d32a-4f5e-ae7b-870dfb7963f3/downloads/bundle?id=000000000000006", filename = "C:\Users\cofc_\AppData\Local\Temp\tmpA470.tmp\rjsec004.ZIP", message = "rjsec004")~~RJStevensMusicPresentationCreator.Program~0000000050
2024-12-14 21:54:14.5153~DEBUG~-> ExtractAllFromFile(zipFileName = "C:\Users\cofc_\AppData\Local\Temp\tmpA470.tmp\rjsec004.ZIP", decompressedFolder = "C:\Users\cofc_\AppData\Local\Temp\tmpA55C.tmp", message = "rjsec004")~~RJStevensMusicPresentationCreator.Program~0000000051
2024-12-14 21:54:14.7162~DEBUG~extract completed~~RJStevensMusicPresentationCreator.Program~0000000052
2024-12-14 21:54:14.7242~DEBUG~<- ExtractAllFromFile(zipFileName = "C:\Users\cofc_\AppData\Local\Temp\tmpA470.tmp\rjsec004.ZIP", decompressedFolder = "C:\Users\cofc_\AppData\Local\Temp\tmpA55C.tmp", message = "rjsec004")~~RJStevensMusicPresentationCreator.Program~0000000053
2024-12-14 21:54:14.7812~DEBUG~-> DownloadFile(url = "https://faas-nyc1-2ef2e6cc.doserverless.co/api/v1/web/fn-dd7f8f6a-d32a-4f5e-ae7b-870dfb7963f3/downloads/bundle?id=000000000000008", filename = "C:\Users\cofc_\AppData\Local\Temp\tmpA666.tmp\rjsec006.ZIP", message = "rjsec006")~~RJStevensMusicPresentationCreator.Program~0000000054
2024-12-14 21:54:14.9712~DEBUG~download completed~~RJStevensMusicPresentationCreator.Program~0000000055
2024-12-14 21:54:14.9712~DEBUG~<- DownloadFile(url = "https://faas-nyc1-2ef2e6cc.doserverless.co/api/v1/web/fn-dd7f8f6a-d32a-4f5e-ae7b-870dfb7963f3/downloads/bundle?id=000000000000008", filename = "C:\Users\cofc_\AppData\Local\Temp\tmpA666.tmp\rjsec006.ZIP", message = "rjsec006")~~RJStevensMusicPresentationCreator.Program~0000000056
2024-12-14 21:54:14.9862~DEBUG~-> ExtractAllFromFile(zipFileName = "C:\Users\cofc_\AppData\Local\Temp\tmpA666.tmp\rjsec006.ZIP", decompressedFolder = "C:\Users\cofc_\AppData\Local\Temp\tmpA742.tmp", message = "rjsec006")~~RJStevensMusicPresentationCreator.Program~0000000057
2024-12-14 21:54:15.1932~DEBUG~extract completed~~RJStevensMusicPresentationCreator.Program~0000000058
2024-12-14 21:54:15.1932~DEBUG~<- ExtractAllFromFile(zipFileName = "C:\Users\cofc_\AppData\Local\Temp\tmpA666.tmp\rjsec006.ZIP", decompressedFolder = "C:\Users\cofc_\AppData\Local\Temp\tmpA742.tmp", message = "rjsec006")~~RJStevensMusicPresentationCreator.Program~0000000059
2024-12-14 21:54:15.2472~DEBUG~-> DownloadFile(url = "https://faas-nyc1-2ef2e6cc.doserverless.co/api/v1/web/fn-dd7f8f6a-d32a-4f5e-ae7b-870dfb7963f3/downloads/bundle?id=000000000000010", filename = "C:\Users\cofc_\AppData\Local\Temp\tmpA83D.tmp\rjsec008.ZIP", message = "rjsec008")~~RJStevensMusicPresentationCreator.Program~0000000060
2024-12-14 21:54:15.4633~DEBUG~download completed~~RJStevensMusicPresentationCreator.Program~0000000061
2024-12-14 21:54:15.4633~DEBUG~<- DownloadFile(url = "https://faas-nyc1-2ef2e6cc.doserverless.co/api/v1/web/fn-dd7f8f6a-d32a-4f5e-ae7b-870dfb7963f3/downloads/bundle?id=000000000000010", filename = "C:\Users\cofc_\AppData\Local\Temp\tmpA83D.tmp\rjsec008.ZIP", message = "rjsec008")~~RJStevensMusicPresentationCreator.Program~0000000062
2024-12-14 21:54:15.4783~DEBUG~-> ExtractAllFromFile(zipFileName = "C:\Users\cofc_\AppData\Local\Temp\tmpA83D.tmp\rjsec008.ZIP", decompressedFolder = "C:\Users\cofc_\AppData\Local\Temp\tmpA929.tmp", message = "rjsec008")~~RJStevensMusicPresentationCreator.Program~0000000063
2024-12-14 21:54:15.7111~DEBUG~extract completed~~RJStevensMusicPresentationCreator.Program~0000000064
2024-12-14 21:54:15.7111~DEBUG~<- ExtractAllFromFile(zipFileName = "C:\Users\cofc_\AppData\Local\Temp\tmpA83D.tmp\rjsec008.ZIP", decompressedFolder = "C:\Users\cofc_\AppData\Local\Temp\tmpA929.tmp", message = "rjsec008")~~RJStevensMusicPresentationCreator.Program~0000000065
2024-12-14 21:54:15.7741~DEBUG~-> DownloadFile(url = "https://faas-nyc1-2ef2e6cc.doserverless.co/api/v1/web/fn-dd7f8f6a-d32a-4f5e-ae7b-870dfb7963f3/downloads/bundle?id=000000000002089", filename = "C:\Users\cofc_\AppData\Local\Temp\tmpAA52.tmp\rjsec008.15.ZIP", message = "rjsec008.15")~~RJStevensMusicPresentationCreator.Program~0000000066
2024-12-14 21:54:15.9731~DEBUG~download completed~~RJStevensMusicPresentationCreator.Program~0000000067
2024-12-14 21:54:15.9731~DEBUG~<- DownloadFile(url = "https://faas-nyc1-2ef2e6cc.doserverless.co/api/v1/web/fn-dd7f8f6a-d32a-4f5e-ae7b-870dfb7963f3/downloads/bundle?id=000000000002089", filename = "C:\Users\cofc_\AppData\Local\Temp\tmpAA52.tmp\rjsec008.15.ZIP", message = "rjsec008.15")~~RJStevensMusicPresentationCreator.Program~0000000068
2024-12-14 21:54:15.9881~DEBUG~-> ExtractAllFromFile(zipFileName = "C:\Users\cofc_\AppData\Local\Temp\tmpAA52.tmp\rjsec008.15.ZIP", decompressedFolder = "C:\Users\cofc_\AppData\Local\Temp\tmpAB2E.tmp", message = "rjsec008.15")~~RJStevensMusicPresentationCreator.Program~0000000069
2024-12-14 21:54:16.1761~DEBUG~extract completed~~RJStevensMusicPresentationCreator.Program~0000000070
2024-12-14 21:54:16.1761~DEBUG~<- ExtractAllFromFile(zipFileName = "C:\Users\cofc_\AppData\Local\Temp\tmpAA52.tmp\rjsec008.15.ZIP", decompressedFolder = "C:\Users\cofc_\AppData\Local\Temp\tmpAB2E.tmp", message = "rjsec008.15")~~RJStevensMusicPresentationCreator.Program~0000000071
2024-12-14 21:54:16.2351~DEBUG~-> DownloadFile(url = "https://faas-nyc1-2ef2e6cc.doserverless.co/api/v1/web/fn-dd7f8f6a-d32a-4f5e-ae7b-870dfb7963f3/downloads/bundle?id=000000000002090", filename = "C:\Users\cofc_\AppData\Local\Temp\tmpAC1A.tmp\rjsec008.16.ZIP", message = "rjsec008.16")~~RJStevensMusicPresentationCreator.Program~0000000072
2024-12-14 21:54:16.4561~DEBUG~download completed~~RJStevensMusicPresentationCreator.Program~0000000073
2024-12-14 21:54:16.4561~DEBUG~<- DownloadFile(url = "https://faas-nyc1-2ef2e6cc.doserverless.co/api/v1/web/fn-dd7f8f6a-d32a-4f5e-ae7b-870dfb7963f3/downloads/bundle?id=000000000002090", filename = "C:\Users\cofc_\AppData\Local\Temp\tmpAC1A.tmp\rjsec008.16.ZIP", message = "rjsec008.16")~~RJStevensMusicPresentationCreator.Program~0000000074
2024-12-14 21:54:16.4761~DEBUG~-> ExtractAllFromFile(zipFileName = "C:\Users\cofc_\AppData\Local\Temp\tmpAC1A.tmp\rjsec008.16.ZIP", decompressedFolder = "C:\Users\cofc_\AppData\Local\Temp\tmpAD15.tmp", message = "rjsec008.16")~~RJStevensMusicPresentationCreator.Program~0000000075
2024-12-14 21:54:16.7101~DEBUG~extract completed~~RJStevensMusicPresentationCreator.Program~0000000076
2024-12-14 21:54:16.7101~DEBUG~<- ExtractAllFromFile(zipFileName = "C:\Users\cofc_\AppData\Local\Temp\tmpAC1A.tmp\rjsec008.16.ZIP", decompressedFolder = "C:\Users\cofc_\AppData\Local\Temp\tmpAD15.tmp", message = "rjsec008.16")~~RJStevensMusicPresentationCreator.Program~0000000077
2024-12-14 21:54:16.7721~DEBUG~-> DownloadFile(url = "https://faas-nyc1-2ef2e6cc.doserverless.co/api/v1/web/fn-dd7f8f6a-d32a-4f5e-ae7b-870dfb7963f3/downloads/bundle?id=000000000000012", filename = "C:\Users\cofc_\AppData\Local\Temp\tmpAE3E.tmp\rjsec010.ZIP", message = "rjsec010")~~RJStevensMusicPresentationCreator.Program~0000000078
2024-12-14 21:54:17.0282~DEBUG~download completed~~RJStevensMusicPresentationCreator.Program~0000000079
2024-12-14 21:54:17.0282~DEBUG~<- DownloadFile(url = "https://faas-nyc1-2ef2e6cc.doserverless.co/api/v1/web/fn-dd7f8f6a-d32a-4f5e-ae7b-870dfb7963f3/downloads/bundle?id=000000000000012", filename = "C:\Users\cofc_\AppData\Local\Temp\tmpAE3E.tmp\rjsec010.ZIP", message = "rjsec010")~~RJStevensMusicPresentationCreator.Program~0000000080
2024-12-14 21:54:17.0442~DEBUG~-> ExtractAllFromFile(zipFileName = "C:\Users\cofc_\AppData\Local\Temp\tmpAE3E.tmp\rjsec010.ZIP", decompressedFolder = "C:\Users\cofc_\AppData\Local\Temp\tmpAF49.tmp", message = "rjsec010")~~RJStevensMusicPresentationCreator.Program~0000000081
2024-12-14 21:54:17.2471~DEBUG~extract completed~~RJStevensMusicPresentationCreator.Program~0000000082
2024-12-14 21:54:17.2471~DEBUG~<- ExtractAllFromFile(zipFileName = "C:\Users\cofc_\AppData\Local\Temp\tmpAE3E.tmp\rjsec010.ZIP", decompressedFolder = "C:\Users\cofc_\AppData\Local\Temp\tmpAF49.tmp", message = "rjsec010")~~RJStevensMusicPresentationCreator.Program~0000000083
2024-12-14 21:54:17.3091~DEBUG~-> DownloadFile(url = "https://faas-nyc1-2ef2e6cc.doserverless.co/api/v1/web/fn-dd7f8f6a-d32a-4f5e-ae7b-870dfb7963f3/downloads/bundle?id=000000000000013", filename = "C:\Users\cofc_\AppData\Local\Temp\tmpB054.tmp\rjsec011.ZIP", message = "rjsec011")~~RJStevensMusicPresentationCreator.Program~0000000084
2024-12-14 21:54:17.5461~DEBUG~download completed~~RJStevensMusicPresentationCreator.Program~0000000085
2024-12-14 21:54:17.5461~DEBUG~<- DownloadFile(url = "https://faas-nyc1-2ef2e6cc.doserverless.co/api/v1/web/fn-dd7f8f6a-d32a-4f5e-ae7b-870dfb7963f3/downloads/bundle?id=000000000000013", filename = "C:\Users\cofc_\AppData\Local\Temp\tmpB054.tmp\rjsec011.ZIP", message = "rjsec011")~~RJStevensMusicPresentationCreator.Program~0000000086
2024-12-14 21:54:17.5631~DEBUG~-> ExtractAllFromFile(zipFileName = "C:\Users\cofc_\AppData\Local\Temp\tmpB054.tmp\rjsec011.ZIP", decompressedFolder = "C:\Users\cofc_\AppData\Local\Temp\tmpB14F.tmp", message = "rjsec011")~~RJStevensMusicPresentationCreator.Program~0000000087
2024-12-14 21:54:17.8611~DEBUG~extract completed~~RJStevensMusicPresentationCreator.Program~0000000088
2024-12-14 21:54:17.8611~DEBUG~<- ExtractAllFromFile(zipFileName = "C:\Users\cofc_\AppData\Local\Temp\tmpB054.tmp\rjsec011.ZIP", decompressedFolder = "C:\Users\cofc_\AppData\Local\Temp\tmpB14F.tmp", message = "rjsec011")~~RJStevensMusicPresentationCreator.Program~0000000089
2024-12-14 21:54:17.9341~DEBUG~-> DownloadFile(url = "https://faas-nyc1-2ef2e6cc.doserverless.co/api/v1/web/fn-dd7f8f6a-d32a-4f5e-ae7b-870dfb7963f3/downloads/bundle?id=000000000000014", filename = "C:\Users\cofc_\AppData\Local\Temp\tmpB2C7.tmp\rjsec012.ZIP", message = "rjsec012")~~RJStevensMusicPresentationCreator.Program~0000000090
2024-12-14 21:54:18.1971~DEBUG~download completed~~RJStevensMusicPresentationCreator.Program~0000000091
2024-12-14 21:54:18.1971~DEBUG~<- DownloadFile(url = "https://faas-nyc1-2ef2e6cc.doserverless.co/api/v1/web/fn-dd7f8f6a-d32a-4f5e-ae7b-870dfb7963f3/downloads/bundle?id=000000000000014", filename = "C:\Users\cofc_\AppData\Local\Temp\tmpB2C7.tmp\rjsec012.ZIP", message = "rjsec012")~~RJStevensMusicPresentationCreator.Program~0000000092
2024-12-14 21:54:18.2161~DEBUG~-> ExtractAllFromFile(zipFileName = "C:\Users\cofc_\AppData\Local\Temp\tmpB2C7.tmp\rjsec012.ZIP", decompressedFolder = "C:\Users\cofc_\AppData\Local\Temp\tmpB3E1.tmp", message = "rjsec012")~~RJStevensMusicPresentationCreator.Program~0000000093
2024-12-14 21:54:18.5282~DEBUG~extract completed~~RJStevensMusicPresentationCreator.Program~0000000094
2024-12-14 21:54:18.5282~DEBUG~<- ExtractAllFromFile(zipFileName = "C:\Users\cofc_\AppData\Local\Temp\tmpB2C7.tmp\rjsec012.ZIP", decompressedFolder = "C:\Users\cofc_\AppData\Local\Temp\tmpB3E1.tmp", message = "rjsec012")~~RJStevensMusicPresentationCreator.Program~0000000095
2024-12-14 21:54:18.5942~DEBUG~-> DownloadFile(url = "https://faas-nyc1-2ef2e6cc.doserverless.co/api/v1/web/fn-dd7f8f6a-d32a-4f5e-ae7b-870dfb7963f3/downloads/bundle?id=000000000000017", filename = "C:\Users\cofc_\AppData\Local\Temp\tmpB559.tmp\rjsec014.ZIP", message = "rjsec014")~~RJStevensMusicPresentationCreator.Program~0000000096
2024-12-14 21:54:18.8192~DEBUG~download completed~~RJStevensMusicPresentationCreator.Program~0000000097
2024-12-14 21:54:18.8192~DEBUG~<- DownloadFile(url = "https://faas-nyc1-2ef2e6cc.doserverless.co/api/v1/web/fn-dd7f8f6a-d32a-4f5e-ae7b-870dfb7963f3/downloads/bundle?id=000000000000017", filename = "C:\Users\cofc_\AppData\Local\Temp\tmpB559.tmp\rjsec014.ZIP", message = "rjsec014")~~RJStevensMusicPresentationCreator.Program~0000000098
2024-12-14 21:54:18.8352~DEBUG~-> ExtractAllFromFile(zipFileName = "C:\Users\cofc_\AppData\Local\Temp\tmpB559.tmp\rjsec014.ZIP", decompressedFolder = "C:\Users\cofc_\AppData\Local\Temp\tmpB654.tmp", message = "rjsec014")~~RJStevensMusicPresentationCreator.Program~0000000099
2024-12-14 21:54:19.0912~DEBUG~extract completed~~RJStevensMusicPresentationCreator.Program~0000000100
2024-12-14 21:54:19.0982~DEBUG~<- ExtractAllFromFile(zipFileName = "C:\Users\cofc_\AppData\Local\Temp\tmpB559.tmp\rjsec014.ZIP", decompressedFolder = "C:\Users\cofc_\AppData\Local\Temp\tmpB654.tmp", message = "rjsec014")~~RJStevensMusicPresentationCreator.Program~0000000101
2024-12-14 21:54:19.1652~DEBUG~-> DownloadFile(url = "https://faas-nyc1-2ef2e6cc.doserverless.co/api/v1/web/fn-dd7f8f6a-d32a-4f5e-ae7b-870dfb7963f3/downloads/bundle?id=000000000000019", filename = "C:\Users\cofc_\AppData\Local\Temp\tmpB79D.tmp\rjsec016.ZIP", message = "rjsec016")~~RJStevensMusicPresentationCreator.Program~0000000102
2024-12-14 21:54:19.4602~DEBUG~download completed~~RJStevensMusicPresentationCreator.Program~0000000103
2024-12-14 21:54:19.4602~DEBUG~<- DownloadFile(url = "https://faas-nyc1-2ef2e6cc.doserverless.co/api/v1/web/fn-dd7f8f6a-d32a-4f5e-ae7b-870dfb7963f3/downloads/bundle?id=000000000000019", filename = "C:\Users\cofc_\AppData\Local\Temp\tmpB79D.tmp\rjsec016.ZIP", message = "rjsec016")~~RJStevensMusicPresentationCreator.Program~0000000104
2024-12-14 21:54:19.4802~DEBUG~-> ExtractAllFromFile(zipFileName = "C:\Users\cofc_\AppData\Local\Temp\tmpB79D.tmp\rjsec016.ZIP", decompressedFolder = "C:\Users\cofc_\AppData\Local\Temp\tmpB8D7.tmp", message = "rjsec016")~~RJStevensMusicPresentationCreator.Program~0000000105
2024-12-14 21:54:19.7663~DEBUG~extract completed~~RJStevensMusicPresentationCreator.Program~0000000106
2024-12-14 21:54:19.7663~DEBUG~<- ExtractAllFromFile(zipFileName = "C:\Users\cofc_\AppData\Local\Temp\tmpB79D.tmp\rjsec016.ZIP", decompressedFolder = "C:\Users\cofc_\AppData\Local\Temp\tmpB8D7.tmp", message = "rjsec016")~~RJStevensMusicPresentationCreator.Program~0000000107
2024-12-14 21:54:19.8553~DEBUG~-> DownloadFile(url = "https://faas-nyc1-2ef2e6cc.doserverless.co/api/v1/web/fn-dd7f8f6a-d32a-4f5e-ae7b-870dfb7963f3/downloads/bundle?id=000000000000020", filename = "C:\Users\cofc_\AppData\Local\Temp\tmpBA4F.tmp\rjsec017.ZIP", message = "rjsec017")~~RJStevensMusicPresentationCreator.Program~0000000108
2024-12-14 21:54:20.0713~DEBUG~download completed~~RJStevensMusicPresentationCreator.Program~0000000109
2024-12-14 21:54:20.0713~DEBUG~<- DownloadFile(url = "https://faas-nyc1-2ef2e6cc.doserverless.co/api/v1/web/fn-dd7f8f6a-d32a-4f5e-ae7b-870dfb7963f3/downloads/bundle?id=000000000000020", filename = "C:\Users\cofc_\AppData\Local\Temp\tmpBA4F.tmp\rjsec017.ZIP", message = "rjsec017")~~RJStevensMusicPresentationCreator.Program~0000000110
2024-12-14 21:54:20.0853~DEBUG~-> ExtractAllFromFile(zipFileName = "C:\Users\cofc_\AppData\Local\Temp\tmpBA4F.tmp\rjsec017.ZIP", decompressedFolder = "C:\Users\cofc_\AppData\Local\Temp\tmpBB3A.tmp", message = "rjsec017")~~RJStevensMusicPresentationCreator.Program~0000000111
2024-12-14 21:54:20.2783~DEBUG~extract completed~~RJStevensMusicPresentationCreator.Program~0000000112
2024-12-14 21:54:20.2783~DEBUG~<- ExtractAllFromFile(zipFileName = "C:\Users\cofc_\AppData\Local\Temp\tmpBA4F.tmp\rjsec017.ZIP", decompressedFolder = "C:\Users\cofc_\AppData\Local\Temp\tmpBB3A.tmp", message = "rjsec017")~~RJStevensMusicPresentationCreator.Program~0000000113
2024-12-14 21:54:20.3393~DEBUG~-> DownloadFile(url = "https://faas-nyc1-2ef2e6cc.doserverless.co/api/v1/web/fn-dd7f8f6a-d32a-4f5e-ae7b-870dfb7963f3/downloads/bundle?id=000000000000021", filename = "C:\Users\cofc_\AppData\Local\Temp\tmpBC35.tmp\rjsec018.ZIP", message = "rjsec018")~~RJStevensMusicPresentationCreator.Program~0000000114
2024-12-14 21:54:20.5873~DEBUG~download completed~~RJStevensMusicPresentationCreator.Program~0000000115
2024-12-14 21:54:20.5873~DEBUG~<- DownloadFile(url = "https://faas-nyc1-2ef2e6cc.doserverless.co/api/v1/web/fn-dd7f8f6a-d32a-4f5e-ae7b-870dfb7963f3/downloads/bundle?id=000000000000021", filename = "C:\Users\cofc_\AppData\Local\Temp\tmpBC35.tmp\rjsec018.ZIP", message = "rjsec018")~~RJStevensMusicPresentationCreator.Program~0000000116
2024-12-14 21:54:20.6063~DEBUG~-> ExtractAllFromFile(zipFileName = "C:\Users\cofc_\AppData\Local\Temp\tmpBC35.tmp\rjsec018.ZIP", decompressedFolder = "C:\Users\cofc_\AppData\Local\Temp\tmpBD40.tmp", message = "rjsec018")~~RJStevensMusicPresentationCreator.Program~0000000117
2024-12-14 21:54:20.9714~DEBUG~extract completed~~RJStevensMusicPresentationCreator.Program~0000000118
2024-12-14 21:54:20.9714~DEBUG~<- ExtractAllFromFile(zipFileName = "C:\Users\cofc_\AppData\Local\Temp\tmpBC35.tmp\rjsec018.ZIP", decompressedFolder = "C:\Users\cofc_\AppData\Local\Temp\tmpBD40.tmp", message = "rjsec018")~~RJStevensMusicPresentationCreator.Program~0000000119
2024-12-14 21:54:21.0514~DEBUG~-> DownloadFile(url = "https://faas-nyc1-2ef2e6cc.doserverless.co/api/v1/web/fn-dd7f8f6a-d32a-4f5e-ae7b-870dfb7963f3/downloads/bundle?id=000000000000022", filename = "C:\Users\cofc_\AppData\Local\Temp\tmpBF06.tmp\rjsec019.ZIP", message = "rjsec019")~~RJStevensMusicPresentationCreator.Program~0000000120
2024-12-14 21:54:21.2894~DEBUG~download completed~~RJStevensMusicPresentationCreator.Program~0000000121
2024-12-14 21:54:21.2894~DEBUG~<- DownloadFile(url = "https://faas-nyc1-2ef2e6cc.doserverless.co/api/v1/web/fn-dd7f8f6a-d32a-4f5e-ae7b-870dfb7963f3/downloads/bundle?id=000000000000022", filename = "C:\Users\cofc_\AppData\Local\Temp\tmpBF06.tmp\rjsec019.ZIP", message = "rjsec019")~~RJStevensMusicPresentationCreator.Program~0000000122
2024-12-14 21:54:21.3144~DEBUG~-> ExtractAllFromFile(zipFileName = "C:\Users\cofc_\AppData\Local\Temp\tmpBF06.tmp\rjsec019.ZIP", decompressedFolder = "C:\Users\cofc_\AppData\Local\Temp\tmpC010.tmp", message = "rjsec019")~~RJStevensMusicPresentationCreator.Program~0000000123
2024-12-14 21:54:21.5644~DEBUG~extract completed~~RJStevensMusicPresentationCreator.Program~0000000124
2024-12-14 21:54:21.5644~DEBUG~<- ExtractAllFromFile(zipFileName = "C:\Users\cofc_\AppData\Local\Temp\tmpBF06.tmp\rjsec019.ZIP", decompressedFolder = "C:\Users\cofc_\AppData\Local\Temp\tmpC010.tmp", message = "rjsec019")~~RJStevensMusicPresentationCreator.Program~0000000125
2024-12-14 21:54:21.6314~DEBUG~-> DownloadFile(url = "https://faas-nyc1-2ef2e6cc.doserverless.co/api/v1/web/fn-dd7f8f6a-d32a-4f5e-ae7b-870dfb7963f3/downloads/bundle?id=000000000000023", filename = "C:\Users\cofc_\AppData\Local\Temp\tmpC14A.tmp\rjsec020.ZIP", message = "rjsec020")~~RJStevensMusicPresentationCreator.Program~0000000126
2024-12-14 21:54:21.8914~DEBUG~download completed~~RJStevensMusicPresentationCreator.Program~0000000127
2024-12-14 21:54:21.8914~DEBUG~<- DownloadFile(url = "https://faas-nyc1-2ef2e6cc.doserverless.co/api/v1/web/fn-dd7f8f6a-d32a-4f5e-ae7b-870dfb7963f3/downloads/bundle?id=000000000000023", filename = "C:\Users\cofc_\AppData\Local\Temp\tmpC14A.tmp\rjsec020.ZIP", message = "rjsec020")~~RJStevensMusicPresentationCreator.Program~0000000128
2024-12-14 21:54:21.8914~DEBUG~-> ExtractAllFromFile(zipFileName = "C:\Users\cofc_\AppData\Local\Temp\tmpC14A.tmp\rjsec020.ZIP", decompressedFolder = "C:\Users\cofc_\AppData\Local\Temp\tmpC254.tmp", message = "rjsec020")~~RJStevensMusicPresentationCreator.Program~0000000129
2024-12-14 21:54:22.0894~DEBUG~extract completed~~RJStevensMusicPresentationCreator.Program~0000000130
2024-12-14 21:54:22.0894~DEBUG~<- ExtractAllFromFile(zipFileName = "C:\Users\cofc_\AppData\Local\Temp\tmpC14A.tmp\rjsec020.ZIP", decompressedFolder = "C:\Users\cofc_\AppData\Local\Temp\tmpC254.tmp", message = "rjsec020")~~RJStevensMusicPresentationCreator.Program~0000000131
2024-12-14 21:54:22.1514~DEBUG~-> DownloadFile(url = "https://faas-nyc1-2ef2e6cc.doserverless.co/api/v1/web/fn-dd7f8f6a-d32a-4f5e-ae7b-870dfb7963f3/downloads/bundle?id=000000000000024", filename = "C:\Users\cofc_\AppData\Local\Temp\tmpC34F.tmp\rjsec021.ZIP", message = "rjsec021")~~RJStevensMusicPresentationCreator.Program~0000000132
2024-12-14 21:54:22.3665~DEBUG~download completed~~RJStevensMusicPresentationCreator.Program~0000000133
2024-12-14 21:54:22.3665~DEBUG~<- DownloadFile(url = "https://faas-nyc1-2ef2e6cc.doserverless.co/api/v1/web/fn-dd7f8f6a-d32a-4f5e-ae7b-870dfb7963f3/downloads/bundle?id=000000000000024", filename = "C:\Users\cofc_\AppData\Local\Temp\tmpC34F.tmp\rjsec021.ZIP", message = "rjsec021")~~RJStevensMusicPresentationCreator.Program~0000000134
2024-12-14 21:54:22.3835~DEBUG~-> ExtractAllFromFile(zipFileName = "C:\Users\cofc_\AppData\Local\Temp\tmpC34F.tmp\rjsec021.ZIP", decompressedFolder = "C:\Users\cofc_\AppData\Local\Temp\tmpC43B.tmp", message = "rjsec021")~~RJStevensMusicPresentationCreator.Program~0000000135
2024-12-14 21:54:22.6465~DEBUG~extract completed~~RJStevensMusicPresentationCreator.Program~0000000136
2024-12-14 21:54:22.6465~DEBUG~<- ExtractAllFromFile(zipFileName = "C:\Users\cofc_\AppData\Local\Temp\tmpC34F.tmp\rjsec021.ZIP", decompressedFolder = "C:\Users\cofc_\AppData\Local\Temp\tmpC43B.tmp", message = "rjsec021")~~RJStevensMusicPresentationCreator.Program~0000000137
2024-12-14 21:54:22.7155~DEBUG~-> DownloadFile(url = "https://faas-nyc1-2ef2e6cc.doserverless.co/api/v1/web/fn-dd7f8f6a-d32a-4f5e-ae7b-870dfb7963f3/downloads/bundle?id=000000000000027", filename = "C:\Users\cofc_\AppData\Local\Temp\tmpC584.tmp\rjsec024.ZIP", message = "rjsec024")~~RJStevensMusicPresentationCreator.Program~0000000138
2024-12-14 21:54:22.9495~DEBUG~download completed~~RJStevensMusicPresentationCreator.Program~0000000139
2024-12-14 21:54:22.9495~DEBUG~<- DownloadFile(url = "https://faas-nyc1-2ef2e6cc.doserverless.co/api/v1/web/fn-dd7f8f6a-d32a-4f5e-ae7b-870dfb7963f3/downloads/bundle?id=000000000000027", filename = "C:\Users\cofc_\AppData\Local\Temp\tmpC584.tmp\rjsec024.ZIP", message = "rjsec024")~~RJStevensMusicPresentationCreator.Program~0000000140
2024-12-14 21:54:22.9675~DEBUG~-> ExtractAllFromFile(zipFileName = "C:\Users\cofc_\AppData\Local\Temp\tmpC584.tmp\rjsec024.ZIP", decompressedFolder = "C:\Users\cofc_\AppData\Local\Temp\tmpC67F.tmp", message = "rjsec024")~~RJStevensMusicPresentationCreator.Program~0000000141
2024-12-14 21:54:23.1835~DEBUG~extract completed~~RJStevensMusicPresentationCreator.Program~0000000142
2024-12-14 21:54:23.1835~DEBUG~<- ExtractAllFromFile(zipFileName = "C:\Users\cofc_\AppData\Local\Temp\tmpC584.tmp\rjsec024.ZIP", decompressedFolder = "C:\Users\cofc_\AppData\Local\Temp\tmpC67F.tmp", message = "rjsec024")~~RJStevensMusicPresentationCreator.Program~0000000143
2024-12-14 21:54:23.2425~DEBUG~-> DownloadFile(url = "https://faas-nyc1-2ef2e6cc.doserverless.co/api/v1/web/fn-dd7f8f6a-d32a-4f5e-ae7b-870dfb7963f3/downloads/bundle?id=000000000000028", filename = "C:\Users\cofc_\AppData\Local\Temp\tmpC799.tmp\rjsec025.ZIP", message = "rjsec025")~~RJStevensMusicPresentationCreator.Program~0000000144
2024-12-14 21:54:23.4565~DEBUG~download completed~~RJStevensMusicPresentationCreator.Program~0000000145
2024-12-14 21:54:23.4565~DEBUG~<- DownloadFile(url = "https://faas-nyc1-2ef2e6cc.doserverless.co/api/v1/web/fn-dd7f8f6a-d32a-4f5e-ae7b-870dfb7963f3/downloads/bundle?id=000000000000028", filename = "C:\Users\cofc_\AppData\Local\Temp\tmpC799.tmp\rjsec025.ZIP", message = "rjsec025")~~RJStevensMusicPresentationCreator.Program~0000000146
2024-12-14 21:54:23.4765~DEBUG~-> ExtractAllFromFile(zipFileName = "C:\Users\cofc_\AppData\Local\Temp\tmpC799.tmp\rjsec025.ZIP", decompressedFolder = "C:\Users\cofc_\AppData\Local\Temp\tmpC885.tmp", message = "rjsec025")~~RJStevensMusicPresentationCreator.Program~0000000147
2024-12-14 21:54:23.6886~DEBUG~extract completed~~RJStevensMusicPresentationCreator.Program~0000000148
2024-12-14 21:54:23.6886~DEBUG~<- ExtractAllFromFile(zipFileName = "C:\Users\cofc_\AppData\Local\Temp\tmpC799.tmp\rjsec025.ZIP", decompressedFolder = "C:\Users\cofc_\AppData\Local\Temp\tmpC885.tmp", message = "rjsec025")~~RJStevensMusicPresentationCreator.Program~0000000149
2024-12-14 21:54:23.7446~DEBUG~-> DownloadFile(url = "https://faas-nyc1-2ef2e6cc.doserverless.co/api/v1/web/fn-dd7f8f6a-d32a-4f5e-ae7b-870dfb7963f3/downloads/bundle?id=000000000000029", filename = "C:\Users\cofc_\AppData\Local\Temp\tmpC98F.tmp\rjsec026.ZIP", message = "rjsec026")~~RJStevensMusicPresentationCreator.Program~0000000150
2024-12-14 21:54:23.9576~DEBUG~download completed~~RJStevensMusicPresentationCreator.Program~0000000151
2024-12-14 21:54:23.9576~DEBUG~<- DownloadFile(url = "https://faas-nyc1-2ef2e6cc.doserverless.co/api/v1/web/fn-dd7f8f6a-d32a-4f5e-ae7b-870dfb7963f3/downloads/bundle?id=000000000000029", filename = "C:\Users\cofc_\AppData\Local\Temp\tmpC98F.tmp\rjsec026.ZIP", message = "rjsec026")~~RJStevensMusicPresentationCreator.Program~0000000152
2024-12-14 21:54:23.9766~DEBUG~-> ExtractAllFromFile(zipFileName = "C:\Users\cofc_\AppData\Local\Temp\tmpC98F.tmp\rjsec026.ZIP", decompressedFolder = "C:\Users\cofc_\AppData\Local\Temp\tmpCA7B.tmp", message = "rjsec026")~~RJStevensMusicPresentationCreator.Program~0000000153
2024-12-14 21:54:24.1606~DEBUG~extract completed~~RJStevensMusicPresentationCreator.Program~0000000154
2024-12-14 21:54:24.1606~DEBUG~<- ExtractAllFromFile(zipFileName = "C:\Users\cofc_\AppData\Local\Temp\tmpC98F.tmp\rjsec026.ZIP", decompressedFolder = "C:\Users\cofc_\AppData\Local\Temp\tmpCA7B.tmp", message = "rjsec026")~~RJStevensMusicPresentationCreator.Program~0000000155
2024-12-14 21:54:24.2176~DEBUG~-> DownloadFile(url = "https://faas-nyc1-2ef2e6cc.doserverless.co/api/v1/web/fn-dd7f8f6a-d32a-4f5e-ae7b-870dfb7963f3/downloads/bundle?id=000000000000030", filename = "C:\Users\cofc_\AppData\Local\Temp\tmpCB66.tmp\rjsec027.ZIP", message = "rjsec027")~~RJStevensMusicPresentationCreator.Program~0000000156
2024-12-14 21:54:24.4476~DEBUG~download completed~~RJStevensMusicPresentationCreator.Program~0000000157
2024-12-14 21:54:24.4476~DEBUG~<- DownloadFile(url = "https://faas-nyc1-2ef2e6cc.doserverless.co/api/v1/web/fn-dd7f8f6a-d32a-4f5e-ae7b-870dfb7963f3/downloads/bundle?id=000000000000030", filename = "C:\Users\cofc_\AppData\Local\Temp\tmpCB66.tmp\rjsec027.ZIP", message = "rjsec027")~~RJStevensMusicPresentationCreator.Program~0000000158
2024-12-14 21:54:24.4676~DEBUG~-> ExtractAllFromFile(zipFileName = "C:\Users\cofc_\AppData\Local\Temp\tmpCB66.tmp\rjsec027.ZIP", decompressedFolder = "C:\Users\cofc_\AppData\Local\Temp\tmpCC61.tmp", message = "rjsec027")~~RJStevensMusicPresentationCreator.Program~0000000159
2024-12-14 21:54:24.7376~DEBUG~extract completed~~RJStevensMusicPresentationCreator.Program~0000000160
2024-12-14 21:54:24.7376~DEBUG~<- ExtractAllFromFile(zipFileName = "C:\Users\cofc_\AppData\Local\Temp\tmpCB66.tmp\rjsec027.ZIP", decompressedFolder = "C:\Users\cofc_\AppData\Local\Temp\tmpCC61.tmp", message = "rjsec027")~~RJStevensMusicPresentationCreator.Program~0000000161
2024-12-14 21:54:24.8096~DEBUG~-> DownloadFile(url = "https://faas-nyc1-2ef2e6cc.doserverless.co/api/v1/web/fn-dd7f8f6a-d32a-4f5e-ae7b-870dfb7963f3/downloads/bundle?id=000000000000031", filename = "C:\Users\cofc_\AppData\Local\Temp\tmpCDBA.tmp\rjsec028.ZIP", message = "rjsec028")~~RJStevensMusicPresentationCreator.Program~0000000162
2024-12-14 21:54:25.0197~DEBUG~download completed~~RJStevensMusicPresentationCreator.Program~0000000163
2024-12-14 21:54:25.0197~DEBUG~<- DownloadFile(url = "https://faas-nyc1-2ef2e6cc.doserverless.co/api/v1/web/fn-dd7f8f6a-d32a-4f5e-ae7b-870dfb7963f3/downloads/bundle?id=000000000000031", filename = "C:\Users\cofc_\AppData\Local\Temp\tmpCDBA.tmp\rjsec028.ZIP", message = "rjsec028")~~RJStevensMusicPresentationCreator.Program~0000000164
2024-12-14 21:54:25.0377~DEBUG~-> ExtractAllFromFile(zipFileName = "C:\Users\cofc_\AppData\Local\Temp\tmpCDBA.tmp\rjsec028.ZIP", decompressedFolder = "C:\Users\cofc_\AppData\Local\Temp\tmpCEA5.tmp", message = "rjsec028")~~RJStevensMusicPresentationCreator.Program~0000000165
2024-12-14 21:54:25.2587~DEBUG~extract completed~~RJStevensMusicPresentationCreator.Program~0000000166
2024-12-14 21:54:25.2587~DEBUG~<- ExtractAllFromFile(zipFileName = "C:\Users\cofc_\AppData\Local\Temp\tmpCDBA.tmp\rjsec028.ZIP", decompressedFolder = "C:\Users\cofc_\AppData\Local\Temp\tmpCEA5.tmp", message = "rjsec028")~~RJStevensMusicPresentationCreator.Program~0000000167
2024-12-14 21:54:25.3157~DEBUG~-> DownloadFile(url = "https://faas-nyc1-2ef2e6cc.doserverless.co/api/v1/web/fn-dd7f8f6a-d32a-4f5e-ae7b-870dfb7963f3/downloads/bundle?id=000000000000033", filename = "C:\Users\cofc_\AppData\Local\Temp\tmpCFBF.tmp\rjsec030.ZIP", message = "rjsec030")~~RJStevensMusicPresentationCreator.Program~0000000168
2024-12-14 21:54:25.5687~DEBUG~download completed~~RJStevensMusicPresentationCreator.Program~0000000169
2024-12-14 21:54:25.5687~DEBUG~<- DownloadFile(url = "https://faas-nyc1-2ef2e6cc.doserverless.co/api/v1/web/fn-dd7f8f6a-d32a-4f5e-ae7b-870dfb7963f3/downloads/bundle?id=000000000000033", filename = "C:\Users\cofc_\AppData\Local\Temp\tmpCFBF.tmp\rjsec030.ZIP", message = "rjsec030")~~RJStevensMusicPresentationCreator.Program~0000000170
2024-12-14 21:54:25.5847~DEBUG~-> ExtractAllFromFile(zipFileName = "C:\Users\cofc_\AppData\Local\Temp\tmpCFBF.tmp\rjsec030.ZIP", decompressedFolder = "C:\Users\cofc_\AppData\Local\Temp\tmpD0CA.tmp", message = "rjsec030")~~RJStevensMusicPresentationCreator.Program~0000000171
2024-12-14 21:54:25.8107~DEBUG~extract completed~~RJStevensMusicPresentationCreator.Program~0000000172
2024-12-14 21:54:25.8137~DEBUG~<- ExtractAllFromFile(zipFileName = "C:\Users\cofc_\AppData\Local\Temp\tmpCFBF.tmp\rjsec030.ZIP", decompressedFolder = "C:\Users\cofc_\AppData\Local\Temp\tmpD0CA.tmp", message = "rjsec030")~~RJStevensMusicPresentationCreator.Program~0000000173
2024-12-14 21:54:25.8727~DEBUG~-> DownloadFile(url = "https://faas-nyc1-2ef2e6cc.doserverless.co/api/v1/web/fn-dd7f8f6a-d32a-4f5e-ae7b-870dfb7963f3/downloads/bundle?id=000000000000035", filename = "C:\Users\cofc_\AppData\Local\Temp\tmpD1E4.tmp\rjsec032.ZIP", message = "rjsec032")~~RJStevensMusicPresentationCreator.Program~0000000174
2024-12-14 21:54:26.0847~DEBUG~download completed~~RJStevensMusicPresentationCreator.Program~0000000175
2024-12-14 21:54:26.0847~DEBUG~<- DownloadFile(url = "https://faas-nyc1-2ef2e6cc.doserverless.co/api/v1/web/fn-dd7f8f6a-d32a-4f5e-ae7b-870dfb7963f3/downloads/bundle?id=000000000000035", filename = "C:\Users\cofc_\AppData\Local\Temp\tmpD1E4.tmp\rjsec032.ZIP", message = "rjsec032")~~RJStevensMusicPresentationCreator.Program~0000000176
2024-12-14 21:54:26.1037~DEBUG~-> ExtractAllFromFile(zipFileName = "C:\Users\cofc_\AppData\Local\Temp\tmpD1E4.tmp\rjsec032.ZIP", decompressedFolder = "C:\Users\cofc_\AppData\Local\Temp\tmpD2D0.tmp", message = "rjsec032")~~RJStevensMusicPresentationCreator.Program~0000000177
2024-12-14 21:54:26.3127~DEBUG~extract completed~~RJStevensMusicPresentationCreator.Program~0000000178
2024-12-14 21:54:26.3167~DEBUG~<- ExtractAllFromFile(zipFileName = "C:\Users\cofc_\AppData\Local\Temp\tmpD1E4.tmp\rjsec032.ZIP", decompressedFolder = "C:\Users\cofc_\AppData\Local\Temp\tmpD2D0.tmp", message = "rjsec032")~~RJStevensMusicPresentationCreator.Program~0000000179
2024-12-14 21:54:26.3718~DEBUG~-> DownloadFile(url = "https://faas-nyc1-2ef2e6cc.doserverless.co/api/v1/web/fn-dd7f8f6a-d32a-4f5e-ae7b-870dfb7963f3/downloads/bundle?id=000000000000038", filename = "C:\Users\cofc_\AppData\Local\Temp\tmpD3DA.tmp\rjsec035.ZIP", message = "rjsec035")~~RJStevensMusicPresentationCreator.Program~0000000180
2024-12-14 21:54:26.5918~DEBUG~download completed~~RJStevensMusicPresentationCreator.Program~0000000181
2024-12-14 21:54:26.5918~DEBUG~<- DownloadFile(url = "https://faas-nyc1-2ef2e6cc.doserverless.co/api/v1/web/fn-dd7f8f6a-d32a-4f5e-ae7b-870dfb7963f3/downloads/bundle?id=000000000000038", filename = "C:\Users\cofc_\AppData\Local\Temp\tmpD3DA.tmp\rjsec035.ZIP", message = "rjsec035")~~RJStevensMusicPresentationCreator.Program~0000000182
2024-12-14 21:54:26.6058~DEBUG~-> ExtractAllFromFile(zipFileName = "C:\Users\cofc_\AppData\Local\Temp\tmpD3DA.tmp\rjsec035.ZIP", decompressedFolder = "C:\Users\cofc_\AppData\Local\Temp\tmpD4C6.tmp", message = "rjsec035")~~RJStevensMusicPresentationCreator.Program~0000000183
2024-12-14 21:54:26.8072~DEBUG~extract completed~~RJStevensMusicPresentationCreator.Program~0000000184
2024-12-14 21:54:26.8072~DEBUG~<- ExtractAllFromFile(zipFileName = "C:\Users\cofc_\AppData\Local\Temp\tmpD3DA.tmp\rjsec035.ZIP", decompressedFolder = "C:\Users\cofc_\AppData\Local\Temp\tmpD4C6.tmp", message = "rjsec035")~~RJStevensMusicPresentationCreator.Program~0000000185
2024-12-14 21:54:26.8612~DEBUG~-> DownloadFile(url = "https://faas-nyc1-2ef2e6cc.doserverless.co/api/v1/web/fn-dd7f8f6a-d32a-4f5e-ae7b-870dfb7963f3/downloads/bundle?id=000000000000040", filename = "C:\Users\cofc_\AppData\Local\Temp\tmpD5D0.tmp\rjsec037.ZIP", message = "rjsec037")~~RJStevensMusicPresentationCreator.Program~0000000186
2024-12-14 21:54:27.0482~DEBUG~download completed~~RJStevensMusicPresentationCreator.Program~0000000187
2024-12-14 21:54:27.0482~DEBUG~<- DownloadFile(url = "https://faas-nyc1-2ef2e6cc.doserverless.co/api/v1/web/fn-dd7f8f6a-d32a-4f5e-ae7b-870dfb7963f3/downloads/bundle?id=000000000000040", filename = "C:\Users\cofc_\AppData\Local\Temp\tmpD5D0.tmp\rjsec037.ZIP", message = "rjsec037")~~RJStevensMusicPresentationCreator.Program~0000000188
2024-12-14 21:54:27.0632~DEBUG~-> ExtractAllFromFile(zipFileName = "C:\Users\cofc_\AppData\Local\Temp\tmpD5D0.tmp\rjsec037.ZIP", decompressedFolder = "C:\Users\cofc_\AppData\Local\Temp\tmpD69C.tmp", message = "rjsec037")~~RJStevensMusicPresentationCreator.Program~0000000189
2024-12-14 21:54:27.2612~DEBUG~extract completed~~RJStevensMusicPresentationCreator.Program~0000000190
2024-12-14 21:54:27.2612~DEBUG~<- ExtractAllFromFile(zipFileName = "C:\Users\cofc_\AppData\Local\Temp\tmpD5D0.tmp\rjsec037.ZIP", decompressedFolder = "C:\Users\cofc_\AppData\Local\Temp\tmpD69C.tmp", message = "rjsec037")~~RJStevensMusicPresentationCreator.Program~0000000191
2024-12-14 21:54:27.3252~DEBUG~-> DownloadFile(url = "https://faas-nyc1-2ef2e6cc.doserverless.co/api/v1/web/fn-dd7f8f6a-d32a-4f5e-ae7b-870dfb7963f3/downloads/bundle?id=000000000000042", filename = "C:\Users\cofc_\AppData\Local\Temp\tmpD797.tmp\rjsec039.ZIP", message = "rjsec039")~~RJStevensMusicPresentationCreator.Program~0000000192
2024-12-14 21:54:27.5842~DEBUG~download completed~~RJStevensMusicPresentationCreator.Program~0000000193
2024-12-14 21:54:27.5842~DEBUG~<- DownloadFile(url = "https://faas-nyc1-2ef2e6cc.doserverless.co/api/v1/web/fn-dd7f8f6a-d32a-4f5e-ae7b-870dfb7963f3/downloads/bundle?id=000000000000042", filename = "C:\Users\cofc_\AppData\Local\Temp\tmpD797.tmp\rjsec039.ZIP", message = "rjsec039")~~RJStevensMusicPresentationCreator.Program~0000000194
2024-12-14 21:54:27.6062~DEBUG~-> ExtractAllFromFile(zipFileName = "C:\Users\cofc_\AppData\Local\Temp\tmpD797.tmp\rjsec039.ZIP", decompressedFolder = "C:\Users\cofc_\AppData\Local\Temp\tmpD8B2.tmp", message = "rjsec039")~~RJStevensMusicPresentationCreator.Program~0000000195
2024-12-14 21:54:27.8622~DEBUG~extract completed~~RJStevensMusicPresentationCreator.Program~0000000196
2024-12-14 21:54:27.8622~DEBUG~<- ExtractAllFromFile(zipFileName = "C:\Users\cofc_\AppData\Local\Temp\tmpD797.tmp\rjsec039.ZIP", decompressedFolder = "C:\Users\cofc_\AppData\Local\Temp\tmpD8B2.tmp", message = "rjsec039")~~RJStevensMusicPresentationCreator.Program~0000000197
2024-12-14 21:54:27.9312~DEBUG~-> DownloadFile(url = "https://faas-nyc1-2ef2e6cc.doserverless.co/api/v1/web/fn-dd7f8f6a-d32a-4f5e-ae7b-870dfb7963f3/downloads/bundle?id=000000000000043", filename = "C:\Users\cofc_\AppData\Local\Temp\tmpD9FB.tmp\rjsec039.15.ZIP", message = "rjsec039.15")~~RJStevensMusicPresentationCreator.Program~0000000198
2024-12-14 21:54:28.2703~DEBUG~download completed~~RJStevensMusicPresentationCreator.Program~0000000199
2024-12-14 21:54:28.2703~DEBUG~<- DownloadFile(url = "https://faas-nyc1-2ef2e6cc.doserverless.co/api/v1/web/fn-dd7f8f6a-d32a-4f5e-ae7b-870dfb7963f3/downloads/bundle?id=000000000000043", filename = "C:\Users\cofc_\AppData\Local\Temp\tmpD9FB.tmp\rjsec039.15.ZIP", message = "rjsec039.15")~~RJStevensMusicPresentationCreator.Program~0000000200
2024-12-14 21:54:28.2883~DEBUG~-> ExtractAllFromFile(zipFileName = "C:\Users\cofc_\AppData\Local\Temp\tmpD9FB.tmp\rjsec039.15.ZIP", decompressedFolder = "C:\Users\cofc_\AppData\Local\Temp\tmpDB63.tmp", message = "rjsec039.15")~~RJStevensMusicPresentationCreator.Program~0000000201
2024-12-14 21:54:28.6253~DEBUG~extract completed~~RJStevensMusicPresentationCreator.Program~0000000202
2024-12-14 21:54:28.6283~DEBUG~<- ExtractAllFromFile(zipFileName = "C:\Users\cofc_\AppData\Local\Temp\tmpD9FB.tmp\rjsec039.15.ZIP", decompressedFolder = "C:\Users\cofc_\AppData\Local\Temp\tmpDB63.tmp", message = "rjsec039.15")~~RJStevensMusicPresentationCreator.Program~0000000203
2024-12-14 21:54:28.7053~DEBUG~-> DownloadFile(url = "https://faas-nyc1-2ef2e6cc.doserverless.co/api/v1/web/fn-dd7f8f6a-d32a-4f5e-ae7b-870dfb7963f3/downloads/bundle?id=000000000000045", filename = "C:\Users\cofc_\AppData\Local\Temp\tmpDD0A.tmp\rjsec041.ZIP", message = "rjsec041")~~RJStevensMusicPresentationCreator.Program~0000000204
2024-12-14 21:54:28.9313~DEBUG~download completed~~RJStevensMusicPresentationCreator.Program~0000000205
2024-12-14 21:54:28.9313~DEBUG~<- DownloadFile(url = "https://faas-nyc1-2ef2e6cc.doserverless.co/api/v1/web/fn-dd7f8f6a-d32a-4f5e-ae7b-870dfb7963f3/downloads/bundle?id=000000000000045", filename = "C:\Users\cofc_\AppData\Local\Temp\tmpDD0A.tmp\rjsec041.ZIP", message = "rjsec041")~~RJStevensMusicPresentationCreator.Program~0000000206
2024-12-14 21:54:28.9573~DEBUG~-> ExtractAllFromFile(zipFileName = "C:\Users\cofc_\AppData\Local\Temp\tmpDD0A.tmp\rjsec041.ZIP", decompressedFolder = "C:\Users\cofc_\AppData\Local\Temp\tmpDE05.tmp", message = "rjsec041")~~RJStevensMusicPresentationCreator.Program~0000000207
2024-12-14 21:54:29.2083~DEBUG~extract completed~~RJStevensMusicPresentationCreator.Program~0000000208
2024-12-14 21:54:29.2083~DEBUG~<- ExtractAllFromFile(zipFileName = "C:\Users\cofc_\AppData\Local\Temp\tmpDD0A.tmp\rjsec041.ZIP", decompressedFolder = "C:\Users\cofc_\AppData\Local\Temp\tmpDE05.tmp", message = "rjsec041")~~RJStevensMusicPresentationCreator.Program~0000000209
2024-12-14 21:54:29.2763~DEBUG~-> DownloadFile(url = "https://faas-nyc1-2ef2e6cc.doserverless.co/api/v1/web/fn-dd7f8f6a-d32a-4f5e-ae7b-870dfb7963f3/downloads/bundle?id=000000000000046", filename = "C:\Users\cofc_\AppData\Local\Temp\tmpDF3E.tmp\rjsec041.15.ZIP", message = "rjsec041.15")~~RJStevensMusicPresentationCreator.Program~0000000210
2024-12-14 21:54:29.4824~DEBUG~download completed~~RJStevensMusicPresentationCreator.Program~0000000211
2024-12-14 21:54:29.4824~DEBUG~<- DownloadFile(url = "https://faas-nyc1-2ef2e6cc.doserverless.co/api/v1/web/fn-dd7f8f6a-d32a-4f5e-ae7b-870dfb7963f3/downloads/bundle?id=000000000000046", filename = "C:\Users\cofc_\AppData\Local\Temp\tmpDF3E.tmp\rjsec041.15.ZIP", message = "rjsec041.15")~~RJStevensMusicPresentationCreator.Program~0000000212
2024-12-14 21:54:29.4994~DEBUG~-> ExtractAllFromFile(zipFileName = "C:\Users\cofc_\AppData\Local\Temp\tmpDF3E.tmp\rjsec041.15.ZIP", decompressedFolder = "C:\Users\cofc_\AppData\Local\Temp\tmpE01A.tmp", message = "rjsec041.15")~~RJStevensMusicPresentationCreator.Program~0000000213
2024-12-14 21:54:29.7694~DEBUG~extract completed~~RJStevensMusicPresentationCreator.Program~0000000214
2024-12-14 21:54:29.7694~DEBUG~<- ExtractAllFromFile(zipFileName = "C:\Users\cofc_\AppData\Local\Temp\tmpDF3E.tmp\rjsec041.15.ZIP", decompressedFolder = "C:\Users\cofc_\AppData\Local\Temp\tmpE01A.tmp", message = "rjsec041.15")~~RJStevensMusicPresentationCreator.Program~0000000215
2024-12-14 21:54:29.8494~DEBUG~-> DownloadFile(url = "https://faas-nyc1-2ef2e6cc.doserverless.co/api/v1/web/fn-dd7f8f6a-d32a-4f5e-ae7b-870dfb7963f3/downloads/bundle?id=000000000000048", filename = "C:\Users\cofc_\AppData\Local\Temp\tmpE183.tmp\rjsec043.ZIP", message = "rjsec043")~~RJStevensMusicPresentationCreator.Program~0000000216
2024-12-14 21:54:30.0694~DEBUG~download completed~~RJStevensMusicPresentationCreator.Program~0000000217
2024-12-14 21:54:30.0694~DEBUG~<- DownloadFile(url = "https://faas-nyc1-2ef2e6cc.doserverless.co/api/v1/web/fn-dd7f8f6a-d32a-4f5e-ae7b-870dfb7963f3/downloads/bundle?id=000000000000048", filename = "C:\Users\cofc_\AppData\Local\Temp\tmpE183.tmp\rjsec043.ZIP", message = "rjsec043")~~RJStevensMusicPresentationCreator.Program~0000000218
2024-12-14 21:54:30.0844~DEBUG~-> ExtractAllFromFile(zipFileName = "C:\Users\cofc_\AppData\Local\Temp\tmpE183.tmp\rjsec043.ZIP", decompressedFolder = "C:\Users\cofc_\AppData\Local\Temp\tmpE26E.tmp", message = "rjsec043")~~RJStevensMusicPresentationCreator.Program~0000000219
2024-12-14 21:54:30.2784~DEBUG~extract completed~~RJStevensMusicPresentationCreator.Program~0000000220
2024-12-14 21:54:30.2784~DEBUG~<- ExtractAllFromFile(zipFileName = "C:\Users\cofc_\AppData\Local\Temp\tmpE183.tmp\rjsec043.ZIP", decompressedFolder = "C:\Users\cofc_\AppData\Local\Temp\tmpE26E.tmp", message = "rjsec043")~~RJStevensMusicPresentationCreator.Program~0000000221
2024-12-14 21:54:30.3444~DEBUG~-> DownloadFile(url = "https://faas-nyc1-2ef2e6cc.doserverless.co/api/v1/web/fn-dd7f8f6a-d32a-4f5e-ae7b-870dfb7963f3/downloads/bundle?id=000000000000049", filename = "C:\Users\cofc_\AppData\Local\Temp\tmpE369.tmp\rjsec044.ZIP", message = "rjsec044")~~RJStevensMusicPresentationCreator.Program~0000000222
2024-12-14 21:54:30.6354~DEBUG~download completed~~RJStevensMusicPresentationCreator.Program~0000000223
2024-12-14 21:54:30.6354~DEBUG~<- DownloadFile(url = "https://faas-nyc1-2ef2e6cc.doserverless.co/api/v1/web/fn-dd7f8f6a-d32a-4f5e-ae7b-870dfb7963f3/downloads/bundle?id=000000000000049", filename = "C:\Users\cofc_\AppData\Local\Temp\tmpE369.tmp\rjsec044.ZIP", message = "rjsec044")~~RJStevensMusicPresentationCreator.Program~0000000224
2024-12-14 21:54:30.6724~DEBUG~-> ExtractAllFromFile(zipFileName = "C:\Users\cofc_\AppData\Local\Temp\tmpE369.tmp\rjsec044.ZIP", decompressedFolder = "C:\Users\cofc_\AppData\Local\Temp\tmpE4B2.tmp", message = "rjsec044")~~RJStevensMusicPresentationCreator.Program~0000000225
2024-12-14 21:54:31.1955~DEBUG~extract completed~~RJStevensMusicPresentationCreator.Program~0000000226
2024-12-14 21:54:31.2035~DEBUG~<- ExtractAllFromFile(zipFileName = "C:\Users\cofc_\AppData\Local\Temp\tmpE369.tmp\rjsec044.ZIP", decompressedFolder = "C:\Users\cofc_\AppData\Local\Temp\tmpE4B2.tmp", message = "rjsec044")~~RJStevensMusicPresentationCreator.Program~0000000227
2024-12-14 21:54:31.3195~DEBUG~-> DownloadFile(url = "https://faas-nyc1-2ef2e6cc.doserverless.co/api/v1/web/fn-dd7f8f6a-d32a-4f5e-ae7b-870dfb7963f3/downloads/bundle?id=000000000000050", filename = "C:\Users\cofc_\AppData\Local\Temp\tmpE743.tmp\rjsec045.ZIP", message = "rjsec045")~~RJStevensMusicPresentationCreator.Program~0000000228
2024-12-14 21:54:31.5575~DEBUG~download completed~~RJStevensMusicPresentationCreator.Program~0000000229
2024-12-14 21:54:31.5575~DEBUG~<- DownloadFile(url = "https://faas-nyc1-2ef2e6cc.doserverless.co/api/v1/web/fn-dd7f8f6a-d32a-4f5e-ae7b-870dfb7963f3/downloads/bundle?id=000000000000050", filename = "C:\Users\cofc_\AppData\Local\Temp\tmpE743.tmp\rjsec045.ZIP", message = "rjsec045")~~RJStevensMusicPresentationCreator.Program~0000000230
2024-12-14 21:54:31.5805~DEBUG~-> ExtractAllFromFile(zipFileName = "C:\Users\cofc_\AppData\Local\Temp\tmpE743.tmp\rjsec045.ZIP", decompressedFolder = "C:\Users\cofc_\AppData\Local\Temp\tmpE84E.tmp", message = "rjsec045")~~RJStevensMusicPresentationCreator.Program~0000000231
2024-12-14 21:54:31.8755~DEBUG~extract completed~~RJStevensMusicPresentationCreator.Program~0000000232
2024-12-14 21:54:31.8755~DEBUG~<- ExtractAllFromFile(zipFileName = "C:\Users\cofc_\AppData\Local\Temp\tmpE743.tmp\rjsec045.ZIP", decompressedFolder = "C:\Users\cofc_\AppData\Local\Temp\tmpE84E.tmp", message = "rjsec045")~~RJStevensMusicPresentationCreator.Program~0000000233
2024-12-14 21:54:31.9585~DEBUG~-> DownloadFile(url = "https://faas-nyc1-2ef2e6cc.doserverless.co/api/v1/web/fn-dd7f8f6a-d32a-4f5e-ae7b-870dfb7963f3/downloads/bundle?id=000000000000051", filename = "C:\Users\cofc_\AppData\Local\Temp\tmpE9CB.tmp\rjsec046.ZIP", message = "rjsec046")~~RJStevensMusicPresentationCreator.Program~0000000234
2024-12-14 21:54:32.1916~DEBUG~download completed~~RJStevensMusicPresentationCreator.Program~0000000235
2024-12-14 21:54:32.1916~DEBUG~<- DownloadFile(url = "https://faas-nyc1-2ef2e6cc.doserverless.co/api/v1/web/fn-dd7f8f6a-d32a-4f5e-ae7b-870dfb7963f3/downloads/bundle?id=000000000000051", filename = "C:\Users\cofc_\AppData\Local\Temp\tmpE9CB.tmp\rjsec046.ZIP", message = "rjsec046")~~RJStevensMusicPresentationCreator.Program~0000000236
2024-12-14 21:54:32.2096~DEBUG~-> ExtractAllFromFile(zipFileName = "C:\Users\cofc_\AppData\Local\Temp\tmpE9CB.tmp\rjsec046.ZIP", decompressedFolder = "C:\Users\cofc_\AppData\Local\Temp\tmpEAC1.tmp", message = "rjsec046")~~RJStevensMusicPresentationCreator.Program~0000000237
2024-12-14 21:54:32.5696~DEBUG~extract completed~~RJStevensMusicPresentationCreator.Program~0000000238
2024-12-14 21:54:32.5696~DEBUG~<- ExtractAllFromFile(zipFileName = "C:\Users\cofc_\AppData\Local\Temp\tmpE9CB.tmp\rjsec046.ZIP", decompressedFolder = "C:\Users\cofc_\AppData\Local\Temp\tmpEAC1.tmp", message = "rjsec046")~~RJStevensMusicPresentationCreator.Program~0000000239
2024-12-14 21:54:32.6736~DEBUG~-> DownloadFile(url = "https://faas-nyc1-2ef2e6cc.doserverless.co/api/v1/web/fn-dd7f8f6a-d32a-4f5e-ae7b-870dfb7963f3/downloads/bundle?id=000000000000052", filename = "C:\Users\cofc_\AppData\Local\Temp\tmpEC97.tmp\rjsec047.ZIP", message = "rjsec047")~~RJStevensMusicPresentationCreator.Program~0000000240
2024-12-14 21:54:32.8976~DEBUG~download completed~~RJStevensMusicPresentationCreator.Program~0000000241
2024-12-14 21:54:32.8976~DEBUG~<- DownloadFile(url = "https://faas-nyc1-2ef2e6cc.doserverless.co/api/v1/web/fn-dd7f8f6a-d32a-4f5e-ae7b-870dfb7963f3/downloads/bundle?id=000000000000052", filename = "C:\Users\cofc_\AppData\Local\Temp\tmpEC97.tmp\rjsec047.ZIP", message = "rjsec047")~~RJStevensMusicPresentationCreator.Program~0000000242
2024-12-14 21:54:32.9266~DEBUG~-> ExtractAllFromFile(zipFileName = "C:\Users\cofc_\AppData\Local\Temp\tmpEC97.tmp\rjsec047.ZIP", decompressedFolder = "C:\Users\cofc_\AppData\Local\Temp\tmpED92.tmp", message = "rjsec047")~~RJStevensMusicPresentationCreator.Program~0000000243
2024-12-14 21:54:33.1426~DEBUG~extract completed~~RJStevensMusicPresentationCreator.Program~0000000244
2024-12-14 21:54:33.1426~DEBUG~<- ExtractAllFromFile(zipFileName = "C:\Users\cofc_\AppData\Local\Temp\tmpEC97.tmp\rjsec047.ZIP", decompressedFolder = "C:\Users\cofc_\AppData\Local\Temp\tmpED92.tmp", message = "rjsec047")~~RJStevensMusicPresentationCreator.Program~0000000245
2024-12-14 21:54:33.1966~DEBUG~-> DownloadFile(url = "https://faas-nyc1-2ef2e6cc.doserverless.co/api/v1/web/fn-dd7f8f6a-d32a-4f5e-ae7b-870dfb7963f3/downloads/bundle?id=000000000000053", filename = "C:\Users\cofc_\AppData\Local\Temp\tmpEE9C.tmp\rjsec048.ZIP", message = "rjsec048")~~RJStevensMusicPresentationCreator.Program~0000000246
2024-12-14 21:54:33.4416~DEBUG~download completed~~RJStevensMusicPresentationCreator.Program~0000000247
2024-12-14 21:54:33.4416~DEBUG~<- DownloadFile(url = "https://faas-nyc1-2ef2e6cc.doserverless.co/api/v1/web/fn-dd7f8f6a-d32a-4f5e-ae7b-870dfb7963f3/downloads/bundle?id=000000000000053", filename = "C:\Users\cofc_\AppData\Local\Temp\tmpEE9C.tmp\rjsec048.ZIP", message = "rjsec048")~~RJStevensMusicPresentationCreator.Program~0000000248
2024-12-14 21:54:33.4577~DEBUG~-> ExtractAllFromFile(zipFileName = "C:\Users\cofc_\AppData\Local\Temp\tmpEE9C.tmp\rjsec048.ZIP", decompressedFolder = "C:\Users\cofc_\AppData\Local\Temp\tmpEFA7.tmp", message = "rjsec048")~~RJStevensMusicPresentationCreator.Program~0000000249
2024-12-14 21:54:33.8407~DEBUG~extract completed~~RJStevensMusicPresentationCreator.Program~0000000250
2024-12-14 21:54:33.8407~DEBUG~<- ExtractAllFromFile(zipFileName = "C:\Users\cofc_\AppData\Local\Temp\tmpEE9C.tmp\rjsec048.ZIP", decompressedFolder = "C:\Users\cofc_\AppData\Local\Temp\tmpEFA7.tmp", message = "rjsec048")~~RJStevensMusicPresentationCreator.Program~0000000251
2024-12-14 21:54:33.9127~DEBUG~-> DownloadFile(url = "https://faas-nyc1-2ef2e6cc.doserverless.co/api/v1/web/fn-dd7f8f6a-d32a-4f5e-ae7b-870dfb7963f3/downloads/bundle?id=000000000000054", filename = "C:\Users\cofc_\AppData\Local\Temp\tmpF16D.tmp\rjsec049.ZIP", message = "rjsec049")~~RJStevensMusicPresentationCreator.Program~0000000252
2024-12-14 21:54:34.1437~DEBUG~download completed~~RJStevensMusicPresentationCreator.Program~0000000253
2024-12-14 21:54:34.1437~DEBUG~<- DownloadFile(url = "https://faas-nyc1-2ef2e6cc.doserverless.co/api/v1/web/fn-dd7f8f6a-d32a-4f5e-ae7b-870dfb7963f3/downloads/bundle?id=000000000000054", filename = "C:\Users\cofc_\AppData\Local\Temp\tmpF16D.tmp\rjsec049.ZIP", message = "rjsec049")~~RJStevensMusicPresentationCreator.Program~0000000254
2024-12-14 21:54:34.1637~DEBUG~-> ExtractAllFromFile(zipFileName = "C:\Users\cofc_\AppData\Local\Temp\tmpF16D.tmp\rjsec049.ZIP", decompressedFolder = "C:\Users\cofc_\AppData\Local\Temp\tmpF268.tmp", message = "rjsec049")~~RJStevensMusicPresentationCreator.Program~0000000255
2024-12-14 21:54:34.4137~DEBUG~extract completed~~RJStevensMusicPresentationCreator.Program~0000000256
2024-12-14 21:54:34.4137~DEBUG~<- ExtractAllFromFile(zipFileName = "C:\Users\cofc_\AppData\Local\Temp\tmpF16D.tmp\rjsec049.ZIP", decompressedFolder = "C:\Users\cofc_\AppData\Local\Temp\tmpF268.tmp", message = "rjsec049")~~RJStevensMusicPresentationCreator.Program~0000000257
2024-12-14 21:54:34.4787~DEBUG~-> DownloadFile(url = "https://faas-nyc1-2ef2e6cc.doserverless.co/api/v1/web/fn-dd7f8f6a-d32a-4f5e-ae7b-870dfb7963f3/downloads/bundle?id=000000000000059", filename = "C:\Users\cofc_\AppData\Local\Temp\tmpF3A2.tmp\rjsec053.ZIP", message = "rjsec053")~~RJStevensMusicPresentationCreator.Program~0000000258
2024-12-14 21:54:34.7337~DEBUG~download completed~~RJStevensMusicPresentationCreator.Program~0000000259
2024-12-14 21:54:34.7347~DEBUG~<- DownloadFile(url = "https://faas-nyc1-2ef2e6cc.doserverless.co/api/v1/web/fn-dd7f8f6a-d32a-4f5e-ae7b-870dfb7963f3/downloads/bundle?id=000000000000059", filename = "C:\Users\cofc_\AppData\Local\Temp\tmpF3A2.tmp\rjsec053.ZIP", message = "rjsec053")~~RJStevensMusicPresentationCreator.Program~0000000260
2024-12-14 21:54:34.7347~DEBUG~-> ExtractAllFromFile(zipFileName = "C:\Users\cofc_\AppData\Local\Temp\tmpF3A2.tmp\rjsec053.ZIP", decompressedFolder = "C:\Users\cofc_\AppData\Local\Temp\tmpF4AC.tmp", message = "rjsec053")~~RJStevensMusicPresentationCreator.Program~0000000261
2024-12-14 21:54:35.0048~DEBUG~extract completed~~RJStevensMusicPresentationCreator.Program~0000000262
2024-12-14 21:54:35.0048~DEBUG~<- ExtractAllFromFile(zipFileName = "C:\Users\cofc_\AppData\Local\Temp\tmpF3A2.tmp\rjsec053.ZIP", decompressedFolder = "C:\Users\cofc_\AppData\Local\Temp\tmpF4AC.tmp", message = "rjsec053")~~RJStevensMusicPresentationCreator.Program~0000000263
2024-12-14 21:54:35.0778~DEBUG~-> DownloadFile(url = "https://faas-nyc1-2ef2e6cc.doserverless.co/api/v1/web/fn-dd7f8f6a-d32a-4f5e-ae7b-870dfb7963f3/downloads/bundle?id=000000000000060", filename = "C:\Users\cofc_\AppData\Local\Temp\tmpF5F5.tmp\rjsec054.ZIP", message = "rjsec054")~~RJStevensMusicPresentationCreator.Program~0000000264
2024-12-14 21:54:35.2818~DEBUG~download completed~~RJStevensMusicPresentationCreator.Program~0000000265
2024-12-14 21:54:35.2818~DEBUG~<- DownloadFile(url = "https://faas-nyc1-2ef2e6cc.doserverless.co/api/v1/web/fn-dd7f8f6a-d32a-4f5e-ae7b-870dfb7963f3/downloads/bundle?id=000000000000060", filename = "C:\Users\cofc_\AppData\Local\Temp\tmpF5F5.tmp\rjsec054.ZIP", message = "rjsec054")~~RJStevensMusicPresentationCreator.Program~0000000266
2024-12-14 21:54:35.3038~DEBUG~-> ExtractAllFromFile(zipFileName = "C:\Users\cofc_\AppData\Local\Temp\tmpF5F5.tmp\rjsec054.ZIP", decompressedFolder = "C:\Users\cofc_\AppData\Local\Temp\tmpF6E1.tmp", message = "rjsec054")~~RJStevensMusicPresentationCreator.Program~0000000267
2024-12-14 21:54:35.6268~DEBUG~extract completed~~RJStevensMusicPresentationCreator.Program~0000000268
2024-12-14 21:54:35.6268~DEBUG~<- ExtractAllFromFile(zipFileName = "C:\Users\cofc_\AppData\Local\Temp\tmpF5F5.tmp\rjsec054.ZIP", decompressedFolder = "C:\Users\cofc_\AppData\Local\Temp\tmpF6E1.tmp", message = "rjsec054")~~RJStevensMusicPresentationCreator.Program~0000000269
2024-12-14 21:54:35.7068~DEBUG~-> DownloadFile(url = "https://faas-nyc1-2ef2e6cc.doserverless.co/api/v1/web/fn-dd7f8f6a-d32a-4f5e-ae7b-870dfb7963f3/downloads/bundle?id=000000000000061", filename = "C:\Users\cofc_\AppData\Local\Temp\tmpF878.tmp\rjsec055.ZIP", message = "rjsec055")~~RJStevensMusicPresentationCreator.Program~0000000270
2024-12-14 21:54:35.8948~DEBUG~download completed~~RJStevensMusicPresentationCreator.Program~0000000271
2024-12-14 21:54:35.8948~DEBUG~<- DownloadFile(url = "https://faas-nyc1-2ef2e6cc.doserverless.co/api/v1/web/fn-dd7f8f6a-d32a-4f5e-ae7b-870dfb7963f3/downloads/bundle?id=000000000000061", filename = "C:\Users\cofc_\AppData\Local\Temp\tmpF878.tmp\rjsec055.ZIP", message = "rjsec055")~~RJStevensMusicPresentationCreator.Program~0000000272
2024-12-14 21:54:35.9108~DEBUG~-> ExtractAllFromFile(zipFileName = "C:\Users\cofc_\AppData\Local\Temp\tmpF878.tmp\rjsec055.ZIP", decompressedFolder = "C:\Users\cofc_\AppData\Local\Temp\tmpF944.tmp", message = "rjsec055")~~RJStevensMusicPresentationCreator.Program~0000000273
2024-12-14 21:54:36.0378~DEBUG~extract completed~~RJStevensMusicPresentationCreator.Program~0000000274
2024-12-14 21:54:36.0378~DEBUG~<- ExtractAllFromFile(zipFileName = "C:\Users\cofc_\AppData\Local\Temp\tmpF878.tmp\rjsec055.ZIP", decompressedFolder = "C:\Users\cofc_\AppData\Local\Temp\tmpF944.tmp", message = "rjsec055")~~RJStevensMusicPresentationCreator.Program~0000000275
2024-12-14 21:54:36.0878~DEBUG~-> DownloadFile(url = "https://faas-nyc1-2ef2e6cc.doserverless.co/api/v1/web/fn-dd7f8f6a-d32a-4f5e-ae7b-870dfb7963f3/downloads/bundle?id=000000000000062", filename = "C:\Users\cofc_\AppData\Local\Temp\tmpF9F1.tmp\rjsec056.ZIP", message = "rjsec056")~~RJStevensMusicPresentationCreator.Program~0000000276
2024-12-14 21:54:36.3349~DEBUG~download completed~~RJStevensMusicPresentationCreator.Program~0000000277
2024-12-14 21:54:36.3349~DEBUG~<- DownloadFile(url = "https://faas-nyc1-2ef2e6cc.doserverless.co/api/v1/web/fn-dd7f8f6a-d32a-4f5e-ae7b-870dfb7963f3/downloads/bundle?id=000000000000062", filename = "C:\Users\cofc_\AppData\Local\Temp\tmpF9F1.tmp\rjsec056.ZIP", message = "rjsec056")~~RJStevensMusicPresentationCreator.Program~0000000278
2024-12-14 21:54:36.3579~DEBUG~-> ExtractAllFromFile(zipFileName = "C:\Users\cofc_\AppData\Local\Temp\tmpF9F1.tmp\rjsec056.ZIP", decompressedFolder = "C:\Users\cofc_\AppData\Local\Temp\tmpFAFC.tmp", message = "rjsec056")~~RJStevensMusicPresentationCreator.Program~0000000279
2024-12-14 21:54:36.7794~DEBUG~extract completed~~RJStevensMusicPresentationCreator.Program~0000000280
2024-12-14 21:54:36.7824~DEBUG~<- ExtractAllFromFile(zipFileName = "C:\Users\cofc_\AppData\Local\Temp\tmpF9F1.tmp\rjsec056.ZIP", decompressedFolder = "C:\Users\cofc_\AppData\Local\Temp\tmpFAFC.tmp", message = "rjsec056")~~RJStevensMusicPresentationCreator.Program~0000000281
2024-12-14 21:54:36.8764~DEBUG~-> DownloadFile(url = "https://faas-nyc1-2ef2e6cc.doserverless.co/api/v1/web/fn-dd7f8f6a-d32a-4f5e-ae7b-870dfb7963f3/downloads/bundle?id=000000000000063", filename = "C:\Users\cofc_\AppData\Local\Temp\tmpFD10.tmp\rjsec057.ZIP", message = "rjsec057")~~RJStevensMusicPresentationCreator.Program~0000000282
2024-12-14 21:54:37.0904~DEBUG~download completed~~RJStevensMusicPresentationCreator.Program~0000000283
2024-12-14 21:54:37.0904~DEBUG~<- DownloadFile(url = "https://faas-nyc1-2ef2e6cc.doserverless.co/api/v1/web/fn-dd7f8f6a-d32a-4f5e-ae7b-870dfb7963f3/downloads/bundle?id=000000000000063", filename = "C:\Users\cofc_\AppData\Local\Temp\tmpFD10.tmp\rjsec057.ZIP", message = "rjsec057")~~RJStevensMusicPresentationCreator.Program~0000000284
2024-12-14 21:54:37.1054~DEBUG~-> ExtractAllFromFile(zipFileName = "C:\Users\cofc_\AppData\Local\Temp\tmpFD10.tmp\rjsec057.ZIP", decompressedFolder = "C:\Users\cofc_\AppData\Local\Temp\tmpFDEC.tmp", message = "rjsec057")~~RJStevensMusicPresentationCreator.Program~0000000285
2024-12-14 21:54:37.3444~DEBUG~extract completed~~RJStevensMusicPresentationCreator.Program~0000000286
2024-12-14 21:54:37.3444~DEBUG~<- ExtractAllFromFile(zipFileName = "C:\Users\cofc_\AppData\Local\Temp\tmpFD10.tmp\rjsec057.ZIP", decompressedFolder = "C:\Users\cofc_\AppData\Local\Temp\tmpFDEC.tmp", message = "rjsec057")~~RJStevensMusicPresentationCreator.Program~0000000287
2024-12-14 21:54:37.4144~DEBUG~-> DownloadFile(url = "https://faas-nyc1-2ef2e6cc.doserverless.co/api/v1/web/fn-dd7f8f6a-d32a-4f5e-ae7b-870dfb7963f3/downloads/bundle?id=000000000000065", filename = "C:\Users\cofc_\AppData\Local\Temp\tmpFF25.tmp\rjsec059.ZIP", message = "rjsec059")~~RJStevensMusicPresentationCreator.Program~0000000288
2024-12-14 21:54:37.6455~DEBUG~download completed~~RJStevensMusicPresentationCreator.Program~0000000289
2024-12-14 21:54:37.6455~DEBUG~<- DownloadFile(url = "https://faas-nyc1-2ef2e6cc.doserverless.co/api/v1/web/fn-dd7f8f6a-d32a-4f5e-ae7b-870dfb7963f3/downloads/bundle?id=000000000000065", filename = "C:\Users\cofc_\AppData\Local\Temp\tmpFF25.tmp\rjsec059.ZIP", message = "rjsec059")~~RJStevensMusicPresentationCreator.Program~0000000290
2024-12-14 21:54:37.6635~DEBUG~-> ExtractAllFromFile(zipFileName = "C:\Users\cofc_\AppData\Local\Temp\tmpFF25.tmp\rjsec059.ZIP", decompressedFolder = "C:\Users\cofc_\AppData\Local\Temp\tmp20.tmp", message = "rjsec059")~~RJStevensMusicPresentationCreator.Program~0000000291
2024-12-14 21:54:37.9185~DEBUG~extract completed~~RJStevensMusicPresentationCreator.Program~0000000292
2024-12-14 21:54:37.9225~DEBUG~<- ExtractAllFromFile(zipFileName = "C:\Users\cofc_\AppData\Local\Temp\tmpFF25.tmp\rjsec059.ZIP", decompressedFolder = "C:\Users\cofc_\AppData\Local\Temp\tmp20.tmp", message = "rjsec059")~~RJStevensMusicPresentationCreator.Program~0000000293
2024-12-14 21:54:37.9885~DEBUG~-> DownloadFile(url = "https://faas-nyc1-2ef2e6cc.doserverless.co/api/v1/web/fn-dd7f8f6a-d32a-4f5e-ae7b-870dfb7963f3/downloads/bundle?id=000000000000066", filename = "C:\Users\cofc_\AppData\Local\Temp\tmp169.tmp\rjsec060.ZIP", message = "rjsec060")~~RJStevensMusicPresentationCreator.Program~0000000294
2024-12-14 21:54:38.2115~DEBUG~download completed~~RJStevensMusicPresentationCreator.Program~0000000295
2024-12-14 21:54:38.2115~DEBUG~<- DownloadFile(url = "https://faas-nyc1-2ef2e6cc.doserverless.co/api/v1/web/fn-dd7f8f6a-d32a-4f5e-ae7b-870dfb7963f3/downloads/bundle?id=000000000000066", filename = "C:\Users\cofc_\AppData\Local\Temp\tmp169.tmp\rjsec060.ZIP", message = "rjsec060")~~RJStevensMusicPresentationCreator.Program~0000000296
2024-12-14 21:54:38.2355~DEBUG~-> ExtractAllFromFile(zipFileName = "C:\Users\cofc_\AppData\Local\Temp\tmp169.tmp\rjsec060.ZIP", decompressedFolder = "C:\Users\cofc_\AppData\Local\Temp\tmp264.tmp", message = "rjsec060")~~RJStevensMusicPresentationCreator.Program~0000000297
2024-12-14 21:54:38.5895~DEBUG~extract completed~~RJStevensMusicPresentationCreator.Program~0000000298
2024-12-14 21:54:38.5945~DEBUG~<- ExtractAllFromFile(zipFileName = "C:\Users\cofc_\AppData\Local\Temp\tmp169.tmp\rjsec060.ZIP", decompressedFolder = "C:\Users\cofc_\AppData\Local\Temp\tmp264.tmp", message = "rjsec060")~~RJStevensMusicPresentationCreator.Program~0000000299
2024-12-14 21:54:38.6815~DEBUG~-> DownloadFile(url = "https://faas-nyc1-2ef2e6cc.doserverless.co/api/v1/web/fn-dd7f8f6a-d32a-4f5e-ae7b-870dfb7963f3/downloads/bundle?id=000000000000067", filename = "C:\Users\cofc_\AppData\Local\Temp\tmp41B.tmp\rjsec061.ZIP", message = "rjsec061")~~RJStevensMusicPresentationCreator.Program~0000000300
2024-12-14 21:54:38.9016~DEBUG~download completed~~RJStevensMusicPresentationCreator.Program~0000000301
2024-12-14 21:54:38.9016~DEBUG~<- DownloadFile(url = "https://faas-nyc1-2ef2e6cc.doserverless.co/api/v1/web/fn-dd7f8f6a-d32a-4f5e-ae7b-870dfb7963f3/downloads/bundle?id=000000000000067", filename = "C:\Users\cofc_\AppData\Local\Temp\tmp41B.tmp\rjsec061.ZIP", message = "rjsec061")~~RJStevensMusicPresentationCreator.Program~0000000302
2024-12-14 21:54:38.9286~DEBUG~-> ExtractAllFromFile(zipFileName = "C:\Users\cofc_\AppData\Local\Temp\tmp41B.tmp\rjsec061.ZIP", decompressedFolder = "C:\Users\cofc_\AppData\Local\Temp\tmp516.tmp", message = "rjsec061")~~RJStevensMusicPresentationCreator.Program~0000000303
2024-12-14 21:54:39.2166~DEBUG~extract completed~~RJStevensMusicPresentationCreator.Program~0000000304
2024-12-14 21:54:39.2216~DEBUG~<- ExtractAllFromFile(zipFileName = "C:\Users\cofc_\AppData\Local\Temp\tmp41B.tmp\rjsec061.ZIP", decompressedFolder = "C:\Users\cofc_\AppData\Local\Temp\tmp516.tmp", message = "rjsec061")~~RJStevensMusicPresentationCreator.Program~0000000305
2024-12-14 21:54:39.2976~DEBUG~-> DownloadFile(url = "https://faas-nyc1-2ef2e6cc.doserverless.co/api/v1/web/fn-dd7f8f6a-d32a-4f5e-ae7b-870dfb7963f3/downloads/bundle?id=000000000000068", filename = "C:\Users\cofc_\AppData\Local\Temp\tmp67E.tmp\rjsec062.ZIP", message = "rjsec062")~~RJStevensMusicPresentationCreator.Program~0000000306
2024-12-14 21:54:39.5436~DEBUG~download completed~~RJStevensMusicPresentationCreator.Program~0000000307
2024-12-14 21:54:39.5436~DEBUG~<- DownloadFile(url = "https://faas-nyc1-2ef2e6cc.doserverless.co/api/v1/web/fn-dd7f8f6a-d32a-4f5e-ae7b-870dfb7963f3/downloads/bundle?id=000000000000068", filename = "C:\Users\cofc_\AppData\Local\Temp\tmp67E.tmp\rjsec062.ZIP", message = "rjsec062")~~RJStevensMusicPresentationCreator.Program~0000000308
2024-12-14 21:54:39.5636~DEBUG~-> ExtractAllFromFile(zipFileName = "C:\Users\cofc_\AppData\Local\Temp\tmp67E.tmp\rjsec062.ZIP", decompressedFolder = "C:\Users\cofc_\AppData\Local\Temp\tmp789.tmp", message = "rjsec062")~~RJStevensMusicPresentationCreator.Program~0000000309
2024-12-14 21:54:39.8036~DEBUG~extract completed~~RJStevensMusicPresentationCreator.Program~0000000310
2024-12-14 21:54:39.8036~DEBUG~<- ExtractAllFromFile(zipFileName = "C:\Users\cofc_\AppData\Local\Temp\tmp67E.tmp\rjsec062.ZIP", decompressedFolder = "C:\Users\cofc_\AppData\Local\Temp\tmp789.tmp", message = "rjsec062")~~RJStevensMusicPresentationCreator.Program~0000000311
2024-12-14 21:54:39.8766~DEBUG~-> DownloadFile(url = "https://faas-nyc1-2ef2e6cc.doserverless.co/api/v1/web/fn-dd7f8f6a-d32a-4f5e-ae7b-870dfb7963f3/downloads/bundle?id=000000000000069", filename = "C:\Users\cofc_\AppData\Local\Temp\tmp8D2.tmp\rjsec063.ZIP", message = "rjsec063")~~RJStevensMusicPresentationCreator.Program~0000000312
2024-12-14 21:54:40.0796~DEBUG~download completed~~RJStevensMusicPresentationCreator.Program~0000000313
2024-12-14 21:54:40.0796~DEBUG~<- DownloadFile(url = "https://faas-nyc1-2ef2e6cc.doserverless.co/api/v1/web/fn-dd7f8f6a-d32a-4f5e-ae7b-870dfb7963f3/downloads/bundle?id=000000000000069", filename = "C:\Users\cofc_\AppData\Local\Temp\tmp8D2.tmp\rjsec063.ZIP", message = "rjsec063")~~RJStevensMusicPresentationCreator.Program~0000000314
2024-12-14 21:54:40.0997~DEBUG~-> ExtractAllFromFile(zipFileName = "C:\Users\cofc_\AppData\Local\Temp\tmp8D2.tmp\rjsec063.ZIP", decompressedFolder = "C:\Users\cofc_\AppData\Local\Temp\tmp9AE.tmp", message = "rjsec063")~~RJStevensMusicPresentationCreator.Program~0000000315
2024-12-14 21:54:40.3837~DEBUG~extract completed~~RJStevensMusicPresentationCreator.Program~0000000316
2024-12-14 21:54:40.3837~DEBUG~<- ExtractAllFromFile(zipFileName = "C:\Users\cofc_\AppData\Local\Temp\tmp8D2.tmp\rjsec063.ZIP", decompressedFolder = "C:\Users\cofc_\AppData\Local\Temp\tmp9AE.tmp", message = "rjsec063")~~RJStevensMusicPresentationCreator.Program~0000000317
2024-12-14 21:54:40.4557~DEBUG~-> DownloadFile(url = "https://faas-nyc1-2ef2e6cc.doserverless.co/api/v1/web/fn-dd7f8f6a-d32a-4f5e-ae7b-870dfb7963f3/downloads/bundle?id=000000000000071", filename = "C:\Users\cofc_\AppData\Local\Temp\tmpB16.tmp\rjsec065.ZIP", message = "rjsec065")~~RJStevensMusicPresentationCreator.Program~0000000318
2024-12-14 21:54:40.6827~DEBUG~download completed~~RJStevensMusicPresentationCreator.Program~0000000319
2024-12-14 21:54:40.6827~DEBUG~<- DownloadFile(url = "https://faas-nyc1-2ef2e6cc.doserverless.co/api/v1/web/fn-dd7f8f6a-d32a-4f5e-ae7b-870dfb7963f3/downloads/bundle?id=000000000000071", filename = "C:\Users\cofc_\AppData\Local\Temp\tmpB16.tmp\rjsec065.ZIP", message = "rjsec065")~~RJStevensMusicPresentationCreator.Program~0000000320
2024-12-14 21:54:40.7067~DEBUG~-> ExtractAllFromFile(zipFileName = "C:\Users\cofc_\AppData\Local\Temp\tmpB16.tmp\rjsec065.ZIP", decompressedFolder = "C:\Users\cofc_\AppData\Local\Temp\tmpC11.tmp", message = "rjsec065")~~RJStevensMusicPresentationCreator.Program~0000000321
2024-12-14 21:54:40.9477~DEBUG~extract completed~~RJStevensMusicPresentationCreator.Program~0000000322
2024-12-14 21:54:40.9477~DEBUG~<- ExtractAllFromFile(zipFileName = "C:\Users\cofc_\AppData\Local\Temp\tmpB16.tmp\rjsec065.ZIP", decompressedFolder = "C:\Users\cofc_\AppData\Local\Temp\tmpC11.tmp", message = "rjsec065")~~RJStevensMusicPresentationCreator.Program~0000000323
2024-12-14 21:54:41.0077~DEBUG~-> DownloadFile(url = "https://faas-nyc1-2ef2e6cc.doserverless.co/api/v1/web/fn-dd7f8f6a-d32a-4f5e-ae7b-870dfb7963f3/downloads/bundle?id=000000000000074", filename = "C:\Users\cofc_\AppData\Local\Temp\tmpD3B.tmp\rjsec068.ZIP", message = "rjsec068")~~RJStevensMusicPresentationCreator.Program~0000000324
2024-12-14 21:54:41.2047~DEBUG~download completed~~RJStevensMusicPresentationCreator.Program~0000000325
2024-12-14 21:54:41.2047~DEBUG~<- DownloadFile(url = "https://faas-nyc1-2ef2e6cc.doserverless.co/api/v1/web/fn-dd7f8f6a-d32a-4f5e-ae7b-870dfb7963f3/downloads/bundle?id=000000000000074", filename = "C:\Users\cofc_\AppData\Local\Temp\tmpD3B.tmp\rjsec068.ZIP", message = "rjsec068")~~RJStevensMusicPresentationCreator.Program~0000000326
2024-12-14 21:54:41.2277~DEBUG~-> ExtractAllFromFile(zipFileName = "C:\Users\cofc_\AppData\Local\Temp\tmpD3B.tmp\rjsec068.ZIP", decompressedFolder = "C:\Users\cofc_\AppData\Local\Temp\tmpE17.tmp", message = "rjsec068")~~RJStevensMusicPresentationCreator.Program~0000000327
2024-12-14 21:54:41.4627~DEBUG~extract completed~~RJStevensMusicPresentationCreator.Program~0000000328
2024-12-14 21:54:41.4627~DEBUG~<- ExtractAllFromFile(zipFileName = "C:\Users\cofc_\AppData\Local\Temp\tmpD3B.tmp\rjsec068.ZIP", decompressedFolder = "C:\Users\cofc_\AppData\Local\Temp\tmpE17.tmp", message = "rjsec068")~~RJStevensMusicPresentationCreator.Program~0000000329
2024-12-14 21:54:41.5248~DEBUG~-> DownloadFile(url = "https://faas-nyc1-2ef2e6cc.doserverless.co/api/v1/web/fn-dd7f8f6a-d32a-4f5e-ae7b-870dfb7963f3/downloads/bundle?id=000000000000075", filename = "C:\Users\cofc_\AppData\Local\Temp\tmpF40.tmp\rjsec069.ZIP", message = "rjsec069")~~RJStevensMusicPresentationCreator.Program~0000000330
2024-12-14 21:54:41.7498~DEBUG~download completed~~RJStevensMusicPresentationCreator.Program~0000000331
2024-12-14 21:54:41.7508~DEBUG~<- DownloadFile(url = "https://faas-nyc1-2ef2e6cc.doserverless.co/api/v1/web/fn-dd7f8f6a-d32a-4f5e-ae7b-870dfb7963f3/downloads/bundle?id=000000000000075", filename = "C:\Users\cofc_\AppData\Local\Temp\tmpF40.tmp\rjsec069.ZIP", message = "rjsec069")~~RJStevensMusicPresentationCreator.Program~0000000332
2024-12-14 21:54:41.7508~DEBUG~-> ExtractAllFromFile(zipFileName = "C:\Users\cofc_\AppData\Local\Temp\tmpF40.tmp\rjsec069.ZIP", decompressedFolder = "C:\Users\cofc_\AppData\Local\Temp\tmp102C.tmp", message = "rjsec069")~~RJStevensMusicPresentationCreator.Program~0000000333
2024-12-14 21:54:42.0188~DEBUG~extract completed~~RJStevensMusicPresentationCreator.Program~0000000334
2024-12-14 21:54:42.0188~DEBUG~<- ExtractAllFromFile(zipFileName = "C:\Users\cofc_\AppData\Local\Temp\tmpF40.tmp\rjsec069.ZIP", decompressedFolder = "C:\Users\cofc_\AppData\Local\Temp\tmp102C.tmp", message = "rjsec069")~~RJStevensMusicPresentationCreator.Program~0000000335
2024-12-14 21:54:42.0868~DEBUG~-> DownloadFile(url = "https://faas-nyc1-2ef2e6cc.doserverless.co/api/v1/web/fn-dd7f8f6a-d32a-4f5e-ae7b-870dfb7963f3/downloads/bundle?id=000000000000076", filename = "C:\Users\cofc_\AppData\Local\Temp\tmp1175.tmp\rjsec070.ZIP", message = "rjsec070")~~RJStevensMusicPresentationCreator.Program~0000000336
2024-12-14 21:54:42.3118~DEBUG~download completed~~RJStevensMusicPresentationCreator.Program~0000000337
2024-12-14 21:54:42.3118~DEBUG~<- DownloadFile(url = "https://faas-nyc1-2ef2e6cc.doserverless.co/api/v1/web/fn-dd7f8f6a-d32a-4f5e-ae7b-870dfb7963f3/downloads/bundle?id=000000000000076", filename = "C:\Users\cofc_\AppData\Local\Temp\tmp1175.tmp\rjsec070.ZIP", message = "rjsec070")~~RJStevensMusicPresentationCreator.Program~0000000338
2024-12-14 21:54:42.3328~DEBUG~-> ExtractAllFromFile(zipFileName = "C:\Users\cofc_\AppData\Local\Temp\tmp1175.tmp\rjsec070.ZIP", decompressedFolder = "C:\Users\cofc_\AppData\Local\Temp\tmp1270.tmp", message = "rjsec070")~~RJStevensMusicPresentationCreator.Program~0000000339
2024-12-14 21:54:42.5678~DEBUG~extract completed~~RJStevensMusicPresentationCreator.Program~0000000340
2024-12-14 21:54:42.5678~DEBUG~<- ExtractAllFromFile(zipFileName = "C:\Users\cofc_\AppData\Local\Temp\tmp1175.tmp\rjsec070.ZIP", decompressedFolder = "C:\Users\cofc_\AppData\Local\Temp\tmp1270.tmp", message = "rjsec070")~~RJStevensMusicPresentationCreator.Program~0000000341
2024-12-14 21:54:42.6328~DEBUG~-> DownloadFile(url = "https://faas-nyc1-2ef2e6cc.doserverless.co/api/v1/web/fn-dd7f8f6a-d32a-4f5e-ae7b-870dfb7963f3/downloads/bundle?id=000000000000079", filename = "C:\Users\cofc_\AppData\Local\Temp\tmp139A.tmp\rjsec073.ZIP", message = "rjsec073")~~RJStevensMusicPresentationCreator.Program~0000000342
2024-12-14 21:54:42.8869~DEBUG~download completed~~RJStevensMusicPresentationCreator.Program~0000000343
2024-12-14 21:54:42.8869~DEBUG~<- DownloadFile(url = "https://faas-nyc1-2ef2e6cc.doserverless.co/api/v1/web/fn-dd7f8f6a-d32a-4f5e-ae7b-870dfb7963f3/downloads/bundle?id=000000000000079", filename = "C:\Users\cofc_\AppData\Local\Temp\tmp139A.tmp\rjsec073.ZIP", message = "rjsec073")~~RJStevensMusicPresentationCreator.Program~0000000344
2024-12-14 21:54:42.9149~DEBUG~-> ExtractAllFromFile(zipFileName = "C:\Users\cofc_\AppData\Local\Temp\tmp139A.tmp\rjsec073.ZIP", decompressedFolder = "C:\Users\cofc_\AppData\Local\Temp\tmp14B4.tmp", message = "rjsec073")~~RJStevensMusicPresentationCreator.Program~0000000345
2024-12-14 21:54:43.2129~DEBUG~extract completed~~RJStevensMusicPresentationCreator.Program~0000000346
2024-12-14 21:54:43.2129~DEBUG~<- ExtractAllFromFile(zipFileName = "C:\Users\cofc_\AppData\Local\Temp\tmp139A.tmp\rjsec073.ZIP", decompressedFolder = "C:\Users\cofc_\AppData\Local\Temp\tmp14B4.tmp", message = "rjsec073")~~RJStevensMusicPresentationCreator.Program~0000000347
2024-12-14 21:54:43.2960~DEBUG~-> DownloadFile(url = "https://faas-nyc1-2ef2e6cc.doserverless.co/api/v1/web/fn-dd7f8f6a-d32a-4f5e-ae7b-870dfb7963f3/downloads/bundle?id=000000000000080", filename = "C:\Users\cofc_\AppData\Local\Temp\tmp162C.tmp\rjsec074.ZIP", message = "rjsec074")~~RJStevensMusicPresentationCreator.Program~0000000348
2024-12-14 21:54:43.5360~DEBUG~download completed~~RJStevensMusicPresentationCreator.Program~0000000349
2024-12-14 21:54:43.5360~DEBUG~<- DownloadFile(url = "https://faas-nyc1-2ef2e6cc.doserverless.co/api/v1/web/fn-dd7f8f6a-d32a-4f5e-ae7b-870dfb7963f3/downloads/bundle?id=000000000000080", filename = "C:\Users\cofc_\AppData\Local\Temp\tmp162C.tmp\rjsec074.ZIP", message = "rjsec074")~~RJStevensMusicPresentationCreator.Program~0000000350
2024-12-14 21:54:43.5560~DEBUG~-> ExtractAllFromFile(zipFileName = "C:\Users\cofc_\AppData\Local\Temp\tmp162C.tmp\rjsec074.ZIP", decompressedFolder = "C:\Users\cofc_\AppData\Local\Temp\tmp1737.tmp", message = "rjsec074")~~RJStevensMusicPresentationCreator.Program~0000000351
2024-12-14 21:54:43.7420~DEBUG~extract completed~~RJStevensMusicPresentationCreator.Program~0000000352
2024-12-14 21:54:43.7420~DEBUG~<- ExtractAllFromFile(zipFileName = "C:\Users\cofc_\AppData\Local\Temp\tmp162C.tmp\rjsec074.ZIP", decompressedFolder = "C:\Users\cofc_\AppData\Local\Temp\tmp1737.tmp", message = "rjsec074")~~RJStevensMusicPresentationCreator.Program~0000000353
2024-12-14 21:54:43.7990~DEBUG~-> DownloadFile(url = "https://faas-nyc1-2ef2e6cc.doserverless.co/api/v1/web/fn-dd7f8f6a-d32a-4f5e-ae7b-870dfb7963f3/downloads/bundle?id=000000000000081", filename = "C:\Users\cofc_\AppData\Local\Temp\tmp1832.tmp\rjsec075.ZIP", message = "rjsec075")~~RJStevensMusicPresentationCreator.Program~0000000354
2024-12-14 21:54:44.0330~DEBUG~download completed~~RJStevensMusicPresentationCreator.Program~0000000355
2024-12-14 21:54:44.0330~DEBUG~<- DownloadFile(url = "https://faas-nyc1-2ef2e6cc.doserverless.co/api/v1/web/fn-dd7f8f6a-d32a-4f5e-ae7b-870dfb7963f3/downloads/bundle?id=000000000000081", filename = "C:\Users\cofc_\AppData\Local\Temp\tmp1832.tmp\rjsec075.ZIP", message = "rjsec075")~~RJStevensMusicPresentationCreator.Program~0000000356
2024-12-14 21:54:44.0750~DEBUG~-> ExtractAllFromFile(zipFileName = "C:\Users\cofc_\AppData\Local\Temp\tmp1832.tmp\rjsec075.ZIP", decompressedFolder = "C:\Users\cofc_\AppData\Local\Temp\tmp193C.tmp", message = "rjsec075")~~RJStevensMusicPresentationCreator.Program~0000000357
2024-12-14 21:54:44.3630~DEBUG~extract completed~~RJStevensMusicPresentationCreator.Program~0000000358
2024-12-14 21:54:44.3630~DEBUG~<- ExtractAllFromFile(zipFileName = "C:\Users\cofc_\AppData\Local\Temp\tmp1832.tmp\rjsec075.ZIP", decompressedFolder = "C:\Users\cofc_\AppData\Local\Temp\tmp193C.tmp", message = "rjsec075")~~RJStevensMusicPresentationCreator.Program~0000000359
2024-12-14 21:54:44.4460~DEBUG~-> DownloadFile(url = "https://faas-nyc1-2ef2e6cc.doserverless.co/api/v1/web/fn-dd7f8f6a-d32a-4f5e-ae7b-870dfb7963f3/downloads/bundle?id=000000000000082", filename = "C:\Users\cofc_\AppData\Local\Temp\tmp1AB4.tmp\rjsec076.ZIP", message = "rjsec076")~~RJStevensMusicPresentationCreator.Program~0000000360
2024-12-14 21:54:44.6521~DEBUG~download completed~~RJStevensMusicPresentationCreator.Program~0000000361
2024-12-14 21:54:44.6521~DEBUG~<- DownloadFile(url = "https://faas-nyc1-2ef2e6cc.doserverless.co/api/v1/web/fn-dd7f8f6a-d32a-4f5e-ae7b-870dfb7963f3/downloads/bundle?id=000000000000082", filename = "C:\Users\cofc_\AppData\Local\Temp\tmp1AB4.tmp\rjsec076.ZIP", message = "rjsec076")~~RJStevensMusicPresentationCreator.Program~0000000362
2024-12-14 21:54:44.6671~DEBUG~-> ExtractAllFromFile(zipFileName = "C:\Users\cofc_\AppData\Local\Temp\tmp1AB4.tmp\rjsec076.ZIP", decompressedFolder = "C:\Users\cofc_\AppData\Local\Temp\tmp1B90.tmp", message = "rjsec076")~~RJStevensMusicPresentationCreator.Program~0000000363
2024-12-14 21:54:44.9311~DEBUG~extract completed~~RJStevensMusicPresentationCreator.Program~0000000364
2024-12-14 21:54:44.9311~DEBUG~<- ExtractAllFromFile(zipFileName = "C:\Users\cofc_\AppData\Local\Temp\tmp1AB4.tmp\rjsec076.ZIP", decompressedFolder = "C:\Users\cofc_\AppData\Local\Temp\tmp1B90.tmp", message = "rjsec076")~~RJStevensMusicPresentationCreator.Program~0000000365
2024-12-14 21:54:45.0141~DEBUG~-> DownloadFile(url = "https://faas-nyc1-2ef2e6cc.doserverless.co/api/v1/web/fn-dd7f8f6a-d32a-4f5e-ae7b-870dfb7963f3/downloads/bundle?id=000000000000083", filename = "C:\Users\cofc_\AppData\Local\Temp\tmp1CE9.tmp\rjsec077.ZIP", message = "rjsec077")~~RJStevensMusicPresentationCreator.Program~0000000366
2024-12-14 21:54:45.2661~DEBUG~download completed~~RJStevensMusicPresentationCreator.Program~0000000367
2024-12-14 21:54:45.2661~DEBUG~<- DownloadFile(url = "https://faas-nyc1-2ef2e6cc.doserverless.co/api/v1/web/fn-dd7f8f6a-d32a-4f5e-ae7b-870dfb7963f3/downloads/bundle?id=000000000000083", filename = "C:\Users\cofc_\AppData\Local\Temp\tmp1CE9.tmp\rjsec077.ZIP", message = "rjsec077")~~RJStevensMusicPresentationCreator.Program~0000000368
2024-12-14 21:54:45.2851~DEBUG~-> ExtractAllFromFile(zipFileName = "C:\Users\cofc_\AppData\Local\Temp\tmp1CE9.tmp\rjsec077.ZIP", decompressedFolder = "C:\Users\cofc_\AppData\Local\Temp\tmp1E04.tmp", message = "rjsec077")~~RJStevensMusicPresentationCreator.Program~0000000369
2024-12-14 21:54:45.5941~DEBUG~extract completed~~RJStevensMusicPresentationCreator.Program~0000000370
2024-12-14 21:54:45.5941~DEBUG~<- ExtractAllFromFile(zipFileName = "C:\Users\cofc_\AppData\Local\Temp\tmp1CE9.tmp\rjsec077.ZIP", decompressedFolder = "C:\Users\cofc_\AppData\Local\Temp\tmp1E04.tmp", message = "rjsec077")~~RJStevensMusicPresentationCreator.Program~0000000371
2024-12-14 21:54:45.6681~DEBUG~-> DownloadFile(url = "https://faas-nyc1-2ef2e6cc.doserverless.co/api/v1/web/fn-dd7f8f6a-d32a-4f5e-ae7b-870dfb7963f3/downloads/bundle?id=000000000000084", filename = "C:\Users\cofc_\AppData\Local\Temp\tmp1F7B.tmp\rjsec078.ZIP", message = "rjsec078")~~RJStevensMusicPresentationCreator.Program~0000000372
2024-12-14 21:54:45.8821~DEBUG~download completed~~RJStevensMusicPresentationCreator.Program~0000000373
2024-12-14 21:54:45.8821~DEBUG~<- DownloadFile(url = "https://faas-nyc1-2ef2e6cc.doserverless.co/api/v1/web/fn-dd7f8f6a-d32a-4f5e-ae7b-870dfb7963f3/downloads/bundle?id=000000000000084", filename = "C:\Users\cofc_\AppData\Local\Temp\tmp1F7B.tmp\rjsec078.ZIP", message = "rjsec078")~~RJStevensMusicPresentationCreator.Program~0000000374
2024-12-14 21:54:45.9011~DEBUG~-> ExtractAllFromFile(zipFileName = "C:\Users\cofc_\AppData\Local\Temp\tmp1F7B.tmp\rjsec078.ZIP", decompressedFolder = "C:\Users\cofc_\AppData\Local\Temp\tmp2066.tmp", message = "rjsec078")~~RJStevensMusicPresentationCreator.Program~0000000375
2024-12-14 21:54:46.1772~DEBUG~extract completed~~RJStevensMusicPresentationCreator.Program~0000000376
2024-12-14 21:54:46.1772~DEBUG~<- ExtractAllFromFile(zipFileName = "C:\Users\cofc_\AppData\Local\Temp\tmp1F7B.tmp\rjsec078.ZIP", decompressedFolder = "C:\Users\cofc_\AppData\Local\Temp\tmp2066.tmp", message = "rjsec078")~~RJStevensMusicPresentationCreator.Program~0000000377
2024-12-14 21:54:46.2472~DEBUG~-> DownloadFile(url = "https://faas-nyc1-2ef2e6cc.doserverless.co/api/v1/web/fn-dd7f8f6a-d32a-4f5e-ae7b-870dfb7963f3/downloads/bundle?id=000000000000085", filename = "C:\Users\cofc_\AppData\Local\Temp\tmp21BF.tmp\rjsec079.ZIP", message = "rjsec079")~~RJStevensMusicPresentationCreator.Program~0000000378
2024-12-14 21:54:46.4772~DEBUG~download completed~~RJStevensMusicPresentationCreator.Program~0000000379
2024-12-14 21:54:46.4772~DEBUG~<- DownloadFile(url = "https://faas-nyc1-2ef2e6cc.doserverless.co/api/v1/web/fn-dd7f8f6a-d32a-4f5e-ae7b-870dfb7963f3/downloads/bundle?id=000000000000085", filename = "C:\Users\cofc_\AppData\Local\Temp\tmp21BF.tmp\rjsec079.ZIP", message = "rjsec079")~~RJStevensMusicPresentationCreator.Program~0000000380
2024-12-14 21:54:46.4942~DEBUG~-> ExtractAllFromFile(zipFileName = "C:\Users\cofc_\AppData\Local\Temp\tmp21BF.tmp\rjsec079.ZIP", decompressedFolder = "C:\Users\cofc_\AppData\Local\Temp\tmp22BA.tmp", message = "rjsec079")~~RJStevensMusicPresentationCreator.Program~0000000381
2024-12-14 21:54:46.7592~DEBUG~extract completed~~RJStevensMusicPresentationCreator.Program~0000000382
2024-12-14 21:54:46.7592~DEBUG~<- ExtractAllFromFile(zipFileName = "C:\Users\cofc_\AppData\Local\Temp\tmp21BF.tmp\rjsec079.ZIP", decompressedFolder = "C:\Users\cofc_\AppData\Local\Temp\tmp22BA.tmp", message = "rjsec079")~~RJStevensMusicPresentationCreator.Program~0000000383
2024-12-14 21:54:46.8332~DEBUG~-> DownloadFile(url = "https://faas-nyc1-2ef2e6cc.doserverless.co/api/v1/web/fn-dd7f8f6a-d32a-4f5e-ae7b-870dfb7963f3/downloads/bundle?id=000000000000086", filename = "C:\Users\cofc_\AppData\Local\Temp\tmp2413.tmp\rjsec080.ZIP", message = "rjsec080")~~RJStevensMusicPresentationCreator.Program~0000000384
2024-12-14 21:54:47.0562~DEBUG~download completed~~RJStevensMusicPresentationCreator.Program~0000000385
2024-12-14 21:54:47.0562~DEBUG~<- DownloadFile(url = "https://faas-nyc1-2ef2e6cc.doserverless.co/api/v1/web/fn-dd7f8f6a-d32a-4f5e-ae7b-870dfb7963f3/downloads/bundle?id=000000000000086", filename = "C:\Users\cofc_\AppData\Local\Temp\tmp2413.tmp\rjsec080.ZIP", message = "rjsec080")~~RJStevensMusicPresentationCreator.Program~0000000386
2024-12-14 21:54:47.0702~DEBUG~-> ExtractAllFromFile(zipFileName = "C:\Users\cofc_\AppData\Local\Temp\tmp2413.tmp\rjsec080.ZIP", decompressedFolder = "C:\Users\cofc_\AppData\Local\Temp\tmp24FE.tmp", message = "rjsec080")~~RJStevensMusicPresentationCreator.Program~0000000387
2024-12-14 21:54:47.3333~DEBUG~extract completed~~RJStevensMusicPresentationCreator.Program~0000000388
2024-12-14 21:54:47.3333~DEBUG~<- ExtractAllFromFile(zipFileName = "C:\Users\cofc_\AppData\Local\Temp\tmp2413.tmp\rjsec080.ZIP", decompressedFolder = "C:\Users\cofc_\AppData\Local\Temp\tmp24FE.tmp", message = "rjsec080")~~RJStevensMusicPresentationCreator.Program~0000000389
2024-12-14 21:54:47.4013~DEBUG~-> DownloadFile(url = "https://faas-nyc1-2ef2e6cc.doserverless.co/api/v1/web/fn-dd7f8f6a-d32a-4f5e-ae7b-870dfb7963f3/downloads/bundle?id=000000000000087", filename = "C:\Users\cofc_\AppData\Local\Temp\tmp2647.tmp\rjsec081.ZIP", message = "rjsec081")~~RJStevensMusicPresentationCreator.Program~0000000390
2024-12-14 21:54:47.6043~DEBUG~download completed~~RJStevensMusicPresentationCreator.Program~0000000391
2024-12-14 21:54:47.6043~DEBUG~<- DownloadFile(url = "https://faas-nyc1-2ef2e6cc.doserverless.co/api/v1/web/fn-dd7f8f6a-d32a-4f5e-ae7b-870dfb7963f3/downloads/bundle?id=000000000000087", filename = "C:\Users\cofc_\AppData\Local\Temp\tmp2647.tmp\rjsec081.ZIP", message = "rjsec081")~~RJStevensMusicPresentationCreator.Program~0000000392
2024-12-14 21:54:47.6173~DEBUG~-> ExtractAllFromFile(zipFileName = "C:\Users\cofc_\AppData\Local\Temp\tmp2647.tmp\rjsec081.ZIP", decompressedFolder = "C:\Users\cofc_\AppData\Local\Temp\tmp2723.tmp", message = "rjsec081")~~RJStevensMusicPresentationCreator.Program~0000000393
2024-12-14 21:54:47.8693~DEBUG~extract completed~~RJStevensMusicPresentationCreator.Program~0000000394
2024-12-14 21:54:47.8693~DEBUG~<- ExtractAllFromFile(zipFileName = "C:\Users\cofc_\AppData\Local\Temp\tmp2647.tmp\rjsec081.ZIP", decompressedFolder = "C:\Users\cofc_\AppData\Local\Temp\tmp2723.tmp", message = "rjsec081")~~RJStevensMusicPresentationCreator.Program~0000000395
2024-12-14 21:54:47.9413~DEBUG~-> DownloadFile(url = "https://faas-nyc1-2ef2e6cc.doserverless.co/api/v1/web/fn-dd7f8f6a-d32a-4f5e-ae7b-870dfb7963f3/downloads/bundle?id=000000000000089", filename = "C:\Users\cofc_\AppData\Local\Temp\tmp286C.tmp\rjsec083.ZIP", message = "rjsec083")~~RJStevensMusicPresentationCreator.Program~0000000396
2024-12-14 21:54:48.1473~DEBUG~download completed~~RJStevensMusicPresentationCreator.Program~0000000397
2024-12-14 21:54:48.1473~DEBUG~<- DownloadFile(url = "https://faas-nyc1-2ef2e6cc.doserverless.co/api/v1/web/fn-dd7f8f6a-d32a-4f5e-ae7b-870dfb7963f3/downloads/bundle?id=000000000000089", filename = "C:\Users\cofc_\AppData\Local\Temp\tmp286C.tmp\rjsec083.ZIP", message = "rjsec083")~~RJStevensMusicPresentationCreator.Program~0000000398
2024-12-14 21:54:48.1623~DEBUG~-> ExtractAllFromFile(zipFileName = "C:\Users\cofc_\AppData\Local\Temp\tmp286C.tmp\rjsec083.ZIP", decompressedFolder = "C:\Users\cofc_\AppData\Local\Temp\tmp2948.tmp", message = "rjsec083")~~RJStevensMusicPresentationCreator.Program~0000000399
2024-12-14 21:54:48.4003~DEBUG~extract completed~~RJStevensMusicPresentationCreator.Program~0000000400
2024-12-14 21:54:48.4003~DEBUG~<- ExtractAllFromFile(zipFileName = "C:\Users\cofc_\AppData\Local\Temp\tmp286C.tmp\rjsec083.ZIP", decompressedFolder = "C:\Users\cofc_\AppData\Local\Temp\tmp2948.tmp", message = "rjsec083")~~RJStevensMusicPresentationCreator.Program~0000000401
2024-12-14 21:54:48.4653~DEBUG~-> DownloadFile(url = "https://faas-nyc1-2ef2e6cc.doserverless.co/api/v1/web/fn-dd7f8f6a-d32a-4f5e-ae7b-870dfb7963f3/downloads/bundle?id=000000000000090", filename = "C:\Users\cofc_\AppData\Local\Temp\tmp2A72.tmp\rjsec084.ZIP", message = "rjsec084")~~RJStevensMusicPresentationCreator.Program~0000000402
2024-12-14 21:54:48.6783~DEBUG~download completed~~RJStevensMusicPresentationCreator.Program~0000000403
2024-12-14 21:54:48.6783~DEBUG~<- DownloadFile(url = "https://faas-nyc1-2ef2e6cc.doserverless.co/api/v1/web/fn-dd7f8f6a-d32a-4f5e-ae7b-870dfb7963f3/downloads/bundle?id=000000000000090", filename = "C:\Users\cofc_\AppData\Local\Temp\tmp2A72.tmp\rjsec084.ZIP", message = "rjsec084")~~RJStevensMusicPresentationCreator.Program~0000000404
2024-12-14 21:54:48.6914~DEBUG~-> ExtractAllFromFile(zipFileName = "C:\Users\cofc_\AppData\Local\Temp\tmp2A72.tmp\rjsec084.ZIP", decompressedFolder = "C:\Users\cofc_\AppData\Local\Temp\tmp2B5D.tmp", message = "rjsec084")~~RJStevensMusicPresentationCreator.Program~0000000405
2024-12-14 21:54:48.9104~DEBUG~extract completed~~RJStevensMusicPresentationCreator.Program~0000000406
2024-12-14 21:54:48.9104~DEBUG~<- ExtractAllFromFile(zipFileName = "C:\Users\cofc_\AppData\Local\Temp\tmp2A72.tmp\rjsec084.ZIP", decompressedFolder = "C:\Users\cofc_\AppData\Local\Temp\tmp2B5D.tmp", message = "rjsec084")~~RJStevensMusicPresentationCreator.Program~0000000407
2024-12-14 21:54:48.9764~DEBUG~-> DownloadFile(url = "https://faas-nyc1-2ef2e6cc.doserverless.co/api/v1/web/fn-dd7f8f6a-d32a-4f5e-ae7b-870dfb7963f3/downloads/bundle?id=000000000000091", filename = "C:\Users\cofc_\AppData\Local\Temp\tmp2C78.tmp\rjsec085.ZIP", message = "rjsec085")~~RJStevensMusicPresentationCreator.Program~0000000408
2024-12-14 21:54:49.2804~DEBUG~download completed~~RJStevensMusicPresentationCreator.Program~0000000409
2024-12-14 21:54:49.2804~DEBUG~<- DownloadFile(url = "https://faas-nyc1-2ef2e6cc.doserverless.co/api/v1/web/fn-dd7f8f6a-d32a-4f5e-ae7b-870dfb7963f3/downloads/bundle?id=000000000000091", filename = "C:\Users\cofc_\AppData\Local\Temp\tmp2C78.tmp\rjsec085.ZIP", message = "rjsec085")~~RJStevensMusicPresentationCreator.Program~0000000410
2024-12-14 21:54:49.2954~DEBUG~-> ExtractAllFromFile(zipFileName = "C:\Users\cofc_\AppData\Local\Temp\tmp2C78.tmp\rjsec085.ZIP", decompressedFolder = "C:\Users\cofc_\AppData\Local\Temp\tmp2DB1.tmp", message = "rjsec085")~~RJStevensMusicPresentationCreator.Program~0000000411
2024-12-14 21:54:49.6154~DEBUG~extract completed~~RJStevensMusicPresentationCreator.Program~0000000412
2024-12-14 21:54:49.6154~DEBUG~<- ExtractAllFromFile(zipFileName = "C:\Users\cofc_\AppData\Local\Temp\tmp2C78.tmp\rjsec085.ZIP", decompressedFolder = "C:\Users\cofc_\AppData\Local\Temp\tmp2DB1.tmp", message = "rjsec085")~~RJStevensMusicPresentationCreator.Program~0000000413
2024-12-14 21:54:49.6964~DEBUG~-> DownloadFile(url = "https://faas-nyc1-2ef2e6cc.doserverless.co/api/v1/web/fn-dd7f8f6a-d32a-4f5e-ae7b-870dfb7963f3/downloads/bundle?id=000000000000093", filename = "C:\Users\cofc_\AppData\Local\Temp\tmp2F48.tmp\rjsec087.ZIP", message = "rjsec087")~~RJStevensMusicPresentationCreator.Program~0000000414
2024-12-14 21:54:49.9454~DEBUG~download completed~~RJStevensMusicPresentationCreator.Program~0000000415
2024-12-14 21:54:49.9454~DEBUG~<- DownloadFile(url = "https://faas-nyc1-2ef2e6cc.doserverless.co/api/v1/web/fn-dd7f8f6a-d32a-4f5e-ae7b-870dfb7963f3/downloads/bundle?id=000000000000093", filename = "C:\Users\cofc_\AppData\Local\Temp\tmp2F48.tmp\rjsec087.ZIP", message = "rjsec087")~~RJStevensMusicPresentationCreator.Program~0000000416
2024-12-14 21:54:49.9604~DEBUG~-> ExtractAllFromFile(zipFileName = "C:\Users\cofc_\AppData\Local\Temp\tmp2F48.tmp\rjsec087.ZIP", decompressedFolder = "C:\Users\cofc_\AppData\Local\Temp\tmp3053.tmp", message = "rjsec087")~~RJStevensMusicPresentationCreator.Program~0000000417
2024-12-14 21:54:50.3225~DEBUG~extract completed~~RJStevensMusicPresentationCreator.Program~0000000418
2024-12-14 21:54:50.3225~DEBUG~<- ExtractAllFromFile(zipFileName = "C:\Users\cofc_\AppData\Local\Temp\tmp2F48.tmp\rjsec087.ZIP", decompressedFolder = "C:\Users\cofc_\AppData\Local\Temp\tmp3053.tmp", message = "rjsec087")~~RJStevensMusicPresentationCreator.Program~0000000419
2024-12-14 21:54:50.4145~DEBUG~-> DownloadFile(url = "https://faas-nyc1-2ef2e6cc.doserverless.co/api/v1/web/fn-dd7f8f6a-d32a-4f5e-ae7b-870dfb7963f3/downloads/bundle?id=000000000000095", filename = "C:\Users\cofc_\AppData\Local\Temp\tmp3219.tmp\rjsec089.ZIP", message = "rjsec089")~~RJStevensMusicPresentationCreator.Program~0000000420
2024-12-14 21:54:50.7215~DEBUG~download completed~~RJStevensMusicPresentationCreator.Program~0000000421
2024-12-14 21:54:50.7215~DEBUG~<- DownloadFile(url = "https://faas-nyc1-2ef2e6cc.doserverless.co/api/v1/web/fn-dd7f8f6a-d32a-4f5e-ae7b-870dfb7963f3/downloads/bundle?id=000000000000095", filename = "C:\Users\cofc_\AppData\Local\Temp\tmp3219.tmp\rjsec089.ZIP", message = "rjsec089")~~RJStevensMusicPresentationCreator.Program~0000000422
2024-12-14 21:54:50.7445~DEBUG~-> ExtractAllFromFile(zipFileName = "C:\Users\cofc_\AppData\Local\Temp\tmp3219.tmp\rjsec089.ZIP", decompressedFolder = "C:\Users\cofc_\AppData\Local\Temp\tmp3362.tmp", message = "rjsec089")~~RJStevensMusicPresentationCreator.Program~0000000423
2024-12-14 21:54:50.9875~DEBUG~extract completed~~RJStevensMusicPresentationCreator.Program~0000000424
2024-12-14 21:54:50.9875~DEBUG~<- ExtractAllFromFile(zipFileName = "C:\Users\cofc_\AppData\Local\Temp\tmp3219.tmp\rjsec089.ZIP", decompressedFolder = "C:\Users\cofc_\AppData\Local\Temp\tmp3362.tmp", message = "rjsec089")~~RJStevensMusicPresentationCreator.Program~0000000425
2024-12-14 21:54:51.0575~DEBUG~-> DownloadFile(url = "https://faas-nyc1-2ef2e6cc.doserverless.co/api/v1/web/fn-dd7f8f6a-d32a-4f5e-ae7b-870dfb7963f3/downloads/bundle?id=000000000000098", filename = "C:\Users\cofc_\AppData\Local\Temp\tmp349C.tmp\rjsec092.ZIP", message = "rjsec092")~~RJStevensMusicPresentationCreator.Program~0000000426
2024-12-14 21:54:51.2795~DEBUG~download completed~~RJStevensMusicPresentationCreator.Program~0000000427
2024-12-14 21:54:51.2795~DEBUG~<- DownloadFile(url = "https://faas-nyc1-2ef2e6cc.doserverless.co/api/v1/web/fn-dd7f8f6a-d32a-4f5e-ae7b-870dfb7963f3/downloads/bundle?id=000000000000098", filename = "C:\Users\cofc_\AppData\Local\Temp\tmp349C.tmp\rjsec092.ZIP", message = "rjsec092")~~RJStevensMusicPresentationCreator.Program~0000000428
2024-12-14 21:54:51.2935~DEBUG~-> ExtractAllFromFile(zipFileName = "C:\Users\cofc_\AppData\Local\Temp\tmp349C.tmp\rjsec092.ZIP", decompressedFolder = "C:\Users\cofc_\AppData\Local\Temp\tmp3587.tmp", message = "rjsec092")~~RJStevensMusicPresentationCreator.Program~0000000429
2024-12-14 21:54:51.5266~DEBUG~extract completed~~RJStevensMusicPresentationCreator.Program~0000000430
2024-12-14 21:54:51.5266~DEBUG~<- ExtractAllFromFile(zipFileName = "C:\Users\cofc_\AppData\Local\Temp\tmp349C.tmp\rjsec092.ZIP", decompressedFolder = "C:\Users\cofc_\AppData\Local\Temp\tmp3587.tmp", message = "rjsec092")~~RJStevensMusicPresentationCreator.Program~0000000431
2024-12-14 21:54:51.5876~DEBUG~-> DownloadFile(url = "https://faas-nyc1-2ef2e6cc.doserverless.co/api/v1/web/fn-dd7f8f6a-d32a-4f5e-ae7b-870dfb7963f3/downloads/bundle?id=000000000000099", filename = "C:\Users\cofc_\AppData\Local\Temp\tmp36B1.tmp\rjsec092.15.ZIP", message = "rjsec092.15")~~RJStevensMusicPresentationCreator.Program~0000000432
2024-12-14 21:54:51.8256~DEBUG~download completed~~RJStevensMusicPresentationCreator.Program~0000000433
2024-12-14 21:54:51.8256~DEBUG~<- DownloadFile(url = "https://faas-nyc1-2ef2e6cc.doserverless.co/api/v1/web/fn-dd7f8f6a-d32a-4f5e-ae7b-870dfb7963f3/downloads/bundle?id=000000000000099", filename = "C:\Users\cofc_\AppData\Local\Temp\tmp36B1.tmp\rjsec092.15.ZIP", message = "rjsec092.15")~~RJStevensMusicPresentationCreator.Program~0000000434
2024-12-14 21:54:51.8496~DEBUG~-> ExtractAllFromFile(zipFileName = "C:\Users\cofc_\AppData\Local\Temp\tmp36B1.tmp\rjsec092.15.ZIP", decompressedFolder = "C:\Users\cofc_\AppData\Local\Temp\tmp37BC.tmp", message = "rjsec092.15")~~RJStevensMusicPresentationCreator.Program~0000000435
2024-12-14 21:54:52.1316~DEBUG~extract completed~~RJStevensMusicPresentationCreator.Program~0000000436
2024-12-14 21:54:52.1316~DEBUG~<- ExtractAllFromFile(zipFileName = "C:\Users\cofc_\AppData\Local\Temp\tmp36B1.tmp\rjsec092.15.ZIP", decompressedFolder = "C:\Users\cofc_\AppData\Local\Temp\tmp37BC.tmp", message = "rjsec092.15")~~RJStevensMusicPresentationCreator.Program~0000000437
2024-12-14 21:54:52.2056~DEBUG~-> DownloadFile(url = "https://faas-nyc1-2ef2e6cc.doserverless.co/api/v1/web/fn-dd7f8f6a-d32a-4f5e-ae7b-870dfb7963f3/downloads/bundle?id=000000000000101", filename = "C:\Users\cofc_\AppData\Local\Temp\tmp3924.tmp\rjsec094.ZIP", message = "rjsec094")~~RJStevensMusicPresentationCreator.Program~0000000438
2024-12-14 21:54:52.4426~DEBUG~download completed~~RJStevensMusicPresentationCreator.Program~0000000439
2024-12-14 21:54:52.4426~DEBUG~<- DownloadFile(url = "https://faas-nyc1-2ef2e6cc.doserverless.co/api/v1/web/fn-dd7f8f6a-d32a-4f5e-ae7b-870dfb7963f3/downloads/bundle?id=000000000000101", filename = "C:\Users\cofc_\AppData\Local\Temp\tmp3924.tmp\rjsec094.ZIP", message = "rjsec094")~~RJStevensMusicPresentationCreator.Program~0000000440
2024-12-14 21:54:52.4576~DEBUG~-> ExtractAllFromFile(zipFileName = "C:\Users\cofc_\AppData\Local\Temp\tmp3924.tmp\rjsec094.ZIP", decompressedFolder = "C:\Users\cofc_\AppData\Local\Temp\tmp3A1F.tmp", message = "rjsec094")~~RJStevensMusicPresentationCreator.Program~0000000441
2024-12-14 21:54:52.7056~DEBUG~extract completed~~RJStevensMusicPresentationCreator.Program~0000000442
2024-12-14 21:54:52.7056~DEBUG~<- ExtractAllFromFile(zipFileName = "C:\Users\cofc_\AppData\Local\Temp\tmp3924.tmp\rjsec094.ZIP", decompressedFolder = "C:\Users\cofc_\AppData\Local\Temp\tmp3A1F.tmp", message = "rjsec094")~~RJStevensMusicPresentationCreator.Program~0000000443
2024-12-14 21:54:52.7697~DEBUG~-> DownloadFile(url = "https://faas-nyc1-2ef2e6cc.doserverless.co/api/v1/web/fn-dd7f8f6a-d32a-4f5e-ae7b-870dfb7963f3/downloads/bundle?id=000000000000102", filename = "C:\Users\cofc_\AppData\Local\Temp\tmp3B58.tmp\rjsec095.ZIP", message = "rjsec095")~~RJStevensMusicPresentationCreator.Program~0000000444
2024-12-14 21:54:53.0627~DEBUG~download completed~~RJStevensMusicPresentationCreator.Program~0000000445
2024-12-14 21:54:53.0637~DEBUG~<- DownloadFile(url = "https://faas-nyc1-2ef2e6cc.doserverless.co/api/v1/web/fn-dd7f8f6a-d32a-4f5e-ae7b-870dfb7963f3/downloads/bundle?id=000000000000102", filename = "C:\Users\cofc_\AppData\Local\Temp\tmp3B58.tmp\rjsec095.ZIP", message = "rjsec095")~~RJStevensMusicPresentationCreator.Program~0000000446
2024-12-14 21:54:53.0817~DEBUG~-> ExtractAllFromFile(zipFileName = "C:\Users\cofc_\AppData\Local\Temp\tmp3B58.tmp\rjsec095.ZIP", decompressedFolder = "C:\Users\cofc_\AppData\Local\Temp\tmp3C92.tmp", message = "rjsec095")~~RJStevensMusicPresentationCreator.Program~0000000447
2024-12-14 21:54:53.3997~DEBUG~extract completed~~RJStevensMusicPresentationCreator.Program~0000000448
2024-12-14 21:54:53.3997~DEBUG~<- ExtractAllFromFile(zipFileName = "C:\Users\cofc_\AppData\Local\Temp\tmp3B58.tmp\rjsec095.ZIP", decompressedFolder = "C:\Users\cofc_\AppData\Local\Temp\tmp3C92.tmp", message = "rjsec095")~~RJStevensMusicPresentationCreator.Program~0000000449
2024-12-14 21:54:53.4807~DEBUG~-> DownloadFile(url = "https://faas-nyc1-2ef2e6cc.doserverless.co/api/v1/web/fn-dd7f8f6a-d32a-4f5e-ae7b-870dfb7963f3/downloads/bundle?id=000000000000104", filename = "C:\Users\cofc_\AppData\Local\Temp\tmp3E1A.tmp\rjsec097.ZIP", message = "rjsec097")~~RJStevensMusicPresentationCreator.Program~0000000450
2024-12-14 21:54:53.6987~DEBUG~download completed~~RJStevensMusicPresentationCreator.Program~0000000451
2024-12-14 21:54:53.6987~DEBUG~<- DownloadFile(url = "https://faas-nyc1-2ef2e6cc.doserverless.co/api/v1/web/fn-dd7f8f6a-d32a-4f5e-ae7b-870dfb7963f3/downloads/bundle?id=000000000000104", filename = "C:\Users\cofc_\AppData\Local\Temp\tmp3E1A.tmp\rjsec097.ZIP", message = "rjsec097")~~RJStevensMusicPresentationCreator.Program~0000000452
2024-12-14 21:54:53.7197~DEBUG~-> ExtractAllFromFile(zipFileName = "C:\Users\cofc_\AppData\Local\Temp\tmp3E1A.tmp\rjsec097.ZIP", decompressedFolder = "C:\Users\cofc_\AppData\Local\Temp\tmp3F15.tmp", message = "rjsec097")~~RJStevensMusicPresentationCreator.Program~0000000453
2024-12-14 21:54:54.0217~DEBUG~extract completed~~RJStevensMusicPresentationCreator.Program~0000000454
2024-12-14 21:54:54.0217~DEBUG~<- ExtractAllFromFile(zipFileName = "C:\Users\cofc_\AppData\Local\Temp\tmp3E1A.tmp\rjsec097.ZIP", decompressedFolder = "C:\Users\cofc_\AppData\Local\Temp\tmp3F15.tmp", message = "rjsec097")~~RJStevensMusicPresentationCreator.Program~0000000455
2024-12-14 21:54:54.0867~DEBUG~-> DownloadFile(url = "https://faas-nyc1-2ef2e6cc.doserverless.co/api/v1/web/fn-dd7f8f6a-d32a-4f5e-ae7b-870dfb7963f3/downloads/bundle?id=000000000000105", filename = "C:\Users\cofc_\AppData\Local\Temp\tmp407D.tmp\rjsec098.ZIP", message = "rjsec098")~~RJStevensMusicPresentationCreator.Program~0000000456
2024-12-14 21:54:54.3308~DEBUG~download completed~~RJStevensMusicPresentationCreator.Program~0000000457
2024-12-14 21:54:54.3308~DEBUG~<- DownloadFile(url = "https://faas-nyc1-2ef2e6cc.doserverless.co/api/v1/web/fn-dd7f8f6a-d32a-4f5e-ae7b-870dfb7963f3/downloads/bundle?id=000000000000105", filename = "C:\Users\cofc_\AppData\Local\Temp\tmp407D.tmp\rjsec098.ZIP", message = "rjsec098")~~RJStevensMusicPresentationCreator.Program~0000000458
2024-12-14 21:54:54.3558~DEBUG~-> ExtractAllFromFile(zipFileName = "C:\Users\cofc_\AppData\Local\Temp\tmp407D.tmp\rjsec098.ZIP", decompressedFolder = "C:\Users\cofc_\AppData\Local\Temp\tmp4188.tmp", message = "rjsec098")~~RJStevensMusicPresentationCreator.Program~0000000459
2024-12-14 21:54:54.6178~DEBUG~extract completed~~RJStevensMusicPresentationCreator.Program~0000000460
2024-12-14 21:54:54.6178~DEBUG~<- ExtractAllFromFile(zipFileName = "C:\Users\cofc_\AppData\Local\Temp\tmp407D.tmp\rjsec098.ZIP", decompressedFolder = "C:\Users\cofc_\AppData\Local\Temp\tmp4188.tmp", message = "rjsec098")~~RJStevensMusicPresentationCreator.Program~0000000461
2024-12-14 21:54:54.6938~DEBUG~-> DownloadFile(url = "https://faas-nyc1-2ef2e6cc.doserverless.co/api/v1/web/fn-dd7f8f6a-d32a-4f5e-ae7b-870dfb7963f3/downloads/bundle?id=000000000000106", filename = "C:\Users\cofc_\AppData\Local\Temp\tmp42E0.tmp\rjsec099.ZIP", message = "rjsec099")~~RJStevensMusicPresentationCreator.Program~0000000462
2024-12-14 21:54:54.9338~DEBUG~download completed~~RJStevensMusicPresentationCreator.Program~0000000463
2024-12-14 21:54:54.9338~DEBUG~<- DownloadFile(url = "https://faas-nyc1-2ef2e6cc.doserverless.co/api/v1/web/fn-dd7f8f6a-d32a-4f5e-ae7b-870dfb7963f3/downloads/bundle?id=000000000000106", filename = "C:\Users\cofc_\AppData\Local\Temp\tmp42E0.tmp\rjsec099.ZIP", message = "rjsec099")~~RJStevensMusicPresentationCreator.Program~0000000464
2024-12-14 21:54:54.9578~DEBUG~-> ExtractAllFromFile(zipFileName = "C:\Users\cofc_\AppData\Local\Temp\tmp42E0.tmp\rjsec099.ZIP", decompressedFolder = "C:\Users\cofc_\AppData\Local\Temp\tmp43EB.tmp", message = "rjsec099")~~RJStevensMusicPresentationCreator.Program~0000000465
2024-12-14 21:54:55.2438~DEBUG~extract completed~~RJStevensMusicPresentationCreator.Program~0000000466
2024-12-14 21:54:55.2438~DEBUG~<- ExtractAllFromFile(zipFileName = "C:\Users\cofc_\AppData\Local\Temp\tmp42E0.tmp\rjsec099.ZIP", decompressedFolder = "C:\Users\cofc_\AppData\Local\Temp\tmp43EB.tmp", message = "rjsec099")~~RJStevensMusicPresentationCreator.Program~0000000467
2024-12-14 21:54:55.3158~DEBUG~-> DownloadFile(url = "https://faas-nyc1-2ef2e6cc.doserverless.co/api/v1/web/fn-dd7f8f6a-d32a-4f5e-ae7b-870dfb7963f3/downloads/bundle?id=000000000000107", filename = "C:\Users\cofc_\AppData\Local\Temp\tmp4553.tmp\rjsec100.ZIP", message = "rjsec100")~~RJStevensMusicPresentationCreator.Program~0000000468
2024-12-14 21:54:55.5359~DEBUG~download completed~~RJStevensMusicPresentationCreator.Program~0000000469
2024-12-14 21:54:55.5359~DEBUG~<- DownloadFile(url = "https://faas-nyc1-2ef2e6cc.doserverless.co/api/v1/web/fn-dd7f8f6a-d32a-4f5e-ae7b-870dfb7963f3/downloads/bundle?id=000000000000107", filename = "C:\Users\cofc_\AppData\Local\Temp\tmp4553.tmp\rjsec100.ZIP", message = "rjsec100")~~RJStevensMusicPresentationCreator.Program~0000000470
2024-12-14 21:54:55.5539~DEBUG~-> ExtractAllFromFile(zipFileName = "C:\Users\cofc_\AppData\Local\Temp\tmp4553.tmp\rjsec100.ZIP", decompressedFolder = "C:\Users\cofc_\AppData\Local\Temp\tmp463F.tmp", message = "rjsec100")~~RJStevensMusicPresentationCreator.Program~0000000471
2024-12-14 21:54:55.7769~DEBUG~extract completed~~RJStevensMusicPresentationCreator.Program~0000000472
2024-12-14 21:54:55.7769~DEBUG~<- ExtractAllFromFile(zipFileName = "C:\Users\cofc_\AppData\Local\Temp\tmp4553.tmp\rjsec100.ZIP", decompressedFolder = "C:\Users\cofc_\AppData\Local\Temp\tmp463F.tmp", message = "rjsec100")~~RJStevensMusicPresentationCreator.Program~0000000473
2024-12-14 21:54:55.8419~DEBUG~-> DownloadFile(url = "https://faas-nyc1-2ef2e6cc.doserverless.co/api/v1/web/fn-dd7f8f6a-d32a-4f5e-ae7b-870dfb7963f3/downloads/bundle?id=000000000000108", filename = "C:\Users\cofc_\AppData\Local\Temp\tmp4759.tmp\rjsec101.ZIP", message = "rjsec101")~~RJStevensMusicPresentationCreator.Program~0000000474
2024-12-14 21:54:56.0949~DEBUG~download completed~~RJStevensMusicPresentationCreator.Program~0000000475
2024-12-14 21:54:56.0949~DEBUG~<- DownloadFile(url = "https://faas-nyc1-2ef2e6cc.doserverless.co/api/v1/web/fn-dd7f8f6a-d32a-4f5e-ae7b-870dfb7963f3/downloads/bundle?id=000000000000108", filename = "C:\Users\cofc_\AppData\Local\Temp\tmp4759.tmp\rjsec101.ZIP", message = "rjsec101")~~RJStevensMusicPresentationCreator.Program~0000000476
2024-12-14 21:54:56.1119~DEBUG~-> ExtractAllFromFile(zipFileName = "C:\Users\cofc_\AppData\Local\Temp\tmp4759.tmp\rjsec101.ZIP", decompressedFolder = "C:\Users\cofc_\AppData\Local\Temp\tmp4873.tmp", message = "rjsec101")~~RJStevensMusicPresentationCreator.Program~0000000477
2024-12-14 21:54:56.4419~DEBUG~extract completed~~RJStevensMusicPresentationCreator.Program~0000000478
2024-12-14 21:54:56.4419~DEBUG~<- ExtractAllFromFile(zipFileName = "C:\Users\cofc_\AppData\Local\Temp\tmp4759.tmp\rjsec101.ZIP", decompressedFolder = "C:\Users\cofc_\AppData\Local\Temp\tmp4873.tmp", message = "rjsec101")~~RJStevensMusicPresentationCreator.Program~0000000479
2024-12-14 21:54:56.5249~DEBUG~-> DownloadFile(url = "https://faas-nyc1-2ef2e6cc.doserverless.co/api/v1/web/fn-dd7f8f6a-d32a-4f5e-ae7b-870dfb7963f3/downloads/bundle?id=000000000000744", filename = "C:\Users\cofc_\AppData\Local\Temp\tmp4A0A.tmp\rjsec1031.ZIP", message = "rjsec1031")~~RJStevensMusicPresentationCreator.Program~0000000480
2024-12-14 21:54:56.7749~DEBUG~download completed~~RJStevensMusicPresentationCreator.Program~0000000481
2024-12-14 21:54:56.7749~DEBUG~<- DownloadFile(url = "https://faas-nyc1-2ef2e6cc.doserverless.co/api/v1/web/fn-dd7f8f6a-d32a-4f5e-ae7b-870dfb7963f3/downloads/bundle?id=000000000000744", filename = "C:\Users\cofc_\AppData\Local\Temp\tmp4A0A.tmp\rjsec1031.ZIP", message = "rjsec1031")~~RJStevensMusicPresentationCreator.Program~0000000482
2024-12-14 21:54:56.7879~DEBUG~-> ExtractAllFromFile(zipFileName = "C:\Users\cofc_\AppData\Local\Temp\tmp4A0A.tmp\rjsec1031.ZIP", decompressedFolder = "C:\Users\cofc_\AppData\Local\Temp\tmp4B15.tmp", message = "rjsec1031")~~RJStevensMusicPresentationCreator.Program~0000000483
2024-12-14 21:54:57.0600~DEBUG~extract completed~~RJStevensMusicPresentationCreator.Program~0000000484
2024-12-14 21:54:57.0630~DEBUG~<- ExtractAllFromFile(zipFileName = "C:\Users\cofc_\AppData\Local\Temp\tmp4A0A.tmp\rjsec1031.ZIP", decompressedFolder = "C:\Users\cofc_\AppData\Local\Temp\tmp4B15.tmp", message = "rjsec1031")~~RJStevensMusicPresentationCreator.Program~0000000485
2024-12-14 21:54:57.1400~DEBUG~-> DownloadFile(url = "https://faas-nyc1-2ef2e6cc.doserverless.co/api/v1/web/fn-dd7f8f6a-d32a-4f5e-ae7b-870dfb7963f3/downloads/bundle?id=000000000000112", filename = "C:\Users\cofc_\AppData\Local\Temp\tmp4C6E.tmp\rjsec105.ZIP", message = "rjsec105")~~RJStevensMusicPresentationCreator.Program~0000000486
2024-12-14 21:54:57.3570~DEBUG~download completed~~RJStevensMusicPresentationCreator.Program~0000000487
2024-12-14 21:54:57.3570~DEBUG~<- DownloadFile(url = "https://faas-nyc1-2ef2e6cc.doserverless.co/api/v1/web/fn-dd7f8f6a-d32a-4f5e-ae7b-870dfb7963f3/downloads/bundle?id=000000000000112", filename = "C:\Users\cofc_\AppData\Local\Temp\tmp4C6E.tmp\rjsec105.ZIP", message = "rjsec105")~~RJStevensMusicPresentationCreator.Program~0000000488
2024-12-14 21:54:57.3750~DEBUG~-> ExtractAllFromFile(zipFileName = "C:\Users\cofc_\AppData\Local\Temp\tmp4C6E.tmp\rjsec105.ZIP", decompressedFolder = "C:\Users\cofc_\AppData\Local\Temp\tmp4D59.tmp", message = "rjsec105")~~RJStevensMusicPresentationCreator.Program~0000000489
2024-12-14 21:54:57.6550~DEBUG~extract completed~~RJStevensMusicPresentationCreator.Program~0000000490
2024-12-14 21:54:57.6580~DEBUG~<- ExtractAllFromFile(zipFileName = "C:\Users\cofc_\AppData\Local\Temp\tmp4C6E.tmp\rjsec105.ZIP", decompressedFolder = "C:\Users\cofc_\AppData\Local\Temp\tmp4D59.tmp", message = "rjsec105")~~RJStevensMusicPresentationCreator.Program~0000000491
2024-12-14 21:54:57.7210~DEBUG~-> DownloadFile(url = "https://faas-nyc1-2ef2e6cc.doserverless.co/api/v1/web/fn-dd7f8f6a-d32a-4f5e-ae7b-870dfb7963f3/downloads/bundle?id=000000000000113", filename = "C:\Users\cofc_\AppData\Local\Temp\tmp4EC2.tmp\rjsec106.ZIP", message = "rjsec106")~~RJStevensMusicPresentationCreator.Program~0000000492
2024-12-14 21:54:57.9280~DEBUG~download completed~~RJStevensMusicPresentationCreator.Program~0000000493
2024-12-14 21:54:57.9280~DEBUG~<- DownloadFile(url = "https://faas-nyc1-2ef2e6cc.doserverless.co/api/v1/web/fn-dd7f8f6a-d32a-4f5e-ae7b-870dfb7963f3/downloads/bundle?id=000000000000113", filename = "C:\Users\cofc_\AppData\Local\Temp\tmp4EC2.tmp\rjsec106.ZIP", message = "rjsec106")~~RJStevensMusicPresentationCreator.Program~0000000494
2024-12-14 21:54:57.9510~DEBUG~-> ExtractAllFromFile(zipFileName = "C:\Users\cofc_\AppData\Local\Temp\tmp4EC2.tmp\rjsec106.ZIP", decompressedFolder = "C:\Users\cofc_\AppData\Local\Temp\tmp4F9D.tmp", message = "rjsec106")~~RJStevensMusicPresentationCreator.Program~0000000495
2024-12-14 21:54:58.1380~DEBUG~extract completed~~RJStevensMusicPresentationCreator.Program~0000000496
2024-12-14 21:54:58.1411~DEBUG~<- ExtractAllFromFile(zipFileName = "C:\Users\cofc_\AppData\Local\Temp\tmp4EC2.tmp\rjsec106.ZIP", decompressedFolder = "C:\Users\cofc_\AppData\Local\Temp\tmp4F9D.tmp", message = "rjsec106")~~RJStevensMusicPresentationCreator.Program~0000000497
2024-12-14 21:54:58.1951~DEBUG~-> DownloadFile(url = "https://faas-nyc1-2ef2e6cc.doserverless.co/api/v1/web/fn-dd7f8f6a-d32a-4f5e-ae7b-870dfb7963f3/downloads/bundle?id=000000000000774", filename = "C:\Users\cofc_\AppData\Local\Temp\tmp5098.tmp\rjsec1061.ZIP", message = "rjsec1061")~~RJStevensMusicPresentationCreator.Program~0000000498
2024-12-14 21:54:58.3821~DEBUG~download completed~~RJStevensMusicPresentationCreator.Program~0000000499
2024-12-14 21:54:58.3821~DEBUG~<- DownloadFile(url = "https://faas-nyc1-2ef2e6cc.doserverless.co/api/v1/web/fn-dd7f8f6a-d32a-4f5e-ae7b-870dfb7963f3/downloads/bundle?id=000000000000774", filename = "C:\Users\cofc_\AppData\Local\Temp\tmp5098.tmp\rjsec1061.ZIP", message = "rjsec1061")~~RJStevensMusicPresentationCreator.Program~0000000500
2024-12-14 21:54:58.3941~DEBUG~-> ExtractAllFromFile(zipFileName = "C:\Users\cofc_\AppData\Local\Temp\tmp5098.tmp\rjsec1061.ZIP", decompressedFolder = "C:\Users\cofc_\AppData\Local\Temp\tmp5164.tmp", message = "rjsec1061")~~RJStevensMusicPresentationCreator.Program~0000000501
2024-12-14 21:54:58.5451~DEBUG~extract completed~~RJStevensMusicPresentationCreator.Program~0000000502
2024-12-14 21:54:58.5451~DEBUG~<- ExtractAllFromFile(zipFileName = "C:\Users\cofc_\AppData\Local\Temp\tmp5098.tmp\rjsec1061.ZIP", decompressedFolder = "C:\Users\cofc_\AppData\Local\Temp\tmp5164.tmp", message = "rjsec1061")~~RJStevensMusicPresentationCreator.Program~0000000503
2024-12-14 21:54:58.5961~DEBUG~-> DownloadFile(url = "https://faas-nyc1-2ef2e6cc.doserverless.co/api/v1/web/fn-dd7f8f6a-d32a-4f5e-ae7b-870dfb7963f3/downloads/bundle?id=000000000000777", filename = "C:\Users\cofc_\AppData\Local\Temp\tmp5231.tmp\rjsec1064.ZIP", message = "rjsec1064")~~RJStevensMusicPresentationCreator.Program~0000000504
2024-12-14 21:54:58.8441~DEBUG~download completed~~RJStevensMusicPresentationCreator.Program~0000000505
2024-12-14 21:54:58.8441~DEBUG~<- DownloadFile(url = "https://faas-nyc1-2ef2e6cc.doserverless.co/api/v1/web/fn-dd7f8f6a-d32a-4f5e-ae7b-870dfb7963f3/downloads/bundle?id=000000000000777", filename = "C:\Users\cofc_\AppData\Local\Temp\tmp5231.tmp\rjsec1064.ZIP", message = "rjsec1064")~~RJStevensMusicPresentationCreator.Program~0000000506
2024-12-14 21:54:58.8611~DEBUG~-> ExtractAllFromFile(zipFileName = "C:\Users\cofc_\AppData\Local\Temp\tmp5231.tmp\rjsec1064.ZIP", decompressedFolder = "C:\Users\cofc_\AppData\Local\Temp\tmp533B.tmp", message = "rjsec1064")~~RJStevensMusicPresentationCreator.Program~0000000507
2024-12-14 21:54:59.1701~DEBUG~extract completed~~RJStevensMusicPresentationCreator.Program~0000000508
2024-12-14 21:54:59.1731~DEBUG~<- ExtractAllFromFile(zipFileName = "C:\Users\cofc_\AppData\Local\Temp\tmp5231.tmp\rjsec1064.ZIP", decompressedFolder = "C:\Users\cofc_\AppData\Local\Temp\tmp533B.tmp", message = "rjsec1064")~~RJStevensMusicPresentationCreator.Program~0000000509
2024-12-14 21:54:59.2501~DEBUG~-> DownloadFile(url = "https://faas-nyc1-2ef2e6cc.doserverless.co/api/v1/web/fn-dd7f8f6a-d32a-4f5e-ae7b-870dfb7963f3/downloads/bundle?id=000000000000779", filename = "C:\Users\cofc_\AppData\Local\Temp\tmp54B3.tmp\rjsec1066.ZIP", message = "rjsec1066")~~RJStevensMusicPresentationCreator.Program~0000000510
2024-12-14 21:54:59.5872~DEBUG~download completed~~RJStevensMusicPresentationCreator.Program~0000000511
2024-12-14 21:54:59.5872~DEBUG~<- DownloadFile(url = "https://faas-nyc1-2ef2e6cc.doserverless.co/api/v1/web/fn-dd7f8f6a-d32a-4f5e-ae7b-870dfb7963f3/downloads/bundle?id=000000000000779", filename = "C:\Users\cofc_\AppData\Local\Temp\tmp54B3.tmp\rjsec1066.ZIP", message = "rjsec1066")~~RJStevensMusicPresentationCreator.Program~0000000512
2024-12-14 21:54:59.6042~DEBUG~-> ExtractAllFromFile(zipFileName = "C:\Users\cofc_\AppData\Local\Temp\tmp54B3.tmp\rjsec1066.ZIP", decompressedFolder = "C:\Users\cofc_\AppData\Local\Temp\tmp561C.tmp", message = "rjsec1066")~~RJStevensMusicPresentationCreator.Program~0000000513
2024-12-14 21:54:59.8632~DEBUG~extract completed~~RJStevensMusicPresentationCreator.Program~0000000514
2024-12-14 21:54:59.8632~DEBUG~<- ExtractAllFromFile(zipFileName = "C:\Users\cofc_\AppData\Local\Temp\tmp54B3.tmp\rjsec1066.ZIP", decompressedFolder = "C:\Users\cofc_\AppData\Local\Temp\tmp561C.tmp", message = "rjsec1066")~~RJStevensMusicPresentationCreator.Program~0000000515
2024-12-14 21:54:59.9412~DEBUG~-> DownloadFile(url = "https://faas-nyc1-2ef2e6cc.doserverless.co/api/v1/web/fn-dd7f8f6a-d32a-4f5e-ae7b-870dfb7963f3/downloads/bundle?id=000000000000114", filename = "C:\Users\cofc_\AppData\Local\Temp\tmp5774.tmp\rjsec107.ZIP", message = "rjsec107")~~RJStevensMusicPresentationCreator.Program~0000000516
2024-12-14 21:55:00.2302~DEBUG~download completed~~RJStevensMusicPresentationCreator.Program~0000000517
2024-12-14 21:55:00.2302~DEBUG~<- DownloadFile(url = "https://faas-nyc1-2ef2e6cc.doserverless.co/api/v1/web/fn-dd7f8f6a-d32a-4f5e-ae7b-870dfb7963f3/downloads/bundle?id=000000000000114", filename = "C:\Users\cofc_\AppData\Local\Temp\tmp5774.tmp\rjsec107.ZIP", message = "rjsec107")~~RJStevensMusicPresentationCreator.Program~0000000518
2024-12-14 21:55:00.2472~DEBUG~-> ExtractAllFromFile(zipFileName = "C:\Users\cofc_\AppData\Local\Temp\tmp5774.tmp\rjsec107.ZIP", decompressedFolder = "C:\Users\cofc_\AppData\Local\Temp\tmp589E.tmp", message = "rjsec107")~~RJStevensMusicPresentationCreator.Program~0000000519
2024-12-14 21:55:00.5732~DEBUG~extract completed~~RJStevensMusicPresentationCreator.Program~0000000520
2024-12-14 21:55:00.5732~DEBUG~<- ExtractAllFromFile(zipFileName = "C:\Users\cofc_\AppData\Local\Temp\tmp5774.tmp\rjsec107.ZIP", decompressedFolder = "C:\Users\cofc_\AppData\Local\Temp\tmp589E.tmp", message = "rjsec107")~~RJStevensMusicPresentationCreator.Program~0000000521
2024-12-14 21:55:00.6532~DEBUG~-> DownloadFile(url = "https://faas-nyc1-2ef2e6cc.doserverless.co/api/v1/web/fn-dd7f8f6a-d32a-4f5e-ae7b-870dfb7963f3/downloads/bundle?id=000000000000115", filename = "C:\Users\cofc_\AppData\Local\Temp\tmp5A35.tmp\rjsec108.ZIP", message = "rjsec108")~~RJStevensMusicPresentationCreator.Program~0000000522
2024-12-14 21:55:00.9643~DEBUG~download completed~~RJStevensMusicPresentationCreator.Program~0000000523
2024-12-14 21:55:00.9643~DEBUG~<- DownloadFile(url = "https://faas-nyc1-2ef2e6cc.doserverless.co/api/v1/web/fn-dd7f8f6a-d32a-4f5e-ae7b-870dfb7963f3/downloads/bundle?id=000000000000115", filename = "C:\Users\cofc_\AppData\Local\Temp\tmp5A35.tmp\rjsec108.ZIP", message = "rjsec108")~~RJStevensMusicPresentationCreator.Program~0000000524
2024-12-14 21:55:00.9793~DEBUG~-> ExtractAllFromFile(zipFileName = "C:\Users\cofc_\AppData\Local\Temp\tmp5A35.tmp\rjsec108.ZIP", decompressedFolder = "C:\Users\cofc_\AppData\Local\Temp\tmp5B7F.tmp", message = "rjsec108")~~RJStevensMusicPresentationCreator.Program~0000000525
2024-12-14 21:55:01.2013~DEBUG~extract completed~~RJStevensMusicPresentationCreator.Program~0000000526
2024-12-14 21:55:01.2053~DEBUG~<- ExtractAllFromFile(zipFileName = "C:\Users\cofc_\AppData\Local\Temp\tmp5A35.tmp\rjsec108.ZIP", decompressedFolder = "C:\Users\cofc_\AppData\Local\Temp\tmp5B7F.tmp", message = "rjsec108")~~RJStevensMusicPresentationCreator.Program~0000000527
2024-12-14 21:55:01.2633~DEBUG~-> DownloadFile(url = "https://faas-nyc1-2ef2e6cc.doserverless.co/api/v1/web/fn-dd7f8f6a-d32a-4f5e-ae7b-870dfb7963f3/downloads/bundle?id=000000000000116", filename = "C:\Users\cofc_\AppData\Local\Temp\tmp5C99.tmp\rjsec109.ZIP", message = "rjsec109")~~RJStevensMusicPresentationCreator.Program~0000000528
2024-12-14 21:55:01.5013~DEBUG~download completed~~RJStevensMusicPresentationCreator.Program~0000000529
2024-12-14 21:55:01.5013~DEBUG~<- DownloadFile(url = "https://faas-nyc1-2ef2e6cc.doserverless.co/api/v1/web/fn-dd7f8f6a-d32a-4f5e-ae7b-870dfb7963f3/downloads/bundle?id=000000000000116", filename = "C:\Users\cofc_\AppData\Local\Temp\tmp5C99.tmp\rjsec109.ZIP", message = "rjsec109")~~RJStevensMusicPresentationCreator.Program~0000000530
2024-12-14 21:55:01.5013~DEBUG~-> ExtractAllFromFile(zipFileName = "C:\Users\cofc_\AppData\Local\Temp\tmp5C99.tmp\rjsec109.ZIP", decompressedFolder = "C:\Users\cofc_\AppData\Local\Temp\tmp5D94.tmp", message = "rjsec109")~~RJStevensMusicPresentationCreator.Program~0000000531
2024-12-14 21:55:01.7623~DEBUG~extract completed~~RJStevensMusicPresentationCreator.Program~0000000532
2024-12-14 21:55:01.7673~DEBUG~<- ExtractAllFromFile(zipFileName = "C:\Users\cofc_\AppData\Local\Temp\tmp5C99.tmp\rjsec109.ZIP", decompressedFolder = "C:\Users\cofc_\AppData\Local\Temp\tmp5D94.tmp", message = "rjsec109")~~RJStevensMusicPresentationCreator.Program~0000000533
2024-12-14 21:55:01.8293~DEBUG~-> DownloadFile(url = "https://faas-nyc1-2ef2e6cc.doserverless.co/api/v1/web/fn-dd7f8f6a-d32a-4f5e-ae7b-870dfb7963f3/downloads/bundle?id=000000000000117", filename = "C:\Users\cofc_\AppData\Local\Temp\tmp5ECD.tmp\rjsec110.ZIP", message = "rjsec110")~~RJStevensMusicPresentationCreator.Program~0000000534
2024-12-14 21:55:02.0683~DEBUG~download completed~~RJStevensMusicPresentationCreator.Program~0000000535
2024-12-14 21:55:02.0683~DEBUG~<- DownloadFile(url = "https://faas-nyc1-2ef2e6cc.doserverless.co/api/v1/web/fn-dd7f8f6a-d32a-4f5e-ae7b-870dfb7963f3/downloads/bundle?id=000000000000117", filename = "C:\Users\cofc_\AppData\Local\Temp\tmp5ECD.tmp\rjsec110.ZIP", message = "rjsec110")~~RJStevensMusicPresentationCreator.Program~0000000536
2024-12-14 21:55:02.0853~DEBUG~-> ExtractAllFromFile(zipFileName = "C:\Users\cofc_\AppData\Local\Temp\tmp5ECD.tmp\rjsec110.ZIP", decompressedFolder = "C:\Users\cofc_\AppData\Local\Temp\tmp5FD8.tmp", message = "rjsec110")~~RJStevensMusicPresentationCreator.Program~0000000537
2024-12-14 21:55:02.4084~DEBUG~extract completed~~RJStevensMusicPresentationCreator.Program~0000000538
2024-12-14 21:55:02.4084~DEBUG~<- ExtractAllFromFile(zipFileName = "C:\Users\cofc_\AppData\Local\Temp\tmp5ECD.tmp\rjsec110.ZIP", decompressedFolder = "C:\Users\cofc_\AppData\Local\Temp\tmp5FD8.tmp", message = "rjsec110")~~RJStevensMusicPresentationCreator.Program~0000000539
2024-12-14 21:55:02.4934~DEBUG~-> DownloadFile(url = "https://faas-nyc1-2ef2e6cc.doserverless.co/api/v1/web/fn-dd7f8f6a-d32a-4f5e-ae7b-870dfb7963f3/downloads/bundle?id=000000000000822", filename = "C:\Users\cofc_\AppData\Local\Temp\tmp616F.tmp\rjsec1109.ZIP", message = "rjsec1109")~~RJStevensMusicPresentationCreator.Program~0000000540
2024-12-14 21:55:02.7454~DEBUG~download completed~~RJStevensMusicPresentationCreator.Program~0000000541
2024-12-14 21:55:02.7454~DEBUG~<- DownloadFile(url = "https://faas-nyc1-2ef2e6cc.doserverless.co/api/v1/web/fn-dd7f8f6a-d32a-4f5e-ae7b-870dfb7963f3/downloads/bundle?id=000000000000822", filename = "C:\Users\cofc_\AppData\Local\Temp\tmp616F.tmp\rjsec1109.ZIP", message = "rjsec1109")~~RJStevensMusicPresentationCreator.Program~0000000542
2024-12-14 21:55:02.7594~DEBUG~-> ExtractAllFromFile(zipFileName = "C:\Users\cofc_\AppData\Local\Temp\tmp616F.tmp\rjsec1109.ZIP", decompressedFolder = "C:\Users\cofc_\AppData\Local\Temp\tmp627A.tmp", message = "rjsec1109")~~RJStevensMusicPresentationCreator.Program~0000000543
2024-12-14 21:55:03.0714~DEBUG~extract completed~~RJStevensMusicPresentationCreator.Program~0000000544
2024-12-14 21:55:03.0714~DEBUG~<- ExtractAllFromFile(zipFileName = "C:\Users\cofc_\AppData\Local\Temp\tmp616F.tmp\rjsec1109.ZIP", decompressedFolder = "C:\Users\cofc_\AppData\Local\Temp\tmp627A.tmp", message = "rjsec1109")~~RJStevensMusicPresentationCreator.Program~0000000545
2024-12-14 21:55:03.1494~DEBUG~-> DownloadFile(url = "https://faas-nyc1-2ef2e6cc.doserverless.co/api/v1/web/fn-dd7f8f6a-d32a-4f5e-ae7b-870dfb7963f3/downloads/bundle?id=000000000000119", filename = "C:\Users\cofc_\AppData\Local\Temp\tmp6401.tmp\rjsec112.ZIP", message = "rjsec112")~~RJStevensMusicPresentationCreator.Program~0000000546
2024-12-14 21:55:03.3944~DEBUG~download completed~~RJStevensMusicPresentationCreator.Program~0000000547
2024-12-14 21:55:03.3944~DEBUG~<- DownloadFile(url = "https://faas-nyc1-2ef2e6cc.doserverless.co/api/v1/web/fn-dd7f8f6a-d32a-4f5e-ae7b-870dfb7963f3/downloads/bundle?id=000000000000119", filename = "C:\Users\cofc_\AppData\Local\Temp\tmp6401.tmp\rjsec112.ZIP", message = "rjsec112")~~RJStevensMusicPresentationCreator.Program~0000000548
2024-12-14 21:55:03.3944~DEBUG~-> ExtractAllFromFile(zipFileName = "C:\Users\cofc_\AppData\Local\Temp\tmp6401.tmp\rjsec112.ZIP", decompressedFolder = "C:\Users\cofc_\AppData\Local\Temp\tmp64FC.tmp", message = "rjsec112")~~RJStevensMusicPresentationCreator.Program~0000000549
2024-12-14 21:55:03.6405~DEBUG~extract completed~~RJStevensMusicPresentationCreator.Program~0000000550
2024-12-14 21:55:03.6425~DEBUG~<- ExtractAllFromFile(zipFileName = "C:\Users\cofc_\AppData\Local\Temp\tmp6401.tmp\rjsec112.ZIP", decompressedFolder = "C:\Users\cofc_\AppData\Local\Temp\tmp64FC.tmp", message = "rjsec112")~~RJStevensMusicPresentationCreator.Program~0000000551
2024-12-14 21:55:03.7055~DEBUG~-> DownloadFile(url = "https://faas-nyc1-2ef2e6cc.doserverless.co/api/v1/web/fn-dd7f8f6a-d32a-4f5e-ae7b-870dfb7963f3/downloads/bundle?id=000000000000121", filename = "C:\Users\cofc_\AppData\Local\Temp\tmp6636.tmp\rjsec114.ZIP", message = "rjsec114")~~RJStevensMusicPresentationCreator.Program~0000000552
2024-12-14 21:55:03.9285~DEBUG~download completed~~RJStevensMusicPresentationCreator.Program~0000000553
2024-12-14 21:55:03.9285~DEBUG~<- DownloadFile(url = "https://faas-nyc1-2ef2e6cc.doserverless.co/api/v1/web/fn-dd7f8f6a-d32a-4f5e-ae7b-870dfb7963f3/downloads/bundle?id=000000000000121", filename = "C:\Users\cofc_\AppData\Local\Temp\tmp6636.tmp\rjsec114.ZIP", message = "rjsec114")~~RJStevensMusicPresentationCreator.Program~0000000554
2024-12-14 21:55:03.9415~DEBUG~-> ExtractAllFromFile(zipFileName = "C:\Users\cofc_\AppData\Local\Temp\tmp6636.tmp\rjsec114.ZIP", decompressedFolder = "C:\Users\cofc_\AppData\Local\Temp\tmp6721.tmp", message = "rjsec114")~~RJStevensMusicPresentationCreator.Program~0000000555
2024-12-14 21:55:04.1835~DEBUG~extract completed~~RJStevensMusicPresentationCreator.Program~0000000556
2024-12-14 21:55:04.1835~DEBUG~<- ExtractAllFromFile(zipFileName = "C:\Users\cofc_\AppData\Local\Temp\tmp6636.tmp\rjsec114.ZIP", decompressedFolder = "C:\Users\cofc_\AppData\Local\Temp\tmp6721.tmp", message = "rjsec114")~~RJStevensMusicPresentationCreator.Program~0000000557
2024-12-14 21:55:04.2485~DEBUG~-> DownloadFile(url = "https://faas-nyc1-2ef2e6cc.doserverless.co/api/v1/web/fn-dd7f8f6a-d32a-4f5e-ae7b-870dfb7963f3/downloads/bundle?id=000000000000122", filename = "C:\Users\cofc_\AppData\Local\Temp\tmp684B.tmp\rjsec115.ZIP", message = "rjsec115")~~RJStevensMusicPresentationCreator.Program~0000000558
2024-12-14 21:55:04.4975~DEBUG~download completed~~RJStevensMusicPresentationCreator.Program~0000000559
2024-12-14 21:55:04.4975~DEBUG~<- DownloadFile(url = "https://faas-nyc1-2ef2e6cc.doserverless.co/api/v1/web/fn-dd7f8f6a-d32a-4f5e-ae7b-870dfb7963f3/downloads/bundle?id=000000000000122", filename = "C:\Users\cofc_\AppData\Local\Temp\tmp684B.tmp\rjsec115.ZIP", message = "rjsec115")~~RJStevensMusicPresentationCreator.Program~0000000560
2024-12-14 21:55:04.5105~DEBUG~-> ExtractAllFromFile(zipFileName = "C:\Users\cofc_\AppData\Local\Temp\tmp684B.tmp\rjsec115.ZIP", decompressedFolder = "C:\Users\cofc_\AppData\Local\Temp\tmp6956.tmp", message = "rjsec115")~~RJStevensMusicPresentationCreator.Program~0000000561
2024-12-14 21:55:04.7475~DEBUG~extract completed~~RJStevensMusicPresentationCreator.Program~0000000562
2024-12-14 21:55:04.7535~DEBUG~<- ExtractAllFromFile(zipFileName = "C:\Users\cofc_\AppData\Local\Temp\tmp684B.tmp\rjsec115.ZIP", decompressedFolder = "C:\Users\cofc_\AppData\Local\Temp\tmp6956.tmp", message = "rjsec115")~~RJStevensMusicPresentationCreator.Program~0000000563
2024-12-14 21:55:04.8105~DEBUG~-> DownloadFile(url = "https://faas-nyc1-2ef2e6cc.doserverless.co/api/v1/web/fn-dd7f8f6a-d32a-4f5e-ae7b-870dfb7963f3/downloads/bundle?id=000000000000123", filename = "C:\Users\cofc_\AppData\Local\Temp\tmp6A80.tmp\rjsec116.ZIP", message = "rjsec116")~~RJStevensMusicPresentationCreator.Program~0000000564
2024-12-14 21:55:05.0336~DEBUG~download completed~~RJStevensMusicPresentationCreator.Program~0000000565
2024-12-14 21:55:05.0336~DEBUG~<- DownloadFile(url = "https://faas-nyc1-2ef2e6cc.doserverless.co/api/v1/web/fn-dd7f8f6a-d32a-4f5e-ae7b-870dfb7963f3/downloads/bundle?id=000000000000123", filename = "C:\Users\cofc_\AppData\Local\Temp\tmp6A80.tmp\rjsec116.ZIP", message = "rjsec116")~~RJStevensMusicPresentationCreator.Program~0000000566
2024-12-14 21:55:05.0486~DEBUG~-> ExtractAllFromFile(zipFileName = "C:\Users\cofc_\AppData\Local\Temp\tmp6A80.tmp\rjsec116.ZIP", decompressedFolder = "C:\Users\cofc_\AppData\Local\Temp\tmp6B7B.tmp", message = "rjsec116")~~RJStevensMusicPresentationCreator.Program~0000000567
2024-12-14 21:55:05.2686~DEBUG~extract completed~~RJStevensMusicPresentationCreator.Program~0000000568
2024-12-14 21:55:05.2686~DEBUG~<- ExtractAllFromFile(zipFileName = "C:\Users\cofc_\AppData\Local\Temp\tmp6A80.tmp\rjsec116.ZIP", decompressedFolder = "C:\Users\cofc_\AppData\Local\Temp\tmp6B7B.tmp", message = "rjsec116")~~RJStevensMusicPresentationCreator.Program~0000000569
2024-12-14 21:55:05.3376~DEBUG~-> DownloadFile(url = "https://faas-nyc1-2ef2e6cc.doserverless.co/api/v1/web/fn-dd7f8f6a-d32a-4f5e-ae7b-870dfb7963f3/downloads/bundle?id=000000000000124", filename = "C:\Users\cofc_\AppData\Local\Temp\tmp6C95.tmp\rjsec117.ZIP", message = "rjsec117")~~RJStevensMusicPresentationCreator.Program~0000000570
2024-12-14 21:55:05.5496~DEBUG~download completed~~RJStevensMusicPresentationCreator.Program~0000000571
2024-12-14 21:55:05.5496~DEBUG~<- DownloadFile(url = "https://faas-nyc1-2ef2e6cc.doserverless.co/api/v1/web/fn-dd7f8f6a-d32a-4f5e-ae7b-870dfb7963f3/downloads/bundle?id=000000000000124", filename = "C:\Users\cofc_\AppData\Local\Temp\tmp6C95.tmp\rjsec117.ZIP", message = "rjsec117")~~RJStevensMusicPresentationCreator.Program~0000000572
2024-12-14 21:55:05.5676~DEBUG~-> ExtractAllFromFile(zipFileName = "C:\Users\cofc_\AppData\Local\Temp\tmp6C95.tmp\rjsec117.ZIP", decompressedFolder = "C:\Users\cofc_\AppData\Local\Temp\tmp6D80.tmp", message = "rjsec117")~~RJStevensMusicPresentationCreator.Program~0000000573
2024-12-14 21:55:05.7786~DEBUG~extract completed~~RJStevensMusicPresentationCreator.Program~0000000574
2024-12-14 21:55:05.7816~DEBUG~<- ExtractAllFromFile(zipFileName = "C:\Users\cofc_\AppData\Local\Temp\tmp6C95.tmp\rjsec117.ZIP", decompressedFolder = "C:\Users\cofc_\AppData\Local\Temp\tmp6D80.tmp", message = "rjsec117")~~RJStevensMusicPresentationCreator.Program~0000000575
2024-12-14 21:55:05.8406~DEBUG~-> DownloadFile(url = "https://faas-nyc1-2ef2e6cc.doserverless.co/api/v1/web/fn-dd7f8f6a-d32a-4f5e-ae7b-870dfb7963f3/downloads/bundle?id=000000000000125", filename = "C:\Users\cofc_\AppData\Local\Temp\tmp6E8B.tmp\rjsec118.ZIP", message = "rjsec118")~~RJStevensMusicPresentationCreator.Program~0000000576
2024-12-14 21:55:06.0746~DEBUG~download completed~~RJStevensMusicPresentationCreator.Program~0000000577
2024-12-14 21:55:06.0746~DEBUG~<- DownloadFile(url = "https://faas-nyc1-2ef2e6cc.doserverless.co/api/v1/web/fn-dd7f8f6a-d32a-4f5e-ae7b-870dfb7963f3/downloads/bundle?id=000000000000125", filename = "C:\Users\cofc_\AppData\Local\Temp\tmp6E8B.tmp\rjsec118.ZIP", message = "rjsec118")~~RJStevensMusicPresentationCreator.Program~0000000578
2024-12-14 21:55:06.0916~DEBUG~-> ExtractAllFromFile(zipFileName = "C:\Users\cofc_\AppData\Local\Temp\tmp6E8B.tmp\rjsec118.ZIP", decompressedFolder = "C:\Users\cofc_\AppData\Local\Temp\tmp6F86.tmp", message = "rjsec118")~~RJStevensMusicPresentationCreator.Program~0000000579
2024-12-14 21:55:06.2886~DEBUG~extract completed~~RJStevensMusicPresentationCreator.Program~0000000580
2024-12-14 21:55:06.2886~DEBUG~<- ExtractAllFromFile(zipFileName = "C:\Users\cofc_\AppData\Local\Temp\tmp6E8B.tmp\rjsec118.ZIP", decompressedFolder = "C:\Users\cofc_\AppData\Local\Temp\tmp6F86.tmp", message = "rjsec118")~~RJStevensMusicPresentationCreator.Program~0000000581
2024-12-14 21:55:06.3597~DEBUG~-> DownloadFile(url = "https://faas-nyc1-2ef2e6cc.doserverless.co/api/v1/web/fn-dd7f8f6a-d32a-4f5e-ae7b-870dfb7963f3/downloads/bundle?id=000000000000126", filename = "C:\Users\cofc_\AppData\Local\Temp\tmp7091.tmp\rjsec119.ZIP", message = "rjsec119")~~RJStevensMusicPresentationCreator.Program~0000000582
2024-12-14 21:55:06.6937~DEBUG~download completed~~RJStevensMusicPresentationCreator.Program~0000000583
2024-12-14 21:55:06.6937~DEBUG~<- DownloadFile(url = "https://faas-nyc1-2ef2e6cc.doserverless.co/api/v1/web/fn-dd7f8f6a-d32a-4f5e-ae7b-870dfb7963f3/downloads/bundle?id=000000000000126", filename = "C:\Users\cofc_\AppData\Local\Temp\tmp7091.tmp\rjsec119.ZIP", message = "rjsec119")~~RJStevensMusicPresentationCreator.Program~0000000584
2024-12-14 21:55:06.7107~DEBUG~-> ExtractAllFromFile(zipFileName = "C:\Users\cofc_\AppData\Local\Temp\tmp7091.tmp\rjsec119.ZIP", decompressedFolder = "C:\Users\cofc_\AppData\Local\Temp\tmp71F9.tmp", message = "rjsec119")~~RJStevensMusicPresentationCreator.Program~0000000585
2024-12-14 21:55:06.9817~DEBUG~extract completed~~RJStevensMusicPresentationCreator.Program~0000000586
2024-12-14 21:55:06.9847~DEBUG~<- ExtractAllFromFile(zipFileName = "C:\Users\cofc_\AppData\Local\Temp\tmp7091.tmp\rjsec119.ZIP", decompressedFolder = "C:\Users\cofc_\AppData\Local\Temp\tmp71F9.tmp", message = "rjsec119")~~RJStevensMusicPresentationCreator.Program~0000000587
2024-12-14 21:55:07.0467~DEBUG~-> DownloadFile(url = "https://faas-nyc1-2ef2e6cc.doserverless.co/api/v1/web/fn-dd7f8f6a-d32a-4f5e-ae7b-870dfb7963f3/downloads/bundle?id=000000000000127", filename = "C:\Users\cofc_\AppData\Local\Temp\tmp7342.tmp\rjsec120.ZIP", message = "rjsec120")~~RJStevensMusicPresentationCreator.Program~0000000588
2024-12-14 21:55:07.2527~DEBUG~download completed~~RJStevensMusicPresentationCreator.Program~0000000589
2024-12-14 21:55:07.2527~DEBUG~<- DownloadFile(url = "https://faas-nyc1-2ef2e6cc.doserverless.co/api/v1/web/fn-dd7f8f6a-d32a-4f5e-ae7b-870dfb7963f3/downloads/bundle?id=000000000000127", filename = "C:\Users\cofc_\AppData\Local\Temp\tmp7342.tmp\rjsec120.ZIP", message = "rjsec120")~~RJStevensMusicPresentationCreator.Program~0000000590
2024-12-14 21:55:07.2667~DEBUG~-> ExtractAllFromFile(zipFileName = "C:\Users\cofc_\AppData\Local\Temp\tmp7342.tmp\rjsec120.ZIP", decompressedFolder = "C:\Users\cofc_\AppData\Local\Temp\tmp741E.tmp", message = "rjsec120")~~RJStevensMusicPresentationCreator.Program~0000000591
2024-12-14 21:55:07.4597~DEBUG~extract completed~~RJStevensMusicPresentationCreator.Program~0000000592
2024-12-14 21:55:07.4597~DEBUG~<- ExtractAllFromFile(zipFileName = "C:\Users\cofc_\AppData\Local\Temp\tmp7342.tmp\rjsec120.ZIP", decompressedFolder = "C:\Users\cofc_\AppData\Local\Temp\tmp741E.tmp", message = "rjsec120")~~RJStevensMusicPresentationCreator.Program~0000000593
2024-12-14 21:55:07.5167~DEBUG~-> DownloadFile(url = "https://faas-nyc1-2ef2e6cc.doserverless.co/api/v1/web/fn-dd7f8f6a-d32a-4f5e-ae7b-870dfb7963f3/downloads/bundle?id=000000000000128", filename = "C:\Users\cofc_\AppData\Local\Temp\tmp7519.tmp\rjsec121.ZIP", message = "rjsec121")~~RJStevensMusicPresentationCreator.Program~0000000594
2024-12-14 21:55:07.8118~DEBUG~download completed~~RJStevensMusicPresentationCreator.Program~0000000595
2024-12-14 21:55:07.8118~DEBUG~<- DownloadFile(url = "https://faas-nyc1-2ef2e6cc.doserverless.co/api/v1/web/fn-dd7f8f6a-d32a-4f5e-ae7b-870dfb7963f3/downloads/bundle?id=000000000000128", filename = "C:\Users\cofc_\AppData\Local\Temp\tmp7519.tmp\rjsec121.ZIP", message = "rjsec121")~~RJStevensMusicPresentationCreator.Program~0000000596
2024-12-14 21:55:07.8328~DEBUG~-> ExtractAllFromFile(zipFileName = "C:\Users\cofc_\AppData\Local\Temp\tmp7519.tmp\rjsec121.ZIP", decompressedFolder = "C:\Users\cofc_\AppData\Local\Temp\tmp7662.tmp", message = "rjsec121")~~RJStevensMusicPresentationCreator.Program~0000000597
2024-12-14 21:55:08.1498~DEBUG~extract completed~~RJStevensMusicPresentationCreator.Program~0000000598
2024-12-14 21:55:08.1498~DEBUG~<- ExtractAllFromFile(zipFileName = "C:\Users\cofc_\AppData\Local\Temp\tmp7519.tmp\rjsec121.ZIP", decompressedFolder = "C:\Users\cofc_\AppData\Local\Temp\tmp7662.tmp", message = "rjsec121")~~RJStevensMusicPresentationCreator.Program~0000000599
2024-12-14 21:55:08.2298~DEBUG~-> DownloadFile(url = "https://faas-nyc1-2ef2e6cc.doserverless.co/api/v1/web/fn-dd7f8f6a-d32a-4f5e-ae7b-870dfb7963f3/downloads/bundle?id=000000000000129", filename = "C:\Users\cofc_\AppData\Local\Temp\tmp77EA.tmp\rjsec122.ZIP", message = "rjsec122")~~RJStevensMusicPresentationCreator.Program~0000000600
2024-12-14 21:55:08.4518~DEBUG~download completed~~RJStevensMusicPresentationCreator.Program~0000000601
2024-12-14 21:55:08.4518~DEBUG~<- DownloadFile(url = "https://faas-nyc1-2ef2e6cc.doserverless.co/api/v1/web/fn-dd7f8f6a-d32a-4f5e-ae7b-870dfb7963f3/downloads/bundle?id=000000000000129", filename = "C:\Users\cofc_\AppData\Local\Temp\tmp77EA.tmp\rjsec122.ZIP", message = "rjsec122")~~RJStevensMusicPresentationCreator.Program~0000000602
2024-12-14 21:55:08.4658~DEBUG~-> ExtractAllFromFile(zipFileName = "C:\Users\cofc_\AppData\Local\Temp\tmp77EA.tmp\rjsec122.ZIP", decompressedFolder = "C:\Users\cofc_\AppData\Local\Temp\tmp78D5.tmp", message = "rjsec122")~~RJStevensMusicPresentationCreator.Program~0000000603
2024-12-14 21:55:08.6538~DEBUG~extract completed~~RJStevensMusicPresentationCreator.Program~0000000604
2024-12-14 21:55:08.6568~DEBUG~<- ExtractAllFromFile(zipFileName = "C:\Users\cofc_\AppData\Local\Temp\tmp77EA.tmp\rjsec122.ZIP", decompressedFolder = "C:\Users\cofc_\AppData\Local\Temp\tmp78D5.tmp", message = "rjsec122")~~RJStevensMusicPresentationCreator.Program~0000000605
2024-12-14 21:55:08.7098~DEBUG~-> DownloadFile(url = "https://faas-nyc1-2ef2e6cc.doserverless.co/api/v1/web/fn-dd7f8f6a-d32a-4f5e-ae7b-870dfb7963f3/downloads/bundle?id=000000000000130", filename = "C:\Users\cofc_\AppData\Local\Temp\tmp79D0.tmp\rjsec123.ZIP", message = "rjsec123")~~RJStevensMusicPresentationCreator.Program~0000000606
2024-12-14 21:55:08.9749~DEBUG~download completed~~RJStevensMusicPresentationCreator.Program~0000000607
2024-12-14 21:55:08.9749~DEBUG~<- DownloadFile(url = "https://faas-nyc1-2ef2e6cc.doserverless.co/api/v1/web/fn-dd7f8f6a-d32a-4f5e-ae7b-870dfb7963f3/downloads/bundle?id=000000000000130", filename = "C:\Users\cofc_\AppData\Local\Temp\tmp79D0.tmp\rjsec123.ZIP", message = "rjsec123")~~RJStevensMusicPresentationCreator.Program~0000000608
2024-12-14 21:55:08.9949~DEBUG~-> ExtractAllFromFile(zipFileName = "C:\Users\cofc_\AppData\Local\Temp\tmp79D0.tmp\rjsec123.ZIP", decompressedFolder = "C:\Users\cofc_\AppData\Local\Temp\tmp7AEA.tmp", message = "rjsec123")~~RJStevensMusicPresentationCreator.Program~0000000609
2024-12-14 21:55:09.3569~DEBUG~extract completed~~RJStevensMusicPresentationCreator.Program~0000000610
2024-12-14 21:55:09.3599~DEBUG~<- ExtractAllFromFile(zipFileName = "C:\Users\cofc_\AppData\Local\Temp\tmp79D0.tmp\rjsec123.ZIP", decompressedFolder = "C:\Users\cofc_\AppData\Local\Temp\tmp7AEA.tmp", message = "rjsec123")~~RJStevensMusicPresentationCreator.Program~0000000611
2024-12-14 21:55:09.4469~DEBUG~-> DownloadFile(url = "https://faas-nyc1-2ef2e6cc.doserverless.co/api/v1/web/fn-dd7f8f6a-d32a-4f5e-ae7b-870dfb7963f3/downloads/bundle?id=000000000000131", filename = "C:\Users\cofc_\AppData\Local\Temp\tmp7CB0.tmp\rjsec124.ZIP", message = "rjsec124")~~RJStevensMusicPresentationCreator.Program~0000000612
2024-12-14 21:55:09.6609~DEBUG~download completed~~RJStevensMusicPresentationCreator.Program~0000000613
2024-12-14 21:55:09.6609~DEBUG~<- DownloadFile(url = "https://faas-nyc1-2ef2e6cc.doserverless.co/api/v1/web/fn-dd7f8f6a-d32a-4f5e-ae7b-870dfb7963f3/downloads/bundle?id=000000000000131", filename = "C:\Users\cofc_\AppData\Local\Temp\tmp7CB0.tmp\rjsec124.ZIP", message = "rjsec124")~~RJStevensMusicPresentationCreator.Program~0000000614
2024-12-14 21:55:09.6749~DEBUG~-> ExtractAllFromFile(zipFileName = "C:\Users\cofc_\AppData\Local\Temp\tmp7CB0.tmp\rjsec124.ZIP", decompressedFolder = "C:\Users\cofc_\AppData\Local\Temp\tmp7D9C.tmp", message = "rjsec124")~~RJStevensMusicPresentationCreator.Program~0000000615
2024-12-14 21:55:09.8639~DEBUG~extract completed~~RJStevensMusicPresentationCreator.Program~0000000616
2024-12-14 21:55:09.8639~DEBUG~<- ExtractAllFromFile(zipFileName = "C:\Users\cofc_\AppData\Local\Temp\tmp7CB0.tmp\rjsec124.ZIP", decompressedFolder = "C:\Users\cofc_\AppData\Local\Temp\tmp7D9C.tmp", message = "rjsec124")~~RJStevensMusicPresentationCreator.Program~0000000617
2024-12-14 21:55:09.9199~DEBUG~-> DownloadFile(url = "https://faas-nyc1-2ef2e6cc.doserverless.co/api/v1/web/fn-dd7f8f6a-d32a-4f5e-ae7b-870dfb7963f3/downloads/bundle?id=000000000000132", filename = "C:\Users\cofc_\AppData\Local\Temp\tmp7E87.tmp\rjsec125.ZIP", message = "rjsec125")~~RJStevensMusicPresentationCreator.Program~0000000618
2024-12-14 21:55:10.1699~DEBUG~download completed~~RJStevensMusicPresentationCreator.Program~0000000619
2024-12-14 21:55:10.1699~DEBUG~<- DownloadFile(url = "https://faas-nyc1-2ef2e6cc.doserverless.co/api/v1/web/fn-dd7f8f6a-d32a-4f5e-ae7b-870dfb7963f3/downloads/bundle?id=000000000000132", filename = "C:\Users\cofc_\AppData\Local\Temp\tmp7E87.tmp\rjsec125.ZIP", message = "rjsec125")~~RJStevensMusicPresentationCreator.Program~0000000620
2024-12-14 21:55:10.1909~DEBUG~-> ExtractAllFromFile(zipFileName = "C:\Users\cofc_\AppData\Local\Temp\tmp7E87.tmp\rjsec125.ZIP", decompressedFolder = "C:\Users\cofc_\AppData\Local\Temp\tmp7FA1.tmp", message = "rjsec125")~~RJStevensMusicPresentationCreator.Program~0000000621
2024-12-14 21:55:10.4761~DEBUG~extract completed~~RJStevensMusicPresentationCreator.Program~0000000622
2024-12-14 21:55:10.4761~DEBUG~<- ExtractAllFromFile(zipFileName = "C:\Users\cofc_\AppData\Local\Temp\tmp7E87.tmp\rjsec125.ZIP", decompressedFolder = "C:\Users\cofc_\AppData\Local\Temp\tmp7FA1.tmp", message = "rjsec125")~~RJStevensMusicPresentationCreator.Program~0000000623
2024-12-14 21:55:10.5411~DEBUG~-> DownloadFile(url = "https://faas-nyc1-2ef2e6cc.doserverless.co/api/v1/web/fn-dd7f8f6a-d32a-4f5e-ae7b-870dfb7963f3/downloads/bundle?id=000000000000133", filename = "C:\Users\cofc_\AppData\Local\Temp\tmp80FA.tmp\rjsec126.ZIP", message = "rjsec126")~~RJStevensMusicPresentationCreator.Program~0000000624
2024-12-14 21:55:10.7751~DEBUG~download completed~~RJStevensMusicPresentationCreator.Program~0000000625
2024-12-14 21:55:10.7751~DEBUG~<- DownloadFile(url = "https://faas-nyc1-2ef2e6cc.doserverless.co/api/v1/web/fn-dd7f8f6a-d32a-4f5e-ae7b-870dfb7963f3/downloads/bundle?id=000000000000133", filename = "C:\Users\cofc_\AppData\Local\Temp\tmp80FA.tmp\rjsec126.ZIP", message = "rjsec126")~~RJStevensMusicPresentationCreator.Program~0000000626
2024-12-14 21:55:10.7891~DEBUG~-> ExtractAllFromFile(zipFileName = "C:\Users\cofc_\AppData\Local\Temp\tmp80FA.tmp\rjsec126.ZIP", decompressedFolder = "C:\Users\cofc_\AppData\Local\Temp\tmp81F5.tmp", message = "rjsec126")~~RJStevensMusicPresentationCreator.Program~0000000627
2024-12-14 21:55:11.0201~DEBUG~extract completed~~RJStevensMusicPresentationCreator.Program~0000000628
2024-12-14 21:55:11.0201~DEBUG~<- ExtractAllFromFile(zipFileName = "C:\Users\cofc_\AppData\Local\Temp\tmp80FA.tmp\rjsec126.ZIP", decompressedFolder = "C:\Users\cofc_\AppData\Local\Temp\tmp81F5.tmp", message = "rjsec126")~~RJStevensMusicPresentationCreator.Program~0000000629
2024-12-14 21:55:11.0871~DEBUG~-> DownloadFile(url = "https://faas-nyc1-2ef2e6cc.doserverless.co/api/v1/web/fn-dd7f8f6a-d32a-4f5e-ae7b-870dfb7963f3/downloads/bundle?id=000000000000134", filename = "C:\Users\cofc_\AppData\Local\Temp\tmp831F.tmp\rjsec127.ZIP", message = "rjsec127")~~RJStevensMusicPresentationCreator.Program~0000000630
2024-12-14 21:55:11.3241~DEBUG~download completed~~RJStevensMusicPresentationCreator.Program~0000000631
2024-12-14 21:55:11.3241~DEBUG~<- DownloadFile(url = "https://faas-nyc1-2ef2e6cc.doserverless.co/api/v1/web/fn-dd7f8f6a-d32a-4f5e-ae7b-870dfb7963f3/downloads/bundle?id=000000000000134", filename = "C:\Users\cofc_\AppData\Local\Temp\tmp831F.tmp\rjsec127.ZIP", message = "rjsec127")~~RJStevensMusicPresentationCreator.Program~0000000632
2024-12-14 21:55:11.3371~DEBUG~-> ExtractAllFromFile(zipFileName = "C:\Users\cofc_\AppData\Local\Temp\tmp831F.tmp\rjsec127.ZIP", decompressedFolder = "C:\Users\cofc_\AppData\Local\Temp\tmp841A.tmp", message = "rjsec127")~~RJStevensMusicPresentationCreator.Program~0000000633
2024-12-14 21:55:11.6172~DEBUG~extract completed~~RJStevensMusicPresentationCreator.Program~0000000634
2024-12-14 21:55:11.6172~DEBUG~<- ExtractAllFromFile(zipFileName = "C:\Users\cofc_\AppData\Local\Temp\tmp831F.tmp\rjsec127.ZIP", decompressedFolder = "C:\Users\cofc_\AppData\Local\Temp\tmp841A.tmp", message = "rjsec127")~~RJStevensMusicPresentationCreator.Program~0000000635
2024-12-14 21:55:11.6882~DEBUG~-> DownloadFile(url = "https://faas-nyc1-2ef2e6cc.doserverless.co/api/v1/web/fn-dd7f8f6a-d32a-4f5e-ae7b-870dfb7963f3/downloads/bundle?id=000000000000135", filename = "C:\Users\cofc_\AppData\Local\Temp\tmp8573.tmp\rjsec128.ZIP", message = "rjsec128")~~RJStevensMusicPresentationCreator.Program~0000000636
2024-12-14 21:55:11.8782~DEBUG~download completed~~RJStevensMusicPresentationCreator.Program~0000000637
2024-12-14 21:55:11.8782~DEBUG~<- DownloadFile(url = "https://faas-nyc1-2ef2e6cc.doserverless.co/api/v1/web/fn-dd7f8f6a-d32a-4f5e-ae7b-870dfb7963f3/downloads/bundle?id=000000000000135", filename = "C:\Users\cofc_\AppData\Local\Temp\tmp8573.tmp\rjsec128.ZIP", message = "rjsec128")~~RJStevensMusicPresentationCreator.Program~0000000638
2024-12-14 21:55:11.8932~DEBUG~-> ExtractAllFromFile(zipFileName = "C:\Users\cofc_\AppData\Local\Temp\tmp8573.tmp\rjsec128.ZIP", decompressedFolder = "C:\Users\cofc_\AppData\Local\Temp\tmp864E.tmp", message = "rjsec128")~~RJStevensMusicPresentationCreator.Program~0000000639
2024-12-14 21:55:12.0572~DEBUG~extract completed~~RJStevensMusicPresentationCreator.Program~0000000640
2024-12-14 21:55:12.0572~DEBUG~<- ExtractAllFromFile(zipFileName = "C:\Users\cofc_\AppData\Local\Temp\tmp8573.tmp\rjsec128.ZIP", decompressedFolder = "C:\Users\cofc_\AppData\Local\Temp\tmp864E.tmp", message = "rjsec128")~~RJStevensMusicPresentationCreator.Program~0000000641
2024-12-14 21:55:12.1092~DEBUG~-> DownloadFile(url = "https://faas-nyc1-2ef2e6cc.doserverless.co/api/v1/web/fn-dd7f8f6a-d32a-4f5e-ae7b-870dfb7963f3/downloads/bundle?id=000000000000136", filename = "C:\Users\cofc_\AppData\Local\Temp\tmp871B.tmp\rjsec129.ZIP", message = "rjsec129")~~RJStevensMusicPresentationCreator.Program~0000000642
2024-12-14 21:55:12.4022~DEBUG~download completed~~RJStevensMusicPresentationCreator.Program~0000000643
2024-12-14 21:55:12.4022~DEBUG~<- DownloadFile(url = "https://faas-nyc1-2ef2e6cc.doserverless.co/api/v1/web/fn-dd7f8f6a-d32a-4f5e-ae7b-870dfb7963f3/downloads/bundle?id=000000000000136", filename = "C:\Users\cofc_\AppData\Local\Temp\tmp871B.tmp\rjsec129.ZIP", message = "rjsec129")~~RJStevensMusicPresentationCreator.Program~0000000644
2024-12-14 21:55:12.4202~DEBUG~-> ExtractAllFromFile(zipFileName = "C:\Users\cofc_\AppData\Local\Temp\tmp871B.tmp\rjsec129.ZIP", decompressedFolder = "C:\Users\cofc_\AppData\Local\Temp\tmp8854.tmp", message = "rjsec129")~~RJStevensMusicPresentationCreator.Program~0000000645
2024-12-14 21:55:12.7182~DEBUG~extract completed~~RJStevensMusicPresentationCreator.Program~0000000646
2024-12-14 21:55:12.7242~DEBUG~<- ExtractAllFromFile(zipFileName = "C:\Users\cofc_\AppData\Local\Temp\tmp871B.tmp\rjsec129.ZIP", decompressedFolder = "C:\Users\cofc_\AppData\Local\Temp\tmp8854.tmp", message = "rjsec129")~~RJStevensMusicPresentationCreator.Program~0000000647
2024-12-14 21:55:12.8012~DEBUG~-> DownloadFile(url = "https://faas-nyc1-2ef2e6cc.doserverless.co/api/v1/web/fn-dd7f8f6a-d32a-4f5e-ae7b-870dfb7963f3/downloads/bundle?id=000000000000137", filename = "C:\Users\cofc_\AppData\Local\Temp\tmp89DC.tmp\rjsec130.ZIP", message = "rjsec130")~~RJStevensMusicPresentationCreator.Program~0000000648
2024-12-14 21:55:13.0373~DEBUG~download completed~~RJStevensMusicPresentationCreator.Program~0000000649
2024-12-14 21:55:13.0373~DEBUG~<- DownloadFile(url = "https://faas-nyc1-2ef2e6cc.doserverless.co/api/v1/web/fn-dd7f8f6a-d32a-4f5e-ae7b-870dfb7963f3/downloads/bundle?id=000000000000137", filename = "C:\Users\cofc_\AppData\Local\Temp\tmp89DC.tmp\rjsec130.ZIP", message = "rjsec130")~~RJStevensMusicPresentationCreator.Program~0000000650
2024-12-14 21:55:13.0523~DEBUG~-> ExtractAllFromFile(zipFileName = "C:\Users\cofc_\AppData\Local\Temp\tmp89DC.tmp\rjsec130.ZIP", decompressedFolder = "C:\Users\cofc_\AppData\Local\Temp\tmp8AD7.tmp", message = "rjsec130")~~RJStevensMusicPresentationCreator.Program~0000000651
2024-12-14 21:55:13.2603~DEBUG~extract completed~~RJStevensMusicPresentationCreator.Program~0000000652
2024-12-14 21:55:13.2603~DEBUG~<- ExtractAllFromFile(zipFileName = "C:\Users\cofc_\AppData\Local\Temp\tmp89DC.tmp\rjsec130.ZIP", decompressedFolder = "C:\Users\cofc_\AppData\Local\Temp\tmp8AD7.tmp", message = "rjsec130")~~RJStevensMusicPresentationCreator.Program~0000000653
2024-12-14 21:55:13.3193~DEBUG~-> DownloadFile(url = "https://faas-nyc1-2ef2e6cc.doserverless.co/api/v1/web/fn-dd7f8f6a-d32a-4f5e-ae7b-870dfb7963f3/downloads/bundle?id=000000000000138", filename = "C:\Users\cofc_\AppData\Local\Temp\tmp8BE1.tmp\rjsec131.ZIP", message = "rjsec131")~~RJStevensMusicPresentationCreator.Program~0000000654
2024-12-14 21:55:13.5403~DEBUG~download completed~~RJStevensMusicPresentationCreator.Program~0000000655
2024-12-14 21:55:13.5403~DEBUG~<- DownloadFile(url = "https://faas-nyc1-2ef2e6cc.doserverless.co/api/v1/web/fn-dd7f8f6a-d32a-4f5e-ae7b-870dfb7963f3/downloads/bundle?id=000000000000138", filename = "C:\Users\cofc_\AppData\Local\Temp\tmp8BE1.tmp\rjsec131.ZIP", message = "rjsec131")~~RJStevensMusicPresentationCreator.Program~0000000656
2024-12-14 21:55:13.5583~DEBUG~-> ExtractAllFromFile(zipFileName = "C:\Users\cofc_\AppData\Local\Temp\tmp8BE1.tmp\rjsec131.ZIP", decompressedFolder = "C:\Users\cofc_\AppData\Local\Temp\tmp8CCD.tmp", message = "rjsec131")~~RJStevensMusicPresentationCreator.Program~0000000657
2024-12-14 21:55:13.7993~DEBUG~extract completed~~RJStevensMusicPresentationCreator.Program~0000000658
2024-12-14 21:55:13.7993~DEBUG~<- ExtractAllFromFile(zipFileName = "C:\Users\cofc_\AppData\Local\Temp\tmp8BE1.tmp\rjsec131.ZIP", decompressedFolder = "C:\Users\cofc_\AppData\Local\Temp\tmp8CCD.tmp", message = "rjsec131")~~RJStevensMusicPresentationCreator.Program~0000000659
2024-12-14 21:55:13.8683~DEBUG~-> DownloadFile(url = "https://faas-nyc1-2ef2e6cc.doserverless.co/api/v1/web/fn-dd7f8f6a-d32a-4f5e-ae7b-870dfb7963f3/downloads/bundle?id=000000000000139", filename = "C:\Users\cofc_\AppData\Local\Temp\tmp8E06.tmp\rjsec132.ZIP", message = "rjsec132")~~RJStevensMusicPresentationCreator.Program~0000000660
2024-12-14 21:55:14.0923~DEBUG~download completed~~RJStevensMusicPresentationCreator.Program~0000000661
2024-12-14 21:55:14.0923~DEBUG~<- DownloadFile(url = "https://faas-nyc1-2ef2e6cc.doserverless.co/api/v1/web/fn-dd7f8f6a-d32a-4f5e-ae7b-870dfb7963f3/downloads/bundle?id=000000000000139", filename = "C:\Users\cofc_\AppData\Local\Temp\tmp8E06.tmp\rjsec132.ZIP", message = "rjsec132")~~RJStevensMusicPresentationCreator.Program~0000000662
2024-12-14 21:55:14.1073~DEBUG~-> ExtractAllFromFile(zipFileName = "C:\Users\cofc_\AppData\Local\Temp\tmp8E06.tmp\rjsec132.ZIP", decompressedFolder = "C:\Users\cofc_\AppData\Local\Temp\tmp8EF2.tmp", message = "rjsec132")~~RJStevensMusicPresentationCreator.Program~0000000663
2024-12-14 21:55:14.3393~DEBUG~extract completed~~RJStevensMusicPresentationCreator.Program~0000000664
2024-12-14 21:55:14.3393~DEBUG~<- ExtractAllFromFile(zipFileName = "C:\Users\cofc_\AppData\Local\Temp\tmp8E06.tmp\rjsec132.ZIP", decompressedFolder = "C:\Users\cofc_\AppData\Local\Temp\tmp8EF2.tmp", message = "rjsec132")~~RJStevensMusicPresentationCreator.Program~0000000665
2024-12-14 21:55:14.4034~DEBUG~-> DownloadFile(url = "https://faas-nyc1-2ef2e6cc.doserverless.co/api/v1/web/fn-dd7f8f6a-d32a-4f5e-ae7b-870dfb7963f3/downloads/bundle?id=000000000000140", filename = "C:\Users\cofc_\AppData\Local\Temp\tmp901B.tmp\rjsec133.ZIP", message = "rjsec133")~~RJStevensMusicPresentationCreator.Program~0000000666
2024-12-14 21:55:14.6414~DEBUG~download completed~~RJStevensMusicPresentationCreator.Program~0000000667
2024-12-14 21:55:14.6414~DEBUG~<- DownloadFile(url = "https://faas-nyc1-2ef2e6cc.doserverless.co/api/v1/web/fn-dd7f8f6a-d32a-4f5e-ae7b-870dfb7963f3/downloads/bundle?id=000000000000140", filename = "C:\Users\cofc_\AppData\Local\Temp\tmp901B.tmp\rjsec133.ZIP", message = "rjsec133")~~RJStevensMusicPresentationCreator.Program~0000000668
2024-12-14 21:55:14.6414~DEBUG~-> ExtractAllFromFile(zipFileName = "C:\Users\cofc_\AppData\Local\Temp\tmp901B.tmp\rjsec133.ZIP", decompressedFolder = "C:\Users\cofc_\AppData\Local\Temp\tmp9116.tmp", message = "rjsec133")~~RJStevensMusicPresentationCreator.Program~0000000669
2024-12-14 21:55:14.8844~DEBUG~extract completed~~RJStevensMusicPresentationCreator.Program~0000000670
2024-12-14 21:55:14.8844~DEBUG~<- ExtractAllFromFile(zipFileName = "C:\Users\cofc_\AppData\Local\Temp\tmp901B.tmp\rjsec133.ZIP", decompressedFolder = "C:\Users\cofc_\AppData\Local\Temp\tmp9116.tmp", message = "rjsec133")~~RJStevensMusicPresentationCreator.Program~0000000671
2024-12-14 21:55:14.9444~DEBUG~-> DownloadFile(url = "https://faas-nyc1-2ef2e6cc.doserverless.co/api/v1/web/fn-dd7f8f6a-d32a-4f5e-ae7b-870dfb7963f3/downloads/bundle?id=000000000000141", filename = "C:\Users\cofc_\AppData\Local\Temp\tmp9240.tmp\rjsec134.ZIP", message = "rjsec134")~~RJStevensMusicPresentationCreator.Program~0000000672
2024-12-14 21:55:15.1504~DEBUG~download completed~~RJStevensMusicPresentationCreator.Program~0000000673
2024-12-14 21:55:15.1504~DEBUG~<- DownloadFile(url = "https://faas-nyc1-2ef2e6cc.doserverless.co/api/v1/web/fn-dd7f8f6a-d32a-4f5e-ae7b-870dfb7963f3/downloads/bundle?id=000000000000141", filename = "C:\Users\cofc_\AppData\Local\Temp\tmp9240.tmp\rjsec134.ZIP", message = "rjsec134")~~RJStevensMusicPresentationCreator.Program~0000000674
2024-12-14 21:55:15.1654~DEBUG~-> ExtractAllFromFile(zipFileName = "C:\Users\cofc_\AppData\Local\Temp\tmp9240.tmp\rjsec134.ZIP", decompressedFolder = "C:\Users\cofc_\AppData\Local\Temp\tmp931C.tmp", message = "rjsec134")~~RJStevensMusicPresentationCreator.Program~0000000675
2024-12-14 21:55:15.3704~DEBUG~extract completed~~RJStevensMusicPresentationCreator.Program~0000000676
2024-12-14 21:55:15.3704~DEBUG~<- ExtractAllFromFile(zipFileName = "C:\Users\cofc_\AppData\Local\Temp\tmp9240.tmp\rjsec134.ZIP", decompressedFolder = "C:\Users\cofc_\AppData\Local\Temp\tmp931C.tmp", message = "rjsec134")~~RJStevensMusicPresentationCreator.Program~0000000677
2024-12-14 21:55:15.4284~DEBUG~-> DownloadFile(url = "https://faas-nyc1-2ef2e6cc.doserverless.co/api/v1/web/fn-dd7f8f6a-d32a-4f5e-ae7b-870dfb7963f3/downloads/bundle?id=000000000000142", filename = "C:\Users\cofc_\AppData\Local\Temp\tmp9427.tmp\rjsec135.ZIP", message = "rjsec135")~~RJStevensMusicPresentationCreator.Program~0000000678
2024-12-14 21:55:15.6304~DEBUG~download completed~~RJStevensMusicPresentationCreator.Program~0000000679
2024-12-14 21:55:15.6304~DEBUG~<- DownloadFile(url = "https://faas-nyc1-2ef2e6cc.doserverless.co/api/v1/web/fn-dd7f8f6a-d32a-4f5e-ae7b-870dfb7963f3/downloads/bundle?id=000000000000142", filename = "C:\Users\cofc_\AppData\Local\Temp\tmp9427.tmp\rjsec135.ZIP", message = "rjsec135")~~RJStevensMusicPresentationCreator.Program~0000000680
2024-12-14 21:55:15.6454~DEBUG~-> ExtractAllFromFile(zipFileName = "C:\Users\cofc_\AppData\Local\Temp\tmp9427.tmp\rjsec135.ZIP", decompressedFolder = "C:\Users\cofc_\AppData\Local\Temp\tmp9502.tmp", message = "rjsec135")~~RJStevensMusicPresentationCreator.Program~0000000681
2024-12-14 21:55:15.8525~DEBUG~extract completed~~RJStevensMusicPresentationCreator.Program~0000000682
2024-12-14 21:55:15.8525~DEBUG~<- ExtractAllFromFile(zipFileName = "C:\Users\cofc_\AppData\Local\Temp\tmp9427.tmp\rjsec135.ZIP", decompressedFolder = "C:\Users\cofc_\AppData\Local\Temp\tmp9502.tmp", message = "rjsec135")~~RJStevensMusicPresentationCreator.Program~0000000683
2024-12-14 21:55:15.9065~DEBUG~-> DownloadFile(url = "https://faas-nyc1-2ef2e6cc.doserverless.co/api/v1/web/fn-dd7f8f6a-d32a-4f5e-ae7b-870dfb7963f3/downloads/bundle?id=000000000000143", filename = "C:\Users\cofc_\AppData\Local\Temp\tmp95FD.tmp\rjsec136.ZIP", message = "rjsec136")~~RJStevensMusicPresentationCreator.Program~0000000684
2024-12-14 21:55:16.1335~DEBUG~download completed~~RJStevensMusicPresentationCreator.Program~0000000685
2024-12-14 21:55:16.1335~DEBUG~<- DownloadFile(url = "https://faas-nyc1-2ef2e6cc.doserverless.co/api/v1/web/fn-dd7f8f6a-d32a-4f5e-ae7b-870dfb7963f3/downloads/bundle?id=000000000000143", filename = "C:\Users\cofc_\AppData\Local\Temp\tmp95FD.tmp\rjsec136.ZIP", message = "rjsec136")~~RJStevensMusicPresentationCreator.Program~0000000686
2024-12-14 21:55:16.1485~DEBUG~-> ExtractAllFromFile(zipFileName = "C:\Users\cofc_\AppData\Local\Temp\tmp95FD.tmp\rjsec136.ZIP", decompressedFolder = "C:\Users\cofc_\AppData\Local\Temp\tmp96F8.tmp", message = "rjsec136")~~RJStevensMusicPresentationCreator.Program~0000000687
2024-12-14 21:55:16.3615~DEBUG~extract completed~~RJStevensMusicPresentationCreator.Program~0000000688
2024-12-14 21:55:16.3615~DEBUG~<- ExtractAllFromFile(zipFileName = "C:\Users\cofc_\AppData\Local\Temp\tmp95FD.tmp\rjsec136.ZIP", decompressedFolder = "C:\Users\cofc_\AppData\Local\Temp\tmp96F8.tmp", message = "rjsec136")~~RJStevensMusicPresentationCreator.Program~0000000689
2024-12-14 21:55:16.4195~DEBUG~-> DownloadFile(url = "https://faas-nyc1-2ef2e6cc.doserverless.co/api/v1/web/fn-dd7f8f6a-d32a-4f5e-ae7b-870dfb7963f3/downloads/bundle?id=000000000000144", filename = "C:\Users\cofc_\AppData\Local\Temp\tmp9803.tmp\rjsec137.ZIP", message = "rjsec137")~~RJStevensMusicPresentationCreator.Program~0000000690
2024-12-14 21:55:16.6315~DEBUG~download completed~~RJStevensMusicPresentationCreator.Program~0000000691
2024-12-14 21:55:16.6315~DEBUG~<- DownloadFile(url = "https://faas-nyc1-2ef2e6cc.doserverless.co/api/v1/web/fn-dd7f8f6a-d32a-4f5e-ae7b-870dfb7963f3/downloads/bundle?id=000000000000144", filename = "C:\Users\cofc_\AppData\Local\Temp\tmp9803.tmp\rjsec137.ZIP", message = "rjsec137")~~RJStevensMusicPresentationCreator.Program~0000000692
2024-12-14 21:55:16.6475~DEBUG~-> ExtractAllFromFile(zipFileName = "C:\Users\cofc_\AppData\Local\Temp\tmp9803.tmp\rjsec137.ZIP", decompressedFolder = "C:\Users\cofc_\AppData\Local\Temp\tmp98EE.tmp", message = "rjsec137")~~RJStevensMusicPresentationCreator.Program~0000000693
2024-12-14 21:55:16.9285~DEBUG~extract completed~~RJStevensMusicPresentationCreator.Program~0000000694
2024-12-14 21:55:16.9285~DEBUG~<- ExtractAllFromFile(zipFileName = "C:\Users\cofc_\AppData\Local\Temp\tmp9803.tmp\rjsec137.ZIP", decompressedFolder = "C:\Users\cofc_\AppData\Local\Temp\tmp98EE.tmp", message = "rjsec137")~~RJStevensMusicPresentationCreator.Program~0000000695
2024-12-14 21:55:17.0006~DEBUG~-> DownloadFile(url = "https://faas-nyc1-2ef2e6cc.doserverless.co/api/v1/web/fn-dd7f8f6a-d32a-4f5e-ae7b-870dfb7963f3/downloads/bundle?id=000000000000145", filename = "C:\Users\cofc_\AppData\Local\Temp\tmp9A47.tmp\rjsec138.ZIP", message = "rjsec138")~~RJStevensMusicPresentationCreator.Program~0000000696
2024-12-14 21:55:17.2126~DEBUG~download completed~~RJStevensMusicPresentationCreator.Program~0000000697
2024-12-14 21:55:17.2126~DEBUG~<- DownloadFile(url = "https://faas-nyc1-2ef2e6cc.doserverless.co/api/v1/web/fn-dd7f8f6a-d32a-4f5e-ae7b-870dfb7963f3/downloads/bundle?id=000000000000145", filename = "C:\Users\cofc_\AppData\Local\Temp\tmp9A47.tmp\rjsec138.ZIP", message = "rjsec138")~~RJStevensMusicPresentationCreator.Program~0000000698
2024-12-14 21:55:17.2296~DEBUG~-> ExtractAllFromFile(zipFileName = "C:\Users\cofc_\AppData\Local\Temp\tmp9A47.tmp\rjsec138.ZIP", decompressedFolder = "C:\Users\cofc_\AppData\Local\Temp\tmp9B33.tmp", message = "rjsec138")~~RJStevensMusicPresentationCreator.Program~0000000699
2024-12-14 21:55:17.4516~DEBUG~extract completed~~RJStevensMusicPresentationCreator.Program~0000000700
2024-12-14 21:55:17.4546~DEBUG~<- ExtractAllFromFile(zipFileName = "C:\Users\cofc_\AppData\Local\Temp\tmp9A47.tmp\rjsec138.ZIP", decompressedFolder = "C:\Users\cofc_\AppData\Local\Temp\tmp9B33.tmp", message = "rjsec138")~~RJStevensMusicPresentationCreator.Program~0000000701
2024-12-14 21:55:17.5126~DEBUG~-> DownloadFile(url = "https://faas-nyc1-2ef2e6cc.doserverless.co/api/v1/web/fn-dd7f8f6a-d32a-4f5e-ae7b-870dfb7963f3/downloads/bundle?id=000000000000146", filename = "C:\Users\cofc_\AppData\Local\Temp\tmp9C4D.tmp\rjsec139.ZIP", message = "rjsec139")~~RJStevensMusicPresentationCreator.Program~0000000702
2024-12-14 21:55:17.7436~DEBUG~download completed~~RJStevensMusicPresentationCreator.Program~0000000703
2024-12-14 21:55:17.7436~DEBUG~<- DownloadFile(url = "https://faas-nyc1-2ef2e6cc.doserverless.co/api/v1/web/fn-dd7f8f6a-d32a-4f5e-ae7b-870dfb7963f3/downloads/bundle?id=000000000000146", filename = "C:\Users\cofc_\AppData\Local\Temp\tmp9C4D.tmp\rjsec139.ZIP", message = "rjsec139")~~RJStevensMusicPresentationCreator.Program~0000000704
2024-12-14 21:55:17.7606~DEBUG~-> ExtractAllFromFile(zipFileName = "C:\Users\cofc_\AppData\Local\Temp\tmp9C4D.tmp\rjsec139.ZIP", decompressedFolder = "C:\Users\cofc_\AppData\Local\Temp\tmp9D48.tmp", message = "rjsec139")~~RJStevensMusicPresentationCreator.Program~0000000705
2024-12-14 21:55:18.0436~DEBUG~extract completed~~RJStevensMusicPresentationCreator.Program~0000000706
2024-12-14 21:55:18.0436~DEBUG~<- ExtractAllFromFile(zipFileName = "C:\Users\cofc_\AppData\Local\Temp\tmp9C4D.tmp\rjsec139.ZIP", decompressedFolder = "C:\Users\cofc_\AppData\Local\Temp\tmp9D48.tmp", message = "rjsec139")~~RJStevensMusicPresentationCreator.Program~0000000707
2024-12-14 21:55:18.1186~DEBUG~-> DownloadFile(url = "https://faas-nyc1-2ef2e6cc.doserverless.co/api/v1/web/fn-dd7f8f6a-d32a-4f5e-ae7b-870dfb7963f3/downloads/bundle?id=000000000000148", filename = "C:\Users\cofc_\AppData\Local\Temp\tmp9EB0.tmp\rjsec141.ZIP", message = "rjsec141")~~RJStevensMusicPresentationCreator.Program~0000000708
2024-12-14 21:55:18.3957~DEBUG~download completed~~RJStevensMusicPresentationCreator.Program~0000000709
2024-12-14 21:55:18.3957~DEBUG~<- DownloadFile(url = "https://faas-nyc1-2ef2e6cc.doserverless.co/api/v1/web/fn-dd7f8f6a-d32a-4f5e-ae7b-870dfb7963f3/downloads/bundle?id=000000000000148", filename = "C:\Users\cofc_\AppData\Local\Temp\tmp9EB0.tmp\rjsec141.ZIP", message = "rjsec141")~~RJStevensMusicPresentationCreator.Program~0000000710
2024-12-14 21:55:18.4146~DEBUG~-> ExtractAllFromFile(zipFileName = "C:\Users\cofc_\AppData\Local\Temp\tmp9EB0.tmp\rjsec141.ZIP", decompressedFolder = "C:\Users\cofc_\AppData\Local\Temp\tmp9FDA.tmp", message = "rjsec141")~~RJStevensMusicPresentationCreator.Program~0000000711
2024-12-14 21:55:18.6867~DEBUG~extract completed~~RJStevensMusicPresentationCreator.Program~0000000712
2024-12-14 21:55:18.6897~DEBUG~<- ExtractAllFromFile(zipFileName = "C:\Users\cofc_\AppData\Local\Temp\tmp9EB0.tmp\rjsec141.ZIP", decompressedFolder = "C:\Users\cofc_\AppData\Local\Temp\tmp9FDA.tmp", message = "rjsec141")~~RJStevensMusicPresentationCreator.Program~0000000713
2024-12-14 21:55:18.7527~DEBUG~-> DownloadFile(url = "https://faas-nyc1-2ef2e6cc.doserverless.co/api/v1/web/fn-dd7f8f6a-d32a-4f5e-ae7b-870dfb7963f3/downloads/bundle?id=000000000000149", filename = "C:\Users\cofc_\AppData\Local\Temp\tmpA133.tmp\rjsec142.ZIP", message = "rjsec142")~~RJStevensMusicPresentationCreator.Program~0000000714
2024-12-14 21:55:18.9797~DEBUG~download completed~~RJStevensMusicPresentationCreator.Program~0000000715
2024-12-14 21:55:18.9797~DEBUG~<- DownloadFile(url = "https://faas-nyc1-2ef2e6cc.doserverless.co/api/v1/web/fn-dd7f8f6a-d32a-4f5e-ae7b-870dfb7963f3/downloads/bundle?id=000000000000149", filename = "C:\Users\cofc_\AppData\Local\Temp\tmpA133.tmp\rjsec142.ZIP", message = "rjsec142")~~RJStevensMusicPresentationCreator.Program~0000000716
2024-12-14 21:55:18.9947~DEBUG~-> ExtractAllFromFile(zipFileName = "C:\Users\cofc_\AppData\Local\Temp\tmpA133.tmp\rjsec142.ZIP", decompressedFolder = "C:\Users\cofc_\AppData\Local\Temp\tmpA21E.tmp", message = "rjsec142")~~RJStevensMusicPresentationCreator.Program~0000000717
2024-12-14 21:55:19.2367~DEBUG~extract completed~~RJStevensMusicPresentationCreator.Program~0000000718
2024-12-14 21:55:19.2367~DEBUG~<- ExtractAllFromFile(zipFileName = "C:\Users\cofc_\AppData\Local\Temp\tmpA133.tmp\rjsec142.ZIP", decompressedFolder = "C:\Users\cofc_\AppData\Local\Temp\tmpA21E.tmp", message = "rjsec142")~~RJStevensMusicPresentationCreator.Program~0000000719
2024-12-14 21:55:19.3097~DEBUG~-> DownloadFile(url = "https://faas-nyc1-2ef2e6cc.doserverless.co/api/v1/web/fn-dd7f8f6a-d32a-4f5e-ae7b-870dfb7963f3/downloads/bundle?id=000000000000150", filename = "C:\Users\cofc_\AppData\Local\Temp\tmpA358.tmp\rjsec143.ZIP", message = "rjsec143")~~RJStevensMusicPresentationCreator.Program~0000000720
2024-12-14 21:55:19.5287~DEBUG~download completed~~RJStevensMusicPresentationCreator.Program~0000000721
2024-12-14 21:55:19.5287~DEBUG~<- DownloadFile(url = "https://faas-nyc1-2ef2e6cc.doserverless.co/api/v1/web/fn-dd7f8f6a-d32a-4f5e-ae7b-870dfb7963f3/downloads/bundle?id=000000000000150", filename = "C:\Users\cofc_\AppData\Local\Temp\tmpA358.tmp\rjsec143.ZIP", message = "rjsec143")~~RJStevensMusicPresentationCreator.Program~0000000722
2024-12-14 21:55:19.5417~DEBUG~-> ExtractAllFromFile(zipFileName = "C:\Users\cofc_\AppData\Local\Temp\tmpA358.tmp\rjsec143.ZIP", decompressedFolder = "C:\Users\cofc_\AppData\Local\Temp\tmpA443.tmp", message = "rjsec143")~~RJStevensMusicPresentationCreator.Program~0000000723
2024-12-14 21:55:19.7988~DEBUG~extract completed~~RJStevensMusicPresentationCreator.Program~0000000724
2024-12-14 21:55:19.7988~DEBUG~<- ExtractAllFromFile(zipFileName = "C:\Users\cofc_\AppData\Local\Temp\tmpA358.tmp\rjsec143.ZIP", decompressedFolder = "C:\Users\cofc_\AppData\Local\Temp\tmpA443.tmp", message = "rjsec143")~~RJStevensMusicPresentationCreator.Program~0000000725
2024-12-14 21:55:19.8658~DEBUG~-> DownloadFile(url = "https://faas-nyc1-2ef2e6cc.doserverless.co/api/v1/web/fn-dd7f8f6a-d32a-4f5e-ae7b-870dfb7963f3/downloads/bundle?id=000000000000151", filename = "C:\Users\cofc_\AppData\Local\Temp\tmpA58C.tmp\rjsec144.ZIP", message = "rjsec144")~~RJStevensMusicPresentationCreator.Program~0000000726
2024-12-14 21:55:20.0678~DEBUG~download completed~~RJStevensMusicPresentationCreator.Program~0000000727
2024-12-14 21:55:20.0678~DEBUG~<- DownloadFile(url = "https://faas-nyc1-2ef2e6cc.doserverless.co/api/v1/web/fn-dd7f8f6a-d32a-4f5e-ae7b-870dfb7963f3/downloads/bundle?id=000000000000151", filename = "C:\Users\cofc_\AppData\Local\Temp\tmpA58C.tmp\rjsec144.ZIP", message = "rjsec144")~~RJStevensMusicPresentationCreator.Program~0000000728
2024-12-14 21:55:20.0808~DEBUG~-> ExtractAllFromFile(zipFileName = "C:\Users\cofc_\AppData\Local\Temp\tmpA58C.tmp\rjsec144.ZIP", decompressedFolder = "C:\Users\cofc_\AppData\Local\Temp\tmpA668.tmp", message = "rjsec144")~~RJStevensMusicPresentationCreator.Program~0000000729
2024-12-14 21:55:20.2778~DEBUG~extract completed~~RJStevensMusicPresentationCreator.Program~0000000730
2024-12-14 21:55:20.2778~DEBUG~<- ExtractAllFromFile(zipFileName = "C:\Users\cofc_\AppData\Local\Temp\tmpA58C.tmp\rjsec144.ZIP", decompressedFolder = "C:\Users\cofc_\AppData\Local\Temp\tmpA668.tmp", message = "rjsec144")~~RJStevensMusicPresentationCreator.Program~0000000731
2024-12-14 21:55:20.3448~DEBUG~-> DownloadFile(url = "https://faas-nyc1-2ef2e6cc.doserverless.co/api/v1/web/fn-dd7f8f6a-d32a-4f5e-ae7b-870dfb7963f3/downloads/bundle?id=000000000000153", filename = "C:\Users\cofc_\AppData\Local\Temp\tmpA763.tmp\rjsec146.ZIP", message = "rjsec146")~~RJStevensMusicPresentationCreator.Program~0000000732
2024-12-14 21:55:20.5468~DEBUG~download completed~~RJStevensMusicPresentationCreator.Program~0000000733
2024-12-14 21:55:20.5468~DEBUG~<- DownloadFile(url = "https://faas-nyc1-2ef2e6cc.doserverless.co/api/v1/web/fn-dd7f8f6a-d32a-4f5e-ae7b-870dfb7963f3/downloads/bundle?id=000000000000153", filename = "C:\Users\cofc_\AppData\Local\Temp\tmpA763.tmp\rjsec146.ZIP", message = "rjsec146")~~RJStevensMusicPresentationCreator.Program~0000000734
2024-12-14 21:55:20.5598~DEBUG~-> ExtractAllFromFile(zipFileName = "C:\Users\cofc_\AppData\Local\Temp\tmpA763.tmp\rjsec146.ZIP", decompressedFolder = "C:\Users\cofc_\AppData\Local\Temp\tmpA83F.tmp", message = "rjsec146")~~RJStevensMusicPresentationCreator.Program~0000000735
2024-12-14 21:55:20.7528~DEBUG~extract completed~~RJStevensMusicPresentationCreator.Program~0000000736
2024-12-14 21:55:20.7528~DEBUG~<- ExtractAllFromFile(zipFileName = "C:\Users\cofc_\AppData\Local\Temp\tmpA763.tmp\rjsec146.ZIP", decompressedFolder = "C:\Users\cofc_\AppData\Local\Temp\tmpA83F.tmp", message = "rjsec146")~~RJStevensMusicPresentationCreator.Program~0000000737
2024-12-14 21:55:20.8098~DEBUG~-> DownloadFile(url = "https://faas-nyc1-2ef2e6cc.doserverless.co/api/v1/web/fn-dd7f8f6a-d32a-4f5e-ae7b-870dfb7963f3/downloads/bundle?id=000000000000154", filename = "C:\Users\cofc_\AppData\Local\Temp\tmpA93A.tmp\rjsec147.ZIP", message = "rjsec147")~~RJStevensMusicPresentationCreator.Program~0000000738
2024-12-14 21:55:21.0698~DEBUG~download completed~~RJStevensMusicPresentationCreator.Program~0000000739
2024-12-14 21:55:21.0698~DEBUG~<- DownloadFile(url = "https://faas-nyc1-2ef2e6cc.doserverless.co/api/v1/web/fn-dd7f8f6a-d32a-4f5e-ae7b-870dfb7963f3/downloads/bundle?id=000000000000154", filename = "C:\Users\cofc_\AppData\Local\Temp\tmpA93A.tmp\rjsec147.ZIP", message = "rjsec147")~~RJStevensMusicPresentationCreator.Program~0000000740
2024-12-14 21:55:21.0889~DEBUG~-> ExtractAllFromFile(zipFileName = "C:\Users\cofc_\AppData\Local\Temp\tmpA93A.tmp\rjsec147.ZIP", decompressedFolder = "C:\Users\cofc_\AppData\Local\Temp\tmpAA54.tmp", message = "rjsec147")~~RJStevensMusicPresentationCreator.Program~0000000741
2024-12-14 21:55:21.4519~DEBUG~extract completed~~RJStevensMusicPresentationCreator.Program~0000000742
2024-12-14 21:55:21.4549~DEBUG~<- ExtractAllFromFile(zipFileName = "C:\Users\cofc_\AppData\Local\Temp\tmpA93A.tmp\rjsec147.ZIP", decompressedFolder = "C:\Users\cofc_\AppData\Local\Temp\tmpAA54.tmp", message = "rjsec147")~~RJStevensMusicPresentationCreator.Program~0000000743
2024-12-14 21:55:21.5439~DEBUG~-> DownloadFile(url = "https://faas-nyc1-2ef2e6cc.doserverless.co/api/v1/web/fn-dd7f8f6a-d32a-4f5e-ae7b-870dfb7963f3/downloads/bundle?id=000000000000155", filename = "C:\Users\cofc_\AppData\Local\Temp\tmpAC1A.tmp\rjsec148.ZIP", message = "rjsec148")~~RJStevensMusicPresentationCreator.Program~0000000744
2024-12-14 21:55:21.7429~DEBUG~download completed~~RJStevensMusicPresentationCreator.Program~0000000745
2024-12-14 21:55:21.7429~DEBUG~<- DownloadFile(url = "https://faas-nyc1-2ef2e6cc.doserverless.co/api/v1/web/fn-dd7f8f6a-d32a-4f5e-ae7b-870dfb7963f3/downloads/bundle?id=000000000000155", filename = "C:\Users\cofc_\AppData\Local\Temp\tmpAC1A.tmp\rjsec148.ZIP", message = "rjsec148")~~RJStevensMusicPresentationCreator.Program~0000000746
2024-12-14 21:55:21.7569~DEBUG~-> ExtractAllFromFile(zipFileName = "C:\Users\cofc_\AppData\Local\Temp\tmpAC1A.tmp\rjsec148.ZIP", decompressedFolder = "C:\Users\cofc_\AppData\Local\Temp\tmpACF6.tmp", message = "rjsec148")~~RJStevensMusicPresentationCreator.Program~0000000747
2024-12-14 21:55:21.9129~DEBUG~extract completed~~RJStevensMusicPresentationCreator.Program~0000000748
2024-12-14 21:55:21.9129~DEBUG~<- ExtractAllFromFile(zipFileName = "C:\Users\cofc_\AppData\Local\Temp\tmpAC1A.tmp\rjsec148.ZIP", decompressedFolder = "C:\Users\cofc_\AppData\Local\Temp\tmpACF6.tmp", message = "rjsec148")~~RJStevensMusicPresentationCreator.Program~0000000749
2024-12-14 21:55:21.9639~DEBUG~-> DownloadFile(url = "https://faas-nyc1-2ef2e6cc.doserverless.co/api/v1/web/fn-dd7f8f6a-d32a-4f5e-ae7b-870dfb7963f3/downloads/bundle?id=000000000000156", filename = "C:\Users\cofc_\AppData\Local\Temp\tmpADC2.tmp\rjsec149.ZIP", message = "rjsec149")~~RJStevensMusicPresentationCreator.Program~0000000750
2024-12-14 21:55:22.1989~DEBUG~download completed~~RJStevensMusicPresentationCreator.Program~0000000751
2024-12-14 21:55:22.1989~DEBUG~<- DownloadFile(url = "https://faas-nyc1-2ef2e6cc.doserverless.co/api/v1/web/fn-dd7f8f6a-d32a-4f5e-ae7b-870dfb7963f3/downloads/bundle?id=000000000000156", filename = "C:\Users\cofc_\AppData\Local\Temp\tmpADC2.tmp\rjsec149.ZIP", message = "rjsec149")~~RJStevensMusicPresentationCreator.Program~0000000752
2024-12-14 21:55:22.2179~DEBUG~-> ExtractAllFromFile(zipFileName = "C:\Users\cofc_\AppData\Local\Temp\tmpADC2.tmp\rjsec149.ZIP", decompressedFolder = "C:\Users\cofc_\AppData\Local\Temp\tmpAEBD.tmp", message = "rjsec149")~~RJStevensMusicPresentationCreator.Program~0000000753
2024-12-14 21:55:22.4700~DEBUG~extract completed~~RJStevensMusicPresentationCreator.Program~0000000754
2024-12-14 21:55:22.4700~DEBUG~<- ExtractAllFromFile(zipFileName = "C:\Users\cofc_\AppData\Local\Temp\tmpADC2.tmp\rjsec149.ZIP", decompressedFolder = "C:\Users\cofc_\AppData\Local\Temp\tmpAEBD.tmp", message = "rjsec149")~~RJStevensMusicPresentationCreator.Program~0000000755
2024-12-14 21:55:22.5330~DEBUG~-> DownloadFile(url = "https://faas-nyc1-2ef2e6cc.doserverless.co/api/v1/web/fn-dd7f8f6a-d32a-4f5e-ae7b-870dfb7963f3/downloads/bundle?id=000000000000157", filename = "C:\Users\cofc_\AppData\Local\Temp\tmpB006.tmp\rjsec150.ZIP", message = "rjsec150")~~RJStevensMusicPresentationCreator.Program~0000000756
2024-12-14 21:55:22.7330~DEBUG~download completed~~RJStevensMusicPresentationCreator.Program~0000000757
2024-12-14 21:55:22.7330~DEBUG~<- DownloadFile(url = "https://faas-nyc1-2ef2e6cc.doserverless.co/api/v1/web/fn-dd7f8f6a-d32a-4f5e-ae7b-870dfb7963f3/downloads/bundle?id=000000000000157", filename = "C:\Users\cofc_\AppData\Local\Temp\tmpB006.tmp\rjsec150.ZIP", message = "rjsec150")~~RJStevensMusicPresentationCreator.Program~0000000758
2024-12-14 21:55:22.7480~DEBUG~-> ExtractAllFromFile(zipFileName = "C:\Users\cofc_\AppData\Local\Temp\tmpB006.tmp\rjsec150.ZIP", decompressedFolder = "C:\Users\cofc_\AppData\Local\Temp\tmpB0D2.tmp", message = "rjsec150")~~RJStevensMusicPresentationCreator.Program~0000000759
2024-12-14 21:55:22.9450~DEBUG~extract completed~~RJStevensMusicPresentationCreator.Program~0000000760
2024-12-14 21:55:22.9450~DEBUG~<- ExtractAllFromFile(zipFileName = "C:\Users\cofc_\AppData\Local\Temp\tmpB006.tmp\rjsec150.ZIP", decompressedFolder = "C:\Users\cofc_\AppData\Local\Temp\tmpB0D2.tmp", message = "rjsec150")~~RJStevensMusicPresentationCreator.Program~0000000761
2024-12-14 21:55:22.9990~DEBUG~-> DownloadFile(url = "https://faas-nyc1-2ef2e6cc.doserverless.co/api/v1/web/fn-dd7f8f6a-d32a-4f5e-ae7b-870dfb7963f3/downloads/bundle?id=000000000000158", filename = "C:\Users\cofc_\AppData\Local\Temp\tmpB1CD.tmp\rjsec151.ZIP", message = "rjsec151")~~RJStevensMusicPresentationCreator.Program~0000000762
2024-12-14 21:55:23.2190~DEBUG~download completed~~RJStevensMusicPresentationCreator.Program~0000000763
2024-12-14 21:55:23.2200~DEBUG~<- DownloadFile(url = "https://faas-nyc1-2ef2e6cc.doserverless.co/api/v1/web/fn-dd7f8f6a-d32a-4f5e-ae7b-870dfb7963f3/downloads/bundle?id=000000000000158", filename = "C:\Users\cofc_\AppData\Local\Temp\tmpB1CD.tmp\rjsec151.ZIP", message = "rjsec151")~~RJStevensMusicPresentationCreator.Program~0000000764
2024-12-14 21:55:23.2200~DEBUG~-> ExtractAllFromFile(zipFileName = "C:\Users\cofc_\AppData\Local\Temp\tmpB1CD.tmp\rjsec151.ZIP", decompressedFolder = "C:\Users\cofc_\AppData\Local\Temp\tmpB2B9.tmp", message = "rjsec151")~~RJStevensMusicPresentationCreator.Program~0000000765
2024-12-14 21:55:23.3900~DEBUG~extract completed~~RJStevensMusicPresentationCreator.Program~0000000766
2024-12-14 21:55:23.3930~DEBUG~<- ExtractAllFromFile(zipFileName = "C:\Users\cofc_\AppData\Local\Temp\tmpB1CD.tmp\rjsec151.ZIP", decompressedFolder = "C:\Users\cofc_\AppData\Local\Temp\tmpB2B9.tmp", message = "rjsec151")~~RJStevensMusicPresentationCreator.Program~0000000767
2024-12-14 21:55:23.4390~DEBUG~-> DownloadFile(url = "https://faas-nyc1-2ef2e6cc.doserverless.co/api/v1/web/fn-dd7f8f6a-d32a-4f5e-ae7b-870dfb7963f3/downloads/bundle?id=000000000000159", filename = "C:\Users\cofc_\AppData\Local\Temp\tmpB394.tmp\rjsec152.ZIP", message = "rjsec152")~~RJStevensMusicPresentationCreator.Program~0000000768
2024-12-14 21:55:23.6520~DEBUG~download completed~~RJStevensMusicPresentationCreator.Program~0000000769
2024-12-14 21:55:23.6520~DEBUG~<- DownloadFile(url = "https://faas-nyc1-2ef2e6cc.doserverless.co/api/v1/web/fn-dd7f8f6a-d32a-4f5e-ae7b-870dfb7963f3/downloads/bundle?id=000000000000159", filename = "C:\Users\cofc_\AppData\Local\Temp\tmpB394.tmp\rjsec152.ZIP", message = "rjsec152")~~RJStevensMusicPresentationCreator.Program~0000000770
2024-12-14 21:55:23.6660~DEBUG~-> ExtractAllFromFile(zipFileName = "C:\Users\cofc_\AppData\Local\Temp\tmpB394.tmp\rjsec152.ZIP", decompressedFolder = "C:\Users\cofc_\AppData\Local\Temp\tmpB470.tmp", message = "rjsec152")~~RJStevensMusicPresentationCreator.Program~0000000771
2024-12-14 21:55:23.8271~DEBUG~extract completed~~RJStevensMusicPresentationCreator.Program~0000000772
2024-12-14 21:55:23.8301~DEBUG~<- ExtractAllFromFile(zipFileName = "C:\Users\cofc_\AppData\Local\Temp\tmpB394.tmp\rjsec152.ZIP", decompressedFolder = "C:\Users\cofc_\AppData\Local\Temp\tmpB470.tmp", message = "rjsec152")~~RJStevensMusicPresentationCreator.Program~0000000773
2024-12-14 21:55:23.8811~DEBUG~-> DownloadFile(url = "https://faas-nyc1-2ef2e6cc.doserverless.co/api/v1/web/fn-dd7f8f6a-d32a-4f5e-ae7b-870dfb7963f3/downloads/bundle?id=000000000000161", filename = "C:\Users\cofc_\AppData\Local\Temp\tmpB54C.tmp\rjsec154.ZIP", message = "rjsec154")~~RJStevensMusicPresentationCreator.Program~0000000774
2024-12-14 21:55:24.1031~DEBUG~download completed~~RJStevensMusicPresentationCreator.Program~0000000775
2024-12-14 21:55:24.1031~DEBUG~<- DownloadFile(url = "https://faas-nyc1-2ef2e6cc.doserverless.co/api/v1/web/fn-dd7f8f6a-d32a-4f5e-ae7b-870dfb7963f3/downloads/bundle?id=000000000000161", filename = "C:\Users\cofc_\AppData\Local\Temp\tmpB54C.tmp\rjsec154.ZIP", message = "rjsec154")~~RJStevensMusicPresentationCreator.Program~0000000776
2024-12-14 21:55:24.1151~DEBUG~-> ExtractAllFromFile(zipFileName = "C:\Users\cofc_\AppData\Local\Temp\tmpB54C.tmp\rjsec154.ZIP", decompressedFolder = "C:\Users\cofc_\AppData\Local\Temp\tmpB637.tmp", message = "rjsec154")~~RJStevensMusicPresentationCreator.Program~0000000777
2024-12-14 21:55:24.3481~DEBUG~extract completed~~RJStevensMusicPresentationCreator.Program~0000000778
2024-12-14 21:55:24.3481~DEBUG~<- ExtractAllFromFile(zipFileName = "C:\Users\cofc_\AppData\Local\Temp\tmpB54C.tmp\rjsec154.ZIP", decompressedFolder = "C:\Users\cofc_\AppData\Local\Temp\tmpB637.tmp", message = "rjsec154")~~RJStevensMusicPresentationCreator.Program~0000000779
2024-12-14 21:55:24.4061~DEBUG~-> DownloadFile(url = "https://faas-nyc1-2ef2e6cc.doserverless.co/api/v1/web/fn-dd7f8f6a-d32a-4f5e-ae7b-870dfb7963f3/downloads/bundle?id=000000000000162", filename = "C:\Users\cofc_\AppData\Local\Temp\tmpB751.tmp\rjsec155.ZIP", message = "rjsec155")~~RJStevensMusicPresentationCreator.Program~0000000780
2024-12-14 21:55:24.6071~DEBUG~download completed~~RJStevensMusicPresentationCreator.Program~0000000781
2024-12-14 21:55:24.6071~DEBUG~<- DownloadFile(url = "https://faas-nyc1-2ef2e6cc.doserverless.co/api/v1/web/fn-dd7f8f6a-d32a-4f5e-ae7b-870dfb7963f3/downloads/bundle?id=000000000000162", filename = "C:\Users\cofc_\AppData\Local\Temp\tmpB751.tmp\rjsec155.ZIP", message = "rjsec155")~~RJStevensMusicPresentationCreator.Program~0000000782
2024-12-14 21:55:24.6211~DEBUG~-> ExtractAllFromFile(zipFileName = "C:\Users\cofc_\AppData\Local\Temp\tmpB751.tmp\rjsec155.ZIP", decompressedFolder = "C:\Users\cofc_\AppData\Local\Temp\tmpB82D.tmp", message = "rjsec155")~~RJStevensMusicPresentationCreator.Program~0000000783
2024-12-14 21:55:24.8181~DEBUG~extract completed~~RJStevensMusicPresentationCreator.Program~0000000784
2024-12-14 21:55:24.8181~DEBUG~<- ExtractAllFromFile(zipFileName = "C:\Users\cofc_\AppData\Local\Temp\tmpB751.tmp\rjsec155.ZIP", decompressedFolder = "C:\Users\cofc_\AppData\Local\Temp\tmpB82D.tmp", message = "rjsec155")~~RJStevensMusicPresentationCreator.Program~0000000785
2024-12-14 21:55:24.8741~DEBUG~-> DownloadFile(url = "https://faas-nyc1-2ef2e6cc.doserverless.co/api/v1/web/fn-dd7f8f6a-d32a-4f5e-ae7b-870dfb7963f3/downloads/bundle?id=000000000000163", filename = "C:\Users\cofc_\AppData\Local\Temp\tmpB928.tmp\rjsec156.ZIP", message = "rjsec156")~~RJStevensMusicPresentationCreator.Program~0000000786
2024-12-14 21:55:25.1411~DEBUG~download completed~~RJStevensMusicPresentationCreator.Program~0000000787
2024-12-14 21:55:25.1411~DEBUG~<- DownloadFile(url = "https://faas-nyc1-2ef2e6cc.doserverless.co/api/v1/web/fn-dd7f8f6a-d32a-4f5e-ae7b-870dfb7963f3/downloads/bundle?id=000000000000163", filename = "C:\Users\cofc_\AppData\Local\Temp\tmpB928.tmp\rjsec156.ZIP", message = "rjsec156")~~RJStevensMusicPresentationCreator.Program~0000000788
2024-12-14 21:55:25.1571~DEBUG~-> ExtractAllFromFile(zipFileName = "C:\Users\cofc_\AppData\Local\Temp\tmpB928.tmp\rjsec156.ZIP", decompressedFolder = "C:\Users\cofc_\AppData\Local\Temp\tmpBA52.tmp", message = "rjsec156")~~RJStevensMusicPresentationCreator.Program~0000000789
2024-12-14 21:55:25.4352~DEBUG~extract completed~~RJStevensMusicPresentationCreator.Program~0000000790
2024-12-14 21:55:25.4382~DEBUG~<- ExtractAllFromFile(zipFileName = "C:\Users\cofc_\AppData\Local\Temp\tmpB928.tmp\rjsec156.ZIP", decompressedFolder = "C:\Users\cofc_\AppData\Local\Temp\tmpBA52.tmp", message = "rjsec156")~~RJStevensMusicPresentationCreator.Program~0000000791
2024-12-14 21:55:25.5102~DEBUG~-> DownloadFile(url = "https://faas-nyc1-2ef2e6cc.doserverless.co/api/v1/web/fn-dd7f8f6a-d32a-4f5e-ae7b-870dfb7963f3/downloads/bundle?id=000000000000164", filename = "C:\Users\cofc_\AppData\Local\Temp\tmpBBAB.tmp\rjsec157.ZIP", message = "rjsec157")~~RJStevensMusicPresentationCreator.Program~0000000792
2024-12-14 21:55:25.7602~DEBUG~download completed~~RJStevensMusicPresentationCreator.Program~0000000793
2024-12-14 21:55:25.7602~DEBUG~<- DownloadFile(url = "https://faas-nyc1-2ef2e6cc.doserverless.co/api/v1/web/fn-dd7f8f6a-d32a-4f5e-ae7b-870dfb7963f3/downloads/bundle?id=000000000000164", filename = "C:\Users\cofc_\AppData\Local\Temp\tmpBBAB.tmp\rjsec157.ZIP", message = "rjsec157")~~RJStevensMusicPresentationCreator.Program~0000000794
2024-12-14 21:55:25.7752~DEBUG~-> ExtractAllFromFile(zipFileName = "C:\Users\cofc_\AppData\Local\Temp\tmpBBAB.tmp\rjsec157.ZIP", decompressedFolder = "C:\Users\cofc_\AppData\Local\Temp\tmpBCB5.tmp", message = "rjsec157")~~RJStevensMusicPresentationCreator.Program~0000000795
2024-12-14 21:55:26.0312~DEBUG~extract completed~~RJStevensMusicPresentationCreator.Program~0000000796
2024-12-14 21:55:26.0342~DEBUG~<- ExtractAllFromFile(zipFileName = "C:\Users\cofc_\AppData\Local\Temp\tmpBBAB.tmp\rjsec157.ZIP", decompressedFolder = "C:\Users\cofc_\AppData\Local\Temp\tmpBCB5.tmp", message = "rjsec157")~~RJStevensMusicPresentationCreator.Program~0000000797
2024-12-14 21:55:26.0982~DEBUG~-> DownloadFile(url = "https://faas-nyc1-2ef2e6cc.doserverless.co/api/v1/web/fn-dd7f8f6a-d32a-4f5e-ae7b-870dfb7963f3/downloads/bundle?id=000000000000165", filename = "C:\Users\cofc_\AppData\Local\Temp\tmpBDFF.tmp\rjsec158.ZIP", message = "rjsec158")~~RJStevensMusicPresentationCreator.Program~0000000798
2024-12-14 21:55:26.3302~DEBUG~download completed~~RJStevensMusicPresentationCreator.Program~0000000799
2024-12-14 21:55:26.3302~DEBUG~<- DownloadFile(url = "https://faas-nyc1-2ef2e6cc.doserverless.co/api/v1/web/fn-dd7f8f6a-d32a-4f5e-ae7b-870dfb7963f3/downloads/bundle?id=000000000000165", filename = "C:\Users\cofc_\AppData\Local\Temp\tmpBDFF.tmp\rjsec158.ZIP", message = "rjsec158")~~RJStevensMusicPresentationCreator.Program~0000000800
2024-12-14 21:55:26.3452~DEBUG~-> ExtractAllFromFile(zipFileName = "C:\Users\cofc_\AppData\Local\Temp\tmpBDFF.tmp\rjsec158.ZIP", decompressedFolder = "C:\Users\cofc_\AppData\Local\Temp\tmpBEFA.tmp", message = "rjsec158")~~RJStevensMusicPresentationCreator.Program~0000000801
2024-12-14 21:55:26.6291~DEBUG~extract completed~~RJStevensMusicPresentationCreator.Program~0000000802
2024-12-14 21:55:26.6291~DEBUG~<- ExtractAllFromFile(zipFileName = "C:\Users\cofc_\AppData\Local\Temp\tmpBDFF.tmp\rjsec158.ZIP", decompressedFolder = "C:\Users\cofc_\AppData\Local\Temp\tmpBEFA.tmp", message = "rjsec158")~~RJStevensMusicPresentationCreator.Program~0000000803
2024-12-14 21:55:26.6981~DEBUG~-> DownloadFile(url = "https://faas-nyc1-2ef2e6cc.doserverless.co/api/v1/web/fn-dd7f8f6a-d32a-4f5e-ae7b-870dfb7963f3/downloads/bundle?id=000000000000166", filename = "C:\Users\cofc_\AppData\Local\Temp\tmpC052.tmp\rjsec159.ZIP", message = "rjsec159")~~RJStevensMusicPresentationCreator.Program~0000000804
2024-12-14 21:55:26.9022~DEBUG~download completed~~RJStevensMusicPresentationCreator.Program~0000000805
2024-12-14 21:55:26.9022~DEBUG~<- DownloadFile(url = "https://faas-nyc1-2ef2e6cc.doserverless.co/api/v1/web/fn-dd7f8f6a-d32a-4f5e-ae7b-870dfb7963f3/downloads/bundle?id=000000000000166", filename = "C:\Users\cofc_\AppData\Local\Temp\tmpC052.tmp\rjsec159.ZIP", message = "rjsec159")~~RJStevensMusicPresentationCreator.Program~0000000806
2024-12-14 21:55:26.9152~DEBUG~-> ExtractAllFromFile(zipFileName = "C:\Users\cofc_\AppData\Local\Temp\tmpC052.tmp\rjsec159.ZIP", decompressedFolder = "C:\Users\cofc_\AppData\Local\Temp\tmpC12E.tmp", message = "rjsec159")~~RJStevensMusicPresentationCreator.Program~0000000807
2024-12-14 21:55:27.1452~DEBUG~extract completed~~RJStevensMusicPresentationCreator.Program~0000000808
2024-12-14 21:55:27.1452~DEBUG~<- ExtractAllFromFile(zipFileName = "C:\Users\cofc_\AppData\Local\Temp\tmpC052.tmp\rjsec159.ZIP", decompressedFolder = "C:\Users\cofc_\AppData\Local\Temp\tmpC12E.tmp", message = "rjsec159")~~RJStevensMusicPresentationCreator.Program~0000000809
2024-12-14 21:55:27.2102~DEBUG~-> DownloadFile(url = "https://faas-nyc1-2ef2e6cc.doserverless.co/api/v1/web/fn-dd7f8f6a-d32a-4f5e-ae7b-870dfb7963f3/downloads/bundle?id=000000000000167", filename = "C:\Users\cofc_\AppData\Local\Temp\tmpC258.tmp\rjsec160.ZIP", message = "rjsec160")~~RJStevensMusicPresentationCreator.Program~0000000810
2024-12-14 21:55:27.4852~DEBUG~download completed~~RJStevensMusicPresentationCreator.Program~0000000811
2024-12-14 21:55:27.4852~DEBUG~<- DownloadFile(url = "https://faas-nyc1-2ef2e6cc.doserverless.co/api/v1/web/fn-dd7f8f6a-d32a-4f5e-ae7b-870dfb7963f3/downloads/bundle?id=000000000000167", filename = "C:\Users\cofc_\AppData\Local\Temp\tmpC258.tmp\rjsec160.ZIP", message = "rjsec160")~~RJStevensMusicPresentationCreator.Program~0000000812
2024-12-14 21:55:27.5062~DEBUG~-> ExtractAllFromFile(zipFileName = "C:\Users\cofc_\AppData\Local\Temp\tmpC258.tmp\rjsec160.ZIP", decompressedFolder = "C:\Users\cofc_\AppData\Local\Temp\tmpC382.tmp", message = "rjsec160")~~RJStevensMusicPresentationCreator.Program~0000000813
2024-12-14 21:55:27.8532~DEBUG~extract completed~~RJStevensMusicPresentationCreator.Program~0000000814
2024-12-14 21:55:27.8532~DEBUG~<- ExtractAllFromFile(zipFileName = "C:\Users\cofc_\AppData\Local\Temp\tmpC258.tmp\rjsec160.ZIP", decompressedFolder = "C:\Users\cofc_\AppData\Local\Temp\tmpC382.tmp", message = "rjsec160")~~RJStevensMusicPresentationCreator.Program~0000000815
2024-12-14 21:55:27.9392~DEBUG~-> DownloadFile(url = "https://faas-nyc1-2ef2e6cc.doserverless.co/api/v1/web/fn-dd7f8f6a-d32a-4f5e-ae7b-870dfb7963f3/downloads/bundle?id=000000000000168", filename = "C:\Users\cofc_\AppData\Local\Temp\tmpC538.tmp\rjsec161.ZIP", message = "rjsec161")~~RJStevensMusicPresentationCreator.Program~0000000816
2024-12-14 21:55:28.1533~DEBUG~download completed~~RJStevensMusicPresentationCreator.Program~0000000817
2024-12-14 21:55:28.1533~DEBUG~<- DownloadFile(url = "https://faas-nyc1-2ef2e6cc.doserverless.co/api/v1/web/fn-dd7f8f6a-d32a-4f5e-ae7b-870dfb7963f3/downloads/bundle?id=000000000000168", filename = "C:\Users\cofc_\AppData\Local\Temp\tmpC538.tmp\rjsec161.ZIP", message = "rjsec161")~~RJStevensMusicPresentationCreator.Program~0000000818
2024-12-14 21:55:28.1693~DEBUG~-> ExtractAllFromFile(zipFileName = "C:\Users\cofc_\AppData\Local\Temp\tmpC538.tmp\rjsec161.ZIP", decompressedFolder = "C:\Users\cofc_\AppData\Local\Temp\tmpC614.tmp", message = "rjsec161")~~RJStevensMusicPresentationCreator.Program~0000000819
2024-12-14 21:55:28.4153~DEBUG~extract completed~~RJStevensMusicPresentationCreator.Program~0000000820
2024-12-14 21:55:28.4153~DEBUG~<- ExtractAllFromFile(zipFileName = "C:\Users\cofc_\AppData\Local\Temp\tmpC538.tmp\rjsec161.ZIP", decompressedFolder = "C:\Users\cofc_\AppData\Local\Temp\tmpC614.tmp", message = "rjsec161")~~RJStevensMusicPresentationCreator.Program~0000000821
2024-12-14 21:55:28.4823~DEBUG~-> DownloadFile(url = "https://faas-nyc1-2ef2e6cc.doserverless.co/api/v1/web/fn-dd7f8f6a-d32a-4f5e-ae7b-870dfb7963f3/downloads/bundle?id=000000000000169", filename = "C:\Users\cofc_\AppData\Local\Temp\tmpC74E.tmp\rjsec162.ZIP", message = "rjsec162")~~RJStevensMusicPresentationCreator.Program~0000000822
2024-12-14 21:55:28.7123~DEBUG~download completed~~RJStevensMusicPresentationCreator.Program~0000000823
2024-12-14 21:55:28.7123~DEBUG~<- DownloadFile(url = "https://faas-nyc1-2ef2e6cc.doserverless.co/api/v1/web/fn-dd7f8f6a-d32a-4f5e-ae7b-870dfb7963f3/downloads/bundle?id=000000000000169", filename = "C:\Users\cofc_\AppData\Local\Temp\tmpC74E.tmp\rjsec162.ZIP", message = "rjsec162")~~RJStevensMusicPresentationCreator.Program~0000000824
2024-12-14 21:55:28.7293~DEBUG~-> ExtractAllFromFile(zipFileName = "C:\Users\cofc_\AppData\Local\Temp\tmpC74E.tmp\rjsec162.ZIP", decompressedFolder = "C:\Users\cofc_\AppData\Local\Temp\tmpC849.tmp", message = "rjsec162")~~RJStevensMusicPresentationCreator.Program~0000000825
2024-12-14 21:55:28.9543~DEBUG~extract completed~~RJStevensMusicPresentationCreator.Program~0000000826
2024-12-14 21:55:28.9543~DEBUG~<- ExtractAllFromFile(zipFileName = "C:\Users\cofc_\AppData\Local\Temp\tmpC74E.tmp\rjsec162.ZIP", decompressedFolder = "C:\Users\cofc_\AppData\Local\Temp\tmpC849.tmp", message = "rjsec162")~~RJStevensMusicPresentationCreator.Program~0000000827
2024-12-14 21:55:29.0223~DEBUG~-> DownloadFile(url = "https://faas-nyc1-2ef2e6cc.doserverless.co/api/v1/web/fn-dd7f8f6a-d32a-4f5e-ae7b-870dfb7963f3/downloads/bundle?id=000000000000170", filename = "C:\Users\cofc_\AppData\Local\Temp\tmpC972.tmp\rjsec163.ZIP", message = "rjsec163")~~RJStevensMusicPresentationCreator.Program~0000000828
2024-12-14 21:55:29.2573~DEBUG~download completed~~RJStevensMusicPresentationCreator.Program~0000000829
2024-12-14 21:55:29.2573~DEBUG~<- DownloadFile(url = "https://faas-nyc1-2ef2e6cc.doserverless.co/api/v1/web/fn-dd7f8f6a-d32a-4f5e-ae7b-870dfb7963f3/downloads/bundle?id=000000000000170", filename = "C:\Users\cofc_\AppData\Local\Temp\tmpC972.tmp\rjsec163.ZIP", message = "rjsec163")~~RJStevensMusicPresentationCreator.Program~0000000830
2024-12-14 21:55:29.2743~DEBUG~-> ExtractAllFromFile(zipFileName = "C:\Users\cofc_\AppData\Local\Temp\tmpC972.tmp\rjsec163.ZIP", decompressedFolder = "C:\Users\cofc_\AppData\Local\Temp\tmpCA6D.tmp", message = "rjsec163")~~RJStevensMusicPresentationCreator.Program~0000000831
2024-12-14 21:55:29.5084~DEBUG~extract completed~~RJStevensMusicPresentationCreator.Program~0000000832
2024-12-14 21:55:29.5084~DEBUG~<- ExtractAllFromFile(zipFileName = "C:\Users\cofc_\AppData\Local\Temp\tmpC972.tmp\rjsec163.ZIP", decompressedFolder = "C:\Users\cofc_\AppData\Local\Temp\tmpCA6D.tmp", message = "rjsec163")~~RJStevensMusicPresentationCreator.Program~0000000833
2024-12-14 21:55:29.5704~DEBUG~-> DownloadFile(url = "https://faas-nyc1-2ef2e6cc.doserverless.co/api/v1/web/fn-dd7f8f6a-d32a-4f5e-ae7b-870dfb7963f3/downloads/bundle?id=000000000000171", filename = "C:\Users\cofc_\AppData\Local\Temp\tmpCB97.tmp\rjsec164.ZIP", message = "rjsec164")~~RJStevensMusicPresentationCreator.Program~0000000834
2024-12-14 21:55:29.7834~DEBUG~download completed~~RJStevensMusicPresentationCreator.Program~0000000835
2024-12-14 21:55:29.7834~DEBUG~<- DownloadFile(url = "https://faas-nyc1-2ef2e6cc.doserverless.co/api/v1/web/fn-dd7f8f6a-d32a-4f5e-ae7b-870dfb7963f3/downloads/bundle?id=000000000000171", filename = "C:\Users\cofc_\AppData\Local\Temp\tmpCB97.tmp\rjsec164.ZIP", message = "rjsec164")~~RJStevensMusicPresentationCreator.Program~0000000836
2024-12-14 21:55:29.7994~DEBUG~-> ExtractAllFromFile(zipFileName = "C:\Users\cofc_\AppData\Local\Temp\tmpCB97.tmp\rjsec164.ZIP", decompressedFolder = "C:\Users\cofc_\AppData\Local\Temp\tmpCC83.tmp", message = "rjsec164")~~RJStevensMusicPresentationCreator.Program~0000000837
2024-12-14 21:55:30.0254~DEBUG~extract completed~~RJStevensMusicPresentationCreator.Program~0000000838
2024-12-14 21:55:30.0254~DEBUG~<- ExtractAllFromFile(zipFileName = "C:\Users\cofc_\AppData\Local\Temp\tmpCB97.tmp\rjsec164.ZIP", decompressedFolder = "C:\Users\cofc_\AppData\Local\Temp\tmpCC83.tmp", message = "rjsec164")~~RJStevensMusicPresentationCreator.Program~0000000839
2024-12-14 21:55:30.0924~DEBUG~-> DownloadFile(url = "https://faas-nyc1-2ef2e6cc.doserverless.co/api/v1/web/fn-dd7f8f6a-d32a-4f5e-ae7b-870dfb7963f3/downloads/bundle?id=000000000000173", filename = "C:\Users\cofc_\AppData\Local\Temp\tmpCD9D.tmp\rjsec166.ZIP", message = "rjsec166")~~RJStevensMusicPresentationCreator.Program~0000000840
2024-12-14 21:55:30.2904~DEBUG~download completed~~RJStevensMusicPresentationCreator.Program~0000000841
2024-12-14 21:55:30.2904~DEBUG~<- DownloadFile(url = "https://faas-nyc1-2ef2e6cc.doserverless.co/api/v1/web/fn-dd7f8f6a-d32a-4f5e-ae7b-870dfb7963f3/downloads/bundle?id=000000000000173", filename = "C:\Users\cofc_\AppData\Local\Temp\tmpCD9D.tmp\rjsec166.ZIP", message = "rjsec166")~~RJStevensMusicPresentationCreator.Program~0000000842
2024-12-14 21:55:30.3034~DEBUG~-> ExtractAllFromFile(zipFileName = "C:\Users\cofc_\AppData\Local\Temp\tmpCD9D.tmp\rjsec166.ZIP", decompressedFolder = "C:\Users\cofc_\AppData\Local\Temp\tmpCE79.tmp", message = "rjsec166")~~RJStevensMusicPresentationCreator.Program~0000000843
2024-12-14 21:55:30.5204~DEBUG~extract completed~~RJStevensMusicPresentationCreator.Program~0000000844
2024-12-14 21:55:30.5204~DEBUG~<- ExtractAllFromFile(zipFileName = "C:\Users\cofc_\AppData\Local\Temp\tmpCD9D.tmp\rjsec166.ZIP", decompressedFolder = "C:\Users\cofc_\AppData\Local\Temp\tmpCE79.tmp", message = "rjsec166")~~RJStevensMusicPresentationCreator.Program~0000000845
2024-12-14 21:55:30.5774~DEBUG~-> DownloadFile(url = "https://faas-nyc1-2ef2e6cc.doserverless.co/api/v1/web/fn-dd7f8f6a-d32a-4f5e-ae7b-870dfb7963f3/downloads/bundle?id=000000000000174", filename = "C:\Users\cofc_\AppData\Local\Temp\tmpCF83.tmp\rjsec167.ZIP", message = "rjsec167")~~RJStevensMusicPresentationCreator.Program~0000000846
2024-12-14 21:55:30.8284~DEBUG~download completed~~RJStevensMusicPresentationCreator.Program~0000000847
2024-12-14 21:55:30.8284~DEBUG~<- DownloadFile(url = "https://faas-nyc1-2ef2e6cc.doserverless.co/api/v1/web/fn-dd7f8f6a-d32a-4f5e-ae7b-870dfb7963f3/downloads/bundle?id=000000000000174", filename = "C:\Users\cofc_\AppData\Local\Temp\tmpCF83.tmp\rjsec167.ZIP", message = "rjsec167")~~RJStevensMusicPresentationCreator.Program~0000000848
2024-12-14 21:55:30.8485~DEBUG~-> ExtractAllFromFile(zipFileName = "C:\Users\cofc_\AppData\Local\Temp\tmpCF83.tmp\rjsec167.ZIP", decompressedFolder = "C:\Users\cofc_\AppData\Local\Temp\tmpD09E.tmp", message = "rjsec167")~~RJStevensMusicPresentationCreator.Program~0000000849
2024-12-14 21:55:31.1475~DEBUG~extract completed~~RJStevensMusicPresentationCreator.Program~0000000850
2024-12-14 21:55:31.1475~DEBUG~<- ExtractAllFromFile(zipFileName = "C:\Users\cofc_\AppData\Local\Temp\tmpCF83.tmp\rjsec167.ZIP", decompressedFolder = "C:\Users\cofc_\AppData\Local\Temp\tmpD09E.tmp", message = "rjsec167")~~RJStevensMusicPresentationCreator.Program~0000000851
2024-12-14 21:55:31.2225~DEBUG~-> DownloadFile(url = "https://faas-nyc1-2ef2e6cc.doserverless.co/api/v1/web/fn-dd7f8f6a-d32a-4f5e-ae7b-870dfb7963f3/downloads/bundle?id=000000000000175", filename = "C:\Users\cofc_\AppData\Local\Temp\tmpD216.tmp\rjsec168.ZIP", message = "rjsec168")~~RJStevensMusicPresentationCreator.Program~0000000852
2024-12-14 21:55:31.4765~DEBUG~download completed~~RJStevensMusicPresentationCreator.Program~0000000853
2024-12-14 21:55:31.4765~DEBUG~<- DownloadFile(url = "https://faas-nyc1-2ef2e6cc.doserverless.co/api/v1/web/fn-dd7f8f6a-d32a-4f5e-ae7b-870dfb7963f3/downloads/bundle?id=000000000000175", filename = "C:\Users\cofc_\AppData\Local\Temp\tmpD216.tmp\rjsec168.ZIP", message = "rjsec168")~~RJStevensMusicPresentationCreator.Program~0000000854
2024-12-14 21:55:31.4935~DEBUG~-> ExtractAllFromFile(zipFileName = "C:\Users\cofc_\AppData\Local\Temp\tmpD216.tmp\rjsec168.ZIP", decompressedFolder = "C:\Users\cofc_\AppData\Local\Temp\tmpD320.tmp", message = "rjsec168")~~RJStevensMusicPresentationCreator.Program~0000000855
2024-12-14 21:55:31.7575~DEBUG~extract completed~~RJStevensMusicPresentationCreator.Program~0000000856
2024-12-14 21:55:31.7575~DEBUG~<- ExtractAllFromFile(zipFileName = "C:\Users\cofc_\AppData\Local\Temp\tmpD216.tmp\rjsec168.ZIP", decompressedFolder = "C:\Users\cofc_\AppData\Local\Temp\tmpD320.tmp", message = "rjsec168")~~RJStevensMusicPresentationCreator.Program~0000000857
2024-12-14 21:55:31.8265~DEBUG~-> DownloadFile(url = "https://faas-nyc1-2ef2e6cc.doserverless.co/api/v1/web/fn-dd7f8f6a-d32a-4f5e-ae7b-870dfb7963f3/downloads/bundle?id=000000000000176", filename = "C:\Users\cofc_\AppData\Local\Temp\tmpD469.tmp\rjsec169.ZIP", message = "rjsec169")~~RJStevensMusicPresentationCreator.Program~0000000858
2024-12-14 21:55:32.0485~DEBUG~download completed~~RJStevensMusicPresentationCreator.Program~0000000859
2024-12-14 21:55:32.0485~DEBUG~<- DownloadFile(url = "https://faas-nyc1-2ef2e6cc.doserverless.co/api/v1/web/fn-dd7f8f6a-d32a-4f5e-ae7b-870dfb7963f3/downloads/bundle?id=000000000000176", filename = "C:\Users\cofc_\AppData\Local\Temp\tmpD469.tmp\rjsec169.ZIP", message = "rjsec169")~~RJStevensMusicPresentationCreator.Program~0000000860
2024-12-14 21:55:32.0665~DEBUG~-> ExtractAllFromFile(zipFileName = "C:\Users\cofc_\AppData\Local\Temp\tmpD469.tmp\rjsec169.ZIP", decompressedFolder = "C:\Users\cofc_\AppData\Local\Temp\tmpD564.tmp", message = "rjsec169")~~RJStevensMusicPresentationCreator.Program~0000000861
2024-12-14 21:55:32.2866~DEBUG~extract completed~~RJStevensMusicPresentationCreator.Program~0000000862
2024-12-14 21:55:32.2866~DEBUG~<- ExtractAllFromFile(zipFileName = "C:\Users\cofc_\AppData\Local\Temp\tmpD469.tmp\rjsec169.ZIP", decompressedFolder = "C:\Users\cofc_\AppData\Local\Temp\tmpD564.tmp", message = "rjsec169")~~RJStevensMusicPresentationCreator.Program~0000000863
2024-12-14 21:55:32.3476~DEBUG~-> DownloadFile(url = "https://faas-nyc1-2ef2e6cc.doserverless.co/api/v1/web/fn-dd7f8f6a-d32a-4f5e-ae7b-870dfb7963f3/downloads/bundle?id=000000000000177", filename = "C:\Users\cofc_\AppData\Local\Temp\tmpD67F.tmp\rjsec170.ZIP", message = "rjsec170")~~RJStevensMusicPresentationCreator.Program~0000000864
2024-12-14 21:55:32.5706~DEBUG~download completed~~RJStevensMusicPresentationCreator.Program~0000000865
2024-12-14 21:55:32.5706~DEBUG~<- DownloadFile(url = "https://faas-nyc1-2ef2e6cc.doserverless.co/api/v1/web/fn-dd7f8f6a-d32a-4f5e-ae7b-870dfb7963f3/downloads/bundle?id=000000000000177", filename = "C:\Users\cofc_\AppData\Local\Temp\tmpD67F.tmp\rjsec170.ZIP", message = "rjsec170")~~RJStevensMusicPresentationCreator.Program~0000000866
2024-12-14 21:55:32.5836~DEBUG~-> ExtractAllFromFile(zipFileName = "C:\Users\cofc_\AppData\Local\Temp\tmpD67F.tmp\rjsec170.ZIP", decompressedFolder = "C:\Users\cofc_\AppData\Local\Temp\tmpD76A.tmp", message = "rjsec170")~~RJStevensMusicPresentationCreator.Program~0000000867
2024-12-14 21:55:32.8406~DEBUG~extract completed~~RJStevensMusicPresentationCreator.Program~0000000868
2024-12-14 21:55:32.8446~DEBUG~<- ExtractAllFromFile(zipFileName = "C:\Users\cofc_\AppData\Local\Temp\tmpD67F.tmp\rjsec170.ZIP", decompressedFolder = "C:\Users\cofc_\AppData\Local\Temp\tmpD76A.tmp", message = "rjsec170")~~RJStevensMusicPresentationCreator.Program~0000000869
2024-12-14 21:55:32.9096~DEBUG~-> DownloadFile(url = "https://faas-nyc1-2ef2e6cc.doserverless.co/api/v1/web/fn-dd7f8f6a-d32a-4f5e-ae7b-870dfb7963f3/downloads/bundle?id=000000000000178", filename = "C:\Users\cofc_\AppData\Local\Temp\tmpD8B3.tmp\rjsec171.ZIP", message = "rjsec171")~~RJStevensMusicPresentationCreator.Program~0000000870
2024-12-14 21:55:33.1196~DEBUG~download completed~~RJStevensMusicPresentationCreator.Program~0000000871
2024-12-14 21:55:33.1196~DEBUG~<- DownloadFile(url = "https://faas-nyc1-2ef2e6cc.doserverless.co/api/v1/web/fn-dd7f8f6a-d32a-4f5e-ae7b-870dfb7963f3/downloads/bundle?id=000000000000178", filename = "C:\Users\cofc_\AppData\Local\Temp\tmpD8B3.tmp\rjsec171.ZIP", message = "rjsec171")~~RJStevensMusicPresentationCreator.Program~0000000872
2024-12-14 21:55:33.1376~DEBUG~-> ExtractAllFromFile(zipFileName = "C:\Users\cofc_\AppData\Local\Temp\tmpD8B3.tmp\rjsec171.ZIP", decompressedFolder = "C:\Users\cofc_\AppData\Local\Temp\tmpD98F.tmp", message = "rjsec171")~~RJStevensMusicPresentationCreator.Program~0000000873
2024-12-14 21:55:33.3486~DEBUG~extract completed~~RJStevensMusicPresentationCreator.Program~0000000874
2024-12-14 21:55:33.3486~DEBUG~<- ExtractAllFromFile(zipFileName = "C:\Users\cofc_\AppData\Local\Temp\tmpD8B3.tmp\rjsec171.ZIP", decompressedFolder = "C:\Users\cofc_\AppData\Local\Temp\tmpD98F.tmp", message = "rjsec171")~~RJStevensMusicPresentationCreator.Program~0000000875
2024-12-14 21:55:33.4076~DEBUG~-> DownloadFile(url = "https://faas-nyc1-2ef2e6cc.doserverless.co/api/v1/web/fn-dd7f8f6a-d32a-4f5e-ae7b-870dfb7963f3/downloads/bundle?id=000000000000181", filename = "C:\Users\cofc_\AppData\Local\Temp\tmpDAA9.tmp\rjsec174.ZIP", message = "rjsec174")~~RJStevensMusicPresentationCreator.Program~0000000876
2024-12-14 21:55:33.5987~DEBUG~download completed~~RJStevensMusicPresentationCreator.Program~0000000877
2024-12-14 21:55:33.5987~DEBUG~<- DownloadFile(url = "https://faas-nyc1-2ef2e6cc.doserverless.co/api/v1/web/fn-dd7f8f6a-d32a-4f5e-ae7b-870dfb7963f3/downloads/bundle?id=000000000000181", filename = "C:\Users\cofc_\AppData\Local\Temp\tmpDAA9.tmp\rjsec174.ZIP", message = "rjsec174")~~RJStevensMusicPresentationCreator.Program~0000000878
2024-12-14 21:55:33.6127~DEBUG~-> ExtractAllFromFile(zipFileName = "C:\Users\cofc_\AppData\Local\Temp\tmpDAA9.tmp\rjsec174.ZIP", decompressedFolder = "C:\Users\cofc_\AppData\Local\Temp\tmpDB75.tmp", message = "rjsec174")~~RJStevensMusicPresentationCreator.Program~0000000879
2024-12-14 21:55:33.8507~DEBUG~extract completed~~RJStevensMusicPresentationCreator.Program~0000000880
2024-12-14 21:55:33.8507~DEBUG~<- ExtractAllFromFile(zipFileName = "C:\Users\cofc_\AppData\Local\Temp\tmpDAA9.tmp\rjsec174.ZIP", decompressedFolder = "C:\Users\cofc_\AppData\Local\Temp\tmpDB75.tmp", message = "rjsec174")~~RJStevensMusicPresentationCreator.Program~0000000881
2024-12-14 21:55:33.9177~DEBUG~-> DownloadFile(url = "https://faas-nyc1-2ef2e6cc.doserverless.co/api/v1/web/fn-dd7f8f6a-d32a-4f5e-ae7b-870dfb7963f3/downloads/bundle?id=000000000000185", filename = "C:\Users\cofc_\AppData\Local\Temp\tmpDC9F.tmp\rjsec178.ZIP", message = "rjsec178")~~RJStevensMusicPresentationCreator.Program~0000000882
2024-12-14 21:55:34.1927~DEBUG~download completed~~RJStevensMusicPresentationCreator.Program~0000000883
2024-12-14 21:55:34.1927~DEBUG~<- DownloadFile(url = "https://faas-nyc1-2ef2e6cc.doserverless.co/api/v1/web/fn-dd7f8f6a-d32a-4f5e-ae7b-870dfb7963f3/downloads/bundle?id=000000000000185", filename = "C:\Users\cofc_\AppData\Local\Temp\tmpDC9F.tmp\rjsec178.ZIP", message = "rjsec178")~~RJStevensMusicPresentationCreator.Program~0000000884
2024-12-14 21:55:34.2147~DEBUG~-> ExtractAllFromFile(zipFileName = "C:\Users\cofc_\AppData\Local\Temp\tmpDC9F.tmp\rjsec178.ZIP", decompressedFolder = "C:\Users\cofc_\AppData\Local\Temp\tmpDDC9.tmp", message = "rjsec178")~~RJStevensMusicPresentationCreator.Program~0000000885
2024-12-14 21:55:34.4437~DEBUG~extract completed~~RJStevensMusicPresentationCreator.Program~0000000886
2024-12-14 21:55:34.4437~DEBUG~<- ExtractAllFromFile(zipFileName = "C:\Users\cofc_\AppData\Local\Temp\tmpDC9F.tmp\rjsec178.ZIP", decompressedFolder = "C:\Users\cofc_\AppData\Local\Temp\tmpDDC9.tmp", message = "rjsec178")~~RJStevensMusicPresentationCreator.Program~0000000887
2024-12-14 21:55:34.5117~DEBUG~-> DownloadFile(url = "https://faas-nyc1-2ef2e6cc.doserverless.co/api/v1/web/fn-dd7f8f6a-d32a-4f5e-ae7b-870dfb7963f3/downloads/bundle?id=000000000000186", filename = "C:\Users\cofc_\AppData\Local\Temp\tmpDEF3.tmp\rjsec179.ZIP", message = "rjsec179")~~RJStevensMusicPresentationCreator.Program~0000000888
2024-12-14 21:55:34.8057~DEBUG~download completed~~RJStevensMusicPresentationCreator.Program~0000000889
2024-12-14 21:55:34.8057~DEBUG~<- DownloadFile(url = "https://faas-nyc1-2ef2e6cc.doserverless.co/api/v1/web/fn-dd7f8f6a-d32a-4f5e-ae7b-870dfb7963f3/downloads/bundle?id=000000000000186", filename = "C:\Users\cofc_\AppData\Local\Temp\tmpDEF3.tmp\rjsec179.ZIP", message = "rjsec179")~~RJStevensMusicPresentationCreator.Program~0000000890
2024-12-14 21:55:34.8267~DEBUG~-> ExtractAllFromFile(zipFileName = "C:\Users\cofc_\AppData\Local\Temp\tmpDEF3.tmp\rjsec179.ZIP", decompressedFolder = "C:\Users\cofc_\AppData\Local\Temp\tmpE02C.tmp", message = "rjsec179")~~RJStevensMusicPresentationCreator.Program~0000000891
2024-12-14 21:55:35.0828~DEBUG~extract completed~~RJStevensMusicPresentationCreator.Program~0000000892
2024-12-14 21:55:35.0828~DEBUG~<- ExtractAllFromFile(zipFileName = "C:\Users\cofc_\AppData\Local\Temp\tmpDEF3.tmp\rjsec179.ZIP", decompressedFolder = "C:\Users\cofc_\AppData\Local\Temp\tmpE02C.tmp", message = "rjsec179")~~RJStevensMusicPresentationCreator.Program~0000000893
2024-12-14 21:55:35.1578~DEBUG~-> DownloadFile(url = "https://faas-nyc1-2ef2e6cc.doserverless.co/api/v1/web/fn-dd7f8f6a-d32a-4f5e-ae7b-870dfb7963f3/downloads/bundle?id=000000000000187", filename = "C:\Users\cofc_\AppData\Local\Temp\tmpE185.tmp\rjsec180.ZIP", message = "rjsec180")~~RJStevensMusicPresentationCreator.Program~0000000894
2024-12-14 21:55:35.3708~DEBUG~download completed~~RJStevensMusicPresentationCreator.Program~0000000895
2024-12-14 21:55:35.3708~DEBUG~<- DownloadFile(url = "https://faas-nyc1-2ef2e6cc.doserverless.co/api/v1/web/fn-dd7f8f6a-d32a-4f5e-ae7b-870dfb7963f3/downloads/bundle?id=000000000000187", filename = "C:\Users\cofc_\AppData\Local\Temp\tmpE185.tmp\rjsec180.ZIP", message = "rjsec180")~~RJStevensMusicPresentationCreator.Program~0000000896
2024-12-14 21:55:35.3838~DEBUG~-> ExtractAllFromFile(zipFileName = "C:\Users\cofc_\AppData\Local\Temp\tmpE185.tmp\rjsec180.ZIP", decompressedFolder = "C:\Users\cofc_\AppData\Local\Temp\tmpE261.tmp", message = "rjsec180")~~RJStevensMusicPresentationCreator.Program~0000000897
2024-12-14 21:55:35.6788~DEBUG~extract completed~~RJStevensMusicPresentationCreator.Program~0000000898
2024-12-14 21:55:35.6788~DEBUG~<- ExtractAllFromFile(zipFileName = "C:\Users\cofc_\AppData\Local\Temp\tmpE185.tmp\rjsec180.ZIP", decompressedFolder = "C:\Users\cofc_\AppData\Local\Temp\tmpE261.tmp", message = "rjsec180")~~RJStevensMusicPresentationCreator.Program~0000000899
2024-12-14 21:55:35.7528~DEBUG~-> DownloadFile(url = "https://faas-nyc1-2ef2e6cc.doserverless.co/api/v1/web/fn-dd7f8f6a-d32a-4f5e-ae7b-870dfb7963f3/downloads/bundle?id=000000000000188", filename = "C:\Users\cofc_\AppData\Local\Temp\tmpE3D9.tmp\rjsec181.ZIP", message = "rjsec181")~~RJStevensMusicPresentationCreator.Program~0000000900
2024-12-14 21:55:35.9458~DEBUG~download completed~~RJStevensMusicPresentationCreator.Program~0000000901
2024-12-14 21:55:35.9458~DEBUG~<- DownloadFile(url = "https://faas-nyc1-2ef2e6cc.doserverless.co/api/v1/web/fn-dd7f8f6a-d32a-4f5e-ae7b-870dfb7963f3/downloads/bundle?id=000000000000188", filename = "C:\Users\cofc_\AppData\Local\Temp\tmpE3D9.tmp\rjsec181.ZIP", message = "rjsec181")~~RJStevensMusicPresentationCreator.Program~0000000902
2024-12-14 21:55:35.9578~DEBUG~-> ExtractAllFromFile(zipFileName = "C:\Users\cofc_\AppData\Local\Temp\tmpE3D9.tmp\rjsec181.ZIP", decompressedFolder = "C:\Users\cofc_\AppData\Local\Temp\tmpE4A5.tmp", message = "rjsec181")~~RJStevensMusicPresentationCreator.Program~0000000903
2024-12-14 21:55:36.1388~DEBUG~extract completed~~RJStevensMusicPresentationCreator.Program~0000000904
2024-12-14 21:55:36.1418~DEBUG~<- ExtractAllFromFile(zipFileName = "C:\Users\cofc_\AppData\Local\Temp\tmpE3D9.tmp\rjsec181.ZIP", decompressedFolder = "C:\Users\cofc_\AppData\Local\Temp\tmpE4A5.tmp", message = "rjsec181")~~RJStevensMusicPresentationCreator.Program~0000000905
2024-12-14 21:55:36.1978~DEBUG~-> DownloadFile(url = "https://faas-nyc1-2ef2e6cc.doserverless.co/api/v1/web/fn-dd7f8f6a-d32a-4f5e-ae7b-870dfb7963f3/downloads/bundle?id=000000000000190", filename = "C:\Users\cofc_\AppData\Local\Temp\tmpE590.tmp\rjsec183.ZIP", message = "rjsec183")~~RJStevensMusicPresentationCreator.Program~0000000906
2024-12-14 21:55:36.3989~DEBUG~download completed~~RJStevensMusicPresentationCreator.Program~0000000907
2024-12-14 21:55:36.3989~DEBUG~<- DownloadFile(url = "https://faas-nyc1-2ef2e6cc.doserverless.co/api/v1/web/fn-dd7f8f6a-d32a-4f5e-ae7b-870dfb7963f3/downloads/bundle?id=000000000000190", filename = "C:\Users\cofc_\AppData\Local\Temp\tmpE590.tmp\rjsec183.ZIP", message = "rjsec183")~~RJStevensMusicPresentationCreator.Program~0000000908
2024-12-14 21:55:36.4109~DEBUG~-> ExtractAllFromFile(zipFileName = "C:\Users\cofc_\AppData\Local\Temp\tmpE590.tmp\rjsec183.ZIP", decompressedFolder = "C:\Users\cofc_\AppData\Local\Temp\tmpE66C.tmp", message = "rjsec183")~~RJStevensMusicPresentationCreator.Program~0000000909
2024-12-14 21:55:36.5729~DEBUG~extract completed~~RJStevensMusicPresentationCreator.Program~0000000910
2024-12-14 21:55:36.5729~DEBUG~<- ExtractAllFromFile(zipFileName = "C:\Users\cofc_\AppData\Local\Temp\tmpE590.tmp\rjsec183.ZIP", decompressedFolder = "C:\Users\cofc_\AppData\Local\Temp\tmpE66C.tmp", message = "rjsec183")~~RJStevensMusicPresentationCreator.Program~0000000911
2024-12-14 21:55:36.6319~DEBUG~-> DownloadFile(url = "https://faas-nyc1-2ef2e6cc.doserverless.co/api/v1/web/fn-dd7f8f6a-d32a-4f5e-ae7b-870dfb7963f3/downloads/bundle?id=000000000000193", filename = "C:\Users\cofc_\AppData\Local\Temp\tmpE748.tmp\rjsec186.ZIP", message = "rjsec186")~~RJStevensMusicPresentationCreator.Program~0000000912
2024-12-14 21:55:36.8629~DEBUG~download completed~~RJStevensMusicPresentationCreator.Program~0000000913
2024-12-14 21:55:36.8629~DEBUG~<- DownloadFile(url = "https://faas-nyc1-2ef2e6cc.doserverless.co/api/v1/web/fn-dd7f8f6a-d32a-4f5e-ae7b-870dfb7963f3/downloads/bundle?id=000000000000193", filename = "C:\Users\cofc_\AppData\Local\Temp\tmpE748.tmp\rjsec186.ZIP", message = "rjsec186")~~RJStevensMusicPresentationCreator.Program~0000000914
2024-12-14 21:55:36.8769~DEBUG~-> ExtractAllFromFile(zipFileName = "C:\Users\cofc_\AppData\Local\Temp\tmpE748.tmp\rjsec186.ZIP", decompressedFolder = "C:\Users\cofc_\AppData\Local\Temp\tmpE843.tmp", message = "rjsec186")~~RJStevensMusicPresentationCreator.Program~0000000915
2024-12-14 21:55:37.1312~DEBUG~extract completed~~RJStevensMusicPresentationCreator.Program~0000000916
2024-12-14 21:55:37.1312~DEBUG~<- ExtractAllFromFile(zipFileName = "C:\Users\cofc_\AppData\Local\Temp\tmpE748.tmp\rjsec186.ZIP", decompressedFolder = "C:\Users\cofc_\AppData\Local\Temp\tmpE843.tmp", message = "rjsec186")~~RJStevensMusicPresentationCreator.Program~0000000917
2024-12-14 21:55:37.2032~DEBUG~-> DownloadFile(url = "https://faas-nyc1-2ef2e6cc.doserverless.co/api/v1/web/fn-dd7f8f6a-d32a-4f5e-ae7b-870dfb7963f3/downloads/bundle?id=000000000000195", filename = "C:\Users\cofc_\AppData\Local\Temp\tmpE97C.tmp\rjsec188.ZIP", message = "rjsec188")~~RJStevensMusicPresentationCreator.Program~0000000918
2024-12-14 21:55:37.4162~DEBUG~download completed~~RJStevensMusicPresentationCreator.Program~0000000919
2024-12-14 21:55:37.4162~DEBUG~<- DownloadFile(url = "https://faas-nyc1-2ef2e6cc.doserverless.co/api/v1/web/fn-dd7f8f6a-d32a-4f5e-ae7b-870dfb7963f3/downloads/bundle?id=000000000000195", filename = "C:\Users\cofc_\AppData\Local\Temp\tmpE97C.tmp\rjsec188.ZIP", message = "rjsec188")~~RJStevensMusicPresentationCreator.Program~0000000920
2024-12-14 21:55:37.4332~DEBUG~-> ExtractAllFromFile(zipFileName = "C:\Users\cofc_\AppData\Local\Temp\tmpE97C.tmp\rjsec188.ZIP", decompressedFolder = "C:\Users\cofc_\AppData\Local\Temp\tmpEA68.tmp", message = "rjsec188")~~RJStevensMusicPresentationCreator.Program~0000000921
2024-12-14 21:55:37.6593~DEBUG~extract completed~~RJStevensMusicPresentationCreator.Program~0000000922
2024-12-14 21:55:37.6593~DEBUG~<- ExtractAllFromFile(zipFileName = "C:\Users\cofc_\AppData\Local\Temp\tmpE97C.tmp\rjsec188.ZIP", decompressedFolder = "C:\Users\cofc_\AppData\Local\Temp\tmpEA68.tmp", message = "rjsec188")~~RJStevensMusicPresentationCreator.Program~0000000923
2024-12-14 21:55:37.7173~DEBUG~-> DownloadFile(url = "https://faas-nyc1-2ef2e6cc.doserverless.co/api/v1/web/fn-dd7f8f6a-d32a-4f5e-ae7b-870dfb7963f3/downloads/bundle?id=000000000000196", filename = "C:\Users\cofc_\AppData\Local\Temp\tmpEB82.tmp\rjsec189.ZIP", message = "rjsec189")~~RJStevensMusicPresentationCreator.Program~0000000924
2024-12-14 21:55:37.9683~DEBUG~download completed~~RJStevensMusicPresentationCreator.Program~0000000925
2024-12-14 21:55:37.9703~DEBUG~<- DownloadFile(url = "https://faas-nyc1-2ef2e6cc.doserverless.co/api/v1/web/fn-dd7f8f6a-d32a-4f5e-ae7b-870dfb7963f3/downloads/bundle?id=000000000000196", filename = "C:\Users\cofc_\AppData\Local\Temp\tmpEB82.tmp\rjsec189.ZIP", message = "rjsec189")~~RJStevensMusicPresentationCreator.Program~0000000926
2024-12-14 21:55:37.9933~DEBUG~-> ExtractAllFromFile(zipFileName = "C:\Users\cofc_\AppData\Local\Temp\tmpEB82.tmp\rjsec189.ZIP", decompressedFolder = "C:\Users\cofc_\AppData\Local\Temp\tmpEC9C.tmp", message = "rjsec189")~~RJStevensMusicPresentationCreator.Program~0000000927
2024-12-14 21:55:38.2266~DEBUG~extract completed~~RJStevensMusicPresentationCreator.Program~0000000928
2024-12-14 21:55:38.2266~DEBUG~<- ExtractAllFromFile(zipFileName = "C:\Users\cofc_\AppData\Local\Temp\tmpEB82.tmp\rjsec189.ZIP", decompressedFolder = "C:\Users\cofc_\AppData\Local\Temp\tmpEC9C.tmp", message = "rjsec189")~~RJStevensMusicPresentationCreator.Program~0000000929
2024-12-14 21:55:38.2856~DEBUG~-> DownloadFile(url = "https://faas-nyc1-2ef2e6cc.doserverless.co/api/v1/web/fn-dd7f8f6a-d32a-4f5e-ae7b-870dfb7963f3/downloads/bundle?id=000000000000197", filename = "C:\Users\cofc_\AppData\Local\Temp\tmpEDC6.tmp\rjsec190.ZIP", message = "rjsec190")~~RJStevensMusicPresentationCreator.Program~0000000930
2024-12-14 21:55:38.5386~DEBUG~download completed~~RJStevensMusicPresentationCreator.Program~0000000931
2024-12-14 21:55:38.5386~DEBUG~<- DownloadFile(url = "https://faas-nyc1-2ef2e6cc.doserverless.co/api/v1/web/fn-dd7f8f6a-d32a-4f5e-ae7b-870dfb7963f3/downloads/bundle?id=000000000000197", filename = "C:\Users\cofc_\AppData\Local\Temp\tmpEDC6.tmp\rjsec190.ZIP", message = "rjsec190")~~RJStevensMusicPresentationCreator.Program~0000000932
2024-12-14 21:55:38.5556~DEBUG~-> ExtractAllFromFile(zipFileName = "C:\Users\cofc_\AppData\Local\Temp\tmpEDC6.tmp\rjsec190.ZIP", decompressedFolder = "C:\Users\cofc_\AppData\Local\Temp\tmpEED1.tmp", message = "rjsec190")~~RJStevensMusicPresentationCreator.Program~0000000933
2024-12-14 21:55:38.8126~DEBUG~extract completed~~RJStevensMusicPresentationCreator.Program~0000000934
2024-12-14 21:55:38.8197~DEBUG~<- ExtractAllFromFile(zipFileName = "C:\Users\cofc_\AppData\Local\Temp\tmpEDC6.tmp\rjsec190.ZIP", decompressedFolder = "C:\Users\cofc_\AppData\Local\Temp\tmpEED1.tmp", message = "rjsec190")~~RJStevensMusicPresentationCreator.Program~0000000935
2024-12-14 21:55:38.8877~DEBUG~-> DownloadFile(url = "https://faas-nyc1-2ef2e6cc.doserverless.co/api/v1/web/fn-dd7f8f6a-d32a-4f5e-ae7b-870dfb7963f3/downloads/bundle?id=000000000000198", filename = "C:\Users\cofc_\AppData\Local\Temp\tmpF01A.tmp\rjsec191.ZIP", message = "rjsec191")~~RJStevensMusicPresentationCreator.Program~0000000936
2024-12-14 21:55:39.0927~DEBUG~download completed~~RJStevensMusicPresentationCreator.Program~0000000937
2024-12-14 21:55:39.0927~DEBUG~<- DownloadFile(url = "https://faas-nyc1-2ef2e6cc.doserverless.co/api/v1/web/fn-dd7f8f6a-d32a-4f5e-ae7b-870dfb7963f3/downloads/bundle?id=000000000000198", filename = "C:\Users\cofc_\AppData\Local\Temp\tmpF01A.tmp\rjsec191.ZIP", message = "rjsec191")~~RJStevensMusicPresentationCreator.Program~0000000938
2024-12-14 21:55:39.1087~DEBUG~-> ExtractAllFromFile(zipFileName = "C:\Users\cofc_\AppData\Local\Temp\tmpF01A.tmp\rjsec191.ZIP", decompressedFolder = "C:\Users\cofc_\AppData\Local\Temp\tmpF0F6.tmp", message = "rjsec191")~~RJStevensMusicPresentationCreator.Program~0000000939
2024-12-14 21:55:39.3557~DEBUG~extract completed~~RJStevensMusicPresentationCreator.Program~0000000940
2024-12-14 21:55:39.3557~DEBUG~<- ExtractAllFromFile(zipFileName = "C:\Users\cofc_\AppData\Local\Temp\tmpF01A.tmp\rjsec191.ZIP", decompressedFolder = "C:\Users\cofc_\AppData\Local\Temp\tmpF0F6.tmp", message = "rjsec191")~~RJStevensMusicPresentationCreator.Program~0000000941
2024-12-14 21:55:39.4277~DEBUG~-> DownloadFile(url = "https://faas-nyc1-2ef2e6cc.doserverless.co/api/v1/web/fn-dd7f8f6a-d32a-4f5e-ae7b-870dfb7963f3/downloads/bundle?id=000000000000200", filename = "C:\Users\cofc_\AppData\Local\Temp\tmpF23F.tmp\rjsec193.ZIP", message = "rjsec193")~~RJStevensMusicPresentationCreator.Program~0000000942
2024-12-14 21:55:39.6227~DEBUG~download completed~~RJStevensMusicPresentationCreator.Program~0000000943
2024-12-14 21:55:39.6227~DEBUG~<- DownloadFile(url = "https://faas-nyc1-2ef2e6cc.doserverless.co/api/v1/web/fn-dd7f8f6a-d32a-4f5e-ae7b-870dfb7963f3/downloads/bundle?id=000000000000200", filename = "C:\Users\cofc_\AppData\Local\Temp\tmpF23F.tmp\rjsec193.ZIP", message = "rjsec193")~~RJStevensMusicPresentationCreator.Program~0000000944
2024-12-14 21:55:39.6407~DEBUG~-> ExtractAllFromFile(zipFileName = "C:\Users\cofc_\AppData\Local\Temp\tmpF23F.tmp\rjsec193.ZIP", decompressedFolder = "C:\Users\cofc_\AppData\Local\Temp\tmpF30B.tmp", message = "rjsec193")~~RJStevensMusicPresentationCreator.Program~0000000945
2024-12-14 21:55:39.8527~DEBUG~extract completed~~RJStevensMusicPresentationCreator.Program~0000000946
2024-12-14 21:55:39.8527~DEBUG~<- ExtractAllFromFile(zipFileName = "C:\Users\cofc_\AppData\Local\Temp\tmpF23F.tmp\rjsec193.ZIP", decompressedFolder = "C:\Users\cofc_\AppData\Local\Temp\tmpF30B.tmp", message = "rjsec193")~~RJStevensMusicPresentationCreator.Program~0000000947
2024-12-14 21:55:39.9137~DEBUG~-> DownloadFile(url = "https://faas-nyc1-2ef2e6cc.doserverless.co/api/v1/web/fn-dd7f8f6a-d32a-4f5e-ae7b-870dfb7963f3/downloads/bundle?id=000000000000201", filename = "C:\Users\cofc_\AppData\Local\Temp\tmpF425.tmp\rjsec194.ZIP", message = "rjsec194")~~RJStevensMusicPresentationCreator.Program~0000000948
2024-12-14 21:55:40.1367~DEBUG~download completed~~RJStevensMusicPresentationCreator.Program~0000000949
2024-12-14 21:55:40.1367~DEBUG~<- DownloadFile(url = "https://faas-nyc1-2ef2e6cc.doserverless.co/api/v1/web/fn-dd7f8f6a-d32a-4f5e-ae7b-870dfb7963f3/downloads/bundle?id=000000000000201", filename = "C:\Users\cofc_\AppData\Local\Temp\tmpF425.tmp\rjsec194.ZIP", message = "rjsec194")~~RJStevensMusicPresentationCreator.Program~0000000950
2024-12-14 21:55:40.1518~DEBUG~-> ExtractAllFromFile(zipFileName = "C:\Users\cofc_\AppData\Local\Temp\tmpF425.tmp\rjsec194.ZIP", decompressedFolder = "C:\Users\cofc_\AppData\Local\Temp\tmpF510.tmp", message = "rjsec194")~~RJStevensMusicPresentationCreator.Program~0000000951
2024-12-14 21:55:40.4028~DEBUG~extract completed~~RJStevensMusicPresentationCreator.Program~0000000952
2024-12-14 21:55:40.4028~DEBUG~<- ExtractAllFromFile(zipFileName = "C:\Users\cofc_\AppData\Local\Temp\tmpF425.tmp\rjsec194.ZIP", decompressedFolder = "C:\Users\cofc_\AppData\Local\Temp\tmpF510.tmp", message = "rjsec194")~~RJStevensMusicPresentationCreator.Program~0000000953
2024-12-14 21:55:40.4698~DEBUG~-> DownloadFile(url = "https://faas-nyc1-2ef2e6cc.doserverless.co/api/v1/web/fn-dd7f8f6a-d32a-4f5e-ae7b-870dfb7963f3/downloads/bundle?id=000000000000203", filename = "C:\Users\cofc_\AppData\Local\Temp\tmpF64A.tmp\rjsec196.ZIP", message = "rjsec196")~~RJStevensMusicPresentationCreator.Program~0000000954
2024-12-14 21:55:40.6988~DEBUG~download completed~~RJStevensMusicPresentationCreator.Program~0000000955
2024-12-14 21:55:40.6988~DEBUG~<- DownloadFile(url = "https://faas-nyc1-2ef2e6cc.doserverless.co/api/v1/web/fn-dd7f8f6a-d32a-4f5e-ae7b-870dfb7963f3/downloads/bundle?id=000000000000203", filename = "C:\Users\cofc_\AppData\Local\Temp\tmpF64A.tmp\rjsec196.ZIP", message = "rjsec196")~~RJStevensMusicPresentationCreator.Program~0000000956
2024-12-14 21:55:40.7188~DEBUG~-> ExtractAllFromFile(zipFileName = "C:\Users\cofc_\AppData\Local\Temp\tmpF64A.tmp\rjsec196.ZIP", decompressedFolder = "C:\Users\cofc_\AppData\Local\Temp\tmpF745.tmp", message = "rjsec196")~~RJStevensMusicPresentationCreator.Program~0000000957
2024-12-14 21:55:40.9478~DEBUG~extract completed~~RJStevensMusicPresentationCreator.Program~0000000958
2024-12-14 21:55:40.9478~DEBUG~<- ExtractAllFromFile(zipFileName = "C:\Users\cofc_\AppData\Local\Temp\tmpF64A.tmp\rjsec196.ZIP", decompressedFolder = "C:\Users\cofc_\AppData\Local\Temp\tmpF745.tmp", message = "rjsec196")~~RJStevensMusicPresentationCreator.Program~0000000959
2024-12-14 21:55:41.0118~DEBUG~-> DownloadFile(url = "https://faas-nyc1-2ef2e6cc.doserverless.co/api/v1/web/fn-dd7f8f6a-d32a-4f5e-ae7b-870dfb7963f3/downloads/bundle?id=000000000000204", filename = "C:\Users\cofc_\AppData\Local\Temp\tmpF86F.tmp\rjsec197.ZIP", message = "rjsec197")~~RJStevensMusicPresentationCreator.Program~0000000960
2024-12-14 21:55:41.2478~DEBUG~download completed~~RJStevensMusicPresentationCreator.Program~0000000961
2024-12-14 21:55:41.2478~DEBUG~<- DownloadFile(url = "https://faas-nyc1-2ef2e6cc.doserverless.co/api/v1/web/fn-dd7f8f6a-d32a-4f5e-ae7b-870dfb7963f3/downloads/bundle?id=000000000000204", filename = "C:\Users\cofc_\AppData\Local\Temp\tmpF86F.tmp\rjsec197.ZIP", message = "rjsec197")~~RJStevensMusicPresentationCreator.Program~0000000962
2024-12-14 21:55:41.2648~DEBUG~-> ExtractAllFromFile(zipFileName = "C:\Users\cofc_\AppData\Local\Temp\tmpF86F.tmp\rjsec197.ZIP", decompressedFolder = "C:\Users\cofc_\AppData\Local\Temp\tmpF96A.tmp", message = "rjsec197")~~RJStevensMusicPresentationCreator.Program~0000000963
2024-12-14 21:55:41.4848~DEBUG~extract completed~~RJStevensMusicPresentationCreator.Program~0000000964
2024-12-14 21:55:41.4848~DEBUG~<- ExtractAllFromFile(zipFileName = "C:\Users\cofc_\AppData\Local\Temp\tmpF86F.tmp\rjsec197.ZIP", decompressedFolder = "C:\Users\cofc_\AppData\Local\Temp\tmpF96A.tmp", message = "rjsec197")~~RJStevensMusicPresentationCreator.Program~0000000965
2024-12-14 21:55:41.5479~DEBUG~-> DownloadFile(url = "https://faas-nyc1-2ef2e6cc.doserverless.co/api/v1/web/fn-dd7f8f6a-d32a-4f5e-ae7b-870dfb7963f3/downloads/bundle?id=000000000000207", filename = "C:\Users\cofc_\AppData\Local\Temp\tmpFA84.tmp\rjsec200.ZIP", message = "rjsec200")~~RJStevensMusicPresentationCreator.Program~0000000966
2024-12-14 21:55:41.7819~DEBUG~download completed~~RJStevensMusicPresentationCreator.Program~0000000967
2024-12-14 21:55:41.7819~DEBUG~<- DownloadFile(url = "https://faas-nyc1-2ef2e6cc.doserverless.co/api/v1/web/fn-dd7f8f6a-d32a-4f5e-ae7b-870dfb7963f3/downloads/bundle?id=000000000000207", filename = "C:\Users\cofc_\AppData\Local\Temp\tmpFA84.tmp\rjsec200.ZIP", message = "rjsec200")~~RJStevensMusicPresentationCreator.Program~0000000968
2024-12-14 21:55:41.7819~DEBUG~-> ExtractAllFromFile(zipFileName = "C:\Users\cofc_\AppData\Local\Temp\tmpFA84.tmp\rjsec200.ZIP", decompressedFolder = "C:\Users\cofc_\AppData\Local\Temp\tmpFB7F.tmp", message = "rjsec200")~~RJStevensMusicPresentationCreator.Program~0000000969
2024-12-14 21:55:42.0619~DEBUG~extract completed~~RJStevensMusicPresentationCreator.Program~0000000970
2024-12-14 21:55:42.0649~DEBUG~<- ExtractAllFromFile(zipFileName = "C:\Users\cofc_\AppData\Local\Temp\tmpFA84.tmp\rjsec200.ZIP", decompressedFolder = "C:\Users\cofc_\AppData\Local\Temp\tmpFB7F.tmp", message = "rjsec200")~~RJStevensMusicPresentationCreator.Program~0000000971
2024-12-14 21:55:42.1379~DEBUG~-> DownloadFile(url = "https://faas-nyc1-2ef2e6cc.doserverless.co/api/v1/web/fn-dd7f8f6a-d32a-4f5e-ae7b-870dfb7963f3/downloads/bundle?id=000000000000208", filename = "C:\Users\cofc_\AppData\Local\Temp\tmpFCD8.tmp\rjsec201.ZIP", message = "rjsec201")~~RJStevensMusicPresentationCreator.Program~0000000972
2024-12-14 21:55:42.3829~DEBUG~download completed~~RJStevensMusicPresentationCreator.Program~0000000973
2024-12-14 21:55:42.3829~DEBUG~<- DownloadFile(url = "https://faas-nyc1-2ef2e6cc.doserverless.co/api/v1/web/fn-dd7f8f6a-d32a-4f5e-ae7b-870dfb7963f3/downloads/bundle?id=000000000000208", filename = "C:\Users\cofc_\AppData\Local\Temp\tmpFCD8.tmp\rjsec201.ZIP", message = "rjsec201")~~RJStevensMusicPresentationCreator.Program~0000000974
2024-12-14 21:55:42.4019~DEBUG~-> ExtractAllFromFile(zipFileName = "C:\Users\cofc_\AppData\Local\Temp\tmpFCD8.tmp\rjsec201.ZIP", decompressedFolder = "C:\Users\cofc_\AppData\Local\Temp\tmpFDE2.tmp", message = "rjsec201")~~RJStevensMusicPresentationCreator.Program~0000000975
2024-12-14 21:55:42.5889~DEBUG~extract completed~~RJStevensMusicPresentationCreator.Program~0000000976
2024-12-14 21:55:42.5889~DEBUG~<- ExtractAllFromFile(zipFileName = "C:\Users\cofc_\AppData\Local\Temp\tmpFCD8.tmp\rjsec201.ZIP", decompressedFolder = "C:\Users\cofc_\AppData\Local\Temp\tmpFDE2.tmp", message = "rjsec201")~~RJStevensMusicPresentationCreator.Program~0000000977
2024-12-14 21:55:42.6459~DEBUG~-> DownloadFile(url = "https://faas-nyc1-2ef2e6cc.doserverless.co/api/v1/web/fn-dd7f8f6a-d32a-4f5e-ae7b-870dfb7963f3/downloads/bundle?id=000000000000209", filename = "C:\Users\cofc_\AppData\Local\Temp\tmpFEDD.tmp\rjsec202.ZIP", message = "rjsec202")~~RJStevensMusicPresentationCreator.Program~0000000978
2024-12-14 21:55:42.8579~DEBUG~download completed~~RJStevensMusicPresentationCreator.Program~0000000979
2024-12-14 21:55:42.8579~DEBUG~<- DownloadFile(url = "https://faas-nyc1-2ef2e6cc.doserverless.co/api/v1/web/fn-dd7f8f6a-d32a-4f5e-ae7b-870dfb7963f3/downloads/bundle?id=000000000000209", filename = "C:\Users\cofc_\AppData\Local\Temp\tmpFEDD.tmp\rjsec202.ZIP", message = "rjsec202")~~RJStevensMusicPresentationCreator.Program~0000000980
2024-12-14 21:55:42.8730~DEBUG~-> ExtractAllFromFile(zipFileName = "C:\Users\cofc_\AppData\Local\Temp\tmpFEDD.tmp\rjsec202.ZIP", decompressedFolder = "C:\Users\cofc_\AppData\Local\Temp\tmpFFB9.tmp", message = "rjsec202")~~RJStevensMusicPresentationCreator.Program~0000000981
2024-12-14 21:55:43.0870~DEBUG~extract completed~~RJStevensMusicPresentationCreator.Program~0000000982
2024-12-14 21:55:43.0870~DEBUG~<- ExtractAllFromFile(zipFileName = "C:\Users\cofc_\AppData\Local\Temp\tmpFEDD.tmp\rjsec202.ZIP", decompressedFolder = "C:\Users\cofc_\AppData\Local\Temp\tmpFFB9.tmp", message = "rjsec202")~~RJStevensMusicPresentationCreator.Program~0000000983
2024-12-14 21:55:43.1600~DEBUG~-> DownloadFile(url = "https://faas-nyc1-2ef2e6cc.doserverless.co/api/v1/web/fn-dd7f8f6a-d32a-4f5e-ae7b-870dfb7963f3/downloads/bundle?id=000000000000210", filename = "C:\Users\cofc_\AppData\Local\Temp\tmpE3.tmp\rjsec203.ZIP", message = "rjsec203")~~RJStevensMusicPresentationCreator.Program~0000000984
2024-12-14 21:55:43.3980~DEBUG~download completed~~RJStevensMusicPresentationCreator.Program~0000000985
2024-12-14 21:55:43.3980~DEBUG~<- DownloadFile(url = "https://faas-nyc1-2ef2e6cc.doserverless.co/api/v1/web/fn-dd7f8f6a-d32a-4f5e-ae7b-870dfb7963f3/downloads/bundle?id=000000000000210", filename = "C:\Users\cofc_\AppData\Local\Temp\tmpE3.tmp\rjsec203.ZIP", message = "rjsec203")~~RJStevensMusicPresentationCreator.Program~0000000986
2024-12-14 21:55:43.4120~DEBUG~-> ExtractAllFromFile(zipFileName = "C:\Users\cofc_\AppData\Local\Temp\tmpE3.tmp\rjsec203.ZIP", decompressedFolder = "C:\Users\cofc_\AppData\Local\Temp\tmp1DE.tmp", message = "rjsec203")~~RJStevensMusicPresentationCreator.Program~0000000987
2024-12-14 21:55:43.6260~DEBUG~extract completed~~RJStevensMusicPresentationCreator.Program~0000000988
2024-12-14 21:55:43.6260~DEBUG~<- ExtractAllFromFile(zipFileName = "C:\Users\cofc_\AppData\Local\Temp\tmpE3.tmp\rjsec203.ZIP", decompressedFolder = "C:\Users\cofc_\AppData\Local\Temp\tmp1DE.tmp", message = "rjsec203")~~RJStevensMusicPresentationCreator.Program~0000000989
2024-12-14 21:55:43.6920~DEBUG~-> DownloadFile(url = "https://faas-nyc1-2ef2e6cc.doserverless.co/api/v1/web/fn-dd7f8f6a-d32a-4f5e-ae7b-870dfb7963f3/downloads/bundle?id=000000000000211", filename = "C:\Users\cofc_\AppData\Local\Temp\tmp2F8.tmp\rjsec204.ZIP", message = "rjsec204")~~RJStevensMusicPresentationCreator.Program~0000000990
2024-12-14 21:55:43.8890~DEBUG~download completed~~RJStevensMusicPresentationCreator.Program~0000000991
2024-12-14 21:55:43.8910~DEBUG~<- DownloadFile(url = "https://faas-nyc1-2ef2e6cc.doserverless.co/api/v1/web/fn-dd7f8f6a-d32a-4f5e-ae7b-870dfb7963f3/downloads/bundle?id=000000000000211", filename = "C:\Users\cofc_\AppData\Local\Temp\tmp2F8.tmp\rjsec204.ZIP", message = "rjsec204")~~RJStevensMusicPresentationCreator.Program~0000000992
2024-12-14 21:55:43.9070~DEBUG~-> ExtractAllFromFile(zipFileName = "C:\Users\cofc_\AppData\Local\Temp\tmp2F8.tmp\rjsec204.ZIP", decompressedFolder = "C:\Users\cofc_\AppData\Local\Temp\tmp3C4.tmp", message = "rjsec204")~~RJStevensMusicPresentationCreator.Program~0000000993
2024-12-14 21:55:44.2030~DEBUG~extract completed~~RJStevensMusicPresentationCreator.Program~0000000994
2024-12-14 21:55:44.2060~DEBUG~<- ExtractAllFromFile(zipFileName = "C:\Users\cofc_\AppData\Local\Temp\tmp2F8.tmp\rjsec204.ZIP", decompressedFolder = "C:\Users\cofc_\AppData\Local\Temp\tmp3C4.tmp", message = "rjsec204")~~RJStevensMusicPresentationCreator.Program~0000000995
2024-12-14 21:55:44.2821~DEBUG~-> DownloadFile(url = "https://faas-nyc1-2ef2e6cc.doserverless.co/api/v1/web/fn-dd7f8f6a-d32a-4f5e-ae7b-870dfb7963f3/downloads/bundle?id=000000000000212", filename = "C:\Users\cofc_\AppData\Local\Temp\tmp53C.tmp\rjsec205.ZIP", message = "rjsec205")~~RJStevensMusicPresentationCreator.Program~0000000996
2024-12-14 21:55:44.5151~DEBUG~download completed~~RJStevensMusicPresentationCreator.Program~0000000997
2024-12-14 21:55:44.5162~DEBUG~<- DownloadFile(url = "https://faas-nyc1-2ef2e6cc.doserverless.co/api/v1/web/fn-dd7f8f6a-d32a-4f5e-ae7b-870dfb7963f3/downloads/bundle?id=000000000000212", filename = "C:\Users\cofc_\AppData\Local\Temp\tmp53C.tmp\rjsec205.ZIP", message = "rjsec205")~~RJStevensMusicPresentationCreator.Program~0000000998
2024-12-14 21:55:44.5331~DEBUG~-> ExtractAllFromFile(zipFileName = "C:\Users\cofc_\AppData\Local\Temp\tmp53C.tmp\rjsec205.ZIP", decompressedFolder = "C:\Users\cofc_\AppData\Local\Temp\tmp647.tmp", message = "rjsec205")~~RJStevensMusicPresentationCreator.Program~0000000999
2024-12-14 21:55:44.7771~DEBUG~extract completed~~RJStevensMusicPresentationCreator.Program~0000001000
2024-12-14 21:55:44.7771~DEBUG~<- ExtractAllFromFile(zipFileName = "C:\Users\cofc_\AppData\Local\Temp\tmp53C.tmp\rjsec205.ZIP", decompressedFolder = "C:\Users\cofc_\AppData\Local\Temp\tmp647.tmp", message = "rjsec205")~~RJStevensMusicPresentationCreator.Program~0000001001
2024-12-14 21:55:44.8421~DEBUG~-> DownloadFile(url = "https://faas-nyc1-2ef2e6cc.doserverless.co/api/v1/web/fn-dd7f8f6a-d32a-4f5e-ae7b-870dfb7963f3/downloads/bundle?id=000000000000213", filename = "C:\Users\cofc_\AppData\Local\Temp\tmp771.tmp\rjsec206.ZIP", message = "rjsec206")~~RJStevensMusicPresentationCreator.Program~0000001002
2024-12-14 21:55:45.0891~DEBUG~download completed~~RJStevensMusicPresentationCreator.Program~0000001003
2024-12-14 21:55:45.0891~DEBUG~<- DownloadFile(url = "https://faas-nyc1-2ef2e6cc.doserverless.co/api/v1/web/fn-dd7f8f6a-d32a-4f5e-ae7b-870dfb7963f3/downloads/bundle?id=000000000000213", filename = "C:\Users\cofc_\AppData\Local\Temp\tmp771.tmp\rjsec206.ZIP", message = "rjsec206")~~RJStevensMusicPresentationCreator.Program~0000001004
2024-12-14 21:55:45.1041~DEBUG~-> ExtractAllFromFile(zipFileName = "C:\Users\cofc_\AppData\Local\Temp\tmp771.tmp\rjsec206.ZIP", decompressedFolder = "C:\Users\cofc_\AppData\Local\Temp\tmp87C.tmp", message = "rjsec206")~~RJStevensMusicPresentationCreator.Program~0000001005
2024-12-14 21:55:45.3801~DEBUG~extract completed~~RJStevensMusicPresentationCreator.Program~0000001006
2024-12-14 21:55:45.3801~DEBUG~<- ExtractAllFromFile(zipFileName = "C:\Users\cofc_\AppData\Local\Temp\tmp771.tmp\rjsec206.ZIP", decompressedFolder = "C:\Users\cofc_\AppData\Local\Temp\tmp87C.tmp", message = "rjsec206")~~RJStevensMusicPresentationCreator.Program~0000001007
2024-12-14 21:55:45.4441~DEBUG~-> DownloadFile(url = "https://faas-nyc1-2ef2e6cc.doserverless.co/api/v1/web/fn-dd7f8f6a-d32a-4f5e-ae7b-870dfb7963f3/downloads/bundle?id=000000000000214", filename = "C:\Users\cofc_\AppData\Local\Temp\tmp9D4.tmp\rjsec207.ZIP", message = "rjsec207")~~RJStevensMusicPresentationCreator.Program~0000001008
2024-12-14 21:55:45.6672~DEBUG~download completed~~RJStevensMusicPresentationCreator.Program~0000001009
2024-12-14 21:55:45.6672~DEBUG~<- DownloadFile(url = "https://faas-nyc1-2ef2e6cc.doserverless.co/api/v1/web/fn-dd7f8f6a-d32a-4f5e-ae7b-870dfb7963f3/downloads/bundle?id=000000000000214", filename = "C:\Users\cofc_\AppData\Local\Temp\tmp9D4.tmp\rjsec207.ZIP", message = "rjsec207")~~RJStevensMusicPresentationCreator.Program~0000001010
2024-12-14 21:55:45.6882~DEBUG~-> ExtractAllFromFile(zipFileName = "C:\Users\cofc_\AppData\Local\Temp\tmp9D4.tmp\rjsec207.ZIP", decompressedFolder = "C:\Users\cofc_\AppData\Local\Temp\tmpAC0.tmp", message = "rjsec207")~~RJStevensMusicPresentationCreator.Program~0000001011
2024-12-14 21:55:45.8632~DEBUG~extract completed~~RJStevensMusicPresentationCreator.Program~0000001012
2024-12-14 21:55:45.8632~DEBUG~<- ExtractAllFromFile(zipFileName = "C:\Users\cofc_\AppData\Local\Temp\tmp9D4.tmp\rjsec207.ZIP", decompressedFolder = "C:\Users\cofc_\AppData\Local\Temp\tmpAC0.tmp", message = "rjsec207")~~RJStevensMusicPresentationCreator.Program~0000001013
2024-12-14 21:55:45.9202~DEBUG~-> DownloadFile(url = "https://faas-nyc1-2ef2e6cc.doserverless.co/api/v1/web/fn-dd7f8f6a-d32a-4f5e-ae7b-870dfb7963f3/downloads/bundle?id=000000000000215", filename = "C:\Users\cofc_\AppData\Local\Temp\tmpBAB.tmp\rjsec208.ZIP", message = "rjsec208")~~RJStevensMusicPresentationCreator.Program~0000001014
2024-12-14 21:55:46.3532~DEBUG~download completed~~RJStevensMusicPresentationCreator.Program~0000001015
2024-12-14 21:55:46.3532~DEBUG~<- DownloadFile(url = "https://faas-nyc1-2ef2e6cc.doserverless.co/api/v1/web/fn-dd7f8f6a-d32a-4f5e-ae7b-870dfb7963f3/downloads/bundle?id=000000000000215", filename = "C:\Users\cofc_\AppData\Local\Temp\tmpBAB.tmp\rjsec208.ZIP", message = "rjsec208")~~RJStevensMusicPresentationCreator.Program~0000001016
2024-12-14 21:55:46.3702~DEBUG~-> ExtractAllFromFile(zipFileName = "C:\Users\cofc_\AppData\Local\Temp\tmpBAB.tmp\rjsec208.ZIP", decompressedFolder = "C:\Users\cofc_\AppData\Local\Temp\tmpD71.tmp", message = "rjsec208")~~RJStevensMusicPresentationCreator.Program~0000001017
2024-12-14 21:55:46.6242~DEBUG~extract completed~~RJStevensMusicPresentationCreator.Program~0000001018
2024-12-14 21:55:46.6272~DEBUG~<- ExtractAllFromFile(zipFileName = "C:\Users\cofc_\AppData\Local\Temp\tmpBAB.tmp\rjsec208.ZIP", decompressedFolder = "C:\Users\cofc_\AppData\Local\Temp\tmpD71.tmp", message = "rjsec208")~~RJStevensMusicPresentationCreator.Program~0000001019
2024-12-14 21:55:46.6902~DEBUG~-> DownloadFile(url = "https://faas-nyc1-2ef2e6cc.doserverless.co/api/v1/web/fn-dd7f8f6a-d32a-4f5e-ae7b-870dfb7963f3/downloads/bundle?id=000000000000216", filename = "C:\Users\cofc_\AppData\Local\Temp\tmpEBA.tmp\rjsec209.ZIP", message = "rjsec209")~~RJStevensMusicPresentationCreator.Program~0000001020
2024-12-14 21:55:46.9023~DEBUG~download completed~~RJStevensMusicPresentationCreator.Program~0000001021
2024-12-14 21:55:46.9023~DEBUG~<- DownloadFile(url = "https://faas-nyc1-2ef2e6cc.doserverless.co/api/v1/web/fn-dd7f8f6a-d32a-4f5e-ae7b-870dfb7963f3/downloads/bundle?id=000000000000216", filename = "C:\Users\cofc_\AppData\Local\Temp\tmpEBA.tmp\rjsec209.ZIP", message = "rjsec209")~~RJStevensMusicPresentationCreator.Program~0000001022
2024-12-14 21:55:46.9133~DEBUG~-> ExtractAllFromFile(zipFileName = "C:\Users\cofc_\AppData\Local\Temp\tmpEBA.tmp\rjsec209.ZIP", decompressedFolder = "C:\Users\cofc_\AppData\Local\Temp\tmpF96.tmp", message = "rjsec209")~~RJStevensMusicPresentationCreator.Program~0000001023
2024-12-14 21:55:47.1133~DEBUG~extract completed~~RJStevensMusicPresentationCreator.Program~0000001024
2024-12-14 21:55:47.1133~DEBUG~<- ExtractAllFromFile(zipFileName = "C:\Users\cofc_\AppData\Local\Temp\tmpEBA.tmp\rjsec209.ZIP", decompressedFolder = "C:\Users\cofc_\AppData\Local\Temp\tmpF96.tmp", message = "rjsec209")~~RJStevensMusicPresentationCreator.Program~0000001025
2024-12-14 21:55:47.1813~DEBUG~-> DownloadFile(url = "https://faas-nyc1-2ef2e6cc.doserverless.co/api/v1/web/fn-dd7f8f6a-d32a-4f5e-ae7b-870dfb7963f3/downloads/bundle?id=000000000000217", filename = "C:\Users\cofc_\AppData\Local\Temp\tmp10A1.tmp\rjsec210.ZIP", message = "rjsec210")~~RJStevensMusicPresentationCreator.Program~0000001026
2024-12-14 21:55:47.4203~DEBUG~download completed~~RJStevensMusicPresentationCreator.Program~0000001027
2024-12-14 21:55:47.4203~DEBUG~<- DownloadFile(url = "https://faas-nyc1-2ef2e6cc.doserverless.co/api/v1/web/fn-dd7f8f6a-d32a-4f5e-ae7b-870dfb7963f3/downloads/bundle?id=000000000000217", filename = "C:\Users\cofc_\AppData\Local\Temp\tmp10A1.tmp\rjsec210.ZIP", message = "rjsec210")~~RJStevensMusicPresentationCreator.Program~0000001028
2024-12-14 21:55:47.4353~DEBUG~-> ExtractAllFromFile(zipFileName = "C:\Users\cofc_\AppData\Local\Temp\tmp10A1.tmp\rjsec210.ZIP", decompressedFolder = "C:\Users\cofc_\AppData\Local\Temp\tmp119C.tmp", message = "rjsec210")~~RJStevensMusicPresentationCreator.Program~0000001029
2024-12-14 21:55:47.7413~DEBUG~extract completed~~RJStevensMusicPresentationCreator.Program~0000001030
2024-12-14 21:55:47.7413~DEBUG~<- ExtractAllFromFile(zipFileName = "C:\Users\cofc_\AppData\Local\Temp\tmp10A1.tmp\rjsec210.ZIP", decompressedFolder = "C:\Users\cofc_\AppData\Local\Temp\tmp119C.tmp", message = "rjsec210")~~RJStevensMusicPresentationCreator.Program~0000001031
2024-12-14 21:55:47.8113~DEBUG~-> DownloadFile(url = "https://faas-nyc1-2ef2e6cc.doserverless.co/api/v1/web/fn-dd7f8f6a-d32a-4f5e-ae7b-870dfb7963f3/downloads/bundle?id=000000000000218", filename = "C:\Users\cofc_\AppData\Local\Temp\tmp1314.tmp\rjsec211.ZIP", message = "rjsec211")~~RJStevensMusicPresentationCreator.Program~0000001032
2024-12-14 21:55:48.0113~DEBUG~download completed~~RJStevensMusicPresentationCreator.Program~0000001033
2024-12-14 21:55:48.0113~DEBUG~<- DownloadFile(url = "https://faas-nyc1-2ef2e6cc.doserverless.co/api/v1/web/fn-dd7f8f6a-d32a-4f5e-ae7b-870dfb7963f3/downloads/bundle?id=000000000000218", filename = "C:\Users\cofc_\AppData\Local\Temp\tmp1314.tmp\rjsec211.ZIP", message = "rjsec211")~~RJStevensMusicPresentationCreator.Program~0000001034
2024-12-14 21:55:48.0293~DEBUG~-> ExtractAllFromFile(zipFileName = "C:\Users\cofc_\AppData\Local\Temp\tmp1314.tmp\rjsec211.ZIP", decompressedFolder = "C:\Users\cofc_\AppData\Local\Temp\tmp13EF.tmp", message = "rjsec211")~~RJStevensMusicPresentationCreator.Program~0000001035
2024-12-14 21:55:48.2333~DEBUG~extract completed~~RJStevensMusicPresentationCreator.Program~0000001036
2024-12-14 21:55:48.2364~DEBUG~<- ExtractAllFromFile(zipFileName = "C:\Users\cofc_\AppData\Local\Temp\tmp1314.tmp\rjsec211.ZIP", decompressedFolder = "C:\Users\cofc_\AppData\Local\Temp\tmp13EF.tmp", message = "rjsec211")~~RJStevensMusicPresentationCreator.Program~0000001037
2024-12-14 21:55:48.2894~DEBUG~-> DownloadFile(url = "https://faas-nyc1-2ef2e6cc.doserverless.co/api/v1/web/fn-dd7f8f6a-d32a-4f5e-ae7b-870dfb7963f3/downloads/bundle?id=000000000000219", filename = "C:\Users\cofc_\AppData\Local\Temp\tmp14FA.tmp\rjsec212.ZIP", message = "rjsec212")~~RJStevensMusicPresentationCreator.Program~0000001038
2024-12-14 21:55:48.5374~DEBUG~download completed~~RJStevensMusicPresentationCreator.Program~0000001039
2024-12-14 21:55:48.5374~DEBUG~<- DownloadFile(url = "https://faas-nyc1-2ef2e6cc.doserverless.co/api/v1/web/fn-dd7f8f6a-d32a-4f5e-ae7b-870dfb7963f3/downloads/bundle?id=000000000000219", filename = "C:\Users\cofc_\AppData\Local\Temp\tmp14FA.tmp\rjsec212.ZIP", message = "rjsec212")~~RJStevensMusicPresentationCreator.Program~0000001040
2024-12-14 21:55:48.5574~DEBUG~-> ExtractAllFromFile(zipFileName = "C:\Users\cofc_\AppData\Local\Temp\tmp14FA.tmp\rjsec212.ZIP", decompressedFolder = "C:\Users\cofc_\AppData\Local\Temp\tmp1605.tmp", message = "rjsec212")~~RJStevensMusicPresentationCreator.Program~0000001041
2024-12-14 21:55:48.7624~DEBUG~extract completed~~RJStevensMusicPresentationCreator.Program~0000001042
2024-12-14 21:55:48.7684~DEBUG~<- ExtractAllFromFile(zipFileName = "C:\Users\cofc_\AppData\Local\Temp\tmp14FA.tmp\rjsec212.ZIP", decompressedFolder = "C:\Users\cofc_\AppData\Local\Temp\tmp1605.tmp", message = "rjsec212")~~RJStevensMusicPresentationCreator.Program~0000001043
2024-12-14 21:55:48.8244~DEBUG~-> DownloadFile(url = "https://faas-nyc1-2ef2e6cc.doserverless.co/api/v1/web/fn-dd7f8f6a-d32a-4f5e-ae7b-870dfb7963f3/downloads/bundle?id=000000000000220", filename = "C:\Users\cofc_\AppData\Local\Temp\tmp170F.tmp\rjsec213.ZIP", message = "rjsec213")~~RJStevensMusicPresentationCreator.Program~0000001044
2024-12-14 21:55:49.0534~DEBUG~download completed~~RJStevensMusicPresentationCreator.Program~0000001045
2024-12-14 21:55:49.0534~DEBUG~<- DownloadFile(url = "https://faas-nyc1-2ef2e6cc.doserverless.co/api/v1/web/fn-dd7f8f6a-d32a-4f5e-ae7b-870dfb7963f3/downloads/bundle?id=000000000000220", filename = "C:\Users\cofc_\AppData\Local\Temp\tmp170F.tmp\rjsec213.ZIP", message = "rjsec213")~~RJStevensMusicPresentationCreator.Program~0000001046
2024-12-14 21:55:49.0684~DEBUG~-> ExtractAllFromFile(zipFileName = "C:\Users\cofc_\AppData\Local\Temp\tmp170F.tmp\rjsec213.ZIP", decompressedFolder = "C:\Users\cofc_\AppData\Local\Temp\tmp180A.tmp", message = "rjsec213")~~RJStevensMusicPresentationCreator.Program~0000001047
2024-12-14 21:55:49.3124~DEBUG~extract completed~~RJStevensMusicPresentationCreator.Program~0000001048
2024-12-14 21:55:49.3164~DEBUG~<- ExtractAllFromFile(zipFileName = "C:\Users\cofc_\AppData\Local\Temp\tmp170F.tmp\rjsec213.ZIP", decompressedFolder = "C:\Users\cofc_\AppData\Local\Temp\tmp180A.tmp", message = "rjsec213")~~RJStevensMusicPresentationCreator.Program~0000001049
2024-12-14 21:55:49.3784~DEBUG~-> DownloadFile(url = "https://faas-nyc1-2ef2e6cc.doserverless.co/api/v1/web/fn-dd7f8f6a-d32a-4f5e-ae7b-870dfb7963f3/downloads/bundle?id=000000000000223", filename = "C:\Users\cofc_\AppData\Local\Temp\tmp1944.tmp\rjsec216.ZIP", message = "rjsec216")~~RJStevensMusicPresentationCreator.Program~0000001050
2024-12-14 21:55:49.6054~DEBUG~download completed~~RJStevensMusicPresentationCreator.Program~0000001051
2024-12-14 21:55:49.6054~DEBUG~<- DownloadFile(url = "https://faas-nyc1-2ef2e6cc.doserverless.co/api/v1/web/fn-dd7f8f6a-d32a-4f5e-ae7b-870dfb7963f3/downloads/bundle?id=000000000000223", filename = "C:\Users\cofc_\AppData\Local\Temp\tmp1944.tmp\rjsec216.ZIP", message = "rjsec216")~~RJStevensMusicPresentationCreator.Program~0000001052
2024-12-14 21:55:49.6184~DEBUG~-> ExtractAllFromFile(zipFileName = "C:\Users\cofc_\AppData\Local\Temp\tmp1944.tmp\rjsec216.ZIP", decompressedFolder = "C:\Users\cofc_\AppData\Local\Temp\tmp1A2F.tmp", message = "rjsec216")~~RJStevensMusicPresentationCreator.Program~0000001053
2024-12-14 21:55:49.8395~DEBUG~extract completed~~RJStevensMusicPresentationCreator.Program~0000001054
2024-12-14 21:55:49.8395~DEBUG~<- ExtractAllFromFile(zipFileName = "C:\Users\cofc_\AppData\Local\Temp\tmp1944.tmp\rjsec216.ZIP", decompressedFolder = "C:\Users\cofc_\AppData\Local\Temp\tmp1A2F.tmp", message = "rjsec216")~~RJStevensMusicPresentationCreator.Program~0000001055
2024-12-14 21:55:49.8965~DEBUG~-> DownloadFile(url = "https://faas-nyc1-2ef2e6cc.doserverless.co/api/v1/web/fn-dd7f8f6a-d32a-4f5e-ae7b-870dfb7963f3/downloads/bundle?id=000000000000225", filename = "C:\Users\cofc_\AppData\Local\Temp\tmp1B49.tmp\rjsec218.ZIP", message = "rjsec218")~~RJStevensMusicPresentationCreator.Program~0000001056
2024-12-14 21:55:50.1065~DEBUG~download completed~~RJStevensMusicPresentationCreator.Program~0000001057
2024-12-14 21:55:50.1065~DEBUG~<- DownloadFile(url = "https://faas-nyc1-2ef2e6cc.doserverless.co/api/v1/web/fn-dd7f8f6a-d32a-4f5e-ae7b-870dfb7963f3/downloads/bundle?id=000000000000225", filename = "C:\Users\cofc_\AppData\Local\Temp\tmp1B49.tmp\rjsec218.ZIP", message = "rjsec218")~~RJStevensMusicPresentationCreator.Program~0000001058
2024-12-14 21:55:50.1235~DEBUG~-> ExtractAllFromFile(zipFileName = "C:\Users\cofc_\AppData\Local\Temp\tmp1B49.tmp\rjsec218.ZIP", decompressedFolder = "C:\Users\cofc_\AppData\Local\Temp\tmp1C25.tmp", message = "rjsec218")~~RJStevensMusicPresentationCreator.Program~0000001059
2024-12-14 21:55:50.3835~DEBUG~extract completed~~RJStevensMusicPresentationCreator.Program~0000001060
2024-12-14 21:55:50.3835~DEBUG~<- ExtractAllFromFile(zipFileName = "C:\Users\cofc_\AppData\Local\Temp\tmp1B49.tmp\rjsec218.ZIP", decompressedFolder = "C:\Users\cofc_\AppData\Local\Temp\tmp1C25.tmp", message = "rjsec218")~~RJStevensMusicPresentationCreator.Program~0000001061
2024-12-14 21:55:50.4435~DEBUG~-> DownloadFile(url = "https://faas-nyc1-2ef2e6cc.doserverless.co/api/v1/web/fn-dd7f8f6a-d32a-4f5e-ae7b-870dfb7963f3/downloads/bundle?id=000000000000226", filename = "C:\Users\cofc_\AppData\Local\Temp\tmp1D6E.tmp\rjsec219.ZIP", message = "rjsec219")~~RJStevensMusicPresentationCreator.Program~0000001062
2024-12-14 21:55:50.6455~DEBUG~download completed~~RJStevensMusicPresentationCreator.Program~0000001063
2024-12-14 21:55:50.6455~DEBUG~<- DownloadFile(url = "https://faas-nyc1-2ef2e6cc.doserverless.co/api/v1/web/fn-dd7f8f6a-d32a-4f5e-ae7b-870dfb7963f3/downloads/bundle?id=000000000000226", filename = "C:\Users\cofc_\AppData\Local\Temp\tmp1D6E.tmp\rjsec219.ZIP", message = "rjsec219")~~RJStevensMusicPresentationCreator.Program~0000001064
2024-12-14 21:55:50.6585~DEBUG~-> ExtractAllFromFile(zipFileName = "C:\Users\cofc_\AppData\Local\Temp\tmp1D6E.tmp\rjsec219.ZIP", decompressedFolder = "C:\Users\cofc_\AppData\Local\Temp\tmp1E4A.tmp", message = "rjsec219")~~RJStevensMusicPresentationCreator.Program~0000001065
2024-12-14 21:55:50.8915~DEBUG~extract completed~~RJStevensMusicPresentationCreator.Program~0000001066
2024-12-14 21:55:50.8915~DEBUG~<- ExtractAllFromFile(zipFileName = "C:\Users\cofc_\AppData\Local\Temp\tmp1D6E.tmp\rjsec219.ZIP", decompressedFolder = "C:\Users\cofc_\AppData\Local\Temp\tmp1E4A.tmp", message = "rjsec219")~~RJStevensMusicPresentationCreator.Program~0000001067
2024-12-14 21:55:50.9555~DEBUG~-> DownloadFile(url = "https://faas-nyc1-2ef2e6cc.doserverless.co/api/v1/web/fn-dd7f8f6a-d32a-4f5e-ae7b-870dfb7963f3/downloads/bundle?id=000000000000227", filename = "C:\Users\cofc_\AppData\Local\Temp\tmp1F74.tmp\rjsec220.ZIP", message = "rjsec220")~~RJStevensMusicPresentationCreator.Program~0000001068
2024-12-14 21:55:51.1686~DEBUG~download completed~~RJStevensMusicPresentationCreator.Program~0000001069
2024-12-14 21:55:51.1686~DEBUG~<- DownloadFile(url = "https://faas-nyc1-2ef2e6cc.doserverless.co/api/v1/web/fn-dd7f8f6a-d32a-4f5e-ae7b-870dfb7963f3/downloads/bundle?id=000000000000227", filename = "C:\Users\cofc_\AppData\Local\Temp\tmp1F74.tmp\rjsec220.ZIP", message = "rjsec220")~~RJStevensMusicPresentationCreator.Program~0000001070
2024-12-14 21:55:51.1876~DEBUG~-> ExtractAllFromFile(zipFileName = "C:\Users\cofc_\AppData\Local\Temp\tmp1F74.tmp\rjsec220.ZIP", decompressedFolder = "C:\Users\cofc_\AppData\Local\Temp\tmp2050.tmp", message = "rjsec220")~~RJStevensMusicPresentationCreator.Program~0000001071
2024-12-14 21:55:51.4266~DEBUG~extract completed~~RJStevensMusicPresentationCreator.Program~0000001072
2024-12-14 21:55:51.4266~DEBUG~<- ExtractAllFromFile(zipFileName = "C:\Users\cofc_\AppData\Local\Temp\tmp1F74.tmp\rjsec220.ZIP", decompressedFolder = "C:\Users\cofc_\AppData\Local\Temp\tmp2050.tmp", message = "rjsec220")~~RJStevensMusicPresentationCreator.Program~0000001073
2024-12-14 21:55:51.4946~DEBUG~-> DownloadFile(url = "https://faas-nyc1-2ef2e6cc.doserverless.co/api/v1/web/fn-dd7f8f6a-d32a-4f5e-ae7b-870dfb7963f3/downloads/bundle?id=000000000000228", filename = "C:\Users\cofc_\AppData\Local\Temp\tmp2189.tmp\rjsec221.ZIP", message = "rjsec221")~~RJStevensMusicPresentationCreator.Program~0000001074
2024-12-14 21:55:51.7266~DEBUG~download completed~~RJStevensMusicPresentationCreator.Program~0000001075
2024-12-14 21:55:51.7266~DEBUG~<- DownloadFile(url = "https://faas-nyc1-2ef2e6cc.doserverless.co/api/v1/web/fn-dd7f8f6a-d32a-4f5e-ae7b-870dfb7963f3/downloads/bundle?id=000000000000228", filename = "C:\Users\cofc_\AppData\Local\Temp\tmp2189.tmp\rjsec221.ZIP", message = "rjsec221")~~RJStevensMusicPresentationCreator.Program~0000001076
2024-12-14 21:55:51.7416~DEBUG~-> ExtractAllFromFile(zipFileName = "C:\Users\cofc_\AppData\Local\Temp\tmp2189.tmp\rjsec221.ZIP", decompressedFolder = "C:\Users\cofc_\AppData\Local\Temp\tmp2284.tmp", message = "rjsec221")~~RJStevensMusicPresentationCreator.Program~0000001077
2024-12-14 21:55:52.0316~DEBUG~extract completed~~RJStevensMusicPresentationCreator.Program~0000001078
2024-12-14 21:55:52.0316~DEBUG~<- ExtractAllFromFile(zipFileName = "C:\Users\cofc_\AppData\Local\Temp\tmp2189.tmp\rjsec221.ZIP", decompressedFolder = "C:\Users\cofc_\AppData\Local\Temp\tmp2284.tmp", message = "rjsec221")~~RJStevensMusicPresentationCreator.Program~0000001079
2024-12-14 21:55:52.1056~DEBUG~-> DownloadFile(url = "https://faas-nyc1-2ef2e6cc.doserverless.co/api/v1/web/fn-dd7f8f6a-d32a-4f5e-ae7b-870dfb7963f3/downloads/bundle?id=000000000000229", filename = "C:\Users\cofc_\AppData\Local\Temp\tmp23ED.tmp\rjsec222.ZIP", message = "rjsec222")~~RJStevensMusicPresentationCreator.Program~0000001080
2024-12-14 21:55:52.3277~DEBUG~download completed~~RJStevensMusicPresentationCreator.Program~0000001081
2024-12-14 21:55:52.3287~DEBUG~<- DownloadFile(url = "https://faas-nyc1-2ef2e6cc.doserverless.co/api/v1/web/fn-dd7f8f6a-d32a-4f5e-ae7b-870dfb7963f3/downloads/bundle?id=000000000000229", filename = "C:\Users\cofc_\AppData\Local\Temp\tmp23ED.tmp\rjsec222.ZIP", message = "rjsec222")~~RJStevensMusicPresentationCreator.Program~0000001082
2024-12-14 21:55:52.3457~DEBUG~-> ExtractAllFromFile(zipFileName = "C:\Users\cofc_\AppData\Local\Temp\tmp23ED.tmp\rjsec222.ZIP", decompressedFolder = "C:\Users\cofc_\AppData\Local\Temp\tmp24E8.tmp", message = "rjsec222")~~RJStevensMusicPresentationCreator.Program~0000001083
2024-12-14 21:55:52.5927~DEBUG~extract completed~~RJStevensMusicPresentationCreator.Program~0000001084
2024-12-14 21:55:52.5977~DEBUG~<- ExtractAllFromFile(zipFileName = "C:\Users\cofc_\AppData\Local\Temp\tmp23ED.tmp\rjsec222.ZIP", decompressedFolder = "C:\Users\cofc_\AppData\Local\Temp\tmp24E8.tmp", message = "rjsec222")~~RJStevensMusicPresentationCreator.Program~0000001085
2024-12-14 21:55:52.6567~DEBUG~-> DownloadFile(url = "https://faas-nyc1-2ef2e6cc.doserverless.co/api/v1/web/fn-dd7f8f6a-d32a-4f5e-ae7b-870dfb7963f3/downloads/bundle?id=000000000000230", filename = "C:\Users\cofc_\AppData\Local\Temp\tmp2611.tmp\rjsec223.ZIP", message = "rjsec223")~~RJStevensMusicPresentationCreator.Program~0000001086
2024-12-14 21:55:52.8477~DEBUG~download completed~~RJStevensMusicPresentationCreator.Program~0000001087
2024-12-14 21:55:52.8477~DEBUG~<- DownloadFile(url = "https://faas-nyc1-2ef2e6cc.doserverless.co/api/v1/web/fn-dd7f8f6a-d32a-4f5e-ae7b-870dfb7963f3/downloads/bundle?id=000000000000230", filename = "C:\Users\cofc_\AppData\Local\Temp\tmp2611.tmp\rjsec223.ZIP", message = "rjsec223")~~RJStevensMusicPresentationCreator.Program~0000001088
2024-12-14 21:55:52.8617~DEBUG~-> ExtractAllFromFile(zipFileName = "C:\Users\cofc_\AppData\Local\Temp\tmp2611.tmp\rjsec223.ZIP", decompressedFolder = "C:\Users\cofc_\AppData\Local\Temp\tmp26ED.tmp", message = "rjsec223")~~RJStevensMusicPresentationCreator.Program~0000001089
2024-12-14 21:55:53.0347~DEBUG~extract completed~~RJStevensMusicPresentationCreator.Program~0000001090
2024-12-14 21:55:53.0347~DEBUG~<- ExtractAllFromFile(zipFileName = "C:\Users\cofc_\AppData\Local\Temp\tmp2611.tmp\rjsec223.ZIP", decompressedFolder = "C:\Users\cofc_\AppData\Local\Temp\tmp26ED.tmp", message = "rjsec223")~~RJStevensMusicPresentationCreator.Program~0000001091
2024-12-14 21:55:53.0877~DEBUG~-> DownloadFile(url = "https://faas-nyc1-2ef2e6cc.doserverless.co/api/v1/web/fn-dd7f8f6a-d32a-4f5e-ae7b-870dfb7963f3/downloads/bundle?id=000000000000232", filename = "C:\Users\cofc_\AppData\Local\Temp\tmp27C9.tmp\rjsec225.ZIP", message = "rjsec225")~~RJStevensMusicPresentationCreator.Program~0000001092
2024-12-14 21:55:53.2897~DEBUG~download completed~~RJStevensMusicPresentationCreator.Program~0000001093
2024-12-14 21:55:53.2897~DEBUG~<- DownloadFile(url = "https://faas-nyc1-2ef2e6cc.doserverless.co/api/v1/web/fn-dd7f8f6a-d32a-4f5e-ae7b-870dfb7963f3/downloads/bundle?id=000000000000232", filename = "C:\Users\cofc_\AppData\Local\Temp\tmp27C9.tmp\rjsec225.ZIP", message = "rjsec225")~~RJStevensMusicPresentationCreator.Program~0000001094
2024-12-14 21:55:53.3047~DEBUG~-> ExtractAllFromFile(zipFileName = "C:\Users\cofc_\AppData\Local\Temp\tmp27C9.tmp\rjsec225.ZIP", decompressedFolder = "C:\Users\cofc_\AppData\Local\Temp\tmp28A5.tmp", message = "rjsec225")~~RJStevensMusicPresentationCreator.Program~0000001095
2024-12-14 21:55:53.5347~DEBUG~extract completed~~RJStevensMusicPresentationCreator.Program~0000001096
2024-12-14 21:55:53.5347~DEBUG~<- ExtractAllFromFile(zipFileName = "C:\Users\cofc_\AppData\Local\Temp\tmp27C9.tmp\rjsec225.ZIP", decompressedFolder = "C:\Users\cofc_\AppData\Local\Temp\tmp28A5.tmp", message = "rjsec225")~~RJStevensMusicPresentationCreator.Program~0000001097
2024-12-14 21:55:53.6017~DEBUG~-> DownloadFile(url = "https://faas-nyc1-2ef2e6cc.doserverless.co/api/v1/web/fn-dd7f8f6a-d32a-4f5e-ae7b-870dfb7963f3/downloads/bundle?id=000000000000233", filename = "C:\Users\cofc_\AppData\Local\Temp\tmp29CF.tmp\rjsec226.ZIP", message = "rjsec226")~~RJStevensMusicPresentationCreator.Program~0000001098
2024-12-14 21:55:53.8718~DEBUG~download completed~~RJStevensMusicPresentationCreator.Program~0000001099
2024-12-14 21:55:53.8718~DEBUG~<- DownloadFile(url = "https://faas-nyc1-2ef2e6cc.doserverless.co/api/v1/web/fn-dd7f8f6a-d32a-4f5e-ae7b-870dfb7963f3/downloads/bundle?id=000000000000233", filename = "C:\Users\cofc_\AppData\Local\Temp\tmp29CF.tmp\rjsec226.ZIP", message = "rjsec226")~~RJStevensMusicPresentationCreator.Program~0000001100
2024-12-14 21:55:53.8878~DEBUG~-> ExtractAllFromFile(zipFileName = "C:\Users\cofc_\AppData\Local\Temp\tmp29CF.tmp\rjsec226.ZIP", decompressedFolder = "C:\Users\cofc_\AppData\Local\Temp\tmp2AE9.tmp", message = "rjsec226")~~RJStevensMusicPresentationCreator.Program~0000001101
2024-12-14 21:55:54.1168~DEBUG~extract completed~~RJStevensMusicPresentationCreator.Program~0000001102
2024-12-14 21:55:54.1168~DEBUG~<- ExtractAllFromFile(zipFileName = "C:\Users\cofc_\AppData\Local\Temp\tmp29CF.tmp\rjsec226.ZIP", decompressedFolder = "C:\Users\cofc_\AppData\Local\Temp\tmp2AE9.tmp", message = "rjsec226")~~RJStevensMusicPresentationCreator.Program~0000001103
2024-12-14 21:55:54.1768~DEBUG~-> DownloadFile(url = "https://faas-nyc1-2ef2e6cc.doserverless.co/api/v1/web/fn-dd7f8f6a-d32a-4f5e-ae7b-870dfb7963f3/downloads/bundle?id=000000000000234", filename = "C:\Users\cofc_\AppData\Local\Temp\tmp2C13.tmp\rjsec227.ZIP", message = "rjsec227")~~RJStevensMusicPresentationCreator.Program~0000001104
2024-12-14 21:55:54.3838~DEBUG~download completed~~RJStevensMusicPresentationCreator.Program~0000001105
2024-12-14 21:55:54.3838~DEBUG~<- DownloadFile(url = "https://faas-nyc1-2ef2e6cc.doserverless.co/api/v1/web/fn-dd7f8f6a-d32a-4f5e-ae7b-870dfb7963f3/downloads/bundle?id=000000000000234", filename = "C:\Users\cofc_\AppData\Local\Temp\tmp2C13.tmp\rjsec227.ZIP", message = "rjsec227")~~RJStevensMusicPresentationCreator.Program~0000001106
2024-12-14 21:55:54.3968~DEBUG~-> ExtractAllFromFile(zipFileName = "C:\Users\cofc_\AppData\Local\Temp\tmp2C13.tmp\rjsec227.ZIP", decompressedFolder = "C:\Users\cofc_\AppData\Local\Temp\tmp2CEE.tmp", message = "rjsec227")~~RJStevensMusicPresentationCreator.Program~0000001107
2024-12-14 21:55:54.6358~DEBUG~extract completed~~RJStevensMusicPresentationCreator.Program~0000001108
2024-12-14 21:55:54.6358~DEBUG~<- ExtractAllFromFile(zipFileName = "C:\Users\cofc_\AppData\Local\Temp\tmp2C13.tmp\rjsec227.ZIP", decompressedFolder = "C:\Users\cofc_\AppData\Local\Temp\tmp2CEE.tmp", message = "rjsec227")~~RJStevensMusicPresentationCreator.Program~0000001109
2024-12-14 21:55:54.7038~DEBUG~-> DownloadFile(url = "https://faas-nyc1-2ef2e6cc.doserverless.co/api/v1/web/fn-dd7f8f6a-d32a-4f5e-ae7b-870dfb7963f3/downloads/bundle?id=000000000000235", filename = "C:\Users\cofc_\AppData\Local\Temp\tmp2E18.tmp\rjsec228.ZIP", message = "rjsec228")~~RJStevensMusicPresentationCreator.Program~0000001110
2024-12-14 21:55:54.9018~DEBUG~download completed~~RJStevensMusicPresentationCreator.Program~0000001111
2024-12-14 21:55:54.9018~DEBUG~<- DownloadFile(url = "https://faas-nyc1-2ef2e6cc.doserverless.co/api/v1/web/fn-dd7f8f6a-d32a-4f5e-ae7b-870dfb7963f3/downloads/bundle?id=000000000000235", filename = "C:\Users\cofc_\AppData\Local\Temp\tmp2E18.tmp\rjsec228.ZIP", message = "rjsec228")~~RJStevensMusicPresentationCreator.Program~0000001112
2024-12-14 21:55:54.9148~DEBUG~-> ExtractAllFromFile(zipFileName = "C:\Users\cofc_\AppData\Local\Temp\tmp2E18.tmp\rjsec228.ZIP", decompressedFolder = "C:\Users\cofc_\AppData\Local\Temp\tmp2EF4.tmp", message = "rjsec228")~~RJStevensMusicPresentationCreator.Program~0000001113
2024-12-14 21:55:55.1589~DEBUG~extract completed~~RJStevensMusicPresentationCreator.Program~0000001114
2024-12-14 21:55:55.1589~DEBUG~<- ExtractAllFromFile(zipFileName = "C:\Users\cofc_\AppData\Local\Temp\tmp2E18.tmp\rjsec228.ZIP", decompressedFolder = "C:\Users\cofc_\AppData\Local\Temp\tmp2EF4.tmp", message = "rjsec228")~~RJStevensMusicPresentationCreator.Program~0000001115
2024-12-14 21:55:55.2259~DEBUG~-> DownloadFile(url = "https://faas-nyc1-2ef2e6cc.doserverless.co/api/v1/web/fn-dd7f8f6a-d32a-4f5e-ae7b-870dfb7963f3/downloads/bundle?id=000000000000236", filename = "C:\Users\cofc_\AppData\Local\Temp\tmp302E.tmp\rjsec229.ZIP", message = "rjsec229")~~RJStevensMusicPresentationCreator.Program~0000001116
2024-12-14 21:55:55.4519~DEBUG~download completed~~RJStevensMusicPresentationCreator.Program~0000001117
2024-12-14 21:55:55.4519~DEBUG~<- DownloadFile(url = "https://faas-nyc1-2ef2e6cc.doserverless.co/api/v1/web/fn-dd7f8f6a-d32a-4f5e-ae7b-870dfb7963f3/downloads/bundle?id=000000000000236", filename = "C:\Users\cofc_\AppData\Local\Temp\tmp302E.tmp\rjsec229.ZIP", message = "rjsec229")~~RJStevensMusicPresentationCreator.Program~0000001118
2024-12-14 21:55:55.4699~DEBUG~-> ExtractAllFromFile(zipFileName = "C:\Users\cofc_\AppData\Local\Temp\tmp302E.tmp\rjsec229.ZIP", decompressedFolder = "C:\Users\cofc_\AppData\Local\Temp\tmp3119.tmp", message = "rjsec229")~~RJStevensMusicPresentationCreator.Program~0000001119
2024-12-14 21:55:55.6759~DEBUG~extract completed~~RJStevensMusicPresentationCreator.Program~0000001120
2024-12-14 21:55:55.6759~DEBUG~<- ExtractAllFromFile(zipFileName = "C:\Users\cofc_\AppData\Local\Temp\tmp302E.tmp\rjsec229.ZIP", decompressedFolder = "C:\Users\cofc_\AppData\Local\Temp\tmp3119.tmp", message = "rjsec229")~~RJStevensMusicPresentationCreator.Program~0000001121
2024-12-14 21:55:55.7359~DEBUG~-> DownloadFile(url = "https://faas-nyc1-2ef2e6cc.doserverless.co/api/v1/web/fn-dd7f8f6a-d32a-4f5e-ae7b-870dfb7963f3/downloads/bundle?id=000000000000238", filename = "C:\Users\cofc_\AppData\Local\Temp\tmp3233.tmp\rjsec231.ZIP", message = "rjsec231")~~RJStevensMusicPresentationCreator.Program~0000001122
2024-12-14 21:55:56.0019~DEBUG~download completed~~RJStevensMusicPresentationCreator.Program~0000001123
2024-12-14 21:55:56.0019~DEBUG~<- DownloadFile(url = "https://faas-nyc1-2ef2e6cc.doserverless.co/api/v1/web/fn-dd7f8f6a-d32a-4f5e-ae7b-870dfb7963f3/downloads/bundle?id=000000000000238", filename = "C:\Users\cofc_\AppData\Local\Temp\tmp3233.tmp\rjsec231.ZIP", message = "rjsec231")~~RJStevensMusicPresentationCreator.Program~0000001124
2024-12-14 21:55:56.0219~DEBUG~-> ExtractAllFromFile(zipFileName = "C:\Users\cofc_\AppData\Local\Temp\tmp3233.tmp\rjsec231.ZIP", decompressedFolder = "C:\Users\cofc_\AppData\Local\Temp\tmp334D.tmp", message = "rjsec231")~~RJStevensMusicPresentationCreator.Program~0000001125
2024-12-14 21:55:56.3189~DEBUG~extract completed~~RJStevensMusicPresentationCreator.Program~0000001126
2024-12-14 21:55:56.3189~DEBUG~<- ExtractAllFromFile(zipFileName = "C:\Users\cofc_\AppData\Local\Temp\tmp3233.tmp\rjsec231.ZIP", decompressedFolder = "C:\Users\cofc_\AppData\Local\Temp\tmp334D.tmp", message = "rjsec231")~~RJStevensMusicPresentationCreator.Program~0000001127
2024-12-14 21:55:56.4000~DEBUG~-> DownloadFile(url = "https://faas-nyc1-2ef2e6cc.doserverless.co/api/v1/web/fn-dd7f8f6a-d32a-4f5e-ae7b-870dfb7963f3/downloads/bundle?id=000000000000241", filename = "C:\Users\cofc_\AppData\Local\Temp\tmp34C5.tmp\rjsec234.ZIP", message = "rjsec234")~~RJStevensMusicPresentationCreator.Program~0000001128
2024-12-14 21:55:56.6700~DEBUG~download completed~~RJStevensMusicPresentationCreator.Program~0000001129
2024-12-14 21:55:56.6700~DEBUG~<- DownloadFile(url = "https://faas-nyc1-2ef2e6cc.doserverless.co/api/v1/web/fn-dd7f8f6a-d32a-4f5e-ae7b-870dfb7963f3/downloads/bundle?id=000000000000241", filename = "C:\Users\cofc_\AppData\Local\Temp\tmp34C5.tmp\rjsec234.ZIP", message = "rjsec234")~~RJStevensMusicPresentationCreator.Program~0000001130
2024-12-14 21:55:56.6870~DEBUG~-> ExtractAllFromFile(zipFileName = "C:\Users\cofc_\AppData\Local\Temp\tmp34C5.tmp\rjsec234.ZIP", decompressedFolder = "C:\Users\cofc_\AppData\Local\Temp\tmp35E0.tmp", message = "rjsec234")~~RJStevensMusicPresentationCreator.Program~0000001131
2024-12-14 21:55:56.9330~DEBUG~extract completed~~RJStevensMusicPresentationCreator.Program~0000001132
2024-12-14 21:55:56.9330~DEBUG~<- ExtractAllFromFile(zipFileName = "C:\Users\cofc_\AppData\Local\Temp\tmp34C5.tmp\rjsec234.ZIP", decompressedFolder = "C:\Users\cofc_\AppData\Local\Temp\tmp35E0.tmp", message = "rjsec234")~~RJStevensMusicPresentationCreator.Program~0000001133
2024-12-14 21:55:56.9970~DEBUG~-> DownloadFile(url = "https://faas-nyc1-2ef2e6cc.doserverless.co/api/v1/web/fn-dd7f8f6a-d32a-4f5e-ae7b-870dfb7963f3/downloads/bundle?id=000000000000243", filename = "C:\Users\cofc_\AppData\Local\Temp\tmp3719.tmp\rjsec236.ZIP", message = "rjsec236")~~RJStevensMusicPresentationCreator.Program~0000001134
2024-12-14 21:55:57.2320~DEBUG~download completed~~RJStevensMusicPresentationCreator.Program~0000001135
2024-12-14 21:55:57.2320~DEBUG~<- DownloadFile(url = "https://faas-nyc1-2ef2e6cc.doserverless.co/api/v1/web/fn-dd7f8f6a-d32a-4f5e-ae7b-870dfb7963f3/downloads/bundle?id=000000000000243", filename = "C:\Users\cofc_\AppData\Local\Temp\tmp3719.tmp\rjsec236.ZIP", message = "rjsec236")~~RJStevensMusicPresentationCreator.Program~0000001136
2024-12-14 21:55:57.2470~DEBUG~-> ExtractAllFromFile(zipFileName = "C:\Users\cofc_\AppData\Local\Temp\tmp3719.tmp\rjsec236.ZIP", decompressedFolder = "C:\Users\cofc_\AppData\Local\Temp\tmp3814.tmp", message = "rjsec236")~~RJStevensMusicPresentationCreator.Program~0000001137
2024-12-14 21:55:57.5500~DEBUG~extract completed~~RJStevensMusicPresentationCreator.Program~0000001138
2024-12-14 21:55:57.5500~DEBUG~<- ExtractAllFromFile(zipFileName = "C:\Users\cofc_\AppData\Local\Temp\tmp3719.tmp\rjsec236.ZIP", decompressedFolder = "C:\Users\cofc_\AppData\Local\Temp\tmp3814.tmp", message = "rjsec236")~~RJStevensMusicPresentationCreator.Program~0000001139
2024-12-14 21:55:57.6240~DEBUG~-> DownloadFile(url = "https://faas-nyc1-2ef2e6cc.doserverless.co/api/v1/web/fn-dd7f8f6a-d32a-4f5e-ae7b-870dfb7963f3/downloads/bundle?id=000000000000244", filename = "C:\Users\cofc_\AppData\Local\Temp\tmp398C.tmp\rjsec237.ZIP", message = "rjsec237")~~RJStevensMusicPresentationCreator.Program~0000001140
2024-12-14 21:55:57.8541~DEBUG~download completed~~RJStevensMusicPresentationCreator.Program~0000001141
2024-12-14 21:55:57.8541~DEBUG~<- DownloadFile(url = "https://faas-nyc1-2ef2e6cc.doserverless.co/api/v1/web/fn-dd7f8f6a-d32a-4f5e-ae7b-870dfb7963f3/downloads/bundle?id=000000000000244", filename = "C:\Users\cofc_\AppData\Local\Temp\tmp398C.tmp\rjsec237.ZIP", message = "rjsec237")~~RJStevensMusicPresentationCreator.Program~0000001142
2024-12-14 21:55:57.8681~DEBUG~-> ExtractAllFromFile(zipFileName = "C:\Users\cofc_\AppData\Local\Temp\tmp398C.tmp\rjsec237.ZIP", decompressedFolder = "C:\Users\cofc_\AppData\Local\Temp\tmp3A87.tmp", message = "rjsec237")~~RJStevensMusicPresentationCreator.Program~0000001143
2024-12-14 21:55:58.0881~DEBUG~extract completed~~RJStevensMusicPresentationCreator.Program~0000001144
2024-12-14 21:55:58.0881~DEBUG~<- ExtractAllFromFile(zipFileName = "C:\Users\cofc_\AppData\Local\Temp\tmp398C.tmp\rjsec237.ZIP", decompressedFolder = "C:\Users\cofc_\AppData\Local\Temp\tmp3A87.tmp", message = "rjsec237")~~RJStevensMusicPresentationCreator.Program~0000001145
2024-12-14 21:55:58.1511~DEBUG~-> DownloadFile(url = "https://faas-nyc1-2ef2e6cc.doserverless.co/api/v1/web/fn-dd7f8f6a-d32a-4f5e-ae7b-870dfb7963f3/downloads/bundle?id=000000000000246", filename = "C:\Users\cofc_\AppData\Local\Temp\tmp3BA1.tmp\rjsec239.ZIP", message = "rjsec239")~~RJStevensMusicPresentationCreator.Program~0000001146
2024-12-14 21:55:58.3691~DEBUG~download completed~~RJStevensMusicPresentationCreator.Program~0000001147
2024-12-14 21:55:58.3691~DEBUG~<- DownloadFile(url = "https://faas-nyc1-2ef2e6cc.doserverless.co/api/v1/web/fn-dd7f8f6a-d32a-4f5e-ae7b-870dfb7963f3/downloads/bundle?id=000000000000246", filename = "C:\Users\cofc_\AppData\Local\Temp\tmp3BA1.tmp\rjsec239.ZIP", message = "rjsec239")~~RJStevensMusicPresentationCreator.Program~0000001148
2024-12-14 21:55:58.3821~DEBUG~-> ExtractAllFromFile(zipFileName = "C:\Users\cofc_\AppData\Local\Temp\tmp3BA1.tmp\rjsec239.ZIP", decompressedFolder = "C:\Users\cofc_\AppData\Local\Temp\tmp3C8D.tmp", message = "rjsec239")~~RJStevensMusicPresentationCreator.Program~0000001149
2024-12-14 21:55:58.5971~DEBUG~extract completed~~RJStevensMusicPresentationCreator.Program~0000001150
2024-12-14 21:55:58.5971~DEBUG~<- ExtractAllFromFile(zipFileName = "C:\Users\cofc_\AppData\Local\Temp\tmp3BA1.tmp\rjsec239.ZIP", decompressedFolder = "C:\Users\cofc_\AppData\Local\Temp\tmp3C8D.tmp", message = "rjsec239")~~RJStevensMusicPresentationCreator.Program~0000001151
2024-12-14 21:55:58.6601~DEBUG~-> DownloadFile(url = "https://faas-nyc1-2ef2e6cc.doserverless.co/api/v1/web/fn-dd7f8f6a-d32a-4f5e-ae7b-870dfb7963f3/downloads/bundle?id=000000000000248", filename = "C:\Users\cofc_\AppData\Local\Temp\tmp3DA7.tmp\rjsec241.ZIP", message = "rjsec241")~~RJStevensMusicPresentationCreator.Program~0000001152
2024-12-14 21:55:58.8921~DEBUG~download completed~~RJStevensMusicPresentationCreator.Program~0000001153
2024-12-14 21:55:58.8921~DEBUG~<- DownloadFile(url = "https://faas-nyc1-2ef2e6cc.doserverless.co/api/v1/web/fn-dd7f8f6a-d32a-4f5e-ae7b-870dfb7963f3/downloads/bundle?id=000000000000248", filename = "C:\Users\cofc_\AppData\Local\Temp\tmp3DA7.tmp\rjsec241.ZIP", message = "rjsec241")~~RJStevensMusicPresentationCreator.Program~0000001154
2024-12-14 21:55:58.9121~DEBUG~-> ExtractAllFromFile(zipFileName = "C:\Users\cofc_\AppData\Local\Temp\tmp3DA7.tmp\rjsec241.ZIP", decompressedFolder = "C:\Users\cofc_\AppData\Local\Temp\tmp3EA2.tmp", message = "rjsec241")~~RJStevensMusicPresentationCreator.Program~0000001155
2024-12-14 21:55:59.1502~DEBUG~extract completed~~RJStevensMusicPresentationCreator.Program~0000001156
2024-12-14 21:55:59.1502~DEBUG~<- ExtractAllFromFile(zipFileName = "C:\Users\cofc_\AppData\Local\Temp\tmp3DA7.tmp\rjsec241.ZIP", decompressedFolder = "C:\Users\cofc_\AppData\Local\Temp\tmp3EA2.tmp", message = "rjsec241")~~RJStevensMusicPresentationCreator.Program~0000001157
2024-12-14 21:55:59.2142~DEBUG~-> DownloadFile(url = "https://faas-nyc1-2ef2e6cc.doserverless.co/api/v1/web/fn-dd7f8f6a-d32a-4f5e-ae7b-870dfb7963f3/downloads/bundle?id=000000000000249", filename = "C:\Users\cofc_\AppData\Local\Temp\tmp3FCC.tmp\rjsec242.ZIP", message = "rjsec242")~~RJStevensMusicPresentationCreator.Program~0000001158
2024-12-14 21:55:59.4262~DEBUG~download completed~~RJStevensMusicPresentationCreator.Program~0000001159
2024-12-14 21:55:59.4262~DEBUG~<- DownloadFile(url = "https://faas-nyc1-2ef2e6cc.doserverless.co/api/v1/web/fn-dd7f8f6a-d32a-4f5e-ae7b-870dfb7963f3/downloads/bundle?id=000000000000249", filename = "C:\Users\cofc_\AppData\Local\Temp\tmp3FCC.tmp\rjsec242.ZIP", message = "rjsec242")~~RJStevensMusicPresentationCreator.Program~0000001160
2024-12-14 21:55:59.4392~DEBUG~-> ExtractAllFromFile(zipFileName = "C:\Users\cofc_\AppData\Local\Temp\tmp3FCC.tmp\rjsec242.ZIP", decompressedFolder = "C:\Users\cofc_\AppData\Local\Temp\tmp40B7.tmp", message = "rjsec242")~~RJStevensMusicPresentationCreator.Program~0000001161
2024-12-14 21:55:59.6552~DEBUG~extract completed~~RJStevensMusicPresentationCreator.Program~0000001162
2024-12-14 21:55:59.6572~DEBUG~<- ExtractAllFromFile(zipFileName = "C:\Users\cofc_\AppData\Local\Temp\tmp3FCC.tmp\rjsec242.ZIP", decompressedFolder = "C:\Users\cofc_\AppData\Local\Temp\tmp40B7.tmp", message = "rjsec242")~~RJStevensMusicPresentationCreator.Program~0000001163
2024-12-14 21:55:59.7102~DEBUG~-> DownloadFile(url = "https://faas-nyc1-2ef2e6cc.doserverless.co/api/v1/web/fn-dd7f8f6a-d32a-4f5e-ae7b-870dfb7963f3/downloads/bundle?id=000000000000253", filename = "C:\Users\cofc_\AppData\Local\Temp\tmp41C2.tmp\rjsec246.ZIP", message = "rjsec246")~~RJStevensMusicPresentationCreator.Program~0000001164
2024-12-14 21:55:59.9212~DEBUG~download completed~~RJStevensMusicPresentationCreator.Program~0000001165
2024-12-14 21:55:59.9222~DEBUG~<- DownloadFile(url = "https://faas-nyc1-2ef2e6cc.doserverless.co/api/v1/web/fn-dd7f8f6a-d32a-4f5e-ae7b-870dfb7963f3/downloads/bundle?id=000000000000253", filename = "C:\Users\cofc_\AppData\Local\Temp\tmp41C2.tmp\rjsec246.ZIP", message = "rjsec246")~~RJStevensMusicPresentationCreator.Program~0000001166
2024-12-14 21:55:59.9222~DEBUG~-> ExtractAllFromFile(zipFileName = "C:\Users\cofc_\AppData\Local\Temp\tmp41C2.tmp\rjsec246.ZIP", decompressedFolder = "C:\Users\cofc_\AppData\Local\Temp\tmp429E.tmp", message = "rjsec246")~~RJStevensMusicPresentationCreator.Program~0000001167
2024-12-14 21:56:00.1912~DEBUG~extract completed~~RJStevensMusicPresentationCreator.Program~0000001168
2024-12-14 21:56:00.1912~DEBUG~<- ExtractAllFromFile(zipFileName = "C:\Users\cofc_\AppData\Local\Temp\tmp41C2.tmp\rjsec246.ZIP", decompressedFolder = "C:\Users\cofc_\AppData\Local\Temp\tmp429E.tmp", message = "rjsec246")~~RJStevensMusicPresentationCreator.Program~0000001169
2024-12-14 21:56:00.2512~DEBUG~-> DownloadFile(url = "https://faas-nyc1-2ef2e6cc.doserverless.co/api/v1/web/fn-dd7f8f6a-d32a-4f5e-ae7b-870dfb7963f3/downloads/bundle?id=000000000000254", filename = "C:\Users\cofc_\AppData\Local\Temp\tmp43D7.tmp\rjsec247.ZIP", message = "rjsec247")~~RJStevensMusicPresentationCreator.Program~0000001170
2024-12-14 21:56:00.5103~DEBUG~download completed~~RJStevensMusicPresentationCreator.Program~0000001171
2024-12-14 21:56:00.5103~DEBUG~<- DownloadFile(url = "https://faas-nyc1-2ef2e6cc.doserverless.co/api/v1/web/fn-dd7f8f6a-d32a-4f5e-ae7b-870dfb7963f3/downloads/bundle?id=000000000000254", filename = "C:\Users\cofc_\AppData\Local\Temp\tmp43D7.tmp\rjsec247.ZIP", message = "rjsec247")~~RJStevensMusicPresentationCreator.Program~0000001172
2024-12-14 21:56:00.5293~DEBUG~-> ExtractAllFromFile(zipFileName = "C:\Users\cofc_\AppData\Local\Temp\tmp43D7.tmp\rjsec247.ZIP", decompressedFolder = "C:\Users\cofc_\AppData\Local\Temp\tmp44F1.tmp", message = "rjsec247")~~RJStevensMusicPresentationCreator.Program~0000001173
2024-12-14 21:56:00.7813~DEBUG~extract completed~~RJStevensMusicPresentationCreator.Program~0000001174
2024-12-14 21:56:00.7853~DEBUG~<- ExtractAllFromFile(zipFileName = "C:\Users\cofc_\AppData\Local\Temp\tmp43D7.tmp\rjsec247.ZIP", decompressedFolder = "C:\Users\cofc_\AppData\Local\Temp\tmp44F1.tmp", message = "rjsec247")~~RJStevensMusicPresentationCreator.Program~0000001175
2024-12-14 21:56:00.8483~DEBUG~-> DownloadFile(url = "https://faas-nyc1-2ef2e6cc.doserverless.co/api/v1/web/fn-dd7f8f6a-d32a-4f5e-ae7b-870dfb7963f3/downloads/bundle?id=000000000000255", filename = "C:\Users\cofc_\AppData\Local\Temp\tmp463B.tmp\rjsec248.ZIP", message = "rjsec248")~~RJStevensMusicPresentationCreator.Program~0000001176
2024-12-14 21:56:01.0583~DEBUG~download completed~~RJStevensMusicPresentationCreator.Program~0000001177
2024-12-14 21:56:01.0583~DEBUG~<- DownloadFile(url = "https://faas-nyc1-2ef2e6cc.doserverless.co/api/v1/web/fn-dd7f8f6a-d32a-4f5e-ae7b-870dfb7963f3/downloads/bundle?id=000000000000255", filename = "C:\Users\cofc_\AppData\Local\Temp\tmp463B.tmp\rjsec248.ZIP", message = "rjsec248")~~RJStevensMusicPresentationCreator.Program~0000001178
2024-12-14 21:56:01.0723~DEBUG~-> ExtractAllFromFile(zipFileName = "C:\Users\cofc_\AppData\Local\Temp\tmp463B.tmp\rjsec248.ZIP", decompressedFolder = "C:\Users\cofc_\AppData\Local\Temp\tmp4716.tmp", message = "rjsec248")~~RJStevensMusicPresentationCreator.Program~0000001179
2024-12-14 21:56:01.3083~DEBUG~extract completed~~RJStevensMusicPresentationCreator.Program~0000001180
2024-12-14 21:56:01.3163~DEBUG~<- ExtractAllFromFile(zipFileName = "C:\Users\cofc_\AppData\Local\Temp\tmp463B.tmp\rjsec248.ZIP", decompressedFolder = "C:\Users\cofc_\AppData\Local\Temp\tmp4716.tmp", message = "rjsec248")~~RJStevensMusicPresentationCreator.Program~0000001181
2024-12-14 21:56:01.3823~DEBUG~-> DownloadFile(url = "https://faas-nyc1-2ef2e6cc.doserverless.co/api/v1/web/fn-dd7f8f6a-d32a-4f5e-ae7b-870dfb7963f3/downloads/bundle?id=000000000000257", filename = "C:\Users\cofc_\AppData\Local\Temp\tmp4850.tmp\rjsec250.ZIP", message = "rjsec250")~~RJStevensMusicPresentationCreator.Program~0000001182
2024-12-14 21:56:01.6143~DEBUG~download completed~~RJStevensMusicPresentationCreator.Program~0000001183
2024-12-14 21:56:01.6143~DEBUG~<- DownloadFile(url = "https://faas-nyc1-2ef2e6cc.doserverless.co/api/v1/web/fn-dd7f8f6a-d32a-4f5e-ae7b-870dfb7963f3/downloads/bundle?id=000000000000257", filename = "C:\Users\cofc_\AppData\Local\Temp\tmp4850.tmp\rjsec250.ZIP", message = "rjsec250")~~RJStevensMusicPresentationCreator.Program~0000001184
2024-12-14 21:56:01.6313~DEBUG~-> ExtractAllFromFile(zipFileName = "C:\Users\cofc_\AppData\Local\Temp\tmp4850.tmp\rjsec250.ZIP", decompressedFolder = "C:\Users\cofc_\AppData\Local\Temp\tmp494B.tmp", message = "rjsec250")~~RJStevensMusicPresentationCreator.Program~0000001185
2024-12-14 21:56:01.9133~DEBUG~extract completed~~RJStevensMusicPresentationCreator.Program~0000001186
2024-12-14 21:56:01.9133~DEBUG~<- ExtractAllFromFile(zipFileName = "C:\Users\cofc_\AppData\Local\Temp\tmp4850.tmp\rjsec250.ZIP", decompressedFolder = "C:\Users\cofc_\AppData\Local\Temp\tmp494B.tmp", message = "rjsec250")~~RJStevensMusicPresentationCreator.Program~0000001187
2024-12-14 21:56:01.9803~DEBUG~-> DownloadFile(url = "https://faas-nyc1-2ef2e6cc.doserverless.co/api/v1/web/fn-dd7f8f6a-d32a-4f5e-ae7b-870dfb7963f3/downloads/bundle?id=000000000000261", filename = "C:\Users\cofc_\AppData\Local\Temp\tmp4AA4.tmp\rjsec254.ZIP", message = "rjsec254")~~RJStevensMusicPresentationCreator.Program~0000001188
2024-12-14 21:56:02.1874~DEBUG~download completed~~RJStevensMusicPresentationCreator.Program~0000001189
2024-12-14 21:56:02.1884~DEBUG~<- DownloadFile(url = "https://faas-nyc1-2ef2e6cc.doserverless.co/api/v1/web/fn-dd7f8f6a-d32a-4f5e-ae7b-870dfb7963f3/downloads/bundle?id=000000000000261", filename = "C:\Users\cofc_\AppData\Local\Temp\tmp4AA4.tmp\rjsec254.ZIP", message = "rjsec254")~~RJStevensMusicPresentationCreator.Program~0000001190
2024-12-14 21:56:02.1884~DEBUG~-> ExtractAllFromFile(zipFileName = "C:\Users\cofc_\AppData\Local\Temp\tmp4AA4.tmp\rjsec254.ZIP", decompressedFolder = "C:\Users\cofc_\AppData\Local\Temp\tmp4B7F.tmp", message = "rjsec254")~~RJStevensMusicPresentationCreator.Program~0000001191
2024-12-14 21:56:02.4394~DEBUG~extract completed~~RJStevensMusicPresentationCreator.Program~0000001192
2024-12-14 21:56:02.4394~DEBUG~<- ExtractAllFromFile(zipFileName = "C:\Users\cofc_\AppData\Local\Temp\tmp4AA4.tmp\rjsec254.ZIP", decompressedFolder = "C:\Users\cofc_\AppData\Local\Temp\tmp4B7F.tmp", message = "rjsec254")~~RJStevensMusicPresentationCreator.Program~0000001193
2024-12-14 21:56:02.5024~DEBUG~-> DownloadFile(url = "https://faas-nyc1-2ef2e6cc.doserverless.co/api/v1/web/fn-dd7f8f6a-d32a-4f5e-ae7b-870dfb7963f3/downloads/bundle?id=000000000000262", filename = "C:\Users\cofc_\AppData\Local\Temp\tmp4CB9.tmp\rjsec255.ZIP", message = "rjsec255")~~RJStevensMusicPresentationCreator.Program~0000001194
2024-12-14 21:56:02.7124~DEBUG~download completed~~RJStevensMusicPresentationCreator.Program~0000001195
2024-12-14 21:56:02.7124~DEBUG~<- DownloadFile(url = "https://faas-nyc1-2ef2e6cc.doserverless.co/api/v1/web/fn-dd7f8f6a-d32a-4f5e-ae7b-870dfb7963f3/downloads/bundle?id=000000000000262", filename = "C:\Users\cofc_\AppData\Local\Temp\tmp4CB9.tmp\rjsec255.ZIP", message = "rjsec255")~~RJStevensMusicPresentationCreator.Program~0000001196
2024-12-14 21:56:02.7304~DEBUG~-> ExtractAllFromFile(zipFileName = "C:\Users\cofc_\AppData\Local\Temp\tmp4CB9.tmp\rjsec255.ZIP", decompressedFolder = "C:\Users\cofc_\AppData\Local\Temp\tmp4D95.tmp", message = "rjsec255")~~RJStevensMusicPresentationCreator.Program~0000001197
2024-12-14 21:56:02.9914~DEBUG~extract completed~~RJStevensMusicPresentationCreator.Program~0000001198
2024-12-14 21:56:02.9914~DEBUG~<- ExtractAllFromFile(zipFileName = "C:\Users\cofc_\AppData\Local\Temp\tmp4CB9.tmp\rjsec255.ZIP", decompressedFolder = "C:\Users\cofc_\AppData\Local\Temp\tmp4D95.tmp", message = "rjsec255")~~RJStevensMusicPresentationCreator.Program~0000001199
2024-12-14 21:56:03.0624~DEBUG~-> DownloadFile(url = "https://faas-nyc1-2ef2e6cc.doserverless.co/api/v1/web/fn-dd7f8f6a-d32a-4f5e-ae7b-870dfb7963f3/downloads/bundle?id=000000000000264", filename = "C:\Users\cofc_\AppData\Local\Temp\tmp4EDE.tmp\rjsec257.ZIP", message = "rjsec257")~~RJStevensMusicPresentationCreator.Program~0000001200
2024-12-14 21:56:03.2764~DEBUG~download completed~~RJStevensMusicPresentationCreator.Program~0000001201
2024-12-14 21:56:03.2764~DEBUG~<- DownloadFile(url = "https://faas-nyc1-2ef2e6cc.doserverless.co/api/v1/web/fn-dd7f8f6a-d32a-4f5e-ae7b-870dfb7963f3/downloads/bundle?id=000000000000264", filename = "C:\Users\cofc_\AppData\Local\Temp\tmp4EDE.tmp\rjsec257.ZIP", message = "rjsec257")~~RJStevensMusicPresentationCreator.Program~0000001202
2024-12-14 21:56:03.2904~DEBUG~-> ExtractAllFromFile(zipFileName = "C:\Users\cofc_\AppData\Local\Temp\tmp4EDE.tmp\rjsec257.ZIP", decompressedFolder = "C:\Users\cofc_\AppData\Local\Temp\tmp4FC9.tmp", message = "rjsec257")~~RJStevensMusicPresentationCreator.Program~0000001203
2024-12-14 21:56:03.5565~DEBUG~extract completed~~RJStevensMusicPresentationCreator.Program~0000001204
2024-12-14 21:56:03.5565~DEBUG~<- ExtractAllFromFile(zipFileName = "C:\Users\cofc_\AppData\Local\Temp\tmp4EDE.tmp\rjsec257.ZIP", decompressedFolder = "C:\Users\cofc_\AppData\Local\Temp\tmp4FC9.tmp", message = "rjsec257")~~RJStevensMusicPresentationCreator.Program~0000001205
2024-12-14 21:56:03.6345~DEBUG~-> DownloadFile(url = "https://faas-nyc1-2ef2e6cc.doserverless.co/api/v1/web/fn-dd7f8f6a-d32a-4f5e-ae7b-870dfb7963f3/downloads/bundle?id=000000000000265", filename = "C:\Users\cofc_\AppData\Local\Temp\tmp5122.tmp\rjsec258.ZIP", message = "rjsec258")~~RJStevensMusicPresentationCreator.Program~0000001206
2024-12-14 21:56:03.8405~DEBUG~download completed~~RJStevensMusicPresentationCreator.Program~0000001207
2024-12-14 21:56:03.8405~DEBUG~<- DownloadFile(url = "https://faas-nyc1-2ef2e6cc.doserverless.co/api/v1/web/fn-dd7f8f6a-d32a-4f5e-ae7b-870dfb7963f3/downloads/bundle?id=000000000000265", filename = "C:\Users\cofc_\AppData\Local\Temp\tmp5122.tmp\rjsec258.ZIP", message = "rjsec258")~~RJStevensMusicPresentationCreator.Program~0000001208
2024-12-14 21:56:03.8545~DEBUG~-> ExtractAllFromFile(zipFileName = "C:\Users\cofc_\AppData\Local\Temp\tmp5122.tmp\rjsec258.ZIP", decompressedFolder = "C:\Users\cofc_\AppData\Local\Temp\tmp51FE.tmp", message = "rjsec258")~~RJStevensMusicPresentationCreator.Program~0000001209
2024-12-14 21:56:04.1125~DEBUG~extract completed~~RJStevensMusicPresentationCreator.Program~0000001210
2024-12-14 21:56:04.1125~DEBUG~<- ExtractAllFromFile(zipFileName = "C:\Users\cofc_\AppData\Local\Temp\tmp5122.tmp\rjsec258.ZIP", decompressedFolder = "C:\Users\cofc_\AppData\Local\Temp\tmp51FE.tmp", message = "rjsec258")~~RJStevensMusicPresentationCreator.Program~0000001211
2024-12-14 21:56:04.1785~DEBUG~-> DownloadFile(url = "https://faas-nyc1-2ef2e6cc.doserverless.co/api/v1/web/fn-dd7f8f6a-d32a-4f5e-ae7b-870dfb7963f3/downloads/bundle?id=000000000000266", filename = "C:\Users\cofc_\AppData\Local\Temp\tmp5347.tmp\rjsec259.ZIP", message = "rjsec259")~~RJStevensMusicPresentationCreator.Program~0000001212
2024-12-14 21:56:04.3995~DEBUG~download completed~~RJStevensMusicPresentationCreator.Program~0000001213
2024-12-14 21:56:04.3995~DEBUG~<- DownloadFile(url = "https://faas-nyc1-2ef2e6cc.doserverless.co/api/v1/web/fn-dd7f8f6a-d32a-4f5e-ae7b-870dfb7963f3/downloads/bundle?id=000000000000266", filename = "C:\Users\cofc_\AppData\Local\Temp\tmp5347.tmp\rjsec259.ZIP", message = "rjsec259")~~RJStevensMusicPresentationCreator.Program~0000001214
2024-12-14 21:56:04.4145~DEBUG~-> ExtractAllFromFile(zipFileName = "C:\Users\cofc_\AppData\Local\Temp\tmp5347.tmp\rjsec259.ZIP", decompressedFolder = "C:\Users\cofc_\AppData\Local\Temp\tmp5432.tmp", message = "rjsec259")~~RJStevensMusicPresentationCreator.Program~0000001215
2024-12-14 21:56:04.6455~DEBUG~extract completed~~RJStevensMusicPresentationCreator.Program~0000001216
2024-12-14 21:56:04.6455~DEBUG~<- ExtractAllFromFile(zipFileName = "C:\Users\cofc_\AppData\Local\Temp\tmp5347.tmp\rjsec259.ZIP", decompressedFolder = "C:\Users\cofc_\AppData\Local\Temp\tmp5432.tmp", message = "rjsec259")~~RJStevensMusicPresentationCreator.Program~0000001217
2024-12-14 21:56:04.7115~DEBUG~-> DownloadFile(url = "https://faas-nyc1-2ef2e6cc.doserverless.co/api/v1/web/fn-dd7f8f6a-d32a-4f5e-ae7b-870dfb7963f3/downloads/bundle?id=000000000000267", filename = "C:\Users\cofc_\AppData\Local\Temp\tmp555C.tmp\rjsec260.ZIP", message = "rjsec260")~~RJStevensMusicPresentationCreator.Program~0000001218
2024-12-14 21:56:04.9466~DEBUG~download completed~~RJStevensMusicPresentationCreator.Program~0000001219
2024-12-14 21:56:04.9466~DEBUG~<- DownloadFile(url = "https://faas-nyc1-2ef2e6cc.doserverless.co/api/v1/web/fn-dd7f8f6a-d32a-4f5e-ae7b-870dfb7963f3/downloads/bundle?id=000000000000267", filename = "C:\Users\cofc_\AppData\Local\Temp\tmp555C.tmp\rjsec260.ZIP", message = "rjsec260")~~RJStevensMusicPresentationCreator.Program~0000001220
2024-12-14 21:56:04.9646~DEBUG~-> ExtractAllFromFile(zipFileName = "C:\Users\cofc_\AppData\Local\Temp\tmp555C.tmp\rjsec260.ZIP", decompressedFolder = "C:\Users\cofc_\AppData\Local\Temp\tmp5657.tmp", message = "rjsec260")~~RJStevensMusicPresentationCreator.Program~0000001221
2024-12-14 21:56:05.1756~DEBUG~extract completed~~RJStevensMusicPresentationCreator.Program~0000001222
2024-12-14 21:56:05.1756~DEBUG~<- ExtractAllFromFile(zipFileName = "C:\Users\cofc_\AppData\Local\Temp\tmp555C.tmp\rjsec260.ZIP", decompressedFolder = "C:\Users\cofc_\AppData\Local\Temp\tmp5657.tmp", message = "rjsec260")~~RJStevensMusicPresentationCreator.Program~0000001223
2024-12-14 21:56:05.2316~DEBUG~-> DownloadFile(url = "https://faas-nyc1-2ef2e6cc.doserverless.co/api/v1/web/fn-dd7f8f6a-d32a-4f5e-ae7b-870dfb7963f3/downloads/bundle?id=000000000000268", filename = "C:\Users\cofc_\AppData\Local\Temp\tmp5762.tmp\rjsec261.ZIP", message = "rjsec261")~~RJStevensMusicPresentationCreator.Program~0000001224
2024-12-14 21:56:05.5076~DEBUG~download completed~~RJStevensMusicPresentationCreator.Program~0000001225
2024-12-14 21:56:05.5076~DEBUG~<- DownloadFile(url = "https://faas-nyc1-2ef2e6cc.doserverless.co/api/v1/web/fn-dd7f8f6a-d32a-4f5e-ae7b-870dfb7963f3/downloads/bundle?id=000000000000268", filename = "C:\Users\cofc_\AppData\Local\Temp\tmp5762.tmp\rjsec261.ZIP", message = "rjsec261")~~RJStevensMusicPresentationCreator.Program~0000001226
2024-12-14 21:56:05.5276~DEBUG~-> ExtractAllFromFile(zipFileName = "C:\Users\cofc_\AppData\Local\Temp\tmp5762.tmp\rjsec261.ZIP", decompressedFolder = "C:\Users\cofc_\AppData\Local\Temp\tmp588B.tmp", message = "rjsec261")~~RJStevensMusicPresentationCreator.Program~0000001227
2024-12-14 21:56:05.8076~DEBUG~extract completed~~RJStevensMusicPresentationCreator.Program~0000001228
2024-12-14 21:56:05.8076~DEBUG~<- ExtractAllFromFile(zipFileName = "C:\Users\cofc_\AppData\Local\Temp\tmp5762.tmp\rjsec261.ZIP", decompressedFolder = "C:\Users\cofc_\AppData\Local\Temp\tmp588B.tmp", message = "rjsec261")~~RJStevensMusicPresentationCreator.Program~0000001229
2024-12-14 21:56:05.8786~DEBUG~-> DownloadFile(url = "https://faas-nyc1-2ef2e6cc.doserverless.co/api/v1/web/fn-dd7f8f6a-d32a-4f5e-ae7b-870dfb7963f3/downloads/bundle?id=000000000000270", filename = "C:\Users\cofc_\AppData\Local\Temp\tmp59F4.tmp\rjsec263.ZIP", message = "rjsec263")~~RJStevensMusicPresentationCreator.Program~0000001230
2024-12-14 21:56:06.0786~DEBUG~download completed~~RJStevensMusicPresentationCreator.Program~0000001231
2024-12-14 21:56:06.0786~DEBUG~<- DownloadFile(url = "https://faas-nyc1-2ef2e6cc.doserverless.co/api/v1/web/fn-dd7f8f6a-d32a-4f5e-ae7b-870dfb7963f3/downloads/bundle?id=000000000000270", filename = "C:\Users\cofc_\AppData\Local\Temp\tmp59F4.tmp\rjsec263.ZIP", message = "rjsec263")~~RJStevensMusicPresentationCreator.Program~0000001232
2024-12-14 21:56:06.0967~DEBUG~-> ExtractAllFromFile(zipFileName = "C:\Users\cofc_\AppData\Local\Temp\tmp59F4.tmp\rjsec263.ZIP", decompressedFolder = "C:\Users\cofc_\AppData\Local\Temp\tmp5AD0.tmp", message = "rjsec263")~~RJStevensMusicPresentationCreator.Program~0000001233
2024-12-14 21:56:06.3167~DEBUG~extract completed~~RJStevensMusicPresentationCreator.Program~0000001234
2024-12-14 21:56:06.3167~DEBUG~<- ExtractAllFromFile(zipFileName = "C:\Users\cofc_\AppData\Local\Temp\tmp59F4.tmp\rjsec263.ZIP", decompressedFolder = "C:\Users\cofc_\AppData\Local\Temp\tmp5AD0.tmp", message = "rjsec263")~~RJStevensMusicPresentationCreator.Program~0000001235
2024-12-14 21:56:06.3817~DEBUG~-> DownloadFile(url = "https://faas-nyc1-2ef2e6cc.doserverless.co/api/v1/web/fn-dd7f8f6a-d32a-4f5e-ae7b-870dfb7963f3/downloads/bundle?id=000000000000271", filename = "C:\Users\cofc_\AppData\Local\Temp\tmp5BEA.tmp\rjsec264.ZIP", message = "rjsec264")~~RJStevensMusicPresentationCreator.Program~0000001236
2024-12-14 21:56:06.6547~DEBUG~download completed~~RJStevensMusicPresentationCreator.Program~0000001237
2024-12-14 21:56:06.6547~DEBUG~<- DownloadFile(url = "https://faas-nyc1-2ef2e6cc.doserverless.co/api/v1/web/fn-dd7f8f6a-d32a-4f5e-ae7b-870dfb7963f3/downloads/bundle?id=000000000000271", filename = "C:\Users\cofc_\AppData\Local\Temp\tmp5BEA.tmp\rjsec264.ZIP", message = "rjsec264")~~RJStevensMusicPresentationCreator.Program~0000001238
2024-12-14 21:56:06.6687~DEBUG~-> ExtractAllFromFile(zipFileName = "C:\Users\cofc_\AppData\Local\Temp\tmp5BEA.tmp\rjsec264.ZIP", decompressedFolder = "C:\Users\cofc_\AppData\Local\Temp\tmp5D04.tmp", message = "rjsec264")~~RJStevensMusicPresentationCreator.Program~0000001239
2024-12-14 21:56:06.9607~DEBUG~extract completed~~RJStevensMusicPresentationCreator.Program~0000001240
2024-12-14 21:56:06.9607~DEBUG~<- ExtractAllFromFile(zipFileName = "C:\Users\cofc_\AppData\Local\Temp\tmp5BEA.tmp\rjsec264.ZIP", decompressedFolder = "C:\Users\cofc_\AppData\Local\Temp\tmp5D04.tmp", message = "rjsec264")~~RJStevensMusicPresentationCreator.Program~0000001241
2024-12-14 21:56:07.0367~DEBUG~-> DownloadFile(url = "https://faas-nyc1-2ef2e6cc.doserverless.co/api/v1/web/fn-dd7f8f6a-d32a-4f5e-ae7b-870dfb7963f3/downloads/bundle?id=000000000000272", filename = "C:\Users\cofc_\AppData\Local\Temp\tmp5E7C.tmp\rjsec265.ZIP", message = "rjsec265")~~RJStevensMusicPresentationCreator.Program~0000001242
2024-12-14 21:56:07.2817~DEBUG~download completed~~RJStevensMusicPresentationCreator.Program~0000001243
2024-12-14 21:56:07.2817~DEBUG~<- DownloadFile(url = "https://faas-nyc1-2ef2e6cc.doserverless.co/api/v1/web/fn-dd7f8f6a-d32a-4f5e-ae7b-870dfb7963f3/downloads/bundle?id=000000000000272", filename = "C:\Users\cofc_\AppData\Local\Temp\tmp5E7C.tmp\rjsec265.ZIP", message = "rjsec265")~~RJStevensMusicPresentationCreator.Program~0000001244
2024-12-14 21:56:07.2817~DEBUG~-> ExtractAllFromFile(zipFileName = "C:\Users\cofc_\AppData\Local\Temp\tmp5E7C.tmp\rjsec265.ZIP", decompressedFolder = "C:\Users\cofc_\AppData\Local\Temp\tmp5F77.tmp", message = "rjsec265")~~RJStevensMusicPresentationCreator.Program~0000001245
2024-12-14 21:56:07.5018~DEBUG~extract completed~~RJStevensMusicPresentationCreator.Program~0000001246
2024-12-14 21:56:07.5018~DEBUG~<- ExtractAllFromFile(zipFileName = "C:\Users\cofc_\AppData\Local\Temp\tmp5E7C.tmp\rjsec265.ZIP", decompressedFolder = "C:\Users\cofc_\AppData\Local\Temp\tmp5F77.tmp", message = "rjsec265")~~RJStevensMusicPresentationCreator.Program~0000001247
2024-12-14 21:56:07.5608~DEBUG~-> DownloadFile(url = "https://faas-nyc1-2ef2e6cc.doserverless.co/api/v1/web/fn-dd7f8f6a-d32a-4f5e-ae7b-870dfb7963f3/downloads/bundle?id=000000000000274", filename = "C:\Users\cofc_\AppData\Local\Temp\tmp6082.tmp\rjsec267.ZIP", message = "rjsec267")~~RJStevensMusicPresentationCreator.Program~0000001248
2024-12-14 21:56:07.7648~DEBUG~download completed~~RJStevensMusicPresentationCreator.Program~0000001249
2024-12-14 21:56:07.7648~DEBUG~<- DownloadFile(url = "https://faas-nyc1-2ef2e6cc.doserverless.co/api/v1/web/fn-dd7f8f6a-d32a-4f5e-ae7b-870dfb7963f3/downloads/bundle?id=000000000000274", filename = "C:\Users\cofc_\AppData\Local\Temp\tmp6082.tmp\rjsec267.ZIP", message = "rjsec267")~~RJStevensMusicPresentationCreator.Program~0000001250
2024-12-14 21:56:07.7788~DEBUG~-> ExtractAllFromFile(zipFileName = "C:\Users\cofc_\AppData\Local\Temp\tmp6082.tmp\rjsec267.ZIP", decompressedFolder = "C:\Users\cofc_\AppData\Local\Temp\tmp615D.tmp", message = "rjsec267")~~RJStevensMusicPresentationCreator.Program~0000001251
2024-12-14 21:56:07.9748~DEBUG~extract completed~~RJStevensMusicPresentationCreator.Program~0000001252
2024-12-14 21:56:07.9748~DEBUG~<- ExtractAllFromFile(zipFileName = "C:\Users\cofc_\AppData\Local\Temp\tmp6082.tmp\rjsec267.ZIP", decompressedFolder = "C:\Users\cofc_\AppData\Local\Temp\tmp615D.tmp", message = "rjsec267")~~RJStevensMusicPresentationCreator.Program~0000001253
2024-12-14 21:56:08.0348~DEBUG~-> DownloadFile(url = "https://faas-nyc1-2ef2e6cc.doserverless.co/api/v1/web/fn-dd7f8f6a-d32a-4f5e-ae7b-870dfb7963f3/downloads/bundle?id=000000000000275", filename = "C:\Users\cofc_\AppData\Local\Temp\tmp6268.tmp\rjsec268.ZIP", message = "rjsec268")~~RJStevensMusicPresentationCreator.Program~0000001254
2024-12-14 21:56:08.2388~DEBUG~download completed~~RJStevensMusicPresentationCreator.Program~0000001255
2024-12-14 21:56:08.2388~DEBUG~<- DownloadFile(url = "https://faas-nyc1-2ef2e6cc.doserverless.co/api/v1/web/fn-dd7f8f6a-d32a-4f5e-ae7b-870dfb7963f3/downloads/bundle?id=000000000000275", filename = "C:\Users\cofc_\AppData\Local\Temp\tmp6268.tmp\rjsec268.ZIP", message = "rjsec268")~~RJStevensMusicPresentationCreator.Program~0000001256
2024-12-14 21:56:08.2548~DEBUG~-> ExtractAllFromFile(zipFileName = "C:\Users\cofc_\AppData\Local\Temp\tmp6268.tmp\rjsec268.ZIP", decompressedFolder = "C:\Users\cofc_\AppData\Local\Temp\tmp6344.tmp", message = "rjsec268")~~RJStevensMusicPresentationCreator.Program~0000001257
2024-12-14 21:56:08.4748~DEBUG~extract completed~~RJStevensMusicPresentationCreator.Program~0000001258
2024-12-14 21:56:08.4748~DEBUG~<- ExtractAllFromFile(zipFileName = "C:\Users\cofc_\AppData\Local\Temp\tmp6268.tmp\rjsec268.ZIP", decompressedFolder = "C:\Users\cofc_\AppData\Local\Temp\tmp6344.tmp", message = "rjsec268")~~RJStevensMusicPresentationCreator.Program~0000001259
2024-12-14 21:56:08.5328~DEBUG~-> DownloadFile(url = "https://faas-nyc1-2ef2e6cc.doserverless.co/api/v1/web/fn-dd7f8f6a-d32a-4f5e-ae7b-870dfb7963f3/downloads/bundle?id=000000000000276", filename = "C:\Users\cofc_\AppData\Local\Temp\tmp645E.tmp\rjsec269.ZIP", message = "rjsec269")~~RJStevensMusicPresentationCreator.Program~0000001260
2024-12-14 21:56:08.7338~DEBUG~download completed~~RJStevensMusicPresentationCreator.Program~0000001261
2024-12-14 21:56:08.7338~DEBUG~<- DownloadFile(url = "https://faas-nyc1-2ef2e6cc.doserverless.co/api/v1/web/fn-dd7f8f6a-d32a-4f5e-ae7b-870dfb7963f3/downloads/bundle?id=000000000000276", filename = "C:\Users\cofc_\AppData\Local\Temp\tmp645E.tmp\rjsec269.ZIP", message = "rjsec269")~~RJStevensMusicPresentationCreator.Program~0000001262
2024-12-14 21:56:08.7458~DEBUG~-> ExtractAllFromFile(zipFileName = "C:\Users\cofc_\AppData\Local\Temp\tmp645E.tmp\rjsec269.ZIP", decompressedFolder = "C:\Users\cofc_\AppData\Local\Temp\tmp652A.tmp", message = "rjsec269")~~RJStevensMusicPresentationCreator.Program~0000001263
2024-12-14 21:56:08.9639~DEBUG~extract completed~~RJStevensMusicPresentationCreator.Program~0000001264
2024-12-14 21:56:08.9639~DEBUG~<- ExtractAllFromFile(zipFileName = "C:\Users\cofc_\AppData\Local\Temp\tmp645E.tmp\rjsec269.ZIP", decompressedFolder = "C:\Users\cofc_\AppData\Local\Temp\tmp652A.tmp", message = "rjsec269")~~RJStevensMusicPresentationCreator.Program~0000001265
2024-12-14 21:56:09.0319~DEBUG~-> DownloadFile(url = "https://faas-nyc1-2ef2e6cc.doserverless.co/api/v1/web/fn-dd7f8f6a-d32a-4f5e-ae7b-870dfb7963f3/downloads/bundle?id=gp5fjsicrf12dnz", filename = "C:\Users\cofc_\AppData\Local\Temp\tmp6644.tmp\rjsec269.16.ZIP", message = "rjsec269.16")~~RJStevensMusicPresentationCreator.Program~0000001266
2024-12-14 21:56:09.2559~DEBUG~download completed~~RJStevensMusicPresentationCreator.Program~0000001267
2024-12-14 21:56:09.2559~DEBUG~<- DownloadFile(url = "https://faas-nyc1-2ef2e6cc.doserverless.co/api/v1/web/fn-dd7f8f6a-d32a-4f5e-ae7b-870dfb7963f3/downloads/bundle?id=gp5fjsicrf12dnz", filename = "C:\Users\cofc_\AppData\Local\Temp\tmp6644.tmp\rjsec269.16.ZIP", message = "rjsec269.16")~~RJStevensMusicPresentationCreator.Program~0000001268
2024-12-14 21:56:09.2699~DEBUG~-> ExtractAllFromFile(zipFileName = "C:\Users\cofc_\AppData\Local\Temp\tmp6644.tmp\rjsec269.16.ZIP", decompressedFolder = "C:\Users\cofc_\AppData\Local\Temp\tmp673F.tmp", message = "rjsec269.16")~~RJStevensMusicPresentationCreator.Program~0000001269
2024-12-14 21:56:09.5289~DEBUG~extract completed~~RJStevensMusicPresentationCreator.Program~0000001270
2024-12-14 21:56:09.5289~DEBUG~<- ExtractAllFromFile(zipFileName = "C:\Users\cofc_\AppData\Local\Temp\tmp6644.tmp\rjsec269.16.ZIP", decompressedFolder = "C:\Users\cofc_\AppData\Local\Temp\tmp673F.tmp", message = "rjsec269.16")~~RJStevensMusicPresentationCreator.Program~0000001271
2024-12-14 21:56:09.5909~DEBUG~-> DownloadFile(url = "https://faas-nyc1-2ef2e6cc.doserverless.co/api/v1/web/fn-dd7f8f6a-d32a-4f5e-ae7b-870dfb7963f3/downloads/bundle?id=nsonmj3v2ic9pwo", filename = "C:\Users\cofc_\AppData\Local\Temp\tmp6879.tmp\rjsec269.22.ZIP", message = "rjsec269.22")~~RJStevensMusicPresentationCreator.Program~0000001272
2024-12-14 21:56:09.8069~DEBUG~download completed~~RJStevensMusicPresentationCreator.Program~0000001273
2024-12-14 21:56:09.8069~DEBUG~<- DownloadFile(url = "https://faas-nyc1-2ef2e6cc.doserverless.co/api/v1/web/fn-dd7f8f6a-d32a-4f5e-ae7b-870dfb7963f3/downloads/bundle?id=nsonmj3v2ic9pwo", filename = "C:\Users\cofc_\AppData\Local\Temp\tmp6879.tmp\rjsec269.22.ZIP", message = "rjsec269.22")~~RJStevensMusicPresentationCreator.Program~0000001274
2024-12-14 21:56:09.8239~DEBUG~-> ExtractAllFromFile(zipFileName = "C:\Users\cofc_\AppData\Local\Temp\tmp6879.tmp\rjsec269.22.ZIP", decompressedFolder = "C:\Users\cofc_\AppData\Local\Temp\tmp6964.tmp", message = "rjsec269.22")~~RJStevensMusicPresentationCreator.Program~0000001275
2024-12-14 21:56:10.0679~DEBUG~extract completed~~RJStevensMusicPresentationCreator.Program~0000001276
2024-12-14 21:56:10.0679~DEBUG~<- ExtractAllFromFile(zipFileName = "C:\Users\cofc_\AppData\Local\Temp\tmp6879.tmp\rjsec269.22.ZIP", decompressedFolder = "C:\Users\cofc_\AppData\Local\Temp\tmp6964.tmp", message = "rjsec269.22")~~RJStevensMusicPresentationCreator.Program~0000001277
2024-12-14 21:56:10.1409~DEBUG~-> DownloadFile(url = "https://faas-nyc1-2ef2e6cc.doserverless.co/api/v1/web/fn-dd7f8f6a-d32a-4f5e-ae7b-870dfb7963f3/downloads/bundle?id=000000000000277", filename = "C:\Users\cofc_\AppData\Local\Temp\tmp6A9E.tmp\rjsec270.ZIP", message = "rjsec270")~~RJStevensMusicPresentationCreator.Program~0000001278
2024-12-14 21:56:10.3620~DEBUG~download completed~~RJStevensMusicPresentationCreator.Program~0000001279
2024-12-14 21:56:10.3620~DEBUG~<- DownloadFile(url = "https://faas-nyc1-2ef2e6cc.doserverless.co/api/v1/web/fn-dd7f8f6a-d32a-4f5e-ae7b-870dfb7963f3/downloads/bundle?id=000000000000277", filename = "C:\Users\cofc_\AppData\Local\Temp\tmp6A9E.tmp\rjsec270.ZIP", message = "rjsec270")~~RJStevensMusicPresentationCreator.Program~0000001280
2024-12-14 21:56:10.3760~DEBUG~-> ExtractAllFromFile(zipFileName = "C:\Users\cofc_\AppData\Local\Temp\tmp6A9E.tmp\rjsec270.ZIP", decompressedFolder = "C:\Users\cofc_\AppData\Local\Temp\tmp6B99.tmp", message = "rjsec270")~~RJStevensMusicPresentationCreator.Program~0000001281
2024-12-14 21:56:10.6210~DEBUG~extract completed~~RJStevensMusicPresentationCreator.Program~0000001282
2024-12-14 21:56:10.6210~DEBUG~<- ExtractAllFromFile(zipFileName = "C:\Users\cofc_\AppData\Local\Temp\tmp6A9E.tmp\rjsec270.ZIP", decompressedFolder = "C:\Users\cofc_\AppData\Local\Temp\tmp6B99.tmp", message = "rjsec270")~~RJStevensMusicPresentationCreator.Program~0000001283
2024-12-14 21:56:10.6820~DEBUG~-> DownloadFile(url = "https://faas-nyc1-2ef2e6cc.doserverless.co/api/v1/web/fn-dd7f8f6a-d32a-4f5e-ae7b-870dfb7963f3/downloads/bundle?id=000000000000278", filename = "C:\Users\cofc_\AppData\Local\Temp\tmp6CC3.tmp\rjsec271.ZIP", message = "rjsec271")~~RJStevensMusicPresentationCreator.Program~0000001284
2024-12-14 21:56:10.9110~DEBUG~download completed~~RJStevensMusicPresentationCreator.Program~0000001285
2024-12-14 21:56:10.9110~DEBUG~<- DownloadFile(url = "https://faas-nyc1-2ef2e6cc.doserverless.co/api/v1/web/fn-dd7f8f6a-d32a-4f5e-ae7b-870dfb7963f3/downloads/bundle?id=000000000000278", filename = "C:\Users\cofc_\AppData\Local\Temp\tmp6CC3.tmp\rjsec271.ZIP", message = "rjsec271")~~RJStevensMusicPresentationCreator.Program~0000001286
2024-12-14 21:56:10.9250~DEBUG~-> ExtractAllFromFile(zipFileName = "C:\Users\cofc_\AppData\Local\Temp\tmp6CC3.tmp\rjsec271.ZIP", decompressedFolder = "C:\Users\cofc_\AppData\Local\Temp\tmp6DBE.tmp", message = "rjsec271")~~RJStevensMusicPresentationCreator.Program~0000001287
2024-12-14 21:56:11.1230~DEBUG~extract completed~~RJStevensMusicPresentationCreator.Program~0000001288
2024-12-14 21:56:11.1260~DEBUG~<- ExtractAllFromFile(zipFileName = "C:\Users\cofc_\AppData\Local\Temp\tmp6CC3.tmp\rjsec271.ZIP", decompressedFolder = "C:\Users\cofc_\AppData\Local\Temp\tmp6DBE.tmp", message = "rjsec271")~~RJStevensMusicPresentationCreator.Program~0000001289
2024-12-14 21:56:11.1860~DEBUG~-> DownloadFile(url = "https://faas-nyc1-2ef2e6cc.doserverless.co/api/v1/web/fn-dd7f8f6a-d32a-4f5e-ae7b-870dfb7963f3/downloads/bundle?id=000000000000279", filename = "C:\Users\cofc_\AppData\Local\Temp\tmp6EB9.tmp\rjsec272.ZIP", message = "rjsec272")~~RJStevensMusicPresentationCreator.Program~0000001290
2024-12-14 21:56:11.4460~DEBUG~download completed~~RJStevensMusicPresentationCreator.Program~0000001291
2024-12-14 21:56:11.4460~DEBUG~<- DownloadFile(url = "https://faas-nyc1-2ef2e6cc.doserverless.co/api/v1/web/fn-dd7f8f6a-d32a-4f5e-ae7b-870dfb7963f3/downloads/bundle?id=000000000000279", filename = "C:\Users\cofc_\AppData\Local\Temp\tmp6EB9.tmp\rjsec272.ZIP", message = "rjsec272")~~RJStevensMusicPresentationCreator.Program~0000001292
2024-12-14 21:56:11.4630~DEBUG~-> ExtractAllFromFile(zipFileName = "C:\Users\cofc_\AppData\Local\Temp\tmp6EB9.tmp\rjsec272.ZIP", decompressedFolder = "C:\Users\cofc_\AppData\Local\Temp\tmp6FD3.tmp", message = "rjsec272")~~RJStevensMusicPresentationCreator.Program~0000001293
2024-12-14 21:56:11.7791~DEBUG~extract completed~~RJStevensMusicPresentationCreator.Program~0000001294
2024-12-14 21:56:11.7791~DEBUG~<- ExtractAllFromFile(zipFileName = "C:\Users\cofc_\AppData\Local\Temp\tmp6EB9.tmp\rjsec272.ZIP", decompressedFolder = "C:\Users\cofc_\AppData\Local\Temp\tmp6FD3.tmp", message = "rjsec272")~~RJStevensMusicPresentationCreator.Program~0000001295
2024-12-14 21:56:11.8551~DEBUG~-> DownloadFile(url = "https://faas-nyc1-2ef2e6cc.doserverless.co/api/v1/web/fn-dd7f8f6a-d32a-4f5e-ae7b-870dfb7963f3/downloads/bundle?id=000000000000280", filename = "C:\Users\cofc_\AppData\Local\Temp\tmp715B.tmp\rjsec273.ZIP", message = "rjsec273")~~RJStevensMusicPresentationCreator.Program~0000001296
2024-12-14 21:56:12.8772~DEBUG~download completed~~RJStevensMusicPresentationCreator.Program~0000001297
2024-12-14 21:56:12.8772~DEBUG~<- DownloadFile(url = "https://faas-nyc1-2ef2e6cc.doserverless.co/api/v1/web/fn-dd7f8f6a-d32a-4f5e-ae7b-870dfb7963f3/downloads/bundle?id=000000000000280", filename = "C:\Users\cofc_\AppData\Local\Temp\tmp715B.tmp\rjsec273.ZIP", message = "rjsec273")~~RJStevensMusicPresentationCreator.Program~0000001298
2024-12-14 21:56:12.8922~DEBUG~-> ExtractAllFromFile(zipFileName = "C:\Users\cofc_\AppData\Local\Temp\tmp715B.tmp\rjsec273.ZIP", decompressedFolder = "C:\Users\cofc_\AppData\Local\Temp\tmp7572.tmp", message = "rjsec273")~~RJStevensMusicPresentationCreator.Program~0000001299
2024-12-14 21:56:13.0476~DEBUG~extract completed~~RJStevensMusicPresentationCreator.Program~0000001300
2024-12-14 21:56:13.0476~DEBUG~<- ExtractAllFromFile(zipFileName = "C:\Users\cofc_\AppData\Local\Temp\tmp715B.tmp\rjsec273.ZIP", decompressedFolder = "C:\Users\cofc_\AppData\Local\Temp\tmp7572.tmp", message = "rjsec273")~~RJStevensMusicPresentationCreator.Program~0000001301
2024-12-14 21:56:13.1086~DEBUG~-> DownloadFile(url = "https://faas-nyc1-2ef2e6cc.doserverless.co/api/v1/web/fn-dd7f8f6a-d32a-4f5e-ae7b-870dfb7963f3/downloads/bundle?id=000000000000281", filename = "C:\Users\cofc_\AppData\Local\Temp\tmp763F.tmp\rjsec274.ZIP", message = "rjsec274")~~RJStevensMusicPresentationCreator.Program~0000001302
2024-12-14 21:56:13.4036~DEBUG~download completed~~RJStevensMusicPresentationCreator.Program~0000001303
2024-12-14 21:56:13.4036~DEBUG~<- DownloadFile(url = "https://faas-nyc1-2ef2e6cc.doserverless.co/api/v1/web/fn-dd7f8f6a-d32a-4f5e-ae7b-870dfb7963f3/downloads/bundle?id=000000000000281", filename = "C:\Users\cofc_\AppData\Local\Temp\tmp763F.tmp\rjsec274.ZIP", message = "rjsec274")~~RJStevensMusicPresentationCreator.Program~0000001304
2024-12-14 21:56:13.4256~DEBUG~-> ExtractAllFromFile(zipFileName = "C:\Users\cofc_\AppData\Local\Temp\tmp763F.tmp\rjsec274.ZIP", decompressedFolder = "C:\Users\cofc_\AppData\Local\Temp\tmp7788.tmp", message = "rjsec274")~~RJStevensMusicPresentationCreator.Program~0000001305
2024-12-14 21:56:13.7116~DEBUG~extract completed~~RJStevensMusicPresentationCreator.Program~0000001306
2024-12-14 21:56:13.7116~DEBUG~<- ExtractAllFromFile(zipFileName = "C:\Users\cofc_\AppData\Local\Temp\tmp763F.tmp\rjsec274.ZIP", decompressedFolder = "C:\Users\cofc_\AppData\Local\Temp\tmp7788.tmp", message = "rjsec274")~~RJStevensMusicPresentationCreator.Program~0000001307
2024-12-14 21:56:13.7876~DEBUG~-> DownloadFile(url = "https://faas-nyc1-2ef2e6cc.doserverless.co/api/v1/web/fn-dd7f8f6a-d32a-4f5e-ae7b-870dfb7963f3/downloads/bundle?id=000000000000282", filename = "C:\Users\cofc_\AppData\Local\Temp\tmp78F0.tmp\rjsec275.ZIP", message = "rjsec275")~~RJStevensMusicPresentationCreator.Program~0000001308
2024-12-14 21:56:14.0016~DEBUG~download completed~~RJStevensMusicPresentationCreator.Program~0000001309
2024-12-14 21:56:14.0016~DEBUG~<- DownloadFile(url = "https://faas-nyc1-2ef2e6cc.doserverless.co/api/v1/web/fn-dd7f8f6a-d32a-4f5e-ae7b-870dfb7963f3/downloads/bundle?id=000000000000282", filename = "C:\Users\cofc_\AppData\Local\Temp\tmp78F0.tmp\rjsec275.ZIP", message = "rjsec275")~~RJStevensMusicPresentationCreator.Program~0000001310
2024-12-14 21:56:14.0016~DEBUG~-> ExtractAllFromFile(zipFileName = "C:\Users\cofc_\AppData\Local\Temp\tmp78F0.tmp\rjsec275.ZIP", decompressedFolder = "C:\Users\cofc_\AppData\Local\Temp\tmp79CC.tmp", message = "rjsec275")~~RJStevensMusicPresentationCreator.Program~0000001311
2024-12-14 21:56:14.2279~DEBUG~extract completed~~RJStevensMusicPresentationCreator.Program~0000001312
2024-12-14 21:56:14.2279~DEBUG~<- ExtractAllFromFile(zipFileName = "C:\Users\cofc_\AppData\Local\Temp\tmp78F0.tmp\rjsec275.ZIP", decompressedFolder = "C:\Users\cofc_\AppData\Local\Temp\tmp79CC.tmp", message = "rjsec275")~~RJStevensMusicPresentationCreator.Program~0000001313
2024-12-14 21:56:14.2889~DEBUG~-> DownloadFile(url = "https://faas-nyc1-2ef2e6cc.doserverless.co/api/v1/web/fn-dd7f8f6a-d32a-4f5e-ae7b-870dfb7963f3/downloads/bundle?id=000000000000283", filename = "C:\Users\cofc_\AppData\Local\Temp\tmp7AE6.tmp\rjsec276.ZIP", message = "rjsec276")~~RJStevensMusicPresentationCreator.Program~0000001314
2024-12-14 21:56:14.4960~DEBUG~download completed~~RJStevensMusicPresentationCreator.Program~0000001315
2024-12-14 21:56:14.4960~DEBUG~<- DownloadFile(url = "https://faas-nyc1-2ef2e6cc.doserverless.co/api/v1/web/fn-dd7f8f6a-d32a-4f5e-ae7b-870dfb7963f3/downloads/bundle?id=000000000000283", filename = "C:\Users\cofc_\AppData\Local\Temp\tmp7AE6.tmp\rjsec276.ZIP", message = "rjsec276")~~RJStevensMusicPresentationCreator.Program~0000001316
2024-12-14 21:56:14.5090~DEBUG~-> ExtractAllFromFile(zipFileName = "C:\Users\cofc_\AppData\Local\Temp\tmp7AE6.tmp\rjsec276.ZIP", decompressedFolder = "C:\Users\cofc_\AppData\Local\Temp\tmp7BC2.tmp", message = "rjsec276")~~RJStevensMusicPresentationCreator.Program~0000001317
2024-12-14 21:56:14.7279~DEBUG~extract completed~~RJStevensMusicPresentationCreator.Program~0000001318
2024-12-14 21:56:14.7279~DEBUG~<- ExtractAllFromFile(zipFileName = "C:\Users\cofc_\AppData\Local\Temp\tmp7AE6.tmp\rjsec276.ZIP", decompressedFolder = "C:\Users\cofc_\AppData\Local\Temp\tmp7BC2.tmp", message = "rjsec276")~~RJStevensMusicPresentationCreator.Program~0000001319
2024-12-14 21:56:14.7919~DEBUG~-> DownloadFile(url = "https://faas-nyc1-2ef2e6cc.doserverless.co/api/v1/web/fn-dd7f8f6a-d32a-4f5e-ae7b-870dfb7963f3/downloads/bundle?id=000000000000284", filename = "C:\Users\cofc_\AppData\Local\Temp\tmp7CDC.tmp\rjsec277.ZIP", message = "rjsec277")~~RJStevensMusicPresentationCreator.Program~0000001320
2024-12-14 21:56:15.0060~DEBUG~download completed~~RJStevensMusicPresentationCreator.Program~0000001321
2024-12-14 21:56:15.0060~DEBUG~<- DownloadFile(url = "https://faas-nyc1-2ef2e6cc.doserverless.co/api/v1/web/fn-dd7f8f6a-d32a-4f5e-ae7b-870dfb7963f3/downloads/bundle?id=000000000000284", filename = "C:\Users\cofc_\AppData\Local\Temp\tmp7CDC.tmp\rjsec277.ZIP", message = "rjsec277")~~RJStevensMusicPresentationCreator.Program~0000001322
2024-12-14 21:56:15.0230~DEBUG~-> ExtractAllFromFile(zipFileName = "C:\Users\cofc_\AppData\Local\Temp\tmp7CDC.tmp\rjsec277.ZIP", decompressedFolder = "C:\Users\cofc_\AppData\Local\Temp\tmp7DC7.tmp", message = "rjsec277")~~RJStevensMusicPresentationCreator.Program~0000001323
2024-12-14 21:56:15.2380~DEBUG~extract completed~~RJStevensMusicPresentationCreator.Program~0000001324
2024-12-14 21:56:15.2380~DEBUG~<- ExtractAllFromFile(zipFileName = "C:\Users\cofc_\AppData\Local\Temp\tmp7CDC.tmp\rjsec277.ZIP", decompressedFolder = "C:\Users\cofc_\AppData\Local\Temp\tmp7DC7.tmp", message = "rjsec277")~~RJStevensMusicPresentationCreator.Program~0000001325
2024-12-14 21:56:15.2970~DEBUG~-> DownloadFile(url = "https://faas-nyc1-2ef2e6cc.doserverless.co/api/v1/web/fn-dd7f8f6a-d32a-4f5e-ae7b-870dfb7963f3/downloads/bundle?id=000000000000285", filename = "C:\Users\cofc_\AppData\Local\Temp\tmp7ED2.tmp\rjsec278.ZIP", message = "rjsec278")~~RJStevensMusicPresentationCreator.Program~0000001326
2024-12-14 21:56:15.5490~DEBUG~download completed~~RJStevensMusicPresentationCreator.Program~0000001327
2024-12-14 21:56:15.5490~DEBUG~<- DownloadFile(url = "https://faas-nyc1-2ef2e6cc.doserverless.co/api/v1/web/fn-dd7f8f6a-d32a-4f5e-ae7b-870dfb7963f3/downloads/bundle?id=000000000000285", filename = "C:\Users\cofc_\AppData\Local\Temp\tmp7ED2.tmp\rjsec278.ZIP", message = "rjsec278")~~RJStevensMusicPresentationCreator.Program~0000001328
2024-12-14 21:56:15.5720~DEBUG~-> ExtractAllFromFile(zipFileName = "C:\Users\cofc_\AppData\Local\Temp\tmp7ED2.tmp\rjsec278.ZIP", decompressedFolder = "C:\Users\cofc_\AppData\Local\Temp\tmp7FEC.tmp", message = "rjsec278")~~RJStevensMusicPresentationCreator.Program~0000001329
2024-12-14 21:56:15.8994~DEBUG~extract completed~~RJStevensMusicPresentationCreator.Program~0000001330
2024-12-14 21:56:15.8994~DEBUG~<- ExtractAllFromFile(zipFileName = "C:\Users\cofc_\AppData\Local\Temp\tmp7ED2.tmp\rjsec278.ZIP", decompressedFolder = "C:\Users\cofc_\AppData\Local\Temp\tmp7FEC.tmp", message = "rjsec278")~~RJStevensMusicPresentationCreator.Program~0000001331
2024-12-14 21:56:15.9754~DEBUG~-> DownloadFile(url = "https://faas-nyc1-2ef2e6cc.doserverless.co/api/v1/web/fn-dd7f8f6a-d32a-4f5e-ae7b-870dfb7963f3/downloads/bundle?id=000000000000286", filename = "C:\Users\cofc_\AppData\Local\Temp\tmp8184.tmp\rjsec279.ZIP", message = "rjsec279")~~RJStevensMusicPresentationCreator.Program~0000001332
2024-12-14 21:56:16.1954~DEBUG~download completed~~RJStevensMusicPresentationCreator.Program~0000001333
2024-12-14 21:56:16.1954~DEBUG~<- DownloadFile(url = "https://faas-nyc1-2ef2e6cc.doserverless.co/api/v1/web/fn-dd7f8f6a-d32a-4f5e-ae7b-870dfb7963f3/downloads/bundle?id=000000000000286", filename = "C:\Users\cofc_\AppData\Local\Temp\tmp8184.tmp\rjsec279.ZIP", message = "rjsec279")~~RJStevensMusicPresentationCreator.Program~0000001334
2024-12-14 21:56:16.2094~DEBUG~-> ExtractAllFromFile(zipFileName = "C:\Users\cofc_\AppData\Local\Temp\tmp8184.tmp\rjsec279.ZIP", decompressedFolder = "C:\Users\cofc_\AppData\Local\Temp\tmp826F.tmp", message = "rjsec279")~~RJStevensMusicPresentationCreator.Program~0000001335
2024-12-14 21:56:16.5047~DEBUG~extract completed~~RJStevensMusicPresentationCreator.Program~0000001336
2024-12-14 21:56:16.5047~DEBUG~<- ExtractAllFromFile(zipFileName = "C:\Users\cofc_\AppData\Local\Temp\tmp8184.tmp\rjsec279.ZIP", decompressedFolder = "C:\Users\cofc_\AppData\Local\Temp\tmp826F.tmp", message = "rjsec279")~~RJStevensMusicPresentationCreator.Program~0000001337
2024-12-14 21:56:16.5767~DEBUG~-> DownloadFile(url = "https://faas-nyc1-2ef2e6cc.doserverless.co/api/v1/web/fn-dd7f8f6a-d32a-4f5e-ae7b-870dfb7963f3/downloads/bundle?id=000000000000289", filename = "C:\Users\cofc_\AppData\Local\Temp\tmp83D7.tmp\rjsec282.ZIP", message = "rjsec282")~~RJStevensMusicPresentationCreator.Program~0000001338
2024-12-14 21:56:16.7767~DEBUG~download completed~~RJStevensMusicPresentationCreator.Program~0000001339
2024-12-14 21:56:16.7767~DEBUG~<- DownloadFile(url = "https://faas-nyc1-2ef2e6cc.doserverless.co/api/v1/web/fn-dd7f8f6a-d32a-4f5e-ae7b-870dfb7963f3/downloads/bundle?id=000000000000289", filename = "C:\Users\cofc_\AppData\Local\Temp\tmp83D7.tmp\rjsec282.ZIP", message = "rjsec282")~~RJStevensMusicPresentationCreator.Program~0000001340
2024-12-14 21:56:16.7917~DEBUG~-> ExtractAllFromFile(zipFileName = "C:\Users\cofc_\AppData\Local\Temp\tmp83D7.tmp\rjsec282.ZIP", decompressedFolder = "C:\Users\cofc_\AppData\Local\Temp\tmp84B3.tmp", message = "rjsec282")~~RJStevensMusicPresentationCreator.Program~0000001341
2024-12-14 21:56:17.0317~DEBUG~extract completed~~RJStevensMusicPresentationCreator.Program~0000001342
2024-12-14 21:56:17.0317~DEBUG~<- ExtractAllFromFile(zipFileName = "C:\Users\cofc_\AppData\Local\Temp\tmp83D7.tmp\rjsec282.ZIP", decompressedFolder = "C:\Users\cofc_\AppData\Local\Temp\tmp84B3.tmp", message = "rjsec282")~~RJStevensMusicPresentationCreator.Program~0000001343
2024-12-14 21:56:17.1027~DEBUG~-> DownloadFile(url = "https://faas-nyc1-2ef2e6cc.doserverless.co/api/v1/web/fn-dd7f8f6a-d32a-4f5e-ae7b-870dfb7963f3/downloads/bundle?id=000000000000290", filename = "C:\Users\cofc_\AppData\Local\Temp\tmp85ED.tmp\rjsec283.ZIP", message = "rjsec283")~~RJStevensMusicPresentationCreator.Program~0000001344
2024-12-14 21:56:17.3197~DEBUG~download completed~~RJStevensMusicPresentationCreator.Program~0000001345
2024-12-14 21:56:17.3197~DEBUG~<- DownloadFile(url = "https://faas-nyc1-2ef2e6cc.doserverless.co/api/v1/web/fn-dd7f8f6a-d32a-4f5e-ae7b-870dfb7963f3/downloads/bundle?id=000000000000290", filename = "C:\Users\cofc_\AppData\Local\Temp\tmp85ED.tmp\rjsec283.ZIP", message = "rjsec283")~~RJStevensMusicPresentationCreator.Program~0000001346
2024-12-14 21:56:17.3317~DEBUG~-> ExtractAllFromFile(zipFileName = "C:\Users\cofc_\AppData\Local\Temp\tmp85ED.tmp\rjsec283.ZIP", decompressedFolder = "C:\Users\cofc_\AppData\Local\Temp\tmp86D8.tmp", message = "rjsec283")~~RJStevensMusicPresentationCreator.Program~0000001347
2024-12-14 21:56:17.5775~DEBUG~extract completed~~RJStevensMusicPresentationCreator.Program~0000001348
2024-12-14 21:56:17.5805~DEBUG~<- ExtractAllFromFile(zipFileName = "C:\Users\cofc_\AppData\Local\Temp\tmp85ED.tmp\rjsec283.ZIP", decompressedFolder = "C:\Users\cofc_\AppData\Local\Temp\tmp86D8.tmp", message = "rjsec283")~~RJStevensMusicPresentationCreator.Program~0000001349
2024-12-14 21:56:17.6435~DEBUG~-> DownloadFile(url = "https://faas-nyc1-2ef2e6cc.doserverless.co/api/v1/web/fn-dd7f8f6a-d32a-4f5e-ae7b-870dfb7963f3/downloads/bundle?id=000000000000291", filename = "C:\Users\cofc_\AppData\Local\Temp\tmp8802.tmp\rjsec284.ZIP", message = "rjsec284")~~RJStevensMusicPresentationCreator.Program~0000001350
2024-12-14 21:56:17.8915~DEBUG~download completed~~RJStevensMusicPresentationCreator.Program~0000001351
2024-12-14 21:56:17.8915~DEBUG~<- DownloadFile(url = "https://faas-nyc1-2ef2e6cc.doserverless.co/api/v1/web/fn-dd7f8f6a-d32a-4f5e-ae7b-870dfb7963f3/downloads/bundle?id=000000000000291", filename = "C:\Users\cofc_\AppData\Local\Temp\tmp8802.tmp\rjsec284.ZIP", message = "rjsec284")~~RJStevensMusicPresentationCreator.Program~0000001352
2024-12-14 21:56:17.9095~DEBUG~-> ExtractAllFromFile(zipFileName = "C:\Users\cofc_\AppData\Local\Temp\tmp8802.tmp\rjsec284.ZIP", decompressedFolder = "C:\Users\cofc_\AppData\Local\Temp\tmp891C.tmp", message = "rjsec284")~~RJStevensMusicPresentationCreator.Program~0000001353
2024-12-14 21:56:18.1306~DEBUG~extract completed~~RJStevensMusicPresentationCreator.Program~0000001354
2024-12-14 21:56:18.1306~DEBUG~<- ExtractAllFromFile(zipFileName = "C:\Users\cofc_\AppData\Local\Temp\tmp8802.tmp\rjsec284.ZIP", decompressedFolder = "C:\Users\cofc_\AppData\Local\Temp\tmp891C.tmp", message = "rjsec284")~~RJStevensMusicPresentationCreator.Program~0000001355
2024-12-14 21:56:18.1936~DEBUG~-> DownloadFile(url = "https://faas-nyc1-2ef2e6cc.doserverless.co/api/v1/web/fn-dd7f8f6a-d32a-4f5e-ae7b-870dfb7963f3/downloads/bundle?id=000000000000293", filename = "C:\Users\cofc_\AppData\Local\Temp\tmp8A36.tmp\rjsec286.ZIP", message = "rjsec286")~~RJStevensMusicPresentationCreator.Program~0000001356
2024-12-14 21:56:18.3806~DEBUG~download completed~~RJStevensMusicPresentationCreator.Program~0000001357
2024-12-14 21:56:18.3806~DEBUG~<- DownloadFile(url = "https://faas-nyc1-2ef2e6cc.doserverless.co/api/v1/web/fn-dd7f8f6a-d32a-4f5e-ae7b-870dfb7963f3/downloads/bundle?id=000000000000293", filename = "C:\Users\cofc_\AppData\Local\Temp\tmp8A36.tmp\rjsec286.ZIP", message = "rjsec286")~~RJStevensMusicPresentationCreator.Program~0000001358
2024-12-14 21:56:18.3956~DEBUG~-> ExtractAllFromFile(zipFileName = "C:\Users\cofc_\AppData\Local\Temp\tmp8A36.tmp\rjsec286.ZIP", decompressedFolder = "C:\Users\cofc_\AppData\Local\Temp\tmp8B02.tmp", message = "rjsec286")~~RJStevensMusicPresentationCreator.Program~0000001359
2024-12-14 21:56:18.5746~DEBUG~extract completed~~RJStevensMusicPresentationCreator.Program~0000001360
2024-12-14 21:56:18.5746~DEBUG~<- ExtractAllFromFile(zipFileName = "C:\Users\cofc_\AppData\Local\Temp\tmp8A36.tmp\rjsec286.ZIP", decompressedFolder = "C:\Users\cofc_\AppData\Local\Temp\tmp8B02.tmp", message = "rjsec286")~~RJStevensMusicPresentationCreator.Program~0000001361
2024-12-14 21:56:18.6276~DEBUG~-> DownloadFile(url = "https://faas-nyc1-2ef2e6cc.doserverless.co/api/v1/web/fn-dd7f8f6a-d32a-4f5e-ae7b-870dfb7963f3/downloads/bundle?id=000000000000294", filename = "C:\Users\cofc_\AppData\Local\Temp\tmp8BEE.tmp\rjsec287.ZIP", message = "rjsec287")~~RJStevensMusicPresentationCreator.Program~0000001362
2024-12-14 21:56:18.8616~DEBUG~download completed~~RJStevensMusicPresentationCreator.Program~0000001363
2024-12-14 21:56:18.8616~DEBUG~<- DownloadFile(url = "https://faas-nyc1-2ef2e6cc.doserverless.co/api/v1/web/fn-dd7f8f6a-d32a-4f5e-ae7b-870dfb7963f3/downloads/bundle?id=000000000000294", filename = "C:\Users\cofc_\AppData\Local\Temp\tmp8BEE.tmp\rjsec287.ZIP", message = "rjsec287")~~RJStevensMusicPresentationCreator.Program~0000001364
2024-12-14 21:56:18.8786~DEBUG~-> ExtractAllFromFile(zipFileName = "C:\Users\cofc_\AppData\Local\Temp\tmp8BEE.tmp\rjsec287.ZIP", decompressedFolder = "C:\Users\cofc_\AppData\Local\Temp\tmp8CE9.tmp", message = "rjsec287")~~RJStevensMusicPresentationCreator.Program~0000001365
2024-12-14 21:56:19.1096~DEBUG~extract completed~~RJStevensMusicPresentationCreator.Program~0000001366
2024-12-14 21:56:19.1136~DEBUG~<- ExtractAllFromFile(zipFileName = "C:\Users\cofc_\AppData\Local\Temp\tmp8BEE.tmp\rjsec287.ZIP", decompressedFolder = "C:\Users\cofc_\AppData\Local\Temp\tmp8CE9.tmp", message = "rjsec287")~~RJStevensMusicPresentationCreator.Program~0000001367
2024-12-14 21:56:19.1806~DEBUG~-> DownloadFile(url = "https://faas-nyc1-2ef2e6cc.doserverless.co/api/v1/web/fn-dd7f8f6a-d32a-4f5e-ae7b-870dfb7963f3/downloads/bundle?id=000000000000295", filename = "C:\Users\cofc_\AppData\Local\Temp\tmp8E13.tmp\rjsec288.ZIP", message = "rjsec288")~~RJStevensMusicPresentationCreator.Program~0000001368
2024-12-14 21:56:19.3777~DEBUG~download completed~~RJStevensMusicPresentationCreator.Program~0000001369
2024-12-14 21:56:19.3777~DEBUG~<- DownloadFile(url = "https://faas-nyc1-2ef2e6cc.doserverless.co/api/v1/web/fn-dd7f8f6a-d32a-4f5e-ae7b-870dfb7963f3/downloads/bundle?id=000000000000295", filename = "C:\Users\cofc_\AppData\Local\Temp\tmp8E13.tmp\rjsec288.ZIP", message = "rjsec288")~~RJStevensMusicPresentationCreator.Program~0000001370
2024-12-14 21:56:19.4007~DEBUG~-> ExtractAllFromFile(zipFileName = "C:\Users\cofc_\AppData\Local\Temp\tmp8E13.tmp\rjsec288.ZIP", decompressedFolder = "C:\Users\cofc_\AppData\Local\Temp\tmp8EEE.tmp", message = "rjsec288")~~RJStevensMusicPresentationCreator.Program~0000001371
2024-12-14 21:56:19.6117~DEBUG~extract completed~~RJStevensMusicPresentationCreator.Program~0000001372
2024-12-14 21:56:19.6117~DEBUG~<- ExtractAllFromFile(zipFileName = "C:\Users\cofc_\AppData\Local\Temp\tmp8E13.tmp\rjsec288.ZIP", decompressedFolder = "C:\Users\cofc_\AppData\Local\Temp\tmp8EEE.tmp", message = "rjsec288")~~RJStevensMusicPresentationCreator.Program~0000001373
2024-12-14 21:56:19.6777~DEBUG~-> DownloadFile(url = "https://faas-nyc1-2ef2e6cc.doserverless.co/api/v1/web/fn-dd7f8f6a-d32a-4f5e-ae7b-870dfb7963f3/downloads/bundle?id=000000000000296", filename = "C:\Users\cofc_\AppData\Local\Temp\tmp9009.tmp\rjsec289.ZIP", message = "rjsec289")~~RJStevensMusicPresentationCreator.Program~0000001374
2024-12-14 21:56:19.9017~DEBUG~download completed~~RJStevensMusicPresentationCreator.Program~0000001375
2024-12-14 21:56:19.9017~DEBUG~<- DownloadFile(url = "https://faas-nyc1-2ef2e6cc.doserverless.co/api/v1/web/fn-dd7f8f6a-d32a-4f5e-ae7b-870dfb7963f3/downloads/bundle?id=000000000000296", filename = "C:\Users\cofc_\AppData\Local\Temp\tmp9009.tmp\rjsec289.ZIP", message = "rjsec289")~~RJStevensMusicPresentationCreator.Program~0000001376
2024-12-14 21:56:19.9147~DEBUG~-> ExtractAllFromFile(zipFileName = "C:\Users\cofc_\AppData\Local\Temp\tmp9009.tmp\rjsec289.ZIP", decompressedFolder = "C:\Users\cofc_\AppData\Local\Temp\tmp90F4.tmp", message = "rjsec289")~~RJStevensMusicPresentationCreator.Program~0000001377
2024-12-14 21:56:20.1837~DEBUG~extract completed~~RJStevensMusicPresentationCreator.Program~0000001378
2024-12-14 21:56:20.1837~DEBUG~<- ExtractAllFromFile(zipFileName = "C:\Users\cofc_\AppData\Local\Temp\tmp9009.tmp\rjsec289.ZIP", decompressedFolder = "C:\Users\cofc_\AppData\Local\Temp\tmp90F4.tmp", message = "rjsec289")~~RJStevensMusicPresentationCreator.Program~0000001379
2024-12-14 21:56:20.2477~DEBUG~-> DownloadFile(url = "https://faas-nyc1-2ef2e6cc.doserverless.co/api/v1/web/fn-dd7f8f6a-d32a-4f5e-ae7b-870dfb7963f3/downloads/bundle?id=000000000000297", filename = "C:\Users\cofc_\AppData\Local\Temp\tmp923D.tmp\rjsec290.ZIP", message = "rjsec290")~~RJStevensMusicPresentationCreator.Program~0000001380
2024-12-14 21:56:20.5097~DEBUG~download completed~~RJStevensMusicPresentationCreator.Program~0000001381
2024-12-14 21:56:20.5097~DEBUG~<- DownloadFile(url = "https://faas-nyc1-2ef2e6cc.doserverless.co/api/v1/web/fn-dd7f8f6a-d32a-4f5e-ae7b-870dfb7963f3/downloads/bundle?id=000000000000297", filename = "C:\Users\cofc_\AppData\Local\Temp\tmp923D.tmp\rjsec290.ZIP", message = "rjsec290")~~RJStevensMusicPresentationCreator.Program~0000001382
2024-12-14 21:56:20.5217~DEBUG~-> ExtractAllFromFile(zipFileName = "C:\Users\cofc_\AppData\Local\Temp\tmp923D.tmp\rjsec290.ZIP", decompressedFolder = "C:\Users\cofc_\AppData\Local\Temp\tmp9357.tmp", message = "rjsec290")~~RJStevensMusicPresentationCreator.Program~0000001383
2024-12-14 21:56:20.7648~DEBUG~extract completed~~RJStevensMusicPresentationCreator.Program~0000001384
2024-12-14 21:56:20.7678~DEBUG~<- ExtractAllFromFile(zipFileName = "C:\Users\cofc_\AppData\Local\Temp\tmp923D.tmp\rjsec290.ZIP", decompressedFolder = "C:\Users\cofc_\AppData\Local\Temp\tmp9357.tmp", message = "rjsec290")~~RJStevensMusicPresentationCreator.Program~0000001385
2024-12-14 21:56:20.8338~DEBUG~-> DownloadFile(url = "https://faas-nyc1-2ef2e6cc.doserverless.co/api/v1/web/fn-dd7f8f6a-d32a-4f5e-ae7b-870dfb7963f3/downloads/bundle?id=000000000000299", filename = "C:\Users\cofc_\AppData\Local\Temp\tmp9491.tmp\rjsec292.ZIP", message = "rjsec292")~~RJStevensMusicPresentationCreator.Program~0000001386
2024-12-14 21:56:21.0768~DEBUG~download completed~~RJStevensMusicPresentationCreator.Program~0000001387
2024-12-14 21:56:21.0768~DEBUG~<- DownloadFile(url = "https://faas-nyc1-2ef2e6cc.doserverless.co/api/v1/web/fn-dd7f8f6a-d32a-4f5e-ae7b-870dfb7963f3/downloads/bundle?id=000000000000299", filename = "C:\Users\cofc_\AppData\Local\Temp\tmp9491.tmp\rjsec292.ZIP", message = "rjsec292")~~RJStevensMusicPresentationCreator.Program~0000001388
2024-12-14 21:56:21.0928~DEBUG~-> ExtractAllFromFile(zipFileName = "C:\Users\cofc_\AppData\Local\Temp\tmp9491.tmp\rjsec292.ZIP", decompressedFolder = "C:\Users\cofc_\AppData\Local\Temp\tmp958C.tmp", message = "rjsec292")~~RJStevensMusicPresentationCreator.Program~0000001389
2024-12-14 21:56:21.3628~DEBUG~extract completed~~RJStevensMusicPresentationCreator.Program~0000001390
2024-12-14 21:56:21.3628~DEBUG~<- ExtractAllFromFile(zipFileName = "C:\Users\cofc_\AppData\Local\Temp\tmp9491.tmp\rjsec292.ZIP", decompressedFolder = "C:\Users\cofc_\AppData\Local\Temp\tmp958C.tmp", message = "rjsec292")~~RJStevensMusicPresentationCreator.Program~0000001391
2024-12-14 21:56:21.4308~DEBUG~-> DownloadFile(url = "https://faas-nyc1-2ef2e6cc.doserverless.co/api/v1/web/fn-dd7f8f6a-d32a-4f5e-ae7b-870dfb7963f3/downloads/bundle?id=000000000000300", filename = "C:\Users\cofc_\AppData\Local\Temp\tmp96E5.tmp\rjsec293.ZIP", message = "rjsec293")~~RJStevensMusicPresentationCreator.Program~0000001392
2024-12-14 21:56:21.6418~DEBUG~download completed~~RJStevensMusicPresentationCreator.Program~0000001393
2024-12-14 21:56:21.6418~DEBUG~<- DownloadFile(url = "https://faas-nyc1-2ef2e6cc.doserverless.co/api/v1/web/fn-dd7f8f6a-d32a-4f5e-ae7b-870dfb7963f3/downloads/bundle?id=000000000000300", filename = "C:\Users\cofc_\AppData\Local\Temp\tmp96E5.tmp\rjsec293.ZIP", message = "rjsec293")~~RJStevensMusicPresentationCreator.Program~0000001394
2024-12-14 21:56:21.6418~DEBUG~-> ExtractAllFromFile(zipFileName = "C:\Users\cofc_\AppData\Local\Temp\tmp96E5.tmp\rjsec293.ZIP", decompressedFolder = "C:\Users\cofc_\AppData\Local\Temp\tmp97C0.tmp", message = "rjsec293")~~RJStevensMusicPresentationCreator.Program~0000001395
2024-12-14 21:56:21.8838~DEBUG~extract completed~~RJStevensMusicPresentationCreator.Program~0000001396
2024-12-14 21:56:21.8838~DEBUG~<- ExtractAllFromFile(zipFileName = "C:\Users\cofc_\AppData\Local\Temp\tmp96E5.tmp\rjsec293.ZIP", decompressedFolder = "C:\Users\cofc_\AppData\Local\Temp\tmp97C0.tmp", message = "rjsec293")~~RJStevensMusicPresentationCreator.Program~0000001397
2024-12-14 21:56:21.9568~DEBUG~-> DownloadFile(url = "https://faas-nyc1-2ef2e6cc.doserverless.co/api/v1/web/fn-dd7f8f6a-d32a-4f5e-ae7b-870dfb7963f3/downloads/bundle?id=000000000000301", filename = "C:\Users\cofc_\AppData\Local\Temp\tmp98FA.tmp\rjsec294.ZIP", message = "rjsec294")~~RJStevensMusicPresentationCreator.Program~0000001398
2024-12-14 21:56:22.1879~DEBUG~download completed~~RJStevensMusicPresentationCreator.Program~0000001399
2024-12-14 21:56:22.1879~DEBUG~<- DownloadFile(url = "https://faas-nyc1-2ef2e6cc.doserverless.co/api/v1/web/fn-dd7f8f6a-d32a-4f5e-ae7b-870dfb7963f3/downloads/bundle?id=000000000000301", filename = "C:\Users\cofc_\AppData\Local\Temp\tmp98FA.tmp\rjsec294.ZIP", message = "rjsec294")~~RJStevensMusicPresentationCreator.Program~0000001400
2024-12-14 21:56:22.2059~DEBUG~-> ExtractAllFromFile(zipFileName = "C:\Users\cofc_\AppData\Local\Temp\tmp98FA.tmp\rjsec294.ZIP", decompressedFolder = "C:\Users\cofc_\AppData\Local\Temp\tmp99F5.tmp", message = "rjsec294")~~RJStevensMusicPresentationCreator.Program~0000001401
2024-12-14 21:56:22.4659~DEBUG~extract completed~~RJStevensMusicPresentationCreator.Program~0000001402
2024-12-14 21:56:22.4729~DEBUG~<- ExtractAllFromFile(zipFileName = "C:\Users\cofc_\AppData\Local\Temp\tmp98FA.tmp\rjsec294.ZIP", decompressedFolder = "C:\Users\cofc_\AppData\Local\Temp\tmp99F5.tmp", message = "rjsec294")~~RJStevensMusicPresentationCreator.Program~0000001403
2024-12-14 21:56:22.5429~DEBUG~-> DownloadFile(url = "https://faas-nyc1-2ef2e6cc.doserverless.co/api/v1/web/fn-dd7f8f6a-d32a-4f5e-ae7b-870dfb7963f3/downloads/bundle?id=000000000000302", filename = "C:\Users\cofc_\AppData\Local\Temp\tmp9B3E.tmp\rjsec295.ZIP", message = "rjsec295")~~RJStevensMusicPresentationCreator.Program~0000001404
2024-12-14 21:56:22.8039~DEBUG~download completed~~RJStevensMusicPresentationCreator.Program~0000001405
2024-12-14 21:56:22.8039~DEBUG~<- DownloadFile(url = "https://faas-nyc1-2ef2e6cc.doserverless.co/api/v1/web/fn-dd7f8f6a-d32a-4f5e-ae7b-870dfb7963f3/downloads/bundle?id=000000000000302", filename = "C:\Users\cofc_\AppData\Local\Temp\tmp9B3E.tmp\rjsec295.ZIP", message = "rjsec295")~~RJStevensMusicPresentationCreator.Program~0000001406
2024-12-14 21:56:22.8239~DEBUG~-> ExtractAllFromFile(zipFileName = "C:\Users\cofc_\AppData\Local\Temp\tmp9B3E.tmp\rjsec295.ZIP", decompressedFolder = "C:\Users\cofc_\AppData\Local\Temp\tmp9C58.tmp", message = "rjsec295")~~RJStevensMusicPresentationCreator.Program~0000001407
2024-12-14 21:56:23.0739~DEBUG~extract completed~~RJStevensMusicPresentationCreator.Program~0000001408
2024-12-14 21:56:23.0739~DEBUG~<- ExtractAllFromFile(zipFileName = "C:\Users\cofc_\AppData\Local\Temp\tmp9B3E.tmp\rjsec295.ZIP", decompressedFolder = "C:\Users\cofc_\AppData\Local\Temp\tmp9C58.tmp", message = "rjsec295")~~RJStevensMusicPresentationCreator.Program~0000001409
2024-12-14 21:56:23.1479~DEBUG~-> DownloadFile(url = "https://faas-nyc1-2ef2e6cc.doserverless.co/api/v1/web/fn-dd7f8f6a-d32a-4f5e-ae7b-870dfb7963f3/downloads/bundle?id=000000000000303", filename = "C:\Users\cofc_\AppData\Local\Temp\tmp9DA1.tmp\rjsec296.ZIP", message = "rjsec296")~~RJStevensMusicPresentationCreator.Program~0000001410
2024-12-14 21:56:23.3589~DEBUG~download completed~~RJStevensMusicPresentationCreator.Program~0000001411
2024-12-14 21:56:23.3599~DEBUG~<- DownloadFile(url = "https://faas-nyc1-2ef2e6cc.doserverless.co/api/v1/web/fn-dd7f8f6a-d32a-4f5e-ae7b-870dfb7963f3/downloads/bundle?id=000000000000303", filename = "C:\Users\cofc_\AppData\Local\Temp\tmp9DA1.tmp\rjsec296.ZIP", message = "rjsec296")~~RJStevensMusicPresentationCreator.Program~0000001412
2024-12-14 21:56:23.3599~DEBUG~-> ExtractAllFromFile(zipFileName = "C:\Users\cofc_\AppData\Local\Temp\tmp9DA1.tmp\rjsec296.ZIP", decompressedFolder = "C:\Users\cofc_\AppData\Local\Temp\tmp9E7D.tmp", message = "rjsec296")~~RJStevensMusicPresentationCreator.Program~0000001413
2024-12-14 21:56:23.5880~DEBUG~extract completed~~RJStevensMusicPresentationCreator.Program~0000001414
2024-12-14 21:56:23.5880~DEBUG~<- ExtractAllFromFile(zipFileName = "C:\Users\cofc_\AppData\Local\Temp\tmp9DA1.tmp\rjsec296.ZIP", decompressedFolder = "C:\Users\cofc_\AppData\Local\Temp\tmp9E7D.tmp", message = "rjsec296")~~RJStevensMusicPresentationCreator.Program~0000001415
2024-12-14 21:56:23.6590~DEBUG~-> DownloadFile(url = "https://faas-nyc1-2ef2e6cc.doserverless.co/api/v1/web/fn-dd7f8f6a-d32a-4f5e-ae7b-870dfb7963f3/downloads/bundle?id=000000000000304", filename = "C:\Users\cofc_\AppData\Local\Temp\tmp9FA7.tmp\rjsec297.ZIP", message = "rjsec297")~~RJStevensMusicPresentationCreator.Program~0000001416
2024-12-14 21:56:23.8620~DEBUG~download completed~~RJStevensMusicPresentationCreator.Program~0000001417
2024-12-14 21:56:23.8620~DEBUG~<- DownloadFile(url = "https://faas-nyc1-2ef2e6cc.doserverless.co/api/v1/web/fn-dd7f8f6a-d32a-4f5e-ae7b-870dfb7963f3/downloads/bundle?id=000000000000304", filename = "C:\Users\cofc_\AppData\Local\Temp\tmp9FA7.tmp\rjsec297.ZIP", message = "rjsec297")~~RJStevensMusicPresentationCreator.Program~0000001418
2024-12-14 21:56:23.8620~DEBUG~-> ExtractAllFromFile(zipFileName = "C:\Users\cofc_\AppData\Local\Temp\tmp9FA7.tmp\rjsec297.ZIP", decompressedFolder = "C:\Users\cofc_\AppData\Local\Temp\tmpA073.tmp", message = "rjsec297")~~RJStevensMusicPresentationCreator.Program~0000001419
2024-12-14 21:56:24.0780~DEBUG~extract completed~~RJStevensMusicPresentationCreator.Program~0000001420
2024-12-14 21:56:24.0810~DEBUG~<- ExtractAllFromFile(zipFileName = "C:\Users\cofc_\AppData\Local\Temp\tmp9FA7.tmp\rjsec297.ZIP", decompressedFolder = "C:\Users\cofc_\AppData\Local\Temp\tmpA073.tmp", message = "rjsec297")~~RJStevensMusicPresentationCreator.Program~0000001421
2024-12-14 21:56:24.1390~DEBUG~-> DownloadFile(url = "https://faas-nyc1-2ef2e6cc.doserverless.co/api/v1/web/fn-dd7f8f6a-d32a-4f5e-ae7b-870dfb7963f3/downloads/bundle?id=000000000000305", filename = "C:\Users\cofc_\AppData\Local\Temp\tmpA17E.tmp\rjsec298.ZIP", message = "rjsec298")~~RJStevensMusicPresentationCreator.Program~0000001422
2024-12-14 21:56:24.3660~DEBUG~download completed~~RJStevensMusicPresentationCreator.Program~0000001423
2024-12-14 21:56:24.3660~DEBUG~<- DownloadFile(url = "https://faas-nyc1-2ef2e6cc.doserverless.co/api/v1/web/fn-dd7f8f6a-d32a-4f5e-ae7b-870dfb7963f3/downloads/bundle?id=000000000000305", filename = "C:\Users\cofc_\AppData\Local\Temp\tmpA17E.tmp\rjsec298.ZIP", message = "rjsec298")~~RJStevensMusicPresentationCreator.Program~0000001424
2024-12-14 21:56:24.3790~DEBUG~-> ExtractAllFromFile(zipFileName = "C:\Users\cofc_\AppData\Local\Temp\tmpA17E.tmp\rjsec298.ZIP", decompressedFolder = "C:\Users\cofc_\AppData\Local\Temp\tmpA279.tmp", message = "rjsec298")~~RJStevensMusicPresentationCreator.Program~0000001425
2024-12-14 21:56:24.6090~DEBUG~extract completed~~RJStevensMusicPresentationCreator.Program~0000001426
2024-12-14 21:56:24.6120~DEBUG~<- ExtractAllFromFile(zipFileName = "C:\Users\cofc_\AppData\Local\Temp\tmpA17E.tmp\rjsec298.ZIP", decompressedFolder = "C:\Users\cofc_\AppData\Local\Temp\tmpA279.tmp", message = "rjsec298")~~RJStevensMusicPresentationCreator.Program~0000001427
2024-12-14 21:56:24.6790~DEBUG~-> DownloadFile(url = "https://faas-nyc1-2ef2e6cc.doserverless.co/api/v1/web/fn-dd7f8f6a-d32a-4f5e-ae7b-870dfb7963f3/downloads/bundle?id=000000000000307", filename = "C:\Users\cofc_\AppData\Local\Temp\tmpA3A3.tmp\rjsec300.ZIP", message = "rjsec300")~~RJStevensMusicPresentationCreator.Program~0000001428
2024-12-14 21:56:24.8761~DEBUG~download completed~~RJStevensMusicPresentationCreator.Program~0000001429
2024-12-14 21:56:24.8761~DEBUG~<- DownloadFile(url = "https://faas-nyc1-2ef2e6cc.doserverless.co/api/v1/web/fn-dd7f8f6a-d32a-4f5e-ae7b-870dfb7963f3/downloads/bundle?id=000000000000307", filename = "C:\Users\cofc_\AppData\Local\Temp\tmpA3A3.tmp\rjsec300.ZIP", message = "rjsec300")~~RJStevensMusicPresentationCreator.Program~0000001430
2024-12-14 21:56:24.8921~DEBUG~-> ExtractAllFromFile(zipFileName = "C:\Users\cofc_\AppData\Local\Temp\tmpA3A3.tmp\rjsec300.ZIP", decompressedFolder = "C:\Users\cofc_\AppData\Local\Temp\tmpA47E.tmp", message = "rjsec300")~~RJStevensMusicPresentationCreator.Program~0000001431
2024-12-14 21:56:25.1051~DEBUG~extract completed~~RJStevensMusicPresentationCreator.Program~0000001432
2024-12-14 21:56:25.1051~DEBUG~<- ExtractAllFromFile(zipFileName = "C:\Users\cofc_\AppData\Local\Temp\tmpA3A3.tmp\rjsec300.ZIP", decompressedFolder = "C:\Users\cofc_\AppData\Local\Temp\tmpA47E.tmp", message = "rjsec300")~~RJStevensMusicPresentationCreator.Program~0000001433
2024-12-14 21:56:25.1671~DEBUG~-> DownloadFile(url = "https://faas-nyc1-2ef2e6cc.doserverless.co/api/v1/web/fn-dd7f8f6a-d32a-4f5e-ae7b-870dfb7963f3/downloads/bundle?id=000000000000308", filename = "C:\Users\cofc_\AppData\Local\Temp\tmpA589.tmp\rjsec301.ZIP", message = "rjsec301")~~RJStevensMusicPresentationCreator.Program~0000001434
2024-12-14 21:56:25.3921~DEBUG~download completed~~RJStevensMusicPresentationCreator.Program~0000001435
2024-12-14 21:56:25.3921~DEBUG~<- DownloadFile(url = "https://faas-nyc1-2ef2e6cc.doserverless.co/api/v1/web/fn-dd7f8f6a-d32a-4f5e-ae7b-870dfb7963f3/downloads/bundle?id=000000000000308", filename = "C:\Users\cofc_\AppData\Local\Temp\tmpA589.tmp\rjsec301.ZIP", message = "rjsec301")~~RJStevensMusicPresentationCreator.Program~0000001436
2024-12-14 21:56:25.3921~DEBUG~-> ExtractAllFromFile(zipFileName = "C:\Users\cofc_\AppData\Local\Temp\tmpA589.tmp\rjsec301.ZIP", decompressedFolder = "C:\Users\cofc_\AppData\Local\Temp\tmpA674.tmp", message = "rjsec301")~~RJStevensMusicPresentationCreator.Program~0000001437
2024-12-14 21:56:25.6361~DEBUG~extract completed~~RJStevensMusicPresentationCreator.Program~0000001438
2024-12-14 21:56:25.6361~DEBUG~<- ExtractAllFromFile(zipFileName = "C:\Users\cofc_\AppData\Local\Temp\tmpA589.tmp\rjsec301.ZIP", decompressedFolder = "C:\Users\cofc_\AppData\Local\Temp\tmpA674.tmp", message = "rjsec301")~~RJStevensMusicPresentationCreator.Program~0000001439
2024-12-14 21:56:25.7021~DEBUG~-> DownloadFile(url = "https://faas-nyc1-2ef2e6cc.doserverless.co/api/v1/web/fn-dd7f8f6a-d32a-4f5e-ae7b-870dfb7963f3/downloads/bundle?id=000000000000309", filename = "C:\Users\cofc_\AppData\Local\Temp\tmpA79E.tmp\rjsec302.ZIP", message = "rjsec302")~~RJStevensMusicPresentationCreator.Program~0000001440
2024-12-14 21:56:25.9531~DEBUG~download completed~~RJStevensMusicPresentationCreator.Program~0000001441
2024-12-14 21:56:25.9531~DEBUG~<- DownloadFile(url = "https://faas-nyc1-2ef2e6cc.doserverless.co/api/v1/web/fn-dd7f8f6a-d32a-4f5e-ae7b-870dfb7963f3/downloads/bundle?id=000000000000309", filename = "C:\Users\cofc_\AppData\Local\Temp\tmpA79E.tmp\rjsec302.ZIP", message = "rjsec302")~~RJStevensMusicPresentationCreator.Program~0000001442
2024-12-14 21:56:25.9691~DEBUG~-> ExtractAllFromFile(zipFileName = "C:\Users\cofc_\AppData\Local\Temp\tmpA79E.tmp\rjsec302.ZIP", decompressedFolder = "C:\Users\cofc_\AppData\Local\Temp\tmpA8A9.tmp", message = "rjsec302")~~RJStevensMusicPresentationCreator.Program~0000001443
2024-12-14 21:56:26.1932~DEBUG~extract completed~~RJStevensMusicPresentationCreator.Program~0000001444
2024-12-14 21:56:26.1932~DEBUG~<- ExtractAllFromFile(zipFileName = "C:\Users\cofc_\AppData\Local\Temp\tmpA79E.tmp\rjsec302.ZIP", decompressedFolder = "C:\Users\cofc_\AppData\Local\Temp\tmpA8A9.tmp", message = "rjsec302")~~RJStevensMusicPresentationCreator.Program~0000001445
2024-12-14 21:56:26.2602~DEBUG~-> DownloadFile(url = "https://faas-nyc1-2ef2e6cc.doserverless.co/api/v1/web/fn-dd7f8f6a-d32a-4f5e-ae7b-870dfb7963f3/downloads/bundle?id=000000000000310", filename = "C:\Users\cofc_\AppData\Local\Temp\tmpA9D3.tmp\rjsec303.ZIP", message = "rjsec303")~~RJStevensMusicPresentationCreator.Program~0000001446
2024-12-14 21:56:26.4892~DEBUG~download completed~~RJStevensMusicPresentationCreator.Program~0000001447
2024-12-14 21:56:26.4892~DEBUG~<- DownloadFile(url = "https://faas-nyc1-2ef2e6cc.doserverless.co/api/v1/web/fn-dd7f8f6a-d32a-4f5e-ae7b-870dfb7963f3/downloads/bundle?id=000000000000310", filename = "C:\Users\cofc_\AppData\Local\Temp\tmpA9D3.tmp\rjsec303.ZIP", message = "rjsec303")~~RJStevensMusicPresentationCreator.Program~0000001448
2024-12-14 21:56:26.5052~DEBUG~-> ExtractAllFromFile(zipFileName = "C:\Users\cofc_\AppData\Local\Temp\tmpA9D3.tmp\rjsec303.ZIP", decompressedFolder = "C:\Users\cofc_\AppData\Local\Temp\tmpAACE.tmp", message = "rjsec303")~~RJStevensMusicPresentationCreator.Program~0000001449
2024-12-14 21:56:26.7642~DEBUG~extract completed~~RJStevensMusicPresentationCreator.Program~0000001450
2024-12-14 21:56:26.7702~DEBUG~<- ExtractAllFromFile(zipFileName = "C:\Users\cofc_\AppData\Local\Temp\tmpA9D3.tmp\rjsec303.ZIP", decompressedFolder = "C:\Users\cofc_\AppData\Local\Temp\tmpAACE.tmp", message = "rjsec303")~~RJStevensMusicPresentationCreator.Program~0000001451
2024-12-14 21:56:26.8432~DEBUG~-> DownloadFile(url = "https://faas-nyc1-2ef2e6cc.doserverless.co/api/v1/web/fn-dd7f8f6a-d32a-4f5e-ae7b-870dfb7963f3/downloads/bundle?id=000000000000311", filename = "C:\Users\cofc_\AppData\Local\Temp\tmpAC17.tmp\rjsec304.ZIP", message = "rjsec304")~~RJStevensMusicPresentationCreator.Program~0000001452
2024-12-14 21:56:27.0412~DEBUG~download completed~~RJStevensMusicPresentationCreator.Program~0000001453
2024-12-14 21:56:27.0412~DEBUG~<- DownloadFile(url = "https://faas-nyc1-2ef2e6cc.doserverless.co/api/v1/web/fn-dd7f8f6a-d32a-4f5e-ae7b-870dfb7963f3/downloads/bundle?id=000000000000311", filename = "C:\Users\cofc_\AppData\Local\Temp\tmpAC17.tmp\rjsec304.ZIP", message = "rjsec304")~~RJStevensMusicPresentationCreator.Program~0000001454
2024-12-14 21:56:27.0572~DEBUG~-> ExtractAllFromFile(zipFileName = "C:\Users\cofc_\AppData\Local\Temp\tmpAC17.tmp\rjsec304.ZIP", decompressedFolder = "C:\Users\cofc_\AppData\Local\Temp\tmpACF3.tmp", message = "rjsec304")~~RJStevensMusicPresentationCreator.Program~0000001455
2024-12-14 21:56:27.2692~DEBUG~extract completed~~RJStevensMusicPresentationCreator.Program~0000001456
2024-12-14 21:56:27.2692~DEBUG~<- ExtractAllFromFile(zipFileName = "C:\Users\cofc_\AppData\Local\Temp\tmpAC17.tmp\rjsec304.ZIP", decompressedFolder = "C:\Users\cofc_\AppData\Local\Temp\tmpACF3.tmp", message = "rjsec304")~~RJStevensMusicPresentationCreator.Program~0000001457
2024-12-14 21:56:27.3352~DEBUG~-> DownloadFile(url = "https://faas-nyc1-2ef2e6cc.doserverless.co/api/v1/web/fn-dd7f8f6a-d32a-4f5e-ae7b-870dfb7963f3/downloads/bundle?id=000000000000312", filename = "C:\Users\cofc_\AppData\Local\Temp\tmpAE0D.tmp\rjsec305.ZIP", message = "rjsec305")~~RJStevensMusicPresentationCreator.Program~0000001458
2024-12-14 21:56:27.6523~DEBUG~download completed~~RJStevensMusicPresentationCreator.Program~0000001459
2024-12-14 21:56:27.6523~DEBUG~<- DownloadFile(url = "https://faas-nyc1-2ef2e6cc.doserverless.co/api/v1/web/fn-dd7f8f6a-d32a-4f5e-ae7b-870dfb7963f3/downloads/bundle?id=000000000000312", filename = "C:\Users\cofc_\AppData\Local\Temp\tmpAE0D.tmp\rjsec305.ZIP", message = "rjsec305")~~RJStevensMusicPresentationCreator.Program~0000001460
2024-12-14 21:56:27.6733~DEBUG~-> ExtractAllFromFile(zipFileName = "C:\Users\cofc_\AppData\Local\Temp\tmpAE0D.tmp\rjsec305.ZIP", decompressedFolder = "C:\Users\cofc_\AppData\Local\Temp\tmpAF66.tmp", message = "rjsec305")~~RJStevensMusicPresentationCreator.Program~0000001461
2024-12-14 21:56:27.9683~DEBUG~extract completed~~RJStevensMusicPresentationCreator.Program~0000001462
2024-12-14 21:56:27.9733~DEBUG~<- ExtractAllFromFile(zipFileName = "C:\Users\cofc_\AppData\Local\Temp\tmpAE0D.tmp\rjsec305.ZIP", decompressedFolder = "C:\Users\cofc_\AppData\Local\Temp\tmpAF66.tmp", message = "rjsec305")~~RJStevensMusicPresentationCreator.Program~0000001463
2024-12-14 21:56:28.0423~DEBUG~-> DownloadFile(url = "https://faas-nyc1-2ef2e6cc.doserverless.co/api/v1/web/fn-dd7f8f6a-d32a-4f5e-ae7b-870dfb7963f3/downloads/bundle?id=000000000000313", filename = "C:\Users\cofc_\AppData\Local\Temp\tmpB0CE.tmp\rjsec306.ZIP", message = "rjsec306")~~RJStevensMusicPresentationCreator.Program~0000001464
2024-12-14 21:56:28.2223~DEBUG~download completed~~RJStevensMusicPresentationCreator.Program~0000001465
2024-12-14 21:56:28.2223~DEBUG~<- DownloadFile(url = "https://faas-nyc1-2ef2e6cc.doserverless.co/api/v1/web/fn-dd7f8f6a-d32a-4f5e-ae7b-870dfb7963f3/downloads/bundle?id=000000000000313", filename = "C:\Users\cofc_\AppData\Local\Temp\tmpB0CE.tmp\rjsec306.ZIP", message = "rjsec306")~~RJStevensMusicPresentationCreator.Program~0000001466
2024-12-14 21:56:28.2223~DEBUG~-> ExtractAllFromFile(zipFileName = "C:\Users\cofc_\AppData\Local\Temp\tmpB0CE.tmp\rjsec306.ZIP", decompressedFolder = "C:\Users\cofc_\AppData\Local\Temp\tmpB18B.tmp", message = "rjsec306")~~RJStevensMusicPresentationCreator.Program~0000001467
2024-12-14 21:56:28.3863~DEBUG~extract completed~~RJStevensMusicPresentationCreator.Program~0000001468
2024-12-14 21:56:28.3863~DEBUG~<- ExtractAllFromFile(zipFileName = "C:\Users\cofc_\AppData\Local\Temp\tmpB0CE.tmp\rjsec306.ZIP", decompressedFolder = "C:\Users\cofc_\AppData\Local\Temp\tmpB18B.tmp", message = "rjsec306")~~RJStevensMusicPresentationCreator.Program~0000001469
2024-12-14 21:56:28.4443~DEBUG~-> DownloadFile(url = "https://faas-nyc1-2ef2e6cc.doserverless.co/api/v1/web/fn-dd7f8f6a-d32a-4f5e-ae7b-870dfb7963f3/downloads/bundle?id=000000000000314", filename = "C:\Users\cofc_\AppData\Local\Temp\tmpB266.tmp\rjsec307.ZIP", message = "rjsec307")~~RJStevensMusicPresentationCreator.Program~0000001470
2024-12-14 21:56:28.6463~DEBUG~download completed~~RJStevensMusicPresentationCreator.Program~0000001471
2024-12-14 21:56:28.6463~DEBUG~<- DownloadFile(url = "https://faas-nyc1-2ef2e6cc.doserverless.co/api/v1/web/fn-dd7f8f6a-d32a-4f5e-ae7b-870dfb7963f3/downloads/bundle?id=000000000000314", filename = "C:\Users\cofc_\AppData\Local\Temp\tmpB266.tmp\rjsec307.ZIP", message = "rjsec307")~~RJStevensMusicPresentationCreator.Program~0000001472
2024-12-14 21:56:28.6603~DEBUG~-> ExtractAllFromFile(zipFileName = "C:\Users\cofc_\AppData\Local\Temp\tmpB266.tmp\rjsec307.ZIP", decompressedFolder = "C:\Users\cofc_\AppData\Local\Temp\tmpB342.tmp", message = "rjsec307")~~RJStevensMusicPresentationCreator.Program~0000001473
2024-12-14 21:56:28.9684~DEBUG~extract completed~~RJStevensMusicPresentationCreator.Program~0000001474
2024-12-14 21:56:28.9714~DEBUG~<- ExtractAllFromFile(zipFileName = "C:\Users\cofc_\AppData\Local\Temp\tmpB266.tmp\rjsec307.ZIP", decompressedFolder = "C:\Users\cofc_\AppData\Local\Temp\tmpB342.tmp", message = "rjsec307")~~RJStevensMusicPresentationCreator.Program~0000001475
2024-12-14 21:56:29.0504~DEBUG~-> DownloadFile(url = "https://faas-nyc1-2ef2e6cc.doserverless.co/api/v1/web/fn-dd7f8f6a-d32a-4f5e-ae7b-870dfb7963f3/downloads/bundle?id=000000000000316", filename = "C:\Users\cofc_\AppData\Local\Temp\tmpB4CA.tmp\rjsec309.ZIP", message = "rjsec309")~~RJStevensMusicPresentationCreator.Program~0000001476
2024-12-14 21:56:29.2804~DEBUG~download completed~~RJStevensMusicPresentationCreator.Program~0000001477
2024-12-14 21:56:29.2804~DEBUG~<- DownloadFile(url = "https://faas-nyc1-2ef2e6cc.doserverless.co/api/v1/web/fn-dd7f8f6a-d32a-4f5e-ae7b-870dfb7963f3/downloads/bundle?id=000000000000316", filename = "C:\Users\cofc_\AppData\Local\Temp\tmpB4CA.tmp\rjsec309.ZIP", message = "rjsec309")~~RJStevensMusicPresentationCreator.Program~0000001478
2024-12-14 21:56:29.2954~DEBUG~-> ExtractAllFromFile(zipFileName = "C:\Users\cofc_\AppData\Local\Temp\tmpB4CA.tmp\rjsec309.ZIP", decompressedFolder = "C:\Users\cofc_\AppData\Local\Temp\tmpB5B5.tmp", message = "rjsec309")~~RJStevensMusicPresentationCreator.Program~0000001479
2024-12-14 21:56:29.6084~DEBUG~extract completed~~RJStevensMusicPresentationCreator.Program~0000001480
2024-12-14 21:56:29.6114~DEBUG~<- ExtractAllFromFile(zipFileName = "C:\Users\cofc_\AppData\Local\Temp\tmpB4CA.tmp\rjsec309.ZIP", decompressedFolder = "C:\Users\cofc_\AppData\Local\Temp\tmpB5B5.tmp", message = "rjsec309")~~RJStevensMusicPresentationCreator.Program~0000001481
2024-12-14 21:56:29.6924~DEBUG~-> DownloadFile(url = "https://faas-nyc1-2ef2e6cc.doserverless.co/api/v1/web/fn-dd7f8f6a-d32a-4f5e-ae7b-870dfb7963f3/downloads/bundle?id=000000000000317", filename = "C:\Users\cofc_\AppData\Local\Temp\tmpB74C.tmp\rjsec310.ZIP", message = "rjsec310")~~RJStevensMusicPresentationCreator.Program~0000001482
2024-12-14 21:56:29.9534~DEBUG~download completed~~RJStevensMusicPresentationCreator.Program~0000001483
2024-12-14 21:56:29.9544~DEBUG~<- DownloadFile(url = "https://faas-nyc1-2ef2e6cc.doserverless.co/api/v1/web/fn-dd7f8f6a-d32a-4f5e-ae7b-870dfb7963f3/downloads/bundle?id=000000000000317", filename = "C:\Users\cofc_\AppData\Local\Temp\tmpB74C.tmp\rjsec310.ZIP", message = "rjsec310")~~RJStevensMusicPresentationCreator.Program~0000001484
2024-12-14 21:56:29.9754~DEBUG~-> ExtractAllFromFile(zipFileName = "C:\Users\cofc_\AppData\Local\Temp\tmpB74C.tmp\rjsec310.ZIP", decompressedFolder = "C:\Users\cofc_\AppData\Local\Temp\tmpB867.tmp", message = "rjsec310")~~RJStevensMusicPresentationCreator.Program~0000001485
2024-12-14 21:56:30.2335~DEBUG~extract completed~~RJStevensMusicPresentationCreator.Program~0000001486
2024-12-14 21:56:30.2365~DEBUG~<- ExtractAllFromFile(zipFileName = "C:\Users\cofc_\AppData\Local\Temp\tmpB74C.tmp\rjsec310.ZIP", decompressedFolder = "C:\Users\cofc_\AppData\Local\Temp\tmpB867.tmp", message = "rjsec310")~~RJStevensMusicPresentationCreator.Program~0000001487
2024-12-14 21:56:30.3085~DEBUG~-> DownloadFile(url = "https://faas-nyc1-2ef2e6cc.doserverless.co/api/v1/web/fn-dd7f8f6a-d32a-4f5e-ae7b-870dfb7963f3/downloads/bundle?id=000000000000318", filename = "C:\Users\cofc_\AppData\Local\Temp\tmpB9B0.tmp\rjsec311.ZIP", message = "rjsec311")~~RJStevensMusicPresentationCreator.Program~0000001488
2024-12-14 21:56:30.5255~DEBUG~download completed~~RJStevensMusicPresentationCreator.Program~0000001489
2024-12-14 21:56:30.5255~DEBUG~<- DownloadFile(url = "https://faas-nyc1-2ef2e6cc.doserverless.co/api/v1/web/fn-dd7f8f6a-d32a-4f5e-ae7b-870dfb7963f3/downloads/bundle?id=000000000000318", filename = "C:\Users\cofc_\AppData\Local\Temp\tmpB9B0.tmp\rjsec311.ZIP", message = "rjsec311")~~RJStevensMusicPresentationCreator.Program~0000001490
2024-12-14 21:56:30.5395~DEBUG~-> ExtractAllFromFile(zipFileName = "C:\Users\cofc_\AppData\Local\Temp\tmpB9B0.tmp\rjsec311.ZIP", decompressedFolder = "C:\Users\cofc_\AppData\Local\Temp\tmpBA9B.tmp", message = "rjsec311")~~RJStevensMusicPresentationCreator.Program~0000001491
2024-12-14 21:56:30.7685~DEBUG~extract completed~~RJStevensMusicPresentationCreator.Program~0000001492
2024-12-14 21:56:30.7685~DEBUG~<- ExtractAllFromFile(zipFileName = "C:\Users\cofc_\AppData\Local\Temp\tmpB9B0.tmp\rjsec311.ZIP", decompressedFolder = "C:\Users\cofc_\AppData\Local\Temp\tmpBA9B.tmp", message = "rjsec311")~~RJStevensMusicPresentationCreator.Program~0000001493
2024-12-14 21:56:30.8325~DEBUG~-> DownloadFile(url = "https://faas-nyc1-2ef2e6cc.doserverless.co/api/v1/web/fn-dd7f8f6a-d32a-4f5e-ae7b-870dfb7963f3/downloads/bundle?id=000000000000319", filename = "C:\Users\cofc_\AppData\Local\Temp\tmpBBC5.tmp\rjsec312.ZIP", message = "rjsec312")~~RJStevensMusicPresentationCreator.Program~0000001494
2024-12-14 21:56:31.0585~DEBUG~download completed~~RJStevensMusicPresentationCreator.Program~0000001495
2024-12-14 21:56:31.0585~DEBUG~<- DownloadFile(url = "https://faas-nyc1-2ef2e6cc.doserverless.co/api/v1/web/fn-dd7f8f6a-d32a-4f5e-ae7b-870dfb7963f3/downloads/bundle?id=000000000000319", filename = "C:\Users\cofc_\AppData\Local\Temp\tmpBBC5.tmp\rjsec312.ZIP", message = "rjsec312")~~RJStevensMusicPresentationCreator.Program~0000001496
2024-12-14 21:56:31.0725~DEBUG~-> ExtractAllFromFile(zipFileName = "C:\Users\cofc_\AppData\Local\Temp\tmpBBC5.tmp\rjsec312.ZIP", decompressedFolder = "C:\Users\cofc_\AppData\Local\Temp\tmpBCB0.tmp", message = "rjsec312")~~RJStevensMusicPresentationCreator.Program~0000001497
2024-12-14 21:56:31.3075~DEBUG~extract completed~~RJStevensMusicPresentationCreator.Program~0000001498
2024-12-14 21:56:31.3075~DEBUG~<- ExtractAllFromFile(zipFileName = "C:\Users\cofc_\AppData\Local\Temp\tmpBBC5.tmp\rjsec312.ZIP", decompressedFolder = "C:\Users\cofc_\AppData\Local\Temp\tmpBCB0.tmp", message = "rjsec312")~~RJStevensMusicPresentationCreator.Program~0000001499
2024-12-14 21:56:31.3815~DEBUG~-> DownloadFile(url = "https://faas-nyc1-2ef2e6cc.doserverless.co/api/v1/web/fn-dd7f8f6a-d32a-4f5e-ae7b-870dfb7963f3/downloads/bundle?id=000000000000320", filename = "C:\Users\cofc_\AppData\Local\Temp\tmpBDEA.tmp\rjsec313.ZIP", message = "rjsec313")~~RJStevensMusicPresentationCreator.Program~0000001500
2024-12-14 21:56:31.6056~DEBUG~download completed~~RJStevensMusicPresentationCreator.Program~0000001501
2024-12-14 21:56:31.6056~DEBUG~<- DownloadFile(url = "https://faas-nyc1-2ef2e6cc.doserverless.co/api/v1/web/fn-dd7f8f6a-d32a-4f5e-ae7b-870dfb7963f3/downloads/bundle?id=000000000000320", filename = "C:\Users\cofc_\AppData\Local\Temp\tmpBDEA.tmp\rjsec313.ZIP", message = "rjsec313")~~RJStevensMusicPresentationCreator.Program~0000001502
2024-12-14 21:56:31.6196~DEBUG~-> ExtractAllFromFile(zipFileName = "C:\Users\cofc_\AppData\Local\Temp\tmpBDEA.tmp\rjsec313.ZIP", decompressedFolder = "C:\Users\cofc_\AppData\Local\Temp\tmpBED5.tmp", message = "rjsec313")~~RJStevensMusicPresentationCreator.Program~0000001503
2024-12-14 21:56:31.9206~DEBUG~extract completed~~RJStevensMusicPresentationCreator.Program~0000001504
2024-12-14 21:56:31.9236~DEBUG~<- ExtractAllFromFile(zipFileName = "C:\Users\cofc_\AppData\Local\Temp\tmpBDEA.tmp\rjsec313.ZIP", decompressedFolder = "C:\Users\cofc_\AppData\Local\Temp\tmpBED5.tmp", message = "rjsec313")~~RJStevensMusicPresentationCreator.Program~0000001505
2024-12-14 21:56:32.0016~DEBUG~-> DownloadFile(url = "https://faas-nyc1-2ef2e6cc.doserverless.co/api/v1/web/fn-dd7f8f6a-d32a-4f5e-ae7b-870dfb7963f3/downloads/bundle?id=000000000000321", filename = "C:\Users\cofc_\AppData\Local\Temp\tmpC05D.tmp\rjsec314.ZIP", message = "rjsec314")~~RJStevensMusicPresentationCreator.Program~0000001506
2024-12-14 21:56:32.2366~DEBUG~download completed~~RJStevensMusicPresentationCreator.Program~0000001507
2024-12-14 21:56:32.2366~DEBUG~<- DownloadFile(url = "https://faas-nyc1-2ef2e6cc.doserverless.co/api/v1/web/fn-dd7f8f6a-d32a-4f5e-ae7b-870dfb7963f3/downloads/bundle?id=000000000000321", filename = "C:\Users\cofc_\AppData\Local\Temp\tmpC05D.tmp\rjsec314.ZIP", message = "rjsec314")~~RJStevensMusicPresentationCreator.Program~0000001508
2024-12-14 21:56:32.2566~DEBUG~-> ExtractAllFromFile(zipFileName = "C:\Users\cofc_\AppData\Local\Temp\tmpC05D.tmp\rjsec314.ZIP", decompressedFolder = "C:\Users\cofc_\AppData\Local\Temp\tmpC158.tmp", message = "rjsec314")~~RJStevensMusicPresentationCreator.Program~0000001509
2024-12-14 21:56:32.5266~DEBUG~extract completed~~RJStevensMusicPresentationCreator.Program~0000001510
2024-12-14 21:56:32.5266~DEBUG~<- ExtractAllFromFile(zipFileName = "C:\Users\cofc_\AppData\Local\Temp\tmpC05D.tmp\rjsec314.ZIP", decompressedFolder = "C:\Users\cofc_\AppData\Local\Temp\tmpC158.tmp", message = "rjsec314")~~RJStevensMusicPresentationCreator.Program~0000001511
2024-12-14 21:56:32.6016~DEBUG~-> DownloadFile(url = "https://faas-nyc1-2ef2e6cc.doserverless.co/api/v1/web/fn-dd7f8f6a-d32a-4f5e-ae7b-870dfb7963f3/downloads/bundle?id=000000000000322", filename = "C:\Users\cofc_\AppData\Local\Temp\tmpC2B1.tmp\rjsec315.ZIP", message = "rjsec315")~~RJStevensMusicPresentationCreator.Program~0000001512
2024-12-14 21:56:32.8026~DEBUG~download completed~~RJStevensMusicPresentationCreator.Program~0000001513
2024-12-14 21:56:32.8026~DEBUG~<- DownloadFile(url = "https://faas-nyc1-2ef2e6cc.doserverless.co/api/v1/web/fn-dd7f8f6a-d32a-4f5e-ae7b-870dfb7963f3/downloads/bundle?id=000000000000322", filename = "C:\Users\cofc_\AppData\Local\Temp\tmpC2B1.tmp\rjsec315.ZIP", message = "rjsec315")~~RJStevensMusicPresentationCreator.Program~0000001514
2024-12-14 21:56:32.8166~DEBUG~-> ExtractAllFromFile(zipFileName = "C:\Users\cofc_\AppData\Local\Temp\tmpC2B1.tmp\rjsec315.ZIP", decompressedFolder = "C:\Users\cofc_\AppData\Local\Temp\tmpC38C.tmp", message = "rjsec315")~~RJStevensMusicPresentationCreator.Program~0000001515
2024-12-14 21:56:33.0397~DEBUG~extract completed~~RJStevensMusicPresentationCreator.Program~0000001516
2024-12-14 21:56:33.0397~DEBUG~<- ExtractAllFromFile(zipFileName = "C:\Users\cofc_\AppData\Local\Temp\tmpC2B1.tmp\rjsec315.ZIP", decompressedFolder = "C:\Users\cofc_\AppData\Local\Temp\tmpC38C.tmp", message = "rjsec315")~~RJStevensMusicPresentationCreator.Program~0000001517
2024-12-14 21:56:33.1087~DEBUG~-> DownloadFile(url = "https://faas-nyc1-2ef2e6cc.doserverless.co/api/v1/web/fn-dd7f8f6a-d32a-4f5e-ae7b-870dfb7963f3/downloads/bundle?id=000000000000323", filename = "C:\Users\cofc_\AppData\Local\Temp\tmpC4A7.tmp\rjsec316.ZIP", message = "rjsec316")~~RJStevensMusicPresentationCreator.Program~0000001518
2024-12-14 21:56:33.3337~DEBUG~download completed~~RJStevensMusicPresentationCreator.Program~0000001519
2024-12-14 21:56:33.3337~DEBUG~<- DownloadFile(url = "https://faas-nyc1-2ef2e6cc.doserverless.co/api/v1/web/fn-dd7f8f6a-d32a-4f5e-ae7b-870dfb7963f3/downloads/bundle?id=000000000000323", filename = "C:\Users\cofc_\AppData\Local\Temp\tmpC4A7.tmp\rjsec316.ZIP", message = "rjsec316")~~RJStevensMusicPresentationCreator.Program~0000001520
2024-12-14 21:56:33.3517~DEBUG~-> ExtractAllFromFile(zipFileName = "C:\Users\cofc_\AppData\Local\Temp\tmpC4A7.tmp\rjsec316.ZIP", decompressedFolder = "C:\Users\cofc_\AppData\Local\Temp\tmpC5A2.tmp", message = "rjsec316")~~RJStevensMusicPresentationCreator.Program~0000001521
2024-12-14 21:56:33.6027~DEBUG~extract completed~~RJStevensMusicPresentationCreator.Program~0000001522
2024-12-14 21:56:33.6027~DEBUG~<- ExtractAllFromFile(zipFileName = "C:\Users\cofc_\AppData\Local\Temp\tmpC4A7.tmp\rjsec316.ZIP", decompressedFolder = "C:\Users\cofc_\AppData\Local\Temp\tmpC5A2.tmp", message = "rjsec316")~~RJStevensMusicPresentationCreator.Program~0000001523
2024-12-14 21:56:33.6777~DEBUG~-> DownloadFile(url = "https://faas-nyc1-2ef2e6cc.doserverless.co/api/v1/web/fn-dd7f8f6a-d32a-4f5e-ae7b-870dfb7963f3/downloads/bundle?id=000000000000324", filename = "C:\Users\cofc_\AppData\Local\Temp\tmpC6EB.tmp\rjsec317.ZIP", message = "rjsec317")~~RJStevensMusicPresentationCreator.Program~0000001524
2024-12-14 21:56:33.9127~DEBUG~download completed~~RJStevensMusicPresentationCreator.Program~0000001525
2024-12-14 21:56:33.9127~DEBUG~<- DownloadFile(url = "https://faas-nyc1-2ef2e6cc.doserverless.co/api/v1/web/fn-dd7f8f6a-d32a-4f5e-ae7b-870dfb7963f3/downloads/bundle?id=000000000000324", filename = "C:\Users\cofc_\AppData\Local\Temp\tmpC6EB.tmp\rjsec317.ZIP", message = "rjsec317")~~RJStevensMusicPresentationCreator.Program~0000001526
2024-12-14 21:56:33.9277~DEBUG~-> ExtractAllFromFile(zipFileName = "C:\Users\cofc_\AppData\Local\Temp\tmpC6EB.tmp\rjsec317.ZIP", decompressedFolder = "C:\Users\cofc_\AppData\Local\Temp\tmpC7E6.tmp", message = "rjsec317")~~RJStevensMusicPresentationCreator.Program~0000001527
2024-12-14 21:56:34.2118~DEBUG~extract completed~~RJStevensMusicPresentationCreator.Program~0000001528
2024-12-14 21:56:34.2118~DEBUG~<- ExtractAllFromFile(zipFileName = "C:\Users\cofc_\AppData\Local\Temp\tmpC6EB.tmp\rjsec317.ZIP", decompressedFolder = "C:\Users\cofc_\AppData\Local\Temp\tmpC7E6.tmp", message = "rjsec317")~~RJStevensMusicPresentationCreator.Program~0000001529
2024-12-14 21:56:34.2888~DEBUG~-> DownloadFile(url = "https://faas-nyc1-2ef2e6cc.doserverless.co/api/v1/web/fn-dd7f8f6a-d32a-4f5e-ae7b-870dfb7963f3/downloads/bundle?id=000000000000326", filename = "C:\Users\cofc_\AppData\Local\Temp\tmpC94E.tmp\rjsec319.ZIP", message = "rjsec319")~~RJStevensMusicPresentationCreator.Program~0000001530
2024-12-14 21:56:34.5048~DEBUG~download completed~~RJStevensMusicPresentationCreator.Program~0000001531
2024-12-14 21:56:34.5048~DEBUG~<- DownloadFile(url = "https://faas-nyc1-2ef2e6cc.doserverless.co/api/v1/web/fn-dd7f8f6a-d32a-4f5e-ae7b-870dfb7963f3/downloads/bundle?id=000000000000326", filename = "C:\Users\cofc_\AppData\Local\Temp\tmpC94E.tmp\rjsec319.ZIP", message = "rjsec319")~~RJStevensMusicPresentationCreator.Program~0000001532
2024-12-14 21:56:34.5208~DEBUG~-> ExtractAllFromFile(zipFileName = "C:\Users\cofc_\AppData\Local\Temp\tmpC94E.tmp\rjsec319.ZIP", decompressedFolder = "C:\Users\cofc_\AppData\Local\Temp\tmpCA39.tmp", message = "rjsec319")~~RJStevensMusicPresentationCreator.Program~0000001533
2024-12-14 21:56:34.7378~DEBUG~extract completed~~RJStevensMusicPresentationCreator.Program~0000001534
2024-12-14 21:56:34.7378~DEBUG~<- ExtractAllFromFile(zipFileName = "C:\Users\cofc_\AppData\Local\Temp\tmpC94E.tmp\rjsec319.ZIP", decompressedFolder = "C:\Users\cofc_\AppData\Local\Temp\tmpCA39.tmp", message = "rjsec319")~~RJStevensMusicPresentationCreator.Program~0000001535
2024-12-14 21:56:34.8048~DEBUG~-> DownloadFile(url = "https://faas-nyc1-2ef2e6cc.doserverless.co/api/v1/web/fn-dd7f8f6a-d32a-4f5e-ae7b-870dfb7963f3/downloads/bundle?id=000000000000327", filename = "C:\Users\cofc_\AppData\Local\Temp\tmpCB54.tmp\rjsec320.ZIP", message = "rjsec320")~~RJStevensMusicPresentationCreator.Program~0000001536
2024-12-14 21:56:35.0228~DEBUG~download completed~~RJStevensMusicPresentationCreator.Program~0000001537
2024-12-14 21:56:35.0228~DEBUG~<- DownloadFile(url = "https://faas-nyc1-2ef2e6cc.doserverless.co/api/v1/web/fn-dd7f8f6a-d32a-4f5e-ae7b-870dfb7963f3/downloads/bundle?id=000000000000327", filename = "C:\Users\cofc_\AppData\Local\Temp\tmpCB54.tmp\rjsec320.ZIP", message = "rjsec320")~~RJStevensMusicPresentationCreator.Program~0000001538
2024-12-14 21:56:35.0368~DEBUG~-> ExtractAllFromFile(zipFileName = "C:\Users\cofc_\AppData\Local\Temp\tmpCB54.tmp\rjsec320.ZIP", decompressedFolder = "C:\Users\cofc_\AppData\Local\Temp\tmpCC3F.tmp", message = "rjsec320")~~RJStevensMusicPresentationCreator.Program~0000001539
2024-12-14 21:56:35.2618~DEBUG~extract completed~~RJStevensMusicPresentationCreator.Program~0000001540
2024-12-14 21:56:35.2698~DEBUG~<- ExtractAllFromFile(zipFileName = "C:\Users\cofc_\AppData\Local\Temp\tmpCB54.tmp\rjsec320.ZIP", decompressedFolder = "C:\Users\cofc_\AppData\Local\Temp\tmpCC3F.tmp", message = "rjsec320")~~RJStevensMusicPresentationCreator.Program~0000001541
2024-12-14 21:56:35.3338~DEBUG~-> DownloadFile(url = "https://faas-nyc1-2ef2e6cc.doserverless.co/api/v1/web/fn-dd7f8f6a-d32a-4f5e-ae7b-870dfb7963f3/downloads/bundle?id=000000000000328", filename = "C:\Users\cofc_\AppData\Local\Temp\tmpCD69.tmp\rjsec321.ZIP", message = "rjsec321")~~RJStevensMusicPresentationCreator.Program~0000001542
2024-12-14 21:56:35.6019~DEBUG~download completed~~RJStevensMusicPresentationCreator.Program~0000001543
2024-12-14 21:56:35.6019~DEBUG~<- DownloadFile(url = "https://faas-nyc1-2ef2e6cc.doserverless.co/api/v1/web/fn-dd7f8f6a-d32a-4f5e-ae7b-870dfb7963f3/downloads/bundle?id=000000000000328", filename = "C:\Users\cofc_\AppData\Local\Temp\tmpCD69.tmp\rjsec321.ZIP", message = "rjsec321")~~RJStevensMusicPresentationCreator.Program~0000001544
2024-12-14 21:56:35.6189~DEBUG~-> ExtractAllFromFile(zipFileName = "C:\Users\cofc_\AppData\Local\Temp\tmpCD69.tmp\rjsec321.ZIP", decompressedFolder = "C:\Users\cofc_\AppData\Local\Temp\tmpCE83.tmp", message = "rjsec321")~~RJStevensMusicPresentationCreator.Program~0000001545
2024-12-14 21:56:35.9099~DEBUG~extract completed~~RJStevensMusicPresentationCreator.Program~0000001546
2024-12-14 21:56:35.9099~DEBUG~<- ExtractAllFromFile(zipFileName = "C:\Users\cofc_\AppData\Local\Temp\tmpCD69.tmp\rjsec321.ZIP", decompressedFolder = "C:\Users\cofc_\AppData\Local\Temp\tmpCE83.tmp", message = "rjsec321")~~RJStevensMusicPresentationCreator.Program~0000001547
2024-12-14 21:56:35.9839~DEBUG~-> DownloadFile(url = "https://faas-nyc1-2ef2e6cc.doserverless.co/api/v1/web/fn-dd7f8f6a-d32a-4f5e-ae7b-870dfb7963f3/downloads/bundle?id=000000000000330", filename = "C:\Users\cofc_\AppData\Local\Temp\tmpCFEC.tmp\rjsec323.ZIP", message = "rjsec323")~~RJStevensMusicPresentationCreator.Program~0000001548
2024-12-14 21:56:36.2169~DEBUG~download completed~~RJStevensMusicPresentationCreator.Program~0000001549
2024-12-14 21:56:36.2169~DEBUG~<- DownloadFile(url = "https://faas-nyc1-2ef2e6cc.doserverless.co/api/v1/web/fn-dd7f8f6a-d32a-4f5e-ae7b-870dfb7963f3/downloads/bundle?id=000000000000330", filename = "C:\Users\cofc_\AppData\Local\Temp\tmpCFEC.tmp\rjsec323.ZIP", message = "rjsec323")~~RJStevensMusicPresentationCreator.Program~0000001550
2024-12-14 21:56:36.2339~DEBUG~-> ExtractAllFromFile(zipFileName = "C:\Users\cofc_\AppData\Local\Temp\tmpCFEC.tmp\rjsec323.ZIP", decompressedFolder = "C:\Users\cofc_\AppData\Local\Temp\tmpD0E7.tmp", message = "rjsec323")~~RJStevensMusicPresentationCreator.Program~0000001551
2024-12-14 21:56:36.5109~DEBUG~extract completed~~RJStevensMusicPresentationCreator.Program~0000001552
2024-12-14 21:56:36.5109~DEBUG~<- ExtractAllFromFile(zipFileName = "C:\Users\cofc_\AppData\Local\Temp\tmpCFEC.tmp\rjsec323.ZIP", decompressedFolder = "C:\Users\cofc_\AppData\Local\Temp\tmpD0E7.tmp", message = "rjsec323")~~RJStevensMusicPresentationCreator.Program~0000001553
2024-12-14 21:56:36.5819~DEBUG~-> DownloadFile(url = "https://faas-nyc1-2ef2e6cc.doserverless.co/api/v1/web/fn-dd7f8f6a-d32a-4f5e-ae7b-870dfb7963f3/downloads/bundle?id=000000000000331", filename = "C:\Users\cofc_\AppData\Local\Temp\tmpD24F.tmp\rjsec324.ZIP", message = "rjsec324")~~RJStevensMusicPresentationCreator.Program~0000001554
2024-12-14 21:56:36.8609~DEBUG~download completed~~RJStevensMusicPresentationCreator.Program~0000001555
2024-12-14 21:56:36.8609~DEBUG~<- DownloadFile(url = "https://faas-nyc1-2ef2e6cc.doserverless.co/api/v1/web/fn-dd7f8f6a-d32a-4f5e-ae7b-870dfb7963f3/downloads/bundle?id=000000000000331", filename = "C:\Users\cofc_\AppData\Local\Temp\tmpD24F.tmp\rjsec324.ZIP", message = "rjsec324")~~RJStevensMusicPresentationCreator.Program~0000001556
2024-12-14 21:56:36.8609~DEBUG~-> ExtractAllFromFile(zipFileName = "C:\Users\cofc_\AppData\Local\Temp\tmpD24F.tmp\rjsec324.ZIP", decompressedFolder = "C:\Users\cofc_\AppData\Local\Temp\tmpD369.tmp", message = "rjsec324")~~RJStevensMusicPresentationCreator.Program~0000001557
2024-12-14 21:56:37.1130~DEBUG~extract completed~~RJStevensMusicPresentationCreator.Program~0000001558
2024-12-14 21:56:37.1130~DEBUG~<- ExtractAllFromFile(zipFileName = "C:\Users\cofc_\AppData\Local\Temp\tmpD24F.tmp\rjsec324.ZIP", decompressedFolder = "C:\Users\cofc_\AppData\Local\Temp\tmpD369.tmp", message = "rjsec324")~~RJStevensMusicPresentationCreator.Program~0000001559
2024-12-14 21:56:37.1820~DEBUG~-> DownloadFile(url = "https://faas-nyc1-2ef2e6cc.doserverless.co/api/v1/web/fn-dd7f8f6a-d32a-4f5e-ae7b-870dfb7963f3/downloads/bundle?id=000000000000332", filename = "C:\Users\cofc_\AppData\Local\Temp\tmpD4A3.tmp\rjsec325.ZIP", message = "rjsec325")~~RJStevensMusicPresentationCreator.Program~0000001560
2024-12-14 21:56:37.4230~DEBUG~download completed~~RJStevensMusicPresentationCreator.Program~0000001561
2024-12-14 21:56:37.4230~DEBUG~<- DownloadFile(url = "https://faas-nyc1-2ef2e6cc.doserverless.co/api/v1/web/fn-dd7f8f6a-d32a-4f5e-ae7b-870dfb7963f3/downloads/bundle?id=000000000000332", filename = "C:\Users\cofc_\AppData\Local\Temp\tmpD4A3.tmp\rjsec325.ZIP", message = "rjsec325")~~RJStevensMusicPresentationCreator.Program~0000001562
2024-12-14 21:56:37.4410~DEBUG~-> ExtractAllFromFile(zipFileName = "C:\Users\cofc_\AppData\Local\Temp\tmpD4A3.tmp\rjsec325.ZIP", decompressedFolder = "C:\Users\cofc_\AppData\Local\Temp\tmpD5AD.tmp", message = "rjsec325")~~RJStevensMusicPresentationCreator.Program~0000001563
2024-12-14 21:56:37.7070~DEBUG~extract completed~~RJStevensMusicPresentationCreator.Program~0000001564
2024-12-14 21:56:37.7070~DEBUG~<- ExtractAllFromFile(zipFileName = "C:\Users\cofc_\AppData\Local\Temp\tmpD4A3.tmp\rjsec325.ZIP", decompressedFolder = "C:\Users\cofc_\AppData\Local\Temp\tmpD5AD.tmp", message = "rjsec325")~~RJStevensMusicPresentationCreator.Program~0000001565
2024-12-14 21:56:37.7760~DEBUG~-> DownloadFile(url = "https://faas-nyc1-2ef2e6cc.doserverless.co/api/v1/web/fn-dd7f8f6a-d32a-4f5e-ae7b-870dfb7963f3/downloads/bundle?id=000000000000333", filename = "C:\Users\cofc_\AppData\Local\Temp\tmpD6F6.tmp\rjsec326.ZIP", message = "rjsec326")~~RJStevensMusicPresentationCreator.Program~0000001566
2024-12-14 21:56:38.0020~DEBUG~download completed~~RJStevensMusicPresentationCreator.Program~0000001567
2024-12-14 21:56:38.0020~DEBUG~<- DownloadFile(url = "https://faas-nyc1-2ef2e6cc.doserverless.co/api/v1/web/fn-dd7f8f6a-d32a-4f5e-ae7b-870dfb7963f3/downloads/bundle?id=000000000000333", filename = "C:\Users\cofc_\AppData\Local\Temp\tmpD6F6.tmp\rjsec326.ZIP", message = "rjsec326")~~RJStevensMusicPresentationCreator.Program~0000001568
2024-12-14 21:56:38.0210~DEBUG~-> ExtractAllFromFile(zipFileName = "C:\Users\cofc_\AppData\Local\Temp\tmpD6F6.tmp\rjsec326.ZIP", decompressedFolder = "C:\Users\cofc_\AppData\Local\Temp\tmpD7F1.tmp", message = "rjsec326")~~RJStevensMusicPresentationCreator.Program~0000001569
2024-12-14 21:56:38.3181~DEBUG~extract completed~~RJStevensMusicPresentationCreator.Program~0000001570
2024-12-14 21:56:38.3181~DEBUG~<- ExtractAllFromFile(zipFileName = "C:\Users\cofc_\AppData\Local\Temp\tmpD6F6.tmp\rjsec326.ZIP", decompressedFolder = "C:\Users\cofc_\AppData\Local\Temp\tmpD7F1.tmp", message = "rjsec326")~~RJStevensMusicPresentationCreator.Program~0000001571
2024-12-14 21:56:38.3951~DEBUG~-> DownloadFile(url = "https://faas-nyc1-2ef2e6cc.doserverless.co/api/v1/web/fn-dd7f8f6a-d32a-4f5e-ae7b-870dfb7963f3/downloads/bundle?id=000000000000334", filename = "C:\Users\cofc_\AppData\Local\Temp\tmpD969.tmp\rjsec327.ZIP", message = "rjsec327")~~RJStevensMusicPresentationCreator.Program~0000001572
2024-12-14 21:56:38.6051~DEBUG~download completed~~RJStevensMusicPresentationCreator.Program~0000001573
2024-12-14 21:56:38.6051~DEBUG~<- DownloadFile(url = "https://faas-nyc1-2ef2e6cc.doserverless.co/api/v1/web/fn-dd7f8f6a-d32a-4f5e-ae7b-870dfb7963f3/downloads/bundle?id=000000000000334", filename = "C:\Users\cofc_\AppData\Local\Temp\tmpD969.tmp\rjsec327.ZIP", message = "rjsec327")~~RJStevensMusicPresentationCreator.Program~0000001574
2024-12-14 21:56:38.6181~DEBUG~-> ExtractAllFromFile(zipFileName = "C:\Users\cofc_\AppData\Local\Temp\tmpD969.tmp\rjsec327.ZIP", decompressedFolder = "C:\Users\cofc_\AppData\Local\Temp\tmpDA45.tmp", message = "rjsec327")~~RJStevensMusicPresentationCreator.Program~0000001575
2024-12-14 21:56:38.8361~DEBUG~extract completed~~RJStevensMusicPresentationCreator.Program~0000001576
2024-12-14 21:56:38.8361~DEBUG~<- ExtractAllFromFile(zipFileName = "C:\Users\cofc_\AppData\Local\Temp\tmpD969.tmp\rjsec327.ZIP", decompressedFolder = "C:\Users\cofc_\AppData\Local\Temp\tmpDA45.tmp", message = "rjsec327")~~RJStevensMusicPresentationCreator.Program~0000001577
2024-12-14 21:56:38.8971~DEBUG~-> DownloadFile(url = "https://faas-nyc1-2ef2e6cc.doserverless.co/api/v1/web/fn-dd7f8f6a-d32a-4f5e-ae7b-870dfb7963f3/downloads/bundle?id=000000000000336", filename = "C:\Users\cofc_\AppData\Local\Temp\tmpDB5F.tmp\rjsec329.ZIP", message = "rjsec329")~~RJStevensMusicPresentationCreator.Program~0000001578
2024-12-14 21:56:39.1561~DEBUG~download completed~~RJStevensMusicPresentationCreator.Program~0000001579
2024-12-14 21:56:39.1561~DEBUG~<- DownloadFile(url = "https://faas-nyc1-2ef2e6cc.doserverless.co/api/v1/web/fn-dd7f8f6a-d32a-4f5e-ae7b-870dfb7963f3/downloads/bundle?id=000000000000336", filename = "C:\Users\cofc_\AppData\Local\Temp\tmpDB5F.tmp\rjsec329.ZIP", message = "rjsec329")~~RJStevensMusicPresentationCreator.Program~0000001580
2024-12-14 21:56:39.1751~DEBUG~-> ExtractAllFromFile(zipFileName = "C:\Users\cofc_\AppData\Local\Temp\tmpDB5F.tmp\rjsec329.ZIP", decompressedFolder = "C:\Users\cofc_\AppData\Local\Temp\tmpDC7A.tmp", message = "rjsec329")~~RJStevensMusicPresentationCreator.Program~0000001581
2024-12-14 21:56:39.4411~DEBUG~extract completed~~RJStevensMusicPresentationCreator.Program~0000001582
2024-12-14 21:56:39.4411~DEBUG~<- ExtractAllFromFile(zipFileName = "C:\Users\cofc_\AppData\Local\Temp\tmpDB5F.tmp\rjsec329.ZIP", decompressedFolder = "C:\Users\cofc_\AppData\Local\Temp\tmpDC7A.tmp", message = "rjsec329")~~RJStevensMusicPresentationCreator.Program~0000001583
2024-12-14 21:56:39.5181~DEBUG~-> DownloadFile(url = "https://faas-nyc1-2ef2e6cc.doserverless.co/api/v1/web/fn-dd7f8f6a-d32a-4f5e-ae7b-870dfb7963f3/downloads/bundle?id=000000000000337", filename = "C:\Users\cofc_\AppData\Local\Temp\tmpDDD2.tmp\rjsec330.ZIP", message = "rjsec330")~~RJStevensMusicPresentationCreator.Program~0000001584
2024-12-14 21:56:39.7702~DEBUG~download completed~~RJStevensMusicPresentationCreator.Program~0000001585
2024-12-14 21:56:39.7702~DEBUG~<- DownloadFile(url = "https://faas-nyc1-2ef2e6cc.doserverless.co/api/v1/web/fn-dd7f8f6a-d32a-4f5e-ae7b-870dfb7963f3/downloads/bundle?id=000000000000337", filename = "C:\Users\cofc_\AppData\Local\Temp\tmpDDD2.tmp\rjsec330.ZIP", message = "rjsec330")~~RJStevensMusicPresentationCreator.Program~0000001586
2024-12-14 21:56:39.7852~DEBUG~-> ExtractAllFromFile(zipFileName = "C:\Users\cofc_\AppData\Local\Temp\tmpDDD2.tmp\rjsec330.ZIP", decompressedFolder = "C:\Users\cofc_\AppData\Local\Temp\tmpDEDD.tmp", message = "rjsec330")~~RJStevensMusicPresentationCreator.Program~0000001587
2024-12-14 21:56:40.0302~DEBUG~extract completed~~RJStevensMusicPresentationCreator.Program~0000001588
2024-12-14 21:56:40.0332~DEBUG~<- ExtractAllFromFile(zipFileName = "C:\Users\cofc_\AppData\Local\Temp\tmpDDD2.tmp\rjsec330.ZIP", decompressedFolder = "C:\Users\cofc_\AppData\Local\Temp\tmpDEDD.tmp", message = "rjsec330")~~RJStevensMusicPresentationCreator.Program~0000001589
2024-12-14 21:56:40.1022~DEBUG~-> DownloadFile(url = "https://faas-nyc1-2ef2e6cc.doserverless.co/api/v1/web/fn-dd7f8f6a-d32a-4f5e-ae7b-870dfb7963f3/downloads/bundle?id=000000000000339", filename = "C:\Users\cofc_\AppData\Local\Temp\tmpE017.tmp\rjsec332.ZIP", message = "rjsec332")~~RJStevensMusicPresentationCreator.Program~0000001590
2024-12-14 21:56:40.3332~DEBUG~download completed~~RJStevensMusicPresentationCreator.Program~0000001591
2024-12-14 21:56:40.3332~DEBUG~<- DownloadFile(url = "https://faas-nyc1-2ef2e6cc.doserverless.co/api/v1/web/fn-dd7f8f6a-d32a-4f5e-ae7b-870dfb7963f3/downloads/bundle?id=000000000000339", filename = "C:\Users\cofc_\AppData\Local\Temp\tmpE017.tmp\rjsec332.ZIP", message = "rjsec332")~~RJStevensMusicPresentationCreator.Program~0000001592
2024-12-14 21:56:40.3502~DEBUG~-> ExtractAllFromFile(zipFileName = "C:\Users\cofc_\AppData\Local\Temp\tmpE017.tmp\rjsec332.ZIP", decompressedFolder = "C:\Users\cofc_\AppData\Local\Temp\tmpE112.tmp", message = "rjsec332")~~RJStevensMusicPresentationCreator.Program~0000001593
2024-12-14 21:56:40.5702~DEBUG~extract completed~~RJStevensMusicPresentationCreator.Program~0000001594
2024-12-14 21:56:40.5702~DEBUG~<- ExtractAllFromFile(zipFileName = "C:\Users\cofc_\AppData\Local\Temp\tmpE017.tmp\rjsec332.ZIP", decompressedFolder = "C:\Users\cofc_\AppData\Local\Temp\tmpE112.tmp", message = "rjsec332")~~RJStevensMusicPresentationCreator.Program~0000001595
2024-12-14 21:56:40.6312~DEBUG~-> DownloadFile(url = "https://faas-nyc1-2ef2e6cc.doserverless.co/api/v1/web/fn-dd7f8f6a-d32a-4f5e-ae7b-870dfb7963f3/downloads/bundle?id=000000000000340", filename = "C:\Users\cofc_\AppData\Local\Temp\tmpE22C.tmp\rjsec333.ZIP", message = "rjsec333")~~RJStevensMusicPresentationCreator.Program~0000001596
2024-12-14 21:56:40.8282~DEBUG~download completed~~RJStevensMusicPresentationCreator.Program~0000001597
2024-12-14 21:56:40.8292~DEBUG~<- DownloadFile(url = "https://faas-nyc1-2ef2e6cc.doserverless.co/api/v1/web/fn-dd7f8f6a-d32a-4f5e-ae7b-870dfb7963f3/downloads/bundle?id=000000000000340", filename = "C:\Users\cofc_\AppData\Local\Temp\tmpE22C.tmp\rjsec333.ZIP", message = "rjsec333")~~RJStevensMusicPresentationCreator.Program~0000001598
2024-12-14 21:56:40.8292~DEBUG~-> ExtractAllFromFile(zipFileName = "C:\Users\cofc_\AppData\Local\Temp\tmpE22C.tmp\rjsec333.ZIP", decompressedFolder = "C:\Users\cofc_\AppData\Local\Temp\tmpE2F8.tmp", message = "rjsec333")~~RJStevensMusicPresentationCreator.Program~0000001599
2024-12-14 21:56:41.1123~DEBUG~extract completed~~RJStevensMusicPresentationCreator.Program~0000001600
2024-12-14 21:56:41.1123~DEBUG~<- ExtractAllFromFile(zipFileName = "C:\Users\cofc_\AppData\Local\Temp\tmpE22C.tmp\rjsec333.ZIP", decompressedFolder = "C:\Users\cofc_\AppData\Local\Temp\tmpE2F8.tmp", message = "rjsec333")~~RJStevensMusicPresentationCreator.Program~0000001601
2024-12-14 21:56:41.1773~DEBUG~-> DownloadFile(url = "https://faas-nyc1-2ef2e6cc.doserverless.co/api/v1/web/fn-dd7f8f6a-d32a-4f5e-ae7b-870dfb7963f3/downloads/bundle?id=000000000000341", filename = "C:\Users\cofc_\AppData\Local\Temp\tmpE451.tmp\rjsec334.ZIP", message = "rjsec334")~~RJStevensMusicPresentationCreator.Program~0000001602
2024-12-14 21:56:41.3743~DEBUG~download completed~~RJStevensMusicPresentationCreator.Program~0000001603
2024-12-14 21:56:41.3743~DEBUG~<- DownloadFile(url = "https://faas-nyc1-2ef2e6cc.doserverless.co/api/v1/web/fn-dd7f8f6a-d32a-4f5e-ae7b-870dfb7963f3/downloads/bundle?id=000000000000341", filename = "C:\Users\cofc_\AppData\Local\Temp\tmpE451.tmp\rjsec334.ZIP", message = "rjsec334")~~RJStevensMusicPresentationCreator.Program~0000001604
2024-12-14 21:56:41.3923~DEBUG~-> ExtractAllFromFile(zipFileName = "C:\Users\cofc_\AppData\Local\Temp\tmpE451.tmp\rjsec334.ZIP", decompressedFolder = "C:\Users\cofc_\AppData\Local\Temp\tmpE52C.tmp", message = "rjsec334")~~RJStevensMusicPresentationCreator.Program~0000001605
2024-12-14 21:56:41.6283~DEBUG~extract completed~~RJStevensMusicPresentationCreator.Program~0000001606
2024-12-14 21:56:41.6283~DEBUG~<- ExtractAllFromFile(zipFileName = "C:\Users\cofc_\AppData\Local\Temp\tmpE451.tmp\rjsec334.ZIP", decompressedFolder = "C:\Users\cofc_\AppData\Local\Temp\tmpE52C.tmp", message = "rjsec334")~~RJStevensMusicPresentationCreator.Program~0000001607
2024-12-14 21:56:41.6913~DEBUG~-> DownloadFile(url = "https://faas-nyc1-2ef2e6cc.doserverless.co/api/v1/web/fn-dd7f8f6a-d32a-4f5e-ae7b-870dfb7963f3/downloads/bundle?id=000000000000342", filename = "C:\Users\cofc_\AppData\Local\Temp\tmpE656.tmp\rjsec335.ZIP", message = "rjsec335")~~RJStevensMusicPresentationCreator.Program~0000001608
2024-12-14 21:56:41.9133~DEBUG~download completed~~RJStevensMusicPresentationCreator.Program~0000001609
2024-12-14 21:56:41.9133~DEBUG~<- DownloadFile(url = "https://faas-nyc1-2ef2e6cc.doserverless.co/api/v1/web/fn-dd7f8f6a-d32a-4f5e-ae7b-870dfb7963f3/downloads/bundle?id=000000000000342", filename = "C:\Users\cofc_\AppData\Local\Temp\tmpE656.tmp\rjsec335.ZIP", message = "rjsec335")~~RJStevensMusicPresentationCreator.Program~0000001610
2024-12-14 21:56:41.9303~DEBUG~-> ExtractAllFromFile(zipFileName = "C:\Users\cofc_\AppData\Local\Temp\tmpE656.tmp\rjsec335.ZIP", decompressedFolder = "C:\Users\cofc_\AppData\Local\Temp\tmpE742.tmp", message = "rjsec335")~~RJStevensMusicPresentationCreator.Program~0000001611
2024-12-14 21:56:42.1613~DEBUG~extract completed~~RJStevensMusicPresentationCreator.Program~0000001612
2024-12-14 21:56:42.1613~DEBUG~<- ExtractAllFromFile(zipFileName = "C:\Users\cofc_\AppData\Local\Temp\tmpE656.tmp\rjsec335.ZIP", decompressedFolder = "C:\Users\cofc_\AppData\Local\Temp\tmpE742.tmp", message = "rjsec335")~~RJStevensMusicPresentationCreator.Program~0000001613
2024-12-14 21:56:42.2273~DEBUG~-> DownloadFile(url = "https://faas-nyc1-2ef2e6cc.doserverless.co/api/v1/web/fn-dd7f8f6a-d32a-4f5e-ae7b-870dfb7963f3/downloads/bundle?id=000000000000343", filename = "C:\Users\cofc_\AppData\Local\Temp\tmpE86C.tmp\rjsec336.ZIP", message = "rjsec336")~~RJStevensMusicPresentationCreator.Program~0000001614
2024-12-14 21:56:42.4354~DEBUG~download completed~~RJStevensMusicPresentationCreator.Program~0000001615
2024-12-14 21:56:42.4354~DEBUG~<- DownloadFile(url = "https://faas-nyc1-2ef2e6cc.doserverless.co/api/v1/web/fn-dd7f8f6a-d32a-4f5e-ae7b-870dfb7963f3/downloads/bundle?id=000000000000343", filename = "C:\Users\cofc_\AppData\Local\Temp\tmpE86C.tmp\rjsec336.ZIP", message = "rjsec336")~~RJStevensMusicPresentationCreator.Program~0000001616
2024-12-14 21:56:42.4484~DEBUG~-> ExtractAllFromFile(zipFileName = "C:\Users\cofc_\AppData\Local\Temp\tmpE86C.tmp\rjsec336.ZIP", decompressedFolder = "C:\Users\cofc_\AppData\Local\Temp\tmpE947.tmp", message = "rjsec336")~~RJStevensMusicPresentationCreator.Program~0000001617
2024-12-14 21:56:42.6854~DEBUG~extract completed~~RJStevensMusicPresentationCreator.Program~0000001618
2024-12-14 21:56:42.6894~DEBUG~<- ExtractAllFromFile(zipFileName = "C:\Users\cofc_\AppData\Local\Temp\tmpE86C.tmp\rjsec336.ZIP", decompressedFolder = "C:\Users\cofc_\AppData\Local\Temp\tmpE947.tmp", message = "rjsec336")~~RJStevensMusicPresentationCreator.Program~0000001619
2024-12-14 21:56:42.7544~DEBUG~-> DownloadFile(url = "https://faas-nyc1-2ef2e6cc.doserverless.co/api/v1/web/fn-dd7f8f6a-d32a-4f5e-ae7b-870dfb7963f3/downloads/bundle?id=000000000000344", filename = "C:\Users\cofc_\AppData\Local\Temp\tmpEA81.tmp\rjsec337.ZIP", message = "rjsec337")~~RJStevensMusicPresentationCreator.Program~0000001620
2024-12-14 21:56:42.9714~DEBUG~download completed~~RJStevensMusicPresentationCreator.Program~0000001621
2024-12-14 21:56:42.9714~DEBUG~<- DownloadFile(url = "https://faas-nyc1-2ef2e6cc.doserverless.co/api/v1/web/fn-dd7f8f6a-d32a-4f5e-ae7b-870dfb7963f3/downloads/bundle?id=000000000000344", filename = "C:\Users\cofc_\AppData\Local\Temp\tmpEA81.tmp\rjsec337.ZIP", message = "rjsec337")~~RJStevensMusicPresentationCreator.Program~0000001622
2024-12-14 21:56:42.9874~DEBUG~-> ExtractAllFromFile(zipFileName = "C:\Users\cofc_\AppData\Local\Temp\tmpEA81.tmp\rjsec337.ZIP", decompressedFolder = "C:\Users\cofc_\AppData\Local\Temp\tmpEB6C.tmp", message = "rjsec337")~~RJStevensMusicPresentationCreator.Program~0000001623
2024-12-14 21:56:43.2444~DEBUG~extract completed~~RJStevensMusicPresentationCreator.Program~0000001624
2024-12-14 21:56:43.2444~DEBUG~<- ExtractAllFromFile(zipFileName = "C:\Users\cofc_\AppData\Local\Temp\tmpEA81.tmp\rjsec337.ZIP", decompressedFolder = "C:\Users\cofc_\AppData\Local\Temp\tmpEB6C.tmp", message = "rjsec337")~~RJStevensMusicPresentationCreator.Program~0000001625
2024-12-14 21:56:43.3224~DEBUG~-> DownloadFile(url = "https://faas-nyc1-2ef2e6cc.doserverless.co/api/v1/web/fn-dd7f8f6a-d32a-4f5e-ae7b-870dfb7963f3/downloads/bundle?id=000000000000345", filename = "C:\Users\cofc_\AppData\Local\Temp\tmpECB5.tmp\rjsec338.ZIP", message = "rjsec338")~~RJStevensMusicPresentationCreator.Program~0000001626
2024-12-14 21:56:43.5734~DEBUG~download completed~~RJStevensMusicPresentationCreator.Program~0000001627
2024-12-14 21:56:43.5734~DEBUG~<- DownloadFile(url = "https://faas-nyc1-2ef2e6cc.doserverless.co/api/v1/web/fn-dd7f8f6a-d32a-4f5e-ae7b-870dfb7963f3/downloads/bundle?id=000000000000345", filename = "C:\Users\cofc_\AppData\Local\Temp\tmpECB5.tmp\rjsec338.ZIP", message = "rjsec338")~~RJStevensMusicPresentationCreator.Program~0000001628
2024-12-14 21:56:43.5874~DEBUG~-> ExtractAllFromFile(zipFileName = "C:\Users\cofc_\AppData\Local\Temp\tmpECB5.tmp\rjsec338.ZIP", decompressedFolder = "C:\Users\cofc_\AppData\Local\Temp\tmpEDC0.tmp", message = "rjsec338")~~RJStevensMusicPresentationCreator.Program~0000001629
2024-12-14 21:56:43.8245~DEBUG~extract completed~~RJStevensMusicPresentationCreator.Program~0000001630
2024-12-14 21:56:43.8245~DEBUG~<- ExtractAllFromFile(zipFileName = "C:\Users\cofc_\AppData\Local\Temp\tmpECB5.tmp\rjsec338.ZIP", decompressedFolder = "C:\Users\cofc_\AppData\Local\Temp\tmpEDC0.tmp", message = "rjsec338")~~RJStevensMusicPresentationCreator.Program~0000001631
2024-12-14 21:56:43.8965~DEBUG~-> DownloadFile(url = "https://faas-nyc1-2ef2e6cc.doserverless.co/api/v1/web/fn-dd7f8f6a-d32a-4f5e-ae7b-870dfb7963f3/downloads/bundle?id=000000000000346", filename = "C:\Users\cofc_\AppData\Local\Temp\tmpEEF9.tmp\rjsec339.ZIP", message = "rjsec339")~~RJStevensMusicPresentationCreator.Program~0000001632
2024-12-14 21:56:44.1235~DEBUG~download completed~~RJStevensMusicPresentationCreator.Program~0000001633
2024-12-14 21:56:44.1235~DEBUG~<- DownloadFile(url = "https://faas-nyc1-2ef2e6cc.doserverless.co/api/v1/web/fn-dd7f8f6a-d32a-4f5e-ae7b-870dfb7963f3/downloads/bundle?id=000000000000346", filename = "C:\Users\cofc_\AppData\Local\Temp\tmpEEF9.tmp\rjsec339.ZIP", message = "rjsec339")~~RJStevensMusicPresentationCreator.Program~0000001634
2024-12-14 21:56:44.1375~DEBUG~-> ExtractAllFromFile(zipFileName = "C:\Users\cofc_\AppData\Local\Temp\tmpEEF9.tmp\rjsec339.ZIP", decompressedFolder = "C:\Users\cofc_\AppData\Local\Temp\tmpEFE5.tmp", message = "rjsec339")~~RJStevensMusicPresentationCreator.Program~0000001635
2024-12-14 21:56:44.3735~DEBUG~extract completed~~RJStevensMusicPresentationCreator.Program~0000001636
2024-12-14 21:56:44.3755~DEBUG~<- ExtractAllFromFile(zipFileName = "C:\Users\cofc_\AppData\Local\Temp\tmpEEF9.tmp\rjsec339.ZIP", decompressedFolder = "C:\Users\cofc_\AppData\Local\Temp\tmpEFE5.tmp", message = "rjsec339")~~RJStevensMusicPresentationCreator.Program~0000001637
2024-12-14 21:56:44.4365~DEBUG~-> DownloadFile(url = "https://faas-nyc1-2ef2e6cc.doserverless.co/api/v1/web/fn-dd7f8f6a-d32a-4f5e-ae7b-870dfb7963f3/downloads/bundle?id=000000000000347", filename = "C:\Users\cofc_\AppData\Local\Temp\tmpF10F.tmp\rjsec340.ZIP", message = "rjsec340")~~RJStevensMusicPresentationCreator.Program~0000001638
2024-12-14 21:56:44.6465~DEBUG~download completed~~RJStevensMusicPresentationCreator.Program~0000001639
2024-12-14 21:56:44.6465~DEBUG~<- DownloadFile(url = "https://faas-nyc1-2ef2e6cc.doserverless.co/api/v1/web/fn-dd7f8f6a-d32a-4f5e-ae7b-870dfb7963f3/downloads/bundle?id=000000000000347", filename = "C:\Users\cofc_\AppData\Local\Temp\tmpF10F.tmp\rjsec340.ZIP", message = "rjsec340")~~RJStevensMusicPresentationCreator.Program~0000001640
2024-12-14 21:56:44.6605~DEBUG~-> ExtractAllFromFile(zipFileName = "C:\Users\cofc_\AppData\Local\Temp\tmpF10F.tmp\rjsec340.ZIP", decompressedFolder = "C:\Users\cofc_\AppData\Local\Temp\tmpF1FA.tmp", message = "rjsec340")~~RJStevensMusicPresentationCreator.Program~0000001641
2024-12-14 21:56:44.9055~DEBUG~extract completed~~RJStevensMusicPresentationCreator.Program~0000001642
2024-12-14 21:56:44.9075~DEBUG~<- ExtractAllFromFile(zipFileName = "C:\Users\cofc_\AppData\Local\Temp\tmpF10F.tmp\rjsec340.ZIP", decompressedFolder = "C:\Users\cofc_\AppData\Local\Temp\tmpF1FA.tmp", message = "rjsec340")~~RJStevensMusicPresentationCreator.Program~0000001643
2024-12-14 21:56:44.9755~DEBUG~-> DownloadFile(url = "https://faas-nyc1-2ef2e6cc.doserverless.co/api/v1/web/fn-dd7f8f6a-d32a-4f5e-ae7b-870dfb7963f3/downloads/bundle?id=000000000000348", filename = "C:\Users\cofc_\AppData\Local\Temp\tmpF334.tmp\rjsec341.ZIP", message = "rjsec341")~~RJStevensMusicPresentationCreator.Program~0000001644
2024-12-14 21:56:45.2286~DEBUG~download completed~~RJStevensMusicPresentationCreator.Program~0000001645
2024-12-14 21:56:45.2286~DEBUG~<- DownloadFile(url = "https://faas-nyc1-2ef2e6cc.doserverless.co/api/v1/web/fn-dd7f8f6a-d32a-4f5e-ae7b-870dfb7963f3/downloads/bundle?id=000000000000348", filename = "C:\Users\cofc_\AppData\Local\Temp\tmpF334.tmp\rjsec341.ZIP", message = "rjsec341")~~RJStevensMusicPresentationCreator.Program~0000001646
2024-12-14 21:56:45.2426~DEBUG~-> ExtractAllFromFile(zipFileName = "C:\Users\cofc_\AppData\Local\Temp\tmpF334.tmp\rjsec341.ZIP", decompressedFolder = "C:\Users\cofc_\AppData\Local\Temp\tmpF43E.tmp", message = "rjsec341")~~RJStevensMusicPresentationCreator.Program~0000001647
2024-12-14 21:56:45.4756~DEBUG~extract completed~~RJStevensMusicPresentationCreator.Program~0000001648
2024-12-14 21:56:45.4756~DEBUG~<- ExtractAllFromFile(zipFileName = "C:\Users\cofc_\AppData\Local\Temp\tmpF334.tmp\rjsec341.ZIP", decompressedFolder = "C:\Users\cofc_\AppData\Local\Temp\tmpF43E.tmp", message = "rjsec341")~~RJStevensMusicPresentationCreator.Program~0000001649
2024-12-14 21:56:45.5456~DEBUG~-> DownloadFile(url = "https://faas-nyc1-2ef2e6cc.doserverless.co/api/v1/web/fn-dd7f8f6a-d32a-4f5e-ae7b-870dfb7963f3/downloads/bundle?id=000000000000350", filename = "C:\Users\cofc_\AppData\Local\Temp\tmpF568.tmp\rjsec343.ZIP", message = "rjsec343")~~RJStevensMusicPresentationCreator.Program~0000001650
2024-12-14 21:56:45.7616~DEBUG~download completed~~RJStevensMusicPresentationCreator.Program~0000001651
2024-12-14 21:56:45.7616~DEBUG~<- DownloadFile(url = "https://faas-nyc1-2ef2e6cc.doserverless.co/api/v1/web/fn-dd7f8f6a-d32a-4f5e-ae7b-870dfb7963f3/downloads/bundle?id=000000000000350", filename = "C:\Users\cofc_\AppData\Local\Temp\tmpF568.tmp\rjsec343.ZIP", message = "rjsec343")~~RJStevensMusicPresentationCreator.Program~0000001652
2024-12-14 21:56:45.7756~DEBUG~-> ExtractAllFromFile(zipFileName = "C:\Users\cofc_\AppData\Local\Temp\tmpF568.tmp\rjsec343.ZIP", decompressedFolder = "C:\Users\cofc_\AppData\Local\Temp\tmpF653.tmp", message = "rjsec343")~~RJStevensMusicPresentationCreator.Program~0000001653
2024-12-14 21:56:46.0806~DEBUG~extract completed~~RJStevensMusicPresentationCreator.Program~0000001654
2024-12-14 21:56:46.0806~DEBUG~<- ExtractAllFromFile(zipFileName = "C:\Users\cofc_\AppData\Local\Temp\tmpF568.tmp\rjsec343.ZIP", decompressedFolder = "C:\Users\cofc_\AppData\Local\Temp\tmpF653.tmp", message = "rjsec343")~~RJStevensMusicPresentationCreator.Program~0000001655
2024-12-14 21:56:46.1546~DEBUG~-> DownloadFile(url = "https://faas-nyc1-2ef2e6cc.doserverless.co/api/v1/web/fn-dd7f8f6a-d32a-4f5e-ae7b-870dfb7963f3/downloads/bundle?id=000000000000351", filename = "C:\Users\cofc_\AppData\Local\Temp\tmpF7CB.tmp\rjsec344.ZIP", message = "rjsec344")~~RJStevensMusicPresentationCreator.Program~0000001656
2024-12-14 21:56:46.3956~DEBUG~download completed~~RJStevensMusicPresentationCreator.Program~0000001657
2024-12-14 21:56:46.3956~DEBUG~<- DownloadFile(url = "https://faas-nyc1-2ef2e6cc.doserverless.co/api/v1/web/fn-dd7f8f6a-d32a-4f5e-ae7b-870dfb7963f3/downloads/bundle?id=000000000000351", filename = "C:\Users\cofc_\AppData\Local\Temp\tmpF7CB.tmp\rjsec344.ZIP", message = "rjsec344")~~RJStevensMusicPresentationCreator.Program~0000001658
2024-12-14 21:56:46.4146~DEBUG~-> ExtractAllFromFile(zipFileName = "C:\Users\cofc_\AppData\Local\Temp\tmpF7CB.tmp\rjsec344.ZIP", decompressedFolder = "C:\Users\cofc_\AppData\Local\Temp\tmpF8D6.tmp", message = "rjsec344")~~RJStevensMusicPresentationCreator.Program~0000001659
2024-12-14 21:56:46.6307~DEBUG~extract completed~~RJStevensMusicPresentationCreator.Program~0000001660
2024-12-14 21:56:46.6307~DEBUG~<- ExtractAllFromFile(zipFileName = "C:\Users\cofc_\AppData\Local\Temp\tmpF7CB.tmp\rjsec344.ZIP", decompressedFolder = "C:\Users\cofc_\AppData\Local\Temp\tmpF8D6.tmp", message = "rjsec344")~~RJStevensMusicPresentationCreator.Program~0000001661
2024-12-14 21:56:46.6907~DEBUG~-> DownloadFile(url = "https://faas-nyc1-2ef2e6cc.doserverless.co/api/v1/web/fn-dd7f8f6a-d32a-4f5e-ae7b-870dfb7963f3/downloads/bundle?id=000000000000354", filename = "C:\Users\cofc_\AppData\Local\Temp\tmpF9F0.tmp\rjsec347.ZIP", message = "rjsec347")~~RJStevensMusicPresentationCreator.Program~0000001662
2024-12-14 21:56:46.9237~DEBUG~download completed~~RJStevensMusicPresentationCreator.Program~0000001663
2024-12-14 21:56:46.9237~DEBUG~<- DownloadFile(url = "https://faas-nyc1-2ef2e6cc.doserverless.co/api/v1/web/fn-dd7f8f6a-d32a-4f5e-ae7b-870dfb7963f3/downloads/bundle?id=000000000000354", filename = "C:\Users\cofc_\AppData\Local\Temp\tmpF9F0.tmp\rjsec347.ZIP", message = "rjsec347")~~RJStevensMusicPresentationCreator.Program~0000001664
2024-12-14 21:56:46.9447~DEBUG~-> ExtractAllFromFile(zipFileName = "C:\Users\cofc_\AppData\Local\Temp\tmpF9F0.tmp\rjsec347.ZIP", decompressedFolder = "C:\Users\cofc_\AppData\Local\Temp\tmpFAEB.tmp", message = "rjsec347")~~RJStevensMusicPresentationCreator.Program~0000001665
2024-12-14 21:56:47.2357~DEBUG~extract completed~~RJStevensMusicPresentationCreator.Program~0000001666
2024-12-14 21:56:47.2357~DEBUG~<- ExtractAllFromFile(zipFileName = "C:\Users\cofc_\AppData\Local\Temp\tmpF9F0.tmp\rjsec347.ZIP", decompressedFolder = "C:\Users\cofc_\AppData\Local\Temp\tmpFAEB.tmp", message = "rjsec347")~~RJStevensMusicPresentationCreator.Program~0000001667
2024-12-14 21:56:47.3157~DEBUG~-> DownloadFile(url = "https://faas-nyc1-2ef2e6cc.doserverless.co/api/v1/web/fn-dd7f8f6a-d32a-4f5e-ae7b-870dfb7963f3/downloads/bundle?id=000000000000355", filename = "C:\Users\cofc_\AppData\Local\Temp\tmpFC63.tmp\rjsec348.ZIP", message = "rjsec348")~~RJStevensMusicPresentationCreator.Program~0000001668
2024-12-14 21:56:47.5257~DEBUG~download completed~~RJStevensMusicPresentationCreator.Program~0000001669
2024-12-14 21:56:47.5257~DEBUG~<- DownloadFile(url = "https://faas-nyc1-2ef2e6cc.doserverless.co/api/v1/web/fn-dd7f8f6a-d32a-4f5e-ae7b-870dfb7963f3/downloads/bundle?id=000000000000355", filename = "C:\Users\cofc_\AppData\Local\Temp\tmpFC63.tmp\rjsec348.ZIP", message = "rjsec348")~~RJStevensMusicPresentationCreator.Program~0000001670
2024-12-14 21:56:47.5387~DEBUG~-> ExtractAllFromFile(zipFileName = "C:\Users\cofc_\AppData\Local\Temp\tmpFC63.tmp\rjsec348.ZIP", decompressedFolder = "C:\Users\cofc_\AppData\Local\Temp\tmpFD3F.tmp", message = "rjsec348")~~RJStevensMusicPresentationCreator.Program~0000001671
2024-12-14 21:56:47.7487~DEBUG~extract completed~~RJStevensMusicPresentationCreator.Program~0000001672
2024-12-14 21:56:47.7517~DEBUG~<- ExtractAllFromFile(zipFileName = "C:\Users\cofc_\AppData\Local\Temp\tmpFC63.tmp\rjsec348.ZIP", decompressedFolder = "C:\Users\cofc_\AppData\Local\Temp\tmpFD3F.tmp", message = "rjsec348")~~RJStevensMusicPresentationCreator.Program~0000001673
2024-12-14 21:56:47.8088~DEBUG~-> DownloadFile(url = "https://faas-nyc1-2ef2e6cc.doserverless.co/api/v1/web/fn-dd7f8f6a-d32a-4f5e-ae7b-870dfb7963f3/downloads/bundle?id=000000000000357", filename = "C:\Users\cofc_\AppData\Local\Temp\tmpFE4A.tmp\rjsec350.ZIP", message = "rjsec350")~~RJStevensMusicPresentationCreator.Program~0000001674
2024-12-14 21:56:48.0318~DEBUG~download completed~~RJStevensMusicPresentationCreator.Program~0000001675
2024-12-14 21:56:48.0318~DEBUG~<- DownloadFile(url = "https://faas-nyc1-2ef2e6cc.doserverless.co/api/v1/web/fn-dd7f8f6a-d32a-4f5e-ae7b-870dfb7963f3/downloads/bundle?id=000000000000357", filename = "C:\Users\cofc_\AppData\Local\Temp\tmpFE4A.tmp\rjsec350.ZIP", message = "rjsec350")~~RJStevensMusicPresentationCreator.Program~0000001676
2024-12-14 21:56:48.0318~DEBUG~-> ExtractAllFromFile(zipFileName = "C:\Users\cofc_\AppData\Local\Temp\tmpFE4A.tmp\rjsec350.ZIP", decompressedFolder = "C:\Users\cofc_\AppData\Local\Temp\tmpFF35.tmp", message = "rjsec350")~~RJStevensMusicPresentationCreator.Program~0000001677
2024-12-14 21:56:48.2628~DEBUG~extract completed~~RJStevensMusicPresentationCreator.Program~0000001678
2024-12-14 21:56:48.2628~DEBUG~<- ExtractAllFromFile(zipFileName = "C:\Users\cofc_\AppData\Local\Temp\tmpFE4A.tmp\rjsec350.ZIP", decompressedFolder = "C:\Users\cofc_\AppData\Local\Temp\tmpFF35.tmp", message = "rjsec350")~~RJStevensMusicPresentationCreator.Program~0000001679
2024-12-14 21:56:48.3238~DEBUG~-> DownloadFile(url = "https://faas-nyc1-2ef2e6cc.doserverless.co/api/v1/web/fn-dd7f8f6a-d32a-4f5e-ae7b-870dfb7963f3/downloads/bundle?id=000000000000358", filename = "C:\Users\cofc_\AppData\Local\Temp\tmp4F.tmp\rjsec351.ZIP", message = "rjsec351")~~RJStevensMusicPresentationCreator.Program~0000001680
2024-12-14 21:56:48.5728~DEBUG~download completed~~RJStevensMusicPresentationCreator.Program~0000001681
2024-12-14 21:56:48.5728~DEBUG~<- DownloadFile(url = "https://faas-nyc1-2ef2e6cc.doserverless.co/api/v1/web/fn-dd7f8f6a-d32a-4f5e-ae7b-870dfb7963f3/downloads/bundle?id=000000000000358", filename = "C:\Users\cofc_\AppData\Local\Temp\tmp4F.tmp\rjsec351.ZIP", message = "rjsec351")~~RJStevensMusicPresentationCreator.Program~0000001682
2024-12-14 21:56:48.5908~DEBUG~-> ExtractAllFromFile(zipFileName = "C:\Users\cofc_\AppData\Local\Temp\tmp4F.tmp\rjsec351.ZIP", decompressedFolder = "C:\Users\cofc_\AppData\Local\Temp\tmp15A.tmp", message = "rjsec351")~~RJStevensMusicPresentationCreator.Program~0000001683
2024-12-14 21:56:48.9028~DEBUG~extract completed~~RJStevensMusicPresentationCreator.Program~0000001684
2024-12-14 21:56:48.9028~DEBUG~<- ExtractAllFromFile(zipFileName = "C:\Users\cofc_\AppData\Local\Temp\tmp4F.tmp\rjsec351.ZIP", decompressedFolder = "C:\Users\cofc_\AppData\Local\Temp\tmp15A.tmp", message = "rjsec351")~~RJStevensMusicPresentationCreator.Program~0000001685
2024-12-14 21:56:48.9798~DEBUG~-> DownloadFile(url = "https://faas-nyc1-2ef2e6cc.doserverless.co/api/v1/web/fn-dd7f8f6a-d32a-4f5e-ae7b-870dfb7963f3/downloads/bundle?id=000000000000359", filename = "C:\Users\cofc_\AppData\Local\Temp\tmp2E2.tmp\rjsec352.ZIP", message = "rjsec352")~~RJStevensMusicPresentationCreator.Program~0000001686
2024-12-14 21:56:49.2769~DEBUG~download completed~~RJStevensMusicPresentationCreator.Program~0000001687
2024-12-14 21:56:49.2769~DEBUG~<- DownloadFile(url = "https://faas-nyc1-2ef2e6cc.doserverless.co/api/v1/web/fn-dd7f8f6a-d32a-4f5e-ae7b-870dfb7963f3/downloads/bundle?id=000000000000359", filename = "C:\Users\cofc_\AppData\Local\Temp\tmp2E2.tmp\rjsec352.ZIP", message = "rjsec352")~~RJStevensMusicPresentationCreator.Program~0000001688
2024-12-14 21:56:49.2969~DEBUG~-> ExtractAllFromFile(zipFileName = "C:\Users\cofc_\AppData\Local\Temp\tmp2E2.tmp\rjsec352.ZIP", decompressedFolder = "C:\Users\cofc_\AppData\Local\Temp\tmp41B.tmp", message = "rjsec352")~~RJStevensMusicPresentationCreator.Program~0000001689
2024-12-14 21:56:49.5389~DEBUG~extract completed~~RJStevensMusicPresentationCreator.Program~0000001690
2024-12-14 21:56:49.5389~DEBUG~<- ExtractAllFromFile(zipFileName = "C:\Users\cofc_\AppData\Local\Temp\tmp2E2.tmp\rjsec352.ZIP", decompressedFolder = "C:\Users\cofc_\AppData\Local\Temp\tmp41B.tmp", message = "rjsec352")~~RJStevensMusicPresentationCreator.Program~0000001691
2024-12-14 21:56:49.6089~DEBUG~-> DownloadFile(url = "https://faas-nyc1-2ef2e6cc.doserverless.co/api/v1/web/fn-dd7f8f6a-d32a-4f5e-ae7b-870dfb7963f3/downloads/bundle?id=000000000000361", filename = "C:\Users\cofc_\AppData\Local\Temp\tmp555.tmp\rjsec354.ZIP", message = "rjsec354")~~RJStevensMusicPresentationCreator.Program~0000001692
2024-12-14 21:56:49.8349~DEBUG~download completed~~RJStevensMusicPresentationCreator.Program~0000001693
2024-12-14 21:56:49.8349~DEBUG~<- DownloadFile(url = "https://faas-nyc1-2ef2e6cc.doserverless.co/api/v1/web/fn-dd7f8f6a-d32a-4f5e-ae7b-870dfb7963f3/downloads/bundle?id=000000000000361", filename = "C:\Users\cofc_\AppData\Local\Temp\tmp555.tmp\rjsec354.ZIP", message = "rjsec354")~~RJStevensMusicPresentationCreator.Program~0000001694
2024-12-14 21:56:49.8499~DEBUG~-> ExtractAllFromFile(zipFileName = "C:\Users\cofc_\AppData\Local\Temp\tmp555.tmp\rjsec354.ZIP", decompressedFolder = "C:\Users\cofc_\AppData\Local\Temp\tmp650.tmp", message = "rjsec354")~~RJStevensMusicPresentationCreator.Program~0000001695
2024-12-14 21:56:50.0969~DEBUG~extract completed~~RJStevensMusicPresentationCreator.Program~0000001696
2024-12-14 21:56:50.0969~DEBUG~<- ExtractAllFromFile(zipFileName = "C:\Users\cofc_\AppData\Local\Temp\tmp555.tmp\rjsec354.ZIP", decompressedFolder = "C:\Users\cofc_\AppData\Local\Temp\tmp650.tmp", message = "rjsec354")~~RJStevensMusicPresentationCreator.Program~0000001697
2024-12-14 21:56:50.1789~DEBUG~-> DownloadFile(url = "https://faas-nyc1-2ef2e6cc.doserverless.co/api/v1/web/fn-dd7f8f6a-d32a-4f5e-ae7b-870dfb7963f3/downloads/bundle?id=000000000000362", filename = "C:\Users\cofc_\AppData\Local\Temp\tmp799.tmp\rjsec355.ZIP", message = "rjsec355")~~RJStevensMusicPresentationCreator.Program~0000001698
2024-12-14 21:56:50.3689~DEBUG~download completed~~RJStevensMusicPresentationCreator.Program~0000001699
2024-12-14 21:56:50.3689~DEBUG~<- DownloadFile(url = "https://faas-nyc1-2ef2e6cc.doserverless.co/api/v1/web/fn-dd7f8f6a-d32a-4f5e-ae7b-870dfb7963f3/downloads/bundle?id=000000000000362", filename = "C:\Users\cofc_\AppData\Local\Temp\tmp799.tmp\rjsec355.ZIP", message = "rjsec355")~~RJStevensMusicPresentationCreator.Program~0000001700
2024-12-14 21:56:50.3829~DEBUG~-> ExtractAllFromFile(zipFileName = "C:\Users\cofc_\AppData\Local\Temp\tmp799.tmp\rjsec355.ZIP", decompressedFolder = "C:\Users\cofc_\AppData\Local\Temp\tmp865.tmp", message = "rjsec355")~~RJStevensMusicPresentationCreator.Program~0000001701
2024-12-14 21:56:50.5780~DEBUG~extract completed~~RJStevensMusicPresentationCreator.Program~0000001702
2024-12-14 21:56:50.5800~DEBUG~<- ExtractAllFromFile(zipFileName = "C:\Users\cofc_\AppData\Local\Temp\tmp799.tmp\rjsec355.ZIP", decompressedFolder = "C:\Users\cofc_\AppData\Local\Temp\tmp865.tmp", message = "rjsec355")~~RJStevensMusicPresentationCreator.Program~0000001703
2024-12-14 21:56:50.6430~DEBUG~-> DownloadFile(url = "https://faas-nyc1-2ef2e6cc.doserverless.co/api/v1/web/fn-dd7f8f6a-d32a-4f5e-ae7b-870dfb7963f3/downloads/bundle?id=000000000000363", filename = "C:\Users\cofc_\AppData\Local\Temp\tmp96F.tmp\rjsec356.ZIP", message = "rjsec356")~~RJStevensMusicPresentationCreator.Program~0000001704
2024-12-14 21:56:50.8860~DEBUG~download completed~~RJStevensMusicPresentationCreator.Program~0000001705
2024-12-14 21:56:50.8860~DEBUG~<- DownloadFile(url = "https://faas-nyc1-2ef2e6cc.doserverless.co/api/v1/web/fn-dd7f8f6a-d32a-4f5e-ae7b-870dfb7963f3/downloads/bundle?id=000000000000363", filename = "C:\Users\cofc_\AppData\Local\Temp\tmp96F.tmp\rjsec356.ZIP", message = "rjsec356")~~RJStevensMusicPresentationCreator.Program~0000001706
2024-12-14 21:56:50.8990~DEBUG~-> ExtractAllFromFile(zipFileName = "C:\Users\cofc_\AppData\Local\Temp\tmp96F.tmp\rjsec356.ZIP", decompressedFolder = "C:\Users\cofc_\AppData\Local\Temp\tmpA6A.tmp", message = "rjsec356")~~RJStevensMusicPresentationCreator.Program~0000001707
2024-12-14 21:56:51.2310~DEBUG~extract completed~~RJStevensMusicPresentationCreator.Program~0000001708
2024-12-14 21:56:51.2310~DEBUG~<- ExtractAllFromFile(zipFileName = "C:\Users\cofc_\AppData\Local\Temp\tmp96F.tmp\rjsec356.ZIP", decompressedFolder = "C:\Users\cofc_\AppData\Local\Temp\tmpA6A.tmp", message = "rjsec356")~~RJStevensMusicPresentationCreator.Program~0000001709
2024-12-14 21:56:51.3140~DEBUG~-> DownloadFile(url = "https://faas-nyc1-2ef2e6cc.doserverless.co/api/v1/web/fn-dd7f8f6a-d32a-4f5e-ae7b-870dfb7963f3/downloads/bundle?id=000000000000364", filename = "C:\Users\cofc_\AppData\Local\Temp\tmpC02.tmp\rjsec357.ZIP", message = "rjsec357")~~RJStevensMusicPresentationCreator.Program~0000001710
2024-12-14 21:56:51.5370~DEBUG~download completed~~RJStevensMusicPresentationCreator.Program~0000001711
2024-12-14 21:56:51.5370~DEBUG~<- DownloadFile(url = "https://faas-nyc1-2ef2e6cc.doserverless.co/api/v1/web/fn-dd7f8f6a-d32a-4f5e-ae7b-870dfb7963f3/downloads/bundle?id=000000000000364", filename = "C:\Users\cofc_\AppData\Local\Temp\tmpC02.tmp\rjsec357.ZIP", message = "rjsec357")~~RJStevensMusicPresentationCreator.Program~0000001712
2024-12-14 21:56:51.5530~DEBUG~-> ExtractAllFromFile(zipFileName = "C:\Users\cofc_\AppData\Local\Temp\tmpC02.tmp\rjsec357.ZIP", decompressedFolder = "C:\Users\cofc_\AppData\Local\Temp\tmpCFD.tmp", message = "rjsec357")~~RJStevensMusicPresentationCreator.Program~0000001713
2024-12-14 21:56:51.7860~DEBUG~extract completed~~RJStevensMusicPresentationCreator.Program~0000001714
2024-12-14 21:56:51.7860~DEBUG~<- ExtractAllFromFile(zipFileName = "C:\Users\cofc_\AppData\Local\Temp\tmpC02.tmp\rjsec357.ZIP", decompressedFolder = "C:\Users\cofc_\AppData\Local\Temp\tmpCFD.tmp", message = "rjsec357")~~RJStevensMusicPresentationCreator.Program~0000001715
2024-12-14 21:56:51.8541~DEBUG~-> DownloadFile(url = "https://faas-nyc1-2ef2e6cc.doserverless.co/api/v1/web/fn-dd7f8f6a-d32a-4f5e-ae7b-870dfb7963f3/downloads/bundle?id=000000000000365", filename = "C:\Users\cofc_\AppData\Local\Temp\tmpE27.tmp\rjsec358.ZIP", message = "rjsec358")~~RJStevensMusicPresentationCreator.Program~0000001716
2024-12-14 21:56:52.0611~DEBUG~download completed~~RJStevensMusicPresentationCreator.Program~0000001717
2024-12-14 21:56:52.0611~DEBUG~<- DownloadFile(url = "https://faas-nyc1-2ef2e6cc.doserverless.co/api/v1/web/fn-dd7f8f6a-d32a-4f5e-ae7b-870dfb7963f3/downloads/bundle?id=000000000000365", filename = "C:\Users\cofc_\AppData\Local\Temp\tmpE27.tmp\rjsec358.ZIP", message = "rjsec358")~~RJStevensMusicPresentationCreator.Program~0000001718
2024-12-14 21:56:52.0741~DEBUG~-> ExtractAllFromFile(zipFileName = "C:\Users\cofc_\AppData\Local\Temp\tmpE27.tmp\rjsec358.ZIP", decompressedFolder = "C:\Users\cofc_\AppData\Local\Temp\tmpF02.tmp", message = "rjsec358")~~RJStevensMusicPresentationCreator.Program~0000001719
2024-12-14 21:56:52.2591~DEBUG~extract completed~~RJStevensMusicPresentationCreator.Program~0000001720
2024-12-14 21:56:52.2591~DEBUG~<- ExtractAllFromFile(zipFileName = "C:\Users\cofc_\AppData\Local\Temp\tmpE27.tmp\rjsec358.ZIP", decompressedFolder = "C:\Users\cofc_\AppData\Local\Temp\tmpF02.tmp", message = "rjsec358")~~RJStevensMusicPresentationCreator.Program~0000001721
2024-12-14 21:56:52.3321~DEBUG~-> DownloadFile(url = "https://faas-nyc1-2ef2e6cc.doserverless.co/api/v1/web/fn-dd7f8f6a-d32a-4f5e-ae7b-870dfb7963f3/downloads/bundle?id=000000000000367", filename = "C:\Users\cofc_\AppData\Local\Temp\tmp100D.tmp\rjsec360.ZIP", message = "rjsec360")~~RJStevensMusicPresentationCreator.Program~0000001722
2024-12-14 21:56:52.5861~DEBUG~download completed~~RJStevensMusicPresentationCreator.Program~0000001723
2024-12-14 21:56:52.5861~DEBUG~<- DownloadFile(url = "https://faas-nyc1-2ef2e6cc.doserverless.co/api/v1/web/fn-dd7f8f6a-d32a-4f5e-ae7b-870dfb7963f3/downloads/bundle?id=000000000000367", filename = "C:\Users\cofc_\AppData\Local\Temp\tmp100D.tmp\rjsec360.ZIP", message = "rjsec360")~~RJStevensMusicPresentationCreator.Program~0000001724
2024-12-14 21:56:52.6011~DEBUG~-> ExtractAllFromFile(zipFileName = "C:\Users\cofc_\AppData\Local\Temp\tmp100D.tmp\rjsec360.ZIP", decompressedFolder = "C:\Users\cofc_\AppData\Local\Temp\tmp1118.tmp", message = "rjsec360")~~RJStevensMusicPresentationCreator.Program~0000001725
2024-12-14 21:56:52.8741~DEBUG~extract completed~~RJStevensMusicPresentationCreator.Program~0000001726
2024-12-14 21:56:52.8761~DEBUG~<- ExtractAllFromFile(zipFileName = "C:\Users\cofc_\AppData\Local\Temp\tmp100D.tmp\rjsec360.ZIP", decompressedFolder = "C:\Users\cofc_\AppData\Local\Temp\tmp1118.tmp", message = "rjsec360")~~RJStevensMusicPresentationCreator.Program~0000001727
2024-12-14 21:56:52.9461~DEBUG~-> DownloadFile(url = "https://faas-nyc1-2ef2e6cc.doserverless.co/api/v1/web/fn-dd7f8f6a-d32a-4f5e-ae7b-870dfb7963f3/downloads/bundle?id=000000000003362", filename = "C:\Users\cofc_\AppData\Local\Temp\tmp1270.tmp\rjsec360.16.ZIP", message = "rjsec360.16")~~RJStevensMusicPresentationCreator.Program~0000001728
2024-12-14 21:56:53.1832~DEBUG~download completed~~RJStevensMusicPresentationCreator.Program~0000001729
2024-12-14 21:56:53.1832~DEBUG~<- DownloadFile(url = "https://faas-nyc1-2ef2e6cc.doserverless.co/api/v1/web/fn-dd7f8f6a-d32a-4f5e-ae7b-870dfb7963f3/downloads/bundle?id=000000000003362", filename = "C:\Users\cofc_\AppData\Local\Temp\tmp1270.tmp\rjsec360.16.ZIP", message = "rjsec360.16")~~RJStevensMusicPresentationCreator.Program~0000001730
2024-12-14 21:56:53.1972~DEBUG~-> ExtractAllFromFile(zipFileName = "C:\Users\cofc_\AppData\Local\Temp\tmp1270.tmp\rjsec360.16.ZIP", decompressedFolder = "C:\Users\cofc_\AppData\Local\Temp\tmp136B.tmp", message = "rjsec360.16")~~RJStevensMusicPresentationCreator.Program~0000001731
2024-12-14 21:56:53.4882~DEBUG~extract completed~~RJStevensMusicPresentationCreator.Program~0000001732
2024-12-14 21:56:53.4882~DEBUG~<- ExtractAllFromFile(zipFileName = "C:\Users\cofc_\AppData\Local\Temp\tmp1270.tmp\rjsec360.16.ZIP", decompressedFolder = "C:\Users\cofc_\AppData\Local\Temp\tmp136B.tmp", message = "rjsec360.16")~~RJStevensMusicPresentationCreator.Program~0000001733
2024-12-14 21:56:53.5632~DEBUG~-> DownloadFile(url = "https://faas-nyc1-2ef2e6cc.doserverless.co/api/v1/web/fn-dd7f8f6a-d32a-4f5e-ae7b-870dfb7963f3/downloads/bundle?id=000000000000369", filename = "C:\Users\cofc_\AppData\Local\Temp\tmp14D4.tmp\rjsec362.ZIP", message = "rjsec362")~~RJStevensMusicPresentationCreator.Program~0000001734
2024-12-14 21:56:53.7882~DEBUG~download completed~~RJStevensMusicPresentationCreator.Program~0000001735
2024-12-14 21:56:53.7882~DEBUG~<- DownloadFile(url = "https://faas-nyc1-2ef2e6cc.doserverless.co/api/v1/web/fn-dd7f8f6a-d32a-4f5e-ae7b-870dfb7963f3/downloads/bundle?id=000000000000369", filename = "C:\Users\cofc_\AppData\Local\Temp\tmp14D4.tmp\rjsec362.ZIP", message = "rjsec362")~~RJStevensMusicPresentationCreator.Program~0000001736
2024-12-14 21:56:53.8082~DEBUG~-> ExtractAllFromFile(zipFileName = "C:\Users\cofc_\AppData\Local\Temp\tmp14D4.tmp\rjsec362.ZIP", decompressedFolder = "C:\Users\cofc_\AppData\Local\Temp\tmp15D5.tmp", message = "rjsec362")~~RJStevensMusicPresentationCreator.Program~0000001737
2024-12-14 21:56:54.1292~DEBUG~extract completed~~RJStevensMusicPresentationCreator.Program~0000001738
2024-12-14 21:56:54.1292~DEBUG~<- ExtractAllFromFile(zipFileName = "C:\Users\cofc_\AppData\Local\Temp\tmp14D4.tmp\rjsec362.ZIP", decompressedFolder = "C:\Users\cofc_\AppData\Local\Temp\tmp15D5.tmp", message = "rjsec362")~~RJStevensMusicPresentationCreator.Program~0000001739
2024-12-14 21:56:54.2042~DEBUG~-> DownloadFile(url = "https://faas-nyc1-2ef2e6cc.doserverless.co/api/v1/web/fn-dd7f8f6a-d32a-4f5e-ae7b-870dfb7963f3/downloads/bundle?id=000000000000370", filename = "C:\Users\cofc_\AppData\Local\Temp\tmp1756.tmp\rjsec363.ZIP", message = "rjsec363")~~RJStevensMusicPresentationCreator.Program~0000001740
2024-12-14 21:56:54.4372~DEBUG~download completed~~RJStevensMusicPresentationCreator.Program~0000001741
2024-12-14 21:56:54.4382~DEBUG~<- DownloadFile(url = "https://faas-nyc1-2ef2e6cc.doserverless.co/api/v1/web/fn-dd7f8f6a-d32a-4f5e-ae7b-870dfb7963f3/downloads/bundle?id=000000000000370", filename = "C:\Users\cofc_\AppData\Local\Temp\tmp1756.tmp\rjsec363.ZIP", message = "rjsec363")~~RJStevensMusicPresentationCreator.Program~0000001742
2024-12-14 21:56:54.4382~DEBUG~-> ExtractAllFromFile(zipFileName = "C:\Users\cofc_\AppData\Local\Temp\tmp1756.tmp\rjsec363.ZIP", decompressedFolder = "C:\Users\cofc_\AppData\Local\Temp\tmp1851.tmp", message = "rjsec363")~~RJStevensMusicPresentationCreator.Program~0000001743
2024-12-14 21:56:54.7413~DEBUG~extract completed~~RJStevensMusicPresentationCreator.Program~0000001744
2024-12-14 21:56:54.7413~DEBUG~<- ExtractAllFromFile(zipFileName = "C:\Users\cofc_\AppData\Local\Temp\tmp1756.tmp\rjsec363.ZIP", decompressedFolder = "C:\Users\cofc_\AppData\Local\Temp\tmp1851.tmp", message = "rjsec363")~~RJStevensMusicPresentationCreator.Program~0000001745
2024-12-14 21:56:54.8083~DEBUG~-> DownloadFile(url = "https://faas-nyc1-2ef2e6cc.doserverless.co/api/v1/web/fn-dd7f8f6a-d32a-4f5e-ae7b-870dfb7963f3/downloads/bundle?id=000000000000371", filename = "C:\Users\cofc_\AppData\Local\Temp\tmp19BA.tmp\rjsec364.ZIP", message = "rjsec364")~~RJStevensMusicPresentationCreator.Program~0000001746
2024-12-14 21:56:55.0573~DEBUG~download completed~~RJStevensMusicPresentationCreator.Program~0000001747
2024-12-14 21:56:55.0573~DEBUG~<- DownloadFile(url = "https://faas-nyc1-2ef2e6cc.doserverless.co/api/v1/web/fn-dd7f8f6a-d32a-4f5e-ae7b-870dfb7963f3/downloads/bundle?id=000000000000371", filename = "C:\Users\cofc_\AppData\Local\Temp\tmp19BA.tmp\rjsec364.ZIP", message = "rjsec364")~~RJStevensMusicPresentationCreator.Program~0000001748
2024-12-14 21:56:55.0743~DEBUG~-> ExtractAllFromFile(zipFileName = "C:\Users\cofc_\AppData\Local\Temp\tmp19BA.tmp\rjsec364.ZIP", decompressedFolder = "C:\Users\cofc_\AppData\Local\Temp\tmp1AC4.tmp", message = "rjsec364")~~RJStevensMusicPresentationCreator.Program~0000001749
2024-12-14 21:56:55.2983~DEBUG~extract completed~~RJStevensMusicPresentationCreator.Program~0000001750
2024-12-14 21:56:55.2983~DEBUG~<- ExtractAllFromFile(zipFileName = "C:\Users\cofc_\AppData\Local\Temp\tmp19BA.tmp\rjsec364.ZIP", decompressedFolder = "C:\Users\cofc_\AppData\Local\Temp\tmp1AC4.tmp", message = "rjsec364")~~RJStevensMusicPresentationCreator.Program~0000001751
2024-12-14 21:56:55.3773~DEBUG~-> DownloadFile(url = "https://faas-nyc1-2ef2e6cc.doserverless.co/api/v1/web/fn-dd7f8f6a-d32a-4f5e-ae7b-870dfb7963f3/downloads/bundle?id=000000000000372", filename = "C:\Users\cofc_\AppData\Local\Temp\tmp1BEE.tmp\rjsec365.ZIP", message = "rjsec365")~~RJStevensMusicPresentationCreator.Program~0000001752
2024-12-14 21:56:55.6263~DEBUG~download completed~~RJStevensMusicPresentationCreator.Program~0000001753
2024-12-14 21:56:55.6263~DEBUG~<- DownloadFile(url = "https://faas-nyc1-2ef2e6cc.doserverless.co/api/v1/web/fn-dd7f8f6a-d32a-4f5e-ae7b-870dfb7963f3/downloads/bundle?id=000000000000372", filename = "C:\Users\cofc_\AppData\Local\Temp\tmp1BEE.tmp\rjsec365.ZIP", message = "rjsec365")~~RJStevensMusicPresentationCreator.Program~0000001754
2024-12-14 21:56:55.6423~DEBUG~-> ExtractAllFromFile(zipFileName = "C:\Users\cofc_\AppData\Local\Temp\tmp1BEE.tmp\rjsec365.ZIP", decompressedFolder = "C:\Users\cofc_\AppData\Local\Temp\tmp1D08.tmp", message = "rjsec365")~~RJStevensMusicPresentationCreator.Program~0000001755
2024-12-14 21:56:55.8984~DEBUG~extract completed~~RJStevensMusicPresentationCreator.Program~0000001756
2024-12-14 21:56:55.8984~DEBUG~<- ExtractAllFromFile(zipFileName = "C:\Users\cofc_\AppData\Local\Temp\tmp1BEE.tmp\rjsec365.ZIP", decompressedFolder = "C:\Users\cofc_\AppData\Local\Temp\tmp1D08.tmp", message = "rjsec365")~~RJStevensMusicPresentationCreator.Program~0000001757
2024-12-14 21:56:55.9644~DEBUG~-> DownloadFile(url = "https://faas-nyc1-2ef2e6cc.doserverless.co/api/v1/web/fn-dd7f8f6a-d32a-4f5e-ae7b-870dfb7963f3/downloads/bundle?id=000000000000373", filename = "C:\Users\cofc_\AppData\Local\Temp\tmp1E42.tmp\rjsec366.ZIP", message = "rjsec366")~~RJStevensMusicPresentationCreator.Program~0000001758
2024-12-14 21:56:56.1854~DEBUG~download completed~~RJStevensMusicPresentationCreator.Program~0000001759
2024-12-14 21:56:56.1854~DEBUG~<- DownloadFile(url = "https://faas-nyc1-2ef2e6cc.doserverless.co/api/v1/web/fn-dd7f8f6a-d32a-4f5e-ae7b-870dfb7963f3/downloads/bundle?id=000000000000373", filename = "C:\Users\cofc_\AppData\Local\Temp\tmp1E42.tmp\rjsec366.ZIP", message = "rjsec366")~~RJStevensMusicPresentationCreator.Program~0000001760
2024-12-14 21:56:56.2004~DEBUG~-> ExtractAllFromFile(zipFileName = "C:\Users\cofc_\AppData\Local\Temp\tmp1E42.tmp\rjsec366.ZIP", decompressedFolder = "C:\Users\cofc_\AppData\Local\Temp\tmp1F2D.tmp", message = "rjsec366")~~RJStevensMusicPresentationCreator.Program~0000001761
2024-12-14 21:56:56.4594~DEBUG~extract completed~~RJStevensMusicPresentationCreator.Program~0000001762
2024-12-14 21:56:56.4594~DEBUG~<- ExtractAllFromFile(zipFileName = "C:\Users\cofc_\AppData\Local\Temp\tmp1E42.tmp\rjsec366.ZIP", decompressedFolder = "C:\Users\cofc_\AppData\Local\Temp\tmp1F2D.tmp", message = "rjsec366")~~RJStevensMusicPresentationCreator.Program~0000001763
2024-12-14 21:56:56.5334~DEBUG~-> DownloadFile(url = "https://faas-nyc1-2ef2e6cc.doserverless.co/api/v1/web/fn-dd7f8f6a-d32a-4f5e-ae7b-870dfb7963f3/downloads/bundle?id=000000000000374", filename = "C:\Users\cofc_\AppData\Local\Temp\tmp2076.tmp\rjsec367.ZIP", message = "rjsec367")~~RJStevensMusicPresentationCreator.Program~0000001764
2024-12-14 21:56:56.7404~DEBUG~download completed~~RJStevensMusicPresentationCreator.Program~0000001765
2024-12-14 21:56:56.7404~DEBUG~<- DownloadFile(url = "https://faas-nyc1-2ef2e6cc.doserverless.co/api/v1/web/fn-dd7f8f6a-d32a-4f5e-ae7b-870dfb7963f3/downloads/bundle?id=000000000000374", filename = "C:\Users\cofc_\AppData\Local\Temp\tmp2076.tmp\rjsec367.ZIP", message = "rjsec367")~~RJStevensMusicPresentationCreator.Program~0000001766
2024-12-14 21:56:56.7534~DEBUG~-> ExtractAllFromFile(zipFileName = "C:\Users\cofc_\AppData\Local\Temp\tmp2076.tmp\rjsec367.ZIP", decompressedFolder = "C:\Users\cofc_\AppData\Local\Temp\tmp2162.tmp", message = "rjsec367")~~RJStevensMusicPresentationCreator.Program~0000001767
2024-12-14 21:56:57.0104~DEBUG~extract completed~~RJStevensMusicPresentationCreator.Program~0000001768
2024-12-14 21:56:57.0104~DEBUG~<- ExtractAllFromFile(zipFileName = "C:\Users\cofc_\AppData\Local\Temp\tmp2076.tmp\rjsec367.ZIP", decompressedFolder = "C:\Users\cofc_\AppData\Local\Temp\tmp2162.tmp", message = "rjsec367")~~RJStevensMusicPresentationCreator.Program~0000001769
2024-12-14 21:56:57.0774~DEBUG~-> DownloadFile(url = "https://faas-nyc1-2ef2e6cc.doserverless.co/api/v1/web/fn-dd7f8f6a-d32a-4f5e-ae7b-870dfb7963f3/downloads/bundle?id=000000000000375", filename = "C:\Users\cofc_\AppData\Local\Temp\tmp229B.tmp\rjsec368.ZIP", message = "rjsec368")~~RJStevensMusicPresentationCreator.Program~0000001770
2024-12-14 21:56:57.2955~DEBUG~download completed~~RJStevensMusicPresentationCreator.Program~0000001771
2024-12-14 21:56:57.2955~DEBUG~<- DownloadFile(url = "https://faas-nyc1-2ef2e6cc.doserverless.co/api/v1/web/fn-dd7f8f6a-d32a-4f5e-ae7b-870dfb7963f3/downloads/bundle?id=000000000000375", filename = "C:\Users\cofc_\AppData\Local\Temp\tmp229B.tmp\rjsec368.ZIP", message = "rjsec368")~~RJStevensMusicPresentationCreator.Program~0000001772
2024-12-14 21:56:57.3125~DEBUG~-> ExtractAllFromFile(zipFileName = "C:\Users\cofc_\AppData\Local\Temp\tmp229B.tmp\rjsec368.ZIP", decompressedFolder = "C:\Users\cofc_\AppData\Local\Temp\tmp2387.tmp", message = "rjsec368")~~RJStevensMusicPresentationCreator.Program~0000001773
2024-12-14 21:56:57.5345~DEBUG~extract completed~~RJStevensMusicPresentationCreator.Program~0000001774
2024-12-14 21:56:57.5345~DEBUG~<- ExtractAllFromFile(zipFileName = "C:\Users\cofc_\AppData\Local\Temp\tmp229B.tmp\rjsec368.ZIP", decompressedFolder = "C:\Users\cofc_\AppData\Local\Temp\tmp2387.tmp", message = "rjsec368")~~RJStevensMusicPresentationCreator.Program~0000001775
2024-12-14 21:56:57.5935~DEBUG~-> DownloadFile(url = "https://faas-nyc1-2ef2e6cc.doserverless.co/api/v1/web/fn-dd7f8f6a-d32a-4f5e-ae7b-870dfb7963f3/downloads/bundle?id=000000000000378", filename = "C:\Users\cofc_\AppData\Local\Temp\tmp24A1.tmp\rjsec371.ZIP", message = "rjsec371")~~RJStevensMusicPresentationCreator.Program~0000001776
2024-12-14 21:56:57.8385~DEBUG~download completed~~RJStevensMusicPresentationCreator.Program~0000001777
2024-12-14 21:56:57.8385~DEBUG~<- DownloadFile(url = "https://faas-nyc1-2ef2e6cc.doserverless.co/api/v1/web/fn-dd7f8f6a-d32a-4f5e-ae7b-870dfb7963f3/downloads/bundle?id=000000000000378", filename = "C:\Users\cofc_\AppData\Local\Temp\tmp24A1.tmp\rjsec371.ZIP", message = "rjsec371")~~RJStevensMusicPresentationCreator.Program~0000001778
2024-12-14 21:56:57.8565~DEBUG~-> ExtractAllFromFile(zipFileName = "C:\Users\cofc_\AppData\Local\Temp\tmp24A1.tmp\rjsec371.ZIP", decompressedFolder = "C:\Users\cofc_\AppData\Local\Temp\tmp25AC.tmp", message = "rjsec371")~~RJStevensMusicPresentationCreator.Program~0000001779
2024-12-14 21:56:58.1575~DEBUG~extract completed~~RJStevensMusicPresentationCreator.Program~0000001780
2024-12-14 21:56:58.1575~DEBUG~<- ExtractAllFromFile(zipFileName = "C:\Users\cofc_\AppData\Local\Temp\tmp24A1.tmp\rjsec371.ZIP", decompressedFolder = "C:\Users\cofc_\AppData\Local\Temp\tmp25AC.tmp", message = "rjsec371")~~RJStevensMusicPresentationCreator.Program~0000001781
2024-12-14 21:56:58.2405~DEBUG~-> DownloadFile(url = "https://faas-nyc1-2ef2e6cc.doserverless.co/api/v1/web/fn-dd7f8f6a-d32a-4f5e-ae7b-870dfb7963f3/downloads/bundle?id=000000000000380", filename = "C:\Users\cofc_\AppData\Local\Temp\tmp2733.tmp\rjsec373.ZIP", message = "rjsec373")~~RJStevensMusicPresentationCreator.Program~0000001782
2024-12-14 21:56:58.4465~DEBUG~download completed~~RJStevensMusicPresentationCreator.Program~0000001783
2024-12-14 21:56:58.4465~DEBUG~<- DownloadFile(url = "https://faas-nyc1-2ef2e6cc.doserverless.co/api/v1/web/fn-dd7f8f6a-d32a-4f5e-ae7b-870dfb7963f3/downloads/bundle?id=000000000000380", filename = "C:\Users\cofc_\AppData\Local\Temp\tmp2733.tmp\rjsec373.ZIP", message = "rjsec373")~~RJStevensMusicPresentationCreator.Program~0000001784
2024-12-14 21:56:58.4595~DEBUG~-> ExtractAllFromFile(zipFileName = "C:\Users\cofc_\AppData\Local\Temp\tmp2733.tmp\rjsec373.ZIP", decompressedFolder = "C:\Users\cofc_\AppData\Local\Temp\tmp280F.tmp", message = "rjsec373")~~RJStevensMusicPresentationCreator.Program~0000001785
2024-12-14 21:56:58.7386~DEBUG~extract completed~~RJStevensMusicPresentationCreator.Program~0000001786
2024-12-14 21:56:58.7386~DEBUG~<- ExtractAllFromFile(zipFileName = "C:\Users\cofc_\AppData\Local\Temp\tmp2733.tmp\rjsec373.ZIP", decompressedFolder = "C:\Users\cofc_\AppData\Local\Temp\tmp280F.tmp", message = "rjsec373")~~RJStevensMusicPresentationCreator.Program~0000001787
2024-12-14 21:56:58.8176~DEBUG~-> DownloadFile(url = "https://faas-nyc1-2ef2e6cc.doserverless.co/api/v1/web/fn-dd7f8f6a-d32a-4f5e-ae7b-870dfb7963f3/downloads/bundle?id=000000000000381", filename = "C:\Users\cofc_\AppData\Local\Temp\tmp2977.tmp\rjsec374.ZIP", message = "rjsec374")~~RJStevensMusicPresentationCreator.Program~0000001788
2024-12-14 21:56:59.0446~DEBUG~download completed~~RJStevensMusicPresentationCreator.Program~0000001789
2024-12-14 21:56:59.0446~DEBUG~<- DownloadFile(url = "https://faas-nyc1-2ef2e6cc.doserverless.co/api/v1/web/fn-dd7f8f6a-d32a-4f5e-ae7b-870dfb7963f3/downloads/bundle?id=000000000000381", filename = "C:\Users\cofc_\AppData\Local\Temp\tmp2977.tmp\rjsec374.ZIP", message = "rjsec374")~~RJStevensMusicPresentationCreator.Program~0000001790
2024-12-14 21:56:59.0596~DEBUG~-> ExtractAllFromFile(zipFileName = "C:\Users\cofc_\AppData\Local\Temp\tmp2977.tmp\rjsec374.ZIP", decompressedFolder = "C:\Users\cofc_\AppData\Local\Temp\tmp2A63.tmp", message = "rjsec374")~~RJStevensMusicPresentationCreator.Program~0000001791
2024-12-14 21:56:59.3686~DEBUG~extract completed~~RJStevensMusicPresentationCreator.Program~0000001792
2024-12-14 21:56:59.3686~DEBUG~<- ExtractAllFromFile(zipFileName = "C:\Users\cofc_\AppData\Local\Temp\tmp2977.tmp\rjsec374.ZIP", decompressedFolder = "C:\Users\cofc_\AppData\Local\Temp\tmp2A63.tmp", message = "rjsec374")~~RJStevensMusicPresentationCreator.Program~0000001793
2024-12-14 21:56:59.4406~DEBUG~-> DownloadFile(url = "https://faas-nyc1-2ef2e6cc.doserverless.co/api/v1/web/fn-dd7f8f6a-d32a-4f5e-ae7b-870dfb7963f3/downloads/bundle?id=000000000000382", filename = "C:\Users\cofc_\AppData\Local\Temp\tmp2BEA.tmp\rjsec375.ZIP", message = "rjsec375")~~RJStevensMusicPresentationCreator.Program~0000001794
2024-12-14 21:56:59.6656~DEBUG~download completed~~RJStevensMusicPresentationCreator.Program~0000001795
2024-12-14 21:56:59.6656~DEBUG~<- DownloadFile(url = "https://faas-nyc1-2ef2e6cc.doserverless.co/api/v1/web/fn-dd7f8f6a-d32a-4f5e-ae7b-870dfb7963f3/downloads/bundle?id=000000000000382", filename = "C:\Users\cofc_\AppData\Local\Temp\tmp2BEA.tmp\rjsec375.ZIP", message = "rjsec375")~~RJStevensMusicPresentationCreator.Program~0000001796
2024-12-14 21:56:59.6846~DEBUG~-> ExtractAllFromFile(zipFileName = "C:\Users\cofc_\AppData\Local\Temp\tmp2BEA.tmp\rjsec375.ZIP", decompressedFolder = "C:\Users\cofc_\AppData\Local\Temp\tmp2CD6.tmp", message = "rjsec375")~~RJStevensMusicPresentationCreator.Program~0000001797
2024-12-14 21:56:59.9927~DEBUG~extract completed~~RJStevensMusicPresentationCreator.Program~0000001798
2024-12-14 21:56:59.9927~DEBUG~<- ExtractAllFromFile(zipFileName = "C:\Users\cofc_\AppData\Local\Temp\tmp2BEA.tmp\rjsec375.ZIP", decompressedFolder = "C:\Users\cofc_\AppData\Local\Temp\tmp2CD6.tmp", message = "rjsec375")~~RJStevensMusicPresentationCreator.Program~0000001799
2024-12-14 21:57:00.0857~DEBUG~-> DownloadFile(url = "https://faas-nyc1-2ef2e6cc.doserverless.co/api/v1/web/fn-dd7f8f6a-d32a-4f5e-ae7b-870dfb7963f3/downloads/bundle?id=000000000000383", filename = "C:\Users\cofc_\AppData\Local\Temp\tmp2E6D.tmp\rjsec376.ZIP", message = "rjsec376")~~RJStevensMusicPresentationCreator.Program~0000001800
2024-12-14 21:57:00.3997~DEBUG~download completed~~RJStevensMusicPresentationCreator.Program~0000001801
2024-12-14 21:57:00.3997~DEBUG~<- DownloadFile(url = "https://faas-nyc1-2ef2e6cc.doserverless.co/api/v1/web/fn-dd7f8f6a-d32a-4f5e-ae7b-870dfb7963f3/downloads/bundle?id=000000000000383", filename = "C:\Users\cofc_\AppData\Local\Temp\tmp2E6D.tmp\rjsec376.ZIP", message = "rjsec376")~~RJStevensMusicPresentationCreator.Program~0000001802
2024-12-14 21:57:00.4177~DEBUG~-> ExtractAllFromFile(zipFileName = "C:\Users\cofc_\AppData\Local\Temp\tmp2E6D.tmp\rjsec376.ZIP", decompressedFolder = "C:\Users\cofc_\AppData\Local\Temp\tmp2FB6.tmp", message = "rjsec376")~~RJStevensMusicPresentationCreator.Program~0000001803
2024-12-14 21:57:00.6807~DEBUG~extract completed~~RJStevensMusicPresentationCreator.Program~0000001804
2024-12-14 21:57:00.6807~DEBUG~<- ExtractAllFromFile(zipFileName = "C:\Users\cofc_\AppData\Local\Temp\tmp2E6D.tmp\rjsec376.ZIP", decompressedFolder = "C:\Users\cofc_\AppData\Local\Temp\tmp2FB6.tmp", message = "rjsec376")~~RJStevensMusicPresentationCreator.Program~0000001805
2024-12-14 21:57:00.7507~DEBUG~-> DownloadFile(url = "https://faas-nyc1-2ef2e6cc.doserverless.co/api/v1/web/fn-dd7f8f6a-d32a-4f5e-ae7b-870dfb7963f3/downloads/bundle?id=000000000000385", filename = "C:\Users\cofc_\AppData\Local\Temp\tmp30FF.tmp\rjsec378.ZIP", message = "rjsec378")~~RJStevensMusicPresentationCreator.Program~0000001806
2024-12-14 21:57:00.9837~DEBUG~download completed~~RJStevensMusicPresentationCreator.Program~0000001807
2024-12-14 21:57:00.9847~DEBUG~<- DownloadFile(url = "https://faas-nyc1-2ef2e6cc.doserverless.co/api/v1/web/fn-dd7f8f6a-d32a-4f5e-ae7b-870dfb7963f3/downloads/bundle?id=000000000000385", filename = "C:\Users\cofc_\AppData\Local\Temp\tmp30FF.tmp\rjsec378.ZIP", message = "rjsec378")~~RJStevensMusicPresentationCreator.Program~0000001808
2024-12-14 21:57:00.9847~DEBUG~-> ExtractAllFromFile(zipFileName = "C:\Users\cofc_\AppData\Local\Temp\tmp30FF.tmp\rjsec378.ZIP", decompressedFolder = "C:\Users\cofc_\AppData\Local\Temp\tmp31FA.tmp", message = "rjsec378")~~RJStevensMusicPresentationCreator.Program~0000001809
2024-12-14 21:57:01.2708~DEBUG~extract completed~~RJStevensMusicPresentationCreator.Program~0000001810
2024-12-14 21:57:01.2708~DEBUG~<- ExtractAllFromFile(zipFileName = "C:\Users\cofc_\AppData\Local\Temp\tmp30FF.tmp\rjsec378.ZIP", decompressedFolder = "C:\Users\cofc_\AppData\Local\Temp\tmp31FA.tmp", message = "rjsec378")~~RJStevensMusicPresentationCreator.Program~0000001811
2024-12-14 21:57:01.3448~DEBUG~-> DownloadFile(url = "https://faas-nyc1-2ef2e6cc.doserverless.co/api/v1/web/fn-dd7f8f6a-d32a-4f5e-ae7b-870dfb7963f3/downloads/bundle?id=000000000000386", filename = "C:\Users\cofc_\AppData\Local\Temp\tmp3353.tmp\rjsec379.ZIP", message = "rjsec379")~~RJStevensMusicPresentationCreator.Program~0000001812
2024-12-14 21:57:01.5578~DEBUG~download completed~~RJStevensMusicPresentationCreator.Program~0000001813
2024-12-14 21:57:01.5578~DEBUG~<- DownloadFile(url = "https://faas-nyc1-2ef2e6cc.doserverless.co/api/v1/web/fn-dd7f8f6a-d32a-4f5e-ae7b-870dfb7963f3/downloads/bundle?id=000000000000386", filename = "C:\Users\cofc_\AppData\Local\Temp\tmp3353.tmp\rjsec379.ZIP", message = "rjsec379")~~RJStevensMusicPresentationCreator.Program~0000001814
2024-12-14 21:57:01.5718~DEBUG~-> ExtractAllFromFile(zipFileName = "C:\Users\cofc_\AppData\Local\Temp\tmp3353.tmp\rjsec379.ZIP", decompressedFolder = "C:\Users\cofc_\AppData\Local\Temp\tmp343E.tmp", message = "rjsec379")~~RJStevensMusicPresentationCreator.Program~0000001815
2024-12-14 21:57:01.8258~DEBUG~extract completed~~RJStevensMusicPresentationCreator.Program~0000001816
2024-12-14 21:57:01.8298~DEBUG~<- ExtractAllFromFile(zipFileName = "C:\Users\cofc_\AppData\Local\Temp\tmp3353.tmp\rjsec379.ZIP", decompressedFolder = "C:\Users\cofc_\AppData\Local\Temp\tmp343E.tmp", message = "rjsec379")~~RJStevensMusicPresentationCreator.Program~0000001817
2024-12-14 21:57:01.8998~DEBUG~-> DownloadFile(url = "https://faas-nyc1-2ef2e6cc.doserverless.co/api/v1/web/fn-dd7f8f6a-d32a-4f5e-ae7b-870dfb7963f3/downloads/bundle?id=000000000000388", filename = "C:\Users\cofc_\AppData\Local\Temp\tmp3587.tmp\rjsec381.ZIP", message = "rjsec381")~~RJStevensMusicPresentationCreator.Program~0000001818
2024-12-14 21:57:02.1218~DEBUG~download completed~~RJStevensMusicPresentationCreator.Program~0000001819
2024-12-14 21:57:02.1218~DEBUG~<- DownloadFile(url = "https://faas-nyc1-2ef2e6cc.doserverless.co/api/v1/web/fn-dd7f8f6a-d32a-4f5e-ae7b-870dfb7963f3/downloads/bundle?id=000000000000388", filename = "C:\Users\cofc_\AppData\Local\Temp\tmp3587.tmp\rjsec381.ZIP", message = "rjsec381")~~RJStevensMusicPresentationCreator.Program~0000001820
2024-12-14 21:57:02.1398~DEBUG~-> ExtractAllFromFile(zipFileName = "C:\Users\cofc_\AppData\Local\Temp\tmp3587.tmp\rjsec381.ZIP", decompressedFolder = "C:\Users\cofc_\AppData\Local\Temp\tmp3673.tmp", message = "rjsec381")~~RJStevensMusicPresentationCreator.Program~0000001821
2024-12-14 21:57:02.4008~DEBUG~extract completed~~RJStevensMusicPresentationCreator.Program~0000001822
2024-12-14 21:57:02.4008~DEBUG~<- ExtractAllFromFile(zipFileName = "C:\Users\cofc_\AppData\Local\Temp\tmp3587.tmp\rjsec381.ZIP", decompressedFolder = "C:\Users\cofc_\AppData\Local\Temp\tmp3673.tmp", message = "rjsec381")~~RJStevensMusicPresentationCreator.Program~0000001823
2024-12-14 21:57:02.4778~DEBUG~-> DownloadFile(url = "https://faas-nyc1-2ef2e6cc.doserverless.co/api/v1/web/fn-dd7f8f6a-d32a-4f5e-ae7b-870dfb7963f3/downloads/bundle?id=000000000000389", filename = "C:\Users\cofc_\AppData\Local\Temp\tmp37CC.tmp\rjsec382.ZIP", message = "rjsec382")~~RJStevensMusicPresentationCreator.Program~0000001824
2024-12-14 21:57:02.7009~DEBUG~download completed~~RJStevensMusicPresentationCreator.Program~0000001825
2024-12-14 21:57:02.7009~DEBUG~<- DownloadFile(url = "https://faas-nyc1-2ef2e6cc.doserverless.co/api/v1/web/fn-dd7f8f6a-d32a-4f5e-ae7b-870dfb7963f3/downloads/bundle?id=000000000000389", filename = "C:\Users\cofc_\AppData\Local\Temp\tmp37CC.tmp\rjsec382.ZIP", message = "rjsec382")~~RJStevensMusicPresentationCreator.Program~0000001826
2024-12-14 21:57:02.7189~DEBUG~-> ExtractAllFromFile(zipFileName = "C:\Users\cofc_\AppData\Local\Temp\tmp37CC.tmp\rjsec382.ZIP", decompressedFolder = "C:\Users\cofc_\AppData\Local\Temp\tmp38B7.tmp", message = "rjsec382")~~RJStevensMusicPresentationCreator.Program~0000001827
2024-12-14 21:57:02.9609~DEBUG~extract completed~~RJStevensMusicPresentationCreator.Program~0000001828
2024-12-14 21:57:02.9609~DEBUG~<- ExtractAllFromFile(zipFileName = "C:\Users\cofc_\AppData\Local\Temp\tmp37CC.tmp\rjsec382.ZIP", decompressedFolder = "C:\Users\cofc_\AppData\Local\Temp\tmp38B7.tmp", message = "rjsec382")~~RJStevensMusicPresentationCreator.Program~0000001829
2024-12-14 21:57:03.0289~DEBUG~-> DownloadFile(url = "https://faas-nyc1-2ef2e6cc.doserverless.co/api/v1/web/fn-dd7f8f6a-d32a-4f5e-ae7b-870dfb7963f3/downloads/bundle?id=000000000000391", filename = "C:\Users\cofc_\AppData\Local\Temp\tmp39F0.tmp\rjsec384.ZIP", message = "rjsec384")~~RJStevensMusicPresentationCreator.Program~0000001830
2024-12-14 21:57:03.2529~DEBUG~download completed~~RJStevensMusicPresentationCreator.Program~0000001831
2024-12-14 21:57:03.2529~DEBUG~<- DownloadFile(url = "https://faas-nyc1-2ef2e6cc.doserverless.co/api/v1/web/fn-dd7f8f6a-d32a-4f5e-ae7b-870dfb7963f3/downloads/bundle?id=000000000000391", filename = "C:\Users\cofc_\AppData\Local\Temp\tmp39F0.tmp\rjsec384.ZIP", message = "rjsec384")~~RJStevensMusicPresentationCreator.Program~0000001832
2024-12-14 21:57:03.2669~DEBUG~-> ExtractAllFromFile(zipFileName = "C:\Users\cofc_\AppData\Local\Temp\tmp39F0.tmp\rjsec384.ZIP", decompressedFolder = "C:\Users\cofc_\AppData\Local\Temp\tmp3ADC.tmp", message = "rjsec384")~~RJStevensMusicPresentationCreator.Program~0000001833
2024-12-14 21:57:03.4929~DEBUG~extract completed~~RJStevensMusicPresentationCreator.Program~0000001834
2024-12-14 21:57:03.4929~DEBUG~<- ExtractAllFromFile(zipFileName = "C:\Users\cofc_\AppData\Local\Temp\tmp39F0.tmp\rjsec384.ZIP", decompressedFolder = "C:\Users\cofc_\AppData\Local\Temp\tmp3ADC.tmp", message = "rjsec384")~~RJStevensMusicPresentationCreator.Program~0000001835
2024-12-14 21:57:03.5629~DEBUG~-> DownloadFile(url = "https://faas-nyc1-2ef2e6cc.doserverless.co/api/v1/web/fn-dd7f8f6a-d32a-4f5e-ae7b-870dfb7963f3/downloads/bundle?id=000000000000392", filename = "C:\Users\cofc_\AppData\Local\Temp\tmp3C06.tmp\rjsec385.ZIP", message = "rjsec385")~~RJStevensMusicPresentationCreator.Program~0000001836
2024-12-14 21:57:03.7729~DEBUG~download completed~~RJStevensMusicPresentationCreator.Program~0000001837
2024-12-14 21:57:03.7729~DEBUG~<- DownloadFile(url = "https://faas-nyc1-2ef2e6cc.doserverless.co/api/v1/web/fn-dd7f8f6a-d32a-4f5e-ae7b-870dfb7963f3/downloads/bundle?id=000000000000392", filename = "C:\Users\cofc_\AppData\Local\Temp\tmp3C06.tmp\rjsec385.ZIP", message = "rjsec385")~~RJStevensMusicPresentationCreator.Program~0000001838
2024-12-14 21:57:03.7829~DEBUG~-> ExtractAllFromFile(zipFileName = "C:\Users\cofc_\AppData\Local\Temp\tmp3C06.tmp\rjsec385.ZIP", decompressedFolder = "C:\Users\cofc_\AppData\Local\Temp\tmp3CF1.tmp", message = "rjsec385")~~RJStevensMusicPresentationCreator.Program~0000001839
2024-12-14 21:57:04.0109~DEBUG~extract completed~~RJStevensMusicPresentationCreator.Program~0000001840
2024-12-14 21:57:04.0109~DEBUG~<- ExtractAllFromFile(zipFileName = "C:\Users\cofc_\AppData\Local\Temp\tmp3C06.tmp\rjsec385.ZIP", decompressedFolder = "C:\Users\cofc_\AppData\Local\Temp\tmp3CF1.tmp", message = "rjsec385")~~RJStevensMusicPresentationCreator.Program~0000001841
2024-12-14 21:57:04.0710~DEBUG~-> DownloadFile(url = "https://faas-nyc1-2ef2e6cc.doserverless.co/api/v1/web/fn-dd7f8f6a-d32a-4f5e-ae7b-870dfb7963f3/downloads/bundle?id=000000000000394", filename = "C:\Users\cofc_\AppData\Local\Temp\tmp3E0B.tmp\rjsec387.ZIP", message = "rjsec387")~~RJStevensMusicPresentationCreator.Program~0000001842
2024-12-14 21:57:04.3030~DEBUG~download completed~~RJStevensMusicPresentationCreator.Program~0000001843
2024-12-14 21:57:04.3030~DEBUG~<- DownloadFile(url = "https://faas-nyc1-2ef2e6cc.doserverless.co/api/v1/web/fn-dd7f8f6a-d32a-4f5e-ae7b-870dfb7963f3/downloads/bundle?id=000000000000394", filename = "C:\Users\cofc_\AppData\Local\Temp\tmp3E0B.tmp\rjsec387.ZIP", message = "rjsec387")~~RJStevensMusicPresentationCreator.Program~0000001844
2024-12-14 21:57:04.3220~DEBUG~-> ExtractAllFromFile(zipFileName = "C:\Users\cofc_\AppData\Local\Temp\tmp3E0B.tmp\rjsec387.ZIP", decompressedFolder = "C:\Users\cofc_\AppData\Local\Temp\tmp3F06.tmp", message = "rjsec387")~~RJStevensMusicPresentationCreator.Program~0000001845
2024-12-14 21:57:04.5370~DEBUG~extract completed~~RJStevensMusicPresentationCreator.Program~0000001846
2024-12-14 21:57:04.5370~DEBUG~<- ExtractAllFromFile(zipFileName = "C:\Users\cofc_\AppData\Local\Temp\tmp3E0B.tmp\rjsec387.ZIP", decompressedFolder = "C:\Users\cofc_\AppData\Local\Temp\tmp3F06.tmp", message = "rjsec387")~~RJStevensMusicPresentationCreator.Program~0000001847
2024-12-14 21:57:04.6040~DEBUG~-> DownloadFile(url = "https://faas-nyc1-2ef2e6cc.doserverless.co/api/v1/web/fn-dd7f8f6a-d32a-4f5e-ae7b-870dfb7963f3/downloads/bundle?id=000000000000395", filename = "C:\Users\cofc_\AppData\Local\Temp\tmp4021.tmp\rjsec388.ZIP", message = "rjsec388")~~RJStevensMusicPresentationCreator.Program~0000001848
2024-12-14 21:57:04.9140~DEBUG~download completed~~RJStevensMusicPresentationCreator.Program~0000001849
2024-12-14 21:57:04.9140~DEBUG~<- DownloadFile(url = "https://faas-nyc1-2ef2e6cc.doserverless.co/api/v1/web/fn-dd7f8f6a-d32a-4f5e-ae7b-870dfb7963f3/downloads/bundle?id=000000000000395", filename = "C:\Users\cofc_\AppData\Local\Temp\tmp4021.tmp\rjsec388.ZIP", message = "rjsec388")~~RJStevensMusicPresentationCreator.Program~0000001850
2024-12-14 21:57:04.9380~DEBUG~-> ExtractAllFromFile(zipFileName = "C:\Users\cofc_\AppData\Local\Temp\tmp4021.tmp\rjsec388.ZIP", decompressedFolder = "C:\Users\cofc_\AppData\Local\Temp\tmp416A.tmp", message = "rjsec388")~~RJStevensMusicPresentationCreator.Program~0000001851
2024-12-14 21:57:05.2840~DEBUG~extract completed~~RJStevensMusicPresentationCreator.Program~0000001852
2024-12-14 21:57:05.2840~DEBUG~<- ExtractAllFromFile(zipFileName = "C:\Users\cofc_\AppData\Local\Temp\tmp4021.tmp\rjsec388.ZIP", decompressedFolder = "C:\Users\cofc_\AppData\Local\Temp\tmp416A.tmp", message = "rjsec388")~~RJStevensMusicPresentationCreator.Program~0000001853
2024-12-14 21:57:05.3751~DEBUG~-> DownloadFile(url = "https://faas-nyc1-2ef2e6cc.doserverless.co/api/v1/web/fn-dd7f8f6a-d32a-4f5e-ae7b-870dfb7963f3/downloads/bundle?id=000000000000396", filename = "C:\Users\cofc_\AppData\Local\Temp\tmp4320.tmp\rjsec389.ZIP", message = "rjsec389")~~RJStevensMusicPresentationCreator.Program~0000001854
2024-12-14 21:57:05.6321~DEBUG~download completed~~RJStevensMusicPresentationCreator.Program~0000001855
2024-12-14 21:57:05.6321~DEBUG~<- DownloadFile(url = "https://faas-nyc1-2ef2e6cc.doserverless.co/api/v1/web/fn-dd7f8f6a-d32a-4f5e-ae7b-870dfb7963f3/downloads/bundle?id=000000000000396", filename = "C:\Users\cofc_\AppData\Local\Temp\tmp4320.tmp\rjsec389.ZIP", message = "rjsec389")~~RJStevensMusicPresentationCreator.Program~0000001856
2024-12-14 21:57:05.6481~DEBUG~-> ExtractAllFromFile(zipFileName = "C:\Users\cofc_\AppData\Local\Temp\tmp4320.tmp\rjsec389.ZIP", decompressedFolder = "C:\Users\cofc_\AppData\Local\Temp\tmp443A.tmp", message = "rjsec389")~~RJStevensMusicPresentationCreator.Program~0000001857
2024-12-14 21:57:05.9742~DEBUG~extract completed~~RJStevensMusicPresentationCreator.Program~0000001858
2024-12-14 21:57:05.9742~DEBUG~<- ExtractAllFromFile(zipFileName = "C:\Users\cofc_\AppData\Local\Temp\tmp4320.tmp\rjsec389.ZIP", decompressedFolder = "C:\Users\cofc_\AppData\Local\Temp\tmp443A.tmp", message = "rjsec389")~~RJStevensMusicPresentationCreator.Program~0000001859
2024-12-14 21:57:06.0542~DEBUG~-> DownloadFile(url = "https://faas-nyc1-2ef2e6cc.doserverless.co/api/v1/web/fn-dd7f8f6a-d32a-4f5e-ae7b-870dfb7963f3/downloads/bundle?id=000000000000397", filename = "C:\Users\cofc_\AppData\Local\Temp\tmp45D2.tmp\rjsec390.ZIP", message = "rjsec390")~~RJStevensMusicPresentationCreator.Program~0000001860
2024-12-14 21:57:06.2642~DEBUG~download completed~~RJStevensMusicPresentationCreator.Program~0000001861
2024-12-14 21:57:06.2662~DEBUG~<- DownloadFile(url = "https://faas-nyc1-2ef2e6cc.doserverless.co/api/v1/web/fn-dd7f8f6a-d32a-4f5e-ae7b-870dfb7963f3/downloads/bundle?id=000000000000397", filename = "C:\Users\cofc_\AppData\Local\Temp\tmp45D2.tmp\rjsec390.ZIP", message = "rjsec390")~~RJStevensMusicPresentationCreator.Program~0000001862
2024-12-14 21:57:06.2862~DEBUG~-> ExtractAllFromFile(zipFileName = "C:\Users\cofc_\AppData\Local\Temp\tmp45D2.tmp\rjsec390.ZIP", decompressedFolder = "C:\Users\cofc_\AppData\Local\Temp\tmp46BD.tmp", message = "rjsec390")~~RJStevensMusicPresentationCreator.Program~0000001863
2024-12-14 21:57:06.5672~DEBUG~extract completed~~RJStevensMusicPresentationCreator.Program~0000001864
2024-12-14 21:57:06.5672~DEBUG~<- ExtractAllFromFile(zipFileName = "C:\Users\cofc_\AppData\Local\Temp\tmp45D2.tmp\rjsec390.ZIP", decompressedFolder = "C:\Users\cofc_\AppData\Local\Temp\tmp46BD.tmp", message = "rjsec390")~~RJStevensMusicPresentationCreator.Program~0000001865
2024-12-14 21:57:06.6472~DEBUG~-> DownloadFile(url = "https://faas-nyc1-2ef2e6cc.doserverless.co/api/v1/web/fn-dd7f8f6a-d32a-4f5e-ae7b-870dfb7963f3/downloads/bundle?id=000000000000398", filename = "C:\Users\cofc_\AppData\Local\Temp\tmp4825.tmp\rjsec391.ZIP", message = "rjsec391")~~RJStevensMusicPresentationCreator.Program~0000001866
2024-12-14 21:57:06.9252~DEBUG~download completed~~RJStevensMusicPresentationCreator.Program~0000001867
2024-12-14 21:57:06.9252~DEBUG~<- DownloadFile(url = "https://faas-nyc1-2ef2e6cc.doserverless.co/api/v1/web/fn-dd7f8f6a-d32a-4f5e-ae7b-870dfb7963f3/downloads/bundle?id=000000000000398", filename = "C:\Users\cofc_\AppData\Local\Temp\tmp4825.tmp\rjsec391.ZIP", message = "rjsec391")~~RJStevensMusicPresentationCreator.Program~0000001868
2024-12-14 21:57:06.9472~DEBUG~-> ExtractAllFromFile(zipFileName = "C:\Users\cofc_\AppData\Local\Temp\tmp4825.tmp\rjsec391.ZIP", decompressedFolder = "C:\Users\cofc_\AppData\Local\Temp\tmp494F.tmp", message = "rjsec391")~~RJStevensMusicPresentationCreator.Program~0000001869
2024-12-14 21:57:07.2493~DEBUG~extract completed~~RJStevensMusicPresentationCreator.Program~0000001870
2024-12-14 21:57:07.2523~DEBUG~<- ExtractAllFromFile(zipFileName = "C:\Users\cofc_\AppData\Local\Temp\tmp4825.tmp\rjsec391.ZIP", decompressedFolder = "C:\Users\cofc_\AppData\Local\Temp\tmp494F.tmp", message = "rjsec391")~~RJStevensMusicPresentationCreator.Program~0000001871
2024-12-14 21:57:07.3373~DEBUG~-> DownloadFile(url = "https://faas-nyc1-2ef2e6cc.doserverless.co/api/v1/web/fn-dd7f8f6a-d32a-4f5e-ae7b-870dfb7963f3/downloads/bundle?id=000000000000399", filename = "C:\Users\cofc_\AppData\Local\Temp\tmp4AD7.tmp\rjsec392.ZIP", message = "rjsec392")~~RJStevensMusicPresentationCreator.Program~0000001872
2024-12-14 21:57:07.5703~DEBUG~download completed~~RJStevensMusicPresentationCreator.Program~0000001873
2024-12-14 21:57:07.5703~DEBUG~<- DownloadFile(url = "https://faas-nyc1-2ef2e6cc.doserverless.co/api/v1/web/fn-dd7f8f6a-d32a-4f5e-ae7b-870dfb7963f3/downloads/bundle?id=000000000000399", filename = "C:\Users\cofc_\AppData\Local\Temp\tmp4AD7.tmp\rjsec392.ZIP", message = "rjsec392")~~RJStevensMusicPresentationCreator.Program~0000001874
2024-12-14 21:57:07.5843~DEBUG~-> ExtractAllFromFile(zipFileName = "C:\Users\cofc_\AppData\Local\Temp\tmp4AD7.tmp\rjsec392.ZIP", decompressedFolder = "C:\Users\cofc_\AppData\Local\Temp\tmp4BD2.tmp", message = "rjsec392")~~RJStevensMusicPresentationCreator.Program~0000001875
2024-12-14 21:57:07.8923~DEBUG~extract completed~~RJStevensMusicPresentationCreator.Program~0000001876
2024-12-14 21:57:07.8923~DEBUG~<- ExtractAllFromFile(zipFileName = "C:\Users\cofc_\AppData\Local\Temp\tmp4AD7.tmp\rjsec392.ZIP", decompressedFolder = "C:\Users\cofc_\AppData\Local\Temp\tmp4BD2.tmp", message = "rjsec392")~~RJStevensMusicPresentationCreator.Program~0000001877
2024-12-14 21:57:07.9713~DEBUG~-> DownloadFile(url = "https://faas-nyc1-2ef2e6cc.doserverless.co/api/v1/web/fn-dd7f8f6a-d32a-4f5e-ae7b-870dfb7963f3/downloads/bundle?id=000000000000400", filename = "C:\Users\cofc_\AppData\Local\Temp\tmp4D5A.tmp\rjsec393.ZIP", message = "rjsec393")~~RJStevensMusicPresentationCreator.Program~0000001878
2024-12-14 21:57:08.1993~DEBUG~download completed~~RJStevensMusicPresentationCreator.Program~0000001879
2024-12-14 21:57:08.1993~DEBUG~<- DownloadFile(url = "https://faas-nyc1-2ef2e6cc.doserverless.co/api/v1/web/fn-dd7f8f6a-d32a-4f5e-ae7b-870dfb7963f3/downloads/bundle?id=000000000000400", filename = "C:\Users\cofc_\AppData\Local\Temp\tmp4D5A.tmp\rjsec393.ZIP", message = "rjsec393")~~RJStevensMusicPresentationCreator.Program~0000001880
2024-12-14 21:57:08.2173~DEBUG~-> ExtractAllFromFile(zipFileName = "C:\Users\cofc_\AppData\Local\Temp\tmp4D5A.tmp\rjsec393.ZIP", decompressedFolder = "C:\Users\cofc_\AppData\Local\Temp\tmp4E45.tmp", message = "rjsec393")~~RJStevensMusicPresentationCreator.Program~0000001881
2024-12-14 21:57:08.5074~DEBUG~extract completed~~RJStevensMusicPresentationCreator.Program~0000001882
2024-12-14 21:57:08.5074~DEBUG~<- ExtractAllFromFile(zipFileName = "C:\Users\cofc_\AppData\Local\Temp\tmp4D5A.tmp\rjsec393.ZIP", decompressedFolder = "C:\Users\cofc_\AppData\Local\Temp\tmp4E45.tmp", message = "rjsec393")~~RJStevensMusicPresentationCreator.Program~0000001883
2024-12-14 21:57:08.5794~DEBUG~-> DownloadFile(url = "https://faas-nyc1-2ef2e6cc.doserverless.co/api/v1/web/fn-dd7f8f6a-d32a-4f5e-ae7b-870dfb7963f3/downloads/bundle?id=000000000000401", filename = "C:\Users\cofc_\AppData\Local\Temp\tmp4FAD.tmp\rjsec394.ZIP", message = "rjsec394")~~RJStevensMusicPresentationCreator.Program~0000001884
2024-12-14 21:57:08.8684~DEBUG~download completed~~RJStevensMusicPresentationCreator.Program~0000001885
2024-12-14 21:57:08.8684~DEBUG~<- DownloadFile(url = "https://faas-nyc1-2ef2e6cc.doserverless.co/api/v1/web/fn-dd7f8f6a-d32a-4f5e-ae7b-870dfb7963f3/downloads/bundle?id=000000000000401", filename = "C:\Users\cofc_\AppData\Local\Temp\tmp4FAD.tmp\rjsec394.ZIP", message = "rjsec394")~~RJStevensMusicPresentationCreator.Program~0000001886
2024-12-14 21:57:08.8814~DEBUG~-> ExtractAllFromFile(zipFileName = "C:\Users\cofc_\AppData\Local\Temp\tmp4FAD.tmp\rjsec394.ZIP", decompressedFolder = "C:\Users\cofc_\AppData\Local\Temp\tmp50E7.tmp", message = "rjsec394")~~RJStevensMusicPresentationCreator.Program~0000001887
2024-12-14 21:57:09.1134~DEBUG~extract completed~~RJStevensMusicPresentationCreator.Program~0000001888
2024-12-14 21:57:09.1134~DEBUG~<- ExtractAllFromFile(zipFileName = "C:\Users\cofc_\AppData\Local\Temp\tmp4FAD.tmp\rjsec394.ZIP", decompressedFolder = "C:\Users\cofc_\AppData\Local\Temp\tmp50E7.tmp", message = "rjsec394")~~RJStevensMusicPresentationCreator.Program~0000001889
2024-12-14 21:57:09.1794~DEBUG~-> DownloadFile(url = "https://faas-nyc1-2ef2e6cc.doserverless.co/api/v1/web/fn-dd7f8f6a-d32a-4f5e-ae7b-870dfb7963f3/downloads/bundle?id=000000000000402", filename = "C:\Users\cofc_\AppData\Local\Temp\tmp5211.tmp\rjsec395.ZIP", message = "rjsec395")~~RJStevensMusicPresentationCreator.Program~0000001890
2024-12-14 21:57:09.4304~DEBUG~download completed~~RJStevensMusicPresentationCreator.Program~0000001891
2024-12-14 21:57:09.4304~DEBUG~<- DownloadFile(url = "https://faas-nyc1-2ef2e6cc.doserverless.co/api/v1/web/fn-dd7f8f6a-d32a-4f5e-ae7b-870dfb7963f3/downloads/bundle?id=000000000000402", filename = "C:\Users\cofc_\AppData\Local\Temp\tmp5211.tmp\rjsec395.ZIP", message = "rjsec395")~~RJStevensMusicPresentationCreator.Program~0000001892
2024-12-14 21:57:09.4444~DEBUG~-> ExtractAllFromFile(zipFileName = "C:\Users\cofc_\AppData\Local\Temp\tmp5211.tmp\rjsec395.ZIP", decompressedFolder = "C:\Users\cofc_\AppData\Local\Temp\tmp531B.tmp", message = "rjsec395")~~RJStevensMusicPresentationCreator.Program~0000001893
2024-12-14 21:57:09.8275~DEBUG~extract completed~~RJStevensMusicPresentationCreator.Program~0000001894
2024-12-14 21:57:09.8305~DEBUG~<- ExtractAllFromFile(zipFileName = "C:\Users\cofc_\AppData\Local\Temp\tmp5211.tmp\rjsec395.ZIP", decompressedFolder = "C:\Users\cofc_\AppData\Local\Temp\tmp531B.tmp", message = "rjsec395")~~RJStevensMusicPresentationCreator.Program~0000001895
2024-12-14 21:57:09.9225~DEBUG~-> DownloadFile(url = "https://faas-nyc1-2ef2e6cc.doserverless.co/api/v1/web/fn-dd7f8f6a-d32a-4f5e-ae7b-870dfb7963f3/downloads/bundle?id=000000000000403", filename = "C:\Users\cofc_\AppData\Local\Temp\tmp54F1.tmp\rjsec396.ZIP", message = "rjsec396")~~RJStevensMusicPresentationCreator.Program~0000001896
2024-12-14 21:57:10.1605~DEBUG~download completed~~RJStevensMusicPresentationCreator.Program~0000001897
2024-12-14 21:57:10.1605~DEBUG~<- DownloadFile(url = "https://faas-nyc1-2ef2e6cc.doserverless.co/api/v1/web/fn-dd7f8f6a-d32a-4f5e-ae7b-870dfb7963f3/downloads/bundle?id=000000000000403", filename = "C:\Users\cofc_\AppData\Local\Temp\tmp54F1.tmp\rjsec396.ZIP", message = "rjsec396")~~RJStevensMusicPresentationCreator.Program~0000001898
2024-12-14 21:57:10.1785~DEBUG~-> ExtractAllFromFile(zipFileName = "C:\Users\cofc_\AppData\Local\Temp\tmp54F1.tmp\rjsec396.ZIP", decompressedFolder = "C:\Users\cofc_\AppData\Local\Temp\tmp55FC.tmp", message = "rjsec396")~~RJStevensMusicPresentationCreator.Program~0000001899
2024-12-14 21:57:10.4195~DEBUG~extract completed~~RJStevensMusicPresentationCreator.Program~0000001900
2024-12-14 21:57:10.4255~DEBUG~<- ExtractAllFromFile(zipFileName = "C:\Users\cofc_\AppData\Local\Temp\tmp54F1.tmp\rjsec396.ZIP", decompressedFolder = "C:\Users\cofc_\AppData\Local\Temp\tmp55FC.tmp", message = "rjsec396")~~RJStevensMusicPresentationCreator.Program~0000001901
2024-12-14 21:57:10.4895~DEBUG~-> DownloadFile(url = "https://faas-nyc1-2ef2e6cc.doserverless.co/api/v1/web/fn-dd7f8f6a-d32a-4f5e-ae7b-870dfb7963f3/downloads/bundle?id=000000000000404", filename = "C:\Users\cofc_\AppData\Local\Temp\tmp5735.tmp\rjsec397.ZIP", message = "rjsec397")~~RJStevensMusicPresentationCreator.Program~0000001902
2024-12-14 21:57:10.7265~DEBUG~download completed~~RJStevensMusicPresentationCreator.Program~0000001903
2024-12-14 21:57:10.7265~DEBUG~<- DownloadFile(url = "https://faas-nyc1-2ef2e6cc.doserverless.co/api/v1/web/fn-dd7f8f6a-d32a-4f5e-ae7b-870dfb7963f3/downloads/bundle?id=000000000000404", filename = "C:\Users\cofc_\AppData\Local\Temp\tmp5735.tmp\rjsec397.ZIP", message = "rjsec397")~~RJStevensMusicPresentationCreator.Program~0000001904
2024-12-14 21:57:10.7415~DEBUG~-> ExtractAllFromFile(zipFileName = "C:\Users\cofc_\AppData\Local\Temp\tmp5735.tmp\rjsec397.ZIP", decompressedFolder = "C:\Users\cofc_\AppData\Local\Temp\tmp5830.tmp", message = "rjsec397")~~RJStevensMusicPresentationCreator.Program~0000001905
2024-12-14 21:57:11.0716~DEBUG~extract completed~~RJStevensMusicPresentationCreator.Program~0000001906
2024-12-14 21:57:11.0716~DEBUG~<- ExtractAllFromFile(zipFileName = "C:\Users\cofc_\AppData\Local\Temp\tmp5735.tmp\rjsec397.ZIP", decompressedFolder = "C:\Users\cofc_\AppData\Local\Temp\tmp5830.tmp", message = "rjsec397")~~RJStevensMusicPresentationCreator.Program~0000001907
2024-12-14 21:57:11.1636~DEBUG~-> DownloadFile(url = "https://faas-nyc1-2ef2e6cc.doserverless.co/api/v1/web/fn-dd7f8f6a-d32a-4f5e-ae7b-870dfb7963f3/downloads/bundle?id=000000000000405", filename = "C:\Users\cofc_\AppData\Local\Temp\tmp59D7.tmp\rjsec398.ZIP", message = "rjsec398")~~RJStevensMusicPresentationCreator.Program~0000001908
2024-12-14 21:57:11.4016~DEBUG~download completed~~RJStevensMusicPresentationCreator.Program~0000001909
2024-12-14 21:57:11.4016~DEBUG~<- DownloadFile(url = "https://faas-nyc1-2ef2e6cc.doserverless.co/api/v1/web/fn-dd7f8f6a-d32a-4f5e-ae7b-870dfb7963f3/downloads/bundle?id=000000000000405", filename = "C:\Users\cofc_\AppData\Local\Temp\tmp59D7.tmp\rjsec398.ZIP", message = "rjsec398")~~RJStevensMusicPresentationCreator.Program~0000001910
2024-12-14 21:57:11.4126~DEBUG~-> ExtractAllFromFile(zipFileName = "C:\Users\cofc_\AppData\Local\Temp\tmp59D7.tmp\rjsec398.ZIP", decompressedFolder = "C:\Users\cofc_\AppData\Local\Temp\tmp5AD2.tmp", message = "rjsec398")~~RJStevensMusicPresentationCreator.Program~0000001911
2024-12-14 21:57:11.6597~DEBUG~extract completed~~RJStevensMusicPresentationCreator.Program~0000001912
2024-12-14 21:57:11.6597~DEBUG~<- ExtractAllFromFile(zipFileName = "C:\Users\cofc_\AppData\Local\Temp\tmp59D7.tmp\rjsec398.ZIP", decompressedFolder = "C:\Users\cofc_\AppData\Local\Temp\tmp5AD2.tmp", message = "rjsec398")~~RJStevensMusicPresentationCreator.Program~0000001913
2024-12-14 21:57:11.7287~DEBUG~-> DownloadFile(url = "https://faas-nyc1-2ef2e6cc.doserverless.co/api/v1/web/fn-dd7f8f6a-d32a-4f5e-ae7b-870dfb7963f3/downloads/bundle?id=000000000000406", filename = "C:\Users\cofc_\AppData\Local\Temp\tmp5C0C.tmp\rjsec399.ZIP", message = "rjsec399")~~RJStevensMusicPresentationCreator.Program~0000001914
2024-12-14 21:57:11.9327~DEBUG~download completed~~RJStevensMusicPresentationCreator.Program~0000001915
2024-12-14 21:57:11.9327~DEBUG~<- DownloadFile(url = "https://faas-nyc1-2ef2e6cc.doserverless.co/api/v1/web/fn-dd7f8f6a-d32a-4f5e-ae7b-870dfb7963f3/downloads/bundle?id=000000000000406", filename = "C:\Users\cofc_\AppData\Local\Temp\tmp5C0C.tmp\rjsec399.ZIP", message = "rjsec399")~~RJStevensMusicPresentationCreator.Program~0000001916
2024-12-14 21:57:11.9457~DEBUG~-> ExtractAllFromFile(zipFileName = "C:\Users\cofc_\AppData\Local\Temp\tmp5C0C.tmp\rjsec399.ZIP", decompressedFolder = "C:\Users\cofc_\AppData\Local\Temp\tmp5CE7.tmp", message = "rjsec399")~~RJStevensMusicPresentationCreator.Program~0000001917
2024-12-14 21:57:12.1457~DEBUG~extract completed~~RJStevensMusicPresentationCreator.Program~0000001918
2024-12-14 21:57:12.1457~DEBUG~<- ExtractAllFromFile(zipFileName = "C:\Users\cofc_\AppData\Local\Temp\tmp5C0C.tmp\rjsec399.ZIP", decompressedFolder = "C:\Users\cofc_\AppData\Local\Temp\tmp5CE7.tmp", message = "rjsec399")~~RJStevensMusicPresentationCreator.Program~0000001919
2024-12-14 21:57:12.2067~DEBUG~-> DownloadFile(url = "https://faas-nyc1-2ef2e6cc.doserverless.co/api/v1/web/fn-dd7f8f6a-d32a-4f5e-ae7b-870dfb7963f3/downloads/bundle?id=000000000000407", filename = "C:\Users\cofc_\AppData\Local\Temp\tmp5DF2.tmp\rjsec400.ZIP", message = "rjsec400")~~RJStevensMusicPresentationCreator.Program~0000001920
2024-12-14 21:57:12.4338~DEBUG~download completed~~RJStevensMusicPresentationCreator.Program~0000001921
2024-12-14 21:57:12.4338~DEBUG~<- DownloadFile(url = "https://faas-nyc1-2ef2e6cc.doserverless.co/api/v1/web/fn-dd7f8f6a-d32a-4f5e-ae7b-870dfb7963f3/downloads/bundle?id=000000000000407", filename = "C:\Users\cofc_\AppData\Local\Temp\tmp5DF2.tmp\rjsec400.ZIP", message = "rjsec400")~~RJStevensMusicPresentationCreator.Program~0000001922
2024-12-14 21:57:12.4498~DEBUG~-> ExtractAllFromFile(zipFileName = "C:\Users\cofc_\AppData\Local\Temp\tmp5DF2.tmp\rjsec400.ZIP", decompressedFolder = "C:\Users\cofc_\AppData\Local\Temp\tmp5EDD.tmp", message = "rjsec400")~~RJStevensMusicPresentationCreator.Program~0000001923
2024-12-14 21:57:12.7288~DEBUG~extract completed~~RJStevensMusicPresentationCreator.Program~0000001924
2024-12-14 21:57:12.7288~DEBUG~<- ExtractAllFromFile(zipFileName = "C:\Users\cofc_\AppData\Local\Temp\tmp5DF2.tmp\rjsec400.ZIP", decompressedFolder = "C:\Users\cofc_\AppData\Local\Temp\tmp5EDD.tmp", message = "rjsec400")~~RJStevensMusicPresentationCreator.Program~0000001925
2024-12-14 21:57:12.8078~DEBUG~-> DownloadFile(url = "https://faas-nyc1-2ef2e6cc.doserverless.co/api/v1/web/fn-dd7f8f6a-d32a-4f5e-ae7b-870dfb7963f3/downloads/bundle?id=000000000000408", filename = "C:\Users\cofc_\AppData\Local\Temp\tmp6046.tmp\rjsec401.ZIP", message = "rjsec401")~~RJStevensMusicPresentationCreator.Program~0000001926
2024-12-14 21:57:13.0298~DEBUG~download completed~~RJStevensMusicPresentationCreator.Program~0000001927
2024-12-14 21:57:13.0298~DEBUG~<- DownloadFile(url = "https://faas-nyc1-2ef2e6cc.doserverless.co/api/v1/web/fn-dd7f8f6a-d32a-4f5e-ae7b-870dfb7963f3/downloads/bundle?id=000000000000408", filename = "C:\Users\cofc_\AppData\Local\Temp\tmp6046.tmp\rjsec401.ZIP", message = "rjsec401")~~RJStevensMusicPresentationCreator.Program~0000001928
2024-12-14 21:57:13.0438~DEBUG~-> ExtractAllFromFile(zipFileName = "C:\Users\cofc_\AppData\Local\Temp\tmp6046.tmp\rjsec401.ZIP", decompressedFolder = "C:\Users\cofc_\AppData\Local\Temp\tmp6131.tmp", message = "rjsec401")~~RJStevensMusicPresentationCreator.Program~0000001929
2024-12-14 21:57:13.3328~DEBUG~extract completed~~RJStevensMusicPresentationCreator.Program~0000001930
2024-12-14 21:57:13.3328~DEBUG~<- ExtractAllFromFile(zipFileName = "C:\Users\cofc_\AppData\Local\Temp\tmp6046.tmp\rjsec401.ZIP", decompressedFolder = "C:\Users\cofc_\AppData\Local\Temp\tmp6131.tmp", message = "rjsec401")~~RJStevensMusicPresentationCreator.Program~0000001931
2024-12-14 21:57:13.4118~DEBUG~-> DownloadFile(url = "https://faas-nyc1-2ef2e6cc.doserverless.co/api/v1/web/fn-dd7f8f6a-d32a-4f5e-ae7b-870dfb7963f3/downloads/bundle?id=000000000000409", filename = "C:\Users\cofc_\AppData\Local\Temp\tmp62A9.tmp\rjsec402.ZIP", message = "rjsec402")~~RJStevensMusicPresentationCreator.Program~0000001932
2024-12-14 21:57:13.6298~DEBUG~download completed~~RJStevensMusicPresentationCreator.Program~0000001933
2024-12-14 21:57:13.6298~DEBUG~<- DownloadFile(url = "https://faas-nyc1-2ef2e6cc.doserverless.co/api/v1/web/fn-dd7f8f6a-d32a-4f5e-ae7b-870dfb7963f3/downloads/bundle?id=000000000000409", filename = "C:\Users\cofc_\AppData\Local\Temp\tmp62A9.tmp\rjsec402.ZIP", message = "rjsec402")~~RJStevensMusicPresentationCreator.Program~0000001934
2024-12-14 21:57:13.6468~DEBUG~-> ExtractAllFromFile(zipFileName = "C:\Users\cofc_\AppData\Local\Temp\tmp62A9.tmp\rjsec402.ZIP", decompressedFolder = "C:\Users\cofc_\AppData\Local\Temp\tmp6394.tmp", message = "rjsec402")~~RJStevensMusicPresentationCreator.Program~0000001935
2024-12-14 21:57:13.8649~DEBUG~extract completed~~RJStevensMusicPresentationCreator.Program~0000001936
2024-12-14 21:57:13.8649~DEBUG~<- ExtractAllFromFile(zipFileName = "C:\Users\cofc_\AppData\Local\Temp\tmp62A9.tmp\rjsec402.ZIP", decompressedFolder = "C:\Users\cofc_\AppData\Local\Temp\tmp6394.tmp", message = "rjsec402")~~RJStevensMusicPresentationCreator.Program~0000001937
2024-12-14 21:57:13.9359~DEBUG~-> DownloadFile(url = "https://faas-nyc1-2ef2e6cc.doserverless.co/api/v1/web/fn-dd7f8f6a-d32a-4f5e-ae7b-870dfb7963f3/downloads/bundle?id=000000000000410", filename = "C:\Users\cofc_\AppData\Local\Temp\tmp64AF.tmp\rjsec403.ZIP", message = "rjsec403")~~RJStevensMusicPresentationCreator.Program~0000001938
2024-12-14 21:57:14.1619~DEBUG~download completed~~RJStevensMusicPresentationCreator.Program~0000001939
2024-12-14 21:57:14.1619~DEBUG~<- DownloadFile(url = "https://faas-nyc1-2ef2e6cc.doserverless.co/api/v1/web/fn-dd7f8f6a-d32a-4f5e-ae7b-870dfb7963f3/downloads/bundle?id=000000000000410", filename = "C:\Users\cofc_\AppData\Local\Temp\tmp64AF.tmp\rjsec403.ZIP", message = "rjsec403")~~RJStevensMusicPresentationCreator.Program~0000001940
2024-12-14 21:57:14.1769~DEBUG~-> ExtractAllFromFile(zipFileName = "C:\Users\cofc_\AppData\Local\Temp\tmp64AF.tmp\rjsec403.ZIP", decompressedFolder = "C:\Users\cofc_\AppData\Local\Temp\tmp65AA.tmp", message = "rjsec403")~~RJStevensMusicPresentationCreator.Program~0000001941
2024-12-14 21:57:14.4229~DEBUG~extract completed~~RJStevensMusicPresentationCreator.Program~0000001942
2024-12-14 21:57:14.4229~DEBUG~<- ExtractAllFromFile(zipFileName = "C:\Users\cofc_\AppData\Local\Temp\tmp64AF.tmp\rjsec403.ZIP", decompressedFolder = "C:\Users\cofc_\AppData\Local\Temp\tmp65AA.tmp", message = "rjsec403")~~RJStevensMusicPresentationCreator.Program~0000001943
2024-12-14 21:57:14.4929~DEBUG~-> DownloadFile(url = "https://faas-nyc1-2ef2e6cc.doserverless.co/api/v1/web/fn-dd7f8f6a-d32a-4f5e-ae7b-870dfb7963f3/downloads/bundle?id=000000000000411", filename = "C:\Users\cofc_\AppData\Local\Temp\tmp66E3.tmp\rjsec404.ZIP", message = "rjsec404")~~RJStevensMusicPresentationCreator.Program~0000001944
2024-12-14 21:57:14.7549~DEBUG~download completed~~RJStevensMusicPresentationCreator.Program~0000001945
2024-12-14 21:57:14.7549~DEBUG~<- DownloadFile(url = "https://faas-nyc1-2ef2e6cc.doserverless.co/api/v1/web/fn-dd7f8f6a-d32a-4f5e-ae7b-870dfb7963f3/downloads/bundle?id=000000000000411", filename = "C:\Users\cofc_\AppData\Local\Temp\tmp66E3.tmp\rjsec404.ZIP", message = "rjsec404")~~RJStevensMusicPresentationCreator.Program~0000001946
2024-12-14 21:57:14.7739~DEBUG~-> ExtractAllFromFile(zipFileName = "C:\Users\cofc_\AppData\Local\Temp\tmp66E3.tmp\rjsec404.ZIP", decompressedFolder = "C:\Users\cofc_\AppData\Local\Temp\tmp67FD.tmp", message = "rjsec404")~~RJStevensMusicPresentationCreator.Program~0000001947
2024-12-14 21:57:15.1060~DEBUG~extract completed~~RJStevensMusicPresentationCreator.Program~0000001948
2024-12-14 21:57:15.1060~DEBUG~<- ExtractAllFromFile(zipFileName = "C:\Users\cofc_\AppData\Local\Temp\tmp66E3.tmp\rjsec404.ZIP", decompressedFolder = "C:\Users\cofc_\AppData\Local\Temp\tmp67FD.tmp", message = "rjsec404")~~RJStevensMusicPresentationCreator.Program~0000001949
2024-12-14 21:57:15.1860~DEBUG~-> DownloadFile(url = "https://faas-nyc1-2ef2e6cc.doserverless.co/api/v1/web/fn-dd7f8f6a-d32a-4f5e-ae7b-870dfb7963f3/downloads/bundle?id=000000000000412", filename = "C:\Users\cofc_\AppData\Local\Temp\tmp6995.tmp\rjsec405.ZIP", message = "rjsec405")~~RJStevensMusicPresentationCreator.Program~0000001950
2024-12-14 21:57:15.3980~DEBUG~download completed~~RJStevensMusicPresentationCreator.Program~0000001951
2024-12-14 21:57:15.3980~DEBUG~<- DownloadFile(url = "https://faas-nyc1-2ef2e6cc.doserverless.co/api/v1/web/fn-dd7f8f6a-d32a-4f5e-ae7b-870dfb7963f3/downloads/bundle?id=000000000000412", filename = "C:\Users\cofc_\AppData\Local\Temp\tmp6995.tmp\rjsec405.ZIP", message = "rjsec405")~~RJStevensMusicPresentationCreator.Program~0000001952
2024-12-14 21:57:15.4100~DEBUG~-> ExtractAllFromFile(zipFileName = "C:\Users\cofc_\AppData\Local\Temp\tmp6995.tmp\rjsec405.ZIP", decompressedFolder = "C:\Users\cofc_\AppData\Local\Temp\tmp6A80.tmp", message = "rjsec405")~~RJStevensMusicPresentationCreator.Program~0000001953
2024-12-14 21:57:15.6560~DEBUG~extract completed~~RJStevensMusicPresentationCreator.Program~0000001954
2024-12-14 21:57:15.6590~DEBUG~<- ExtractAllFromFile(zipFileName = "C:\Users\cofc_\AppData\Local\Temp\tmp6995.tmp\rjsec405.ZIP", decompressedFolder = "C:\Users\cofc_\AppData\Local\Temp\tmp6A80.tmp", message = "rjsec405")~~RJStevensMusicPresentationCreator.Program~0000001955
2024-12-14 21:57:15.7220~DEBUG~-> DownloadFile(url = "https://faas-nyc1-2ef2e6cc.doserverless.co/api/v1/web/fn-dd7f8f6a-d32a-4f5e-ae7b-870dfb7963f3/downloads/bundle?id=000000000000413", filename = "C:\Users\cofc_\AppData\Local\Temp\tmp6BBA.tmp\rjsec406.ZIP", message = "rjsec406")~~RJStevensMusicPresentationCreator.Program~0000001956
2024-12-14 21:57:15.9480~DEBUG~download completed~~RJStevensMusicPresentationCreator.Program~0000001957
2024-12-14 21:57:15.9480~DEBUG~<- DownloadFile(url = "https://faas-nyc1-2ef2e6cc.doserverless.co/api/v1/web/fn-dd7f8f6a-d32a-4f5e-ae7b-870dfb7963f3/downloads/bundle?id=000000000000413", filename = "C:\Users\cofc_\AppData\Local\Temp\tmp6BBA.tmp\rjsec406.ZIP", message = "rjsec406")~~RJStevensMusicPresentationCreator.Program~0000001958
2024-12-14 21:57:15.9640~DEBUG~-> ExtractAllFromFile(zipFileName = "C:\Users\cofc_\AppData\Local\Temp\tmp6BBA.tmp\rjsec406.ZIP", decompressedFolder = "C:\Users\cofc_\AppData\Local\Temp\tmp6CA5.tmp", message = "rjsec406")~~RJStevensMusicPresentationCreator.Program~0000001959
2024-12-14 21:57:16.1950~DEBUG~extract completed~~RJStevensMusicPresentationCreator.Program~0000001960
2024-12-14 21:57:16.1950~DEBUG~<- ExtractAllFromFile(zipFileName = "C:\Users\cofc_\AppData\Local\Temp\tmp6BBA.tmp\rjsec406.ZIP", decompressedFolder = "C:\Users\cofc_\AppData\Local\Temp\tmp6CA5.tmp", message = "rjsec406")~~RJStevensMusicPresentationCreator.Program~0000001961
2024-12-14 21:57:16.2630~DEBUG~-> DownloadFile(url = "https://faas-nyc1-2ef2e6cc.doserverless.co/api/v1/web/fn-dd7f8f6a-d32a-4f5e-ae7b-870dfb7963f3/downloads/bundle?id=000000000000414", filename = "C:\Users\cofc_\AppData\Local\Temp\tmp6DCF.tmp\rjsec407.ZIP", message = "rjsec407")~~RJStevensMusicPresentationCreator.Program~0000001962
2024-12-14 21:57:16.4961~DEBUG~download completed~~RJStevensMusicPresentationCreator.Program~0000001963
2024-12-14 21:57:16.4961~DEBUG~<- DownloadFile(url = "https://faas-nyc1-2ef2e6cc.doserverless.co/api/v1/web/fn-dd7f8f6a-d32a-4f5e-ae7b-870dfb7963f3/downloads/bundle?id=000000000000414", filename = "C:\Users\cofc_\AppData\Local\Temp\tmp6DCF.tmp\rjsec407.ZIP", message = "rjsec407")~~RJStevensMusicPresentationCreator.Program~0000001964
2024-12-14 21:57:16.5141~DEBUG~-> ExtractAllFromFile(zipFileName = "C:\Users\cofc_\AppData\Local\Temp\tmp6DCF.tmp\rjsec407.ZIP", decompressedFolder = "C:\Users\cofc_\AppData\Local\Temp\tmp6ECA.tmp", message = "rjsec407")~~RJStevensMusicPresentationCreator.Program~0000001965
2024-12-14 21:57:16.7401~DEBUG~extract completed~~RJStevensMusicPresentationCreator.Program~0000001966
2024-12-14 21:57:16.7401~DEBUG~<- ExtractAllFromFile(zipFileName = "C:\Users\cofc_\AppData\Local\Temp\tmp6DCF.tmp\rjsec407.ZIP", decompressedFolder = "C:\Users\cofc_\AppData\Local\Temp\tmp6ECA.tmp", message = "rjsec407")~~RJStevensMusicPresentationCreator.Program~0000001967
2024-12-14 21:57:16.8101~DEBUG~-> DownloadFile(url = "https://faas-nyc1-2ef2e6cc.doserverless.co/api/v1/web/fn-dd7f8f6a-d32a-4f5e-ae7b-870dfb7963f3/downloads/bundle?id=000000000000415", filename = "C:\Users\cofc_\AppData\Local\Temp\tmp6FF4.tmp\rjsec408.ZIP", message = "rjsec408")~~RJStevensMusicPresentationCreator.Program~0000001968
2024-12-14 21:57:17.0281~DEBUG~download completed~~RJStevensMusicPresentationCreator.Program~0000001969
2024-12-14 21:57:17.0281~DEBUG~<- DownloadFile(url = "https://faas-nyc1-2ef2e6cc.doserverless.co/api/v1/web/fn-dd7f8f6a-d32a-4f5e-ae7b-870dfb7963f3/downloads/bundle?id=000000000000415", filename = "C:\Users\cofc_\AppData\Local\Temp\tmp6FF4.tmp\rjsec408.ZIP", message = "rjsec408")~~RJStevensMusicPresentationCreator.Program~0000001970
2024-12-14 21:57:17.0441~DEBUG~-> ExtractAllFromFile(zipFileName = "C:\Users\cofc_\AppData\Local\Temp\tmp6FF4.tmp\rjsec408.ZIP", decompressedFolder = "C:\Users\cofc_\AppData\Local\Temp\tmp70DF.tmp", message = "rjsec408")~~RJStevensMusicPresentationCreator.Program~0000001971
2024-12-14 21:57:17.3371~DEBUG~extract completed~~RJStevensMusicPresentationCreator.Program~0000001972
2024-12-14 21:57:17.3371~DEBUG~<- ExtractAllFromFile(zipFileName = "C:\Users\cofc_\AppData\Local\Temp\tmp6FF4.tmp\rjsec408.ZIP", decompressedFolder = "C:\Users\cofc_\AppData\Local\Temp\tmp70DF.tmp", message = "rjsec408")~~RJStevensMusicPresentationCreator.Program~0000001973
2024-12-14 21:57:17.4231~DEBUG~-> DownloadFile(url = "https://faas-nyc1-2ef2e6cc.doserverless.co/api/v1/web/fn-dd7f8f6a-d32a-4f5e-ae7b-870dfb7963f3/downloads/bundle?id=000000000000416", filename = "C:\Users\cofc_\AppData\Local\Temp\tmp7257.tmp\rjsec409.ZIP", message = "rjsec409")~~RJStevensMusicPresentationCreator.Program~0000001974
2024-12-14 21:57:17.6631~DEBUG~download completed~~RJStevensMusicPresentationCreator.Program~0000001975
2024-12-14 21:57:17.6631~DEBUG~<- DownloadFile(url = "https://faas-nyc1-2ef2e6cc.doserverless.co/api/v1/web/fn-dd7f8f6a-d32a-4f5e-ae7b-870dfb7963f3/downloads/bundle?id=000000000000416", filename = "C:\Users\cofc_\AppData\Local\Temp\tmp7257.tmp\rjsec409.ZIP", message = "rjsec409")~~RJStevensMusicPresentationCreator.Program~0000001976
2024-12-14 21:57:17.6821~DEBUG~-> ExtractAllFromFile(zipFileName = "C:\Users\cofc_\AppData\Local\Temp\tmp7257.tmp\rjsec409.ZIP", decompressedFolder = "C:\Users\cofc_\AppData\Local\Temp\tmp7362.tmp", message = "rjsec409")~~RJStevensMusicPresentationCreator.Program~0000001977
2024-12-14 21:57:17.9242~DEBUG~extract completed~~RJStevensMusicPresentationCreator.Program~0000001978
2024-12-14 21:57:17.9242~DEBUG~<- ExtractAllFromFile(zipFileName = "C:\Users\cofc_\AppData\Local\Temp\tmp7257.tmp\rjsec409.ZIP", decompressedFolder = "C:\Users\cofc_\AppData\Local\Temp\tmp7362.tmp", message = "rjsec409")~~RJStevensMusicPresentationCreator.Program~0000001979
2024-12-14 21:57:18.0032~DEBUG~-> DownloadFile(url = "https://faas-nyc1-2ef2e6cc.doserverless.co/api/v1/web/fn-dd7f8f6a-d32a-4f5e-ae7b-870dfb7963f3/downloads/bundle?id=000000000000417", filename = "C:\Users\cofc_\AppData\Local\Temp\tmp74AB.tmp\rjsec410.ZIP", message = "rjsec410")~~RJStevensMusicPresentationCreator.Program~0000001980
2024-12-14 21:57:18.2702~DEBUG~download completed~~RJStevensMusicPresentationCreator.Program~0000001981
2024-12-14 21:57:18.2702~DEBUG~<- DownloadFile(url = "https://faas-nyc1-2ef2e6cc.doserverless.co/api/v1/web/fn-dd7f8f6a-d32a-4f5e-ae7b-870dfb7963f3/downloads/bundle?id=000000000000417", filename = "C:\Users\cofc_\AppData\Local\Temp\tmp74AB.tmp\rjsec410.ZIP", message = "rjsec410")~~RJStevensMusicPresentationCreator.Program~0000001982
2024-12-14 21:57:18.2882~DEBUG~-> ExtractAllFromFile(zipFileName = "C:\Users\cofc_\AppData\Local\Temp\tmp74AB.tmp\rjsec410.ZIP", decompressedFolder = "C:\Users\cofc_\AppData\Local\Temp\tmp75C5.tmp", message = "rjsec410")~~RJStevensMusicPresentationCreator.Program~0000001983
2024-12-14 21:57:18.5772~DEBUG~extract completed~~RJStevensMusicPresentationCreator.Program~0000001984
2024-12-14 21:57:18.5802~DEBUG~<- ExtractAllFromFile(zipFileName = "C:\Users\cofc_\AppData\Local\Temp\tmp74AB.tmp\rjsec410.ZIP", decompressedFolder = "C:\Users\cofc_\AppData\Local\Temp\tmp75C5.tmp", message = "rjsec410")~~RJStevensMusicPresentationCreator.Program~0000001985
2024-12-14 21:57:18.6542~DEBUG~-> DownloadFile(url = "https://faas-nyc1-2ef2e6cc.doserverless.co/api/v1/web/fn-dd7f8f6a-d32a-4f5e-ae7b-870dfb7963f3/downloads/bundle?id=000000000000418", filename = "C:\Users\cofc_\AppData\Local\Temp\tmp772D.tmp\rjsec411.ZIP", message = "rjsec411")~~RJStevensMusicPresentationCreator.Program~0000001986
2024-12-14 21:57:18.8702~DEBUG~download completed~~RJStevensMusicPresentationCreator.Program~0000001987
2024-12-14 21:57:18.8702~DEBUG~<- DownloadFile(url = "https://faas-nyc1-2ef2e6cc.doserverless.co/api/v1/web/fn-dd7f8f6a-d32a-4f5e-ae7b-870dfb7963f3/downloads/bundle?id=000000000000418", filename = "C:\Users\cofc_\AppData\Local\Temp\tmp772D.tmp\rjsec411.ZIP", message = "rjsec411")~~RJStevensMusicPresentationCreator.Program~0000001988
2024-12-14 21:57:18.8812~DEBUG~-> ExtractAllFromFile(zipFileName = "C:\Users\cofc_\AppData\Local\Temp\tmp772D.tmp\rjsec411.ZIP", decompressedFolder = "C:\Users\cofc_\AppData\Local\Temp\tmp7819.tmp", message = "rjsec411")~~RJStevensMusicPresentationCreator.Program~0000001989
2024-12-14 21:57:19.1042~DEBUG~extract completed~~RJStevensMusicPresentationCreator.Program~0000001990
2024-12-14 21:57:19.1042~DEBUG~<- ExtractAllFromFile(zipFileName = "C:\Users\cofc_\AppData\Local\Temp\tmp772D.tmp\rjsec411.ZIP", decompressedFolder = "C:\Users\cofc_\AppData\Local\Temp\tmp7819.tmp", message = "rjsec411")~~RJStevensMusicPresentationCreator.Program~0000001991
2024-12-14 21:57:19.1743~DEBUG~-> DownloadFile(url = "https://faas-nyc1-2ef2e6cc.doserverless.co/api/v1/web/fn-dd7f8f6a-d32a-4f5e-ae7b-870dfb7963f3/downloads/bundle?id=000000000000419", filename = "C:\Users\cofc_\AppData\Local\Temp\tmp7943.tmp\rjsec412.ZIP", message = "rjsec412")~~RJStevensMusicPresentationCreator.Program~0000001992
2024-12-14 21:57:19.4343~DEBUG~download completed~~RJStevensMusicPresentationCreator.Program~0000001993
2024-12-14 21:57:19.4343~DEBUG~<- DownloadFile(url = "https://faas-nyc1-2ef2e6cc.doserverless.co/api/v1/web/fn-dd7f8f6a-d32a-4f5e-ae7b-870dfb7963f3/downloads/bundle?id=000000000000419", filename = "C:\Users\cofc_\AppData\Local\Temp\tmp7943.tmp\rjsec412.ZIP", message = "rjsec412")~~RJStevensMusicPresentationCreator.Program~0000001994
2024-12-14 21:57:19.4513~DEBUG~-> ExtractAllFromFile(zipFileName = "C:\Users\cofc_\AppData\Local\Temp\tmp7943.tmp\rjsec412.ZIP", decompressedFolder = "C:\Users\cofc_\AppData\Local\Temp\tmp7A4D.tmp", message = "rjsec412")~~RJStevensMusicPresentationCreator.Program~0000001995
2024-12-14 21:57:19.7223~DEBUG~extract completed~~RJStevensMusicPresentationCreator.Program~0000001996
2024-12-14 21:57:19.7223~DEBUG~<- ExtractAllFromFile(zipFileName = "C:\Users\cofc_\AppData\Local\Temp\tmp7943.tmp\rjsec412.ZIP", decompressedFolder = "C:\Users\cofc_\AppData\Local\Temp\tmp7A4D.tmp", message = "rjsec412")~~RJStevensMusicPresentationCreator.Program~0000001997
2024-12-14 21:57:19.8053~DEBUG~-> DownloadFile(url = "https://faas-nyc1-2ef2e6cc.doserverless.co/api/v1/web/fn-dd7f8f6a-d32a-4f5e-ae7b-870dfb7963f3/downloads/bundle?id=000000000000421", filename = "C:\Users\cofc_\AppData\Local\Temp\tmp7BB6.tmp\rjsec414.ZIP", message = "rjsec414")~~RJStevensMusicPresentationCreator.Program~0000001998
2024-12-14 21:57:20.0483~DEBUG~download completed~~RJStevensMusicPresentationCreator.Program~0000001999
2024-12-14 21:57:20.0483~DEBUG~<- DownloadFile(url = "https://faas-nyc1-2ef2e6cc.doserverless.co/api/v1/web/fn-dd7f8f6a-d32a-4f5e-ae7b-870dfb7963f3/downloads/bundle?id=000000000000421", filename = "C:\Users\cofc_\AppData\Local\Temp\tmp7BB6.tmp\rjsec414.ZIP", message = "rjsec414")~~RJStevensMusicPresentationCreator.Program~0000002000
2024-12-14 21:57:20.0653~DEBUG~-> ExtractAllFromFile(zipFileName = "C:\Users\cofc_\AppData\Local\Temp\tmp7BB6.tmp\rjsec414.ZIP", decompressedFolder = "C:\Users\cofc_\AppData\Local\Temp\tmp7CC0.tmp", message = "rjsec414")~~RJStevensMusicPresentationCreator.Program~0000002001
2024-12-14 21:57:20.2883~DEBUG~extract completed~~RJStevensMusicPresentationCreator.Program~0000002002
2024-12-14 21:57:20.2883~DEBUG~<- ExtractAllFromFile(zipFileName = "C:\Users\cofc_\AppData\Local\Temp\tmp7BB6.tmp\rjsec414.ZIP", decompressedFolder = "C:\Users\cofc_\AppData\Local\Temp\tmp7CC0.tmp", message = "rjsec414")~~RJStevensMusicPresentationCreator.Program~0000002003
2024-12-14 21:57:20.3593~DEBUG~-> DownloadFile(url = "https://faas-nyc1-2ef2e6cc.doserverless.co/api/v1/web/fn-dd7f8f6a-d32a-4f5e-ae7b-870dfb7963f3/downloads/bundle?id=000000000000422", filename = "C:\Users\cofc_\AppData\Local\Temp\tmp7DDB.tmp\rjsec415.ZIP", message = "rjsec415")~~RJStevensMusicPresentationCreator.Program~0000002004
2024-12-14 21:57:20.5754~DEBUG~download completed~~RJStevensMusicPresentationCreator.Program~0000002005
2024-12-14 21:57:20.5754~DEBUG~<- DownloadFile(url = "https://faas-nyc1-2ef2e6cc.doserverless.co/api/v1/web/fn-dd7f8f6a-d32a-4f5e-ae7b-870dfb7963f3/downloads/bundle?id=000000000000422", filename = "C:\Users\cofc_\AppData\Local\Temp\tmp7DDB.tmp\rjsec415.ZIP", message = "rjsec415")~~RJStevensMusicPresentationCreator.Program~0000002006
2024-12-14 21:57:20.5914~DEBUG~-> ExtractAllFromFile(zipFileName = "C:\Users\cofc_\AppData\Local\Temp\tmp7DDB.tmp\rjsec415.ZIP", decompressedFolder = "C:\Users\cofc_\AppData\Local\Temp\tmp7EC6.tmp", message = "rjsec415")~~RJStevensMusicPresentationCreator.Program~0000002007
2024-12-14 21:57:20.8564~DEBUG~extract completed~~RJStevensMusicPresentationCreator.Program~0000002008
2024-12-14 21:57:20.8564~DEBUG~<- ExtractAllFromFile(zipFileName = "C:\Users\cofc_\AppData\Local\Temp\tmp7DDB.tmp\rjsec415.ZIP", decompressedFolder = "C:\Users\cofc_\AppData\Local\Temp\tmp7EC6.tmp", message = "rjsec415")~~RJStevensMusicPresentationCreator.Program~0000002009
2024-12-14 21:57:20.9294~DEBUG~-> DownloadFile(url = "https://faas-nyc1-2ef2e6cc.doserverless.co/api/v1/web/fn-dd7f8f6a-d32a-4f5e-ae7b-870dfb7963f3/downloads/bundle?id=000000000000423", filename = "C:\Users\cofc_\AppData\Local\Temp\tmp801F.tmp\rjsec416.ZIP", message = "rjsec416")~~RJStevensMusicPresentationCreator.Program~0000002010
2024-12-14 21:57:21.1294~DEBUG~download completed~~RJStevensMusicPresentationCreator.Program~0000002011
2024-12-14 21:57:21.1294~DEBUG~<- DownloadFile(url = "https://faas-nyc1-2ef2e6cc.doserverless.co/api/v1/web/fn-dd7f8f6a-d32a-4f5e-ae7b-870dfb7963f3/downloads/bundle?id=000000000000423", filename = "C:\Users\cofc_\AppData\Local\Temp\tmp801F.tmp\rjsec416.ZIP", message = "rjsec416")~~RJStevensMusicPresentationCreator.Program~0000002012
2024-12-14 21:57:21.1464~DEBUG~-> ExtractAllFromFile(zipFileName = "C:\Users\cofc_\AppData\Local\Temp\tmp801F.tmp\rjsec416.ZIP", decompressedFolder = "C:\Users\cofc_\AppData\Local\Temp\tmp80FA.tmp", message = "rjsec416")~~RJStevensMusicPresentationCreator.Program~0000002013
2024-12-14 21:57:21.3644~DEBUG~extract completed~~RJStevensMusicPresentationCreator.Program~0000002014
2024-12-14 21:57:21.3644~DEBUG~<- ExtractAllFromFile(zipFileName = "C:\Users\cofc_\AppData\Local\Temp\tmp801F.tmp\rjsec416.ZIP", decompressedFolder = "C:\Users\cofc_\AppData\Local\Temp\tmp80FA.tmp", message = "rjsec416")~~RJStevensMusicPresentationCreator.Program~0000002015
2024-12-14 21:57:21.4324~DEBUG~-> DownloadFile(url = "https://faas-nyc1-2ef2e6cc.doserverless.co/api/v1/web/fn-dd7f8f6a-d32a-4f5e-ae7b-870dfb7963f3/downloads/bundle?id=000000000000424", filename = "C:\Users\cofc_\AppData\Local\Temp\tmp8215.tmp\rjsec417.ZIP", message = "rjsec417")~~RJStevensMusicPresentationCreator.Program~0000002016
2024-12-14 21:57:21.6694~DEBUG~download completed~~RJStevensMusicPresentationCreator.Program~0000002017
2024-12-14 21:57:21.6694~DEBUG~<- DownloadFile(url = "https://faas-nyc1-2ef2e6cc.doserverless.co/api/v1/web/fn-dd7f8f6a-d32a-4f5e-ae7b-870dfb7963f3/downloads/bundle?id=000000000000424", filename = "C:\Users\cofc_\AppData\Local\Temp\tmp8215.tmp\rjsec417.ZIP", message = "rjsec417")~~RJStevensMusicPresentationCreator.Program~0000002018
2024-12-14 21:57:21.6844~DEBUG~-> ExtractAllFromFile(zipFileName = "C:\Users\cofc_\AppData\Local\Temp\tmp8215.tmp\rjsec417.ZIP", decompressedFolder = "C:\Users\cofc_\AppData\Local\Temp\tmp8310.tmp", message = "rjsec417")~~RJStevensMusicPresentationCreator.Program~0000002019
2024-12-14 21:57:21.9645~DEBUG~extract completed~~RJStevensMusicPresentationCreator.Program~0000002020
2024-12-14 21:57:21.9695~DEBUG~<- ExtractAllFromFile(zipFileName = "C:\Users\cofc_\AppData\Local\Temp\tmp8215.tmp\rjsec417.ZIP", decompressedFolder = "C:\Users\cofc_\AppData\Local\Temp\tmp8310.tmp", message = "rjsec417")~~RJStevensMusicPresentationCreator.Program~0000002021
2024-12-14 21:57:22.0495~DEBUG~-> DownloadFile(url = "https://faas-nyc1-2ef2e6cc.doserverless.co/api/v1/web/fn-dd7f8f6a-d32a-4f5e-ae7b-870dfb7963f3/downloads/bundle?id=000000000000425", filename = "C:\Users\cofc_\AppData\Local\Temp\tmp8488.tmp\rjsec418.ZIP", message = "rjsec418")~~RJStevensMusicPresentationCreator.Program~0000002022
2024-12-14 21:57:22.2705~DEBUG~download completed~~RJStevensMusicPresentationCreator.Program~0000002023
2024-12-14 21:57:22.2705~DEBUG~<- DownloadFile(url = "https://faas-nyc1-2ef2e6cc.doserverless.co/api/v1/web/fn-dd7f8f6a-d32a-4f5e-ae7b-870dfb7963f3/downloads/bundle?id=000000000000425", filename = "C:\Users\cofc_\AppData\Local\Temp\tmp8488.tmp\rjsec418.ZIP", message = "rjsec418")~~RJStevensMusicPresentationCreator.Program~0000002024
2024-12-14 21:57:22.2865~DEBUG~-> ExtractAllFromFile(zipFileName = "C:\Users\cofc_\AppData\Local\Temp\tmp8488.tmp\rjsec418.ZIP", decompressedFolder = "C:\Users\cofc_\AppData\Local\Temp\tmp8573.tmp", message = "rjsec418")~~RJStevensMusicPresentationCreator.Program~0000002025
2024-12-14 21:57:22.5255~DEBUG~extract completed~~RJStevensMusicPresentationCreator.Program~0000002026
2024-12-14 21:57:22.5255~DEBUG~<- ExtractAllFromFile(zipFileName = "C:\Users\cofc_\AppData\Local\Temp\tmp8488.tmp\rjsec418.ZIP", decompressedFolder = "C:\Users\cofc_\AppData\Local\Temp\tmp8573.tmp", message = "rjsec418")~~RJStevensMusicPresentationCreator.Program~0000002027
2024-12-14 21:57:22.5975~DEBUG~-> DownloadFile(url = "https://faas-nyc1-2ef2e6cc.doserverless.co/api/v1/web/fn-dd7f8f6a-d32a-4f5e-ae7b-870dfb7963f3/downloads/bundle?id=000000000000426", filename = "C:\Users\cofc_\AppData\Local\Temp\tmp86AD.tmp\rjsec419.ZIP", message = "rjsec419")~~RJStevensMusicPresentationCreator.Program~0000002028
2024-12-14 21:57:22.8135~DEBUG~download completed~~RJStevensMusicPresentationCreator.Program~0000002029
2024-12-14 21:57:22.8135~DEBUG~<- DownloadFile(url = "https://faas-nyc1-2ef2e6cc.doserverless.co/api/v1/web/fn-dd7f8f6a-d32a-4f5e-ae7b-870dfb7963f3/downloads/bundle?id=000000000000426", filename = "C:\Users\cofc_\AppData\Local\Temp\tmp86AD.tmp\rjsec419.ZIP", message = "rjsec419")~~RJStevensMusicPresentationCreator.Program~0000002030
2024-12-14 21:57:22.8135~DEBUG~-> ExtractAllFromFile(zipFileName = "C:\Users\cofc_\AppData\Local\Temp\tmp86AD.tmp\rjsec419.ZIP", decompressedFolder = "C:\Users\cofc_\AppData\Local\Temp\tmp8788.tmp", message = "rjsec419")~~RJStevensMusicPresentationCreator.Program~0000002031
2024-12-14 21:57:23.0655~DEBUG~extract completed~~RJStevensMusicPresentationCreator.Program~0000002032
2024-12-14 21:57:23.0655~DEBUG~<- ExtractAllFromFile(zipFileName = "C:\Users\cofc_\AppData\Local\Temp\tmp86AD.tmp\rjsec419.ZIP", decompressedFolder = "C:\Users\cofc_\AppData\Local\Temp\tmp8788.tmp", message = "rjsec419")~~RJStevensMusicPresentationCreator.Program~0000002033
2024-12-14 21:57:23.1395~DEBUG~-> DownloadFile(url = "https://faas-nyc1-2ef2e6cc.doserverless.co/api/v1/web/fn-dd7f8f6a-d32a-4f5e-ae7b-870dfb7963f3/downloads/bundle?id=000000000000427", filename = "C:\Users\cofc_\AppData\Local\Temp\tmp88C2.tmp\rjsec420.ZIP", message = "rjsec420")~~RJStevensMusicPresentationCreator.Program~0000002034
2024-12-14 21:57:23.4046~DEBUG~download completed~~RJStevensMusicPresentationCreator.Program~0000002035
2024-12-14 21:57:23.4046~DEBUG~<- DownloadFile(url = "https://faas-nyc1-2ef2e6cc.doserverless.co/api/v1/web/fn-dd7f8f6a-d32a-4f5e-ae7b-870dfb7963f3/downloads/bundle?id=000000000000427", filename = "C:\Users\cofc_\AppData\Local\Temp\tmp88C2.tmp\rjsec420.ZIP", message = "rjsec420")~~RJStevensMusicPresentationCreator.Program~0000002036
2024-12-14 21:57:23.4216~DEBUG~-> ExtractAllFromFile(zipFileName = "C:\Users\cofc_\AppData\Local\Temp\tmp88C2.tmp\rjsec420.ZIP", decompressedFolder = "C:\Users\cofc_\AppData\Local\Temp\tmp89DC.tmp", message = "rjsec420")~~RJStevensMusicPresentationCreator.Program~0000002037
2024-12-14 21:57:23.6836~DEBUG~extract completed~~RJStevensMusicPresentationCreator.Program~0000002038
2024-12-14 21:57:23.6836~DEBUG~<- ExtractAllFromFile(zipFileName = "C:\Users\cofc_\AppData\Local\Temp\tmp88C2.tmp\rjsec420.ZIP", decompressedFolder = "C:\Users\cofc_\AppData\Local\Temp\tmp89DC.tmp", message = "rjsec420")~~RJStevensMusicPresentationCreator.Program~0000002039
2024-12-14 21:57:23.7556~DEBUG~-> DownloadFile(url = "https://faas-nyc1-2ef2e6cc.doserverless.co/api/v1/web/fn-dd7f8f6a-d32a-4f5e-ae7b-870dfb7963f3/downloads/bundle?id=000000000000428", filename = "C:\Users\cofc_\AppData\Local\Temp\tmp8B35.tmp\rjsec421.ZIP", message = "rjsec421")~~RJStevensMusicPresentationCreator.Program~0000002040
2024-12-14 21:57:23.9926~DEBUG~download completed~~RJStevensMusicPresentationCreator.Program~0000002041
2024-12-14 21:57:23.9926~DEBUG~<- DownloadFile(url = "https://faas-nyc1-2ef2e6cc.doserverless.co/api/v1/web/fn-dd7f8f6a-d32a-4f5e-ae7b-870dfb7963f3/downloads/bundle?id=000000000000428", filename = "C:\Users\cofc_\AppData\Local\Temp\tmp8B35.tmp\rjsec421.ZIP", message = "rjsec421")~~RJStevensMusicPresentationCreator.Program~0000002042
2024-12-14 21:57:24.0126~DEBUG~-> ExtractAllFromFile(zipFileName = "C:\Users\cofc_\AppData\Local\Temp\tmp8B35.tmp\rjsec421.ZIP", decompressedFolder = "C:\Users\cofc_\AppData\Local\Temp\tmp8C30.tmp", message = "rjsec421")~~RJStevensMusicPresentationCreator.Program~0000002043
2024-12-14 21:57:24.2396~DEBUG~extract completed~~RJStevensMusicPresentationCreator.Program~0000002044
2024-12-14 21:57:24.2396~DEBUG~<- ExtractAllFromFile(zipFileName = "C:\Users\cofc_\AppData\Local\Temp\tmp8B35.tmp\rjsec421.ZIP", decompressedFolder = "C:\Users\cofc_\AppData\Local\Temp\tmp8C30.tmp", message = "rjsec421")~~RJStevensMusicPresentationCreator.Program~0000002045
2024-12-14 21:57:24.3176~DEBUG~-> DownloadFile(url = "https://faas-nyc1-2ef2e6cc.doserverless.co/api/v1/web/fn-dd7f8f6a-d32a-4f5e-ae7b-870dfb7963f3/downloads/bundle?id=000000000000429", filename = "C:\Users\cofc_\AppData\Local\Temp\tmp8D69.tmp\rjsec422.ZIP", message = "rjsec422")~~RJStevensMusicPresentationCreator.Program~0000002046
2024-12-14 21:57:24.5337~DEBUG~download completed~~RJStevensMusicPresentationCreator.Program~0000002047
2024-12-14 21:57:24.5337~DEBUG~<- DownloadFile(url = "https://faas-nyc1-2ef2e6cc.doserverless.co/api/v1/web/fn-dd7f8f6a-d32a-4f5e-ae7b-870dfb7963f3/downloads/bundle?id=000000000000429", filename = "C:\Users\cofc_\AppData\Local\Temp\tmp8D69.tmp\rjsec422.ZIP", message = "rjsec422")~~RJStevensMusicPresentationCreator.Program~0000002048
2024-12-14 21:57:24.5527~DEBUG~-> ExtractAllFromFile(zipFileName = "C:\Users\cofc_\AppData\Local\Temp\tmp8D69.tmp\rjsec422.ZIP", decompressedFolder = "C:\Users\cofc_\AppData\Local\Temp\tmp8E55.tmp", message = "rjsec422")~~RJStevensMusicPresentationCreator.Program~0000002049
2024-12-14 21:57:24.8407~DEBUG~extract completed~~RJStevensMusicPresentationCreator.Program~0000002050
2024-12-14 21:57:24.8407~DEBUG~<- ExtractAllFromFile(zipFileName = "C:\Users\cofc_\AppData\Local\Temp\tmp8D69.tmp\rjsec422.ZIP", decompressedFolder = "C:\Users\cofc_\AppData\Local\Temp\tmp8E55.tmp", message = "rjsec422")~~RJStevensMusicPresentationCreator.Program~0000002051
2024-12-14 21:57:24.9147~DEBUG~-> DownloadFile(url = "https://faas-nyc1-2ef2e6cc.doserverless.co/api/v1/web/fn-dd7f8f6a-d32a-4f5e-ae7b-870dfb7963f3/downloads/bundle?id=000000000000430", filename = "C:\Users\cofc_\AppData\Local\Temp\tmp8FBD.tmp\rjsec423.ZIP", message = "rjsec423")~~RJStevensMusicPresentationCreator.Program~0000002052
2024-12-14 21:57:25.1077~DEBUG~download completed~~RJStevensMusicPresentationCreator.Program~0000002053
2024-12-14 21:57:25.1077~DEBUG~<- DownloadFile(url = "https://faas-nyc1-2ef2e6cc.doserverless.co/api/v1/web/fn-dd7f8f6a-d32a-4f5e-ae7b-870dfb7963f3/downloads/bundle?id=000000000000430", filename = "C:\Users\cofc_\AppData\Local\Temp\tmp8FBD.tmp\rjsec423.ZIP", message = "rjsec423")~~RJStevensMusicPresentationCreator.Program~0000002054
2024-12-14 21:57:25.1227~DEBUG~-> ExtractAllFromFile(zipFileName = "C:\Users\cofc_\AppData\Local\Temp\tmp8FBD.tmp\rjsec423.ZIP", decompressedFolder = "C:\Users\cofc_\AppData\Local\Temp\tmp9089.tmp", message = "rjsec423")~~RJStevensMusicPresentationCreator.Program~0000002055
2024-12-14 21:57:25.3647~DEBUG~extract completed~~RJStevensMusicPresentationCreator.Program~0000002056
2024-12-14 21:57:25.3647~DEBUG~<- ExtractAllFromFile(zipFileName = "C:\Users\cofc_\AppData\Local\Temp\tmp8FBD.tmp\rjsec423.ZIP", decompressedFolder = "C:\Users\cofc_\AppData\Local\Temp\tmp9089.tmp", message = "rjsec423")~~RJStevensMusicPresentationCreator.Program~0000002057
2024-12-14 21:57:25.4427~DEBUG~-> DownloadFile(url = "https://faas-nyc1-2ef2e6cc.doserverless.co/api/v1/web/fn-dd7f8f6a-d32a-4f5e-ae7b-870dfb7963f3/downloads/bundle?id=000000000000431", filename = "C:\Users\cofc_\AppData\Local\Temp\tmp91D2.tmp\rjsec424.ZIP", message = "rjsec424")~~RJStevensMusicPresentationCreator.Program~0000002058
2024-12-14 21:57:25.6567~DEBUG~download completed~~RJStevensMusicPresentationCreator.Program~0000002059
2024-12-14 21:57:25.6567~DEBUG~<- DownloadFile(url = "https://faas-nyc1-2ef2e6cc.doserverless.co/api/v1/web/fn-dd7f8f6a-d32a-4f5e-ae7b-870dfb7963f3/downloads/bundle?id=000000000000431", filename = "C:\Users\cofc_\AppData\Local\Temp\tmp91D2.tmp\rjsec424.ZIP", message = "rjsec424")~~RJStevensMusicPresentationCreator.Program~0000002060
2024-12-14 21:57:25.6727~DEBUG~-> ExtractAllFromFile(zipFileName = "C:\Users\cofc_\AppData\Local\Temp\tmp91D2.tmp\rjsec424.ZIP", decompressedFolder = "C:\Users\cofc_\AppData\Local\Temp\tmp92AE.tmp", message = "rjsec424")~~RJStevensMusicPresentationCreator.Program~0000002061
2024-12-14 21:57:25.9118~DEBUG~extract completed~~RJStevensMusicPresentationCreator.Program~0000002062
2024-12-14 21:57:25.9118~DEBUG~<- ExtractAllFromFile(zipFileName = "C:\Users\cofc_\AppData\Local\Temp\tmp91D2.tmp\rjsec424.ZIP", decompressedFolder = "C:\Users\cofc_\AppData\Local\Temp\tmp92AE.tmp", message = "rjsec424")~~RJStevensMusicPresentationCreator.Program~0000002063
2024-12-14 21:57:25.9868~DEBUG~-> DownloadFile(url = "https://faas-nyc1-2ef2e6cc.doserverless.co/api/v1/web/fn-dd7f8f6a-d32a-4f5e-ae7b-870dfb7963f3/downloads/bundle?id=000000000000432", filename = "C:\Users\cofc_\AppData\Local\Temp\tmp93F7.tmp\rjsec425.ZIP", message = "rjsec425")~~RJStevensMusicPresentationCreator.Program~0000002064
2024-12-14 21:57:26.2028~DEBUG~download completed~~RJStevensMusicPresentationCreator.Program~0000002065
2024-12-14 21:57:26.2028~DEBUG~<- DownloadFile(url = "https://faas-nyc1-2ef2e6cc.doserverless.co/api/v1/web/fn-dd7f8f6a-d32a-4f5e-ae7b-870dfb7963f3/downloads/bundle?id=000000000000432", filename = "C:\Users\cofc_\AppData\Local\Temp\tmp93F7.tmp\rjsec425.ZIP", message = "rjsec425")~~RJStevensMusicPresentationCreator.Program~0000002066
2024-12-14 21:57:26.2138~DEBUG~-> ExtractAllFromFile(zipFileName = "C:\Users\cofc_\AppData\Local\Temp\tmp93F7.tmp\rjsec425.ZIP", decompressedFolder = "C:\Users\cofc_\AppData\Local\Temp\tmp94D3.tmp", message = "rjsec425")~~RJStevensMusicPresentationCreator.Program~0000002067
2024-12-14 21:57:26.4428~DEBUG~extract completed~~RJStevensMusicPresentationCreator.Program~0000002068
2024-12-14 21:57:26.4428~DEBUG~<- ExtractAllFromFile(zipFileName = "C:\Users\cofc_\AppData\Local\Temp\tmp93F7.tmp\rjsec425.ZIP", decompressedFolder = "C:\Users\cofc_\AppData\Local\Temp\tmp94D3.tmp", message = "rjsec425")~~RJStevensMusicPresentationCreator.Program~0000002069
2024-12-14 21:57:26.5088~DEBUG~-> DownloadFile(url = "https://faas-nyc1-2ef2e6cc.doserverless.co/api/v1/web/fn-dd7f8f6a-d32a-4f5e-ae7b-870dfb7963f3/downloads/bundle?id=000000000000433", filename = "C:\Users\cofc_\AppData\Local\Temp\tmp95FD.tmp\rjsec426.ZIP", message = "rjsec426")~~RJStevensMusicPresentationCreator.Program~0000002070
2024-12-14 21:57:26.7288~DEBUG~download completed~~RJStevensMusicPresentationCreator.Program~0000002071
2024-12-14 21:57:26.7288~DEBUG~<- DownloadFile(url = "https://faas-nyc1-2ef2e6cc.doserverless.co/api/v1/web/fn-dd7f8f6a-d32a-4f5e-ae7b-870dfb7963f3/downloads/bundle?id=000000000000433", filename = "C:\Users\cofc_\AppData\Local\Temp\tmp95FD.tmp\rjsec426.ZIP", message = "rjsec426")~~RJStevensMusicPresentationCreator.Program~0000002072
2024-12-14 21:57:26.7408~DEBUG~-> ExtractAllFromFile(zipFileName = "C:\Users\cofc_\AppData\Local\Temp\tmp95FD.tmp\rjsec426.ZIP", decompressedFolder = "C:\Users\cofc_\AppData\Local\Temp\tmp96E8.tmp", message = "rjsec426")~~RJStevensMusicPresentationCreator.Program~0000002073
2024-12-14 21:57:26.9948~DEBUG~extract completed~~RJStevensMusicPresentationCreator.Program~0000002074
2024-12-14 21:57:26.9948~DEBUG~<- ExtractAllFromFile(zipFileName = "C:\Users\cofc_\AppData\Local\Temp\tmp95FD.tmp\rjsec426.ZIP", decompressedFolder = "C:\Users\cofc_\AppData\Local\Temp\tmp96E8.tmp", message = "rjsec426")~~RJStevensMusicPresentationCreator.Program~0000002075
2024-12-14 21:57:27.0638~DEBUG~-> DownloadFile(url = "https://faas-nyc1-2ef2e6cc.doserverless.co/api/v1/web/fn-dd7f8f6a-d32a-4f5e-ae7b-870dfb7963f3/downloads/bundle?id=000000000000434", filename = "C:\Users\cofc_\AppData\Local\Temp\tmp9831.tmp\rjsec427.ZIP", message = "rjsec427")~~RJStevensMusicPresentationCreator.Program~0000002076
2024-12-14 21:57:27.2749~DEBUG~download completed~~RJStevensMusicPresentationCreator.Program~0000002077
2024-12-14 21:57:27.2749~DEBUG~<- DownloadFile(url = "https://faas-nyc1-2ef2e6cc.doserverless.co/api/v1/web/fn-dd7f8f6a-d32a-4f5e-ae7b-870dfb7963f3/downloads/bundle?id=000000000000434", filename = "C:\Users\cofc_\AppData\Local\Temp\tmp9831.tmp\rjsec427.ZIP", message = "rjsec427")~~RJStevensMusicPresentationCreator.Program~0000002078
2024-12-14 21:57:27.2869~DEBUG~-> ExtractAllFromFile(zipFileName = "C:\Users\cofc_\AppData\Local\Temp\tmp9831.tmp\rjsec427.ZIP", decompressedFolder = "C:\Users\cofc_\AppData\Local\Temp\tmp990D.tmp", message = "rjsec427")~~RJStevensMusicPresentationCreator.Program~0000002079
2024-12-14 21:57:27.5739~DEBUG~extract completed~~RJStevensMusicPresentationCreator.Program~0000002080
2024-12-14 21:57:27.5739~DEBUG~<- ExtractAllFromFile(zipFileName = "C:\Users\cofc_\AppData\Local\Temp\tmp9831.tmp\rjsec427.ZIP", decompressedFolder = "C:\Users\cofc_\AppData\Local\Temp\tmp990D.tmp", message = "rjsec427")~~RJStevensMusicPresentationCreator.Program~0000002081
2024-12-14 21:57:27.6379~DEBUG~-> DownloadFile(url = "https://faas-nyc1-2ef2e6cc.doserverless.co/api/v1/web/fn-dd7f8f6a-d32a-4f5e-ae7b-870dfb7963f3/downloads/bundle?id=000000000000435", filename = "C:\Users\cofc_\AppData\Local\Temp\tmp9A66.tmp\rjsec428.ZIP", message = "rjsec428")~~RJStevensMusicPresentationCreator.Program~0000002082
2024-12-14 21:57:27.8409~DEBUG~download completed~~RJStevensMusicPresentationCreator.Program~0000002083
2024-12-14 21:57:27.8409~DEBUG~<- DownloadFile(url = "https://faas-nyc1-2ef2e6cc.doserverless.co/api/v1/web/fn-dd7f8f6a-d32a-4f5e-ae7b-870dfb7963f3/downloads/bundle?id=000000000000435", filename = "C:\Users\cofc_\AppData\Local\Temp\tmp9A66.tmp\rjsec428.ZIP", message = "rjsec428")~~RJStevensMusicPresentationCreator.Program~0000002084
2024-12-14 21:57:27.8549~DEBUG~-> ExtractAllFromFile(zipFileName = "C:\Users\cofc_\AppData\Local\Temp\tmp9A66.tmp\rjsec428.ZIP", decompressedFolder = "C:\Users\cofc_\AppData\Local\Temp\tmp9B42.tmp", message = "rjsec428")~~RJStevensMusicPresentationCreator.Program~0000002085
2024-12-14 21:57:28.0549~DEBUG~extract completed~~RJStevensMusicPresentationCreator.Program~0000002086
2024-12-14 21:57:28.0549~DEBUG~<- ExtractAllFromFile(zipFileName = "C:\Users\cofc_\AppData\Local\Temp\tmp9A66.tmp\rjsec428.ZIP", decompressedFolder = "C:\Users\cofc_\AppData\Local\Temp\tmp9B42.tmp", message = "rjsec428")~~RJStevensMusicPresentationCreator.Program~0000002087
2024-12-14 21:57:28.1189~DEBUG~-> DownloadFile(url = "https://faas-nyc1-2ef2e6cc.doserverless.co/api/v1/web/fn-dd7f8f6a-d32a-4f5e-ae7b-870dfb7963f3/downloads/bundle?id=000000000000436", filename = "C:\Users\cofc_\AppData\Local\Temp\tmp9C4C.tmp\rjsec429.ZIP", message = "rjsec429")~~RJStevensMusicPresentationCreator.Program~0000002088
2024-12-14 21:57:28.3379~DEBUG~download completed~~RJStevensMusicPresentationCreator.Program~0000002089
2024-12-14 21:57:28.3379~DEBUG~<- DownloadFile(url = "https://faas-nyc1-2ef2e6cc.doserverless.co/api/v1/web/fn-dd7f8f6a-d32a-4f5e-ae7b-870dfb7963f3/downloads/bundle?id=000000000000436", filename = "C:\Users\cofc_\AppData\Local\Temp\tmp9C4C.tmp\rjsec429.ZIP", message = "rjsec429")~~RJStevensMusicPresentationCreator.Program~0000002090
2024-12-14 21:57:28.3529~DEBUG~-> ExtractAllFromFile(zipFileName = "C:\Users\cofc_\AppData\Local\Temp\tmp9C4C.tmp\rjsec429.ZIP", decompressedFolder = "C:\Users\cofc_\AppData\Local\Temp\tmp9D38.tmp", message = "rjsec429")~~RJStevensMusicPresentationCreator.Program~0000002091
2024-12-14 21:57:28.6300~DEBUG~extract completed~~RJStevensMusicPresentationCreator.Program~0000002092
2024-12-14 21:57:28.6300~DEBUG~<- ExtractAllFromFile(zipFileName = "C:\Users\cofc_\AppData\Local\Temp\tmp9C4C.tmp\rjsec429.ZIP", decompressedFolder = "C:\Users\cofc_\AppData\Local\Temp\tmp9D38.tmp", message = "rjsec429")~~RJStevensMusicPresentationCreator.Program~0000002093
2024-12-14 21:57:28.7060~DEBUG~-> DownloadFile(url = "https://faas-nyc1-2ef2e6cc.doserverless.co/api/v1/web/fn-dd7f8f6a-d32a-4f5e-ae7b-870dfb7963f3/downloads/bundle?id=000000000000437", filename = "C:\Users\cofc_\AppData\Local\Temp\tmp9EA0.tmp\rjsec430.ZIP", message = "rjsec430")~~RJStevensMusicPresentationCreator.Program~0000002094
2024-12-14 21:57:28.9300~DEBUG~download completed~~RJStevensMusicPresentationCreator.Program~0000002095
2024-12-14 21:57:28.9300~DEBUG~<- DownloadFile(url = "https://faas-nyc1-2ef2e6cc.doserverless.co/api/v1/web/fn-dd7f8f6a-d32a-4f5e-ae7b-870dfb7963f3/downloads/bundle?id=000000000000437", filename = "C:\Users\cofc_\AppData\Local\Temp\tmp9EA0.tmp\rjsec430.ZIP", message = "rjsec430")~~RJStevensMusicPresentationCreator.Program~0000002096
2024-12-14 21:57:28.9440~DEBUG~-> ExtractAllFromFile(zipFileName = "C:\Users\cofc_\AppData\Local\Temp\tmp9EA0.tmp\rjsec430.ZIP", decompressedFolder = "C:\Users\cofc_\AppData\Local\Temp\tmp9F8B.tmp", message = "rjsec430")~~RJStevensMusicPresentationCreator.Program~0000002097
2024-12-14 21:57:29.1640~DEBUG~extract completed~~RJStevensMusicPresentationCreator.Program~0000002098
2024-12-14 21:57:29.1640~DEBUG~<- ExtractAllFromFile(zipFileName = "C:\Users\cofc_\AppData\Local\Temp\tmp9EA0.tmp\rjsec430.ZIP", decompressedFolder = "C:\Users\cofc_\AppData\Local\Temp\tmp9F8B.tmp", message = "rjsec430")~~RJStevensMusicPresentationCreator.Program~0000002099
2024-12-14 21:57:29.2400~DEBUG~-> DownloadFile(url = "https://faas-nyc1-2ef2e6cc.doserverless.co/api/v1/web/fn-dd7f8f6a-d32a-4f5e-ae7b-870dfb7963f3/downloads/bundle?id=000000000000438", filename = "C:\Users\cofc_\AppData\Local\Temp\tmpA0B5.tmp\rjsec431.ZIP", message = "rjsec431")~~RJStevensMusicPresentationCreator.Program~0000002100
2024-12-14 21:57:29.4920~DEBUG~download completed~~RJStevensMusicPresentationCreator.Program~0000002101
2024-12-14 21:57:29.4920~DEBUG~<- DownloadFile(url = "https://faas-nyc1-2ef2e6cc.doserverless.co/api/v1/web/fn-dd7f8f6a-d32a-4f5e-ae7b-870dfb7963f3/downloads/bundle?id=000000000000438", filename = "C:\Users\cofc_\AppData\Local\Temp\tmpA0B5.tmp\rjsec431.ZIP", message = "rjsec431")~~RJStevensMusicPresentationCreator.Program~0000002102
2024-12-14 21:57:29.5070~DEBUG~-> ExtractAllFromFile(zipFileName = "C:\Users\cofc_\AppData\Local\Temp\tmpA0B5.tmp\rjsec431.ZIP", decompressedFolder = "C:\Users\cofc_\AppData\Local\Temp\tmpA1C0.tmp", message = "rjsec431")~~RJStevensMusicPresentationCreator.Program~0000002103
2024-12-14 21:57:29.8320~DEBUG~extract completed~~RJStevensMusicPresentationCreator.Program~0000002104
2024-12-14 21:57:29.8320~DEBUG~<- ExtractAllFromFile(zipFileName = "C:\Users\cofc_\AppData\Local\Temp\tmpA0B5.tmp\rjsec431.ZIP", decompressedFolder = "C:\Users\cofc_\AppData\Local\Temp\tmpA1C0.tmp", message = "rjsec431")~~RJStevensMusicPresentationCreator.Program~0000002105
2024-12-14 21:57:29.9200~DEBUG~-> DownloadFile(url = "https://faas-nyc1-2ef2e6cc.doserverless.co/api/v1/web/fn-dd7f8f6a-d32a-4f5e-ae7b-870dfb7963f3/downloads/bundle?id=000000000000439", filename = "C:\Users\cofc_\AppData\Local\Temp\tmpA357.tmp\rjsec432.ZIP", message = "rjsec432")~~RJStevensMusicPresentationCreator.Program~0000002106
2024-12-14 21:57:30.1391~DEBUG~download completed~~RJStevensMusicPresentationCreator.Program~0000002107
2024-12-14 21:57:30.1391~DEBUG~<- DownloadFile(url = "https://faas-nyc1-2ef2e6cc.doserverless.co/api/v1/web/fn-dd7f8f6a-d32a-4f5e-ae7b-870dfb7963f3/downloads/bundle?id=000000000000439", filename = "C:\Users\cofc_\AppData\Local\Temp\tmpA357.tmp\rjsec432.ZIP", message = "rjsec432")~~RJStevensMusicPresentationCreator.Program~0000002108
2024-12-14 21:57:30.1551~DEBUG~-> ExtractAllFromFile(zipFileName = "C:\Users\cofc_\AppData\Local\Temp\tmpA357.tmp\rjsec432.ZIP", decompressedFolder = "C:\Users\cofc_\AppData\Local\Temp\tmpA442.tmp", message = "rjsec432")~~RJStevensMusicPresentationCreator.Program~0000002109
2024-12-14 21:57:30.3861~DEBUG~extract completed~~RJStevensMusicPresentationCreator.Program~0000002110
2024-12-14 21:57:30.3911~DEBUG~<- ExtractAllFromFile(zipFileName = "C:\Users\cofc_\AppData\Local\Temp\tmpA357.tmp\rjsec432.ZIP", decompressedFolder = "C:\Users\cofc_\AppData\Local\Temp\tmpA442.tmp", message = "rjsec432")~~RJStevensMusicPresentationCreator.Program~0000002111
2024-12-14 21:57:30.4601~DEBUG~-> DownloadFile(url = "https://faas-nyc1-2ef2e6cc.doserverless.co/api/v1/web/fn-dd7f8f6a-d32a-4f5e-ae7b-870dfb7963f3/downloads/bundle?id=000000000000440", filename = "C:\Users\cofc_\AppData\Local\Temp\tmpA57C.tmp\rjsec433.ZIP", message = "rjsec433")~~RJStevensMusicPresentationCreator.Program~0000002112
2024-12-14 21:57:30.6551~DEBUG~download completed~~RJStevensMusicPresentationCreator.Program~0000002113
2024-12-14 21:57:30.6551~DEBUG~<- DownloadFile(url = "https://faas-nyc1-2ef2e6cc.doserverless.co/api/v1/web/fn-dd7f8f6a-d32a-4f5e-ae7b-870dfb7963f3/downloads/bundle?id=000000000000440", filename = "C:\Users\cofc_\AppData\Local\Temp\tmpA57C.tmp\rjsec433.ZIP", message = "rjsec433")~~RJStevensMusicPresentationCreator.Program~0000002114
2024-12-14 21:57:30.6701~DEBUG~-> ExtractAllFromFile(zipFileName = "C:\Users\cofc_\AppData\Local\Temp\tmpA57C.tmp\rjsec433.ZIP", decompressedFolder = "C:\Users\cofc_\AppData\Local\Temp\tmpA648.tmp", message = "rjsec433")~~RJStevensMusicPresentationCreator.Program~0000002115
2024-12-14 21:57:30.9071~DEBUG~extract completed~~RJStevensMusicPresentationCreator.Program~0000002116
2024-12-14 21:57:30.9071~DEBUG~<- ExtractAllFromFile(zipFileName = "C:\Users\cofc_\AppData\Local\Temp\tmpA57C.tmp\rjsec433.ZIP", decompressedFolder = "C:\Users\cofc_\AppData\Local\Temp\tmpA648.tmp", message = "rjsec433")~~RJStevensMusicPresentationCreator.Program~0000002117
2024-12-14 21:57:30.9861~DEBUG~-> DownloadFile(url = "https://faas-nyc1-2ef2e6cc.doserverless.co/api/v1/web/fn-dd7f8f6a-d32a-4f5e-ae7b-870dfb7963f3/downloads/bundle?id=000000000000441", filename = "C:\Users\cofc_\AppData\Local\Temp\tmpA782.tmp\rjsec434.ZIP", message = "rjsec434")~~RJStevensMusicPresentationCreator.Program~0000002118
2024-12-14 21:57:31.2141~DEBUG~download completed~~RJStevensMusicPresentationCreator.Program~0000002119
2024-12-14 21:57:31.2141~DEBUG~<- DownloadFile(url = "https://faas-nyc1-2ef2e6cc.doserverless.co/api/v1/web/fn-dd7f8f6a-d32a-4f5e-ae7b-870dfb7963f3/downloads/bundle?id=000000000000441", filename = "C:\Users\cofc_\AppData\Local\Temp\tmpA782.tmp\rjsec434.ZIP", message = "rjsec434")~~RJStevensMusicPresentationCreator.Program~0000002120
2024-12-14 21:57:31.2281~DEBUG~-> ExtractAllFromFile(zipFileName = "C:\Users\cofc_\AppData\Local\Temp\tmpA782.tmp\rjsec434.ZIP", decompressedFolder = "C:\Users\cofc_\AppData\Local\Temp\tmpA87D.tmp", message = "rjsec434")~~RJStevensMusicPresentationCreator.Program~0000002121
2024-12-14 21:57:31.5392~DEBUG~extract completed~~RJStevensMusicPresentationCreator.Program~0000002122
2024-12-14 21:57:31.5392~DEBUG~<- ExtractAllFromFile(zipFileName = "C:\Users\cofc_\AppData\Local\Temp\tmpA782.tmp\rjsec434.ZIP", decompressedFolder = "C:\Users\cofc_\AppData\Local\Temp\tmpA87D.tmp", message = "rjsec434")~~RJStevensMusicPresentationCreator.Program~0000002123
2024-12-14 21:57:31.6172~DEBUG~-> DownloadFile(url = "https://faas-nyc1-2ef2e6cc.doserverless.co/api/v1/web/fn-dd7f8f6a-d32a-4f5e-ae7b-870dfb7963f3/downloads/bundle?id=000000000000442", filename = "C:\Users\cofc_\AppData\Local\Temp\tmpAA04.tmp\rjsec435.ZIP", message = "rjsec435")~~RJStevensMusicPresentationCreator.Program~0000002124
2024-12-14 21:57:31.8522~DEBUG~download completed~~RJStevensMusicPresentationCreator.Program~0000002125
2024-12-14 21:57:31.8522~DEBUG~<- DownloadFile(url = "https://faas-nyc1-2ef2e6cc.doserverless.co/api/v1/web/fn-dd7f8f6a-d32a-4f5e-ae7b-870dfb7963f3/downloads/bundle?id=000000000000442", filename = "C:\Users\cofc_\AppData\Local\Temp\tmpAA04.tmp\rjsec435.ZIP", message = "rjsec435")~~RJStevensMusicPresentationCreator.Program~0000002126
2024-12-14 21:57:31.8672~DEBUG~-> ExtractAllFromFile(zipFileName = "C:\Users\cofc_\AppData\Local\Temp\tmpAA04.tmp\rjsec435.ZIP", decompressedFolder = "C:\Users\cofc_\AppData\Local\Temp\tmpAAFF.tmp", message = "rjsec435")~~RJStevensMusicPresentationCreator.Program~0000002127
2024-12-14 21:57:32.0882~DEBUG~extract completed~~RJStevensMusicPresentationCreator.Program~0000002128
2024-12-14 21:57:32.0882~DEBUG~<- ExtractAllFromFile(zipFileName = "C:\Users\cofc_\AppData\Local\Temp\tmpAA04.tmp\rjsec435.ZIP", decompressedFolder = "C:\Users\cofc_\AppData\Local\Temp\tmpAAFF.tmp", message = "rjsec435")~~RJStevensMusicPresentationCreator.Program~0000002129
2024-12-14 21:57:32.1592~DEBUG~-> DownloadFile(url = "https://faas-nyc1-2ef2e6cc.doserverless.co/api/v1/web/fn-dd7f8f6a-d32a-4f5e-ae7b-870dfb7963f3/downloads/bundle?id=000000000000446", filename = "C:\Users\cofc_\AppData\Local\Temp\tmpAC29.tmp\rjsec439.ZIP", message = "rjsec439")~~RJStevensMusicPresentationCreator.Program~0000002130
2024-12-14 21:57:32.3842~DEBUG~download completed~~RJStevensMusicPresentationCreator.Program~0000002131
2024-12-14 21:57:32.3842~DEBUG~<- DownloadFile(url = "https://faas-nyc1-2ef2e6cc.doserverless.co/api/v1/web/fn-dd7f8f6a-d32a-4f5e-ae7b-870dfb7963f3/downloads/bundle?id=000000000000446", filename = "C:\Users\cofc_\AppData\Local\Temp\tmpAC29.tmp\rjsec439.ZIP", message = "rjsec439")~~RJStevensMusicPresentationCreator.Program~0000002132
2024-12-14 21:57:32.3962~DEBUG~-> ExtractAllFromFile(zipFileName = "C:\Users\cofc_\AppData\Local\Temp\tmpAC29.tmp\rjsec439.ZIP", decompressedFolder = "C:\Users\cofc_\AppData\Local\Temp\tmpAD14.tmp", message = "rjsec439")~~RJStevensMusicPresentationCreator.Program~0000002133
2024-12-14 21:57:32.6152~DEBUG~extract completed~~RJStevensMusicPresentationCreator.Program~0000002134
2024-12-14 21:57:32.6152~DEBUG~<- ExtractAllFromFile(zipFileName = "C:\Users\cofc_\AppData\Local\Temp\tmpAC29.tmp\rjsec439.ZIP", decompressedFolder = "C:\Users\cofc_\AppData\Local\Temp\tmpAD14.tmp", message = "rjsec439")~~RJStevensMusicPresentationCreator.Program~0000002135
2024-12-14 21:57:32.6873~DEBUG~-> DownloadFile(url = "https://faas-nyc1-2ef2e6cc.doserverless.co/api/v1/web/fn-dd7f8f6a-d32a-4f5e-ae7b-870dfb7963f3/downloads/bundle?id=000000000000447", filename = "C:\Users\cofc_\AppData\Local\Temp\tmpAE2F.tmp\rjsec440.ZIP", message = "rjsec440")~~RJStevensMusicPresentationCreator.Program~0000002136
2024-12-14 21:57:32.8923~DEBUG~download completed~~RJStevensMusicPresentationCreator.Program~0000002137
2024-12-14 21:57:32.8923~DEBUG~<- DownloadFile(url = "https://faas-nyc1-2ef2e6cc.doserverless.co/api/v1/web/fn-dd7f8f6a-d32a-4f5e-ae7b-870dfb7963f3/downloads/bundle?id=000000000000447", filename = "C:\Users\cofc_\AppData\Local\Temp\tmpAE2F.tmp\rjsec440.ZIP", message = "rjsec440")~~RJStevensMusicPresentationCreator.Program~0000002138
2024-12-14 21:57:32.8923~DEBUG~-> ExtractAllFromFile(zipFileName = "C:\Users\cofc_\AppData\Local\Temp\tmpAE2F.tmp\rjsec440.ZIP", decompressedFolder = "C:\Users\cofc_\AppData\Local\Temp\tmpAF0A.tmp", message = "rjsec440")~~RJStevensMusicPresentationCreator.Program~0000002139
2024-12-14 21:57:33.1373~DEBUG~extract completed~~RJStevensMusicPresentationCreator.Program~0000002140
2024-12-14 21:57:33.1413~DEBUG~<- ExtractAllFromFile(zipFileName = "C:\Users\cofc_\AppData\Local\Temp\tmpAE2F.tmp\rjsec440.ZIP", decompressedFolder = "C:\Users\cofc_\AppData\Local\Temp\tmpAF0A.tmp", message = "rjsec440")~~RJStevensMusicPresentationCreator.Program~0000002141
2024-12-14 21:57:33.2113~DEBUG~-> DownloadFile(url = "https://faas-nyc1-2ef2e6cc.doserverless.co/api/v1/web/fn-dd7f8f6a-d32a-4f5e-ae7b-870dfb7963f3/downloads/bundle?id=000000000000448", filename = "C:\Users\cofc_\AppData\Local\Temp\tmpB044.tmp\rjsec441.ZIP", message = "rjsec441")~~RJStevensMusicPresentationCreator.Program~0000002142
2024-12-14 21:57:33.4193~DEBUG~download completed~~RJStevensMusicPresentationCreator.Program~0000002143
2024-12-14 21:57:33.4193~DEBUG~<- DownloadFile(url = "https://faas-nyc1-2ef2e6cc.doserverless.co/api/v1/web/fn-dd7f8f6a-d32a-4f5e-ae7b-870dfb7963f3/downloads/bundle?id=000000000000448", filename = "C:\Users\cofc_\AppData\Local\Temp\tmpB044.tmp\rjsec441.ZIP", message = "rjsec441")~~RJStevensMusicPresentationCreator.Program~0000002144
2024-12-14 21:57:33.4323~DEBUG~-> ExtractAllFromFile(zipFileName = "C:\Users\cofc_\AppData\Local\Temp\tmpB044.tmp\rjsec441.ZIP", decompressedFolder = "C:\Users\cofc_\AppData\Local\Temp\tmpB120.tmp", message = "rjsec441")~~RJStevensMusicPresentationCreator.Program~0000002145
2024-12-14 21:57:33.6333~DEBUG~extract completed~~RJStevensMusicPresentationCreator.Program~0000002146
2024-12-14 21:57:33.6333~DEBUG~<- ExtractAllFromFile(zipFileName = "C:\Users\cofc_\AppData\Local\Temp\tmpB044.tmp\rjsec441.ZIP", decompressedFolder = "C:\Users\cofc_\AppData\Local\Temp\tmpB120.tmp", message = "rjsec441")~~RJStevensMusicPresentationCreator.Program~0000002147
2024-12-14 21:57:33.7003~DEBUG~-> DownloadFile(url = "https://faas-nyc1-2ef2e6cc.doserverless.co/api/v1/web/fn-dd7f8f6a-d32a-4f5e-ae7b-870dfb7963f3/downloads/bundle?id=000000000000449", filename = "C:\Users\cofc_\AppData\Local\Temp\tmpB22A.tmp\rjsec442.ZIP", message = "rjsec442")~~RJStevensMusicPresentationCreator.Program~0000002148
2024-12-14 21:57:33.9053~DEBUG~download completed~~RJStevensMusicPresentationCreator.Program~0000002149
2024-12-14 21:57:33.9053~DEBUG~<- DownloadFile(url = "https://faas-nyc1-2ef2e6cc.doserverless.co/api/v1/web/fn-dd7f8f6a-d32a-4f5e-ae7b-870dfb7963f3/downloads/bundle?id=000000000000449", filename = "C:\Users\cofc_\AppData\Local\Temp\tmpB22A.tmp\rjsec442.ZIP", message = "rjsec442")~~RJStevensMusicPresentationCreator.Program~0000002150
2024-12-14 21:57:33.9183~DEBUG~-> ExtractAllFromFile(zipFileName = "C:\Users\cofc_\AppData\Local\Temp\tmpB22A.tmp\rjsec442.ZIP", decompressedFolder = "C:\Users\cofc_\AppData\Local\Temp\tmpB306.tmp", message = "rjsec442")~~RJStevensMusicPresentationCreator.Program~0000002151
2024-12-14 21:57:34.1804~DEBUG~extract completed~~RJStevensMusicPresentationCreator.Program~0000002152
2024-12-14 21:57:34.1804~DEBUG~<- ExtractAllFromFile(zipFileName = "C:\Users\cofc_\AppData\Local\Temp\tmpB22A.tmp\rjsec442.ZIP", decompressedFolder = "C:\Users\cofc_\AppData\Local\Temp\tmpB306.tmp", message = "rjsec442")~~RJStevensMusicPresentationCreator.Program~0000002153
2024-12-14 21:57:34.2624~DEBUG~-> DownloadFile(url = "https://faas-nyc1-2ef2e6cc.doserverless.co/api/v1/web/fn-dd7f8f6a-d32a-4f5e-ae7b-870dfb7963f3/downloads/bundle?id=000000000000450", filename = "C:\Users\cofc_\AppData\Local\Temp\tmpB45F.tmp\rjsec443.ZIP", message = "rjsec443")~~RJStevensMusicPresentationCreator.Program~0000002154
2024-12-14 21:57:34.5094~DEBUG~download completed~~RJStevensMusicPresentationCreator.Program~0000002155
2024-12-14 21:57:34.5094~DEBUG~<- DownloadFile(url = "https://faas-nyc1-2ef2e6cc.doserverless.co/api/v1/web/fn-dd7f8f6a-d32a-4f5e-ae7b-870dfb7963f3/downloads/bundle?id=000000000000450", filename = "C:\Users\cofc_\AppData\Local\Temp\tmpB45F.tmp\rjsec443.ZIP", message = "rjsec443")~~RJStevensMusicPresentationCreator.Program~0000002156
2024-12-14 21:57:34.5284~DEBUG~-> ExtractAllFromFile(zipFileName = "C:\Users\cofc_\AppData\Local\Temp\tmpB45F.tmp\rjsec443.ZIP", decompressedFolder = "C:\Users\cofc_\AppData\Local\Temp\tmpB569.tmp", message = "rjsec443")~~RJStevensMusicPresentationCreator.Program~0000002157
2024-12-14 21:57:34.8094~DEBUG~extract completed~~RJStevensMusicPresentationCreator.Program~0000002158
2024-12-14 21:57:34.8094~DEBUG~<- ExtractAllFromFile(zipFileName = "C:\Users\cofc_\AppData\Local\Temp\tmpB45F.tmp\rjsec443.ZIP", decompressedFolder = "C:\Users\cofc_\AppData\Local\Temp\tmpB569.tmp", message = "rjsec443")~~RJStevensMusicPresentationCreator.Program~0000002159
2024-12-14 21:57:34.8904~DEBUG~-> DownloadFile(url = "https://faas-nyc1-2ef2e6cc.doserverless.co/api/v1/web/fn-dd7f8f6a-d32a-4f5e-ae7b-870dfb7963f3/downloads/bundle?id=000000000000452", filename = "C:\Users\cofc_\AppData\Local\Temp\tmpB6D2.tmp\rjsec445.ZIP", message = "rjsec445")~~RJStevensMusicPresentationCreator.Program~0000002160
2024-12-14 21:57:35.1044~DEBUG~download completed~~RJStevensMusicPresentationCreator.Program~0000002161
2024-12-14 21:57:35.1044~DEBUG~<- DownloadFile(url = "https://faas-nyc1-2ef2e6cc.doserverless.co/api/v1/web/fn-dd7f8f6a-d32a-4f5e-ae7b-870dfb7963f3/downloads/bundle?id=000000000000452", filename = "C:\Users\cofc_\AppData\Local\Temp\tmpB6D2.tmp\rjsec445.ZIP", message = "rjsec445")~~RJStevensMusicPresentationCreator.Program~0000002162
2024-12-14 21:57:35.1234~DEBUG~-> ExtractAllFromFile(zipFileName = "C:\Users\cofc_\AppData\Local\Temp\tmpB6D2.tmp\rjsec445.ZIP", decompressedFolder = "C:\Users\cofc_\AppData\Local\Temp\tmpB7BD.tmp", message = "rjsec445")~~RJStevensMusicPresentationCreator.Program~0000002163
2024-12-14 21:57:35.3855~DEBUG~extract completed~~RJStevensMusicPresentationCreator.Program~0000002164
2024-12-14 21:57:35.3855~DEBUG~<- ExtractAllFromFile(zipFileName = "C:\Users\cofc_\AppData\Local\Temp\tmpB6D2.tmp\rjsec445.ZIP", decompressedFolder = "C:\Users\cofc_\AppData\Local\Temp\tmpB7BD.tmp", message = "rjsec445")~~RJStevensMusicPresentationCreator.Program~0000002165
2024-12-14 21:57:35.4615~DEBUG~-> DownloadFile(url = "https://faas-nyc1-2ef2e6cc.doserverless.co/api/v1/web/fn-dd7f8f6a-d32a-4f5e-ae7b-870dfb7963f3/downloads/bundle?id=000000000000454", filename = "C:\Users\cofc_\AppData\Local\Temp\tmpB916.tmp\rjsec447.ZIP", message = "rjsec447")~~RJStevensMusicPresentationCreator.Program~0000002166
2024-12-14 21:57:35.6995~DEBUG~download completed~~RJStevensMusicPresentationCreator.Program~0000002167
2024-12-14 21:57:35.6995~DEBUG~<- DownloadFile(url = "https://faas-nyc1-2ef2e6cc.doserverless.co/api/v1/web/fn-dd7f8f6a-d32a-4f5e-ae7b-870dfb7963f3/downloads/bundle?id=000000000000454", filename = "C:\Users\cofc_\AppData\Local\Temp\tmpB916.tmp\rjsec447.ZIP", message = "rjsec447")~~RJStevensMusicPresentationCreator.Program~0000002168
2024-12-14 21:57:35.7195~DEBUG~-> ExtractAllFromFile(zipFileName = "C:\Users\cofc_\AppData\Local\Temp\tmpB916.tmp\rjsec447.ZIP", decompressedFolder = "C:\Users\cofc_\AppData\Local\Temp\tmpBA21.tmp", message = "rjsec447")~~RJStevensMusicPresentationCreator.Program~0000002169
2024-12-14 21:57:35.9225~DEBUG~extract completed~~RJStevensMusicPresentationCreator.Program~0000002170
2024-12-14 21:57:35.9225~DEBUG~<- ExtractAllFromFile(zipFileName = "C:\Users\cofc_\AppData\Local\Temp\tmpB916.tmp\rjsec447.ZIP", decompressedFolder = "C:\Users\cofc_\AppData\Local\Temp\tmpBA21.tmp", message = "rjsec447")~~RJStevensMusicPresentationCreator.Program~0000002171
2024-12-14 21:57:35.9915~DEBUG~-> DownloadFile(url = "https://faas-nyc1-2ef2e6cc.doserverless.co/api/v1/web/fn-dd7f8f6a-d32a-4f5e-ae7b-870dfb7963f3/downloads/bundle?id=000000000000458", filename = "C:\Users\cofc_\AppData\Local\Temp\tmpBB2B.tmp\rjsec451.ZIP", message = "rjsec451")~~RJStevensMusicPresentationCreator.Program~0000002172
2024-12-14 21:57:36.4625~DEBUG~download completed~~RJStevensMusicPresentationCreator.Program~0000002173
2024-12-14 21:57:36.4625~DEBUG~<- DownloadFile(url = "https://faas-nyc1-2ef2e6cc.doserverless.co/api/v1/web/fn-dd7f8f6a-d32a-4f5e-ae7b-870dfb7963f3/downloads/bundle?id=000000000000458", filename = "C:\Users\cofc_\AppData\Local\Temp\tmpBB2B.tmp\rjsec451.ZIP", message = "rjsec451")~~RJStevensMusicPresentationCreator.Program~0000002174
2024-12-14 21:57:36.4765~DEBUG~-> ExtractAllFromFile(zipFileName = "C:\Users\cofc_\AppData\Local\Temp\tmpBB2B.tmp\rjsec451.ZIP", decompressedFolder = "C:\Users\cofc_\AppData\Local\Temp\tmpBD11.tmp", message = "rjsec451")~~RJStevensMusicPresentationCreator.Program~0000002175
2024-12-14 21:57:36.7746~DEBUG~extract completed~~RJStevensMusicPresentationCreator.Program~0000002176
2024-12-14 21:57:36.7746~DEBUG~<- ExtractAllFromFile(zipFileName = "C:\Users\cofc_\AppData\Local\Temp\tmpBB2B.tmp\rjsec451.ZIP", decompressedFolder = "C:\Users\cofc_\AppData\Local\Temp\tmpBD11.tmp", message = "rjsec451")~~RJStevensMusicPresentationCreator.Program~0000002177
2024-12-14 21:57:36.8586~DEBUG~-> DownloadFile(url = "https://faas-nyc1-2ef2e6cc.doserverless.co/api/v1/web/fn-dd7f8f6a-d32a-4f5e-ae7b-870dfb7963f3/downloads/bundle?id=000000000000459", filename = "C:\Users\cofc_\AppData\Local\Temp\tmpBE89.tmp\rjsec452.ZIP", message = "rjsec452")~~RJStevensMusicPresentationCreator.Program~0000002178
2024-12-14 21:57:37.1116~DEBUG~download completed~~RJStevensMusicPresentationCreator.Program~0000002179
2024-12-14 21:57:37.1116~DEBUG~<- DownloadFile(url = "https://faas-nyc1-2ef2e6cc.doserverless.co/api/v1/web/fn-dd7f8f6a-d32a-4f5e-ae7b-870dfb7963f3/downloads/bundle?id=000000000000459", filename = "C:\Users\cofc_\AppData\Local\Temp\tmpBE89.tmp\rjsec452.ZIP", message = "rjsec452")~~RJStevensMusicPresentationCreator.Program~0000002180
2024-12-14 21:57:37.1116~DEBUG~-> ExtractAllFromFile(zipFileName = "C:\Users\cofc_\AppData\Local\Temp\tmpBE89.tmp\rjsec452.ZIP", decompressedFolder = "C:\Users\cofc_\AppData\Local\Temp\tmpBF93.tmp", message = "rjsec452")~~RJStevensMusicPresentationCreator.Program~0000002181
2024-12-14 21:57:37.3586~DEBUG~extract completed~~RJStevensMusicPresentationCreator.Program~0000002182
2024-12-14 21:57:37.3616~DEBUG~<- ExtractAllFromFile(zipFileName = "C:\Users\cofc_\AppData\Local\Temp\tmpBE89.tmp\rjsec452.ZIP", decompressedFolder = "C:\Users\cofc_\AppData\Local\Temp\tmpBF93.tmp", message = "rjsec452")~~RJStevensMusicPresentationCreator.Program~0000002183
2024-12-14 21:57:37.4336~DEBUG~-> DownloadFile(url = "https://faas-nyc1-2ef2e6cc.doserverless.co/api/v1/web/fn-dd7f8f6a-d32a-4f5e-ae7b-870dfb7963f3/downloads/bundle?id=000000000000460", filename = "C:\Users\cofc_\AppData\Local\Temp\tmpC0CD.tmp\rjsec453.ZIP", message = "rjsec453")~~RJStevensMusicPresentationCreator.Program~0000002184
2024-12-14 21:57:37.6366~DEBUG~download completed~~RJStevensMusicPresentationCreator.Program~0000002185
2024-12-14 21:57:37.6366~DEBUG~<- DownloadFile(url = "https://faas-nyc1-2ef2e6cc.doserverless.co/api/v1/web/fn-dd7f8f6a-d32a-4f5e-ae7b-870dfb7963f3/downloads/bundle?id=000000000000460", filename = "C:\Users\cofc_\AppData\Local\Temp\tmpC0CD.tmp\rjsec453.ZIP", message = "rjsec453")~~RJStevensMusicPresentationCreator.Program~0000002186
2024-12-14 21:57:37.6506~DEBUG~-> ExtractAllFromFile(zipFileName = "C:\Users\cofc_\AppData\Local\Temp\tmpC0CD.tmp\rjsec453.ZIP", decompressedFolder = "C:\Users\cofc_\AppData\Local\Temp\tmpC1A8.tmp", message = "rjsec453")~~RJStevensMusicPresentationCreator.Program~0000002187
2024-12-14 21:57:37.8696~DEBUG~extract completed~~RJStevensMusicPresentationCreator.Program~0000002188
2024-12-14 21:57:37.8696~DEBUG~<- ExtractAllFromFile(zipFileName = "C:\Users\cofc_\AppData\Local\Temp\tmpC0CD.tmp\rjsec453.ZIP", decompressedFolder = "C:\Users\cofc_\AppData\Local\Temp\tmpC1A8.tmp", message = "rjsec453")~~RJStevensMusicPresentationCreator.Program~0000002189
2024-12-14 21:57:37.9386~DEBUG~-> DownloadFile(url = "https://faas-nyc1-2ef2e6cc.doserverless.co/api/v1/web/fn-dd7f8f6a-d32a-4f5e-ae7b-870dfb7963f3/downloads/bundle?id=000000000000462", filename = "C:\Users\cofc_\AppData\Local\Temp\tmpC2C3.tmp\rjsec455.ZIP", message = "rjsec455")~~RJStevensMusicPresentationCreator.Program~0000002190
2024-12-14 21:57:38.1437~DEBUG~download completed~~RJStevensMusicPresentationCreator.Program~0000002191
2024-12-14 21:57:38.1437~DEBUG~<- DownloadFile(url = "https://faas-nyc1-2ef2e6cc.doserverless.co/api/v1/web/fn-dd7f8f6a-d32a-4f5e-ae7b-870dfb7963f3/downloads/bundle?id=000000000000462", filename = "C:\Users\cofc_\AppData\Local\Temp\tmpC2C3.tmp\rjsec455.ZIP", message = "rjsec455")~~RJStevensMusicPresentationCreator.Program~0000002192
2024-12-14 21:57:38.1627~DEBUG~-> ExtractAllFromFile(zipFileName = "C:\Users\cofc_\AppData\Local\Temp\tmpC2C3.tmp\rjsec455.ZIP", decompressedFolder = "C:\Users\cofc_\AppData\Local\Temp\tmpC3AE.tmp", message = "rjsec455")~~RJStevensMusicPresentationCreator.Program~0000002193
2024-12-14 21:57:38.4077~DEBUG~extract completed~~RJStevensMusicPresentationCreator.Program~0000002194
2024-12-14 21:57:38.4077~DEBUG~<- ExtractAllFromFile(zipFileName = "C:\Users\cofc_\AppData\Local\Temp\tmpC2C3.tmp\rjsec455.ZIP", decompressedFolder = "C:\Users\cofc_\AppData\Local\Temp\tmpC3AE.tmp", message = "rjsec455")~~RJStevensMusicPresentationCreator.Program~0000002195
2024-12-14 21:57:38.4787~DEBUG~-> DownloadFile(url = "https://faas-nyc1-2ef2e6cc.doserverless.co/api/v1/web/fn-dd7f8f6a-d32a-4f5e-ae7b-870dfb7963f3/downloads/bundle?id=000000000000464", filename = "C:\Users\cofc_\AppData\Local\Temp\tmpC4E8.tmp\rjsec457.ZIP", message = "rjsec457")~~RJStevensMusicPresentationCreator.Program~0000002196
2024-12-14 21:57:38.6957~DEBUG~download completed~~RJStevensMusicPresentationCreator.Program~0000002197
2024-12-14 21:57:38.6957~DEBUG~<- DownloadFile(url = "https://faas-nyc1-2ef2e6cc.doserverless.co/api/v1/web/fn-dd7f8f6a-d32a-4f5e-ae7b-870dfb7963f3/downloads/bundle?id=000000000000464", filename = "C:\Users\cofc_\AppData\Local\Temp\tmpC4E8.tmp\rjsec457.ZIP", message = "rjsec457")~~RJStevensMusicPresentationCreator.Program~0000002198
2024-12-14 21:57:38.7067~DEBUG~-> ExtractAllFromFile(zipFileName = "C:\Users\cofc_\AppData\Local\Temp\tmpC4E8.tmp\rjsec457.ZIP", decompressedFolder = "C:\Users\cofc_\AppData\Local\Temp\tmpC5D3.tmp", message = "rjsec457")~~RJStevensMusicPresentationCreator.Program~0000002199
2024-12-14 21:57:38.9207~DEBUG~extract completed~~RJStevensMusicPresentationCreator.Program~0000002200
2024-12-14 21:57:38.9227~DEBUG~<- ExtractAllFromFile(zipFileName = "C:\Users\cofc_\AppData\Local\Temp\tmpC4E8.tmp\rjsec457.ZIP", decompressedFolder = "C:\Users\cofc_\AppData\Local\Temp\tmpC5D3.tmp", message = "rjsec457")~~RJStevensMusicPresentationCreator.Program~0000002201
2024-12-14 21:57:38.9867~DEBUG~-> DownloadFile(url = "https://faas-nyc1-2ef2e6cc.doserverless.co/api/v1/web/fn-dd7f8f6a-d32a-4f5e-ae7b-870dfb7963f3/downloads/bundle?id=000000000000465", filename = "C:\Users\cofc_\AppData\Local\Temp\tmpC6ED.tmp\rjsec458.ZIP", message = "rjsec458")~~RJStevensMusicPresentationCreator.Program~0000002202
2024-12-14 21:57:39.2857~DEBUG~download completed~~RJStevensMusicPresentationCreator.Program~0000002203
2024-12-14 21:57:39.2857~DEBUG~<- DownloadFile(url = "https://faas-nyc1-2ef2e6cc.doserverless.co/api/v1/web/fn-dd7f8f6a-d32a-4f5e-ae7b-870dfb7963f3/downloads/bundle?id=000000000000465", filename = "C:\Users\cofc_\AppData\Local\Temp\tmpC6ED.tmp\rjsec458.ZIP", message = "rjsec458")~~RJStevensMusicPresentationCreator.Program~0000002204
2024-12-14 21:57:39.3057~DEBUG~-> ExtractAllFromFile(zipFileName = "C:\Users\cofc_\AppData\Local\Temp\tmpC6ED.tmp\rjsec458.ZIP", decompressedFolder = "C:\Users\cofc_\AppData\Local\Temp\tmpC827.tmp", message = "rjsec458")~~RJStevensMusicPresentationCreator.Program~0000002205
2024-12-14 21:57:39.5338~DEBUG~extract completed~~RJStevensMusicPresentationCreator.Program~0000002206
2024-12-14 21:57:39.5338~DEBUG~<- ExtractAllFromFile(zipFileName = "C:\Users\cofc_\AppData\Local\Temp\tmpC6ED.tmp\rjsec458.ZIP", decompressedFolder = "C:\Users\cofc_\AppData\Local\Temp\tmpC827.tmp", message = "rjsec458")~~RJStevensMusicPresentationCreator.Program~0000002207
2024-12-14 21:57:39.5998~DEBUG~-> DownloadFile(url = "https://faas-nyc1-2ef2e6cc.doserverless.co/api/v1/web/fn-dd7f8f6a-d32a-4f5e-ae7b-870dfb7963f3/downloads/bundle?id=000000000000467", filename = "C:\Users\cofc_\AppData\Local\Temp\tmpC951.tmp\rjsec460.ZIP", message = "rjsec460")~~RJStevensMusicPresentationCreator.Program~0000002208
2024-12-14 21:57:41.0749~DEBUG~download completed~~RJStevensMusicPresentationCreator.Program~0000002209
2024-12-14 21:57:41.0749~DEBUG~<- DownloadFile(url = "https://faas-nyc1-2ef2e6cc.doserverless.co/api/v1/web/fn-dd7f8f6a-d32a-4f5e-ae7b-870dfb7963f3/downloads/bundle?id=000000000000467", filename = "C:\Users\cofc_\AppData\Local\Temp\tmpC951.tmp\rjsec460.ZIP", message = "rjsec460")~~RJStevensMusicPresentationCreator.Program~0000002210
2024-12-14 21:57:41.0879~DEBUG~-> ExtractAllFromFile(zipFileName = "C:\Users\cofc_\AppData\Local\Temp\tmpC951.tmp\rjsec460.ZIP", decompressedFolder = "C:\Users\cofc_\AppData\Local\Temp\tmpCF1E.tmp", message = "rjsec460")~~RJStevensMusicPresentationCreator.Program~0000002211
2024-12-14 21:57:41.3519~DEBUG~extract completed~~RJStevensMusicPresentationCreator.Program~0000002212
2024-12-14 21:57:41.3519~DEBUG~<- ExtractAllFromFile(zipFileName = "C:\Users\cofc_\AppData\Local\Temp\tmpC951.tmp\rjsec460.ZIP", decompressedFolder = "C:\Users\cofc_\AppData\Local\Temp\tmpCF1E.tmp", message = "rjsec460")~~RJStevensMusicPresentationCreator.Program~0000002213
2024-12-14 21:57:41.4269~DEBUG~-> DownloadFile(url = "https://faas-nyc1-2ef2e6cc.doserverless.co/api/v1/web/fn-dd7f8f6a-d32a-4f5e-ae7b-870dfb7963f3/downloads/bundle?id=000000000000469", filename = "C:\Users\cofc_\AppData\Local\Temp\tmpD077.tmp\rjsec462.ZIP", message = "rjsec462")~~RJStevensMusicPresentationCreator.Program~0000002214
2024-12-14 21:57:42.7280~DEBUG~download completed~~RJStevensMusicPresentationCreator.Program~0000002215
2024-12-14 21:57:42.7280~DEBUG~<- DownloadFile(url = "https://faas-nyc1-2ef2e6cc.doserverless.co/api/v1/web/fn-dd7f8f6a-d32a-4f5e-ae7b-870dfb7963f3/downloads/bundle?id=000000000000469", filename = "C:\Users\cofc_\AppData\Local\Temp\tmpD077.tmp\rjsec462.ZIP", message = "rjsec462")~~RJStevensMusicPresentationCreator.Program~0000002216
2024-12-14 21:57:42.7470~DEBUG~-> ExtractAllFromFile(zipFileName = "C:\Users\cofc_\AppData\Local\Temp\tmpD077.tmp\rjsec462.ZIP", decompressedFolder = "C:\Users\cofc_\AppData\Local\Temp\tmpD598.tmp", message = "rjsec462")~~RJStevensMusicPresentationCreator.Program~0000002217
2024-12-14 21:57:43.0326~DEBUG~extract completed~~RJStevensMusicPresentationCreator.Program~0000002218
2024-12-14 21:57:43.0326~DEBUG~<- ExtractAllFromFile(zipFileName = "C:\Users\cofc_\AppData\Local\Temp\tmpD077.tmp\rjsec462.ZIP", decompressedFolder = "C:\Users\cofc_\AppData\Local\Temp\tmpD598.tmp", message = "rjsec462")~~RJStevensMusicPresentationCreator.Program~0000002219
2024-12-14 21:57:43.1086~DEBUG~-> DownloadFile(url = "https://faas-nyc1-2ef2e6cc.doserverless.co/api/v1/web/fn-dd7f8f6a-d32a-4f5e-ae7b-870dfb7963f3/downloads/bundle?id=000000000000470", filename = "C:\Users\cofc_\AppData\Local\Temp\tmpD701.tmp\rjsec463.ZIP", message = "rjsec463")~~RJStevensMusicPresentationCreator.Program~0000002220
2024-12-14 21:57:43.5716~DEBUG~download completed~~RJStevensMusicPresentationCreator.Program~0000002221
2024-12-14 21:57:43.5716~DEBUG~<- DownloadFile(url = "https://faas-nyc1-2ef2e6cc.doserverless.co/api/v1/web/fn-dd7f8f6a-d32a-4f5e-ae7b-870dfb7963f3/downloads/bundle?id=000000000000470", filename = "C:\Users\cofc_\AppData\Local\Temp\tmpD701.tmp\rjsec463.ZIP", message = "rjsec463")~~RJStevensMusicPresentationCreator.Program~0000002222
2024-12-14 21:57:43.5866~DEBUG~-> ExtractAllFromFile(zipFileName = "C:\Users\cofc_\AppData\Local\Temp\tmpD701.tmp\rjsec463.ZIP", decompressedFolder = "C:\Users\cofc_\AppData\Local\Temp\tmpD8E6.tmp", message = "rjsec463")~~RJStevensMusicPresentationCreator.Program~0000002223
2024-12-14 21:57:43.8086~DEBUG~extract completed~~RJStevensMusicPresentationCreator.Program~0000002224
2024-12-14 21:57:43.8136~DEBUG~<- ExtractAllFromFile(zipFileName = "C:\Users\cofc_\AppData\Local\Temp\tmpD701.tmp\rjsec463.ZIP", decompressedFolder = "C:\Users\cofc_\AppData\Local\Temp\tmpD8E6.tmp", message = "rjsec463")~~RJStevensMusicPresentationCreator.Program~0000002225
2024-12-14 21:57:43.8807~DEBUG~-> DownloadFile(url = "https://faas-nyc1-2ef2e6cc.doserverless.co/api/v1/web/fn-dd7f8f6a-d32a-4f5e-ae7b-870dfb7963f3/downloads/bundle?id=000000000000471", filename = "C:\Users\cofc_\AppData\Local\Temp\tmpDA10.tmp\rjsec464.ZIP", message = "rjsec464")~~RJStevensMusicPresentationCreator.Program~0000002226
2024-12-14 21:57:44.2318~DEBUG~download completed~~RJStevensMusicPresentationCreator.Program~0000002227
2024-12-14 21:57:44.2318~DEBUG~<- DownloadFile(url = "https://faas-nyc1-2ef2e6cc.doserverless.co/api/v1/web/fn-dd7f8f6a-d32a-4f5e-ae7b-870dfb7963f3/downloads/bundle?id=000000000000471", filename = "C:\Users\cofc_\AppData\Local\Temp\tmpDA10.tmp\rjsec464.ZIP", message = "rjsec464")~~RJStevensMusicPresentationCreator.Program~0000002228
2024-12-14 21:57:44.2458~DEBUG~-> ExtractAllFromFile(zipFileName = "C:\Users\cofc_\AppData\Local\Temp\tmpDA10.tmp\rjsec464.ZIP", decompressedFolder = "C:\Users\cofc_\AppData\Local\Temp\tmpDB78.tmp", message = "rjsec464")~~RJStevensMusicPresentationCreator.Program~0000002229
2024-12-14 21:57:44.4508~DEBUG~extract completed~~RJStevensMusicPresentationCreator.Program~0000002230
2024-12-14 21:57:44.4538~DEBUG~<- ExtractAllFromFile(zipFileName = "C:\Users\cofc_\AppData\Local\Temp\tmpDA10.tmp\rjsec464.ZIP", decompressedFolder = "C:\Users\cofc_\AppData\Local\Temp\tmpDB78.tmp", message = "rjsec464")~~RJStevensMusicPresentationCreator.Program~0000002231
2024-12-14 21:57:44.5208~DEBUG~-> DownloadFile(url = "https://faas-nyc1-2ef2e6cc.doserverless.co/api/v1/web/fn-dd7f8f6a-d32a-4f5e-ae7b-870dfb7963f3/downloads/bundle?id=000000000000473", filename = "C:\Users\cofc_\AppData\Local\Temp\tmpDC92.tmp\rjsec466.ZIP", message = "rjsec466")~~RJStevensMusicPresentationCreator.Program~0000002232
2024-12-14 21:57:44.8568~DEBUG~download completed~~RJStevensMusicPresentationCreator.Program~0000002233
2024-12-14 21:57:44.8568~DEBUG~<- DownloadFile(url = "https://faas-nyc1-2ef2e6cc.doserverless.co/api/v1/web/fn-dd7f8f6a-d32a-4f5e-ae7b-870dfb7963f3/downloads/bundle?id=000000000000473", filename = "C:\Users\cofc_\AppData\Local\Temp\tmpDC92.tmp\rjsec466.ZIP", message = "rjsec466")~~RJStevensMusicPresentationCreator.Program~0000002234
2024-12-14 21:57:44.8708~DEBUG~-> ExtractAllFromFile(zipFileName = "C:\Users\cofc_\AppData\Local\Temp\tmpDC92.tmp\rjsec466.ZIP", decompressedFolder = "C:\Users\cofc_\AppData\Local\Temp\tmpDDEB.tmp", message = "rjsec466")~~RJStevensMusicPresentationCreator.Program~0000002235
2024-12-14 21:57:45.1000~DEBUG~extract completed~~RJStevensMusicPresentationCreator.Program~0000002236
2024-12-14 21:57:45.1000~DEBUG~<- ExtractAllFromFile(zipFileName = "C:\Users\cofc_\AppData\Local\Temp\tmpDC92.tmp\rjsec466.ZIP", decompressedFolder = "C:\Users\cofc_\AppData\Local\Temp\tmpDDEB.tmp", message = "rjsec466")~~RJStevensMusicPresentationCreator.Program~0000002237
2024-12-14 21:57:45.1710~DEBUG~-> DownloadFile(url = "https://faas-nyc1-2ef2e6cc.doserverless.co/api/v1/web/fn-dd7f8f6a-d32a-4f5e-ae7b-870dfb7963f3/downloads/bundle?id=000000000000479", filename = "C:\Users\cofc_\AppData\Local\Temp\tmpDF15.tmp\rjsec472.ZIP", message = "rjsec472")~~RJStevensMusicPresentationCreator.Program~0000002238
2024-12-14 21:57:45.5780~DEBUG~download completed~~RJStevensMusicPresentationCreator.Program~0000002239
2024-12-14 21:57:45.5790~DEBUG~<- DownloadFile(url = "https://faas-nyc1-2ef2e6cc.doserverless.co/api/v1/web/fn-dd7f8f6a-d32a-4f5e-ae7b-870dfb7963f3/downloads/bundle?id=000000000000479", filename = "C:\Users\cofc_\AppData\Local\Temp\tmpDF15.tmp\rjsec472.ZIP", message = "rjsec472")~~RJStevensMusicPresentationCreator.Program~0000002240
2024-12-14 21:57:45.5950~DEBUG~-> ExtractAllFromFile(zipFileName = "C:\Users\cofc_\AppData\Local\Temp\tmpDF15.tmp\rjsec472.ZIP", decompressedFolder = "C:\Users\cofc_\AppData\Local\Temp\tmpE0BC.tmp", message = "rjsec472")~~RJStevensMusicPresentationCreator.Program~0000002241
2024-12-14 21:57:45.8678~DEBUG~extract completed~~RJStevensMusicPresentationCreator.Program~0000002242
2024-12-14 21:57:45.8678~DEBUG~<- ExtractAllFromFile(zipFileName = "C:\Users\cofc_\AppData\Local\Temp\tmpDF15.tmp\rjsec472.ZIP", decompressedFolder = "C:\Users\cofc_\AppData\Local\Temp\tmpE0BC.tmp", message = "rjsec472")~~RJStevensMusicPresentationCreator.Program~0000002243
2024-12-14 21:57:45.9438~DEBUG~-> DownloadFile(url = "https://faas-nyc1-2ef2e6cc.doserverless.co/api/v1/web/fn-dd7f8f6a-d32a-4f5e-ae7b-870dfb7963f3/downloads/bundle?id=000000000000480", filename = "C:\Users\cofc_\AppData\Local\Temp\tmpE224.tmp\rjsec473.ZIP", message = "rjsec473")~~RJStevensMusicPresentationCreator.Program~0000002244
2024-12-14 21:57:46.2388~DEBUG~download completed~~RJStevensMusicPresentationCreator.Program~0000002245
2024-12-14 21:57:46.2388~DEBUG~<- DownloadFile(url = "https://faas-nyc1-2ef2e6cc.doserverless.co/api/v1/web/fn-dd7f8f6a-d32a-4f5e-ae7b-870dfb7963f3/downloads/bundle?id=000000000000480", filename = "C:\Users\cofc_\AppData\Local\Temp\tmpE224.tmp\rjsec473.ZIP", message = "rjsec473")~~RJStevensMusicPresentationCreator.Program~0000002246
2024-12-14 21:57:46.2568~DEBUG~-> ExtractAllFromFile(zipFileName = "C:\Users\cofc_\AppData\Local\Temp\tmpE224.tmp\rjsec473.ZIP", decompressedFolder = "C:\Users\cofc_\AppData\Local\Temp\tmpE35E.tmp", message = "rjsec473")~~RJStevensMusicPresentationCreator.Program~0000002247
2024-12-14 21:57:46.4705~DEBUG~extract completed~~RJStevensMusicPresentationCreator.Program~0000002248
2024-12-14 21:57:46.4705~DEBUG~<- ExtractAllFromFile(zipFileName = "C:\Users\cofc_\AppData\Local\Temp\tmpE224.tmp\rjsec473.ZIP", decompressedFolder = "C:\Users\cofc_\AppData\Local\Temp\tmpE35E.tmp", message = "rjsec473")~~RJStevensMusicPresentationCreator.Program~0000002249
2024-12-14 21:57:46.5415~DEBUG~-> DownloadFile(url = "https://faas-nyc1-2ef2e6cc.doserverless.co/api/v1/web/fn-dd7f8f6a-d32a-4f5e-ae7b-870dfb7963f3/downloads/bundle?id=000000000000481", filename = "C:\Users\cofc_\AppData\Local\Temp\tmpE478.tmp\rjsec474.ZIP", message = "rjsec474")~~RJStevensMusicPresentationCreator.Program~0000002250
2024-12-14 21:57:46.8265~DEBUG~download completed~~RJStevensMusicPresentationCreator.Program~0000002251
2024-12-14 21:57:46.8265~DEBUG~<- DownloadFile(url = "https://faas-nyc1-2ef2e6cc.doserverless.co/api/v1/web/fn-dd7f8f6a-d32a-4f5e-ae7b-870dfb7963f3/downloads/bundle?id=000000000000481", filename = "C:\Users\cofc_\AppData\Local\Temp\tmpE478.tmp\rjsec474.ZIP", message = "rjsec474")~~RJStevensMusicPresentationCreator.Program~0000002252
2024-12-14 21:57:46.8415~DEBUG~-> ExtractAllFromFile(zipFileName = "C:\Users\cofc_\AppData\Local\Temp\tmpE478.tmp\rjsec474.ZIP", decompressedFolder = "C:\Users\cofc_\AppData\Local\Temp\tmpE5A2.tmp", message = "rjsec474")~~RJStevensMusicPresentationCreator.Program~0000002253
2024-12-14 21:57:47.0433~DEBUG~extract completed~~RJStevensMusicPresentationCreator.Program~0000002254
2024-12-14 21:57:47.0483~DEBUG~<- ExtractAllFromFile(zipFileName = "C:\Users\cofc_\AppData\Local\Temp\tmpE478.tmp\rjsec474.ZIP", decompressedFolder = "C:\Users\cofc_\AppData\Local\Temp\tmpE5A2.tmp", message = "rjsec474")~~RJStevensMusicPresentationCreator.Program~0000002255
2024-12-14 21:57:47.1123~DEBUG~-> DownloadFile(url = "https://faas-nyc1-2ef2e6cc.doserverless.co/api/v1/web/fn-dd7f8f6a-d32a-4f5e-ae7b-870dfb7963f3/downloads/bundle?id=000000000000484", filename = "C:\Users\cofc_\AppData\Local\Temp\tmpE6BC.tmp\rjsec477.ZIP", message = "rjsec477")~~RJStevensMusicPresentationCreator.Program~0000002256
2024-12-14 21:57:47.4234~DEBUG~download completed~~RJStevensMusicPresentationCreator.Program~0000002257
2024-12-14 21:57:47.4234~DEBUG~<- DownloadFile(url = "https://faas-nyc1-2ef2e6cc.doserverless.co/api/v1/web/fn-dd7f8f6a-d32a-4f5e-ae7b-870dfb7963f3/downloads/bundle?id=000000000000484", filename = "C:\Users\cofc_\AppData\Local\Temp\tmpE6BC.tmp\rjsec477.ZIP", message = "rjsec477")~~RJStevensMusicPresentationCreator.Program~0000002258
2024-12-14 21:57:47.4384~DEBUG~-> ExtractAllFromFile(zipFileName = "C:\Users\cofc_\AppData\Local\Temp\tmpE6BC.tmp\rjsec477.ZIP", decompressedFolder = "C:\Users\cofc_\AppData\Local\Temp\tmpE805.tmp", message = "rjsec477")~~RJStevensMusicPresentationCreator.Program~0000002259
2024-12-14 21:57:47.6814~DEBUG~extract completed~~RJStevensMusicPresentationCreator.Program~0000002260
2024-12-14 21:57:47.6814~DEBUG~<- ExtractAllFromFile(zipFileName = "C:\Users\cofc_\AppData\Local\Temp\tmpE6BC.tmp\rjsec477.ZIP", decompressedFolder = "C:\Users\cofc_\AppData\Local\Temp\tmpE805.tmp", message = "rjsec477")~~RJStevensMusicPresentationCreator.Program~0000002261
2024-12-14 21:57:47.7554~DEBUG~-> DownloadFile(url = "https://faas-nyc1-2ef2e6cc.doserverless.co/api/v1/web/fn-dd7f8f6a-d32a-4f5e-ae7b-870dfb7963f3/downloads/bundle?id=000000000000486", filename = "C:\Users\cofc_\AppData\Local\Temp\tmpE93F.tmp\rjsec479.ZIP", message = "rjsec479")~~RJStevensMusicPresentationCreator.Program~0000002262
2024-12-14 21:57:48.0404~DEBUG~download completed~~RJStevensMusicPresentationCreator.Program~0000002263
2024-12-14 21:57:48.0404~DEBUG~<- DownloadFile(url = "https://faas-nyc1-2ef2e6cc.doserverless.co/api/v1/web/fn-dd7f8f6a-d32a-4f5e-ae7b-870dfb7963f3/downloads/bundle?id=000000000000486", filename = "C:\Users\cofc_\AppData\Local\Temp\tmpE93F.tmp\rjsec479.ZIP", message = "rjsec479")~~RJStevensMusicPresentationCreator.Program~0000002264
2024-12-14 21:57:48.0544~DEBUG~-> ExtractAllFromFile(zipFileName = "C:\Users\cofc_\AppData\Local\Temp\tmpE93F.tmp\rjsec479.ZIP", decompressedFolder = "C:\Users\cofc_\AppData\Local\Temp\tmpEA69.tmp", message = "rjsec479")~~RJStevensMusicPresentationCreator.Program~0000002265
2024-12-14 21:57:48.3230~DEBUG~extract completed~~RJStevensMusicPresentationCreator.Program~0000002266
2024-12-14 21:57:48.3230~DEBUG~<- ExtractAllFromFile(zipFileName = "C:\Users\cofc_\AppData\Local\Temp\tmpE93F.tmp\rjsec479.ZIP", decompressedFolder = "C:\Users\cofc_\AppData\Local\Temp\tmpEA69.tmp", message = "rjsec479")~~RJStevensMusicPresentationCreator.Program~0000002267
2024-12-14 21:57:48.3930~DEBUG~-> DownloadFile(url = "https://faas-nyc1-2ef2e6cc.doserverless.co/api/v1/web/fn-dd7f8f6a-d32a-4f5e-ae7b-870dfb7963f3/downloads/bundle?id=000000000000489", filename = "C:\Users\cofc_\AppData\Local\Temp\tmpEBC1.tmp\rjsec482.ZIP", message = "rjsec482")~~RJStevensMusicPresentationCreator.Program~0000002268
2024-12-14 21:57:48.6711~DEBUG~download completed~~RJStevensMusicPresentationCreator.Program~0000002269
2024-12-14 21:57:48.6711~DEBUG~<- DownloadFile(url = "https://faas-nyc1-2ef2e6cc.doserverless.co/api/v1/web/fn-dd7f8f6a-d32a-4f5e-ae7b-870dfb7963f3/downloads/bundle?id=000000000000489", filename = "C:\Users\cofc_\AppData\Local\Temp\tmpEBC1.tmp\rjsec482.ZIP", message = "rjsec482")~~RJStevensMusicPresentationCreator.Program~0000002270
2024-12-14 21:57:48.6851~DEBUG~-> ExtractAllFromFile(zipFileName = "C:\Users\cofc_\AppData\Local\Temp\tmpEBC1.tmp\rjsec482.ZIP", decompressedFolder = "C:\Users\cofc_\AppData\Local\Temp\tmpECDC.tmp", message = "rjsec482")~~RJStevensMusicPresentationCreator.Program~0000002271
2024-12-14 21:57:48.8864~DEBUG~extract completed~~RJStevensMusicPresentationCreator.Program~0000002272
2024-12-14 21:57:48.8914~DEBUG~<- ExtractAllFromFile(zipFileName = "C:\Users\cofc_\AppData\Local\Temp\tmpEBC1.tmp\rjsec482.ZIP", decompressedFolder = "C:\Users\cofc_\AppData\Local\Temp\tmpECDC.tmp", message = "rjsec482")~~RJStevensMusicPresentationCreator.Program~0000002273
2024-12-14 21:57:48.9564~DEBUG~-> DownloadFile(url = "https://faas-nyc1-2ef2e6cc.doserverless.co/api/v1/web/fn-dd7f8f6a-d32a-4f5e-ae7b-870dfb7963f3/downloads/bundle?id=000000000000495", filename = "C:\Users\cofc_\AppData\Local\Temp\tmpEDF6.tmp\rjsec488.ZIP", message = "rjsec488")~~RJStevensMusicPresentationCreator.Program~0000002274
2024-12-14 21:57:49.1964~DEBUG~download completed~~RJStevensMusicPresentationCreator.Program~0000002275
2024-12-14 21:57:49.1964~DEBUG~<- DownloadFile(url = "https://faas-nyc1-2ef2e6cc.doserverless.co/api/v1/web/fn-dd7f8f6a-d32a-4f5e-ae7b-870dfb7963f3/downloads/bundle?id=000000000000495", filename = "C:\Users\cofc_\AppData\Local\Temp\tmpEDF6.tmp\rjsec488.ZIP", message = "rjsec488")~~RJStevensMusicPresentationCreator.Program~0000002276
2024-12-14 21:57:49.2074~DEBUG~-> ExtractAllFromFile(zipFileName = "C:\Users\cofc_\AppData\Local\Temp\tmpEDF6.tmp\rjsec488.ZIP", decompressedFolder = "C:\Users\cofc_\AppData\Local\Temp\tmpEEF1.tmp", message = "rjsec488")~~RJStevensMusicPresentationCreator.Program~0000002277
2024-12-14 21:57:49.4164~DEBUG~extract completed~~RJStevensMusicPresentationCreator.Program~0000002278
2024-12-14 21:57:49.4164~DEBUG~<- ExtractAllFromFile(zipFileName = "C:\Users\cofc_\AppData\Local\Temp\tmpEDF6.tmp\rjsec488.ZIP", decompressedFolder = "C:\Users\cofc_\AppData\Local\Temp\tmpEEF1.tmp", message = "rjsec488")~~RJStevensMusicPresentationCreator.Program~0000002279
2024-12-14 21:57:49.4884~DEBUG~-> DownloadFile(url = "https://faas-nyc1-2ef2e6cc.doserverless.co/api/v1/web/fn-dd7f8f6a-d32a-4f5e-ae7b-870dfb7963f3/downloads/bundle?id=000000000000496", filename = "C:\Users\cofc_\AppData\Local\Temp\tmpF00B.tmp\rjsec489.ZIP", message = "rjsec489")~~RJStevensMusicPresentationCreator.Program~0000002280
2024-12-14 21:57:49.7324~DEBUG~download completed~~RJStevensMusicPresentationCreator.Program~0000002281
2024-12-14 21:57:49.7324~DEBUG~<- DownloadFile(url = "https://faas-nyc1-2ef2e6cc.doserverless.co/api/v1/web/fn-dd7f8f6a-d32a-4f5e-ae7b-870dfb7963f3/downloads/bundle?id=000000000000496", filename = "C:\Users\cofc_\AppData\Local\Temp\tmpF00B.tmp\rjsec489.ZIP", message = "rjsec489")~~RJStevensMusicPresentationCreator.Program~0000002282
2024-12-14 21:57:49.7464~DEBUG~-> ExtractAllFromFile(zipFileName = "C:\Users\cofc_\AppData\Local\Temp\tmpF00B.tmp\rjsec489.ZIP", decompressedFolder = "C:\Users\cofc_\AppData\Local\Temp\tmpF106.tmp", message = "rjsec489")~~RJStevensMusicPresentationCreator.Program~0000002283
2024-12-14 21:57:49.9774~DEBUG~extract completed~~RJStevensMusicPresentationCreator.Program~0000002284
2024-12-14 21:57:49.9774~DEBUG~<- ExtractAllFromFile(zipFileName = "C:\Users\cofc_\AppData\Local\Temp\tmpF00B.tmp\rjsec489.ZIP", decompressedFolder = "C:\Users\cofc_\AppData\Local\Temp\tmpF106.tmp", message = "rjsec489")~~RJStevensMusicPresentationCreator.Program~0000002285
2024-12-14 21:57:50.0414~DEBUG~-> DownloadFile(url = "https://faas-nyc1-2ef2e6cc.doserverless.co/api/v1/web/fn-dd7f8f6a-d32a-4f5e-ae7b-870dfb7963f3/downloads/bundle?id=000000000000498", filename = "C:\Users\cofc_\AppData\Local\Temp\tmpF230.tmp\rjsec491.ZIP", message = "rjsec491")~~RJStevensMusicPresentationCreator.Program~0000002286
2024-12-14 21:57:50.2695~DEBUG~download completed~~RJStevensMusicPresentationCreator.Program~0000002287
2024-12-14 21:57:50.2695~DEBUG~<- DownloadFile(url = "https://faas-nyc1-2ef2e6cc.doserverless.co/api/v1/web/fn-dd7f8f6a-d32a-4f5e-ae7b-870dfb7963f3/downloads/bundle?id=000000000000498", filename = "C:\Users\cofc_\AppData\Local\Temp\tmpF230.tmp\rjsec491.ZIP", message = "rjsec491")~~RJStevensMusicPresentationCreator.Program~0000002288
2024-12-14 21:57:50.2825~DEBUG~-> ExtractAllFromFile(zipFileName = "C:\Users\cofc_\AppData\Local\Temp\tmpF230.tmp\rjsec491.ZIP", decompressedFolder = "C:\Users\cofc_\AppData\Local\Temp\tmpF31B.tmp", message = "rjsec491")~~RJStevensMusicPresentationCreator.Program~0000002289
2024-12-14 21:57:50.5087~DEBUG~extract completed~~RJStevensMusicPresentationCreator.Program~0000002290
2024-12-14 21:57:50.5087~DEBUG~<- ExtractAllFromFile(zipFileName = "C:\Users\cofc_\AppData\Local\Temp\tmpF230.tmp\rjsec491.ZIP", decompressedFolder = "C:\Users\cofc_\AppData\Local\Temp\tmpF31B.tmp", message = "rjsec491")~~RJStevensMusicPresentationCreator.Program~0000002291
2024-12-14 21:57:50.5717~DEBUG~-> DownloadFile(url = "https://faas-nyc1-2ef2e6cc.doserverless.co/api/v1/web/fn-dd7f8f6a-d32a-4f5e-ae7b-870dfb7963f3/downloads/bundle?id=000000000000501", filename = "C:\Users\cofc_\AppData\Local\Temp\tmpF445.tmp\rjsec494.ZIP", message = "rjsec494")~~RJStevensMusicPresentationCreator.Program~0000002292
2024-12-14 21:57:50.8407~DEBUG~download completed~~RJStevensMusicPresentationCreator.Program~0000002293
2024-12-14 21:57:50.8407~DEBUG~<- DownloadFile(url = "https://faas-nyc1-2ef2e6cc.doserverless.co/api/v1/web/fn-dd7f8f6a-d32a-4f5e-ae7b-870dfb7963f3/downloads/bundle?id=000000000000501", filename = "C:\Users\cofc_\AppData\Local\Temp\tmpF445.tmp\rjsec494.ZIP", message = "rjsec494")~~RJStevensMusicPresentationCreator.Program~0000002294
2024-12-14 21:57:50.8617~DEBUG~-> ExtractAllFromFile(zipFileName = "C:\Users\cofc_\AppData\Local\Temp\tmpF445.tmp\rjsec494.ZIP", decompressedFolder = "C:\Users\cofc_\AppData\Local\Temp\tmpF56F.tmp", message = "rjsec494")~~RJStevensMusicPresentationCreator.Program~0000002295
2024-12-14 21:57:51.0887~DEBUG~extract completed~~RJStevensMusicPresentationCreator.Program~0000002296
2024-12-14 21:57:51.0887~DEBUG~<- ExtractAllFromFile(zipFileName = "C:\Users\cofc_\AppData\Local\Temp\tmpF445.tmp\rjsec494.ZIP", decompressedFolder = "C:\Users\cofc_\AppData\Local\Temp\tmpF56F.tmp", message = "rjsec494")~~RJStevensMusicPresentationCreator.Program~0000002297
2024-12-14 21:57:51.1637~DEBUG~-> DownloadFile(url = "https://faas-nyc1-2ef2e6cc.doserverless.co/api/v1/web/fn-dd7f8f6a-d32a-4f5e-ae7b-870dfb7963f3/downloads/bundle?id=000000000000502", filename = "C:\Users\cofc_\AppData\Local\Temp\tmpF699.tmp\rjsec495.ZIP", message = "rjsec495")~~RJStevensMusicPresentationCreator.Program~0000002298
2024-12-14 21:57:51.4788~DEBUG~download completed~~RJStevensMusicPresentationCreator.Program~0000002299
2024-12-14 21:57:51.4788~DEBUG~<- DownloadFile(url = "https://faas-nyc1-2ef2e6cc.doserverless.co/api/v1/web/fn-dd7f8f6a-d32a-4f5e-ae7b-870dfb7963f3/downloads/bundle?id=000000000000502", filename = "C:\Users\cofc_\AppData\Local\Temp\tmpF699.tmp\rjsec495.ZIP", message = "rjsec495")~~RJStevensMusicPresentationCreator.Program~0000002300
2024-12-14 21:57:51.4948~DEBUG~-> ExtractAllFromFile(zipFileName = "C:\Users\cofc_\AppData\Local\Temp\tmpF699.tmp\rjsec495.ZIP", decompressedFolder = "C:\Users\cofc_\AppData\Local\Temp\tmpF7E2.tmp", message = "rjsec495")~~RJStevensMusicPresentationCreator.Program~0000002301
2024-12-14 21:57:51.7865~DEBUG~extract completed~~RJStevensMusicPresentationCreator.Program~0000002302
2024-12-14 21:57:51.7865~DEBUG~<- ExtractAllFromFile(zipFileName = "C:\Users\cofc_\AppData\Local\Temp\tmpF699.tmp\rjsec495.ZIP", decompressedFolder = "C:\Users\cofc_\AppData\Local\Temp\tmpF7E2.tmp", message = "rjsec495")~~RJStevensMusicPresentationCreator.Program~0000002303
2024-12-14 21:57:51.8775~DEBUG~-> DownloadFile(url = "https://faas-nyc1-2ef2e6cc.doserverless.co/api/v1/web/fn-dd7f8f6a-d32a-4f5e-ae7b-870dfb7963f3/downloads/bundle?id=000000000000503", filename = "C:\Users\cofc_\AppData\Local\Temp\tmpF96A.tmp\rjsec496.ZIP", message = "rjsec496")~~RJStevensMusicPresentationCreator.Program~0000002304
2024-12-14 21:57:52.2155~DEBUG~download completed~~RJStevensMusicPresentationCreator.Program~0000002305
2024-12-14 21:57:52.2155~DEBUG~<- DownloadFile(url = "https://faas-nyc1-2ef2e6cc.doserverless.co/api/v1/web/fn-dd7f8f6a-d32a-4f5e-ae7b-870dfb7963f3/downloads/bundle?id=000000000000503", filename = "C:\Users\cofc_\AppData\Local\Temp\tmpF96A.tmp\rjsec496.ZIP", message = "rjsec496")~~RJStevensMusicPresentationCreator.Program~0000002306
2024-12-14 21:57:52.2325~DEBUG~-> ExtractAllFromFile(zipFileName = "C:\Users\cofc_\AppData\Local\Temp\tmpF96A.tmp\rjsec496.ZIP", decompressedFolder = "C:\Users\cofc_\AppData\Local\Temp\tmpFAC3.tmp", message = "rjsec496")~~RJStevensMusicPresentationCreator.Program~0000002307
2024-12-14 21:57:52.4923~DEBUG~extract completed~~RJStevensMusicPresentationCreator.Program~0000002308
2024-12-14 21:57:52.4923~DEBUG~<- ExtractAllFromFile(zipFileName = "C:\Users\cofc_\AppData\Local\Temp\tmpF96A.tmp\rjsec496.ZIP", decompressedFolder = "C:\Users\cofc_\AppData\Local\Temp\tmpFAC3.tmp", message = "rjsec496")~~RJStevensMusicPresentationCreator.Program~0000002309
2024-12-14 21:57:52.5603~DEBUG~-> DownloadFile(url = "https://faas-nyc1-2ef2e6cc.doserverless.co/api/v1/web/fn-dd7f8f6a-d32a-4f5e-ae7b-870dfb7963f3/downloads/bundle?id=000000000000504", filename = "C:\Users\cofc_\AppData\Local\Temp\tmpFC0C.tmp\rjsec497.ZIP", message = "rjsec497")~~RJStevensMusicPresentationCreator.Program~0000002310
2024-12-14 21:57:52.8043~DEBUG~download completed~~RJStevensMusicPresentationCreator.Program~0000002311
2024-12-14 21:57:52.8043~DEBUG~<- DownloadFile(url = "https://faas-nyc1-2ef2e6cc.doserverless.co/api/v1/web/fn-dd7f8f6a-d32a-4f5e-ae7b-870dfb7963f3/downloads/bundle?id=000000000000504", filename = "C:\Users\cofc_\AppData\Local\Temp\tmpFC0C.tmp\rjsec497.ZIP", message = "rjsec497")~~RJStevensMusicPresentationCreator.Program~0000002312
2024-12-14 21:57:52.8183~DEBUG~-> ExtractAllFromFile(zipFileName = "C:\Users\cofc_\AppData\Local\Temp\tmpFC0C.tmp\rjsec497.ZIP", decompressedFolder = "C:\Users\cofc_\AppData\Local\Temp\tmpFD16.tmp", message = "rjsec497")~~RJStevensMusicPresentationCreator.Program~0000002313
2024-12-14 21:57:53.0630~DEBUG~extract completed~~RJStevensMusicPresentationCreator.Program~0000002314
2024-12-14 21:57:53.0630~DEBUG~<- ExtractAllFromFile(zipFileName = "C:\Users\cofc_\AppData\Local\Temp\tmpFC0C.tmp\rjsec497.ZIP", decompressedFolder = "C:\Users\cofc_\AppData\Local\Temp\tmpFD16.tmp", message = "rjsec497")~~RJStevensMusicPresentationCreator.Program~0000002315
2024-12-14 21:57:53.1400~DEBUG~-> DownloadFile(url = "https://faas-nyc1-2ef2e6cc.doserverless.co/api/v1/web/fn-dd7f8f6a-d32a-4f5e-ae7b-870dfb7963f3/downloads/bundle?id=000000000000505", filename = "C:\Users\cofc_\AppData\Local\Temp\tmpFE50.tmp\rjsec498.ZIP", message = "rjsec498")~~RJStevensMusicPresentationCreator.Program~0000002316
2024-12-14 21:57:53.4910~DEBUG~download completed~~RJStevensMusicPresentationCreator.Program~0000002317
2024-12-14 21:57:53.4910~DEBUG~<- DownloadFile(url = "https://faas-nyc1-2ef2e6cc.doserverless.co/api/v1/web/fn-dd7f8f6a-d32a-4f5e-ae7b-870dfb7963f3/downloads/bundle?id=000000000000505", filename = "C:\Users\cofc_\AppData\Local\Temp\tmpFE50.tmp\rjsec498.ZIP", message = "rjsec498")~~RJStevensMusicPresentationCreator.Program~0000002318
2024-12-14 21:57:53.5090~DEBUG~-> ExtractAllFromFile(zipFileName = "C:\Users\cofc_\AppData\Local\Temp\tmpFE50.tmp\rjsec498.ZIP", decompressedFolder = "C:\Users\cofc_\AppData\Local\Temp\tmpFFC8.tmp", message = "rjsec498")~~RJStevensMusicPresentationCreator.Program~0000002319
2024-12-14 21:57:53.8269~DEBUG~extract completed~~RJStevensMusicPresentationCreator.Program~0000002320
2024-12-14 21:57:53.8289~DEBUG~<- ExtractAllFromFile(zipFileName = "C:\Users\cofc_\AppData\Local\Temp\tmpFE50.tmp\rjsec498.ZIP", decompressedFolder = "C:\Users\cofc_\AppData\Local\Temp\tmpFFC8.tmp", message = "rjsec498")~~RJStevensMusicPresentationCreator.Program~0000002321
2024-12-14 21:57:53.9099~DEBUG~-> DownloadFile(url = "https://faas-nyc1-2ef2e6cc.doserverless.co/api/v1/web/fn-dd7f8f6a-d32a-4f5e-ae7b-870dfb7963f3/downloads/bundle?id=000000000000507", filename = "C:\Users\cofc_\AppData\Local\Temp\tmp15F.tmp\rjsec500.ZIP", message = "rjsec500")~~RJStevensMusicPresentationCreator.Program~0000002322
2024-12-14 21:57:54.1900~DEBUG~download completed~~RJStevensMusicPresentationCreator.Program~0000002323
2024-12-14 21:57:54.1900~DEBUG~<- DownloadFile(url = "https://faas-nyc1-2ef2e6cc.doserverless.co/api/v1/web/fn-dd7f8f6a-d32a-4f5e-ae7b-870dfb7963f3/downloads/bundle?id=000000000000507", filename = "C:\Users\cofc_\AppData\Local\Temp\tmp15F.tmp\rjsec500.ZIP", message = "rjsec500")~~RJStevensMusicPresentationCreator.Program~0000002324
2024-12-14 21:57:54.2060~DEBUG~-> ExtractAllFromFile(zipFileName = "C:\Users\cofc_\AppData\Local\Temp\tmp15F.tmp\rjsec500.ZIP", decompressedFolder = "C:\Users\cofc_\AppData\Local\Temp\tmp289.tmp", message = "rjsec500")~~RJStevensMusicPresentationCreator.Program~0000002325
2024-12-14 21:57:54.5840~DEBUG~extract completed~~RJStevensMusicPresentationCreator.Program~0000002326
2024-12-14 21:57:54.5840~DEBUG~<- ExtractAllFromFile(zipFileName = "C:\Users\cofc_\AppData\Local\Temp\tmp15F.tmp\rjsec500.ZIP", decompressedFolder = "C:\Users\cofc_\AppData\Local\Temp\tmp289.tmp", message = "rjsec500")~~RJStevensMusicPresentationCreator.Program~0000002327
2024-12-14 21:57:54.6780~DEBUG~-> DownloadFile(url = "https://faas-nyc1-2ef2e6cc.doserverless.co/api/v1/web/fn-dd7f8f6a-d32a-4f5e-ae7b-870dfb7963f3/downloads/bundle?id=000000000000508", filename = "C:\Users\cofc_\AppData\Local\Temp\tmp45F.tmp\rjsec501.ZIP", message = "rjsec501")~~RJStevensMusicPresentationCreator.Program~0000002328
2024-12-14 21:57:54.9290~DEBUG~download completed~~RJStevensMusicPresentationCreator.Program~0000002329
2024-12-14 21:57:54.9290~DEBUG~<- DownloadFile(url = "https://faas-nyc1-2ef2e6cc.doserverless.co/api/v1/web/fn-dd7f8f6a-d32a-4f5e-ae7b-870dfb7963f3/downloads/bundle?id=000000000000508", filename = "C:\Users\cofc_\AppData\Local\Temp\tmp45F.tmp\rjsec501.ZIP", message = "rjsec501")~~RJStevensMusicPresentationCreator.Program~0000002330
2024-12-14 21:57:54.9480~DEBUG~-> ExtractAllFromFile(zipFileName = "C:\Users\cofc_\AppData\Local\Temp\tmp45F.tmp\rjsec501.ZIP", decompressedFolder = "C:\Users\cofc_\AppData\Local\Temp\tmp569.tmp", message = "rjsec501")~~RJStevensMusicPresentationCreator.Program~0000002331
2024-12-14 21:57:55.1840~DEBUG~extract completed~~RJStevensMusicPresentationCreator.Program~0000002332
2024-12-14 21:57:55.1840~DEBUG~<- ExtractAllFromFile(zipFileName = "C:\Users\cofc_\AppData\Local\Temp\tmp45F.tmp\rjsec501.ZIP", decompressedFolder = "C:\Users\cofc_\AppData\Local\Temp\tmp569.tmp", message = "rjsec501")~~RJStevensMusicPresentationCreator.Program~0000002333
2024-12-14 21:57:55.2530~DEBUG~-> DownloadFile(url = "https://faas-nyc1-2ef2e6cc.doserverless.co/api/v1/web/fn-dd7f8f6a-d32a-4f5e-ae7b-870dfb7963f3/downloads/bundle?id=000000000000509", filename = "C:\Users\cofc_\AppData\Local\Temp\tmp6A3.tmp\rjsec502.ZIP", message = "rjsec502")~~RJStevensMusicPresentationCreator.Program~0000002334
2024-12-14 21:57:55.5801~DEBUG~download completed~~RJStevensMusicPresentationCreator.Program~0000002335
2024-12-14 21:57:55.5801~DEBUG~<- DownloadFile(url = "https://faas-nyc1-2ef2e6cc.doserverless.co/api/v1/web/fn-dd7f8f6a-d32a-4f5e-ae7b-870dfb7963f3/downloads/bundle?id=000000000000509", filename = "C:\Users\cofc_\AppData\Local\Temp\tmp6A3.tmp\rjsec502.ZIP", message = "rjsec502")~~RJStevensMusicPresentationCreator.Program~0000002336
2024-12-14 21:57:55.5971~DEBUG~-> ExtractAllFromFile(zipFileName = "C:\Users\cofc_\AppData\Local\Temp\tmp6A3.tmp\rjsec502.ZIP", decompressedFolder = "C:\Users\cofc_\AppData\Local\Temp\tmp7FC.tmp", message = "rjsec502")~~RJStevensMusicPresentationCreator.Program~0000002337
2024-12-14 21:57:55.9101~DEBUG~extract completed~~RJStevensMusicPresentationCreator.Program~0000002338
2024-12-14 21:57:55.9101~DEBUG~<- ExtractAllFromFile(zipFileName = "C:\Users\cofc_\AppData\Local\Temp\tmp6A3.tmp\rjsec502.ZIP", decompressedFolder = "C:\Users\cofc_\AppData\Local\Temp\tmp7FC.tmp", message = "rjsec502")~~RJStevensMusicPresentationCreator.Program~0000002339
2024-12-14 21:57:55.9911~DEBUG~-> DownloadFile(url = "https://faas-nyc1-2ef2e6cc.doserverless.co/api/v1/web/fn-dd7f8f6a-d32a-4f5e-ae7b-870dfb7963f3/downloads/bundle?id=000000000000510", filename = "C:\Users\cofc_\AppData\Local\Temp\tmp983.tmp\rjsec503.ZIP", message = "rjsec503")~~RJStevensMusicPresentationCreator.Program~0000002340
2024-12-14 21:57:56.1701~DEBUG~download completed~~RJStevensMusicPresentationCreator.Program~0000002341
2024-12-14 21:57:56.1701~DEBUG~<- DownloadFile(url = "https://faas-nyc1-2ef2e6cc.doserverless.co/api/v1/web/fn-dd7f8f6a-d32a-4f5e-ae7b-870dfb7963f3/downloads/bundle?id=000000000000510", filename = "C:\Users\cofc_\AppData\Local\Temp\tmp983.tmp\rjsec503.ZIP", message = "rjsec503")~~RJStevensMusicPresentationCreator.Program~0000002342
2024-12-14 21:57:56.1841~DEBUG~-> ExtractAllFromFile(zipFileName = "C:\Users\cofc_\AppData\Local\Temp\tmp983.tmp\rjsec503.ZIP", decompressedFolder = "C:\Users\cofc_\AppData\Local\Temp\tmpA40.tmp", message = "rjsec503")~~RJStevensMusicPresentationCreator.Program~0000002343
2024-12-14 21:57:56.3001~DEBUG~extract completed~~RJStevensMusicPresentationCreator.Program~0000002344
2024-12-14 21:57:56.3001~DEBUG~<- ExtractAllFromFile(zipFileName = "C:\Users\cofc_\AppData\Local\Temp\tmp983.tmp\rjsec503.ZIP", decompressedFolder = "C:\Users\cofc_\AppData\Local\Temp\tmpA40.tmp", message = "rjsec503")~~RJStevensMusicPresentationCreator.Program~0000002345
2024-12-14 21:57:56.3601~DEBUG~-> DownloadFile(url = "https://faas-nyc1-2ef2e6cc.doserverless.co/api/v1/web/fn-dd7f8f6a-d32a-4f5e-ae7b-870dfb7963f3/downloads/bundle?id=000000000000511", filename = "C:\Users\cofc_\AppData\Local\Temp\tmpAED.tmp\rjsec504.ZIP", message = "rjsec504")~~RJStevensMusicPresentationCreator.Program~0000002346
2024-12-14 21:57:56.5841~DEBUG~download completed~~RJStevensMusicPresentationCreator.Program~0000002347
2024-12-14 21:57:56.5841~DEBUG~<- DownloadFile(url = "https://faas-nyc1-2ef2e6cc.doserverless.co/api/v1/web/fn-dd7f8f6a-d32a-4f5e-ae7b-870dfb7963f3/downloads/bundle?id=000000000000511", filename = "C:\Users\cofc_\AppData\Local\Temp\tmpAED.tmp\rjsec504.ZIP", message = "rjsec504")~~RJStevensMusicPresentationCreator.Program~0000002348
2024-12-14 21:57:56.5991~DEBUG~-> ExtractAllFromFile(zipFileName = "C:\Users\cofc_\AppData\Local\Temp\tmpAED.tmp\rjsec504.ZIP", decompressedFolder = "C:\Users\cofc_\AppData\Local\Temp\tmpBE8.tmp", message = "rjsec504")~~RJStevensMusicPresentationCreator.Program~0000002349
2024-12-14 21:57:56.8602~DEBUG~extract completed~~RJStevensMusicPresentationCreator.Program~0000002350
2024-12-14 21:57:56.8602~DEBUG~<- ExtractAllFromFile(zipFileName = "C:\Users\cofc_\AppData\Local\Temp\tmpAED.tmp\rjsec504.ZIP", decompressedFolder = "C:\Users\cofc_\AppData\Local\Temp\tmpBE8.tmp", message = "rjsec504")~~RJStevensMusicPresentationCreator.Program~0000002351
2024-12-14 21:57:56.9352~DEBUG~-> DownloadFile(url = "https://faas-nyc1-2ef2e6cc.doserverless.co/api/v1/web/fn-dd7f8f6a-d32a-4f5e-ae7b-870dfb7963f3/downloads/bundle?id=000000000000513", filename = "C:\Users\cofc_\AppData\Local\Temp\tmpD31.tmp\rjsec506.ZIP", message = "rjsec506")~~RJStevensMusicPresentationCreator.Program~0000002352
2024-12-14 21:57:57.1933~DEBUG~download completed~~RJStevensMusicPresentationCreator.Program~0000002353
2024-12-14 21:57:57.1933~DEBUG~<- DownloadFile(url = "https://faas-nyc1-2ef2e6cc.doserverless.co/api/v1/web/fn-dd7f8f6a-d32a-4f5e-ae7b-870dfb7963f3/downloads/bundle?id=000000000000513", filename = "C:\Users\cofc_\AppData\Local\Temp\tmpD31.tmp\rjsec506.ZIP", message = "rjsec506")~~RJStevensMusicPresentationCreator.Program~0000002354
2024-12-14 21:57:57.2123~DEBUG~-> ExtractAllFromFile(zipFileName = "C:\Users\cofc_\AppData\Local\Temp\tmpD31.tmp\rjsec506.ZIP", decompressedFolder = "C:\Users\cofc_\AppData\Local\Temp\tmpE4B.tmp", message = "rjsec506")~~RJStevensMusicPresentationCreator.Program~0000002355
2024-12-14 21:57:57.5233~DEBUG~extract completed~~RJStevensMusicPresentationCreator.Program~0000002356
2024-12-14 21:57:57.5233~DEBUG~<- ExtractAllFromFile(zipFileName = "C:\Users\cofc_\AppData\Local\Temp\tmpD31.tmp\rjsec506.ZIP", decompressedFolder = "C:\Users\cofc_\AppData\Local\Temp\tmpE4B.tmp", message = "rjsec506")~~RJStevensMusicPresentationCreator.Program~0000002357
2024-12-14 21:57:57.6093~DEBUG~-> DownloadFile(url = "https://faas-nyc1-2ef2e6cc.doserverless.co/api/v1/web/fn-dd7f8f6a-d32a-4f5e-ae7b-870dfb7963f3/downloads/bundle?id=000000000000514", filename = "C:\Users\cofc_\AppData\Local\Temp\tmpFD3.tmp\rjsec507.ZIP", message = "rjsec507")~~RJStevensMusicPresentationCreator.Program~0000002358
2024-12-14 21:57:57.8103~DEBUG~download completed~~RJStevensMusicPresentationCreator.Program~0000002359
2024-12-14 21:57:57.8103~DEBUG~<- DownloadFile(url = "https://faas-nyc1-2ef2e6cc.doserverless.co/api/v1/web/fn-dd7f8f6a-d32a-4f5e-ae7b-870dfb7963f3/downloads/bundle?id=000000000000514", filename = "C:\Users\cofc_\AppData\Local\Temp\tmpFD3.tmp\rjsec507.ZIP", message = "rjsec507")~~RJStevensMusicPresentationCreator.Program~0000002360
2024-12-14 21:57:57.8483~DEBUG~-> ExtractAllFromFile(zipFileName = "C:\Users\cofc_\AppData\Local\Temp\tmpFD3.tmp\rjsec507.ZIP", decompressedFolder = "C:\Users\cofc_\AppData\Local\Temp\tmp10CE.tmp", message = "rjsec507")~~RJStevensMusicPresentationCreator.Program~0000002361
2024-12-14 21:57:58.0173~DEBUG~extract completed~~RJStevensMusicPresentationCreator.Program~0000002362
2024-12-14 21:57:58.0173~DEBUG~<- ExtractAllFromFile(zipFileName = "C:\Users\cofc_\AppData\Local\Temp\tmpFD3.tmp\rjsec507.ZIP", decompressedFolder = "C:\Users\cofc_\AppData\Local\Temp\tmp10CE.tmp", message = "rjsec507")~~RJStevensMusicPresentationCreator.Program~0000002363
2024-12-14 21:57:58.0743~DEBUG~-> DownloadFile(url = "https://faas-nyc1-2ef2e6cc.doserverless.co/api/v1/web/fn-dd7f8f6a-d32a-4f5e-ae7b-870dfb7963f3/downloads/bundle?id=000000000000515", filename = "C:\Users\cofc_\AppData\Local\Temp\tmp11A9.tmp\rjsec508.ZIP", message = "rjsec508")~~RJStevensMusicPresentationCreator.Program~0000002364
2024-12-14 21:57:58.3153~DEBUG~download completed~~RJStevensMusicPresentationCreator.Program~0000002365
2024-12-14 21:57:58.3153~DEBUG~<- DownloadFile(url = "https://faas-nyc1-2ef2e6cc.doserverless.co/api/v1/web/fn-dd7f8f6a-d32a-4f5e-ae7b-870dfb7963f3/downloads/bundle?id=000000000000515", filename = "C:\Users\cofc_\AppData\Local\Temp\tmp11A9.tmp\rjsec508.ZIP", message = "rjsec508")~~RJStevensMusicPresentationCreator.Program~0000002366
2024-12-14 21:57:58.3153~DEBUG~-> ExtractAllFromFile(zipFileName = "C:\Users\cofc_\AppData\Local\Temp\tmp11A9.tmp\rjsec508.ZIP", decompressedFolder = "C:\Users\cofc_\AppData\Local\Temp\tmp12A4.tmp", message = "rjsec508")~~RJStevensMusicPresentationCreator.Program~0000002367
2024-12-14 21:57:58.6188~DEBUG~extract completed~~RJStevensMusicPresentationCreator.Program~0000002368
2024-12-14 21:57:58.6188~DEBUG~<- ExtractAllFromFile(zipFileName = "C:\Users\cofc_\AppData\Local\Temp\tmp11A9.tmp\rjsec508.ZIP", decompressedFolder = "C:\Users\cofc_\AppData\Local\Temp\tmp12A4.tmp", message = "rjsec508")~~RJStevensMusicPresentationCreator.Program~0000002369
2024-12-14 21:57:58.6948~DEBUG~-> DownloadFile(url = "https://faas-nyc1-2ef2e6cc.doserverless.co/api/v1/web/fn-dd7f8f6a-d32a-4f5e-ae7b-870dfb7963f3/downloads/bundle?id=000000000000517", filename = "C:\Users\cofc_\AppData\Local\Temp\tmp141C.tmp\rjsec510.ZIP", message = "rjsec510")~~RJStevensMusicPresentationCreator.Program~0000002370
2024-12-14 21:57:58.9348~DEBUG~download completed~~RJStevensMusicPresentationCreator.Program~0000002371
2024-12-14 21:57:58.9348~DEBUG~<- DownloadFile(url = "https://faas-nyc1-2ef2e6cc.doserverless.co/api/v1/web/fn-dd7f8f6a-d32a-4f5e-ae7b-870dfb7963f3/downloads/bundle?id=000000000000517", filename = "C:\Users\cofc_\AppData\Local\Temp\tmp141C.tmp\rjsec510.ZIP", message = "rjsec510")~~RJStevensMusicPresentationCreator.Program~0000002372
2024-12-14 21:57:58.9508~DEBUG~-> ExtractAllFromFile(zipFileName = "C:\Users\cofc_\AppData\Local\Temp\tmp141C.tmp\rjsec510.ZIP", decompressedFolder = "C:\Users\cofc_\AppData\Local\Temp\tmp1517.tmp", message = "rjsec510")~~RJStevensMusicPresentationCreator.Program~0000002373
2024-12-14 21:57:59.2351~DEBUG~extract completed~~RJStevensMusicPresentationCreator.Program~0000002374
2024-12-14 21:57:59.2351~DEBUG~<- ExtractAllFromFile(zipFileName = "C:\Users\cofc_\AppData\Local\Temp\tmp141C.tmp\rjsec510.ZIP", decompressedFolder = "C:\Users\cofc_\AppData\Local\Temp\tmp1517.tmp", message = "rjsec510")~~RJStevensMusicPresentationCreator.Program~0000002375
2024-12-14 21:57:59.3151~DEBUG~-> DownloadFile(url = "https://faas-nyc1-2ef2e6cc.doserverless.co/api/v1/web/fn-dd7f8f6a-d32a-4f5e-ae7b-870dfb7963f3/downloads/bundle?id=000000000000519", filename = "C:\Users\cofc_\AppData\Local\Temp\tmp168F.tmp\rjsec512.ZIP", message = "rjsec512")~~RJStevensMusicPresentationCreator.Program~0000002376
2024-12-14 21:57:59.5621~DEBUG~download completed~~RJStevensMusicPresentationCreator.Program~0000002377
2024-12-14 21:57:59.5631~DEBUG~<- DownloadFile(url = "https://faas-nyc1-2ef2e6cc.doserverless.co/api/v1/web/fn-dd7f8f6a-d32a-4f5e-ae7b-870dfb7963f3/downloads/bundle?id=000000000000519", filename = "C:\Users\cofc_\AppData\Local\Temp\tmp168F.tmp\rjsec512.ZIP", message = "rjsec512")~~RJStevensMusicPresentationCreator.Program~0000002378
2024-12-14 21:57:59.5631~DEBUG~-> ExtractAllFromFile(zipFileName = "C:\Users\cofc_\AppData\Local\Temp\tmp168F.tmp\rjsec512.ZIP", decompressedFolder = "C:\Users\cofc_\AppData\Local\Temp\tmp178A.tmp", message = "rjsec512")~~RJStevensMusicPresentationCreator.Program~0000002379
2024-12-14 21:57:59.8191~DEBUG~extract completed~~RJStevensMusicPresentationCreator.Program~0000002380
2024-12-14 21:57:59.8191~DEBUG~<- ExtractAllFromFile(zipFileName = "C:\Users\cofc_\AppData\Local\Temp\tmp168F.tmp\rjsec512.ZIP", decompressedFolder = "C:\Users\cofc_\AppData\Local\Temp\tmp178A.tmp", message = "rjsec512")~~RJStevensMusicPresentationCreator.Program~0000002381
2024-12-14 21:57:59.8891~DEBUG~-> DownloadFile(url = "https://faas-nyc1-2ef2e6cc.doserverless.co/api/v1/web/fn-dd7f8f6a-d32a-4f5e-ae7b-870dfb7963f3/downloads/bundle?id=000000000000520", filename = "C:\Users\cofc_\AppData\Local\Temp\tmp18C4.tmp\rjsec513.ZIP", message = "rjsec513")~~RJStevensMusicPresentationCreator.Program~0000002382
2024-12-14 21:58:00.1642~DEBUG~download completed~~RJStevensMusicPresentationCreator.Program~0000002383
2024-12-14 21:58:00.1642~DEBUG~<- DownloadFile(url = "https://faas-nyc1-2ef2e6cc.doserverless.co/api/v1/web/fn-dd7f8f6a-d32a-4f5e-ae7b-870dfb7963f3/downloads/bundle?id=000000000000520", filename = "C:\Users\cofc_\AppData\Local\Temp\tmp18C4.tmp\rjsec513.ZIP", message = "rjsec513")~~RJStevensMusicPresentationCreator.Program~0000002384
2024-12-14 21:58:00.1802~DEBUG~-> ExtractAllFromFile(zipFileName = "C:\Users\cofc_\AppData\Local\Temp\tmp18C4.tmp\rjsec513.ZIP", decompressedFolder = "C:\Users\cofc_\AppData\Local\Temp\tmp19EE.tmp", message = "rjsec513")~~RJStevensMusicPresentationCreator.Program~0000002385
2024-12-14 21:58:00.4452~DEBUG~extract completed~~RJStevensMusicPresentationCreator.Program~0000002386
2024-12-14 21:58:00.4452~DEBUG~<- ExtractAllFromFile(zipFileName = "C:\Users\cofc_\AppData\Local\Temp\tmp18C4.tmp\rjsec513.ZIP", decompressedFolder = "C:\Users\cofc_\AppData\Local\Temp\tmp19EE.tmp", message = "rjsec513")~~RJStevensMusicPresentationCreator.Program~0000002387
2024-12-14 21:58:00.5222~DEBUG~-> DownloadFile(url = "https://faas-nyc1-2ef2e6cc.doserverless.co/api/v1/web/fn-dd7f8f6a-d32a-4f5e-ae7b-870dfb7963f3/downloads/bundle?id=000000000000521", filename = "C:\Users\cofc_\AppData\Local\Temp\tmp1B46.tmp\rjsec514.ZIP", message = "rjsec514")~~RJStevensMusicPresentationCreator.Program~0000002388
2024-12-14 21:58:00.7832~DEBUG~download completed~~RJStevensMusicPresentationCreator.Program~0000002389
2024-12-14 21:58:00.7832~DEBUG~<- DownloadFile(url = "https://faas-nyc1-2ef2e6cc.doserverless.co/api/v1/web/fn-dd7f8f6a-d32a-4f5e-ae7b-870dfb7963f3/downloads/bundle?id=000000000000521", filename = "C:\Users\cofc_\AppData\Local\Temp\tmp1B46.tmp\rjsec514.ZIP", message = "rjsec514")~~RJStevensMusicPresentationCreator.Program~0000002390
2024-12-14 21:58:00.8022~DEBUG~-> ExtractAllFromFile(zipFileName = "C:\Users\cofc_\AppData\Local\Temp\tmp1B46.tmp\rjsec514.ZIP", decompressedFolder = "C:\Users\cofc_\AppData\Local\Temp\tmp1C61.tmp", message = "rjsec514")~~RJStevensMusicPresentationCreator.Program~0000002391
2024-12-14 21:58:01.0652~DEBUG~extract completed~~RJStevensMusicPresentationCreator.Program~0000002392
2024-12-14 21:58:01.0652~DEBUG~<- ExtractAllFromFile(zipFileName = "C:\Users\cofc_\AppData\Local\Temp\tmp1B46.tmp\rjsec514.ZIP", decompressedFolder = "C:\Users\cofc_\AppData\Local\Temp\tmp1C61.tmp", message = "rjsec514")~~RJStevensMusicPresentationCreator.Program~0000002393
2024-12-14 21:58:01.1372~DEBUG~-> DownloadFile(url = "https://faas-nyc1-2ef2e6cc.doserverless.co/api/v1/web/fn-dd7f8f6a-d32a-4f5e-ae7b-870dfb7963f3/downloads/bundle?id=000000000000523", filename = "C:\Users\cofc_\AppData\Local\Temp\tmp1DAA.tmp\rjsec516.ZIP", message = "rjsec516")~~RJStevensMusicPresentationCreator.Program~0000002394
2024-12-14 21:58:01.3992~DEBUG~download completed~~RJStevensMusicPresentationCreator.Program~0000002395
2024-12-14 21:58:01.3992~DEBUG~<- DownloadFile(url = "https://faas-nyc1-2ef2e6cc.doserverless.co/api/v1/web/fn-dd7f8f6a-d32a-4f5e-ae7b-870dfb7963f3/downloads/bundle?id=000000000000523", filename = "C:\Users\cofc_\AppData\Local\Temp\tmp1DAA.tmp\rjsec516.ZIP", message = "rjsec516")~~RJStevensMusicPresentationCreator.Program~0000002396
2024-12-14 21:58:01.4152~DEBUG~-> ExtractAllFromFile(zipFileName = "C:\Users\cofc_\AppData\Local\Temp\tmp1DAA.tmp\rjsec516.ZIP", decompressedFolder = "C:\Users\cofc_\AppData\Local\Temp\tmp1EC4.tmp", message = "rjsec516")~~RJStevensMusicPresentationCreator.Program~0000002397
2024-12-14 21:58:01.7243~DEBUG~extract completed~~RJStevensMusicPresentationCreator.Program~0000002398
2024-12-14 21:58:01.7243~DEBUG~<- ExtractAllFromFile(zipFileName = "C:\Users\cofc_\AppData\Local\Temp\tmp1DAA.tmp\rjsec516.ZIP", decompressedFolder = "C:\Users\cofc_\AppData\Local\Temp\tmp1EC4.tmp", message = "rjsec516")~~RJStevensMusicPresentationCreator.Program~0000002399
2024-12-14 21:58:01.8053~DEBUG~-> DownloadFile(url = "https://faas-nyc1-2ef2e6cc.doserverless.co/api/v1/web/fn-dd7f8f6a-d32a-4f5e-ae7b-870dfb7963f3/downloads/bundle?id=000000000000525", filename = "C:\Users\cofc_\AppData\Local\Temp\tmp204C.tmp\rjsec518.ZIP", message = "rjsec518")~~RJStevensMusicPresentationCreator.Program~0000002400
2024-12-14 21:58:02.0493~DEBUG~download completed~~RJStevensMusicPresentationCreator.Program~0000002401
2024-12-14 21:58:02.0493~DEBUG~<- DownloadFile(url = "https://faas-nyc1-2ef2e6cc.doserverless.co/api/v1/web/fn-dd7f8f6a-d32a-4f5e-ae7b-870dfb7963f3/downloads/bundle?id=000000000000525", filename = "C:\Users\cofc_\AppData\Local\Temp\tmp204C.tmp\rjsec518.ZIP", message = "rjsec518")~~RJStevensMusicPresentationCreator.Program~0000002402
2024-12-14 21:58:02.0673~DEBUG~-> ExtractAllFromFile(zipFileName = "C:\Users\cofc_\AppData\Local\Temp\tmp204C.tmp\rjsec518.ZIP", decompressedFolder = "C:\Users\cofc_\AppData\Local\Temp\tmp2156.tmp", message = "rjsec518")~~RJStevensMusicPresentationCreator.Program~0000002403
2024-12-14 21:58:02.3853~DEBUG~extract completed~~RJStevensMusicPresentationCreator.Program~0000002404
2024-12-14 21:58:02.3853~DEBUG~<- ExtractAllFromFile(zipFileName = "C:\Users\cofc_\AppData\Local\Temp\tmp204C.tmp\rjsec518.ZIP", decompressedFolder = "C:\Users\cofc_\AppData\Local\Temp\tmp2156.tmp", message = "rjsec518")~~RJStevensMusicPresentationCreator.Program~0000002405
2024-12-14 21:58:02.4623~DEBUG~-> DownloadFile(url = "https://faas-nyc1-2ef2e6cc.doserverless.co/api/v1/web/fn-dd7f8f6a-d32a-4f5e-ae7b-870dfb7963f3/downloads/bundle?id=000000000000527", filename = "C:\Users\cofc_\AppData\Local\Temp\tmp22DE.tmp\rjsec520.ZIP", message = "rjsec520")~~RJStevensMusicPresentationCreator.Program~0000002406
2024-12-14 21:58:02.6893~DEBUG~download completed~~RJStevensMusicPresentationCreator.Program~0000002407
2024-12-14 21:58:02.6893~DEBUG~<- DownloadFile(url = "https://faas-nyc1-2ef2e6cc.doserverless.co/api/v1/web/fn-dd7f8f6a-d32a-4f5e-ae7b-870dfb7963f3/downloads/bundle?id=000000000000527", filename = "C:\Users\cofc_\AppData\Local\Temp\tmp22DE.tmp\rjsec520.ZIP", message = "rjsec520")~~RJStevensMusicPresentationCreator.Program~0000002408
2024-12-14 21:58:02.6893~DEBUG~-> ExtractAllFromFile(zipFileName = "C:\Users\cofc_\AppData\Local\Temp\tmp22DE.tmp\rjsec520.ZIP", decompressedFolder = "C:\Users\cofc_\AppData\Local\Temp\tmp23C9.tmp", message = "rjsec520")~~RJStevensMusicPresentationCreator.Program~0000002409
2024-12-14 21:58:02.9944~DEBUG~extract completed~~RJStevensMusicPresentationCreator.Program~0000002410
2024-12-14 21:58:02.9944~DEBUG~<- ExtractAllFromFile(zipFileName = "C:\Users\cofc_\AppData\Local\Temp\tmp22DE.tmp\rjsec520.ZIP", decompressedFolder = "C:\Users\cofc_\AppData\Local\Temp\tmp23C9.tmp", message = "rjsec520")~~RJStevensMusicPresentationCreator.Program~0000002411
2024-12-14 21:58:03.0714~DEBUG~-> DownloadFile(url = "https://faas-nyc1-2ef2e6cc.doserverless.co/api/v1/web/fn-dd7f8f6a-d32a-4f5e-ae7b-870dfb7963f3/downloads/bundle?id=000000000000528", filename = "C:\Users\cofc_\AppData\Local\Temp\tmp2541.tmp\rjsec521.ZIP", message = "rjsec521")~~RJStevensMusicPresentationCreator.Program~0000002412
2024-12-14 21:58:03.2934~DEBUG~download completed~~RJStevensMusicPresentationCreator.Program~0000002413
2024-12-14 21:58:03.2934~DEBUG~<- DownloadFile(url = "https://faas-nyc1-2ef2e6cc.doserverless.co/api/v1/web/fn-dd7f8f6a-d32a-4f5e-ae7b-870dfb7963f3/downloads/bundle?id=000000000000528", filename = "C:\Users\cofc_\AppData\Local\Temp\tmp2541.tmp\rjsec521.ZIP", message = "rjsec521")~~RJStevensMusicPresentationCreator.Program~0000002414
2024-12-14 21:58:03.3094~DEBUG~-> ExtractAllFromFile(zipFileName = "C:\Users\cofc_\AppData\Local\Temp\tmp2541.tmp\rjsec521.ZIP", decompressedFolder = "C:\Users\cofc_\AppData\Local\Temp\tmp262D.tmp", message = "rjsec521")~~RJStevensMusicPresentationCreator.Program~0000002415
2024-12-14 21:58:03.5617~DEBUG~extract completed~~RJStevensMusicPresentationCreator.Program~0000002416
2024-12-14 21:58:03.5637~DEBUG~<- ExtractAllFromFile(zipFileName = "C:\Users\cofc_\AppData\Local\Temp\tmp2541.tmp\rjsec521.ZIP", decompressedFolder = "C:\Users\cofc_\AppData\Local\Temp\tmp262D.tmp", message = "rjsec521")~~RJStevensMusicPresentationCreator.Program~0000002417
2024-12-14 21:58:03.6277~DEBUG~-> DownloadFile(url = "https://faas-nyc1-2ef2e6cc.doserverless.co/api/v1/web/fn-dd7f8f6a-d32a-4f5e-ae7b-870dfb7963f3/downloads/bundle?id=000000000000529", filename = "C:\Users\cofc_\AppData\Local\Temp\tmp2776.tmp\rjsec522.ZIP", message = "rjsec522")~~RJStevensMusicPresentationCreator.Program~0000002418
2024-12-14 21:58:03.8917~DEBUG~download completed~~RJStevensMusicPresentationCreator.Program~0000002419
2024-12-14 21:58:03.8917~DEBUG~<- DownloadFile(url = "https://faas-nyc1-2ef2e6cc.doserverless.co/api/v1/web/fn-dd7f8f6a-d32a-4f5e-ae7b-870dfb7963f3/downloads/bundle?id=000000000000529", filename = "C:\Users\cofc_\AppData\Local\Temp\tmp2776.tmp\rjsec522.ZIP", message = "rjsec522")~~RJStevensMusicPresentationCreator.Program~0000002420
2024-12-14 21:58:03.9067~DEBUG~-> ExtractAllFromFile(zipFileName = "C:\Users\cofc_\AppData\Local\Temp\tmp2776.tmp\rjsec522.ZIP", decompressedFolder = "C:\Users\cofc_\AppData\Local\Temp\tmp2880.tmp", message = "rjsec522")~~RJStevensMusicPresentationCreator.Program~0000002421
2024-12-14 21:58:04.2098~DEBUG~extract completed~~RJStevensMusicPresentationCreator.Program~0000002422
2024-12-14 21:58:04.2098~DEBUG~<- ExtractAllFromFile(zipFileName = "C:\Users\cofc_\AppData\Local\Temp\tmp2776.tmp\rjsec522.ZIP", decompressedFolder = "C:\Users\cofc_\AppData\Local\Temp\tmp2880.tmp", message = "rjsec522")~~RJStevensMusicPresentationCreator.Program~0000002423
2024-12-14 21:58:04.2928~DEBUG~-> DownloadFile(url = "https://faas-nyc1-2ef2e6cc.doserverless.co/api/v1/web/fn-dd7f8f6a-d32a-4f5e-ae7b-870dfb7963f3/downloads/bundle?id=000000000000530", filename = "C:\Users\cofc_\AppData\Local\Temp\tmp2A08.tmp\rjsec523.ZIP", message = "rjsec523")~~RJStevensMusicPresentationCreator.Program~0000002424
2024-12-14 21:58:04.5598~DEBUG~download completed~~RJStevensMusicPresentationCreator.Program~0000002425
2024-12-14 21:58:04.5598~DEBUG~<- DownloadFile(url = "https://faas-nyc1-2ef2e6cc.doserverless.co/api/v1/web/fn-dd7f8f6a-d32a-4f5e-ae7b-870dfb7963f3/downloads/bundle?id=000000000000530", filename = "C:\Users\cofc_\AppData\Local\Temp\tmp2A08.tmp\rjsec523.ZIP", message = "rjsec523")~~RJStevensMusicPresentationCreator.Program~0000002426
2024-12-14 21:58:04.5748~DEBUG~-> ExtractAllFromFile(zipFileName = "C:\Users\cofc_\AppData\Local\Temp\tmp2A08.tmp\rjsec523.ZIP", decompressedFolder = "C:\Users\cofc_\AppData\Local\Temp\tmp2B22.tmp", message = "rjsec523")~~RJStevensMusicPresentationCreator.Program~0000002427
2024-12-14 21:58:04.7888~DEBUG~extract completed~~RJStevensMusicPresentationCreator.Program~0000002428
2024-12-14 21:58:04.7888~DEBUG~<- ExtractAllFromFile(zipFileName = "C:\Users\cofc_\AppData\Local\Temp\tmp2A08.tmp\rjsec523.ZIP", decompressedFolder = "C:\Users\cofc_\AppData\Local\Temp\tmp2B22.tmp", message = "rjsec523")~~RJStevensMusicPresentationCreator.Program~0000002429
2024-12-14 21:58:04.8588~DEBUG~-> DownloadFile(url = "https://faas-nyc1-2ef2e6cc.doserverless.co/api/v1/web/fn-dd7f8f6a-d32a-4f5e-ae7b-870dfb7963f3/downloads/bundle?id=000000000000531", filename = "C:\Users\cofc_\AppData\Local\Temp\tmp2C3D.tmp\rjsec524.ZIP", message = "rjsec524")~~RJStevensMusicPresentationCreator.Program~0000002430
2024-12-14 21:58:05.1008~DEBUG~download completed~~RJStevensMusicPresentationCreator.Program~0000002431
2024-12-14 21:58:05.1008~DEBUG~<- DownloadFile(url = "https://faas-nyc1-2ef2e6cc.doserverless.co/api/v1/web/fn-dd7f8f6a-d32a-4f5e-ae7b-870dfb7963f3/downloads/bundle?id=000000000000531", filename = "C:\Users\cofc_\AppData\Local\Temp\tmp2C3D.tmp\rjsec524.ZIP", message = "rjsec524")~~RJStevensMusicPresentationCreator.Program~0000002432
2024-12-14 21:58:05.1178~DEBUG~-> ExtractAllFromFile(zipFileName = "C:\Users\cofc_\AppData\Local\Temp\tmp2C3D.tmp\rjsec524.ZIP", decompressedFolder = "C:\Users\cofc_\AppData\Local\Temp\tmp2D47.tmp", message = "rjsec524")~~RJStevensMusicPresentationCreator.Program~0000002433
2024-12-14 21:58:05.4427~DEBUG~extract completed~~RJStevensMusicPresentationCreator.Program~0000002434
2024-12-14 21:58:05.4427~DEBUG~<- ExtractAllFromFile(zipFileName = "C:\Users\cofc_\AppData\Local\Temp\tmp2C3D.tmp\rjsec524.ZIP", decompressedFolder = "C:\Users\cofc_\AppData\Local\Temp\tmp2D47.tmp", message = "rjsec524")~~RJStevensMusicPresentationCreator.Program~0000002435
2024-12-14 21:58:05.5267~DEBUG~-> DownloadFile(url = "https://faas-nyc1-2ef2e6cc.doserverless.co/api/v1/web/fn-dd7f8f6a-d32a-4f5e-ae7b-870dfb7963f3/downloads/bundle?id=000000000000532", filename = "C:\Users\cofc_\AppData\Local\Temp\tmp2EDE.tmp\rjsec525.ZIP", message = "rjsec525")~~RJStevensMusicPresentationCreator.Program~0000002436
2024-12-14 21:58:05.7197~DEBUG~download completed~~RJStevensMusicPresentationCreator.Program~0000002437
2024-12-14 21:58:05.7197~DEBUG~<- DownloadFile(url = "https://faas-nyc1-2ef2e6cc.doserverless.co/api/v1/web/fn-dd7f8f6a-d32a-4f5e-ae7b-870dfb7963f3/downloads/bundle?id=000000000000532", filename = "C:\Users\cofc_\AppData\Local\Temp\tmp2EDE.tmp\rjsec525.ZIP", message = "rjsec525")~~RJStevensMusicPresentationCreator.Program~0000002438
2024-12-14 21:58:05.7507~DEBUG~-> ExtractAllFromFile(zipFileName = "C:\Users\cofc_\AppData\Local\Temp\tmp2EDE.tmp\rjsec525.ZIP", decompressedFolder = "C:\Users\cofc_\AppData\Local\Temp\tmp2FBA.tmp", message = "rjsec525")~~RJStevensMusicPresentationCreator.Program~0000002439
2024-12-14 21:58:05.8908~DEBUG~extract completed~~RJStevensMusicPresentationCreator.Program~0000002440
2024-12-14 21:58:05.8938~DEBUG~<- ExtractAllFromFile(zipFileName = "C:\Users\cofc_\AppData\Local\Temp\tmp2EDE.tmp\rjsec525.ZIP", decompressedFolder = "C:\Users\cofc_\AppData\Local\Temp\tmp2FBA.tmp", message = "rjsec525")~~RJStevensMusicPresentationCreator.Program~0000002441
2024-12-14 21:58:05.9458~DEBUG~-> DownloadFile(url = "https://faas-nyc1-2ef2e6cc.doserverless.co/api/v1/web/fn-dd7f8f6a-d32a-4f5e-ae7b-870dfb7963f3/downloads/bundle?id=000000000000533", filename = "C:\Users\cofc_\AppData\Local\Temp\tmp3086.tmp\rjsec526.ZIP", message = "rjsec526")~~RJStevensMusicPresentationCreator.Program~0000002442
2024-12-14 21:58:06.1848~DEBUG~download completed~~RJStevensMusicPresentationCreator.Program~0000002443
2024-12-14 21:58:06.1848~DEBUG~<- DownloadFile(url = "https://faas-nyc1-2ef2e6cc.doserverless.co/api/v1/web/fn-dd7f8f6a-d32a-4f5e-ae7b-870dfb7963f3/downloads/bundle?id=000000000000533", filename = "C:\Users\cofc_\AppData\Local\Temp\tmp3086.tmp\rjsec526.ZIP", message = "rjsec526")~~RJStevensMusicPresentationCreator.Program~0000002444
2024-12-14 21:58:06.2022~DEBUG~-> ExtractAllFromFile(zipFileName = "C:\Users\cofc_\AppData\Local\Temp\tmp3086.tmp\rjsec526.ZIP", decompressedFolder = "C:\Users\cofc_\AppData\Local\Temp\tmp3181.tmp", message = "rjsec526")~~RJStevensMusicPresentationCreator.Program~0000002445
2024-12-14 21:58:06.4432~DEBUG~extract completed~~RJStevensMusicPresentationCreator.Program~0000002446
2024-12-14 21:58:06.4432~DEBUG~<- ExtractAllFromFile(zipFileName = "C:\Users\cofc_\AppData\Local\Temp\tmp3086.tmp\rjsec526.ZIP", decompressedFolder = "C:\Users\cofc_\AppData\Local\Temp\tmp3181.tmp", message = "rjsec526")~~RJStevensMusicPresentationCreator.Program~0000002447
2024-12-14 21:58:06.5152~DEBUG~-> DownloadFile(url = "https://faas-nyc1-2ef2e6cc.doserverless.co/api/v1/web/fn-dd7f8f6a-d32a-4f5e-ae7b-870dfb7963f3/downloads/bundle?id=000000000000535", filename = "C:\Users\cofc_\AppData\Local\Temp\tmp32BB.tmp\rjsec528.ZIP", message = "rjsec528")~~RJStevensMusicPresentationCreator.Program~0000002448
2024-12-14 21:58:06.7812~DEBUG~download completed~~RJStevensMusicPresentationCreator.Program~0000002449
2024-12-14 21:58:06.7822~DEBUG~<- DownloadFile(url = "https://faas-nyc1-2ef2e6cc.doserverless.co/api/v1/web/fn-dd7f8f6a-d32a-4f5e-ae7b-870dfb7963f3/downloads/bundle?id=000000000000535", filename = "C:\Users\cofc_\AppData\Local\Temp\tmp32BB.tmp\rjsec528.ZIP", message = "rjsec528")~~RJStevensMusicPresentationCreator.Program~0000002450
2024-12-14 21:58:06.8022~DEBUG~-> ExtractAllFromFile(zipFileName = "C:\Users\cofc_\AppData\Local\Temp\tmp32BB.tmp\rjsec528.ZIP", decompressedFolder = "C:\Users\cofc_\AppData\Local\Temp\tmp33E5.tmp", message = "rjsec528")~~RJStevensMusicPresentationCreator.Program~0000002451
2024-12-14 21:58:07.1212~DEBUG~extract completed~~RJStevensMusicPresentationCreator.Program~0000002452
2024-12-14 21:58:07.1212~DEBUG~<- ExtractAllFromFile(zipFileName = "C:\Users\cofc_\AppData\Local\Temp\tmp32BB.tmp\rjsec528.ZIP", decompressedFolder = "C:\Users\cofc_\AppData\Local\Temp\tmp33E5.tmp", message = "rjsec528")~~RJStevensMusicPresentationCreator.Program~0000002453
2024-12-14 21:58:07.2042~DEBUG~-> DownloadFile(url = "https://faas-nyc1-2ef2e6cc.doserverless.co/api/v1/web/fn-dd7f8f6a-d32a-4f5e-ae7b-870dfb7963f3/downloads/bundle?id=000000000000536", filename = "C:\Users\cofc_\AppData\Local\Temp\tmp356C.tmp\rjsec529.ZIP", message = "rjsec529")~~RJStevensMusicPresentationCreator.Program~0000002454
2024-12-14 21:58:07.4463~DEBUG~download completed~~RJStevensMusicPresentationCreator.Program~0000002455
2024-12-14 21:58:07.4463~DEBUG~<- DownloadFile(url = "https://faas-nyc1-2ef2e6cc.doserverless.co/api/v1/web/fn-dd7f8f6a-d32a-4f5e-ae7b-870dfb7963f3/downloads/bundle?id=000000000000536", filename = "C:\Users\cofc_\AppData\Local\Temp\tmp356C.tmp\rjsec529.ZIP", message = "rjsec529")~~RJStevensMusicPresentationCreator.Program~0000002456
2024-12-14 21:58:07.4613~DEBUG~-> ExtractAllFromFile(zipFileName = "C:\Users\cofc_\AppData\Local\Temp\tmp356C.tmp\rjsec529.ZIP", decompressedFolder = "C:\Users\cofc_\AppData\Local\Temp\tmp3677.tmp", message = "rjsec529")~~RJStevensMusicPresentationCreator.Program~0000002457
2024-12-14 21:58:07.6953~DEBUG~extract completed~~RJStevensMusicPresentationCreator.Program~0000002458
2024-12-14 21:58:07.6953~DEBUG~<- ExtractAllFromFile(zipFileName = "C:\Users\cofc_\AppData\Local\Temp\tmp356C.tmp\rjsec529.ZIP", decompressedFolder = "C:\Users\cofc_\AppData\Local\Temp\tmp3677.tmp", message = "rjsec529")~~RJStevensMusicPresentationCreator.Program~0000002459
2024-12-14 21:58:07.7703~DEBUG~-> DownloadFile(url = "https://faas-nyc1-2ef2e6cc.doserverless.co/api/v1/web/fn-dd7f8f6a-d32a-4f5e-ae7b-870dfb7963f3/downloads/bundle?id=000000000000537", filename = "C:\Users\cofc_\AppData\Local\Temp\tmp37B0.tmp\rjsec530.ZIP", message = "rjsec530")~~RJStevensMusicPresentationCreator.Program~0000002460
2024-12-14 21:58:08.0163~DEBUG~download completed~~RJStevensMusicPresentationCreator.Program~0000002461
2024-12-14 21:58:08.0163~DEBUG~<- DownloadFile(url = "https://faas-nyc1-2ef2e6cc.doserverless.co/api/v1/web/fn-dd7f8f6a-d32a-4f5e-ae7b-870dfb7963f3/downloads/bundle?id=000000000000537", filename = "C:\Users\cofc_\AppData\Local\Temp\tmp37B0.tmp\rjsec530.ZIP", message = "rjsec530")~~RJStevensMusicPresentationCreator.Program~0000002462
2024-12-14 21:58:08.0333~DEBUG~-> ExtractAllFromFile(zipFileName = "C:\Users\cofc_\AppData\Local\Temp\tmp37B0.tmp\rjsec530.ZIP", decompressedFolder = "C:\Users\cofc_\AppData\Local\Temp\tmp38BB.tmp", message = "rjsec530")~~RJStevensMusicPresentationCreator.Program~0000002463
2024-12-14 21:58:08.3943~DEBUG~extract completed~~RJStevensMusicPresentationCreator.Program~0000002464
2024-12-14 21:58:08.3943~DEBUG~<- ExtractAllFromFile(zipFileName = "C:\Users\cofc_\AppData\Local\Temp\tmp37B0.tmp\rjsec530.ZIP", decompressedFolder = "C:\Users\cofc_\AppData\Local\Temp\tmp38BB.tmp", message = "rjsec530")~~RJStevensMusicPresentationCreator.Program~0000002465
2024-12-14 21:58:08.4803~DEBUG~-> DownloadFile(url = "https://faas-nyc1-2ef2e6cc.doserverless.co/api/v1/web/fn-dd7f8f6a-d32a-4f5e-ae7b-870dfb7963f3/downloads/bundle?id=000000000000538", filename = "C:\Users\cofc_\AppData\Local\Temp\tmp3A72.tmp\rjsec531.ZIP", message = "rjsec531")~~RJStevensMusicPresentationCreator.Program~0000002466
2024-12-14 21:58:08.6753~DEBUG~download completed~~RJStevensMusicPresentationCreator.Program~0000002467
2024-12-14 21:58:08.6753~DEBUG~<- DownloadFile(url = "https://faas-nyc1-2ef2e6cc.doserverless.co/api/v1/web/fn-dd7f8f6a-d32a-4f5e-ae7b-870dfb7963f3/downloads/bundle?id=000000000000538", filename = "C:\Users\cofc_\AppData\Local\Temp\tmp3A72.tmp\rjsec531.ZIP", message = "rjsec531")~~RJStevensMusicPresentationCreator.Program~0000002468
2024-12-14 21:58:08.6753~DEBUG~-> ExtractAllFromFile(zipFileName = "C:\Users\cofc_\AppData\Local\Temp\tmp3A72.tmp\rjsec531.ZIP", decompressedFolder = "C:\Users\cofc_\AppData\Local\Temp\tmp3B3E.tmp", message = "rjsec531")~~RJStevensMusicPresentationCreator.Program~0000002469
2024-12-14 21:58:08.8424~DEBUG~extract completed~~RJStevensMusicPresentationCreator.Program~0000002470
2024-12-14 21:58:08.8474~DEBUG~<- ExtractAllFromFile(zipFileName = "C:\Users\cofc_\AppData\Local\Temp\tmp3A72.tmp\rjsec531.ZIP", decompressedFolder = "C:\Users\cofc_\AppData\Local\Temp\tmp3B3E.tmp", message = "rjsec531")~~RJStevensMusicPresentationCreator.Program~0000002471
2024-12-14 21:58:08.8974~DEBUG~-> DownloadFile(url = "https://faas-nyc1-2ef2e6cc.doserverless.co/api/v1/web/fn-dd7f8f6a-d32a-4f5e-ae7b-870dfb7963f3/downloads/bundle?id=000000000000539", filename = "C:\Users\cofc_\AppData\Local\Temp\tmp3C19.tmp\rjsec531a.ZIP", message = "rjsec531a")~~RJStevensMusicPresentationCreator.Program~0000002472
2024-12-14 21:58:09.1024~DEBUG~download completed~~RJStevensMusicPresentationCreator.Program~0000002473
2024-12-14 21:58:09.1024~DEBUG~<- DownloadFile(url = "https://faas-nyc1-2ef2e6cc.doserverless.co/api/v1/web/fn-dd7f8f6a-d32a-4f5e-ae7b-870dfb7963f3/downloads/bundle?id=000000000000539", filename = "C:\Users\cofc_\AppData\Local\Temp\tmp3C19.tmp\rjsec531a.ZIP", message = "rjsec531a")~~RJStevensMusicPresentationCreator.Program~0000002474
2024-12-14 21:58:09.1144~DEBUG~-> ExtractAllFromFile(zipFileName = "C:\Users\cofc_\AppData\Local\Temp\tmp3C19.tmp\rjsec531a.ZIP", decompressedFolder = "C:\Users\cofc_\AppData\Local\Temp\tmp3CF5.tmp", message = "rjsec531a")~~RJStevensMusicPresentationCreator.Program~0000002475
2024-12-14 21:58:09.4344~DEBUG~extract completed~~RJStevensMusicPresentationCreator.Program~0000002476
2024-12-14 21:58:09.4344~DEBUG~<- ExtractAllFromFile(zipFileName = "C:\Users\cofc_\AppData\Local\Temp\tmp3C19.tmp\rjsec531a.ZIP", decompressedFolder = "C:\Users\cofc_\AppData\Local\Temp\tmp3CF5.tmp", message = "rjsec531a")~~RJStevensMusicPresentationCreator.Program~0000002477
2024-12-14 21:58:09.5214~DEBUG~-> DownloadFile(url = "https://faas-nyc1-2ef2e6cc.doserverless.co/api/v1/web/fn-dd7f8f6a-d32a-4f5e-ae7b-870dfb7963f3/downloads/bundle?id=000000000000540", filename = "C:\Users\cofc_\AppData\Local\Temp\tmp3E8C.tmp\rjsec532.ZIP", message = "rjsec532")~~RJStevensMusicPresentationCreator.Program~0000002478
2024-12-14 21:58:09.7374~DEBUG~download completed~~RJStevensMusicPresentationCreator.Program~0000002479
2024-12-14 21:58:09.7374~DEBUG~<- DownloadFile(url = "https://faas-nyc1-2ef2e6cc.doserverless.co/api/v1/web/fn-dd7f8f6a-d32a-4f5e-ae7b-870dfb7963f3/downloads/bundle?id=000000000000540", filename = "C:\Users\cofc_\AppData\Local\Temp\tmp3E8C.tmp\rjsec532.ZIP", message = "rjsec532")~~RJStevensMusicPresentationCreator.Program~0000002480
2024-12-14 21:58:09.7534~DEBUG~-> ExtractAllFromFile(zipFileName = "C:\Users\cofc_\AppData\Local\Temp\tmp3E8C.tmp\rjsec532.ZIP", decompressedFolder = "C:\Users\cofc_\AppData\Local\Temp\tmp3F78.tmp", message = "rjsec532")~~RJStevensMusicPresentationCreator.Program~0000002481
2024-12-14 21:58:10.0394~DEBUG~extract completed~~RJStevensMusicPresentationCreator.Program~0000002482
2024-12-14 21:58:10.0394~DEBUG~<- ExtractAllFromFile(zipFileName = "C:\Users\cofc_\AppData\Local\Temp\tmp3E8C.tmp\rjsec532.ZIP", decompressedFolder = "C:\Users\cofc_\AppData\Local\Temp\tmp3F78.tmp", message = "rjsec532")~~RJStevensMusicPresentationCreator.Program~0000002483
2024-12-14 21:58:10.1215~DEBUG~-> DownloadFile(url = "https://faas-nyc1-2ef2e6cc.doserverless.co/api/v1/web/fn-dd7f8f6a-d32a-4f5e-ae7b-870dfb7963f3/downloads/bundle?id=000000000000541", filename = "C:\Users\cofc_\AppData\Local\Temp\tmp40E0.tmp\rjsec533.ZIP", message = "rjsec533")~~RJStevensMusicPresentationCreator.Program~0000002484
2024-12-14 21:58:10.3325~DEBUG~download completed~~RJStevensMusicPresentationCreator.Program~0000002485
2024-12-14 21:58:10.3325~DEBUG~<- DownloadFile(url = "https://faas-nyc1-2ef2e6cc.doserverless.co/api/v1/web/fn-dd7f8f6a-d32a-4f5e-ae7b-870dfb7963f3/downloads/bundle?id=000000000000541", filename = "C:\Users\cofc_\AppData\Local\Temp\tmp40E0.tmp\rjsec533.ZIP", message = "rjsec533")~~RJStevensMusicPresentationCreator.Program~0000002486
2024-12-14 21:58:10.3445~DEBUG~-> ExtractAllFromFile(zipFileName = "C:\Users\cofc_\AppData\Local\Temp\tmp40E0.tmp\rjsec533.ZIP", decompressedFolder = "C:\Users\cofc_\AppData\Local\Temp\tmp41CC.tmp", message = "rjsec533")~~RJStevensMusicPresentationCreator.Program~0000002487
2024-12-14 21:58:10.5635~DEBUG~extract completed~~RJStevensMusicPresentationCreator.Program~0000002488
2024-12-14 21:58:10.5635~DEBUG~<- ExtractAllFromFile(zipFileName = "C:\Users\cofc_\AppData\Local\Temp\tmp40E0.tmp\rjsec533.ZIP", decompressedFolder = "C:\Users\cofc_\AppData\Local\Temp\tmp41CC.tmp", message = "rjsec533")~~RJStevensMusicPresentationCreator.Program~0000002489
2024-12-14 21:58:10.6285~DEBUG~-> DownloadFile(url = "https://faas-nyc1-2ef2e6cc.doserverless.co/api/v1/web/fn-dd7f8f6a-d32a-4f5e-ae7b-870dfb7963f3/downloads/bundle?id=000000000000542", filename = "C:\Users\cofc_\AppData\Local\Temp\tmp42E6.tmp\rjsec534.ZIP", message = "rjsec534")~~RJStevensMusicPresentationCreator.Program~0000002490
2024-12-14 21:58:10.8975~DEBUG~download completed~~RJStevensMusicPresentationCreator.Program~0000002491
2024-12-14 21:58:10.8975~DEBUG~<- DownloadFile(url = "https://faas-nyc1-2ef2e6cc.doserverless.co/api/v1/web/fn-dd7f8f6a-d32a-4f5e-ae7b-870dfb7963f3/downloads/bundle?id=000000000000542", filename = "C:\Users\cofc_\AppData\Local\Temp\tmp42E6.tmp\rjsec534.ZIP", message = "rjsec534")~~RJStevensMusicPresentationCreator.Program~0000002492
2024-12-14 21:58:10.9105~DEBUG~-> ExtractAllFromFile(zipFileName = "C:\Users\cofc_\AppData\Local\Temp\tmp42E6.tmp\rjsec534.ZIP", decompressedFolder = "C:\Users\cofc_\AppData\Local\Temp\tmp4400.tmp", message = "rjsec534")~~RJStevensMusicPresentationCreator.Program~0000002493
2024-12-14 21:58:11.1925~DEBUG~extract completed~~RJStevensMusicPresentationCreator.Program~0000002494
2024-12-14 21:58:11.1925~DEBUG~<- ExtractAllFromFile(zipFileName = "C:\Users\cofc_\AppData\Local\Temp\tmp42E6.tmp\rjsec534.ZIP", decompressedFolder = "C:\Users\cofc_\AppData\Local\Temp\tmp4400.tmp", message = "rjsec534")~~RJStevensMusicPresentationCreator.Program~0000002495
2024-12-14 21:58:11.2715~DEBUG~-> DownloadFile(url = "https://faas-nyc1-2ef2e6cc.doserverless.co/api/v1/web/fn-dd7f8f6a-d32a-4f5e-ae7b-870dfb7963f3/downloads/bundle?id=000000000000544", filename = "C:\Users\cofc_\AppData\Local\Temp\tmp4568.tmp\rjsec536.ZIP", message = "rjsec536")~~RJStevensMusicPresentationCreator.Program~0000002496
2024-12-14 21:58:11.4935~DEBUG~download completed~~RJStevensMusicPresentationCreator.Program~0000002497
2024-12-14 21:58:11.4935~DEBUG~<- DownloadFile(url = "https://faas-nyc1-2ef2e6cc.doserverless.co/api/v1/web/fn-dd7f8f6a-d32a-4f5e-ae7b-870dfb7963f3/downloads/bundle?id=000000000000544", filename = "C:\Users\cofc_\AppData\Local\Temp\tmp4568.tmp\rjsec536.ZIP", message = "rjsec536")~~RJStevensMusicPresentationCreator.Program~0000002498
2024-12-14 21:58:11.5105~DEBUG~-> ExtractAllFromFile(zipFileName = "C:\Users\cofc_\AppData\Local\Temp\tmp4568.tmp\rjsec536.ZIP", decompressedFolder = "C:\Users\cofc_\AppData\Local\Temp\tmp4654.tmp", message = "rjsec536")~~RJStevensMusicPresentationCreator.Program~0000002499
2024-12-14 21:58:11.7796~DEBUG~extract completed~~RJStevensMusicPresentationCreator.Program~0000002500
2024-12-14 21:58:11.7826~DEBUG~<- ExtractAllFromFile(zipFileName = "C:\Users\cofc_\AppData\Local\Temp\tmp4568.tmp\rjsec536.ZIP", decompressedFolder = "C:\Users\cofc_\AppData\Local\Temp\tmp4654.tmp", message = "rjsec536")~~RJStevensMusicPresentationCreator.Program~0000002501
2024-12-14 21:58:11.8586~DEBUG~-> DownloadFile(url = "https://faas-nyc1-2ef2e6cc.doserverless.co/api/v1/web/fn-dd7f8f6a-d32a-4f5e-ae7b-870dfb7963f3/downloads/bundle?id=000000000000548", filename = "C:\Users\cofc_\AppData\Local\Temp\tmp47AD.tmp\rjsec540.ZIP", message = "rjsec540")~~RJStevensMusicPresentationCreator.Program~0000002502
2024-12-14 21:58:12.0556~DEBUG~download completed~~RJStevensMusicPresentationCreator.Program~0000002503
2024-12-14 21:58:12.0556~DEBUG~<- DownloadFile(url = "https://faas-nyc1-2ef2e6cc.doserverless.co/api/v1/web/fn-dd7f8f6a-d32a-4f5e-ae7b-870dfb7963f3/downloads/bundle?id=000000000000548", filename = "C:\Users\cofc_\AppData\Local\Temp\tmp47AD.tmp\rjsec540.ZIP", message = "rjsec540")~~RJStevensMusicPresentationCreator.Program~0000002504
2024-12-14 21:58:12.0696~DEBUG~-> ExtractAllFromFile(zipFileName = "C:\Users\cofc_\AppData\Local\Temp\tmp47AD.tmp\rjsec540.ZIP", decompressedFolder = "C:\Users\cofc_\AppData\Local\Temp\tmp4888.tmp", message = "rjsec540")~~RJStevensMusicPresentationCreator.Program~0000002505
2024-12-14 21:58:12.3266~DEBUG~extract completed~~RJStevensMusicPresentationCreator.Program~0000002506
2024-12-14 21:58:12.3296~DEBUG~<- ExtractAllFromFile(zipFileName = "C:\Users\cofc_\AppData\Local\Temp\tmp47AD.tmp\rjsec540.ZIP", decompressedFolder = "C:\Users\cofc_\AppData\Local\Temp\tmp4888.tmp", message = "rjsec540")~~RJStevensMusicPresentationCreator.Program~0000002507
2024-12-14 21:58:12.3996~DEBUG~-> DownloadFile(url = "https://faas-nyc1-2ef2e6cc.doserverless.co/api/v1/web/fn-dd7f8f6a-d32a-4f5e-ae7b-870dfb7963f3/downloads/bundle?id=000000000000549", filename = "C:\Users\cofc_\AppData\Local\Temp\tmp49D1.tmp\rjsec541.ZIP", message = "rjsec541")~~RJStevensMusicPresentationCreator.Program~0000002508
2024-12-14 21:58:12.6146~DEBUG~download completed~~RJStevensMusicPresentationCreator.Program~0000002509
2024-12-14 21:58:12.6146~DEBUG~<- DownloadFile(url = "https://faas-nyc1-2ef2e6cc.doserverless.co/api/v1/web/fn-dd7f8f6a-d32a-4f5e-ae7b-870dfb7963f3/downloads/bundle?id=000000000000549", filename = "C:\Users\cofc_\AppData\Local\Temp\tmp49D1.tmp\rjsec541.ZIP", message = "rjsec541")~~RJStevensMusicPresentationCreator.Program~0000002510
2024-12-14 21:58:12.6376~DEBUG~-> ExtractAllFromFile(zipFileName = "C:\Users\cofc_\AppData\Local\Temp\tmp49D1.tmp\rjsec541.ZIP", decompressedFolder = "C:\Users\cofc_\AppData\Local\Temp\tmp4ABD.tmp", message = "rjsec541")~~RJStevensMusicPresentationCreator.Program~0000002511
2024-12-14 21:58:12.8366~DEBUG~extract completed~~RJStevensMusicPresentationCreator.Program~0000002512
2024-12-14 21:58:12.8366~DEBUG~<- ExtractAllFromFile(zipFileName = "C:\Users\cofc_\AppData\Local\Temp\tmp49D1.tmp\rjsec541.ZIP", decompressedFolder = "C:\Users\cofc_\AppData\Local\Temp\tmp4ABD.tmp", message = "rjsec541")~~RJStevensMusicPresentationCreator.Program~0000002513
2024-12-14 21:58:12.9047~DEBUG~-> DownloadFile(url = "https://faas-nyc1-2ef2e6cc.doserverless.co/api/v1/web/fn-dd7f8f6a-d32a-4f5e-ae7b-870dfb7963f3/downloads/bundle?id=000000000000550", filename = "C:\Users\cofc_\AppData\Local\Temp\tmp4BC7.tmp\rjsec542.ZIP", message = "rjsec542")~~RJStevensMusicPresentationCreator.Program~0000002514
2024-12-14 21:58:13.1857~DEBUG~download completed~~RJStevensMusicPresentationCreator.Program~0000002515
2024-12-14 21:58:13.1857~DEBUG~<- DownloadFile(url = "https://faas-nyc1-2ef2e6cc.doserverless.co/api/v1/web/fn-dd7f8f6a-d32a-4f5e-ae7b-870dfb7963f3/downloads/bundle?id=000000000000550", filename = "C:\Users\cofc_\AppData\Local\Temp\tmp4BC7.tmp\rjsec542.ZIP", message = "rjsec542")~~RJStevensMusicPresentationCreator.Program~0000002516
2024-12-14 21:58:13.1987~DEBUG~-> ExtractAllFromFile(zipFileName = "C:\Users\cofc_\AppData\Local\Temp\tmp4BC7.tmp\rjsec542.ZIP", decompressedFolder = "C:\Users\cofc_\AppData\Local\Temp\tmp4CF1.tmp", message = "rjsec542")~~RJStevensMusicPresentationCreator.Program~0000002517
2024-12-14 21:58:13.4637~DEBUG~extract completed~~RJStevensMusicPresentationCreator.Program~0000002518
2024-12-14 21:58:13.4637~DEBUG~<- ExtractAllFromFile(zipFileName = "C:\Users\cofc_\AppData\Local\Temp\tmp4BC7.tmp\rjsec542.ZIP", decompressedFolder = "C:\Users\cofc_\AppData\Local\Temp\tmp4CF1.tmp", message = "rjsec542")~~RJStevensMusicPresentationCreator.Program~0000002519
2024-12-14 21:58:13.5367~DEBUG~-> DownloadFile(url = "https://faas-nyc1-2ef2e6cc.doserverless.co/api/v1/web/fn-dd7f8f6a-d32a-4f5e-ae7b-870dfb7963f3/downloads/bundle?id=000000000000551", filename = "C:\Users\cofc_\AppData\Local\Temp\tmp4E4A.tmp\rjsec543.ZIP", message = "rjsec543")~~RJStevensMusicPresentationCreator.Program~0000002520
2024-12-14 21:58:13.7597~DEBUG~download completed~~RJStevensMusicPresentationCreator.Program~0000002521
2024-12-14 21:58:13.7597~DEBUG~<- DownloadFile(url = "https://faas-nyc1-2ef2e6cc.doserverless.co/api/v1/web/fn-dd7f8f6a-d32a-4f5e-ae7b-870dfb7963f3/downloads/bundle?id=000000000000551", filename = "C:\Users\cofc_\AppData\Local\Temp\tmp4E4A.tmp\rjsec543.ZIP", message = "rjsec543")~~RJStevensMusicPresentationCreator.Program~0000002522
2024-12-14 21:58:13.7757~DEBUG~-> ExtractAllFromFile(zipFileName = "C:\Users\cofc_\AppData\Local\Temp\tmp4E4A.tmp\rjsec543.ZIP", decompressedFolder = "C:\Users\cofc_\AppData\Local\Temp\tmp4F35.tmp", message = "rjsec543")~~RJStevensMusicPresentationCreator.Program~0000002523
2024-12-14 21:58:13.9877~DEBUG~extract completed~~RJStevensMusicPresentationCreator.Program~0000002524
2024-12-14 21:58:13.9877~DEBUG~<- ExtractAllFromFile(zipFileName = "C:\Users\cofc_\AppData\Local\Temp\tmp4E4A.tmp\rjsec543.ZIP", decompressedFolder = "C:\Users\cofc_\AppData\Local\Temp\tmp4F35.tmp", message = "rjsec543")~~RJStevensMusicPresentationCreator.Program~0000002525
2024-12-14 21:58:14.0577~DEBUG~-> DownloadFile(url = "https://faas-nyc1-2ef2e6cc.doserverless.co/api/v1/web/fn-dd7f8f6a-d32a-4f5e-ae7b-870dfb7963f3/downloads/bundle?id=000000000000552", filename = "C:\Users\cofc_\AppData\Local\Temp\tmp5050.tmp\rjsec544.ZIP", message = "rjsec544")~~RJStevensMusicPresentationCreator.Program~0000002526
2024-12-14 21:58:14.3288~DEBUG~download completed~~RJStevensMusicPresentationCreator.Program~0000002527
2024-12-14 21:58:14.3288~DEBUG~<- DownloadFile(url = "https://faas-nyc1-2ef2e6cc.doserverless.co/api/v1/web/fn-dd7f8f6a-d32a-4f5e-ae7b-870dfb7963f3/downloads/bundle?id=000000000000552", filename = "C:\Users\cofc_\AppData\Local\Temp\tmp5050.tmp\rjsec544.ZIP", message = "rjsec544")~~RJStevensMusicPresentationCreator.Program~0000002528
2024-12-14 21:58:14.3288~DEBUG~-> ExtractAllFromFile(zipFileName = "C:\Users\cofc_\AppData\Local\Temp\tmp5050.tmp\rjsec544.ZIP", decompressedFolder = "C:\Users\cofc_\AppData\Local\Temp\tmp516A.tmp", message = "rjsec544")~~RJStevensMusicPresentationCreator.Program~0000002529
2024-12-14 21:58:14.6628~DEBUG~extract completed~~RJStevensMusicPresentationCreator.Program~0000002530
2024-12-14 21:58:14.6628~DEBUG~<- ExtractAllFromFile(zipFileName = "C:\Users\cofc_\AppData\Local\Temp\tmp5050.tmp\rjsec544.ZIP", decompressedFolder = "C:\Users\cofc_\AppData\Local\Temp\tmp516A.tmp", message = "rjsec544")~~RJStevensMusicPresentationCreator.Program~0000002531
2024-12-14 21:58:14.7478~DEBUG~-> DownloadFile(url = "https://faas-nyc1-2ef2e6cc.doserverless.co/api/v1/web/fn-dd7f8f6a-d32a-4f5e-ae7b-870dfb7963f3/downloads/bundle?id=000000000000553", filename = "C:\Users\cofc_\AppData\Local\Temp\tmp5301.tmp\rjsec545.ZIP", message = "rjsec545")~~RJStevensMusicPresentationCreator.Program~0000002532
2024-12-14 21:58:14.9448~DEBUG~download completed~~RJStevensMusicPresentationCreator.Program~0000002533
2024-12-14 21:58:14.9448~DEBUG~<- DownloadFile(url = "https://faas-nyc1-2ef2e6cc.doserverless.co/api/v1/web/fn-dd7f8f6a-d32a-4f5e-ae7b-870dfb7963f3/downloads/bundle?id=000000000000553", filename = "C:\Users\cofc_\AppData\Local\Temp\tmp5301.tmp\rjsec545.ZIP", message = "rjsec545")~~RJStevensMusicPresentationCreator.Program~0000002534
2024-12-14 21:58:14.9588~DEBUG~-> ExtractAllFromFile(zipFileName = "C:\Users\cofc_\AppData\Local\Temp\tmp5301.tmp\rjsec545.ZIP", decompressedFolder = "C:\Users\cofc_\AppData\Local\Temp\tmp53DD.tmp", message = "rjsec545")~~RJStevensMusicPresentationCreator.Program~0000002535
2024-12-14 21:58:15.1658~DEBUG~extract completed~~RJStevensMusicPresentationCreator.Program~0000002536
2024-12-14 21:58:15.1658~DEBUG~<- ExtractAllFromFile(zipFileName = "C:\Users\cofc_\AppData\Local\Temp\tmp5301.tmp\rjsec545.ZIP", decompressedFolder = "C:\Users\cofc_\AppData\Local\Temp\tmp53DD.tmp", message = "rjsec545")~~RJStevensMusicPresentationCreator.Program~0000002537
2024-12-14 21:58:15.2298~DEBUG~-> DownloadFile(url = "https://faas-nyc1-2ef2e6cc.doserverless.co/api/v1/web/fn-dd7f8f6a-d32a-4f5e-ae7b-870dfb7963f3/downloads/bundle?id=000000000000554", filename = "C:\Users\cofc_\AppData\Local\Temp\tmp54E8.tmp\rjsec546.ZIP", message = "rjsec546")~~RJStevensMusicPresentationCreator.Program~0000002538
2024-12-14 21:58:15.5608~DEBUG~download completed~~RJStevensMusicPresentationCreator.Program~0000002539
2024-12-14 21:58:15.5608~DEBUG~<- DownloadFile(url = "https://faas-nyc1-2ef2e6cc.doserverless.co/api/v1/web/fn-dd7f8f6a-d32a-4f5e-ae7b-870dfb7963f3/downloads/bundle?id=000000000000554", filename = "C:\Users\cofc_\AppData\Local\Temp\tmp54E8.tmp\rjsec546.ZIP", message = "rjsec546")~~RJStevensMusicPresentationCreator.Program~0000002540
2024-12-14 21:58:15.5728~DEBUG~-> ExtractAllFromFile(zipFileName = "C:\Users\cofc_\AppData\Local\Temp\tmp54E8.tmp\rjsec546.ZIP", decompressedFolder = "C:\Users\cofc_\AppData\Local\Temp\tmp5640.tmp", message = "rjsec546")~~RJStevensMusicPresentationCreator.Program~0000002541
2024-12-14 21:58:15.8519~DEBUG~extract completed~~RJStevensMusicPresentationCreator.Program~0000002542
2024-12-14 21:58:15.8519~DEBUG~<- ExtractAllFromFile(zipFileName = "C:\Users\cofc_\AppData\Local\Temp\tmp54E8.tmp\rjsec546.ZIP", decompressedFolder = "C:\Users\cofc_\AppData\Local\Temp\tmp5640.tmp", message = "rjsec546")~~RJStevensMusicPresentationCreator.Program~0000002543
2024-12-14 21:58:15.9299~DEBUG~-> DownloadFile(url = "https://faas-nyc1-2ef2e6cc.doserverless.co/api/v1/web/fn-dd7f8f6a-d32a-4f5e-ae7b-870dfb7963f3/downloads/bundle?id=000000000000555", filename = "C:\Users\cofc_\AppData\Local\Temp\tmp57A9.tmp\rjsec547.ZIP", message = "rjsec547")~~RJStevensMusicPresentationCreator.Program~0000002544
2024-12-14 21:58:16.1469~DEBUG~download completed~~RJStevensMusicPresentationCreator.Program~0000002545
2024-12-14 21:58:16.1469~DEBUG~<- DownloadFile(url = "https://faas-nyc1-2ef2e6cc.doserverless.co/api/v1/web/fn-dd7f8f6a-d32a-4f5e-ae7b-870dfb7963f3/downloads/bundle?id=000000000000555", filename = "C:\Users\cofc_\AppData\Local\Temp\tmp57A9.tmp\rjsec547.ZIP", message = "rjsec547")~~RJStevensMusicPresentationCreator.Program~0000002546
2024-12-14 21:58:16.1659~DEBUG~-> ExtractAllFromFile(zipFileName = "C:\Users\cofc_\AppData\Local\Temp\tmp57A9.tmp\rjsec547.ZIP", decompressedFolder = "C:\Users\cofc_\AppData\Local\Temp\tmp5894.tmp", message = "rjsec547")~~RJStevensMusicPresentationCreator.Program~0000002547
2024-12-14 21:58:16.3924~DEBUG~extract completed~~RJStevensMusicPresentationCreator.Program~0000002548
2024-12-14 21:58:16.3924~DEBUG~<- ExtractAllFromFile(zipFileName = "C:\Users\cofc_\AppData\Local\Temp\tmp57A9.tmp\rjsec547.ZIP", decompressedFolder = "C:\Users\cofc_\AppData\Local\Temp\tmp5894.tmp", message = "rjsec547")~~RJStevensMusicPresentationCreator.Program~0000002549
2024-12-14 21:58:16.4554~DEBUG~-> DownloadFile(url = "https://faas-nyc1-2ef2e6cc.doserverless.co/api/v1/web/fn-dd7f8f6a-d32a-4f5e-ae7b-870dfb7963f3/downloads/bundle?id=000000000000556", filename = "C:\Users\cofc_\AppData\Local\Temp\tmp59BE.tmp\rjsec548.ZIP", message = "rjsec548")~~RJStevensMusicPresentationCreator.Program~0000002550
2024-12-14 21:58:16.6514~DEBUG~download completed~~RJStevensMusicPresentationCreator.Program~0000002551
2024-12-14 21:58:16.6514~DEBUG~<- DownloadFile(url = "https://faas-nyc1-2ef2e6cc.doserverless.co/api/v1/web/fn-dd7f8f6a-d32a-4f5e-ae7b-870dfb7963f3/downloads/bundle?id=000000000000556", filename = "C:\Users\cofc_\AppData\Local\Temp\tmp59BE.tmp\rjsec548.ZIP", message = "rjsec548")~~RJStevensMusicPresentationCreator.Program~0000002552
2024-12-14 21:58:16.6674~DEBUG~-> ExtractAllFromFile(zipFileName = "C:\Users\cofc_\AppData\Local\Temp\tmp59BE.tmp\rjsec548.ZIP", decompressedFolder = "C:\Users\cofc_\AppData\Local\Temp\tmp5A8A.tmp", message = "rjsec548")~~RJStevensMusicPresentationCreator.Program~0000002553
2024-12-14 21:58:16.9182~DEBUG~extract completed~~RJStevensMusicPresentationCreator.Program~0000002554
2024-12-14 21:58:16.9182~DEBUG~<- ExtractAllFromFile(zipFileName = "C:\Users\cofc_\AppData\Local\Temp\tmp59BE.tmp\rjsec548.ZIP", decompressedFolder = "C:\Users\cofc_\AppData\Local\Temp\tmp5A8A.tmp", message = "rjsec548")~~RJStevensMusicPresentationCreator.Program~0000002555
2024-12-14 21:58:16.9852~DEBUG~-> DownloadFile(url = "https://faas-nyc1-2ef2e6cc.doserverless.co/api/v1/web/fn-dd7f8f6a-d32a-4f5e-ae7b-870dfb7963f3/downloads/bundle?id=000000000000557", filename = "C:\Users\cofc_\AppData\Local\Temp\tmp5BC4.tmp\rjsec549.ZIP", message = "rjsec549")~~RJStevensMusicPresentationCreator.Program~0000002556
2024-12-14 21:58:17.1912~DEBUG~download completed~~RJStevensMusicPresentationCreator.Program~0000002557
2024-12-14 21:58:17.1912~DEBUG~<- DownloadFile(url = "https://faas-nyc1-2ef2e6cc.doserverless.co/api/v1/web/fn-dd7f8f6a-d32a-4f5e-ae7b-870dfb7963f3/downloads/bundle?id=000000000000557", filename = "C:\Users\cofc_\AppData\Local\Temp\tmp5BC4.tmp\rjsec549.ZIP", message = "rjsec549")~~RJStevensMusicPresentationCreator.Program~0000002558
2024-12-14 21:58:17.1912~DEBUG~-> ExtractAllFromFile(zipFileName = "C:\Users\cofc_\AppData\Local\Temp\tmp5BC4.tmp\rjsec549.ZIP", decompressedFolder = "C:\Users\cofc_\AppData\Local\Temp\tmp5C9F.tmp", message = "rjsec549")~~RJStevensMusicPresentationCreator.Program~0000002559
2024-12-14 21:58:17.3682~DEBUG~extract completed~~RJStevensMusicPresentationCreator.Program~0000002560
2024-12-14 21:58:17.3682~DEBUG~<- ExtractAllFromFile(zipFileName = "C:\Users\cofc_\AppData\Local\Temp\tmp5BC4.tmp\rjsec549.ZIP", decompressedFolder = "C:\Users\cofc_\AppData\Local\Temp\tmp5C9F.tmp", message = "rjsec549")~~RJStevensMusicPresentationCreator.Program~0000002561
2024-12-14 21:58:17.4293~DEBUG~-> DownloadFile(url = "https://faas-nyc1-2ef2e6cc.doserverless.co/api/v1/web/fn-dd7f8f6a-d32a-4f5e-ae7b-870dfb7963f3/downloads/bundle?id=000000000000558", filename = "C:\Users\cofc_\AppData\Local\Temp\tmp5D8B.tmp\rjsec550.ZIP", message = "rjsec550")~~RJStevensMusicPresentationCreator.Program~0000002562
2024-12-14 21:58:17.6583~DEBUG~download completed~~RJStevensMusicPresentationCreator.Program~0000002563
2024-12-14 21:58:17.6583~DEBUG~<- DownloadFile(url = "https://faas-nyc1-2ef2e6cc.doserverless.co/api/v1/web/fn-dd7f8f6a-d32a-4f5e-ae7b-870dfb7963f3/downloads/bundle?id=000000000000558", filename = "C:\Users\cofc_\AppData\Local\Temp\tmp5D8B.tmp\rjsec550.ZIP", message = "rjsec550")~~RJStevensMusicPresentationCreator.Program~0000002564
2024-12-14 21:58:17.6773~DEBUG~-> ExtractAllFromFile(zipFileName = "C:\Users\cofc_\AppData\Local\Temp\tmp5D8B.tmp\rjsec550.ZIP", decompressedFolder = "C:\Users\cofc_\AppData\Local\Temp\tmp5E86.tmp", message = "rjsec550")~~RJStevensMusicPresentationCreator.Program~0000002565
2024-12-14 21:58:17.9453~DEBUG~extract completed~~RJStevensMusicPresentationCreator.Program~0000002566
2024-12-14 21:58:17.9453~DEBUG~<- ExtractAllFromFile(zipFileName = "C:\Users\cofc_\AppData\Local\Temp\tmp5D8B.tmp\rjsec550.ZIP", decompressedFolder = "C:\Users\cofc_\AppData\Local\Temp\tmp5E86.tmp", message = "rjsec550")~~RJStevensMusicPresentationCreator.Program~0000002567
2024-12-14 21:58:18.0203~DEBUG~-> DownloadFile(url = "https://faas-nyc1-2ef2e6cc.doserverless.co/api/v1/web/fn-dd7f8f6a-d32a-4f5e-ae7b-870dfb7963f3/downloads/bundle?id=000000000000559", filename = "C:\Users\cofc_\AppData\Local\Temp\tmp5FDE.tmp\rjsec551.ZIP", message = "rjsec551")~~RJStevensMusicPresentationCreator.Program~0000002568
2024-12-14 21:58:18.2283~DEBUG~download completed~~RJStevensMusicPresentationCreator.Program~0000002569
2024-12-14 21:58:18.2283~DEBUG~<- DownloadFile(url = "https://faas-nyc1-2ef2e6cc.doserverless.co/api/v1/web/fn-dd7f8f6a-d32a-4f5e-ae7b-870dfb7963f3/downloads/bundle?id=000000000000559", filename = "C:\Users\cofc_\AppData\Local\Temp\tmp5FDE.tmp\rjsec551.ZIP", message = "rjsec551")~~RJStevensMusicPresentationCreator.Program~0000002570
2024-12-14 21:58:18.2433~DEBUG~-> ExtractAllFromFile(zipFileName = "C:\Users\cofc_\AppData\Local\Temp\tmp5FDE.tmp\rjsec551.ZIP", decompressedFolder = "C:\Users\cofc_\AppData\Local\Temp\tmp60BA.tmp", message = "rjsec551")~~RJStevensMusicPresentationCreator.Program~0000002571
2024-12-14 21:58:18.4513~DEBUG~extract completed~~RJStevensMusicPresentationCreator.Program~0000002572
2024-12-14 21:58:18.4543~DEBUG~<- ExtractAllFromFile(zipFileName = "C:\Users\cofc_\AppData\Local\Temp\tmp5FDE.tmp\rjsec551.ZIP", decompressedFolder = "C:\Users\cofc_\AppData\Local\Temp\tmp60BA.tmp", message = "rjsec551")~~RJStevensMusicPresentationCreator.Program~0000002573
2024-12-14 21:58:18.5193~DEBUG~-> DownloadFile(url = "https://faas-nyc1-2ef2e6cc.doserverless.co/api/v1/web/fn-dd7f8f6a-d32a-4f5e-ae7b-870dfb7963f3/downloads/bundle?id=000000000000560", filename = "C:\Users\cofc_\AppData\Local\Temp\tmp61D4.tmp\rjsec552.ZIP", message = "rjsec552")~~RJStevensMusicPresentationCreator.Program~0000002574
2024-12-14 21:58:18.7383~DEBUG~download completed~~RJStevensMusicPresentationCreator.Program~0000002575
2024-12-14 21:58:18.7383~DEBUG~<- DownloadFile(url = "https://faas-nyc1-2ef2e6cc.doserverless.co/api/v1/web/fn-dd7f8f6a-d32a-4f5e-ae7b-870dfb7963f3/downloads/bundle?id=000000000000560", filename = "C:\Users\cofc_\AppData\Local\Temp\tmp61D4.tmp\rjsec552.ZIP", message = "rjsec552")~~RJStevensMusicPresentationCreator.Program~0000002576
2024-12-14 21:58:18.7523~DEBUG~-> ExtractAllFromFile(zipFileName = "C:\Users\cofc_\AppData\Local\Temp\tmp61D4.tmp\rjsec552.ZIP", decompressedFolder = "C:\Users\cofc_\AppData\Local\Temp\tmp62C0.tmp", message = "rjsec552")~~RJStevensMusicPresentationCreator.Program~0000002577
2024-12-14 21:58:19.0214~DEBUG~extract completed~~RJStevensMusicPresentationCreator.Program~0000002578
2024-12-14 21:58:19.0214~DEBUG~<- ExtractAllFromFile(zipFileName = "C:\Users\cofc_\AppData\Local\Temp\tmp61D4.tmp\rjsec552.ZIP", decompressedFolder = "C:\Users\cofc_\AppData\Local\Temp\tmp62C0.tmp", message = "rjsec552")~~RJStevensMusicPresentationCreator.Program~0000002579
2024-12-14 21:58:19.0974~DEBUG~-> DownloadFile(url = "https://faas-nyc1-2ef2e6cc.doserverless.co/api/v1/web/fn-dd7f8f6a-d32a-4f5e-ae7b-870dfb7963f3/downloads/bundle?id=000000000000561", filename = "C:\Users\cofc_\AppData\Local\Temp\tmp6419.tmp\rjsec553.ZIP", message = "rjsec553")~~RJStevensMusicPresentationCreator.Program~0000002580
2024-12-14 21:58:19.2904~DEBUG~download completed~~RJStevensMusicPresentationCreator.Program~0000002581
2024-12-14 21:58:19.2904~DEBUG~<- DownloadFile(url = "https://faas-nyc1-2ef2e6cc.doserverless.co/api/v1/web/fn-dd7f8f6a-d32a-4f5e-ae7b-870dfb7963f3/downloads/bundle?id=000000000000561", filename = "C:\Users\cofc_\AppData\Local\Temp\tmp6419.tmp\rjsec553.ZIP", message = "rjsec553")~~RJStevensMusicPresentationCreator.Program~0000002582
2024-12-14 21:58:19.3044~DEBUG~-> ExtractAllFromFile(zipFileName = "C:\Users\cofc_\AppData\Local\Temp\tmp6419.tmp\rjsec553.ZIP", decompressedFolder = "C:\Users\cofc_\AppData\Local\Temp\tmp64E5.tmp", message = "rjsec553")~~RJStevensMusicPresentationCreator.Program~0000002583
2024-12-14 21:58:19.4524~DEBUG~extract completed~~RJStevensMusicPresentationCreator.Program~0000002584
2024-12-14 21:58:19.4554~DEBUG~<- ExtractAllFromFile(zipFileName = "C:\Users\cofc_\AppData\Local\Temp\tmp6419.tmp\rjsec553.ZIP", decompressedFolder = "C:\Users\cofc_\AppData\Local\Temp\tmp64E5.tmp", message = "rjsec553")~~RJStevensMusicPresentationCreator.Program~0000002585
2024-12-14 21:58:19.5094~DEBUG~-> DownloadFile(url = "https://faas-nyc1-2ef2e6cc.doserverless.co/api/v1/web/fn-dd7f8f6a-d32a-4f5e-ae7b-870dfb7963f3/downloads/bundle?id=000000000000562", filename = "C:\Users\cofc_\AppData\Local\Temp\tmp65B1.tmp\rjsec554.ZIP", message = "rjsec554")~~RJStevensMusicPresentationCreator.Program~0000002586
2024-12-14 21:58:19.7634~DEBUG~download completed~~RJStevensMusicPresentationCreator.Program~0000002587
2024-12-14 21:58:19.7634~DEBUG~<- DownloadFile(url = "https://faas-nyc1-2ef2e6cc.doserverless.co/api/v1/web/fn-dd7f8f6a-d32a-4f5e-ae7b-870dfb7963f3/downloads/bundle?id=000000000000562", filename = "C:\Users\cofc_\AppData\Local\Temp\tmp65B1.tmp\rjsec554.ZIP", message = "rjsec554")~~RJStevensMusicPresentationCreator.Program~0000002588
2024-12-14 21:58:19.7784~DEBUG~-> ExtractAllFromFile(zipFileName = "C:\Users\cofc_\AppData\Local\Temp\tmp65B1.tmp\rjsec554.ZIP", decompressedFolder = "C:\Users\cofc_\AppData\Local\Temp\tmp66BB.tmp", message = "rjsec554")~~RJStevensMusicPresentationCreator.Program~0000002589
2024-12-14 21:58:20.1014~DEBUG~extract completed~~RJStevensMusicPresentationCreator.Program~0000002590
2024-12-14 21:58:20.1014~DEBUG~<- ExtractAllFromFile(zipFileName = "C:\Users\cofc_\AppData\Local\Temp\tmp65B1.tmp\rjsec554.ZIP", decompressedFolder = "C:\Users\cofc_\AppData\Local\Temp\tmp66BB.tmp", message = "rjsec554")~~RJStevensMusicPresentationCreator.Program~0000002591
2024-12-14 21:58:20.1915~DEBUG~-> DownloadFile(url = "https://faas-nyc1-2ef2e6cc.doserverless.co/api/v1/web/fn-dd7f8f6a-d32a-4f5e-ae7b-870dfb7963f3/downloads/bundle?id=000000000000564", filename = "C:\Users\cofc_\AppData\Local\Temp\tmp6862.tmp\rjsec556.ZIP", message = "rjsec556")~~RJStevensMusicPresentationCreator.Program~0000002592
2024-12-14 21:58:20.4555~DEBUG~download completed~~RJStevensMusicPresentationCreator.Program~0000002593
2024-12-14 21:58:20.4555~DEBUG~<- DownloadFile(url = "https://faas-nyc1-2ef2e6cc.doserverless.co/api/v1/web/fn-dd7f8f6a-d32a-4f5e-ae7b-870dfb7963f3/downloads/bundle?id=000000000000564", filename = "C:\Users\cofc_\AppData\Local\Temp\tmp6862.tmp\rjsec556.ZIP", message = "rjsec556")~~RJStevensMusicPresentationCreator.Program~0000002594
2024-12-14 21:58:20.4755~DEBUG~-> ExtractAllFromFile(zipFileName = "C:\Users\cofc_\AppData\Local\Temp\tmp6862.tmp\rjsec556.ZIP", decompressedFolder = "C:\Users\cofc_\AppData\Local\Temp\tmp697D.tmp", message = "rjsec556")~~RJStevensMusicPresentationCreator.Program~0000002595
2024-12-14 21:58:20.7875~DEBUG~extract completed~~RJStevensMusicPresentationCreator.Program~0000002596
2024-12-14 21:58:20.7875~DEBUG~<- ExtractAllFromFile(zipFileName = "C:\Users\cofc_\AppData\Local\Temp\tmp6862.tmp\rjsec556.ZIP", decompressedFolder = "C:\Users\cofc_\AppData\Local\Temp\tmp697D.tmp", message = "rjsec556")~~RJStevensMusicPresentationCreator.Program~0000002597
2024-12-14 21:58:20.8775~DEBUG~-> DownloadFile(url = "https://faas-nyc1-2ef2e6cc.doserverless.co/api/v1/web/fn-dd7f8f6a-d32a-4f5e-ae7b-870dfb7963f3/downloads/bundle?id=000000000000566", filename = "C:\Users\cofc_\AppData\Local\Temp\tmp6B14.tmp\rjsec558.ZIP", message = "rjsec558")~~RJStevensMusicPresentationCreator.Program~0000002598
2024-12-14 21:58:21.1075~DEBUG~download completed~~RJStevensMusicPresentationCreator.Program~0000002599
2024-12-14 21:58:21.1075~DEBUG~<- DownloadFile(url = "https://faas-nyc1-2ef2e6cc.doserverless.co/api/v1/web/fn-dd7f8f6a-d32a-4f5e-ae7b-870dfb7963f3/downloads/bundle?id=000000000000566", filename = "C:\Users\cofc_\AppData\Local\Temp\tmp6B14.tmp\rjsec558.ZIP", message = "rjsec558")~~RJStevensMusicPresentationCreator.Program~0000002600
2024-12-14 21:58:21.1215~DEBUG~-> ExtractAllFromFile(zipFileName = "C:\Users\cofc_\AppData\Local\Temp\tmp6B14.tmp\rjsec558.ZIP", decompressedFolder = "C:\Users\cofc_\AppData\Local\Temp\tmp6BFF.tmp", message = "rjsec558")~~RJStevensMusicPresentationCreator.Program~0000002601
2024-12-14 21:58:21.4205~DEBUG~extract completed~~RJStevensMusicPresentationCreator.Program~0000002602
2024-12-14 21:58:21.4246~DEBUG~<- ExtractAllFromFile(zipFileName = "C:\Users\cofc_\AppData\Local\Temp\tmp6B14.tmp\rjsec558.ZIP", decompressedFolder = "C:\Users\cofc_\AppData\Local\Temp\tmp6BFF.tmp", message = "rjsec558")~~RJStevensMusicPresentationCreator.Program~0000002603
2024-12-14 21:58:21.5036~DEBUG~-> DownloadFile(url = "https://faas-nyc1-2ef2e6cc.doserverless.co/api/v1/web/fn-dd7f8f6a-d32a-4f5e-ae7b-870dfb7963f3/downloads/bundle?id=000000000000567", filename = "C:\Users\cofc_\AppData\Local\Temp\tmp6D87.tmp\rjsec559.ZIP", message = "rjsec559")~~RJStevensMusicPresentationCreator.Program~0000002604
2024-12-14 21:58:21.7046~DEBUG~download completed~~RJStevensMusicPresentationCreator.Program~0000002605
2024-12-14 21:58:21.7046~DEBUG~<- DownloadFile(url = "https://faas-nyc1-2ef2e6cc.doserverless.co/api/v1/web/fn-dd7f8f6a-d32a-4f5e-ae7b-870dfb7963f3/downloads/bundle?id=000000000000567", filename = "C:\Users\cofc_\AppData\Local\Temp\tmp6D87.tmp\rjsec559.ZIP", message = "rjsec559")~~RJStevensMusicPresentationCreator.Program~0000002606
2024-12-14 21:58:21.7226~DEBUG~-> ExtractAllFromFile(zipFileName = "C:\Users\cofc_\AppData\Local\Temp\tmp6D87.tmp\rjsec559.ZIP", decompressedFolder = "C:\Users\cofc_\AppData\Local\Temp\tmp6E63.tmp", message = "rjsec559")~~RJStevensMusicPresentationCreator.Program~0000002607
2024-12-14 21:58:21.9036~DEBUG~extract completed~~RJStevensMusicPresentationCreator.Program~0000002608
2024-12-14 21:58:21.9066~DEBUG~<- ExtractAllFromFile(zipFileName = "C:\Users\cofc_\AppData\Local\Temp\tmp6D87.tmp\rjsec559.ZIP", decompressedFolder = "C:\Users\cofc_\AppData\Local\Temp\tmp6E63.tmp", message = "rjsec559")~~RJStevensMusicPresentationCreator.Program~0000002609
2024-12-14 21:58:21.9706~DEBUG~-> DownloadFile(url = "https://faas-nyc1-2ef2e6cc.doserverless.co/api/v1/web/fn-dd7f8f6a-d32a-4f5e-ae7b-870dfb7963f3/downloads/bundle?id=000000000000568", filename = "C:\Users\cofc_\AppData\Local\Temp\tmp6F5E.tmp\rjsec560.ZIP", message = "rjsec560")~~RJStevensMusicPresentationCreator.Program~0000002610
2024-12-14 21:58:22.1956~DEBUG~download completed~~RJStevensMusicPresentationCreator.Program~0000002611
2024-12-14 21:58:22.1956~DEBUG~<- DownloadFile(url = "https://faas-nyc1-2ef2e6cc.doserverless.co/api/v1/web/fn-dd7f8f6a-d32a-4f5e-ae7b-870dfb7963f3/downloads/bundle?id=000000000000568", filename = "C:\Users\cofc_\AppData\Local\Temp\tmp6F5E.tmp\rjsec560.ZIP", message = "rjsec560")~~RJStevensMusicPresentationCreator.Program~0000002612
2024-12-14 21:58:22.2076~DEBUG~-> ExtractAllFromFile(zipFileName = "C:\Users\cofc_\AppData\Local\Temp\tmp6F5E.tmp\rjsec560.ZIP", decompressedFolder = "C:\Users\cofc_\AppData\Local\Temp\tmp7049.tmp", message = "rjsec560")~~RJStevensMusicPresentationCreator.Program~0000002613
2024-12-14 21:58:22.4926~DEBUG~extract completed~~RJStevensMusicPresentationCreator.Program~0000002614
2024-12-14 21:58:22.4926~DEBUG~<- ExtractAllFromFile(zipFileName = "C:\Users\cofc_\AppData\Local\Temp\tmp6F5E.tmp\rjsec560.ZIP", decompressedFolder = "C:\Users\cofc_\AppData\Local\Temp\tmp7049.tmp", message = "rjsec560")~~RJStevensMusicPresentationCreator.Program~0000002615
2024-12-14 21:58:22.5726~DEBUG~-> DownloadFile(url = "https://faas-nyc1-2ef2e6cc.doserverless.co/api/v1/web/fn-dd7f8f6a-d32a-4f5e-ae7b-870dfb7963f3/downloads/bundle?id=000000000000569", filename = "C:\Users\cofc_\AppData\Local\Temp\tmp71B1.tmp\rjsec561.ZIP", message = "rjsec561")~~RJStevensMusicPresentationCreator.Program~0000002616
2024-12-14 21:58:22.7476~DEBUG~download completed~~RJStevensMusicPresentationCreator.Program~0000002617
2024-12-14 21:58:22.7476~DEBUG~<- DownloadFile(url = "https://faas-nyc1-2ef2e6cc.doserverless.co/api/v1/web/fn-dd7f8f6a-d32a-4f5e-ae7b-870dfb7963f3/downloads/bundle?id=000000000000569", filename = "C:\Users\cofc_\AppData\Local\Temp\tmp71B1.tmp\rjsec561.ZIP", message = "rjsec561")~~RJStevensMusicPresentationCreator.Program~0000002618
2024-12-14 21:58:22.7586~DEBUG~-> ExtractAllFromFile(zipFileName = "C:\Users\cofc_\AppData\Local\Temp\tmp71B1.tmp\rjsec561.ZIP", decompressedFolder = "C:\Users\cofc_\AppData\Local\Temp\tmp726E.tmp", message = "rjsec561")~~RJStevensMusicPresentationCreator.Program~0000002619
2024-12-14 21:58:22.8697~DEBUG~extract completed~~RJStevensMusicPresentationCreator.Program~0000002620
2024-12-14 21:58:22.8697~DEBUG~<- ExtractAllFromFile(zipFileName = "C:\Users\cofc_\AppData\Local\Temp\tmp71B1.tmp\rjsec561.ZIP", decompressedFolder = "C:\Users\cofc_\AppData\Local\Temp\tmp726E.tmp", message = "rjsec561")~~RJStevensMusicPresentationCreator.Program~0000002621
2024-12-14 21:58:22.9197~DEBUG~-> DownloadFile(url = "https://faas-nyc1-2ef2e6cc.doserverless.co/api/v1/web/fn-dd7f8f6a-d32a-4f5e-ae7b-870dfb7963f3/downloads/bundle?id=000000000000573", filename = "C:\Users\cofc_\AppData\Local\Temp\tmp730B.tmp\rjsec565.ZIP", message = "rjsec565")~~RJStevensMusicPresentationCreator.Program~0000002622
2024-12-14 21:58:23.1227~DEBUG~download completed~~RJStevensMusicPresentationCreator.Program~0000002623
2024-12-14 21:58:23.1227~DEBUG~<- DownloadFile(url = "https://faas-nyc1-2ef2e6cc.doserverless.co/api/v1/web/fn-dd7f8f6a-d32a-4f5e-ae7b-870dfb7963f3/downloads/bundle?id=000000000000573", filename = "C:\Users\cofc_\AppData\Local\Temp\tmp730B.tmp\rjsec565.ZIP", message = "rjsec565")~~RJStevensMusicPresentationCreator.Program~0000002624
2024-12-14 21:58:23.1347~DEBUG~-> ExtractAllFromFile(zipFileName = "C:\Users\cofc_\AppData\Local\Temp\tmp730B.tmp\rjsec565.ZIP", decompressedFolder = "C:\Users\cofc_\AppData\Local\Temp\tmp73E7.tmp", message = "rjsec565")~~RJStevensMusicPresentationCreator.Program~0000002625
2024-12-14 21:58:23.2487~DEBUG~extract completed~~RJStevensMusicPresentationCreator.Program~0000002626
2024-12-14 21:58:23.2547~DEBUG~<- ExtractAllFromFile(zipFileName = "C:\Users\cofc_\AppData\Local\Temp\tmp730B.tmp\rjsec565.ZIP", decompressedFolder = "C:\Users\cofc_\AppData\Local\Temp\tmp73E7.tmp", message = "rjsec565")~~RJStevensMusicPresentationCreator.Program~0000002627
2024-12-14 21:58:23.3097~DEBUG~-> DownloadFile(url = "https://faas-nyc1-2ef2e6cc.doserverless.co/api/v1/web/fn-dd7f8f6a-d32a-4f5e-ae7b-870dfb7963f3/downloads/bundle?id=000000000000574", filename = "C:\Users\cofc_\AppData\Local\Temp\tmp7494.tmp\rjsec566.ZIP", message = "rjsec566")~~RJStevensMusicPresentationCreator.Program~0000002628
2024-12-14 21:58:23.5727~DEBUG~download completed~~RJStevensMusicPresentationCreator.Program~0000002629
2024-12-14 21:58:23.5727~DEBUG~<- DownloadFile(url = "https://faas-nyc1-2ef2e6cc.doserverless.co/api/v1/web/fn-dd7f8f6a-d32a-4f5e-ae7b-870dfb7963f3/downloads/bundle?id=000000000000574", filename = "C:\Users\cofc_\AppData\Local\Temp\tmp7494.tmp\rjsec566.ZIP", message = "rjsec566")~~RJStevensMusicPresentationCreator.Program~0000002630
2024-12-14 21:58:23.5947~DEBUG~-> ExtractAllFromFile(zipFileName = "C:\Users\cofc_\AppData\Local\Temp\tmp7494.tmp\rjsec566.ZIP", decompressedFolder = "C:\Users\cofc_\AppData\Local\Temp\tmp75AE.tmp", message = "rjsec566")~~RJStevensMusicPresentationCreator.Program~0000002631
2024-12-14 21:58:23.8987~DEBUG~extract completed~~RJStevensMusicPresentationCreator.Program~0000002632
2024-12-14 21:58:23.8987~DEBUG~<- ExtractAllFromFile(zipFileName = "C:\Users\cofc_\AppData\Local\Temp\tmp7494.tmp\rjsec566.ZIP", decompressedFolder = "C:\Users\cofc_\AppData\Local\Temp\tmp75AE.tmp", message = "rjsec566")~~RJStevensMusicPresentationCreator.Program~0000002633
2024-12-14 21:58:23.9787~DEBUG~-> DownloadFile(url = "https://faas-nyc1-2ef2e6cc.doserverless.co/api/v1/web/fn-dd7f8f6a-d32a-4f5e-ae7b-870dfb7963f3/downloads/bundle?id=000000000000576", filename = "C:\Users\cofc_\AppData\Local\Temp\tmp7736.tmp\rjsec568.ZIP", message = "rjsec568")~~RJStevensMusicPresentationCreator.Program~0000002634
2024-12-14 21:58:24.1908~DEBUG~download completed~~RJStevensMusicPresentationCreator.Program~0000002635
2024-12-14 21:58:24.1908~DEBUG~<- DownloadFile(url = "https://faas-nyc1-2ef2e6cc.doserverless.co/api/v1/web/fn-dd7f8f6a-d32a-4f5e-ae7b-870dfb7963f3/downloads/bundle?id=000000000000576", filename = "C:\Users\cofc_\AppData\Local\Temp\tmp7736.tmp\rjsec568.ZIP", message = "rjsec568")~~RJStevensMusicPresentationCreator.Program~0000002636
2024-12-14 21:58:24.2067~DEBUG~-> ExtractAllFromFile(zipFileName = "C:\Users\cofc_\AppData\Local\Temp\tmp7736.tmp\rjsec568.ZIP", decompressedFolder = "C:\Users\cofc_\AppData\Local\Temp\tmp7821.tmp", message = "rjsec568")~~RJStevensMusicPresentationCreator.Program~0000002637
2024-12-14 21:58:24.4818~DEBUG~extract completed~~RJStevensMusicPresentationCreator.Program~0000002638
2024-12-14 21:58:24.4858~DEBUG~<- ExtractAllFromFile(zipFileName = "C:\Users\cofc_\AppData\Local\Temp\tmp7736.tmp\rjsec568.ZIP", decompressedFolder = "C:\Users\cofc_\AppData\Local\Temp\tmp7821.tmp", message = "rjsec568")~~RJStevensMusicPresentationCreator.Program~0000002639
2024-12-14 21:58:24.5598~DEBUG~-> DownloadFile(url = "https://faas-nyc1-2ef2e6cc.doserverless.co/api/v1/web/fn-dd7f8f6a-d32a-4f5e-ae7b-870dfb7963f3/downloads/bundle?id=000000000000577", filename = "C:\Users\cofc_\AppData\Local\Temp\tmp797A.tmp\rjsec569.ZIP", message = "rjsec569")~~RJStevensMusicPresentationCreator.Program~0000002640
2024-12-14 21:58:24.7988~DEBUG~download completed~~RJStevensMusicPresentationCreator.Program~0000002641
2024-12-14 21:58:24.7988~DEBUG~<- DownloadFile(url = "https://faas-nyc1-2ef2e6cc.doserverless.co/api/v1/web/fn-dd7f8f6a-d32a-4f5e-ae7b-870dfb7963f3/downloads/bundle?id=000000000000577", filename = "C:\Users\cofc_\AppData\Local\Temp\tmp797A.tmp\rjsec569.ZIP", message = "rjsec569")~~RJStevensMusicPresentationCreator.Program~0000002642
2024-12-14 21:58:24.8148~DEBUG~-> ExtractAllFromFile(zipFileName = "C:\Users\cofc_\AppData\Local\Temp\tmp797A.tmp\rjsec569.ZIP", decompressedFolder = "C:\Users\cofc_\AppData\Local\Temp\tmp7A84.tmp", message = "rjsec569")~~RJStevensMusicPresentationCreator.Program~0000002643
2024-12-14 21:58:25.0718~DEBUG~extract completed~~RJStevensMusicPresentationCreator.Program~0000002644
2024-12-14 21:58:25.0718~DEBUG~<- ExtractAllFromFile(zipFileName = "C:\Users\cofc_\AppData\Local\Temp\tmp797A.tmp\rjsec569.ZIP", decompressedFolder = "C:\Users\cofc_\AppData\Local\Temp\tmp7A84.tmp", message = "rjsec569")~~RJStevensMusicPresentationCreator.Program~0000002645
2024-12-14 21:58:25.1458~DEBUG~-> DownloadFile(url = "https://faas-nyc1-2ef2e6cc.doserverless.co/api/v1/web/fn-dd7f8f6a-d32a-4f5e-ae7b-870dfb7963f3/downloads/bundle?id=000000000000578", filename = "C:\Users\cofc_\AppData\Local\Temp\tmp7BCD.tmp\rjsec570.ZIP", message = "rjsec570")~~RJStevensMusicPresentationCreator.Program~0000002646
2024-12-14 21:58:25.4178~DEBUG~download completed~~RJStevensMusicPresentationCreator.Program~0000002647
2024-12-14 21:58:25.4178~DEBUG~<- DownloadFile(url = "https://faas-nyc1-2ef2e6cc.doserverless.co/api/v1/web/fn-dd7f8f6a-d32a-4f5e-ae7b-870dfb7963f3/downloads/bundle?id=000000000000578", filename = "C:\Users\cofc_\AppData\Local\Temp\tmp7BCD.tmp\rjsec570.ZIP", message = "rjsec570")~~RJStevensMusicPresentationCreator.Program~0000002648
2024-12-14 21:58:25.4388~DEBUG~-> ExtractAllFromFile(zipFileName = "C:\Users\cofc_\AppData\Local\Temp\tmp7BCD.tmp\rjsec570.ZIP", decompressedFolder = "C:\Users\cofc_\AppData\Local\Temp\tmp7CF7.tmp", message = "rjsec570")~~RJStevensMusicPresentationCreator.Program~0000002649
2024-12-14 21:58:25.7109~DEBUG~extract completed~~RJStevensMusicPresentationCreator.Program~0000002650
2024-12-14 21:58:25.7109~DEBUG~<- ExtractAllFromFile(zipFileName = "C:\Users\cofc_\AppData\Local\Temp\tmp7BCD.tmp\rjsec570.ZIP", decompressedFolder = "C:\Users\cofc_\AppData\Local\Temp\tmp7CF7.tmp", message = "rjsec570")~~RJStevensMusicPresentationCreator.Program~0000002651
2024-12-14 21:58:25.7859~DEBUG~-> DownloadFile(url = "https://faas-nyc1-2ef2e6cc.doserverless.co/api/v1/web/fn-dd7f8f6a-d32a-4f5e-ae7b-870dfb7963f3/downloads/bundle?id=000000000000579", filename = "C:\Users\cofc_\AppData\Local\Temp\tmp7E50.tmp\rjsec571.ZIP", message = "rjsec571")~~RJStevensMusicPresentationCreator.Program~0000002652
2024-12-14 21:58:26.0129~DEBUG~download completed~~RJStevensMusicPresentationCreator.Program~0000002653
2024-12-14 21:58:26.0129~DEBUG~<- DownloadFile(url = "https://faas-nyc1-2ef2e6cc.doserverless.co/api/v1/web/fn-dd7f8f6a-d32a-4f5e-ae7b-870dfb7963f3/downloads/bundle?id=000000000000579", filename = "C:\Users\cofc_\AppData\Local\Temp\tmp7E50.tmp\rjsec571.ZIP", message = "rjsec571")~~RJStevensMusicPresentationCreator.Program~0000002654
2024-12-14 21:58:26.0309~DEBUG~-> ExtractAllFromFile(zipFileName = "C:\Users\cofc_\AppData\Local\Temp\tmp7E50.tmp\rjsec571.ZIP", decompressedFolder = "C:\Users\cofc_\AppData\Local\Temp\tmp7F3B.tmp", message = "rjsec571")~~RJStevensMusicPresentationCreator.Program~0000002655
2024-12-14 21:58:26.2699~DEBUG~extract completed~~RJStevensMusicPresentationCreator.Program~0000002656
2024-12-14 21:58:26.2699~DEBUG~<- ExtractAllFromFile(zipFileName = "C:\Users\cofc_\AppData\Local\Temp\tmp7E50.tmp\rjsec571.ZIP", decompressedFolder = "C:\Users\cofc_\AppData\Local\Temp\tmp7F3B.tmp", message = "rjsec571")~~RJStevensMusicPresentationCreator.Program~0000002657
2024-12-14 21:58:26.3399~DEBUG~-> DownloadFile(url = "https://faas-nyc1-2ef2e6cc.doserverless.co/api/v1/web/fn-dd7f8f6a-d32a-4f5e-ae7b-870dfb7963f3/downloads/bundle?id=000000000000581", filename = "C:\Users\cofc_\AppData\Local\Temp\tmp8075.tmp\rjsec573.ZIP", message = "rjsec573")~~RJStevensMusicPresentationCreator.Program~0000002658
2024-12-14 21:58:26.5929~DEBUG~download completed~~RJStevensMusicPresentationCreator.Program~0000002659
2024-12-14 21:58:26.5929~DEBUG~<- DownloadFile(url = "https://faas-nyc1-2ef2e6cc.doserverless.co/api/v1/web/fn-dd7f8f6a-d32a-4f5e-ae7b-870dfb7963f3/downloads/bundle?id=000000000000581", filename = "C:\Users\cofc_\AppData\Local\Temp\tmp8075.tmp\rjsec573.ZIP", message = "rjsec573")~~RJStevensMusicPresentationCreator.Program~0000002660
2024-12-14 21:58:26.6109~DEBUG~-> ExtractAllFromFile(zipFileName = "C:\Users\cofc_\AppData\Local\Temp\tmp8075.tmp\rjsec573.ZIP", decompressedFolder = "C:\Users\cofc_\AppData\Local\Temp\tmp818F.tmp", message = "rjsec573")~~RJStevensMusicPresentationCreator.Program~0000002661
2024-12-14 21:58:26.8619~DEBUG~extract completed~~RJStevensMusicPresentationCreator.Program~0000002662
2024-12-14 21:58:26.8619~DEBUG~<- ExtractAllFromFile(zipFileName = "C:\Users\cofc_\AppData\Local\Temp\tmp8075.tmp\rjsec573.ZIP", decompressedFolder = "C:\Users\cofc_\AppData\Local\Temp\tmp818F.tmp", message = "rjsec573")~~RJStevensMusicPresentationCreator.Program~0000002663
2024-12-14 21:58:26.9370~DEBUG~-> DownloadFile(url = "https://faas-nyc1-2ef2e6cc.doserverless.co/api/v1/web/fn-dd7f8f6a-d32a-4f5e-ae7b-870dfb7963f3/downloads/bundle?id=000000000000582", filename = "C:\Users\cofc_\AppData\Local\Temp\tmp82C9.tmp\rjsec574.ZIP", message = "rjsec574")~~RJStevensMusicPresentationCreator.Program~0000002664
2024-12-14 21:58:27.1960~DEBUG~download completed~~RJStevensMusicPresentationCreator.Program~0000002665
2024-12-14 21:58:27.1960~DEBUG~<- DownloadFile(url = "https://faas-nyc1-2ef2e6cc.doserverless.co/api/v1/web/fn-dd7f8f6a-d32a-4f5e-ae7b-870dfb7963f3/downloads/bundle?id=000000000000582", filename = "C:\Users\cofc_\AppData\Local\Temp\tmp82C9.tmp\rjsec574.ZIP", message = "rjsec574")~~RJStevensMusicPresentationCreator.Program~0000002666
2024-12-14 21:58:27.2140~DEBUG~-> ExtractAllFromFile(zipFileName = "C:\Users\cofc_\AppData\Local\Temp\tmp82C9.tmp\rjsec574.ZIP", decompressedFolder = "C:\Users\cofc_\AppData\Local\Temp\tmp83E3.tmp", message = "rjsec574")~~RJStevensMusicPresentationCreator.Program~0000002667
2024-12-14 21:58:27.4830~DEBUG~extract completed~~RJStevensMusicPresentationCreator.Program~0000002668
2024-12-14 21:58:27.4870~DEBUG~<- ExtractAllFromFile(zipFileName = "C:\Users\cofc_\AppData\Local\Temp\tmp82C9.tmp\rjsec574.ZIP", decompressedFolder = "C:\Users\cofc_\AppData\Local\Temp\tmp83E3.tmp", message = "rjsec574")~~RJStevensMusicPresentationCreator.Program~0000002669
2024-12-14 21:58:27.5570~DEBUG~-> DownloadFile(url = "https://faas-nyc1-2ef2e6cc.doserverless.co/api/v1/web/fn-dd7f8f6a-d32a-4f5e-ae7b-870dfb7963f3/downloads/bundle?id=000000000000584", filename = "C:\Users\cofc_\AppData\Local\Temp\tmp853C.tmp\rjsec576.ZIP", message = "rjsec576")~~RJStevensMusicPresentationCreator.Program~0000002670
2024-12-14 21:58:27.8170~DEBUG~download completed~~RJStevensMusicPresentationCreator.Program~0000002671
2024-12-14 21:58:27.8170~DEBUG~<- DownloadFile(url = "https://faas-nyc1-2ef2e6cc.doserverless.co/api/v1/web/fn-dd7f8f6a-d32a-4f5e-ae7b-870dfb7963f3/downloads/bundle?id=000000000000584", filename = "C:\Users\cofc_\AppData\Local\Temp\tmp853C.tmp\rjsec576.ZIP", message = "rjsec576")~~RJStevensMusicPresentationCreator.Program~0000002672
2024-12-14 21:58:27.8330~DEBUG~-> ExtractAllFromFile(zipFileName = "C:\Users\cofc_\AppData\Local\Temp\tmp853C.tmp\rjsec576.ZIP", decompressedFolder = "C:\Users\cofc_\AppData\Local\Temp\tmp8656.tmp", message = "rjsec576")~~RJStevensMusicPresentationCreator.Program~0000002673
2024-12-14 21:58:28.1150~DEBUG~extract completed~~RJStevensMusicPresentationCreator.Program~0000002674
2024-12-14 21:58:28.1150~DEBUG~<- ExtractAllFromFile(zipFileName = "C:\Users\cofc_\AppData\Local\Temp\tmp853C.tmp\rjsec576.ZIP", decompressedFolder = "C:\Users\cofc_\AppData\Local\Temp\tmp8656.tmp", message = "rjsec576")~~RJStevensMusicPresentationCreator.Program~0000002675
2024-12-14 21:58:28.1920~DEBUG~-> DownloadFile(url = "https://faas-nyc1-2ef2e6cc.doserverless.co/api/v1/web/fn-dd7f8f6a-d32a-4f5e-ae7b-870dfb7963f3/downloads/bundle?id=000000000000585", filename = "C:\Users\cofc_\AppData\Local\Temp\tmp87BE.tmp\rjsec577.ZIP", message = "rjsec577")~~RJStevensMusicPresentationCreator.Program~0000002676
2024-12-14 21:58:28.4371~DEBUG~download completed~~RJStevensMusicPresentationCreator.Program~0000002677
2024-12-14 21:58:28.4381~DEBUG~<- DownloadFile(url = "https://faas-nyc1-2ef2e6cc.doserverless.co/api/v1/web/fn-dd7f8f6a-d32a-4f5e-ae7b-870dfb7963f3/downloads/bundle?id=000000000000585", filename = "C:\Users\cofc_\AppData\Local\Temp\tmp87BE.tmp\rjsec577.ZIP", message = "rjsec577")~~RJStevensMusicPresentationCreator.Program~0000002678
2024-12-14 21:58:28.4381~DEBUG~-> ExtractAllFromFile(zipFileName = "C:\Users\cofc_\AppData\Local\Temp\tmp87BE.tmp\rjsec577.ZIP", decompressedFolder = "C:\Users\cofc_\AppData\Local\Temp\tmp88B9.tmp", message = "rjsec577")~~RJStevensMusicPresentationCreator.Program~0000002679
2024-12-14 21:58:28.6741~DEBUG~extract completed~~RJStevensMusicPresentationCreator.Program~0000002680
2024-12-14 21:58:28.6741~DEBUG~<- ExtractAllFromFile(zipFileName = "C:\Users\cofc_\AppData\Local\Temp\tmp87BE.tmp\rjsec577.ZIP", decompressedFolder = "C:\Users\cofc_\AppData\Local\Temp\tmp88B9.tmp", message = "rjsec577")~~RJStevensMusicPresentationCreator.Program~0000002681
2024-12-14 21:58:28.7431~DEBUG~-> DownloadFile(url = "https://faas-nyc1-2ef2e6cc.doserverless.co/api/v1/web/fn-dd7f8f6a-d32a-4f5e-ae7b-870dfb7963f3/downloads/bundle?id=000000000000586", filename = "C:\Users\cofc_\AppData\Local\Temp\tmp89E3.tmp\rjsec578.ZIP", message = "rjsec578")~~RJStevensMusicPresentationCreator.Program~0000002682
2024-12-14 21:58:29.0101~DEBUG~download completed~~RJStevensMusicPresentationCreator.Program~0000002683
2024-12-14 21:58:29.0101~DEBUG~<- DownloadFile(url = "https://faas-nyc1-2ef2e6cc.doserverless.co/api/v1/web/fn-dd7f8f6a-d32a-4f5e-ae7b-870dfb7963f3/downloads/bundle?id=000000000000586", filename = "C:\Users\cofc_\AppData\Local\Temp\tmp89E3.tmp\rjsec578.ZIP", message = "rjsec578")~~RJStevensMusicPresentationCreator.Program~0000002684
2024-12-14 21:58:29.0281~DEBUG~-> ExtractAllFromFile(zipFileName = "C:\Users\cofc_\AppData\Local\Temp\tmp89E3.tmp\rjsec578.ZIP", decompressedFolder = "C:\Users\cofc_\AppData\Local\Temp\tmp8AFD.tmp", message = "rjsec578")~~RJStevensMusicPresentationCreator.Program~0000002685
2024-12-14 21:58:29.3581~DEBUG~extract completed~~RJStevensMusicPresentationCreator.Program~0000002686
2024-12-14 21:58:29.3601~DEBUG~<- ExtractAllFromFile(zipFileName = "C:\Users\cofc_\AppData\Local\Temp\tmp89E3.tmp\rjsec578.ZIP", decompressedFolder = "C:\Users\cofc_\AppData\Local\Temp\tmp8AFD.tmp", message = "rjsec578")~~RJStevensMusicPresentationCreator.Program~0000002687
2024-12-14 21:58:29.4391~DEBUG~-> DownloadFile(url = "https://faas-nyc1-2ef2e6cc.doserverless.co/api/v1/web/fn-dd7f8f6a-d32a-4f5e-ae7b-870dfb7963f3/downloads/bundle?id=000000000000587", filename = "C:\Users\cofc_\AppData\Local\Temp\tmp8CA4.tmp\rjsec578.16.ZIP", message = "rjsec578.16")~~RJStevensMusicPresentationCreator.Program~0000002688
2024-12-14 21:58:29.6992~DEBUG~download completed~~RJStevensMusicPresentationCreator.Program~0000002689
2024-12-14 21:58:29.6992~DEBUG~<- DownloadFile(url = "https://faas-nyc1-2ef2e6cc.doserverless.co/api/v1/web/fn-dd7f8f6a-d32a-4f5e-ae7b-870dfb7963f3/downloads/bundle?id=000000000000587", filename = "C:\Users\cofc_\AppData\Local\Temp\tmp8CA4.tmp\rjsec578.16.ZIP", message = "rjsec578.16")~~RJStevensMusicPresentationCreator.Program~0000002690
2024-12-14 21:58:29.7192~DEBUG~-> ExtractAllFromFile(zipFileName = "C:\Users\cofc_\AppData\Local\Temp\tmp8CA4.tmp\rjsec578.16.ZIP", decompressedFolder = "C:\Users\cofc_\AppData\Local\Temp\tmp8DAF.tmp", message = "rjsec578.16")~~RJStevensMusicPresentationCreator.Program~0000002691
2024-12-14 21:58:30.0432~DEBUG~extract completed~~RJStevensMusicPresentationCreator.Program~0000002692
2024-12-14 21:58:30.0432~DEBUG~<- ExtractAllFromFile(zipFileName = "C:\Users\cofc_\AppData\Local\Temp\tmp8CA4.tmp\rjsec578.16.ZIP", decompressedFolder = "C:\Users\cofc_\AppData\Local\Temp\tmp8DAF.tmp", message = "rjsec578.16")~~RJStevensMusicPresentationCreator.Program~0000002693
2024-12-14 21:58:30.1322~DEBUG~-> DownloadFile(url = "https://faas-nyc1-2ef2e6cc.doserverless.co/api/v1/web/fn-dd7f8f6a-d32a-4f5e-ae7b-870dfb7963f3/downloads/bundle?id=000000000000588", filename = "C:\Users\cofc_\AppData\Local\Temp\tmp8F56.tmp\rjsec579.ZIP", message = "rjsec579")~~RJStevensMusicPresentationCreator.Program~0000002694
2024-12-14 21:58:30.3292~DEBUG~download completed~~RJStevensMusicPresentationCreator.Program~0000002695
2024-12-14 21:58:30.3292~DEBUG~<- DownloadFile(url = "https://faas-nyc1-2ef2e6cc.doserverless.co/api/v1/web/fn-dd7f8f6a-d32a-4f5e-ae7b-870dfb7963f3/downloads/bundle?id=000000000000588", filename = "C:\Users\cofc_\AppData\Local\Temp\tmp8F56.tmp\rjsec579.ZIP", message = "rjsec579")~~RJStevensMusicPresentationCreator.Program~0000002696
2024-12-14 21:58:30.3292~DEBUG~-> ExtractAllFromFile(zipFileName = "C:\Users\cofc_\AppData\Local\Temp\tmp8F56.tmp\rjsec579.ZIP", decompressedFolder = "C:\Users\cofc_\AppData\Local\Temp\tmp9022.tmp", message = "rjsec579")~~RJStevensMusicPresentationCreator.Program~0000002697
2024-12-14 21:58:30.5722~DEBUG~extract completed~~RJStevensMusicPresentationCreator.Program~0000002698
2024-12-14 21:58:30.5722~DEBUG~<- ExtractAllFromFile(zipFileName = "C:\Users\cofc_\AppData\Local\Temp\tmp8F56.tmp\rjsec579.ZIP", decompressedFolder = "C:\Users\cofc_\AppData\Local\Temp\tmp9022.tmp", message = "rjsec579")~~RJStevensMusicPresentationCreator.Program~0000002699
2024-12-14 21:58:30.6412~DEBUG~-> DownloadFile(url = "https://faas-nyc1-2ef2e6cc.doserverless.co/api/v1/web/fn-dd7f8f6a-d32a-4f5e-ae7b-870dfb7963f3/downloads/bundle?id=000000000000590", filename = "C:\Users\cofc_\AppData\Local\Temp\tmp914C.tmp\rjsec581.ZIP", message = "rjsec581")~~RJStevensMusicPresentationCreator.Program~0000002700
2024-12-14 21:58:30.8582~DEBUG~download completed~~RJStevensMusicPresentationCreator.Program~0000002701
2024-12-14 21:58:30.8582~DEBUG~<- DownloadFile(url = "https://faas-nyc1-2ef2e6cc.doserverless.co/api/v1/web/fn-dd7f8f6a-d32a-4f5e-ae7b-870dfb7963f3/downloads/bundle?id=000000000000590", filename = "C:\Users\cofc_\AppData\Local\Temp\tmp914C.tmp\rjsec581.ZIP", message = "rjsec581")~~RJStevensMusicPresentationCreator.Program~0000002702
2024-12-14 21:58:30.8692~DEBUG~-> ExtractAllFromFile(zipFileName = "C:\Users\cofc_\AppData\Local\Temp\tmp914C.tmp\rjsec581.ZIP", decompressedFolder = "C:\Users\cofc_\AppData\Local\Temp\tmp9237.tmp", message = "rjsec581")~~RJStevensMusicPresentationCreator.Program~0000002703
2024-12-14 21:58:31.0322~DEBUG~extract completed~~RJStevensMusicPresentationCreator.Program~0000002704
2024-12-14 21:58:31.0322~DEBUG~<- ExtractAllFromFile(zipFileName = "C:\Users\cofc_\AppData\Local\Temp\tmp914C.tmp\rjsec581.ZIP", decompressedFolder = "C:\Users\cofc_\AppData\Local\Temp\tmp9237.tmp", message = "rjsec581")~~RJStevensMusicPresentationCreator.Program~0000002705
2024-12-14 21:58:31.0952~DEBUG~-> DownloadFile(url = "https://faas-nyc1-2ef2e6cc.doserverless.co/api/v1/web/fn-dd7f8f6a-d32a-4f5e-ae7b-870dfb7963f3/downloads/bundle?id=000000000000591", filename = "C:\Users\cofc_\AppData\Local\Temp\tmp9313.tmp\rjsec582.ZIP", message = "rjsec582")~~RJStevensMusicPresentationCreator.Program~0000002706
2024-12-14 21:58:31.3263~DEBUG~download completed~~RJStevensMusicPresentationCreator.Program~0000002707
2024-12-14 21:58:31.3263~DEBUG~<- DownloadFile(url = "https://faas-nyc1-2ef2e6cc.doserverless.co/api/v1/web/fn-dd7f8f6a-d32a-4f5e-ae7b-870dfb7963f3/downloads/bundle?id=000000000000591", filename = "C:\Users\cofc_\AppData\Local\Temp\tmp9313.tmp\rjsec582.ZIP", message = "rjsec582")~~RJStevensMusicPresentationCreator.Program~0000002708
2024-12-14 21:58:31.3423~DEBUG~-> ExtractAllFromFile(zipFileName = "C:\Users\cofc_\AppData\Local\Temp\tmp9313.tmp\rjsec582.ZIP", decompressedFolder = "C:\Users\cofc_\AppData\Local\Temp\tmp940E.tmp", message = "rjsec582")~~RJStevensMusicPresentationCreator.Program~0000002709
2024-12-14 21:58:31.6113~DEBUG~extract completed~~RJStevensMusicPresentationCreator.Program~0000002710
2024-12-14 21:58:31.6113~DEBUG~<- ExtractAllFromFile(zipFileName = "C:\Users\cofc_\AppData\Local\Temp\tmp9313.tmp\rjsec582.ZIP", decompressedFolder = "C:\Users\cofc_\AppData\Local\Temp\tmp940E.tmp", message = "rjsec582")~~RJStevensMusicPresentationCreator.Program~0000002711
2024-12-14 21:58:31.6873~DEBUG~-> DownloadFile(url = "https://faas-nyc1-2ef2e6cc.doserverless.co/api/v1/web/fn-dd7f8f6a-d32a-4f5e-ae7b-870dfb7963f3/downloads/bundle?id=000000000000592", filename = "C:\Users\cofc_\AppData\Local\Temp\tmp9567.tmp\rjsec583.ZIP", message = "rjsec583")~~RJStevensMusicPresentationCreator.Program~0000002712
2024-12-14 21:58:31.9413~DEBUG~download completed~~RJStevensMusicPresentationCreator.Program~0000002713
2024-12-14 21:58:31.9413~DEBUG~<- DownloadFile(url = "https://faas-nyc1-2ef2e6cc.doserverless.co/api/v1/web/fn-dd7f8f6a-d32a-4f5e-ae7b-870dfb7963f3/downloads/bundle?id=000000000000592", filename = "C:\Users\cofc_\AppData\Local\Temp\tmp9567.tmp\rjsec583.ZIP", message = "rjsec583")~~RJStevensMusicPresentationCreator.Program~0000002714
2024-12-14 21:58:31.9413~DEBUG~-> ExtractAllFromFile(zipFileName = "C:\Users\cofc_\AppData\Local\Temp\tmp9567.tmp\rjsec583.ZIP", decompressedFolder = "C:\Users\cofc_\AppData\Local\Temp\tmp9671.tmp", message = "rjsec583")~~RJStevensMusicPresentationCreator.Program~0000002715
2024-12-14 21:58:32.2173~DEBUG~extract completed~~RJStevensMusicPresentationCreator.Program~0000002716
2024-12-14 21:58:32.2233~DEBUG~<- ExtractAllFromFile(zipFileName = "C:\Users\cofc_\AppData\Local\Temp\tmp9567.tmp\rjsec583.ZIP", decompressedFolder = "C:\Users\cofc_\AppData\Local\Temp\tmp9671.tmp", message = "rjsec583")~~RJStevensMusicPresentationCreator.Program~0000002717
2024-12-14 21:58:32.2953~DEBUG~-> DownloadFile(url = "https://faas-nyc1-2ef2e6cc.doserverless.co/api/v1/web/fn-dd7f8f6a-d32a-4f5e-ae7b-870dfb7963f3/downloads/bundle?id=000000000000594", filename = "C:\Users\cofc_\AppData\Local\Temp\tmp97CA.tmp\rjsec585.ZIP", message = "rjsec585")~~RJStevensMusicPresentationCreator.Program~0000002718
2024-12-14 21:58:32.7744~DEBUG~download completed~~RJStevensMusicPresentationCreator.Program~0000002719
2024-12-14 21:58:32.7744~DEBUG~<- DownloadFile(url = "https://faas-nyc1-2ef2e6cc.doserverless.co/api/v1/web/fn-dd7f8f6a-d32a-4f5e-ae7b-870dfb7963f3/downloads/bundle?id=000000000000594", filename = "C:\Users\cofc_\AppData\Local\Temp\tmp97CA.tmp\rjsec585.ZIP", message = "rjsec585")~~RJStevensMusicPresentationCreator.Program~0000002720
2024-12-14 21:58:32.7904~DEBUG~-> ExtractAllFromFile(zipFileName = "C:\Users\cofc_\AppData\Local\Temp\tmp97CA.tmp\rjsec585.ZIP", decompressedFolder = "C:\Users\cofc_\AppData\Local\Temp\tmp99BF.tmp", message = "rjsec585")~~RJStevensMusicPresentationCreator.Program~0000002721
2024-12-14 21:58:33.0204~DEBUG~extract completed~~RJStevensMusicPresentationCreator.Program~0000002722
2024-12-14 21:58:33.0204~DEBUG~<- ExtractAllFromFile(zipFileName = "C:\Users\cofc_\AppData\Local\Temp\tmp97CA.tmp\rjsec585.ZIP", decompressedFolder = "C:\Users\cofc_\AppData\Local\Temp\tmp99BF.tmp", message = "rjsec585")~~RJStevensMusicPresentationCreator.Program~0000002723
2024-12-14 21:58:33.0904~DEBUG~-> DownloadFile(url = "https://faas-nyc1-2ef2e6cc.doserverless.co/api/v1/web/fn-dd7f8f6a-d32a-4f5e-ae7b-870dfb7963f3/downloads/bundle?id=000000000000596", filename = "C:\Users\cofc_\AppData\Local\Temp\tmp9AE9.tmp\rjsec587.ZIP", message = "rjsec587")~~RJStevensMusicPresentationCreator.Program~0000002724
2024-12-14 21:58:33.2784~DEBUG~download completed~~RJStevensMusicPresentationCreator.Program~0000002725
2024-12-14 21:58:33.2784~DEBUG~<- DownloadFile(url = "https://faas-nyc1-2ef2e6cc.doserverless.co/api/v1/web/fn-dd7f8f6a-d32a-4f5e-ae7b-870dfb7963f3/downloads/bundle?id=000000000000596", filename = "C:\Users\cofc_\AppData\Local\Temp\tmp9AE9.tmp\rjsec587.ZIP", message = "rjsec587")~~RJStevensMusicPresentationCreator.Program~0000002726
2024-12-14 21:58:33.2894~DEBUG~-> ExtractAllFromFile(zipFileName = "C:\Users\cofc_\AppData\Local\Temp\tmp9AE9.tmp\rjsec587.ZIP", decompressedFolder = "C:\Users\cofc_\AppData\Local\Temp\tmp9BB5.tmp", message = "rjsec587")~~RJStevensMusicPresentationCreator.Program~0000002727
2024-12-14 21:58:33.4244~DEBUG~extract completed~~RJStevensMusicPresentationCreator.Program~0000002728
2024-12-14 21:58:33.4244~DEBUG~<- ExtractAllFromFile(zipFileName = "C:\Users\cofc_\AppData\Local\Temp\tmp9AE9.tmp\rjsec587.ZIP", decompressedFolder = "C:\Users\cofc_\AppData\Local\Temp\tmp9BB5.tmp", message = "rjsec587")~~RJStevensMusicPresentationCreator.Program~0000002729
2024-12-14 21:58:33.4764~DEBUG~-> DownloadFile(url = "https://faas-nyc1-2ef2e6cc.doserverless.co/api/v1/web/fn-dd7f8f6a-d32a-4f5e-ae7b-870dfb7963f3/downloads/bundle?id=000000000000597", filename = "C:\Users\cofc_\AppData\Local\Temp\tmp9C72.tmp\rjsec588.ZIP", message = "rjsec588")~~RJStevensMusicPresentationCreator.Program~0000002730
2024-12-14 21:58:33.7084~DEBUG~download completed~~RJStevensMusicPresentationCreator.Program~0000002731
2024-12-14 21:58:33.7084~DEBUG~<- DownloadFile(url = "https://faas-nyc1-2ef2e6cc.doserverless.co/api/v1/web/fn-dd7f8f6a-d32a-4f5e-ae7b-870dfb7963f3/downloads/bundle?id=000000000000597", filename = "C:\Users\cofc_\AppData\Local\Temp\tmp9C72.tmp\rjsec588.ZIP", message = "rjsec588")~~RJStevensMusicPresentationCreator.Program~0000002732
2024-12-14 21:58:33.7254~DEBUG~-> ExtractAllFromFile(zipFileName = "C:\Users\cofc_\AppData\Local\Temp\tmp9C72.tmp\rjsec588.ZIP", decompressedFolder = "C:\Users\cofc_\AppData\Local\Temp\tmp9D6D.tmp", message = "rjsec588")~~RJStevensMusicPresentationCreator.Program~0000002733
2024-12-14 21:58:33.9955~DEBUG~extract completed~~RJStevensMusicPresentationCreator.Program~0000002734
2024-12-14 21:58:33.9955~DEBUG~<- ExtractAllFromFile(zipFileName = "C:\Users\cofc_\AppData\Local\Temp\tmp9C72.tmp\rjsec588.ZIP", decompressedFolder = "C:\Users\cofc_\AppData\Local\Temp\tmp9D6D.tmp", message = "rjsec588")~~RJStevensMusicPresentationCreator.Program~0000002735
2024-12-14 21:58:34.0725~DEBUG~-> DownloadFile(url = "https://faas-nyc1-2ef2e6cc.doserverless.co/api/v1/web/fn-dd7f8f6a-d32a-4f5e-ae7b-870dfb7963f3/downloads/bundle?id=000000000000602", filename = "C:\Users\cofc_\AppData\Local\Temp\tmp9EC5.tmp\rjsec593.ZIP", message = "rjsec593")~~RJStevensMusicPresentationCreator.Program~0000002736
2024-12-14 21:58:34.2735~DEBUG~download completed~~RJStevensMusicPresentationCreator.Program~0000002737
2024-12-14 21:58:34.2735~DEBUG~<- DownloadFile(url = "https://faas-nyc1-2ef2e6cc.doserverless.co/api/v1/web/fn-dd7f8f6a-d32a-4f5e-ae7b-870dfb7963f3/downloads/bundle?id=000000000000602", filename = "C:\Users\cofc_\AppData\Local\Temp\tmp9EC5.tmp\rjsec593.ZIP", message = "rjsec593")~~RJStevensMusicPresentationCreator.Program~0000002738
2024-12-14 21:58:34.2875~DEBUG~-> ExtractAllFromFile(zipFileName = "C:\Users\cofc_\AppData\Local\Temp\tmp9EC5.tmp\rjsec593.ZIP", decompressedFolder = "C:\Users\cofc_\AppData\Local\Temp\tmp9FA1.tmp", message = "rjsec593")~~RJStevensMusicPresentationCreator.Program~0000002739
2024-12-14 21:58:34.5025~DEBUG~extract completed~~RJStevensMusicPresentationCreator.Program~0000002740
2024-12-14 21:58:34.5025~DEBUG~<- ExtractAllFromFile(zipFileName = "C:\Users\cofc_\AppData\Local\Temp\tmp9EC5.tmp\rjsec593.ZIP", decompressedFolder = "C:\Users\cofc_\AppData\Local\Temp\tmp9FA1.tmp", message = "rjsec593")~~RJStevensMusicPresentationCreator.Program~0000002741
2024-12-14 21:58:34.5735~DEBUG~-> DownloadFile(url = "https://faas-nyc1-2ef2e6cc.doserverless.co/api/v1/web/fn-dd7f8f6a-d32a-4f5e-ae7b-870dfb7963f3/downloads/bundle?id=000000000000603", filename = "C:\Users\cofc_\AppData\Local\Temp\tmpA0BB.tmp\rjsec594.ZIP", message = "rjsec594")~~RJStevensMusicPresentationCreator.Program~0000002742
2024-12-14 21:58:34.8545~DEBUG~download completed~~RJStevensMusicPresentationCreator.Program~0000002743
2024-12-14 21:58:34.8545~DEBUG~<- DownloadFile(url = "https://faas-nyc1-2ef2e6cc.doserverless.co/api/v1/web/fn-dd7f8f6a-d32a-4f5e-ae7b-870dfb7963f3/downloads/bundle?id=000000000000603", filename = "C:\Users\cofc_\AppData\Local\Temp\tmpA0BB.tmp\rjsec594.ZIP", message = "rjsec594")~~RJStevensMusicPresentationCreator.Program~0000002744
2024-12-14 21:58:34.8715~DEBUG~-> ExtractAllFromFile(zipFileName = "C:\Users\cofc_\AppData\Local\Temp\tmpA0BB.tmp\rjsec594.ZIP", decompressedFolder = "C:\Users\cofc_\AppData\Local\Temp\tmpA1E5.tmp", message = "rjsec594")~~RJStevensMusicPresentationCreator.Program~0000002745
2024-12-14 21:58:35.2175~DEBUG~extract completed~~RJStevensMusicPresentationCreator.Program~0000002746
2024-12-14 21:58:35.2205~DEBUG~<- ExtractAllFromFile(zipFileName = "C:\Users\cofc_\AppData\Local\Temp\tmpA0BB.tmp\rjsec594.ZIP", decompressedFolder = "C:\Users\cofc_\AppData\Local\Temp\tmpA1E5.tmp", message = "rjsec594")~~RJStevensMusicPresentationCreator.Program~0000002747
2024-12-14 21:58:35.3105~DEBUG~-> DownloadFile(url = "https://faas-nyc1-2ef2e6cc.doserverless.co/api/v1/web/fn-dd7f8f6a-d32a-4f5e-ae7b-870dfb7963f3/downloads/bundle?id=000000000000604", filename = "C:\Users\cofc_\AppData\Local\Temp\tmpA39C.tmp\rjsec595.ZIP", message = "rjsec595")~~RJStevensMusicPresentationCreator.Program~0000002748
2024-12-14 21:58:35.5296~DEBUG~download completed~~RJStevensMusicPresentationCreator.Program~0000002749
2024-12-14 21:58:35.5296~DEBUG~<- DownloadFile(url = "https://faas-nyc1-2ef2e6cc.doserverless.co/api/v1/web/fn-dd7f8f6a-d32a-4f5e-ae7b-870dfb7963f3/downloads/bundle?id=000000000000604", filename = "C:\Users\cofc_\AppData\Local\Temp\tmpA39C.tmp\rjsec595.ZIP", message = "rjsec595")~~RJStevensMusicPresentationCreator.Program~0000002750
2024-12-14 21:58:35.5426~DEBUG~-> ExtractAllFromFile(zipFileName = "C:\Users\cofc_\AppData\Local\Temp\tmpA39C.tmp\rjsec595.ZIP", decompressedFolder = "C:\Users\cofc_\AppData\Local\Temp\tmpA487.tmp", message = "rjsec595")~~RJStevensMusicPresentationCreator.Program~0000002751
2024-12-14 21:58:35.7486~DEBUG~extract completed~~RJStevensMusicPresentationCreator.Program~0000002752
2024-12-14 21:58:35.7516~DEBUG~<- ExtractAllFromFile(zipFileName = "C:\Users\cofc_\AppData\Local\Temp\tmpA39C.tmp\rjsec595.ZIP", decompressedFolder = "C:\Users\cofc_\AppData\Local\Temp\tmpA487.tmp", message = "rjsec595")~~RJStevensMusicPresentationCreator.Program~0000002753
2024-12-14 21:58:35.8176~DEBUG~-> DownloadFile(url = "https://faas-nyc1-2ef2e6cc.doserverless.co/api/v1/web/fn-dd7f8f6a-d32a-4f5e-ae7b-870dfb7963f3/downloads/bundle?id=000000000000606", filename = "C:\Users\cofc_\AppData\Local\Temp\tmpA5A1.tmp\rjsec597.ZIP", message = "rjsec597")~~RJStevensMusicPresentationCreator.Program~0000002754
2024-12-14 21:58:36.0206~DEBUG~download completed~~RJStevensMusicPresentationCreator.Program~0000002755
2024-12-14 21:58:36.0206~DEBUG~<- DownloadFile(url = "https://faas-nyc1-2ef2e6cc.doserverless.co/api/v1/web/fn-dd7f8f6a-d32a-4f5e-ae7b-870dfb7963f3/downloads/bundle?id=000000000000606", filename = "C:\Users\cofc_\AppData\Local\Temp\tmpA5A1.tmp\rjsec597.ZIP", message = "rjsec597")~~RJStevensMusicPresentationCreator.Program~0000002756
2024-12-14 21:58:36.0206~DEBUG~-> ExtractAllFromFile(zipFileName = "C:\Users\cofc_\AppData\Local\Temp\tmpA5A1.tmp\rjsec597.ZIP", decompressedFolder = "C:\Users\cofc_\AppData\Local\Temp\tmpA66D.tmp", message = "rjsec597")~~RJStevensMusicPresentationCreator.Program~0000002757
2024-12-14 21:58:36.2426~DEBUG~extract completed~~RJStevensMusicPresentationCreator.Program~0000002758
2024-12-14 21:58:36.2426~DEBUG~<- ExtractAllFromFile(zipFileName = "C:\Users\cofc_\AppData\Local\Temp\tmpA5A1.tmp\rjsec597.ZIP", decompressedFolder = "C:\Users\cofc_\AppData\Local\Temp\tmpA66D.tmp", message = "rjsec597")~~RJStevensMusicPresentationCreator.Program~0000002759
2024-12-14 21:58:36.3156~DEBUG~-> DownloadFile(url = "https://faas-nyc1-2ef2e6cc.doserverless.co/api/v1/web/fn-dd7f8f6a-d32a-4f5e-ae7b-870dfb7963f3/downloads/bundle?id=000000000000607", filename = "C:\Users\cofc_\AppData\Local\Temp\tmpA797.tmp\rjsec598.ZIP", message = "rjsec598")~~RJStevensMusicPresentationCreator.Program~0000002760
2024-12-14 21:58:36.5886~DEBUG~download completed~~RJStevensMusicPresentationCreator.Program~0000002761
2024-12-14 21:58:36.5886~DEBUG~<- DownloadFile(url = "https://faas-nyc1-2ef2e6cc.doserverless.co/api/v1/web/fn-dd7f8f6a-d32a-4f5e-ae7b-870dfb7963f3/downloads/bundle?id=000000000000607", filename = "C:\Users\cofc_\AppData\Local\Temp\tmpA797.tmp\rjsec598.ZIP", message = "rjsec598")~~RJStevensMusicPresentationCreator.Program~0000002762
2024-12-14 21:58:36.6036~DEBUG~-> ExtractAllFromFile(zipFileName = "C:\Users\cofc_\AppData\Local\Temp\tmpA797.tmp\rjsec598.ZIP", decompressedFolder = "C:\Users\cofc_\AppData\Local\Temp\tmpA8B2.tmp", message = "rjsec598")~~RJStevensMusicPresentationCreator.Program~0000002763
2024-12-14 21:58:36.8837~DEBUG~extract completed~~RJStevensMusicPresentationCreator.Program~0000002764
2024-12-14 21:58:36.8837~DEBUG~<- ExtractAllFromFile(zipFileName = "C:\Users\cofc_\AppData\Local\Temp\tmpA797.tmp\rjsec598.ZIP", decompressedFolder = "C:\Users\cofc_\AppData\Local\Temp\tmpA8B2.tmp", message = "rjsec598")~~RJStevensMusicPresentationCreator.Program~0000002765
2024-12-14 21:58:36.9627~DEBUG~-> DownloadFile(url = "https://faas-nyc1-2ef2e6cc.doserverless.co/api/v1/web/fn-dd7f8f6a-d32a-4f5e-ae7b-870dfb7963f3/downloads/bundle?id=000000000000610", filename = "C:\Users\cofc_\AppData\Local\Temp\tmpAA1A.tmp\rjsec601.ZIP", message = "rjsec601")~~RJStevensMusicPresentationCreator.Program~0000002766
2024-12-14 21:58:37.1787~DEBUG~download completed~~RJStevensMusicPresentationCreator.Program~0000002767
2024-12-14 21:58:37.1787~DEBUG~<- DownloadFile(url = "https://faas-nyc1-2ef2e6cc.doserverless.co/api/v1/web/fn-dd7f8f6a-d32a-4f5e-ae7b-870dfb7963f3/downloads/bundle?id=000000000000610", filename = "C:\Users\cofc_\AppData\Local\Temp\tmpAA1A.tmp\rjsec601.ZIP", message = "rjsec601")~~RJStevensMusicPresentationCreator.Program~0000002768
2024-12-14 21:58:37.1917~DEBUG~-> ExtractAllFromFile(zipFileName = "C:\Users\cofc_\AppData\Local\Temp\tmpAA1A.tmp\rjsec601.ZIP", decompressedFolder = "C:\Users\cofc_\AppData\Local\Temp\tmpAB05.tmp", message = "rjsec601")~~RJStevensMusicPresentationCreator.Program~0000002769
2024-12-14 21:58:37.4117~DEBUG~extract completed~~RJStevensMusicPresentationCreator.Program~0000002770
2024-12-14 21:58:37.4117~DEBUG~<- ExtractAllFromFile(zipFileName = "C:\Users\cofc_\AppData\Local\Temp\tmpAA1A.tmp\rjsec601.ZIP", decompressedFolder = "C:\Users\cofc_\AppData\Local\Temp\tmpAB05.tmp", message = "rjsec601")~~RJStevensMusicPresentationCreator.Program~0000002771
2024-12-14 21:58:37.4817~DEBUG~-> DownloadFile(url = "https://faas-nyc1-2ef2e6cc.doserverless.co/api/v1/web/fn-dd7f8f6a-d32a-4f5e-ae7b-870dfb7963f3/downloads/bundle?id=000000000000616", filename = "C:\Users\cofc_\AppData\Local\Temp\tmpAC20.tmp\rjsec607.ZIP", message = "rjsec607")~~RJStevensMusicPresentationCreator.Program~0000002772
2024-12-14 21:58:37.6877~DEBUG~download completed~~RJStevensMusicPresentationCreator.Program~0000002773
2024-12-14 21:58:37.6877~DEBUG~<- DownloadFile(url = "https://faas-nyc1-2ef2e6cc.doserverless.co/api/v1/web/fn-dd7f8f6a-d32a-4f5e-ae7b-870dfb7963f3/downloads/bundle?id=000000000000616", filename = "C:\Users\cofc_\AppData\Local\Temp\tmpAC20.tmp\rjsec607.ZIP", message = "rjsec607")~~RJStevensMusicPresentationCreator.Program~0000002774
2024-12-14 21:58:37.7017~DEBUG~-> ExtractAllFromFile(zipFileName = "C:\Users\cofc_\AppData\Local\Temp\tmpAC20.tmp\rjsec607.ZIP", decompressedFolder = "C:\Users\cofc_\AppData\Local\Temp\tmpACFB.tmp", message = "rjsec607")~~RJStevensMusicPresentationCreator.Program~0000002775
2024-12-14 21:58:37.9037~DEBUG~extract completed~~RJStevensMusicPresentationCreator.Program~0000002776
2024-12-14 21:58:37.9067~DEBUG~<- ExtractAllFromFile(zipFileName = "C:\Users\cofc_\AppData\Local\Temp\tmpAC20.tmp\rjsec607.ZIP", decompressedFolder = "C:\Users\cofc_\AppData\Local\Temp\tmpACFB.tmp", message = "rjsec607")~~RJStevensMusicPresentationCreator.Program~0000002777
2024-12-14 21:58:37.9697~DEBUG~-> DownloadFile(url = "https://faas-nyc1-2ef2e6cc.doserverless.co/api/v1/web/fn-dd7f8f6a-d32a-4f5e-ae7b-870dfb7963f3/downloads/bundle?id=000000000000618", filename = "C:\Users\cofc_\AppData\Local\Temp\tmpAE06.tmp\rjsec609.ZIP", message = "rjsec609")~~RJStevensMusicPresentationCreator.Program~0000002778
2024-12-14 21:58:38.1638~DEBUG~download completed~~RJStevensMusicPresentationCreator.Program~0000002779
2024-12-14 21:58:38.1638~DEBUG~<- DownloadFile(url = "https://faas-nyc1-2ef2e6cc.doserverless.co/api/v1/web/fn-dd7f8f6a-d32a-4f5e-ae7b-870dfb7963f3/downloads/bundle?id=000000000000618", filename = "C:\Users\cofc_\AppData\Local\Temp\tmpAE06.tmp\rjsec609.ZIP", message = "rjsec609")~~RJStevensMusicPresentationCreator.Program~0000002780
2024-12-14 21:58:38.1818~DEBUG~-> ExtractAllFromFile(zipFileName = "C:\Users\cofc_\AppData\Local\Temp\tmpAE06.tmp\rjsec609.ZIP", decompressedFolder = "C:\Users\cofc_\AppData\Local\Temp\tmpAEE2.tmp", message = "rjsec609")~~RJStevensMusicPresentationCreator.Program~0000002781
2024-12-14 21:58:38.3638~DEBUG~extract completed~~RJStevensMusicPresentationCreator.Program~0000002782
2024-12-14 21:58:38.3638~DEBUG~<- ExtractAllFromFile(zipFileName = "C:\Users\cofc_\AppData\Local\Temp\tmpAE06.tmp\rjsec609.ZIP", decompressedFolder = "C:\Users\cofc_\AppData\Local\Temp\tmpAEE2.tmp", message = "rjsec609")~~RJStevensMusicPresentationCreator.Program~0000002783
2024-12-14 21:58:38.4248~DEBUG~-> DownloadFile(url = "https://faas-nyc1-2ef2e6cc.doserverless.co/api/v1/web/fn-dd7f8f6a-d32a-4f5e-ae7b-870dfb7963f3/downloads/bundle?id=000000000000620", filename = "C:\Users\cofc_\AppData\Local\Temp\tmpAFDD.tmp\rjsec611.ZIP", message = "rjsec611")~~RJStevensMusicPresentationCreator.Program~0000002784
2024-12-14 21:58:38.6218~DEBUG~download completed~~RJStevensMusicPresentationCreator.Program~0000002785
2024-12-14 21:58:38.6218~DEBUG~<- DownloadFile(url = "https://faas-nyc1-2ef2e6cc.doserverless.co/api/v1/web/fn-dd7f8f6a-d32a-4f5e-ae7b-870dfb7963f3/downloads/bundle?id=000000000000620", filename = "C:\Users\cofc_\AppData\Local\Temp\tmpAFDD.tmp\rjsec611.ZIP", message = "rjsec611")~~RJStevensMusicPresentationCreator.Program~0000002786
2024-12-14 21:58:38.6348~DEBUG~-> ExtractAllFromFile(zipFileName = "C:\Users\cofc_\AppData\Local\Temp\tmpAFDD.tmp\rjsec611.ZIP", decompressedFolder = "C:\Users\cofc_\AppData\Local\Temp\tmpB0A9.tmp", message = "rjsec611")~~RJStevensMusicPresentationCreator.Program~0000002787
2024-12-14 21:58:38.7528~DEBUG~extract completed~~RJStevensMusicPresentationCreator.Program~0000002788
2024-12-14 21:58:38.7528~DEBUG~<- ExtractAllFromFile(zipFileName = "C:\Users\cofc_\AppData\Local\Temp\tmpAFDD.tmp\rjsec611.ZIP", decompressedFolder = "C:\Users\cofc_\AppData\Local\Temp\tmpB0A9.tmp", message = "rjsec611")~~RJStevensMusicPresentationCreator.Program~0000002789
2024-12-14 21:58:38.8118~DEBUG~-> DownloadFile(url = "https://faas-nyc1-2ef2e6cc.doserverless.co/api/v1/web/fn-dd7f8f6a-d32a-4f5e-ae7b-870dfb7963f3/downloads/bundle?id=000000000000621", filename = "C:\Users\cofc_\AppData\Local\Temp\tmpB156.tmp\rjsec612.ZIP", message = "rjsec612")~~RJStevensMusicPresentationCreator.Program~0000002790
2024-12-14 21:58:39.0288~DEBUG~download completed~~RJStevensMusicPresentationCreator.Program~0000002791
2024-12-14 21:58:39.0288~DEBUG~<- DownloadFile(url = "https://faas-nyc1-2ef2e6cc.doserverless.co/api/v1/web/fn-dd7f8f6a-d32a-4f5e-ae7b-870dfb7963f3/downloads/bundle?id=000000000000621", filename = "C:\Users\cofc_\AppData\Local\Temp\tmpB156.tmp\rjsec612.ZIP", message = "rjsec612")~~RJStevensMusicPresentationCreator.Program~0000002792
2024-12-14 21:58:39.0398~DEBUG~-> ExtractAllFromFile(zipFileName = "C:\Users\cofc_\AppData\Local\Temp\tmpB156.tmp\rjsec612.ZIP", decompressedFolder = "C:\Users\cofc_\AppData\Local\Temp\tmpB241.tmp", message = "rjsec612")~~RJStevensMusicPresentationCreator.Program~0000002793
2024-12-14 21:58:39.3118~DEBUG~extract completed~~RJStevensMusicPresentationCreator.Program~0000002794
2024-12-14 21:58:39.3148~DEBUG~<- ExtractAllFromFile(zipFileName = "C:\Users\cofc_\AppData\Local\Temp\tmpB156.tmp\rjsec612.ZIP", decompressedFolder = "C:\Users\cofc_\AppData\Local\Temp\tmpB241.tmp", message = "rjsec612")~~RJStevensMusicPresentationCreator.Program~0000002795
2024-12-14 21:58:39.3848~DEBUG~-> DownloadFile(url = "https://faas-nyc1-2ef2e6cc.doserverless.co/api/v1/web/fn-dd7f8f6a-d32a-4f5e-ae7b-870dfb7963f3/downloads/bundle?id=000000000000625", filename = "C:\Users\cofc_\AppData\Local\Temp\tmpB39A.tmp\rjsec616.ZIP", message = "rjsec616")~~RJStevensMusicPresentationCreator.Program~0000002796
2024-12-14 21:58:39.6129~DEBUG~download completed~~RJStevensMusicPresentationCreator.Program~0000002797
2024-12-14 21:58:39.6129~DEBUG~<- DownloadFile(url = "https://faas-nyc1-2ef2e6cc.doserverless.co/api/v1/web/fn-dd7f8f6a-d32a-4f5e-ae7b-870dfb7963f3/downloads/bundle?id=000000000000625", filename = "C:\Users\cofc_\AppData\Local\Temp\tmpB39A.tmp\rjsec616.ZIP", message = "rjsec616")~~RJStevensMusicPresentationCreator.Program~0000002798
2024-12-14 21:58:39.6129~DEBUG~-> ExtractAllFromFile(zipFileName = "C:\Users\cofc_\AppData\Local\Temp\tmpB39A.tmp\rjsec616.ZIP", decompressedFolder = "C:\Users\cofc_\AppData\Local\Temp\tmpB485.tmp", message = "rjsec616")~~RJStevensMusicPresentationCreator.Program~0000002799
2024-12-14 21:58:39.8529~DEBUG~extract completed~~RJStevensMusicPresentationCreator.Program~0000002800
2024-12-14 21:58:39.8529~DEBUG~<- ExtractAllFromFile(zipFileName = "C:\Users\cofc_\AppData\Local\Temp\tmpB39A.tmp\rjsec616.ZIP", decompressedFolder = "C:\Users\cofc_\AppData\Local\Temp\tmpB485.tmp", message = "rjsec616")~~RJStevensMusicPresentationCreator.Program~0000002801
2024-12-14 21:58:39.9189~DEBUG~-> DownloadFile(url = "https://faas-nyc1-2ef2e6cc.doserverless.co/api/v1/web/fn-dd7f8f6a-d32a-4f5e-ae7b-870dfb7963f3/downloads/bundle?id=000000000000626", filename = "C:\Users\cofc_\AppData\Local\Temp\tmpB5AF.tmp\rjsec617.ZIP", message = "rjsec617")~~RJStevensMusicPresentationCreator.Program~0000002802
2024-12-14 21:58:40.1139~DEBUG~download completed~~RJStevensMusicPresentationCreator.Program~0000002803
2024-12-14 21:58:40.1139~DEBUG~<- DownloadFile(url = "https://faas-nyc1-2ef2e6cc.doserverless.co/api/v1/web/fn-dd7f8f6a-d32a-4f5e-ae7b-870dfb7963f3/downloads/bundle?id=000000000000626", filename = "C:\Users\cofc_\AppData\Local\Temp\tmpB5AF.tmp\rjsec617.ZIP", message = "rjsec617")~~RJStevensMusicPresentationCreator.Program~0000002804
2024-12-14 21:58:40.1279~DEBUG~-> ExtractAllFromFile(zipFileName = "C:\Users\cofc_\AppData\Local\Temp\tmpB5AF.tmp\rjsec617.ZIP", decompressedFolder = "C:\Users\cofc_\AppData\Local\Temp\tmpB68B.tmp", message = "rjsec617")~~RJStevensMusicPresentationCreator.Program~0000002805
2024-12-14 21:58:40.3419~DEBUG~extract completed~~RJStevensMusicPresentationCreator.Program~0000002806
2024-12-14 21:58:40.3419~DEBUG~<- ExtractAllFromFile(zipFileName = "C:\Users\cofc_\AppData\Local\Temp\tmpB5AF.tmp\rjsec617.ZIP", decompressedFolder = "C:\Users\cofc_\AppData\Local\Temp\tmpB68B.tmp", message = "rjsec617")~~RJStevensMusicPresentationCreator.Program~0000002807
2024-12-14 21:58:40.4059~DEBUG~-> DownloadFile(url = "https://faas-nyc1-2ef2e6cc.doserverless.co/api/v1/web/fn-dd7f8f6a-d32a-4f5e-ae7b-870dfb7963f3/downloads/bundle?id=000000000000628", filename = "C:\Users\cofc_\AppData\Local\Temp\tmpB795.tmp\rjsec619.ZIP", message = "rjsec619")~~RJStevensMusicPresentationCreator.Program~0000002808
2024-12-14 21:58:40.6059~DEBUG~download completed~~RJStevensMusicPresentationCreator.Program~0000002809
2024-12-14 21:58:40.6059~DEBUG~<- DownloadFile(url = "https://faas-nyc1-2ef2e6cc.doserverless.co/api/v1/web/fn-dd7f8f6a-d32a-4f5e-ae7b-870dfb7963f3/downloads/bundle?id=000000000000628", filename = "C:\Users\cofc_\AppData\Local\Temp\tmpB795.tmp\rjsec619.ZIP", message = "rjsec619")~~RJStevensMusicPresentationCreator.Program~0000002810
2024-12-14 21:58:40.6219~DEBUG~-> ExtractAllFromFile(zipFileName = "C:\Users\cofc_\AppData\Local\Temp\tmpB795.tmp\rjsec619.ZIP", decompressedFolder = "C:\Users\cofc_\AppData\Local\Temp\tmpB871.tmp", message = "rjsec619")~~RJStevensMusicPresentationCreator.Program~0000002811
2024-12-14 21:58:40.8530~DEBUG~extract completed~~RJStevensMusicPresentationCreator.Program~0000002812
2024-12-14 21:58:40.8530~DEBUG~<- ExtractAllFromFile(zipFileName = "C:\Users\cofc_\AppData\Local\Temp\tmpB795.tmp\rjsec619.ZIP", decompressedFolder = "C:\Users\cofc_\AppData\Local\Temp\tmpB871.tmp", message = "rjsec619")~~RJStevensMusicPresentationCreator.Program~0000002813
2024-12-14 21:58:40.9200~DEBUG~-> DownloadFile(url = "https://faas-nyc1-2ef2e6cc.doserverless.co/api/v1/web/fn-dd7f8f6a-d32a-4f5e-ae7b-870dfb7963f3/downloads/bundle?id=000000000000631", filename = "C:\Users\cofc_\AppData\Local\Temp\tmpB99B.tmp\rjsec622.ZIP", message = "rjsec622")~~RJStevensMusicPresentationCreator.Program~0000002814
2024-12-14 21:58:41.1560~DEBUG~download completed~~RJStevensMusicPresentationCreator.Program~0000002815
2024-12-14 21:58:41.1560~DEBUG~<- DownloadFile(url = "https://faas-nyc1-2ef2e6cc.doserverless.co/api/v1/web/fn-dd7f8f6a-d32a-4f5e-ae7b-870dfb7963f3/downloads/bundle?id=000000000000631", filename = "C:\Users\cofc_\AppData\Local\Temp\tmpB99B.tmp\rjsec622.ZIP", message = "rjsec622")~~RJStevensMusicPresentationCreator.Program~0000002816
2024-12-14 21:58:41.1720~DEBUG~-> ExtractAllFromFile(zipFileName = "C:\Users\cofc_\AppData\Local\Temp\tmpB99B.tmp\rjsec622.ZIP", decompressedFolder = "C:\Users\cofc_\AppData\Local\Temp\tmpBA96.tmp", message = "rjsec622")~~RJStevensMusicPresentationCreator.Program~0000002817
2024-12-14 21:58:41.4470~DEBUG~extract completed~~RJStevensMusicPresentationCreator.Program~0000002818
2024-12-14 21:58:41.4470~DEBUG~<- ExtractAllFromFile(zipFileName = "C:\Users\cofc_\AppData\Local\Temp\tmpB99B.tmp\rjsec622.ZIP", decompressedFolder = "C:\Users\cofc_\AppData\Local\Temp\tmpBA96.tmp", message = "rjsec622")~~RJStevensMusicPresentationCreator.Program~0000002819
2024-12-14 21:58:41.5240~DEBUG~-> DownloadFile(url = "https://faas-nyc1-2ef2e6cc.doserverless.co/api/v1/web/fn-dd7f8f6a-d32a-4f5e-ae7b-870dfb7963f3/downloads/bundle?id=000000000000632", filename = "C:\Users\cofc_\AppData\Local\Temp\tmpBBFE.tmp\rjsec623.ZIP", message = "rjsec623")~~RJStevensMusicPresentationCreator.Program~0000002820
2024-12-14 21:58:41.7270~DEBUG~download completed~~RJStevensMusicPresentationCreator.Program~0000002821
2024-12-14 21:58:41.7270~DEBUG~<- DownloadFile(url = "https://faas-nyc1-2ef2e6cc.doserverless.co/api/v1/web/fn-dd7f8f6a-d32a-4f5e-ae7b-870dfb7963f3/downloads/bundle?id=000000000000632", filename = "C:\Users\cofc_\AppData\Local\Temp\tmpBBFE.tmp\rjsec623.ZIP", message = "rjsec623")~~RJStevensMusicPresentationCreator.Program~0000002822
2024-12-14 21:58:41.7390~DEBUG~-> ExtractAllFromFile(zipFileName = "C:\Users\cofc_\AppData\Local\Temp\tmpBBFE.tmp\rjsec623.ZIP", decompressedFolder = "C:\Users\cofc_\AppData\Local\Temp\tmpBCDA.tmp", message = "rjsec623")~~RJStevensMusicPresentationCreator.Program~0000002823
2024-12-14 21:58:41.9180~DEBUG~extract completed~~RJStevensMusicPresentationCreator.Program~0000002824
2024-12-14 21:58:41.9180~DEBUG~<- ExtractAllFromFile(zipFileName = "C:\Users\cofc_\AppData\Local\Temp\tmpBBFE.tmp\rjsec623.ZIP", decompressedFolder = "C:\Users\cofc_\AppData\Local\Temp\tmpBCDA.tmp", message = "rjsec623")~~RJStevensMusicPresentationCreator.Program~0000002825
2024-12-14 21:58:41.9870~DEBUG~-> DownloadFile(url = "https://faas-nyc1-2ef2e6cc.doserverless.co/api/v1/web/fn-dd7f8f6a-d32a-4f5e-ae7b-870dfb7963f3/downloads/bundle?id=000000000000633", filename = "C:\Users\cofc_\AppData\Local\Temp\tmpBDD5.tmp\rjsec624.ZIP", message = "rjsec624")~~RJStevensMusicPresentationCreator.Program~0000002826
2024-12-14 21:58:42.2141~DEBUG~download completed~~RJStevensMusicPresentationCreator.Program~0000002827
2024-12-14 21:58:42.2141~DEBUG~<- DownloadFile(url = "https://faas-nyc1-2ef2e6cc.doserverless.co/api/v1/web/fn-dd7f8f6a-d32a-4f5e-ae7b-870dfb7963f3/downloads/bundle?id=000000000000633", filename = "C:\Users\cofc_\AppData\Local\Temp\tmpBDD5.tmp\rjsec624.ZIP", message = "rjsec624")~~RJStevensMusicPresentationCreator.Program~0000002828
2024-12-14 21:58:42.2281~DEBUG~-> ExtractAllFromFile(zipFileName = "C:\Users\cofc_\AppData\Local\Temp\tmpBDD5.tmp\rjsec624.ZIP", decompressedFolder = "C:\Users\cofc_\AppData\Local\Temp\tmpBEC1.tmp", message = "rjsec624")~~RJStevensMusicPresentationCreator.Program~0000002829
2024-12-14 21:58:42.5211~DEBUG~extract completed~~RJStevensMusicPresentationCreator.Program~0000002830
2024-12-14 21:58:42.5211~DEBUG~<- ExtractAllFromFile(zipFileName = "C:\Users\cofc_\AppData\Local\Temp\tmpBDD5.tmp\rjsec624.ZIP", decompressedFolder = "C:\Users\cofc_\AppData\Local\Temp\tmpBEC1.tmp", message = "rjsec624")~~RJStevensMusicPresentationCreator.Program~0000002831
2024-12-14 21:58:42.6011~DEBUG~-> DownloadFile(url = "https://faas-nyc1-2ef2e6cc.doserverless.co/api/v1/web/fn-dd7f8f6a-d32a-4f5e-ae7b-870dfb7963f3/downloads/bundle?id=000000000000634", filename = "C:\Users\cofc_\AppData\Local\Temp\tmpC039.tmp\rjsec625.ZIP", message = "rjsec625")~~RJStevensMusicPresentationCreator.Program~0000002832
2024-12-14 21:58:42.7901~DEBUG~download completed~~RJStevensMusicPresentationCreator.Program~0000002833
2024-12-14 21:58:42.7901~DEBUG~<- DownloadFile(url = "https://faas-nyc1-2ef2e6cc.doserverless.co/api/v1/web/fn-dd7f8f6a-d32a-4f5e-ae7b-870dfb7963f3/downloads/bundle?id=000000000000634", filename = "C:\Users\cofc_\AppData\Local\Temp\tmpC039.tmp\rjsec625.ZIP", message = "rjsec625")~~RJStevensMusicPresentationCreator.Program~0000002834
2024-12-14 21:58:42.8061~DEBUG~-> ExtractAllFromFile(zipFileName = "C:\Users\cofc_\AppData\Local\Temp\tmpC039.tmp\rjsec625.ZIP", decompressedFolder = "C:\Users\cofc_\AppData\Local\Temp\tmpC105.tmp", message = "rjsec625")~~RJStevensMusicPresentationCreator.Program~0000002835
2024-12-14 21:58:43.0041~DEBUG~extract completed~~RJStevensMusicPresentationCreator.Program~0000002836
2024-12-14 21:58:43.0041~DEBUG~<- ExtractAllFromFile(zipFileName = "C:\Users\cofc_\AppData\Local\Temp\tmpC039.tmp\rjsec625.ZIP", decompressedFolder = "C:\Users\cofc_\AppData\Local\Temp\tmpC105.tmp", message = "rjsec625")~~RJStevensMusicPresentationCreator.Program~0000002837
2024-12-14 21:58:43.0711~DEBUG~-> DownloadFile(url = "https://faas-nyc1-2ef2e6cc.doserverless.co/api/v1/web/fn-dd7f8f6a-d32a-4f5e-ae7b-870dfb7963f3/downloads/bundle?id=000000000000635", filename = "C:\Users\cofc_\AppData\Local\Temp\tmpC20F.tmp\rjsec626.ZIP", message = "rjsec626")~~RJStevensMusicPresentationCreator.Program~0000002838
2024-12-14 21:58:43.3101~DEBUG~download completed~~RJStevensMusicPresentationCreator.Program~0000002839
2024-12-14 21:58:43.3101~DEBUG~<- DownloadFile(url = "https://faas-nyc1-2ef2e6cc.doserverless.co/api/v1/web/fn-dd7f8f6a-d32a-4f5e-ae7b-870dfb7963f3/downloads/bundle?id=000000000000635", filename = "C:\Users\cofc_\AppData\Local\Temp\tmpC20F.tmp\rjsec626.ZIP", message = "rjsec626")~~RJStevensMusicPresentationCreator.Program~0000002840
2024-12-14 21:58:43.3231~DEBUG~-> ExtractAllFromFile(zipFileName = "C:\Users\cofc_\AppData\Local\Temp\tmpC20F.tmp\rjsec626.ZIP", decompressedFolder = "C:\Users\cofc_\AppData\Local\Temp\tmpC30A.tmp", message = "rjsec626")~~RJStevensMusicPresentationCreator.Program~0000002841
2024-12-14 21:58:43.6742~DEBUG~extract completed~~RJStevensMusicPresentationCreator.Program~0000002842
2024-12-14 21:58:43.6742~DEBUG~<- ExtractAllFromFile(zipFileName = "C:\Users\cofc_\AppData\Local\Temp\tmpC20F.tmp\rjsec626.ZIP", decompressedFolder = "C:\Users\cofc_\AppData\Local\Temp\tmpC30A.tmp", message = "rjsec626")~~RJStevensMusicPresentationCreator.Program~0000002843
2024-12-14 21:58:43.7622~DEBUG~-> DownloadFile(url = "https://faas-nyc1-2ef2e6cc.doserverless.co/api/v1/web/fn-dd7f8f6a-d32a-4f5e-ae7b-870dfb7963f3/downloads/bundle?id=000000000000639", filename = "C:\Users\cofc_\AppData\Local\Temp\tmpC4C1.tmp\rjsec630.ZIP", message = "rjsec630")~~RJStevensMusicPresentationCreator.Program~0000002844
2024-12-14 21:58:44.0152~DEBUG~download completed~~RJStevensMusicPresentationCreator.Program~0000002845
2024-12-14 21:58:44.0162~DEBUG~<- DownloadFile(url = "https://faas-nyc1-2ef2e6cc.doserverless.co/api/v1/web/fn-dd7f8f6a-d32a-4f5e-ae7b-870dfb7963f3/downloads/bundle?id=000000000000639", filename = "C:\Users\cofc_\AppData\Local\Temp\tmpC4C1.tmp\rjsec630.ZIP", message = "rjsec630")~~RJStevensMusicPresentationCreator.Program~0000002846
2024-12-14 21:58:44.0162~DEBUG~-> ExtractAllFromFile(zipFileName = "C:\Users\cofc_\AppData\Local\Temp\tmpC4C1.tmp\rjsec630.ZIP", decompressedFolder = "C:\Users\cofc_\AppData\Local\Temp\tmpC5CB.tmp", message = "rjsec630")~~RJStevensMusicPresentationCreator.Program~0000002847
2024-12-14 21:58:44.2732~DEBUG~extract completed~~RJStevensMusicPresentationCreator.Program~0000002848
2024-12-14 21:58:44.2732~DEBUG~<- ExtractAllFromFile(zipFileName = "C:\Users\cofc_\AppData\Local\Temp\tmpC4C1.tmp\rjsec630.ZIP", decompressedFolder = "C:\Users\cofc_\AppData\Local\Temp\tmpC5CB.tmp", message = "rjsec630")~~RJStevensMusicPresentationCreator.Program~0000002849
2024-12-14 21:58:44.3492~DEBUG~-> DownloadFile(url = "https://faas-nyc1-2ef2e6cc.doserverless.co/api/v1/web/fn-dd7f8f6a-d32a-4f5e-ae7b-870dfb7963f3/downloads/bundle?id=000000000000640", filename = "C:\Users\cofc_\AppData\Local\Temp\tmpC715.tmp\rjsec631.ZIP", message = "rjsec631")~~RJStevensMusicPresentationCreator.Program~0000002850
2024-12-14 21:58:44.5482~DEBUG~download completed~~RJStevensMusicPresentationCreator.Program~0000002851
2024-12-14 21:58:44.5482~DEBUG~<- DownloadFile(url = "https://faas-nyc1-2ef2e6cc.doserverless.co/api/v1/web/fn-dd7f8f6a-d32a-4f5e-ae7b-870dfb7963f3/downloads/bundle?id=000000000000640", filename = "C:\Users\cofc_\AppData\Local\Temp\tmpC715.tmp\rjsec631.ZIP", message = "rjsec631")~~RJStevensMusicPresentationCreator.Program~0000002852
2024-12-14 21:58:44.5482~DEBUG~-> ExtractAllFromFile(zipFileName = "C:\Users\cofc_\AppData\Local\Temp\tmpC715.tmp\rjsec631.ZIP", decompressedFolder = "C:\Users\cofc_\AppData\Local\Temp\tmpC7E1.tmp", message = "rjsec631")~~RJStevensMusicPresentationCreator.Program~0000002853
2024-12-14 21:58:44.7863~DEBUG~extract completed~~RJStevensMusicPresentationCreator.Program~0000002854
2024-12-14 21:58:44.7863~DEBUG~<- ExtractAllFromFile(zipFileName = "C:\Users\cofc_\AppData\Local\Temp\tmpC715.tmp\rjsec631.ZIP", decompressedFolder = "C:\Users\cofc_\AppData\Local\Temp\tmpC7E1.tmp", message = "rjsec631")~~RJStevensMusicPresentationCreator.Program~0000002855
2024-12-14 21:58:44.8553~DEBUG~-> DownloadFile(url = "https://faas-nyc1-2ef2e6cc.doserverless.co/api/v1/web/fn-dd7f8f6a-d32a-4f5e-ae7b-870dfb7963f3/downloads/bundle?id=000000000000641", filename = "C:\Users\cofc_\AppData\Local\Temp\tmpC90B.tmp\rjsec632.ZIP", message = "rjsec632")~~RJStevensMusicPresentationCreator.Program~0000002856
2024-12-14 21:58:45.0813~DEBUG~download completed~~RJStevensMusicPresentationCreator.Program~0000002857
2024-12-14 21:58:45.0813~DEBUG~<- DownloadFile(url = "https://faas-nyc1-2ef2e6cc.doserverless.co/api/v1/web/fn-dd7f8f6a-d32a-4f5e-ae7b-870dfb7963f3/downloads/bundle?id=000000000000641", filename = "C:\Users\cofc_\AppData\Local\Temp\tmpC90B.tmp\rjsec632.ZIP", message = "rjsec632")~~RJStevensMusicPresentationCreator.Program~0000002858
2024-12-14 21:58:45.0993~DEBUG~-> ExtractAllFromFile(zipFileName = "C:\Users\cofc_\AppData\Local\Temp\tmpC90B.tmp\rjsec632.ZIP", decompressedFolder = "C:\Users\cofc_\AppData\Local\Temp\tmpCA06.tmp", message = "rjsec632")~~RJStevensMusicPresentationCreator.Program~0000002859
2024-12-14 21:58:45.3893~DEBUG~extract completed~~RJStevensMusicPresentationCreator.Program~0000002860
2024-12-14 21:58:45.3913~DEBUG~<- ExtractAllFromFile(zipFileName = "C:\Users\cofc_\AppData\Local\Temp\tmpC90B.tmp\rjsec632.ZIP", decompressedFolder = "C:\Users\cofc_\AppData\Local\Temp\tmpCA06.tmp", message = "rjsec632")~~RJStevensMusicPresentationCreator.Program~0000002861
2024-12-14 21:58:45.4703~DEBUG~-> DownloadFile(url = "https://faas-nyc1-2ef2e6cc.doserverless.co/api/v1/web/fn-dd7f8f6a-d32a-4f5e-ae7b-870dfb7963f3/downloads/bundle?id=000000000000645", filename = "C:\Users\cofc_\AppData\Local\Temp\tmpCB7E.tmp\rjsec636.ZIP", message = "rjsec636")~~RJStevensMusicPresentationCreator.Program~0000002862
2024-12-14 21:58:45.7033~DEBUG~download completed~~RJStevensMusicPresentationCreator.Program~0000002863
2024-12-14 21:58:45.7043~DEBUG~<- DownloadFile(url = "https://faas-nyc1-2ef2e6cc.doserverless.co/api/v1/web/fn-dd7f8f6a-d32a-4f5e-ae7b-870dfb7963f3/downloads/bundle?id=000000000000645", filename = "C:\Users\cofc_\AppData\Local\Temp\tmpCB7E.tmp\rjsec636.ZIP", message = "rjsec636")~~RJStevensMusicPresentationCreator.Program~0000002864
2024-12-14 21:58:45.7193~DEBUG~-> ExtractAllFromFile(zipFileName = "C:\Users\cofc_\AppData\Local\Temp\tmpCB7E.tmp\rjsec636.ZIP", decompressedFolder = "C:\Users\cofc_\AppData\Local\Temp\tmpCC69.tmp", message = "rjsec636")~~RJStevensMusicPresentationCreator.Program~0000002865
2024-12-14 21:58:46.0743~DEBUG~extract completed~~RJStevensMusicPresentationCreator.Program~0000002866
2024-12-14 21:58:46.0743~DEBUG~<- ExtractAllFromFile(zipFileName = "C:\Users\cofc_\AppData\Local\Temp\tmpCB7E.tmp\rjsec636.ZIP", decompressedFolder = "C:\Users\cofc_\AppData\Local\Temp\tmpCC69.tmp", message = "rjsec636")~~RJStevensMusicPresentationCreator.Program~0000002867
2024-12-14 21:58:46.1684~DEBUG~-> DownloadFile(url = "https://faas-nyc1-2ef2e6cc.doserverless.co/api/v1/web/fn-dd7f8f6a-d32a-4f5e-ae7b-870dfb7963f3/downloads/bundle?id=000000000000646", filename = "C:\Users\cofc_\AppData\Local\Temp\tmpCE2F.tmp\rjsec637.ZIP", message = "rjsec637")~~RJStevensMusicPresentationCreator.Program~0000002868
2024-12-14 21:58:46.4636~DEBUG~download completed~~RJStevensMusicPresentationCreator.Program~0000002869
2024-12-14 21:58:46.4636~DEBUG~<- DownloadFile(url = "https://faas-nyc1-2ef2e6cc.doserverless.co/api/v1/web/fn-dd7f8f6a-d32a-4f5e-ae7b-870dfb7963f3/downloads/bundle?id=000000000000646", filename = "C:\Users\cofc_\AppData\Local\Temp\tmpCE2F.tmp\rjsec637.ZIP", message = "rjsec637")~~RJStevensMusicPresentationCreator.Program~0000002870
2024-12-14 21:58:46.4864~DEBUG~-> ExtractAllFromFile(zipFileName = "C:\Users\cofc_\AppData\Local\Temp\tmpCE2F.tmp\rjsec637.ZIP", decompressedFolder = "C:\Users\cofc_\AppData\Local\Temp\tmpCF78.tmp", message = "rjsec637")~~RJStevensMusicPresentationCreator.Program~0000002871
2024-12-14 21:58:46.8368~DEBUG~extract completed~~RJStevensMusicPresentationCreator.Program~0000002872
2024-12-14 21:58:46.8368~DEBUG~<- ExtractAllFromFile(zipFileName = "C:\Users\cofc_\AppData\Local\Temp\tmpCE2F.tmp\rjsec637.ZIP", decompressedFolder = "C:\Users\cofc_\AppData\Local\Temp\tmpCF78.tmp", message = "rjsec637")~~RJStevensMusicPresentationCreator.Program~0000002873
2024-12-14 21:58:46.9328~DEBUG~-> DownloadFile(url = "https://faas-nyc1-2ef2e6cc.doserverless.co/api/v1/web/fn-dd7f8f6a-d32a-4f5e-ae7b-870dfb7963f3/downloads/bundle?id=000000000000647", filename = "C:\Users\cofc_\AppData\Local\Temp\tmpD12F.tmp\rjsec638.ZIP", message = "rjsec638")~~RJStevensMusicPresentationCreator.Program~0000002874
2024-12-14 21:58:47.1738~DEBUG~download completed~~RJStevensMusicPresentationCreator.Program~0000002875
2024-12-14 21:58:47.1738~DEBUG~<- DownloadFile(url = "https://faas-nyc1-2ef2e6cc.doserverless.co/api/v1/web/fn-dd7f8f6a-d32a-4f5e-ae7b-870dfb7963f3/downloads/bundle?id=000000000000647", filename = "C:\Users\cofc_\AppData\Local\Temp\tmpD12F.tmp\rjsec638.ZIP", message = "rjsec638")~~RJStevensMusicPresentationCreator.Program~0000002876
2024-12-14 21:58:47.1948~DEBUG~-> ExtractAllFromFile(zipFileName = "C:\Users\cofc_\AppData\Local\Temp\tmpD12F.tmp\rjsec638.ZIP", decompressedFolder = "C:\Users\cofc_\AppData\Local\Temp\tmpD239.tmp", message = "rjsec638")~~RJStevensMusicPresentationCreator.Program~0000002877
2024-12-14 21:58:47.5499~DEBUG~extract completed~~RJStevensMusicPresentationCreator.Program~0000002878
2024-12-14 21:58:47.5499~DEBUG~<- ExtractAllFromFile(zipFileName = "C:\Users\cofc_\AppData\Local\Temp\tmpD12F.tmp\rjsec638.ZIP", decompressedFolder = "C:\Users\cofc_\AppData\Local\Temp\tmpD239.tmp", message = "rjsec638")~~RJStevensMusicPresentationCreator.Program~0000002879
2024-12-14 21:58:47.6489~DEBUG~-> DownloadFile(url = "https://faas-nyc1-2ef2e6cc.doserverless.co/api/v1/web/fn-dd7f8f6a-d32a-4f5e-ae7b-870dfb7963f3/downloads/bundle?id=000000000000648", filename = "C:\Users\cofc_\AppData\Local\Temp\tmpD3FF.tmp\rjsec639.ZIP", message = "rjsec639")~~RJStevensMusicPresentationCreator.Program~0000002880
2024-12-14 21:58:47.8739~DEBUG~download completed~~RJStevensMusicPresentationCreator.Program~0000002881
2024-12-14 21:58:47.8739~DEBUG~<- DownloadFile(url = "https://faas-nyc1-2ef2e6cc.doserverless.co/api/v1/web/fn-dd7f8f6a-d32a-4f5e-ae7b-870dfb7963f3/downloads/bundle?id=000000000000648", filename = "C:\Users\cofc_\AppData\Local\Temp\tmpD3FF.tmp\rjsec639.ZIP", message = "rjsec639")~~RJStevensMusicPresentationCreator.Program~0000002882
2024-12-14 21:58:47.8879~DEBUG~-> ExtractAllFromFile(zipFileName = "C:\Users\cofc_\AppData\Local\Temp\tmpD3FF.tmp\rjsec639.ZIP", decompressedFolder = "C:\Users\cofc_\AppData\Local\Temp\tmpD4EB.tmp", message = "rjsec639")~~RJStevensMusicPresentationCreator.Program~0000002883
2024-12-14 21:58:48.1869~DEBUG~extract completed~~RJStevensMusicPresentationCreator.Program~0000002884
2024-12-14 21:58:48.1889~DEBUG~<- ExtractAllFromFile(zipFileName = "C:\Users\cofc_\AppData\Local\Temp\tmpD3FF.tmp\rjsec639.ZIP", decompressedFolder = "C:\Users\cofc_\AppData\Local\Temp\tmpD4EB.tmp", message = "rjsec639")~~RJStevensMusicPresentationCreator.Program~0000002885
2024-12-14 21:58:48.2689~DEBUG~-> DownloadFile(url = "https://faas-nyc1-2ef2e6cc.doserverless.co/api/v1/web/fn-dd7f8f6a-d32a-4f5e-ae7b-870dfb7963f3/downloads/bundle?id=000000000000650", filename = "C:\Users\cofc_\AppData\Local\Temp\tmpD672.tmp\rjsec641.ZIP", message = "rjsec641")~~RJStevensMusicPresentationCreator.Program~0000002886
2024-12-14 21:58:48.5189~DEBUG~download completed~~RJStevensMusicPresentationCreator.Program~0000002887
2024-12-14 21:58:48.5189~DEBUG~<- DownloadFile(url = "https://faas-nyc1-2ef2e6cc.doserverless.co/api/v1/web/fn-dd7f8f6a-d32a-4f5e-ae7b-870dfb7963f3/downloads/bundle?id=000000000000650", filename = "C:\Users\cofc_\AppData\Local\Temp\tmpD672.tmp\rjsec641.ZIP", message = "rjsec641")~~RJStevensMusicPresentationCreator.Program~0000002888
2024-12-14 21:58:48.5419~DEBUG~-> ExtractAllFromFile(zipFileName = "C:\Users\cofc_\AppData\Local\Temp\tmpD672.tmp\rjsec641.ZIP", decompressedFolder = "C:\Users\cofc_\AppData\Local\Temp\tmpD77D.tmp", message = "rjsec641")~~RJStevensMusicPresentationCreator.Program~0000002889
2024-12-14 21:58:48.8914~DEBUG~extract completed~~RJStevensMusicPresentationCreator.Program~0000002890
2024-12-14 21:58:48.8914~DEBUG~<- ExtractAllFromFile(zipFileName = "C:\Users\cofc_\AppData\Local\Temp\tmpD672.tmp\rjsec641.ZIP", decompressedFolder = "C:\Users\cofc_\AppData\Local\Temp\tmpD77D.tmp", message = "rjsec641")~~RJStevensMusicPresentationCreator.Program~0000002891
2024-12-14 21:58:48.9804~DEBUG~-> DownloadFile(url = "https://faas-nyc1-2ef2e6cc.doserverless.co/api/v1/web/fn-dd7f8f6a-d32a-4f5e-ae7b-870dfb7963f3/downloads/bundle?id=000000000000651", filename = "C:\Users\cofc_\AppData\Local\Temp\tmpD934.tmp\rjsec642.ZIP", message = "rjsec642")~~RJStevensMusicPresentationCreator.Program~0000002892
2024-12-14 21:58:49.2424~DEBUG~download completed~~RJStevensMusicPresentationCreator.Program~0000002893
2024-12-14 21:58:49.2424~DEBUG~<- DownloadFile(url = "https://faas-nyc1-2ef2e6cc.doserverless.co/api/v1/web/fn-dd7f8f6a-d32a-4f5e-ae7b-870dfb7963f3/downloads/bundle?id=000000000000651", filename = "C:\Users\cofc_\AppData\Local\Temp\tmpD934.tmp\rjsec642.ZIP", message = "rjsec642")~~RJStevensMusicPresentationCreator.Program~0000002894
2024-12-14 21:58:49.2554~DEBUG~-> ExtractAllFromFile(zipFileName = "C:\Users\cofc_\AppData\Local\Temp\tmpD934.tmp\rjsec642.ZIP", decompressedFolder = "C:\Users\cofc_\AppData\Local\Temp\tmpDA4E.tmp", message = "rjsec642")~~RJStevensMusicPresentationCreator.Program~0000002895
2024-12-14 21:58:49.4205~DEBUG~extract completed~~RJStevensMusicPresentationCreator.Program~0000002896
2024-12-14 21:58:49.4235~DEBUG~<- ExtractAllFromFile(zipFileName = "C:\Users\cofc_\AppData\Local\Temp\tmpD934.tmp\rjsec642.ZIP", decompressedFolder = "C:\Users\cofc_\AppData\Local\Temp\tmpDA4E.tmp", message = "rjsec642")~~RJStevensMusicPresentationCreator.Program~0000002897
2024-12-14 21:58:49.4765~DEBUG~-> DownloadFile(url = "https://faas-nyc1-2ef2e6cc.doserverless.co/api/v1/web/fn-dd7f8f6a-d32a-4f5e-ae7b-870dfb7963f3/downloads/bundle?id=000000000000653", filename = "C:\Users\cofc_\AppData\Local\Temp\tmpDB2A.tmp\rjsec644.ZIP", message = "rjsec644")~~RJStevensMusicPresentationCreator.Program~0000002898
2024-12-14 21:58:49.6705~DEBUG~download completed~~RJStevensMusicPresentationCreator.Program~0000002899
2024-12-14 21:58:49.6705~DEBUG~<- DownloadFile(url = "https://faas-nyc1-2ef2e6cc.doserverless.co/api/v1/web/fn-dd7f8f6a-d32a-4f5e-ae7b-870dfb7963f3/downloads/bundle?id=000000000000653", filename = "C:\Users\cofc_\AppData\Local\Temp\tmpDB2A.tmp\rjsec644.ZIP", message = "rjsec644")~~RJStevensMusicPresentationCreator.Program~0000002900
2024-12-14 21:58:49.6835~DEBUG~-> ExtractAllFromFile(zipFileName = "C:\Users\cofc_\AppData\Local\Temp\tmpDB2A.tmp\rjsec644.ZIP", decompressedFolder = "C:\Users\cofc_\AppData\Local\Temp\tmpDBF6.tmp", message = "rjsec644")~~RJStevensMusicPresentationCreator.Program~0000002901
2024-12-14 21:58:49.8505~DEBUG~extract completed~~RJStevensMusicPresentationCreator.Program~0000002902
2024-12-14 21:58:49.8505~DEBUG~<- ExtractAllFromFile(zipFileName = "C:\Users\cofc_\AppData\Local\Temp\tmpDB2A.tmp\rjsec644.ZIP", decompressedFolder = "C:\Users\cofc_\AppData\Local\Temp\tmpDBF6.tmp", message = "rjsec644")~~RJStevensMusicPresentationCreator.Program~0000002903
2024-12-14 21:58:49.9135~DEBUG~-> DownloadFile(url = "https://faas-nyc1-2ef2e6cc.doserverless.co/api/v1/web/fn-dd7f8f6a-d32a-4f5e-ae7b-870dfb7963f3/downloads/bundle?id=000000000000654", filename = "C:\Users\cofc_\AppData\Local\Temp\tmpDCE1.tmp\rjsec645.ZIP", message = "rjsec645")~~RJStevensMusicPresentationCreator.Program~0000002904
2024-12-14 21:58:50.1425~DEBUG~download completed~~RJStevensMusicPresentationCreator.Program~0000002905
2024-12-14 21:58:50.1425~DEBUG~<- DownloadFile(url = "https://faas-nyc1-2ef2e6cc.doserverless.co/api/v1/web/fn-dd7f8f6a-d32a-4f5e-ae7b-870dfb7963f3/downloads/bundle?id=000000000000654", filename = "C:\Users\cofc_\AppData\Local\Temp\tmpDCE1.tmp\rjsec645.ZIP", message = "rjsec645")~~RJStevensMusicPresentationCreator.Program~0000002906
2024-12-14 21:58:50.1425~DEBUG~-> ExtractAllFromFile(zipFileName = "C:\Users\cofc_\AppData\Local\Temp\tmpDCE1.tmp\rjsec645.ZIP", decompressedFolder = "C:\Users\cofc_\AppData\Local\Temp\tmpDDCC.tmp", message = "rjsec645")~~RJStevensMusicPresentationCreator.Program~0000002907
2024-12-14 21:58:50.4635~DEBUG~extract completed~~RJStevensMusicPresentationCreator.Program~0000002908
2024-12-14 21:58:50.4635~DEBUG~<- ExtractAllFromFile(zipFileName = "C:\Users\cofc_\AppData\Local\Temp\tmpDCE1.tmp\rjsec645.ZIP", decompressedFolder = "C:\Users\cofc_\AppData\Local\Temp\tmpDDCC.tmp", message = "rjsec645")~~RJStevensMusicPresentationCreator.Program~0000002909
2024-12-14 21:58:50.5545~DEBUG~-> DownloadFile(url = "https://faas-nyc1-2ef2e6cc.doserverless.co/api/v1/web/fn-dd7f8f6a-d32a-4f5e-ae7b-870dfb7963f3/downloads/bundle?id=000000000000655", filename = "C:\Users\cofc_\AppData\Local\Temp\tmpDF64.tmp\rjsec646.ZIP", message = "rjsec646")~~RJStevensMusicPresentationCreator.Program~0000002910
2024-12-14 21:58:50.7396~DEBUG~download completed~~RJStevensMusicPresentationCreator.Program~0000002911
2024-12-14 21:58:50.7396~DEBUG~<- DownloadFile(url = "https://faas-nyc1-2ef2e6cc.doserverless.co/api/v1/web/fn-dd7f8f6a-d32a-4f5e-ae7b-870dfb7963f3/downloads/bundle?id=000000000000655", filename = "C:\Users\cofc_\AppData\Local\Temp\tmpDF64.tmp\rjsec646.ZIP", message = "rjsec646")~~RJStevensMusicPresentationCreator.Program~0000002912
2024-12-14 21:58:50.7546~DEBUG~-> ExtractAllFromFile(zipFileName = "C:\Users\cofc_\AppData\Local\Temp\tmpDF64.tmp\rjsec646.ZIP", decompressedFolder = "C:\Users\cofc_\AppData\Local\Temp\tmpE030.tmp", message = "rjsec646")~~RJStevensMusicPresentationCreator.Program~0000002913
2024-12-14 21:58:50.9846~DEBUG~extract completed~~RJStevensMusicPresentationCreator.Program~0000002914
2024-12-14 21:58:50.9866~DEBUG~<- ExtractAllFromFile(zipFileName = "C:\Users\cofc_\AppData\Local\Temp\tmpDF64.tmp\rjsec646.ZIP", decompressedFolder = "C:\Users\cofc_\AppData\Local\Temp\tmpE030.tmp", message = "rjsec646")~~RJStevensMusicPresentationCreator.Program~0000002915
2024-12-14 21:58:51.0536~DEBUG~-> DownloadFile(url = "https://faas-nyc1-2ef2e6cc.doserverless.co/api/v1/web/fn-dd7f8f6a-d32a-4f5e-ae7b-870dfb7963f3/downloads/bundle?id=000000000000657", filename = "C:\Users\cofc_\AppData\Local\Temp\tmpE15A.tmp\rjsec648.ZIP", message = "rjsec648")~~RJStevensMusicPresentationCreator.Program~0000002916
2024-12-14 21:58:51.2926~DEBUG~download completed~~RJStevensMusicPresentationCreator.Program~0000002917
2024-12-14 21:58:51.2926~DEBUG~<- DownloadFile(url = "https://faas-nyc1-2ef2e6cc.doserverless.co/api/v1/web/fn-dd7f8f6a-d32a-4f5e-ae7b-870dfb7963f3/downloads/bundle?id=000000000000657", filename = "C:\Users\cofc_\AppData\Local\Temp\tmpE15A.tmp\rjsec648.ZIP", message = "rjsec648")~~RJStevensMusicPresentationCreator.Program~0000002918
2024-12-14 21:58:51.3106~DEBUG~-> ExtractAllFromFile(zipFileName = "C:\Users\cofc_\AppData\Local\Temp\tmpE15A.tmp\rjsec648.ZIP", decompressedFolder = "C:\Users\cofc_\AppData\Local\Temp\tmpE255.tmp", message = "rjsec648")~~RJStevensMusicPresentationCreator.Program~0000002919
2024-12-14 21:58:51.4876~DEBUG~extract completed~~RJStevensMusicPresentationCreator.Program~0000002920
2024-12-14 21:58:51.4876~DEBUG~<- ExtractAllFromFile(zipFileName = "C:\Users\cofc_\AppData\Local\Temp\tmpE15A.tmp\rjsec648.ZIP", decompressedFolder = "C:\Users\cofc_\AppData\Local\Temp\tmpE255.tmp", message = "rjsec648")~~RJStevensMusicPresentationCreator.Program~0000002921
2024-12-14 21:58:51.5536~DEBUG~-> DownloadFile(url = "https://faas-nyc1-2ef2e6cc.doserverless.co/api/v1/web/fn-dd7f8f6a-d32a-4f5e-ae7b-870dfb7963f3/downloads/bundle?id=000000000000658", filename = "C:\Users\cofc_\AppData\Local\Temp\tmpE350.tmp\rjsec649.ZIP", message = "rjsec649")~~RJStevensMusicPresentationCreator.Program~0000002922
2024-12-14 21:58:51.7846~DEBUG~download completed~~RJStevensMusicPresentationCreator.Program~0000002923
2024-12-14 21:58:51.7846~DEBUG~<- DownloadFile(url = "https://faas-nyc1-2ef2e6cc.doserverless.co/api/v1/web/fn-dd7f8f6a-d32a-4f5e-ae7b-870dfb7963f3/downloads/bundle?id=000000000000658", filename = "C:\Users\cofc_\AppData\Local\Temp\tmpE350.tmp\rjsec649.ZIP", message = "rjsec649")~~RJStevensMusicPresentationCreator.Program~0000002924
2024-12-14 21:58:51.7996~DEBUG~-> ExtractAllFromFile(zipFileName = "C:\Users\cofc_\AppData\Local\Temp\tmpE350.tmp\rjsec649.ZIP", decompressedFolder = "C:\Users\cofc_\AppData\Local\Temp\tmpE44B.tmp", message = "rjsec649")~~RJStevensMusicPresentationCreator.Program~0000002925
2024-12-14 21:58:52.0727~DEBUG~extract completed~~RJStevensMusicPresentationCreator.Program~0000002926
2024-12-14 21:58:52.0727~DEBUG~<- ExtractAllFromFile(zipFileName = "C:\Users\cofc_\AppData\Local\Temp\tmpE350.tmp\rjsec649.ZIP", decompressedFolder = "C:\Users\cofc_\AppData\Local\Temp\tmpE44B.tmp", message = "rjsec649")~~RJStevensMusicPresentationCreator.Program~0000002927
2024-12-14 21:58:52.1537~DEBUG~-> DownloadFile(url = "https://faas-nyc1-2ef2e6cc.doserverless.co/api/v1/web/fn-dd7f8f6a-d32a-4f5e-ae7b-870dfb7963f3/downloads/bundle?id=000000000000662", filename = "C:\Users\cofc_\AppData\Local\Temp\tmpE5A3.tmp\rjsec653.ZIP", message = "rjsec653")~~RJStevensMusicPresentationCreator.Program~0000002928
2024-12-14 21:58:52.4457~DEBUG~download completed~~RJStevensMusicPresentationCreator.Program~0000002929
2024-12-14 21:58:52.4457~DEBUG~<- DownloadFile(url = "https://faas-nyc1-2ef2e6cc.doserverless.co/api/v1/web/fn-dd7f8f6a-d32a-4f5e-ae7b-870dfb7963f3/downloads/bundle?id=000000000000662", filename = "C:\Users\cofc_\AppData\Local\Temp\tmpE5A3.tmp\rjsec653.ZIP", message = "rjsec653")~~RJStevensMusicPresentationCreator.Program~0000002930
2024-12-14 21:58:52.4647~DEBUG~-> ExtractAllFromFile(zipFileName = "C:\Users\cofc_\AppData\Local\Temp\tmpE5A3.tmp\rjsec653.ZIP", decompressedFolder = "C:\Users\cofc_\AppData\Local\Temp\tmpE6DD.tmp", message = "rjsec653")~~RJStevensMusicPresentationCreator.Program~0000002931
2024-12-14 21:58:52.7277~DEBUG~extract completed~~RJStevensMusicPresentationCreator.Program~0000002932
2024-12-14 21:58:52.7277~DEBUG~<- ExtractAllFromFile(zipFileName = "C:\Users\cofc_\AppData\Local\Temp\tmpE5A3.tmp\rjsec653.ZIP", decompressedFolder = "C:\Users\cofc_\AppData\Local\Temp\tmpE6DD.tmp", message = "rjsec653")~~RJStevensMusicPresentationCreator.Program~0000002933
2024-12-14 21:58:52.8047~DEBUG~-> DownloadFile(url = "https://faas-nyc1-2ef2e6cc.doserverless.co/api/v1/web/fn-dd7f8f6a-d32a-4f5e-ae7b-870dfb7963f3/downloads/bundle?id=000000000000668", filename = "C:\Users\cofc_\AppData\Local\Temp\tmpE836.tmp\rjsec659.ZIP", message = "rjsec659")~~RJStevensMusicPresentationCreator.Program~0000002934
2024-12-14 21:58:53.0067~DEBUG~download completed~~RJStevensMusicPresentationCreator.Program~0000002935
2024-12-14 21:58:53.0067~DEBUG~<- DownloadFile(url = "https://faas-nyc1-2ef2e6cc.doserverless.co/api/v1/web/fn-dd7f8f6a-d32a-4f5e-ae7b-870dfb7963f3/downloads/bundle?id=000000000000668", filename = "C:\Users\cofc_\AppData\Local\Temp\tmpE836.tmp\rjsec659.ZIP", message = "rjsec659")~~RJStevensMusicPresentationCreator.Program~0000002936
2024-12-14 21:58:53.0217~DEBUG~-> ExtractAllFromFile(zipFileName = "C:\Users\cofc_\AppData\Local\Temp\tmpE836.tmp\rjsec659.ZIP", decompressedFolder = "C:\Users\cofc_\AppData\Local\Temp\tmpE911.tmp", message = "rjsec659")~~RJStevensMusicPresentationCreator.Program~0000002937
2024-12-14 21:58:53.2651~DEBUG~extract completed~~RJStevensMusicPresentationCreator.Program~0000002938
2024-12-14 21:58:53.2701~DEBUG~<- ExtractAllFromFile(zipFileName = "C:\Users\cofc_\AppData\Local\Temp\tmpE836.tmp\rjsec659.ZIP", decompressedFolder = "C:\Users\cofc_\AppData\Local\Temp\tmpE911.tmp", message = "rjsec659")~~RJStevensMusicPresentationCreator.Program~0000002939
2024-12-14 21:58:53.3401~DEBUG~-> DownloadFile(url = "https://faas-nyc1-2ef2e6cc.doserverless.co/api/v1/web/fn-dd7f8f6a-d32a-4f5e-ae7b-870dfb7963f3/downloads/bundle?id=000000000000669", filename = "C:\Users\cofc_\AppData\Local\Temp\tmpEA4B.tmp\rjsec660.ZIP", message = "rjsec660")~~RJStevensMusicPresentationCreator.Program~0000002940
2024-12-14 21:58:53.6001~DEBUG~download completed~~RJStevensMusicPresentationCreator.Program~0000002941
2024-12-14 21:58:53.6001~DEBUG~<- DownloadFile(url = "https://faas-nyc1-2ef2e6cc.doserverless.co/api/v1/web/fn-dd7f8f6a-d32a-4f5e-ae7b-870dfb7963f3/downloads/bundle?id=000000000000669", filename = "C:\Users\cofc_\AppData\Local\Temp\tmpEA4B.tmp\rjsec660.ZIP", message = "rjsec660")~~RJStevensMusicPresentationCreator.Program~0000002942
2024-12-14 21:58:53.6121~DEBUG~-> ExtractAllFromFile(zipFileName = "C:\Users\cofc_\AppData\Local\Temp\tmpEA4B.tmp\rjsec660.ZIP", decompressedFolder = "C:\Users\cofc_\AppData\Local\Temp\tmpEB65.tmp", message = "rjsec660")~~RJStevensMusicPresentationCreator.Program~0000002943
2024-12-14 21:58:53.8132~DEBUG~extract completed~~RJStevensMusicPresentationCreator.Program~0000002944
2024-12-14 21:58:53.8132~DEBUG~<- ExtractAllFromFile(zipFileName = "C:\Users\cofc_\AppData\Local\Temp\tmpEA4B.tmp\rjsec660.ZIP", decompressedFolder = "C:\Users\cofc_\AppData\Local\Temp\tmpEB65.tmp", message = "rjsec660")~~RJStevensMusicPresentationCreator.Program~0000002945
2024-12-14 21:58:53.8952~DEBUG~-> DownloadFile(url = "https://faas-nyc1-2ef2e6cc.doserverless.co/api/v1/web/fn-dd7f8f6a-d32a-4f5e-ae7b-870dfb7963f3/downloads/bundle?id=000000000000670", filename = "C:\Users\cofc_\AppData\Local\Temp\tmpEC7F.tmp\rjsec661.ZIP", message = "rjsec661")~~RJStevensMusicPresentationCreator.Program~0000002946
2024-12-14 21:58:54.1422~DEBUG~download completed~~RJStevensMusicPresentationCreator.Program~0000002947
2024-12-14 21:58:54.1422~DEBUG~<- DownloadFile(url = "https://faas-nyc1-2ef2e6cc.doserverless.co/api/v1/web/fn-dd7f8f6a-d32a-4f5e-ae7b-870dfb7963f3/downloads/bundle?id=000000000000670", filename = "C:\Users\cofc_\AppData\Local\Temp\tmpEC7F.tmp\rjsec661.ZIP", message = "rjsec661")~~RJStevensMusicPresentationCreator.Program~0000002948
2024-12-14 21:58:54.1612~DEBUG~-> ExtractAllFromFile(zipFileName = "C:\Users\cofc_\AppData\Local\Temp\tmpEC7F.tmp\rjsec661.ZIP", decompressedFolder = "C:\Users\cofc_\AppData\Local\Temp\tmpED8A.tmp", message = "rjsec661")~~RJStevensMusicPresentationCreator.Program~0000002949
2024-12-14 21:58:54.4921~DEBUG~extract completed~~RJStevensMusicPresentationCreator.Program~0000002950
2024-12-14 21:58:54.4921~DEBUG~<- ExtractAllFromFile(zipFileName = "C:\Users\cofc_\AppData\Local\Temp\tmpEC7F.tmp\rjsec661.ZIP", decompressedFolder = "C:\Users\cofc_\AppData\Local\Temp\tmpED8A.tmp", message = "rjsec661")~~RJStevensMusicPresentationCreator.Program~0000002951
2024-12-14 21:58:54.5791~DEBUG~-> DownloadFile(url = "https://faas-nyc1-2ef2e6cc.doserverless.co/api/v1/web/fn-dd7f8f6a-d32a-4f5e-ae7b-870dfb7963f3/downloads/bundle?id=000000000000672", filename = "C:\Users\cofc_\AppData\Local\Temp\tmpEF21.tmp\rjsec663.ZIP", message = "rjsec663")~~RJStevensMusicPresentationCreator.Program~0000002952
2024-12-14 21:58:54.8561~DEBUG~download completed~~RJStevensMusicPresentationCreator.Program~0000002953
2024-12-14 21:58:54.8561~DEBUG~<- DownloadFile(url = "https://faas-nyc1-2ef2e6cc.doserverless.co/api/v1/web/fn-dd7f8f6a-d32a-4f5e-ae7b-870dfb7963f3/downloads/bundle?id=000000000000672", filename = "C:\Users\cofc_\AppData\Local\Temp\tmpEF21.tmp\rjsec663.ZIP", message = "rjsec663")~~RJStevensMusicPresentationCreator.Program~0000002954
2024-12-14 21:58:54.8701~DEBUG~-> ExtractAllFromFile(zipFileName = "C:\Users\cofc_\AppData\Local\Temp\tmpEF21.tmp\rjsec663.ZIP", decompressedFolder = "C:\Users\cofc_\AppData\Local\Temp\tmpF04B.tmp", message = "rjsec663")~~RJStevensMusicPresentationCreator.Program~0000002955
2024-12-14 21:58:55.2131~DEBUG~extract completed~~RJStevensMusicPresentationCreator.Program~0000002956
2024-12-14 21:58:55.2131~DEBUG~<- ExtractAllFromFile(zipFileName = "C:\Users\cofc_\AppData\Local\Temp\tmpEF21.tmp\rjsec663.ZIP", decompressedFolder = "C:\Users\cofc_\AppData\Local\Temp\tmpF04B.tmp", message = "rjsec663")~~RJStevensMusicPresentationCreator.Program~0000002957
2024-12-14 21:58:55.3031~DEBUG~-> DownloadFile(url = "https://faas-nyc1-2ef2e6cc.doserverless.co/api/v1/web/fn-dd7f8f6a-d32a-4f5e-ae7b-870dfb7963f3/downloads/bundle?id=000000000000678", filename = "C:\Users\cofc_\AppData\Local\Temp\tmpF202.tmp\rjsec669.ZIP", message = "rjsec669")~~RJStevensMusicPresentationCreator.Program~0000002958
2024-12-14 21:58:55.4871~DEBUG~download completed~~RJStevensMusicPresentationCreator.Program~0000002959
2024-12-14 21:58:55.4871~DEBUG~<- DownloadFile(url = "https://faas-nyc1-2ef2e6cc.doserverless.co/api/v1/web/fn-dd7f8f6a-d32a-4f5e-ae7b-870dfb7963f3/downloads/bundle?id=000000000000678", filename = "C:\Users\cofc_\AppData\Local\Temp\tmpF202.tmp\rjsec669.ZIP", message = "rjsec669")~~RJStevensMusicPresentationCreator.Program~0000002960
2024-12-14 21:58:55.5061~DEBUG~-> ExtractAllFromFile(zipFileName = "C:\Users\cofc_\AppData\Local\Temp\tmpF202.tmp\rjsec669.ZIP", decompressedFolder = "C:\Users\cofc_\AppData\Local\Temp\tmpF2CE.tmp", message = "rjsec669")~~RJStevensMusicPresentationCreator.Program~0000002961
2024-12-14 21:58:55.6370~DEBUG~extract completed~~RJStevensMusicPresentationCreator.Program~0000002962
2024-12-14 21:58:55.6370~DEBUG~<- ExtractAllFromFile(zipFileName = "C:\Users\cofc_\AppData\Local\Temp\tmpF202.tmp\rjsec669.ZIP", decompressedFolder = "C:\Users\cofc_\AppData\Local\Temp\tmpF2CE.tmp", message = "rjsec669")~~RJStevensMusicPresentationCreator.Program~0000002963
2024-12-14 21:58:55.6900~DEBUG~-> DownloadFile(url = "https://faas-nyc1-2ef2e6cc.doserverless.co/api/v1/web/fn-dd7f8f6a-d32a-4f5e-ae7b-870dfb7963f3/downloads/bundle?id=000000000000679", filename = "C:\Users\cofc_\AppData\Local\Temp\tmpF38A.tmp\rjsec670.ZIP", message = "rjsec670")~~RJStevensMusicPresentationCreator.Program~0000002964
2024-12-14 21:58:55.9270~DEBUG~download completed~~RJStevensMusicPresentationCreator.Program~0000002965
2024-12-14 21:58:55.9270~DEBUG~<- DownloadFile(url = "https://faas-nyc1-2ef2e6cc.doserverless.co/api/v1/web/fn-dd7f8f6a-d32a-4f5e-ae7b-870dfb7963f3/downloads/bundle?id=000000000000679", filename = "C:\Users\cofc_\AppData\Local\Temp\tmpF38A.tmp\rjsec670.ZIP", message = "rjsec670")~~RJStevensMusicPresentationCreator.Program~0000002966
2024-12-14 21:58:55.9400~DEBUG~-> ExtractAllFromFile(zipFileName = "C:\Users\cofc_\AppData\Local\Temp\tmpF38A.tmp\rjsec670.ZIP", decompressedFolder = "C:\Users\cofc_\AppData\Local\Temp\tmpF485.tmp", message = "rjsec670")~~RJStevensMusicPresentationCreator.Program~0000002967
2024-12-14 21:58:56.1250~DEBUG~extract completed~~RJStevensMusicPresentationCreator.Program~0000002968
2024-12-14 21:58:56.1280~DEBUG~<- ExtractAllFromFile(zipFileName = "C:\Users\cofc_\AppData\Local\Temp\tmpF38A.tmp\rjsec670.ZIP", decompressedFolder = "C:\Users\cofc_\AppData\Local\Temp\tmpF485.tmp", message = "rjsec670")~~RJStevensMusicPresentationCreator.Program~0000002969
2024-12-14 21:58:56.1870~DEBUG~-> DownloadFile(url = "https://faas-nyc1-2ef2e6cc.doserverless.co/api/v1/web/fn-dd7f8f6a-d32a-4f5e-ae7b-870dfb7963f3/downloads/bundle?id=000000000000680", filename = "C:\Users\cofc_\AppData\Local\Temp\tmpF571.tmp\rjsec670.7.ZIP", message = "rjsec670.7")~~RJStevensMusicPresentationCreator.Program~0000002970
2024-12-14 21:58:56.5611~DEBUG~download completed~~RJStevensMusicPresentationCreator.Program~0000002971
2024-12-14 21:58:56.5611~DEBUG~<- DownloadFile(url = "https://faas-nyc1-2ef2e6cc.doserverless.co/api/v1/web/fn-dd7f8f6a-d32a-4f5e-ae7b-870dfb7963f3/downloads/bundle?id=000000000000680", filename = "C:\Users\cofc_\AppData\Local\Temp\tmpF571.tmp\rjsec670.7.ZIP", message = "rjsec670.7")~~RJStevensMusicPresentationCreator.Program~0000002972
2024-12-14 21:58:56.5741~DEBUG~-> ExtractAllFromFile(zipFileName = "C:\Users\cofc_\AppData\Local\Temp\tmpF571.tmp\rjsec670.7.ZIP", decompressedFolder = "C:\Users\cofc_\AppData\Local\Temp\tmpF6F8.tmp", message = "rjsec670.7")~~RJStevensMusicPresentationCreator.Program~0000002973
2024-12-14 21:58:56.7961~DEBUG~extract completed~~RJStevensMusicPresentationCreator.Program~0000002974
2024-12-14 21:58:56.8001~DEBUG~<- ExtractAllFromFile(zipFileName = "C:\Users\cofc_\AppData\Local\Temp\tmpF571.tmp\rjsec670.7.ZIP", decompressedFolder = "C:\Users\cofc_\AppData\Local\Temp\tmpF6F8.tmp", message = "rjsec670.7")~~RJStevensMusicPresentationCreator.Program~0000002975
2024-12-14 21:58:56.8671~DEBUG~-> DownloadFile(url = "https://faas-nyc1-2ef2e6cc.doserverless.co/api/v1/web/fn-dd7f8f6a-d32a-4f5e-ae7b-870dfb7963f3/downloads/bundle?id=000000000000686", filename = "C:\Users\cofc_\AppData\Local\Temp\tmpF822.tmp\rjsec676.ZIP", message = "rjsec676")~~RJStevensMusicPresentationCreator.Program~0000002976
2024-12-14 21:58:57.1331~DEBUG~download completed~~RJStevensMusicPresentationCreator.Program~0000002977
2024-12-14 21:58:57.1331~DEBUG~<- DownloadFile(url = "https://faas-nyc1-2ef2e6cc.doserverless.co/api/v1/web/fn-dd7f8f6a-d32a-4f5e-ae7b-870dfb7963f3/downloads/bundle?id=000000000000686", filename = "C:\Users\cofc_\AppData\Local\Temp\tmpF822.tmp\rjsec676.ZIP", message = "rjsec676")~~RJStevensMusicPresentationCreator.Program~0000002978
2024-12-14 21:58:57.1501~DEBUG~-> ExtractAllFromFile(zipFileName = "C:\Users\cofc_\AppData\Local\Temp\tmpF822.tmp\rjsec676.ZIP", decompressedFolder = "C:\Users\cofc_\AppData\Local\Temp\tmpF93C.tmp", message = "rjsec676")~~RJStevensMusicPresentationCreator.Program~0000002979
2024-12-14 21:58:57.4030~DEBUG~extract completed~~RJStevensMusicPresentationCreator.Program~0000002980
2024-12-14 21:58:57.4030~DEBUG~<- ExtractAllFromFile(zipFileName = "C:\Users\cofc_\AppData\Local\Temp\tmpF822.tmp\rjsec676.ZIP", decompressedFolder = "C:\Users\cofc_\AppData\Local\Temp\tmpF93C.tmp", message = "rjsec676")~~RJStevensMusicPresentationCreator.Program~0000002981
2024-12-14 21:58:57.4790~DEBUG~-> DownloadFile(url = "https://faas-nyc1-2ef2e6cc.doserverless.co/api/v1/web/fn-dd7f8f6a-d32a-4f5e-ae7b-870dfb7963f3/downloads/bundle?id=000000000000687", filename = "C:\Users\cofc_\AppData\Local\Temp\tmpFA86.tmp\rjsec677.ZIP", message = "rjsec677")~~RJStevensMusicPresentationCreator.Program~0000002982
2024-12-14 21:58:57.7110~DEBUG~download completed~~RJStevensMusicPresentationCreator.Program~0000002983
2024-12-14 21:58:57.7110~DEBUG~<- DownloadFile(url = "https://faas-nyc1-2ef2e6cc.doserverless.co/api/v1/web/fn-dd7f8f6a-d32a-4f5e-ae7b-870dfb7963f3/downloads/bundle?id=000000000000687", filename = "C:\Users\cofc_\AppData\Local\Temp\tmpFA86.tmp\rjsec677.ZIP", message = "rjsec677")~~RJStevensMusicPresentationCreator.Program~0000002984
2024-12-14 21:58:57.7250~DEBUG~-> ExtractAllFromFile(zipFileName = "C:\Users\cofc_\AppData\Local\Temp\tmpFA86.tmp\rjsec677.ZIP", decompressedFolder = "C:\Users\cofc_\AppData\Local\Temp\tmpFB81.tmp", message = "rjsec677")~~RJStevensMusicPresentationCreator.Program~0000002985
2024-12-14 21:58:58.0535~DEBUG~extract completed~~RJStevensMusicPresentationCreator.Program~0000002986
2024-12-14 21:58:58.0535~DEBUG~<- ExtractAllFromFile(zipFileName = "C:\Users\cofc_\AppData\Local\Temp\tmpFA86.tmp\rjsec677.ZIP", decompressedFolder = "C:\Users\cofc_\AppData\Local\Temp\tmpFB81.tmp", message = "rjsec677")~~RJStevensMusicPresentationCreator.Program~0000002987
2024-12-14 21:58:58.1345~DEBUG~-> DownloadFile(url = "https://faas-nyc1-2ef2e6cc.doserverless.co/api/v1/web/fn-dd7f8f6a-d32a-4f5e-ae7b-870dfb7963f3/downloads/bundle?id=000000000000694", filename = "C:\Users\cofc_\AppData\Local\Temp\tmpFD18.tmp\rjsec684.ZIP", message = "rjsec684")~~RJStevensMusicPresentationCreator.Program~0000002988
2024-12-14 21:58:58.4065~DEBUG~download completed~~RJStevensMusicPresentationCreator.Program~0000002989
2024-12-14 21:58:58.4075~DEBUG~<- DownloadFile(url = "https://faas-nyc1-2ef2e6cc.doserverless.co/api/v1/web/fn-dd7f8f6a-d32a-4f5e-ae7b-870dfb7963f3/downloads/bundle?id=000000000000694", filename = "C:\Users\cofc_\AppData\Local\Temp\tmpFD18.tmp\rjsec684.ZIP", message = "rjsec684")~~RJStevensMusicPresentationCreator.Program~0000002990
2024-12-14 21:58:58.4235~DEBUG~-> ExtractAllFromFile(zipFileName = "C:\Users\cofc_\AppData\Local\Temp\tmpFD18.tmp\rjsec684.ZIP", decompressedFolder = "C:\Users\cofc_\AppData\Local\Temp\tmpFE42.tmp", message = "rjsec684")~~RJStevensMusicPresentationCreator.Program~0000002991
2024-12-14 21:58:58.8121~DEBUG~extract completed~~RJStevensMusicPresentationCreator.Program~0000002992
2024-12-14 21:58:58.8141~DEBUG~<- ExtractAllFromFile(zipFileName = "C:\Users\cofc_\AppData\Local\Temp\tmpFD18.tmp\rjsec684.ZIP", decompressedFolder = "C:\Users\cofc_\AppData\Local\Temp\tmpFE42.tmp", message = "rjsec684")~~RJStevensMusicPresentationCreator.Program~0000002993
2024-12-14 21:58:58.9091~DEBUG~-> DownloadFile(url = "https://faas-nyc1-2ef2e6cc.doserverless.co/api/v1/web/fn-dd7f8f6a-d32a-4f5e-ae7b-870dfb7963f3/downloads/bundle?id=000000000000695", filename = "C:\Users\cofc_\AppData\Local\Temp\tmp27.tmp\rjsec685.ZIP", message = "rjsec685")~~RJStevensMusicPresentationCreator.Program~0000002994
2024-12-14 21:58:59.1441~DEBUG~download completed~~RJStevensMusicPresentationCreator.Program~0000002995
2024-12-14 21:58:59.1441~DEBUG~<- DownloadFile(url = "https://faas-nyc1-2ef2e6cc.doserverless.co/api/v1/web/fn-dd7f8f6a-d32a-4f5e-ae7b-870dfb7963f3/downloads/bundle?id=000000000000695", filename = "C:\Users\cofc_\AppData\Local\Temp\tmp27.tmp\rjsec685.ZIP", message = "rjsec685")~~RJStevensMusicPresentationCreator.Program~0000002996
2024-12-14 21:58:59.1571~DEBUG~-> ExtractAllFromFile(zipFileName = "C:\Users\cofc_\AppData\Local\Temp\tmp27.tmp\rjsec685.ZIP", decompressedFolder = "C:\Users\cofc_\AppData\Local\Temp\tmp112.tmp", message = "rjsec685")~~RJStevensMusicPresentationCreator.Program~0000002997
2024-12-14 21:58:59.5247~DEBUG~extract completed~~RJStevensMusicPresentationCreator.Program~0000002998
2024-12-14 21:58:59.5247~DEBUG~<- ExtractAllFromFile(zipFileName = "C:\Users\cofc_\AppData\Local\Temp\tmp27.tmp\rjsec685.ZIP", decompressedFolder = "C:\Users\cofc_\AppData\Local\Temp\tmp112.tmp", message = "rjsec685")~~RJStevensMusicPresentationCreator.Program~0000002999
2024-12-14 21:58:59.6157~DEBUG~-> DownloadFile(url = "https://faas-nyc1-2ef2e6cc.doserverless.co/api/v1/web/fn-dd7f8f6a-d32a-4f5e-ae7b-870dfb7963f3/downloads/bundle?id=000000000000699", filename = "C:\Users\cofc_\AppData\Local\Temp\tmp2E8.tmp\rjsec689.ZIP", message = "rjsec689")~~RJStevensMusicPresentationCreator.Program~0000003000
2024-12-14 21:58:59.9218~DEBUG~download completed~~RJStevensMusicPresentationCreator.Program~0000003001
2024-12-14 21:58:59.9218~DEBUG~<- DownloadFile(url = "https://faas-nyc1-2ef2e6cc.doserverless.co/api/v1/web/fn-dd7f8f6a-d32a-4f5e-ae7b-870dfb7963f3/downloads/bundle?id=000000000000699", filename = "C:\Users\cofc_\AppData\Local\Temp\tmp2E8.tmp\rjsec689.ZIP", message = "rjsec689")~~RJStevensMusicPresentationCreator.Program~0000003002
2024-12-14 21:58:59.9388~DEBUG~-> ExtractAllFromFile(zipFileName = "C:\Users\cofc_\AppData\Local\Temp\tmp2E8.tmp\rjsec689.ZIP", decompressedFolder = "C:\Users\cofc_\AppData\Local\Temp\tmp422.tmp", message = "rjsec689")~~RJStevensMusicPresentationCreator.Program~0000003003
2024-12-14 21:59:00.2818~DEBUG~extract completed~~RJStevensMusicPresentationCreator.Program~0000003004
2024-12-14 21:59:00.2818~DEBUG~<- ExtractAllFromFile(zipFileName = "C:\Users\cofc_\AppData\Local\Temp\tmp2E8.tmp\rjsec689.ZIP", decompressedFolder = "C:\Users\cofc_\AppData\Local\Temp\tmp422.tmp", message = "rjsec689")~~RJStevensMusicPresentationCreator.Program~0000003005
2024-12-14 21:59:00.3778~DEBUG~-> DownloadFile(url = "https://faas-nyc1-2ef2e6cc.doserverless.co/api/v1/web/fn-dd7f8f6a-d32a-4f5e-ae7b-870dfb7963f3/downloads/bundle?id=000000000000700", filename = "C:\Users\cofc_\AppData\Local\Temp\tmp5E8.tmp\rjsec690.ZIP", message = "rjsec690")~~RJStevensMusicPresentationCreator.Program~0000003006
2024-12-14 21:59:00.6168~DEBUG~download completed~~RJStevensMusicPresentationCreator.Program~0000003007
2024-12-14 21:59:00.6168~DEBUG~<- DownloadFile(url = "https://faas-nyc1-2ef2e6cc.doserverless.co/api/v1/web/fn-dd7f8f6a-d32a-4f5e-ae7b-870dfb7963f3/downloads/bundle?id=000000000000700", filename = "C:\Users\cofc_\AppData\Local\Temp\tmp5E8.tmp\rjsec690.ZIP", message = "rjsec690")~~RJStevensMusicPresentationCreator.Program~0000003008
2024-12-14 21:59:00.6308~DEBUG~-> ExtractAllFromFile(zipFileName = "C:\Users\cofc_\AppData\Local\Temp\tmp5E8.tmp\rjsec690.ZIP", decompressedFolder = "C:\Users\cofc_\AppData\Local\Temp\tmp6E3.tmp", message = "rjsec690")~~RJStevensMusicPresentationCreator.Program~0000003009
2024-12-14 21:59:00.9678~DEBUG~extract completed~~RJStevensMusicPresentationCreator.Program~0000003010
2024-12-14 21:59:00.9738~DEBUG~<- ExtractAllFromFile(zipFileName = "C:\Users\cofc_\AppData\Local\Temp\tmp5E8.tmp\rjsec690.ZIP", decompressedFolder = "C:\Users\cofc_\AppData\Local\Temp\tmp6E3.tmp", message = "rjsec690")~~RJStevensMusicPresentationCreator.Program~0000003011
2024-12-14 21:59:01.0558~DEBUG~-> DownloadFile(url = "https://faas-nyc1-2ef2e6cc.doserverless.co/api/v1/web/fn-dd7f8f6a-d32a-4f5e-ae7b-870dfb7963f3/downloads/bundle?id=000000000000701", filename = "C:\Users\cofc_\AppData\Local\Temp\tmp88A.tmp\rjsec691.ZIP", message = "rjsec691")~~RJStevensMusicPresentationCreator.Program~0000003012
2024-12-14 21:59:01.3369~DEBUG~download completed~~RJStevensMusicPresentationCreator.Program~0000003013
2024-12-14 21:59:01.3369~DEBUG~<- DownloadFile(url = "https://faas-nyc1-2ef2e6cc.doserverless.co/api/v1/web/fn-dd7f8f6a-d32a-4f5e-ae7b-870dfb7963f3/downloads/bundle?id=000000000000701", filename = "C:\Users\cofc_\AppData\Local\Temp\tmp88A.tmp\rjsec691.ZIP", message = "rjsec691")~~RJStevensMusicPresentationCreator.Program~0000003014
2024-12-14 21:59:01.3499~DEBUG~-> ExtractAllFromFile(zipFileName = "C:\Users\cofc_\AppData\Local\Temp\tmp88A.tmp\rjsec691.ZIP", decompressedFolder = "C:\Users\cofc_\AppData\Local\Temp\tmp9B4.tmp", message = "rjsec691")~~RJStevensMusicPresentationCreator.Program~0000003015
2024-12-14 21:59:01.6759~DEBUG~extract completed~~RJStevensMusicPresentationCreator.Program~0000003016
2024-12-14 21:59:01.6759~DEBUG~<- ExtractAllFromFile(zipFileName = "C:\Users\cofc_\AppData\Local\Temp\tmp88A.tmp\rjsec691.ZIP", decompressedFolder = "C:\Users\cofc_\AppData\Local\Temp\tmp9B4.tmp", message = "rjsec691")~~RJStevensMusicPresentationCreator.Program~0000003017
2024-12-14 21:59:01.7629~DEBUG~-> DownloadFile(url = "https://faas-nyc1-2ef2e6cc.doserverless.co/api/v1/web/fn-dd7f8f6a-d32a-4f5e-ae7b-870dfb7963f3/downloads/bundle?id=000000000000703", filename = "C:\Users\cofc_\AppData\Local\Temp\tmpB4B.tmp\rjsec693.ZIP", message = "rjsec693")~~RJStevensMusicPresentationCreator.Program~0000003018
2024-12-14 21:59:02.1429~DEBUG~download completed~~RJStevensMusicPresentationCreator.Program~0000003019
2024-12-14 21:59:02.1429~DEBUG~<- DownloadFile(url = "https://faas-nyc1-2ef2e6cc.doserverless.co/api/v1/web/fn-dd7f8f6a-d32a-4f5e-ae7b-870dfb7963f3/downloads/bundle?id=000000000000703", filename = "C:\Users\cofc_\AppData\Local\Temp\tmpB4B.tmp\rjsec693.ZIP", message = "rjsec693")~~RJStevensMusicPresentationCreator.Program~0000003020
2024-12-14 21:59:02.1569~DEBUG~-> ExtractAllFromFile(zipFileName = "C:\Users\cofc_\AppData\Local\Temp\tmpB4B.tmp\rjsec693.ZIP", decompressedFolder = "C:\Users\cofc_\AppData\Local\Temp\tmpCE2.tmp", message = "rjsec693")~~RJStevensMusicPresentationCreator.Program~0000003021
2024-12-14 21:59:02.4699~DEBUG~extract completed~~RJStevensMusicPresentationCreator.Program~0000003022
2024-12-14 21:59:02.4699~DEBUG~<- ExtractAllFromFile(zipFileName = "C:\Users\cofc_\AppData\Local\Temp\tmpB4B.tmp\rjsec693.ZIP", decompressedFolder = "C:\Users\cofc_\AppData\Local\Temp\tmpCE2.tmp", message = "rjsec693")~~RJStevensMusicPresentationCreator.Program~0000003023
2024-12-14 21:59:02.5560~DEBUG~-> DownloadFile(url = "https://faas-nyc1-2ef2e6cc.doserverless.co/api/v1/web/fn-dd7f8f6a-d32a-4f5e-ae7b-870dfb7963f3/downloads/bundle?id=000000000000704", filename = "C:\Users\cofc_\AppData\Local\Temp\tmpE6A.tmp\rjsec694.ZIP", message = "rjsec694")~~RJStevensMusicPresentationCreator.Program~0000003024
2024-12-14 21:59:02.7510~DEBUG~download completed~~RJStevensMusicPresentationCreator.Program~0000003025
2024-12-14 21:59:02.7510~DEBUG~<- DownloadFile(url = "https://faas-nyc1-2ef2e6cc.doserverless.co/api/v1/web/fn-dd7f8f6a-d32a-4f5e-ae7b-870dfb7963f3/downloads/bundle?id=000000000000704", filename = "C:\Users\cofc_\AppData\Local\Temp\tmpE6A.tmp\rjsec694.ZIP", message = "rjsec694")~~RJStevensMusicPresentationCreator.Program~0000003026
2024-12-14 21:59:02.7680~DEBUG~-> ExtractAllFromFile(zipFileName = "C:\Users\cofc_\AppData\Local\Temp\tmpE6A.tmp\rjsec694.ZIP", decompressedFolder = "C:\Users\cofc_\AppData\Local\Temp\tmpF45.tmp", message = "rjsec694")~~RJStevensMusicPresentationCreator.Program~0000003027
2024-12-14 21:59:02.9270~DEBUG~extract completed~~RJStevensMusicPresentationCreator.Program~0000003028
2024-12-14 21:59:02.9270~DEBUG~<- ExtractAllFromFile(zipFileName = "C:\Users\cofc_\AppData\Local\Temp\tmpE6A.tmp\rjsec694.ZIP", decompressedFolder = "C:\Users\cofc_\AppData\Local\Temp\tmpF45.tmp", message = "rjsec694")~~RJStevensMusicPresentationCreator.Program~0000003029
2024-12-14 21:59:02.9900~DEBUG~-> DownloadFile(url = "https://faas-nyc1-2ef2e6cc.doserverless.co/api/v1/web/fn-dd7f8f6a-d32a-4f5e-ae7b-870dfb7963f3/downloads/bundle?id=000000000000705", filename = "C:\Users\cofc_\AppData\Local\Temp\tmp1021.tmp\rjsec695.ZIP", message = "rjsec695")~~RJStevensMusicPresentationCreator.Program~0000003030
2024-12-14 21:59:03.1870~DEBUG~download completed~~RJStevensMusicPresentationCreator.Program~0000003031
2024-12-14 21:59:03.1870~DEBUG~<- DownloadFile(url = "https://faas-nyc1-2ef2e6cc.doserverless.co/api/v1/web/fn-dd7f8f6a-d32a-4f5e-ae7b-870dfb7963f3/downloads/bundle?id=000000000000705", filename = "C:\Users\cofc_\AppData\Local\Temp\tmp1021.tmp\rjsec695.ZIP", message = "rjsec695")~~RJStevensMusicPresentationCreator.Program~0000003032
2024-12-14 21:59:03.1980~DEBUG~-> ExtractAllFromFile(zipFileName = "C:\Users\cofc_\AppData\Local\Temp\tmp1021.tmp\rjsec695.ZIP", decompressedFolder = "C:\Users\cofc_\AppData\Local\Temp\tmp10ED.tmp", message = "rjsec695")~~RJStevensMusicPresentationCreator.Program~0000003033
2024-12-14 21:59:03.3860~DEBUG~extract completed~~RJStevensMusicPresentationCreator.Program~0000003034
2024-12-14 21:59:03.3860~DEBUG~<- ExtractAllFromFile(zipFileName = "C:\Users\cofc_\AppData\Local\Temp\tmp1021.tmp\rjsec695.ZIP", decompressedFolder = "C:\Users\cofc_\AppData\Local\Temp\tmp10ED.tmp", message = "rjsec695")~~RJStevensMusicPresentationCreator.Program~0000003035
2024-12-14 21:59:03.4550~DEBUG~-> DownloadFile(url = "https://faas-nyc1-2ef2e6cc.doserverless.co/api/v1/web/fn-dd7f8f6a-d32a-4f5e-ae7b-870dfb7963f3/downloads/bundle?id=000000000000706", filename = "C:\Users\cofc_\AppData\Local\Temp\tmp11EB.tmp\rjsec696.ZIP", message = "rjsec696")~~RJStevensMusicPresentationCreator.Program~0000003036
2024-12-14 21:59:03.7100~DEBUG~download completed~~RJStevensMusicPresentationCreator.Program~0000003037
2024-12-14 21:59:03.7100~DEBUG~<- DownloadFile(url = "https://faas-nyc1-2ef2e6cc.doserverless.co/api/v1/web/fn-dd7f8f6a-d32a-4f5e-ae7b-870dfb7963f3/downloads/bundle?id=000000000000706", filename = "C:\Users\cofc_\AppData\Local\Temp\tmp11EB.tmp\rjsec696.ZIP", message = "rjsec696")~~RJStevensMusicPresentationCreator.Program~0000003038
2024-12-14 21:59:03.7230~DEBUG~-> ExtractAllFromFile(zipFileName = "C:\Users\cofc_\AppData\Local\Temp\tmp11EB.tmp\rjsec696.ZIP", decompressedFolder = "C:\Users\cofc_\AppData\Local\Temp\tmp1303.tmp", message = "rjsec696")~~RJStevensMusicPresentationCreator.Program~0000003039
2024-12-14 21:59:03.9151~DEBUG~extract completed~~RJStevensMusicPresentationCreator.Program~0000003040
2024-12-14 21:59:03.9151~DEBUG~<- ExtractAllFromFile(zipFileName = "C:\Users\cofc_\AppData\Local\Temp\tmp11EB.tmp\rjsec696.ZIP", decompressedFolder = "C:\Users\cofc_\AppData\Local\Temp\tmp1303.tmp", message = "rjsec696")~~RJStevensMusicPresentationCreator.Program~0000003041
2024-12-14 21:59:04.6911~ INFO~AllHymnals Length: 4~~RJStevensMusicPresentationCreator.Program~0000003042
2024-12-14 21:59:04.6911~TRACE~-> AddTemplates()~~RJStevensMusicPresentationCreator.frmSelector~0000003043
2024-12-14 21:59:04.6911~TRACE~<- AddTemplates()~~RJStevensMusicPresentationCreator.frmSelector~0000003044
2024-12-14 21:59:04.6911~FATAL~License Mode: Licensed~~RJStevensMusicPresentationCreator.Program~0000003045
2024-12-14 21:59:04.7041~FATAL~Override to License Mode: Licensed~~RJStevensMusicPresentationCreator.Program~0000003046
2024-12-14 21:59:04.9261~TRACE~-> RunOneTimeUpdates()~~RJStevensMusicPresentationCreator.Program~0000003047
2024-12-14 21:59:04.9261~ INFO~Product Version: 2.3.8843.25471~~RJStevensMusicPresentationCreator.Program~0000003048
2024-12-14 21:59:04.9261~ INFO~Deployment Version: 2.2.0.7~~RJStevensMusicPresentationCreator.Program~0000003049
2024-12-14 21:59:04.9261~TRACE~LastExecutedDeploymentVersion: 0.0.0.0~~RJStevensMusicPresentationCreator.Program~0000003050
2024-12-14 21:59:04.9261~TRACE~<- RunOneTimeUpdates()~~RJStevensMusicPresentationCreator.Program~0000003051
2024-12-14 21:59:31.6117~DEBUG~-- Disable(DisableCount = 0)~~RJStevensMusicPresentationCreator.frmSelector~0000003052
2024-12-14 21:59:31.7426~DEBUG~-- SetMessage(messageText = Preparing slides for the selected hymns...)~~RJStevensMusicPresentationCreator.frmSelector~0000003053
2024-12-14 21:59:31.7637~TRACE~Text changing from '' to 'End of Verse 1'~~RJStevensMusicPresentationCreator.SlideToAdd~0000003054
2024-12-14 21:59:31.7637~TRACE~Text changing from '' to 'End of Verse 2'~~RJStevensMusicPresentationCreator.SlideToAdd~0000003055
2024-12-14 21:59:31.7706~TRACE~Text changing from '' to 'End of Song'~~RJStevensMusicPresentationCreator.SlideToAdd~0000003056
2024-12-14 21:59:31.7706~TRACE~Text changing from '' to 'End of Verse 1'~~RJStevensMusicPresentationCreator.SlideToAdd~0000003057
2024-12-14 21:59:31.7706~TRACE~Text changing from '' to 'End of Verse 2'~~RJStevensMusicPresentationCreator.SlideToAdd~0000003058
2024-12-14 21:59:31.7706~TRACE~Text changing from '' to 'End of Song'~~RJStevensMusicPresentationCreator.SlideToAdd~0000003059
2024-12-14 21:59:31.7706~DEBUG~-- SetMessage(messageText = )~~RJStevensMusicPresentationCreator.frmSelector~0000003060
2024-12-14 21:59:31.7706~DEBUG~-- Enable(overrideCount = False, DisableCount = 1, NoEnable = False)~~RJStevensMusicPresentationCreator.frmSelector~0000003061
2024-12-14 21:59:44.1666~DEBUG~-- Disable(DisableCount = 0)~~RJStevensMusicPresentationCreator.frmSelector~0000003062
2024-12-14 21:59:45.3995~DEBUG~-- SetMessage(messageText = Saving PowerPoint Presentation file...)~~RJStevensMusicPresentationCreator.frmSelector~0000003063
2024-12-14 21:59:47.9280~DEBUG~-- SetMessage(messageText = )~~RJStevensMusicPresentationCreator.frmSelector~0000003064
2024-12-14 21:59:47.9280~DEBUG~-- Enable(overrideCount = False, DisableCount = 1, NoEnable = False)~~RJStevensMusicPresentationCreator.frmSelector~0000003065
2024-12-14 22:03:12.0640~TRACE~<- Main()~~RJStevensMusicPresentationCreator.Program~0000003066
