EventDateTime~EventLevel~EventMsg~EventException~EventLogger~EventID
2024-12-14 22:03:17.5402~TRACE~-> Main()~~RJStevensMusicPresentationCreator.Program~0000000001
2024-12-14 22:03:17.5802~TRACE~   .Net Framework Version: 4.8~~RJStevensMusicPresentationCreator.Program~0000000002
2024-12-14 22:03:17.5802~TRACE~   OS Version: Windows 10 Enterprise Release 2009 (Build 19045.5247)  64-bit~~RJStevensMusicPresentationCreator.Program~0000000003
2024-12-14 22:03:17.5802~TRACE~   Total RAM Memory: 8.00 GB physical RAM memory~~RJStevensMusicPresentationCreator.Program~0000000004
2024-12-14 22:03:17.5972~ WARN~System.UnauthorizedAccessException: Access to the registry key 'HKEY_LOCAL_MACHINE\Software\R.J. Stevens Music\Hymns for Worship Electronic Edition\2.3.8843.25471' is denied.%CRLF%   at Microsoft.Win32.RegistryKey.Win32Error(Int32 errorCode, String str)%CRLF%   at Microsoft.Win32.RegistryKey.CreateSubKeyInternal(String subkey, RegistryKeyPermissionCheck permissionCheck, Object registrySecurityObj, RegistryOptions registryOptions)%CRLF%   at Microsoft.Win32.RegistryKey.CreateSubKey(String subkey)%CRLF%   at RJStevensMusicPresentationCreator.Program.Main() in D:\Repos\RJSM\Presentation Creator Application\Applications\PresentationCreator15\Program.cs:line 151~System.UnauthorizedAccessException: Access to the registry key 'HKEY_LOCAL_MACHINE\Software\R.J. Stevens Music\Hymns for Worship Electronic Edition\2.3.8843.25471' is denied.%CRLF%   at Microsoft.Win32.RegistryKey.Win32Error(Int32 errorCode, String str)%CRLF%   at Microsoft.Win32.RegistryKey.CreateSubKeyInternal(String subkey, RegistryKeyPermissionCheck permissionCheck, Object registrySecurityObj, RegistryOptions registryOptions)%CRLF%   at Microsoft.Win32.RegistryKey.CreateSubKey(String subkey)%CRLF%   at RJStevensMusicPresentationCreator.Program.Main() in D:\Repos\RJSM\Presentation Creator Application\Applications\PresentationCreator15\Program.cs:line 151~RJStevensMusicPresentationCreator.Program~0000000005
2024-12-14 22:03:17.6272~ INFO~UserRegKey: HKEY_CURRENT_USER\Software\R.J. Stevens Music\Hymns for Worship Electronic Edition~~RJStevensMusicPresentationCreator.Program~0000000006
2024-12-14 22:03:17.6272~ INFO~HymnalInformationFile: C:\ProgramData\Application Data\R.J. Stevens Music\Hymns for Worship Electronic Edition\Information.hixml~~RJStevensMusicPresentationCreator.Program~0000000007
2024-12-14 22:03:17.6412~ INFO~RegKey: HKEY_CURRENT_USER\Software\R.J. Stevens Music\Hymns for Worship Electronic Edition~~RJStevensMusicPresentationCreator.RJSMRegistry~0000000008
2024-12-14 22:03:17.6412~ INFO~ProductApplicationDataFolder: C:\ProgramData\Application Data\R.J. Stevens Music\Hymns for Worship Electronic Edition~~RJStevensMusicPresentationCreator.RJSMRegistry~0000000009
2024-12-14 22:03:17.6412~ INFO~HymnalInformationFolder: C:\ProgramData\Application Data\R.J. Stevens Music\Hymns for Worship Electronic Edition~~RJStevensMusicPresentationCreator.RJSMRegistry~0000000010
2024-12-14 22:03:17.6412~ INFO~SlideTemplateFolder: C:\ProgramData\Application Data\R.J. Stevens Music\Hymns for Worship Electronic Edition\Templates~~RJStevensMusicPresentationCreator.RJSMRegistry~0000000011
2024-12-14 22:03:17.6412~ INFO~LastExecutedDeploymentVersion: 0.0.0.0~~RJStevensMusicPresentationCreator.RJSMRegistry~0000000012
2024-12-14 22:03:17.6412~ INFO~SelectedHymnal: <All>~~RJStevensMusicPresentationCreator.RJSMRegistry~0000000013
2024-12-14 22:03:17.6412~ INFO~SelectedTemplate: Single Slide Template (Fast Transition)~~RJStevensMusicPresentationCreator.RJSMRegistry~0000000014
2024-12-14 22:03:17.6652~ INFO~LastImportFolder: C:\Users\cofc_\OneDrive\Desktop~~RJStevensMusicPresentationCreator.RJSMRegistry~0000000015
2024-12-14 22:03:17.6652~ INFO~DisplayTools: True~~RJStevensMusicPresentationCreator.RJSMRegistry~0000000016
2024-12-14 22:03:17.6652~ INFO~HymnList: True~~RJStevensMusicPresentationCreator.RJSMRegistry~0000000017
2024-12-14 22:03:17.6652~ INFO~HymnText: True~~RJStevensMusicPresentationCreator.RJSMRegistry~0000000018
2024-12-14 22:03:17.6652~ INFO~HymnalSelection: True~~RJStevensMusicPresentationCreator.RJSMRegistry~0000000019
2024-12-14 22:03:17.6652~ INFO~TemplateSelection: True~~RJStevensMusicPresentationCreator.RJSMRegistry~0000000020
2024-12-14 22:03:17.6652~ INFO~FillWindow: True~~RJStevensMusicPresentationCreator.RJSMRegistry~0000000021
2024-12-14 22:03:17.6652~ INFO~PresenterImage: True~~RJStevensMusicPresentationCreator.RJSMRegistry~0000000022
2024-12-14 22:03:17.6652~ INFO~SelectorWindowPosition: Normal,101,104,1082,778~~RJStevensMusicPresentationCreator.RJSMRegistry~0000000023
2024-12-14 22:03:17.6652~ INFO~SlideWindowPosition: Normal,0,0,0,0~~RJStevensMusicPresentationCreator.RJSMRegistry~0000000024
2024-12-14 22:03:17.6742~ INFO~ViewSplitPosition: 0.02345215759849906191369606~~RJStevensMusicPresentationCreator.RJSMRegistry~0000000025
2024-12-14 22:03:17.6742~ INFO~HymnsSplitPosition: 0.7085987261146496815286624204~~RJStevensMusicPresentationCreator.RJSMRegistry~0000000026
2024-12-14 22:03:17.6742~ INFO~HymnsListSplitPosition: 0.6022471910112359550561797753~~RJStevensMusicPresentationCreator.RJSMRegistry~0000000027
2024-12-14 22:03:17.6742~ INFO~InternalViewerSplitPosition: 0.15~~RJStevensMusicPresentationCreator.RJSMRegistry~0000000028
2024-12-14 22:03:17.6742~ INFO~DateOfFirstLicenseCheck: 3/15/2020 12:00:00 AM~~RJStevensMusicPresentationCreator.RJSMRegistry~0000000029
2024-12-14 22:03:17.6742~ INFO~ProductImprovementConsent: True~~RJStevensMusicPresentationCreator.RJSMRegistry~0000000030
2024-12-14 22:03:17.6742~ INFO~RevisedPrinting: 15~~RJStevensMusicPresentationCreator.RJSMRegistry~0000000031
2024-12-14 22:03:17.6742~TRACE~   Is fast disk? True~~RJStevensMusicPresentationCreator.Program~0000000032
2024-12-14 22:03:18.6187~ WARN~More than one hymn exists with "20214" as the number.~~RJStevensMusicPresentationCreator.Program~0000000033
2024-12-14 22:03:18.6187~ WARN~More than one hymn exists with "20731" as the number.~~RJStevensMusicPresentationCreator.Program~0000000034
2024-12-14 22:03:18.6187~ WARN~More than one hymn exists with "21339" as the number.~~RJStevensMusicPresentationCreator.Program~0000000035
2024-12-14 22:03:27.3136~DEBUG~-> DownloadFile(url = "https://faas-nyc1-2ef2e6cc.doserverless.co/api/v1/web/fn-dd7f8f6a-d32a-4f5e-ae7b-870dfb7963f3/downloads/bundle?id=000000000000003", filename = "C:\Users\cofc_\AppData\Local\Temp\tmp14B4.tmp\rjsec001.ZIP", message = "rjsec001")~~RJStevensMusicPresentationCreator.Program~0000000036
2024-12-14 22:03:28.6227~DEBUG~download completed~~RJStevensMusicPresentationCreator.Program~0000000037
2024-12-14 22:03:28.6227~DEBUG~<- DownloadFile(url = "https://faas-nyc1-2ef2e6cc.doserverless.co/api/v1/web/fn-dd7f8f6a-d32a-4f5e-ae7b-870dfb7963f3/downloads/bundle?id=000000000000003", filename = "C:\Users\cofc_\AppData\Local\Temp\tmp14B4.tmp\rjsec001.ZIP", message = "rjsec001")~~RJStevensMusicPresentationCreator.Program~0000000038
2024-12-14 22:03:28.7887~DEBUG~-> ExtractAllFromFile(zipFileName = "C:\Users\cofc_\AppData\Local\Temp\tmp14B4.tmp\rjsec001.ZIP", decompressedFolder = "C:\Users\cofc_\AppData\Local\Temp\tmp19E5.tmp", message = "rjsec001")~~RJStevensMusicPresentationCreator.Program~0000000039
2024-12-14 22:03:29.0608~DEBUG~extract completed~~RJStevensMusicPresentationCreator.Program~0000000040
2024-12-14 22:03:29.0638~DEBUG~<- ExtractAllFromFile(zipFileName = "C:\Users\cofc_\AppData\Local\Temp\tmp14B4.tmp\rjsec001.ZIP", decompressedFolder = "C:\Users\cofc_\AppData\Local\Temp\tmp19E5.tmp", message = "rjsec001")~~RJStevensMusicPresentationCreator.Program~0000000041
2024-12-14 22:03:29.1328~DEBUG~-> DownloadFile(url = "https://faas-nyc1-2ef2e6cc.doserverless.co/api/v1/web/fn-dd7f8f6a-d32a-4f5e-ae7b-870dfb7963f3/downloads/bundle?id=000000000000004", filename = "C:\Users\cofc_\AppData\Local\Temp\tmp1BDA.tmp\rjsec002.ZIP", message = "rjsec002")~~RJStevensMusicPresentationCreator.Program~0000000042
2024-12-14 22:03:29.3528~DEBUG~download completed~~RJStevensMusicPresentationCreator.Program~0000000043
2024-12-14 22:03:29.3528~DEBUG~<- DownloadFile(url = "https://faas-nyc1-2ef2e6cc.doserverless.co/api/v1/web/fn-dd7f8f6a-d32a-4f5e-ae7b-870dfb7963f3/downloads/bundle?id=000000000000004", filename = "C:\Users\cofc_\AppData\Local\Temp\tmp1BDA.tmp\rjsec002.ZIP", message = "rjsec002")~~RJStevensMusicPresentationCreator.Program~0000000044
2024-12-14 22:03:29.3658~DEBUG~-> ExtractAllFromFile(zipFileName = "C:\Users\cofc_\AppData\Local\Temp\tmp1BDA.tmp\rjsec002.ZIP", decompressedFolder = "C:\Users\cofc_\AppData\Local\Temp\tmp1CC5.tmp", message = "rjsec002")~~RJStevensMusicPresentationCreator.Program~0000000045
2024-12-14 22:03:29.6502~DEBUG~extract completed~~RJStevensMusicPresentationCreator.Program~0000000046
2024-12-14 22:03:29.6502~DEBUG~<- ExtractAllFromFile(zipFileName = "C:\Users\cofc_\AppData\Local\Temp\tmp1BDA.tmp\rjsec002.ZIP", decompressedFolder = "C:\Users\cofc_\AppData\Local\Temp\tmp1CC5.tmp", message = "rjsec002")~~RJStevensMusicPresentationCreator.Program~0000000047
2024-12-14 22:03:29.7182~DEBUG~-> DownloadFile(url = "https://faas-nyc1-2ef2e6cc.doserverless.co/api/v1/web/fn-dd7f8f6a-d32a-4f5e-ae7b-870dfb7963f3/downloads/bundle?id=000000000000006", filename = "C:\Users\cofc_\AppData\Local\Temp\tmp1E1E.tmp\rjsec004.ZIP", message = "rjsec004")~~RJStevensMusicPresentationCreator.Program~0000000048
2024-12-14 22:03:29.9182~DEBUG~download completed~~RJStevensMusicPresentationCreator.Program~0000000049
2024-12-14 22:03:29.9182~DEBUG~<- DownloadFile(url = "https://faas-nyc1-2ef2e6cc.doserverless.co/api/v1/web/fn-dd7f8f6a-d32a-4f5e-ae7b-870dfb7963f3/downloads/bundle?id=000000000000006", filename = "C:\Users\cofc_\AppData\Local\Temp\tmp1E1E.tmp\rjsec004.ZIP", message = "rjsec004")~~RJStevensMusicPresentationCreator.Program~0000000050
2024-12-14 22:03:29.9343~DEBUG~-> ExtractAllFromFile(zipFileName = "C:\Users\cofc_\AppData\Local\Temp\tmp1E1E.tmp\rjsec004.ZIP", decompressedFolder = "C:\Users\cofc_\AppData\Local\Temp\tmp1EFA.tmp", message = "rjsec004")~~RJStevensMusicPresentationCreator.Program~0000000051
2024-12-14 22:03:30.1193~DEBUG~extract completed~~RJStevensMusicPresentationCreator.Program~0000000052
2024-12-14 22:03:30.1193~DEBUG~<- ExtractAllFromFile(zipFileName = "C:\Users\cofc_\AppData\Local\Temp\tmp1E1E.tmp\rjsec004.ZIP", decompressedFolder = "C:\Users\cofc_\AppData\Local\Temp\tmp1EFA.tmp", message = "rjsec004")~~RJStevensMusicPresentationCreator.Program~0000000053
2024-12-14 22:03:30.1743~DEBUG~-> DownloadFile(url = "https://faas-nyc1-2ef2e6cc.doserverless.co/api/v1/web/fn-dd7f8f6a-d32a-4f5e-ae7b-870dfb7963f3/downloads/bundle?id=000000000000008", filename = "C:\Users\cofc_\AppData\Local\Temp\tmp1FF5.tmp\rjsec006.ZIP", message = "rjsec006")~~RJStevensMusicPresentationCreator.Program~0000000054
2024-12-14 22:03:30.3683~DEBUG~download completed~~RJStevensMusicPresentationCreator.Program~0000000055
2024-12-14 22:03:30.3683~DEBUG~<- DownloadFile(url = "https://faas-nyc1-2ef2e6cc.doserverless.co/api/v1/web/fn-dd7f8f6a-d32a-4f5e-ae7b-870dfb7963f3/downloads/bundle?id=000000000000008", filename = "C:\Users\cofc_\AppData\Local\Temp\tmp1FF5.tmp\rjsec006.ZIP", message = "rjsec006")~~RJStevensMusicPresentationCreator.Program~0000000056
2024-12-14 22:03:30.3813~DEBUG~-> ExtractAllFromFile(zipFileName = "C:\Users\cofc_\AppData\Local\Temp\tmp1FF5.tmp\rjsec006.ZIP", decompressedFolder = "C:\Users\cofc_\AppData\Local\Temp\tmp20C1.tmp", message = "rjsec006")~~RJStevensMusicPresentationCreator.Program~0000000057
2024-12-14 22:03:30.5763~DEBUG~extract completed~~RJStevensMusicPresentationCreator.Program~0000000058
2024-12-14 22:03:30.5793~DEBUG~<- ExtractAllFromFile(zipFileName = "C:\Users\cofc_\AppData\Local\Temp\tmp1FF5.tmp\rjsec006.ZIP", decompressedFolder = "C:\Users\cofc_\AppData\Local\Temp\tmp20C1.tmp", message = "rjsec006")~~RJStevensMusicPresentationCreator.Program~0000000059
2024-12-14 22:03:30.6323~DEBUG~-> DownloadFile(url = "https://faas-nyc1-2ef2e6cc.doserverless.co/api/v1/web/fn-dd7f8f6a-d32a-4f5e-ae7b-870dfb7963f3/downloads/bundle?id=000000000000010", filename = "C:\Users\cofc_\AppData\Local\Temp\tmp21BC.tmp\rjsec008.ZIP", message = "rjsec008")~~RJStevensMusicPresentationCreator.Program~0000000060
2024-12-14 22:03:30.8313~DEBUG~download completed~~RJStevensMusicPresentationCreator.Program~0000000061
2024-12-14 22:03:30.8313~DEBUG~<- DownloadFile(url = "https://faas-nyc1-2ef2e6cc.doserverless.co/api/v1/web/fn-dd7f8f6a-d32a-4f5e-ae7b-870dfb7963f3/downloads/bundle?id=000000000000010", filename = "C:\Users\cofc_\AppData\Local\Temp\tmp21BC.tmp\rjsec008.ZIP", message = "rjsec008")~~RJStevensMusicPresentationCreator.Program~0000000062
2024-12-14 22:03:30.8443~DEBUG~-> ExtractAllFromFile(zipFileName = "C:\Users\cofc_\AppData\Local\Temp\tmp21BC.tmp\rjsec008.ZIP", decompressedFolder = "C:\Users\cofc_\AppData\Local\Temp\tmp2288.tmp", message = "rjsec008")~~RJStevensMusicPresentationCreator.Program~0000000063
2024-12-14 22:03:31.0703~DEBUG~extract completed~~RJStevensMusicPresentationCreator.Program~0000000064
2024-12-14 22:03:31.0703~DEBUG~<- ExtractAllFromFile(zipFileName = "C:\Users\cofc_\AppData\Local\Temp\tmp21BC.tmp\rjsec008.ZIP", decompressedFolder = "C:\Users\cofc_\AppData\Local\Temp\tmp2288.tmp", message = "rjsec008")~~RJStevensMusicPresentationCreator.Program~0000000065
2024-12-14 22:03:31.1273~DEBUG~-> DownloadFile(url = "https://faas-nyc1-2ef2e6cc.doserverless.co/api/v1/web/fn-dd7f8f6a-d32a-4f5e-ae7b-870dfb7963f3/downloads/bundle?id=000000000002089", filename = "C:\Users\cofc_\AppData\Local\Temp\tmp23B2.tmp\rjsec008.15.ZIP", message = "rjsec008.15")~~RJStevensMusicPresentationCreator.Program~0000000066
2024-12-14 22:03:31.3194~DEBUG~download completed~~RJStevensMusicPresentationCreator.Program~0000000067
2024-12-14 22:03:31.3194~DEBUG~<- DownloadFile(url = "https://faas-nyc1-2ef2e6cc.doserverless.co/api/v1/web/fn-dd7f8f6a-d32a-4f5e-ae7b-870dfb7963f3/downloads/bundle?id=000000000002089", filename = "C:\Users\cofc_\AppData\Local\Temp\tmp23B2.tmp\rjsec008.15.ZIP", message = "rjsec008.15")~~RJStevensMusicPresentationCreator.Program~0000000068
2024-12-14 22:03:31.3304~DEBUG~-> ExtractAllFromFile(zipFileName = "C:\Users\cofc_\AppData\Local\Temp\tmp23B2.tmp\rjsec008.15.ZIP", decompressedFolder = "C:\Users\cofc_\AppData\Local\Temp\tmp247E.tmp", message = "rjsec008.15")~~RJStevensMusicPresentationCreator.Program~0000000069
2024-12-14 22:03:31.5244~DEBUG~extract completed~~RJStevensMusicPresentationCreator.Program~0000000070
2024-12-14 22:03:31.5244~DEBUG~<- ExtractAllFromFile(zipFileName = "C:\Users\cofc_\AppData\Local\Temp\tmp23B2.tmp\rjsec008.15.ZIP", decompressedFolder = "C:\Users\cofc_\AppData\Local\Temp\tmp247E.tmp", message = "rjsec008.15")~~RJStevensMusicPresentationCreator.Program~0000000071
2024-12-14 22:03:31.5814~DEBUG~-> DownloadFile(url = "https://faas-nyc1-2ef2e6cc.doserverless.co/api/v1/web/fn-dd7f8f6a-d32a-4f5e-ae7b-870dfb7963f3/downloads/bundle?id=000000000002090", filename = "C:\Users\cofc_\AppData\Local\Temp\tmp2579.tmp\rjsec008.16.ZIP", message = "rjsec008.16")~~RJStevensMusicPresentationCreator.Program~0000000072
2024-12-14 22:03:31.7884~DEBUG~download completed~~RJStevensMusicPresentationCreator.Program~0000000073
2024-12-14 22:03:31.7884~DEBUG~<- DownloadFile(url = "https://faas-nyc1-2ef2e6cc.doserverless.co/api/v1/web/fn-dd7f8f6a-d32a-4f5e-ae7b-870dfb7963f3/downloads/bundle?id=000000000002090", filename = "C:\Users\cofc_\AppData\Local\Temp\tmp2579.tmp\rjsec008.16.ZIP", message = "rjsec008.16")~~RJStevensMusicPresentationCreator.Program~0000000074
2024-12-14 22:03:31.8064~DEBUG~-> ExtractAllFromFile(zipFileName = "C:\Users\cofc_\AppData\Local\Temp\tmp2579.tmp\rjsec008.16.ZIP", decompressedFolder = "C:\Users\cofc_\AppData\Local\Temp\tmp2655.tmp", message = "rjsec008.16")~~RJStevensMusicPresentationCreator.Program~0000000075
2024-12-14 22:03:32.0274~DEBUG~extract completed~~RJStevensMusicPresentationCreator.Program~0000000076
2024-12-14 22:03:32.0274~DEBUG~<- ExtractAllFromFile(zipFileName = "C:\Users\cofc_\AppData\Local\Temp\tmp2579.tmp\rjsec008.16.ZIP", decompressedFolder = "C:\Users\cofc_\AppData\Local\Temp\tmp2655.tmp", message = "rjsec008.16")~~RJStevensMusicPresentationCreator.Program~0000000077
2024-12-14 22:03:32.0884~DEBUG~-> DownloadFile(url = "https://faas-nyc1-2ef2e6cc.doserverless.co/api/v1/web/fn-dd7f8f6a-d32a-4f5e-ae7b-870dfb7963f3/downloads/bundle?id=000000000000012", filename = "C:\Users\cofc_\AppData\Local\Temp\tmp276F.tmp\rjsec010.ZIP", message = "rjsec010")~~RJStevensMusicPresentationCreator.Program~0000000078
2024-12-14 22:03:32.3214~DEBUG~download completed~~RJStevensMusicPresentationCreator.Program~0000000079
2024-12-14 22:03:32.3214~DEBUG~<- DownloadFile(url = "https://faas-nyc1-2ef2e6cc.doserverless.co/api/v1/web/fn-dd7f8f6a-d32a-4f5e-ae7b-870dfb7963f3/downloads/bundle?id=000000000000012", filename = "C:\Users\cofc_\AppData\Local\Temp\tmp276F.tmp\rjsec010.ZIP", message = "rjsec010")~~RJStevensMusicPresentationCreator.Program~0000000080
2024-12-14 22:03:32.3444~DEBUG~-> ExtractAllFromFile(zipFileName = "C:\Users\cofc_\AppData\Local\Temp\tmp276F.tmp\rjsec010.ZIP", decompressedFolder = "C:\Users\cofc_\AppData\Local\Temp\tmp286A.tmp", message = "rjsec010")~~RJStevensMusicPresentationCreator.Program~0000000081
2024-12-14 22:03:32.5234~DEBUG~extract completed~~RJStevensMusicPresentationCreator.Program~0000000082
2024-12-14 22:03:32.5234~DEBUG~<- ExtractAllFromFile(zipFileName = "C:\Users\cofc_\AppData\Local\Temp\tmp276F.tmp\rjsec010.ZIP", decompressedFolder = "C:\Users\cofc_\AppData\Local\Temp\tmp286A.tmp", message = "rjsec010")~~RJStevensMusicPresentationCreator.Program~0000000083
2024-12-14 22:03:32.5764~DEBUG~-> DownloadFile(url = "https://faas-nyc1-2ef2e6cc.doserverless.co/api/v1/web/fn-dd7f8f6a-d32a-4f5e-ae7b-870dfb7963f3/downloads/bundle?id=000000000000013", filename = "C:\Users\cofc_\AppData\Local\Temp\tmp2955.tmp\rjsec011.ZIP", message = "rjsec011")~~RJStevensMusicPresentationCreator.Program~0000000084
2024-12-14 22:03:32.7735~DEBUG~download completed~~RJStevensMusicPresentationCreator.Program~0000000085
2024-12-14 22:03:32.7735~DEBUG~<- DownloadFile(url = "https://faas-nyc1-2ef2e6cc.doserverless.co/api/v1/web/fn-dd7f8f6a-d32a-4f5e-ae7b-870dfb7963f3/downloads/bundle?id=000000000000013", filename = "C:\Users\cofc_\AppData\Local\Temp\tmp2955.tmp\rjsec011.ZIP", message = "rjsec011")~~RJStevensMusicPresentationCreator.Program~0000000086
2024-12-14 22:03:32.7865~DEBUG~-> ExtractAllFromFile(zipFileName = "C:\Users\cofc_\AppData\Local\Temp\tmp2955.tmp\rjsec011.ZIP", decompressedFolder = "C:\Users\cofc_\AppData\Local\Temp\tmp2A31.tmp", message = "rjsec011")~~RJStevensMusicPresentationCreator.Program~0000000087
2024-12-14 22:03:33.0815~DEBUG~extract completed~~RJStevensMusicPresentationCreator.Program~0000000088
2024-12-14 22:03:33.0815~DEBUG~<- ExtractAllFromFile(zipFileName = "C:\Users\cofc_\AppData\Local\Temp\tmp2955.tmp\rjsec011.ZIP", decompressedFolder = "C:\Users\cofc_\AppData\Local\Temp\tmp2A31.tmp", message = "rjsec011")~~RJStevensMusicPresentationCreator.Program~0000000089
2024-12-14 22:03:33.1585~DEBUG~-> DownloadFile(url = "https://faas-nyc1-2ef2e6cc.doserverless.co/api/v1/web/fn-dd7f8f6a-d32a-4f5e-ae7b-870dfb7963f3/downloads/bundle?id=000000000000014", filename = "C:\Users\cofc_\AppData\Local\Temp\tmp2BA9.tmp\rjsec012.ZIP", message = "rjsec012")~~RJStevensMusicPresentationCreator.Program~0000000090
2024-12-14 22:03:33.3855~DEBUG~download completed~~RJStevensMusicPresentationCreator.Program~0000000091
2024-12-14 22:03:33.3855~DEBUG~<- DownloadFile(url = "https://faas-nyc1-2ef2e6cc.doserverless.co/api/v1/web/fn-dd7f8f6a-d32a-4f5e-ae7b-870dfb7963f3/downloads/bundle?id=000000000000014", filename = "C:\Users\cofc_\AppData\Local\Temp\tmp2BA9.tmp\rjsec012.ZIP", message = "rjsec012")~~RJStevensMusicPresentationCreator.Program~0000000092
2024-12-14 22:03:33.4015~DEBUG~-> ExtractAllFromFile(zipFileName = "C:\Users\cofc_\AppData\Local\Temp\tmp2BA9.tmp\rjsec012.ZIP", decompressedFolder = "C:\Users\cofc_\AppData\Local\Temp\tmp2C94.tmp", message = "rjsec012")~~RJStevensMusicPresentationCreator.Program~0000000093
2024-12-14 22:03:33.6165~DEBUG~extract completed~~RJStevensMusicPresentationCreator.Program~0000000094
2024-12-14 22:03:33.6165~DEBUG~<- ExtractAllFromFile(zipFileName = "C:\Users\cofc_\AppData\Local\Temp\tmp2BA9.tmp\rjsec012.ZIP", decompressedFolder = "C:\Users\cofc_\AppData\Local\Temp\tmp2C94.tmp", message = "rjsec012")~~RJStevensMusicPresentationCreator.Program~0000000095
2024-12-14 22:03:33.6755~DEBUG~-> DownloadFile(url = "https://faas-nyc1-2ef2e6cc.doserverless.co/api/v1/web/fn-dd7f8f6a-d32a-4f5e-ae7b-870dfb7963f3/downloads/bundle?id=000000000000017", filename = "C:\Users\cofc_\AppData\Local\Temp\tmp2DAF.tmp\rjsec014.ZIP", message = "rjsec014")~~RJStevensMusicPresentationCreator.Program~0000000096
2024-12-14 22:03:33.8745~DEBUG~download completed~~RJStevensMusicPresentationCreator.Program~0000000097
2024-12-14 22:03:33.8927~DEBUG~<- DownloadFile(url = "https://faas-nyc1-2ef2e6cc.doserverless.co/api/v1/web/fn-dd7f8f6a-d32a-4f5e-ae7b-870dfb7963f3/downloads/bundle?id=000000000000017", filename = "C:\Users\cofc_\AppData\Local\Temp\tmp2DAF.tmp\rjsec014.ZIP", message = "rjsec014")~~RJStevensMusicPresentationCreator.Program~0000000098
2024-12-14 22:03:33.8927~DEBUG~-> ExtractAllFromFile(zipFileName = "C:\Users\cofc_\AppData\Local\Temp\tmp2DAF.tmp\rjsec014.ZIP", decompressedFolder = "C:\Users\cofc_\AppData\Local\Temp\tmp2E8A.tmp", message = "rjsec014")~~RJStevensMusicPresentationCreator.Program~0000000099
2024-12-14 22:03:34.1397~DEBUG~extract completed~~RJStevensMusicPresentationCreator.Program~0000000100
2024-12-14 22:03:34.1427~DEBUG~<- ExtractAllFromFile(zipFileName = "C:\Users\cofc_\AppData\Local\Temp\tmp2DAF.tmp\rjsec014.ZIP", decompressedFolder = "C:\Users\cofc_\AppData\Local\Temp\tmp2E8A.tmp", message = "rjsec014")~~RJStevensMusicPresentationCreator.Program~0000000101
2024-12-14 22:03:34.2047~DEBUG~-> DownloadFile(url = "https://faas-nyc1-2ef2e6cc.doserverless.co/api/v1/web/fn-dd7f8f6a-d32a-4f5e-ae7b-870dfb7963f3/downloads/bundle?id=000000000000019", filename = "C:\Users\cofc_\AppData\Local\Temp\tmp2FC4.tmp\rjsec016.ZIP", message = "rjsec016")~~RJStevensMusicPresentationCreator.Program~0000000102
2024-12-14 22:03:34.4698~DEBUG~download completed~~RJStevensMusicPresentationCreator.Program~0000000103
2024-12-14 22:03:34.4698~DEBUG~<- DownloadFile(url = "https://faas-nyc1-2ef2e6cc.doserverless.co/api/v1/web/fn-dd7f8f6a-d32a-4f5e-ae7b-870dfb7963f3/downloads/bundle?id=000000000000019", filename = "C:\Users\cofc_\AppData\Local\Temp\tmp2FC4.tmp\rjsec016.ZIP", message = "rjsec016")~~RJStevensMusicPresentationCreator.Program~0000000104
2024-12-14 22:03:34.4868~DEBUG~-> ExtractAllFromFile(zipFileName = "C:\Users\cofc_\AppData\Local\Temp\tmp2FC4.tmp\rjsec016.ZIP", decompressedFolder = "C:\Users\cofc_\AppData\Local\Temp\tmp30DE.tmp", message = "rjsec016")~~RJStevensMusicPresentationCreator.Program~0000000105
2024-12-14 22:03:34.7718~DEBUG~extract completed~~RJStevensMusicPresentationCreator.Program~0000000106
2024-12-14 22:03:34.7718~DEBUG~<- ExtractAllFromFile(zipFileName = "C:\Users\cofc_\AppData\Local\Temp\tmp2FC4.tmp\rjsec016.ZIP", decompressedFolder = "C:\Users\cofc_\AppData\Local\Temp\tmp30DE.tmp", message = "rjsec016")~~RJStevensMusicPresentationCreator.Program~0000000107
2024-12-14 22:03:34.8388~DEBUG~-> DownloadFile(url = "https://faas-nyc1-2ef2e6cc.doserverless.co/api/v1/web/fn-dd7f8f6a-d32a-4f5e-ae7b-870dfb7963f3/downloads/bundle?id=000000000000020", filename = "C:\Users\cofc_\AppData\Local\Temp\tmp3237.tmp\rjsec017.ZIP", message = "rjsec017")~~RJStevensMusicPresentationCreator.Program~0000000108
2024-12-14 22:03:35.0218~DEBUG~download completed~~RJStevensMusicPresentationCreator.Program~0000000109
2024-12-14 22:03:35.0218~DEBUG~<- DownloadFile(url = "https://faas-nyc1-2ef2e6cc.doserverless.co/api/v1/web/fn-dd7f8f6a-d32a-4f5e-ae7b-870dfb7963f3/downloads/bundle?id=000000000000020", filename = "C:\Users\cofc_\AppData\Local\Temp\tmp3237.tmp\rjsec017.ZIP", message = "rjsec017")~~RJStevensMusicPresentationCreator.Program~0000000110
2024-12-14 22:03:35.0348~DEBUG~-> ExtractAllFromFile(zipFileName = "C:\Users\cofc_\AppData\Local\Temp\tmp3237.tmp\rjsec017.ZIP", decompressedFolder = "C:\Users\cofc_\AppData\Local\Temp\tmp3303.tmp", message = "rjsec017")~~RJStevensMusicPresentationCreator.Program~0000000111
2024-12-14 22:03:35.2358~DEBUG~extract completed~~RJStevensMusicPresentationCreator.Program~0000000112
2024-12-14 22:03:35.2358~DEBUG~<- ExtractAllFromFile(zipFileName = "C:\Users\cofc_\AppData\Local\Temp\tmp3237.tmp\rjsec017.ZIP", decompressedFolder = "C:\Users\cofc_\AppData\Local\Temp\tmp3303.tmp", message = "rjsec017")~~RJStevensMusicPresentationCreator.Program~0000000113
2024-12-14 22:03:35.2898~DEBUG~-> DownloadFile(url = "https://faas-nyc1-2ef2e6cc.doserverless.co/api/v1/web/fn-dd7f8f6a-d32a-4f5e-ae7b-870dfb7963f3/downloads/bundle?id=000000000000021", filename = "C:\Users\cofc_\AppData\Local\Temp\tmp33FE.tmp\rjsec018.ZIP", message = "rjsec018")~~RJStevensMusicPresentationCreator.Program~0000000114
2024-12-14 22:03:35.5118~DEBUG~download completed~~RJStevensMusicPresentationCreator.Program~0000000115
2024-12-14 22:03:35.5118~DEBUG~<- DownloadFile(url = "https://faas-nyc1-2ef2e6cc.doserverless.co/api/v1/web/fn-dd7f8f6a-d32a-4f5e-ae7b-870dfb7963f3/downloads/bundle?id=000000000000021", filename = "C:\Users\cofc_\AppData\Local\Temp\tmp33FE.tmp\rjsec018.ZIP", message = "rjsec018")~~RJStevensMusicPresentationCreator.Program~0000000116
2024-12-14 22:03:35.5308~DEBUG~-> ExtractAllFromFile(zipFileName = "C:\Users\cofc_\AppData\Local\Temp\tmp33FE.tmp\rjsec018.ZIP", decompressedFolder = "C:\Users\cofc_\AppData\Local\Temp\tmp34E9.tmp", message = "rjsec018")~~RJStevensMusicPresentationCreator.Program~0000000117
2024-12-14 22:03:35.8579~DEBUG~extract completed~~RJStevensMusicPresentationCreator.Program~0000000118
2024-12-14 22:03:35.8609~DEBUG~<- ExtractAllFromFile(zipFileName = "C:\Users\cofc_\AppData\Local\Temp\tmp33FE.tmp\rjsec018.ZIP", decompressedFolder = "C:\Users\cofc_\AppData\Local\Temp\tmp34E9.tmp", message = "rjsec018")~~RJStevensMusicPresentationCreator.Program~0000000119
2024-12-14 22:03:35.9339~DEBUG~-> DownloadFile(url = "https://faas-nyc1-2ef2e6cc.doserverless.co/api/v1/web/fn-dd7f8f6a-d32a-4f5e-ae7b-870dfb7963f3/downloads/bundle?id=000000000000022", filename = "C:\Users\cofc_\AppData\Local\Temp\tmp3681.tmp\rjsec019.ZIP", message = "rjsec019")~~RJStevensMusicPresentationCreator.Program~0000000120
2024-12-14 22:03:36.1289~DEBUG~download completed~~RJStevensMusicPresentationCreator.Program~0000000121
2024-12-14 22:03:36.1289~DEBUG~<- DownloadFile(url = "https://faas-nyc1-2ef2e6cc.doserverless.co/api/v1/web/fn-dd7f8f6a-d32a-4f5e-ae7b-870dfb7963f3/downloads/bundle?id=000000000000022", filename = "C:\Users\cofc_\AppData\Local\Temp\tmp3681.tmp\rjsec019.ZIP", message = "rjsec019")~~RJStevensMusicPresentationCreator.Program~0000000122
2024-12-14 22:03:36.1419~DEBUG~-> ExtractAllFromFile(zipFileName = "C:\Users\cofc_\AppData\Local\Temp\tmp3681.tmp\rjsec019.ZIP", decompressedFolder = "C:\Users\cofc_\AppData\Local\Temp\tmp374D.tmp", message = "rjsec019")~~RJStevensMusicPresentationCreator.Program~0000000123
2024-12-14 22:03:36.4109~DEBUG~extract completed~~RJStevensMusicPresentationCreator.Program~0000000124
2024-12-14 22:03:36.4109~DEBUG~<- ExtractAllFromFile(zipFileName = "C:\Users\cofc_\AppData\Local\Temp\tmp3681.tmp\rjsec019.ZIP", decompressedFolder = "C:\Users\cofc_\AppData\Local\Temp\tmp374D.tmp", message = "rjsec019")~~RJStevensMusicPresentationCreator.Program~0000000125
2024-12-14 22:03:36.4749~DEBUG~-> DownloadFile(url = "https://faas-nyc1-2ef2e6cc.doserverless.co/api/v1/web/fn-dd7f8f6a-d32a-4f5e-ae7b-870dfb7963f3/downloads/bundle?id=000000000000023", filename = "C:\Users\cofc_\AppData\Local\Temp\tmp38A6.tmp\rjsec020.ZIP", message = "rjsec020")~~RJStevensMusicPresentationCreator.Program~0000000126
2024-12-14 22:03:36.6509~DEBUG~download completed~~RJStevensMusicPresentationCreator.Program~0000000127
2024-12-14 22:03:36.6509~DEBUG~<- DownloadFile(url = "https://faas-nyc1-2ef2e6cc.doserverless.co/api/v1/web/fn-dd7f8f6a-d32a-4f5e-ae7b-870dfb7963f3/downloads/bundle?id=000000000000023", filename = "C:\Users\cofc_\AppData\Local\Temp\tmp38A6.tmp\rjsec020.ZIP", message = "rjsec020")~~RJStevensMusicPresentationCreator.Program~0000000128
2024-12-14 22:03:36.6649~DEBUG~-> ExtractAllFromFile(zipFileName = "C:\Users\cofc_\AppData\Local\Temp\tmp38A6.tmp\rjsec020.ZIP", decompressedFolder = "C:\Users\cofc_\AppData\Local\Temp\tmp3962.tmp", message = "rjsec020")~~RJStevensMusicPresentationCreator.Program~0000000129
2024-12-14 22:03:36.8529~DEBUG~extract completed~~RJStevensMusicPresentationCreator.Program~0000000130
2024-12-14 22:03:36.8529~DEBUG~<- ExtractAllFromFile(zipFileName = "C:\Users\cofc_\AppData\Local\Temp\tmp38A6.tmp\rjsec020.ZIP", decompressedFolder = "C:\Users\cofc_\AppData\Local\Temp\tmp3962.tmp", message = "rjsec020")~~RJStevensMusicPresentationCreator.Program~0000000131
2024-12-14 22:03:36.9089~DEBUG~-> DownloadFile(url = "https://faas-nyc1-2ef2e6cc.doserverless.co/api/v1/web/fn-dd7f8f6a-d32a-4f5e-ae7b-870dfb7963f3/downloads/bundle?id=000000000000024", filename = "C:\Users\cofc_\AppData\Local\Temp\tmp3A5D.tmp\rjsec021.ZIP", message = "rjsec021")~~RJStevensMusicPresentationCreator.Program~0000000132
2024-12-14 22:03:37.1180~DEBUG~download completed~~RJStevensMusicPresentationCreator.Program~0000000133
2024-12-14 22:03:37.1180~DEBUG~<- DownloadFile(url = "https://faas-nyc1-2ef2e6cc.doserverless.co/api/v1/web/fn-dd7f8f6a-d32a-4f5e-ae7b-870dfb7963f3/downloads/bundle?id=000000000000024", filename = "C:\Users\cofc_\AppData\Local\Temp\tmp3A5D.tmp\rjsec021.ZIP", message = "rjsec021")~~RJStevensMusicPresentationCreator.Program~0000000134
2024-12-14 22:03:37.1310~DEBUG~-> ExtractAllFromFile(zipFileName = "C:\Users\cofc_\AppData\Local\Temp\tmp3A5D.tmp\rjsec021.ZIP", decompressedFolder = "C:\Users\cofc_\AppData\Local\Temp\tmp3B39.tmp", message = "rjsec021")~~RJStevensMusicPresentationCreator.Program~0000000135
2024-12-14 22:03:37.3940~DEBUG~extract completed~~RJStevensMusicPresentationCreator.Program~0000000136
2024-12-14 22:03:37.3940~DEBUG~<- ExtractAllFromFile(zipFileName = "C:\Users\cofc_\AppData\Local\Temp\tmp3A5D.tmp\rjsec021.ZIP", decompressedFolder = "C:\Users\cofc_\AppData\Local\Temp\tmp3B39.tmp", message = "rjsec021")~~RJStevensMusicPresentationCreator.Program~0000000137
2024-12-14 22:03:37.4640~DEBUG~-> DownloadFile(url = "https://faas-nyc1-2ef2e6cc.doserverless.co/api/v1/web/fn-dd7f8f6a-d32a-4f5e-ae7b-870dfb7963f3/downloads/bundle?id=000000000000027", filename = "C:\Users\cofc_\AppData\Local\Temp\tmp3C82.tmp\rjsec024.ZIP", message = "rjsec024")~~RJStevensMusicPresentationCreator.Program~0000000138
2024-12-14 22:03:37.6610~DEBUG~download completed~~RJStevensMusicPresentationCreator.Program~0000000139
2024-12-14 22:03:37.6610~DEBUG~<- DownloadFile(url = "https://faas-nyc1-2ef2e6cc.doserverless.co/api/v1/web/fn-dd7f8f6a-d32a-4f5e-ae7b-870dfb7963f3/downloads/bundle?id=000000000000027", filename = "C:\Users\cofc_\AppData\Local\Temp\tmp3C82.tmp\rjsec024.ZIP", message = "rjsec024")~~RJStevensMusicPresentationCreator.Program~0000000140
2024-12-14 22:03:37.6610~DEBUG~-> ExtractAllFromFile(zipFileName = "C:\Users\cofc_\AppData\Local\Temp\tmp3C82.tmp\rjsec024.ZIP", decompressedFolder = "C:\Users\cofc_\AppData\Local\Temp\tmp3D4E.tmp", message = "rjsec024")~~RJStevensMusicPresentationCreator.Program~0000000141
2024-12-14 22:03:37.8650~DEBUG~extract completed~~RJStevensMusicPresentationCreator.Program~0000000142
2024-12-14 22:03:37.8650~DEBUG~<- ExtractAllFromFile(zipFileName = "C:\Users\cofc_\AppData\Local\Temp\tmp3C82.tmp\rjsec024.ZIP", decompressedFolder = "C:\Users\cofc_\AppData\Local\Temp\tmp3D4E.tmp", message = "rjsec024")~~RJStevensMusicPresentationCreator.Program~0000000143
2024-12-14 22:03:37.9190~DEBUG~-> DownloadFile(url = "https://faas-nyc1-2ef2e6cc.doserverless.co/api/v1/web/fn-dd7f8f6a-d32a-4f5e-ae7b-870dfb7963f3/downloads/bundle?id=000000000000028", filename = "C:\Users\cofc_\AppData\Local\Temp\tmp3E49.tmp\rjsec025.ZIP", message = "rjsec025")~~RJStevensMusicPresentationCreator.Program~0000000144
2024-12-14 22:03:38.1190~DEBUG~download completed~~RJStevensMusicPresentationCreator.Program~0000000145
2024-12-14 22:03:38.1190~DEBUG~<- DownloadFile(url = "https://faas-nyc1-2ef2e6cc.doserverless.co/api/v1/web/fn-dd7f8f6a-d32a-4f5e-ae7b-870dfb7963f3/downloads/bundle?id=000000000000028", filename = "C:\Users\cofc_\AppData\Local\Temp\tmp3E49.tmp\rjsec025.ZIP", message = "rjsec025")~~RJStevensMusicPresentationCreator.Program~0000000146
2024-12-14 22:03:38.1350~DEBUG~-> ExtractAllFromFile(zipFileName = "C:\Users\cofc_\AppData\Local\Temp\tmp3E49.tmp\rjsec025.ZIP", decompressedFolder = "C:\Users\cofc_\AppData\Local\Temp\tmp3F25.tmp", message = "rjsec025")~~RJStevensMusicPresentationCreator.Program~0000000147
2024-12-14 22:03:38.3511~DEBUG~extract completed~~RJStevensMusicPresentationCreator.Program~0000000148
2024-12-14 22:03:38.3511~DEBUG~<- ExtractAllFromFile(zipFileName = "C:\Users\cofc_\AppData\Local\Temp\tmp3E49.tmp\rjsec025.ZIP", decompressedFolder = "C:\Users\cofc_\AppData\Local\Temp\tmp3F25.tmp", message = "rjsec025")~~RJStevensMusicPresentationCreator.Program~0000000149
2024-12-14 22:03:38.4061~DEBUG~-> DownloadFile(url = "https://faas-nyc1-2ef2e6cc.doserverless.co/api/v1/web/fn-dd7f8f6a-d32a-4f5e-ae7b-870dfb7963f3/downloads/bundle?id=000000000000029", filename = "C:\Users\cofc_\AppData\Local\Temp\tmp402F.tmp\rjsec026.ZIP", message = "rjsec026")~~RJStevensMusicPresentationCreator.Program~0000000150
2024-12-14 22:03:38.6081~DEBUG~download completed~~RJStevensMusicPresentationCreator.Program~0000000151
2024-12-14 22:03:38.6081~DEBUG~<- DownloadFile(url = "https://faas-nyc1-2ef2e6cc.doserverless.co/api/v1/web/fn-dd7f8f6a-d32a-4f5e-ae7b-870dfb7963f3/downloads/bundle?id=000000000000029", filename = "C:\Users\cofc_\AppData\Local\Temp\tmp402F.tmp\rjsec026.ZIP", message = "rjsec026")~~RJStevensMusicPresentationCreator.Program~0000000152
2024-12-14 22:03:38.6211~DEBUG~-> ExtractAllFromFile(zipFileName = "C:\Users\cofc_\AppData\Local\Temp\tmp402F.tmp\rjsec026.ZIP", decompressedFolder = "C:\Users\cofc_\AppData\Local\Temp\tmp410B.tmp", message = "rjsec026")~~RJStevensMusicPresentationCreator.Program~0000000153
2024-12-14 22:03:38.8241~DEBUG~extract completed~~RJStevensMusicPresentationCreator.Program~0000000154
2024-12-14 22:03:38.8241~DEBUG~<- ExtractAllFromFile(zipFileName = "C:\Users\cofc_\AppData\Local\Temp\tmp402F.tmp\rjsec026.ZIP", decompressedFolder = "C:\Users\cofc_\AppData\Local\Temp\tmp410B.tmp", message = "rjsec026")~~RJStevensMusicPresentationCreator.Program~0000000155
2024-12-14 22:03:38.8811~DEBUG~-> DownloadFile(url = "https://faas-nyc1-2ef2e6cc.doserverless.co/api/v1/web/fn-dd7f8f6a-d32a-4f5e-ae7b-870dfb7963f3/downloads/bundle?id=000000000000030", filename = "C:\Users\cofc_\AppData\Local\Temp\tmp4216.tmp\rjsec027.ZIP", message = "rjsec027")~~RJStevensMusicPresentationCreator.Program~0000000156
2024-12-14 22:03:39.0881~DEBUG~download completed~~RJStevensMusicPresentationCreator.Program~0000000157
2024-12-14 22:03:39.0881~DEBUG~<- DownloadFile(url = "https://faas-nyc1-2ef2e6cc.doserverless.co/api/v1/web/fn-dd7f8f6a-d32a-4f5e-ae7b-870dfb7963f3/downloads/bundle?id=000000000000030", filename = "C:\Users\cofc_\AppData\Local\Temp\tmp4216.tmp\rjsec027.ZIP", message = "rjsec027")~~RJStevensMusicPresentationCreator.Program~0000000158
2024-12-14 22:03:39.1061~DEBUG~-> ExtractAllFromFile(zipFileName = "C:\Users\cofc_\AppData\Local\Temp\tmp4216.tmp\rjsec027.ZIP", decompressedFolder = "C:\Users\cofc_\AppData\Local\Temp\tmp42F2.tmp", message = "rjsec027")~~RJStevensMusicPresentationCreator.Program~0000000159
2024-12-14 22:03:39.3881~DEBUG~extract completed~~RJStevensMusicPresentationCreator.Program~0000000160
2024-12-14 22:03:39.3921~DEBUG~<- ExtractAllFromFile(zipFileName = "C:\Users\cofc_\AppData\Local\Temp\tmp4216.tmp\rjsec027.ZIP", decompressedFolder = "C:\Users\cofc_\AppData\Local\Temp\tmp42F2.tmp", message = "rjsec027")~~RJStevensMusicPresentationCreator.Program~0000000161
2024-12-14 22:03:39.4611~DEBUG~-> DownloadFile(url = "https://faas-nyc1-2ef2e6cc.doserverless.co/api/v1/web/fn-dd7f8f6a-d32a-4f5e-ae7b-870dfb7963f3/downloads/bundle?id=000000000000031", filename = "C:\Users\cofc_\AppData\Local\Temp\tmp445A.tmp\rjsec028.ZIP", message = "rjsec028")~~RJStevensMusicPresentationCreator.Program~0000000162
2024-12-14 22:03:39.6891~DEBUG~download completed~~RJStevensMusicPresentationCreator.Program~0000000163
2024-12-14 22:03:39.6891~DEBUG~<- DownloadFile(url = "https://faas-nyc1-2ef2e6cc.doserverless.co/api/v1/web/fn-dd7f8f6a-d32a-4f5e-ae7b-870dfb7963f3/downloads/bundle?id=000000000000031", filename = "C:\Users\cofc_\AppData\Local\Temp\tmp445A.tmp\rjsec028.ZIP", message = "rjsec028")~~RJStevensMusicPresentationCreator.Program~0000000164
2024-12-14 22:03:39.6891~DEBUG~-> ExtractAllFromFile(zipFileName = "C:\Users\cofc_\AppData\Local\Temp\tmp445A.tmp\rjsec028.ZIP", decompressedFolder = "C:\Users\cofc_\AppData\Local\Temp\tmp4545.tmp", message = "rjsec028")~~RJStevensMusicPresentationCreator.Program~0000000165
2024-12-14 22:03:39.9272~DEBUG~extract completed~~RJStevensMusicPresentationCreator.Program~0000000166
2024-12-14 22:03:39.9272~DEBUG~<- ExtractAllFromFile(zipFileName = "C:\Users\cofc_\AppData\Local\Temp\tmp445A.tmp\rjsec028.ZIP", decompressedFolder = "C:\Users\cofc_\AppData\Local\Temp\tmp4545.tmp", message = "rjsec028")~~RJStevensMusicPresentationCreator.Program~0000000167
2024-12-14 22:03:39.9882~DEBUG~-> DownloadFile(url = "https://faas-nyc1-2ef2e6cc.doserverless.co/api/v1/web/fn-dd7f8f6a-d32a-4f5e-ae7b-870dfb7963f3/downloads/bundle?id=000000000000033", filename = "C:\Users\cofc_\AppData\Local\Temp\tmp466F.tmp\rjsec030.ZIP", message = "rjsec030")~~RJStevensMusicPresentationCreator.Program~0000000168
2024-12-14 22:03:40.2062~DEBUG~download completed~~RJStevensMusicPresentationCreator.Program~0000000169
2024-12-14 22:03:40.2062~DEBUG~<- DownloadFile(url = "https://faas-nyc1-2ef2e6cc.doserverless.co/api/v1/web/fn-dd7f8f6a-d32a-4f5e-ae7b-870dfb7963f3/downloads/bundle?id=000000000000033", filename = "C:\Users\cofc_\AppData\Local\Temp\tmp466F.tmp\rjsec030.ZIP", message = "rjsec030")~~RJStevensMusicPresentationCreator.Program~0000000170
2024-12-14 22:03:40.2232~DEBUG~-> ExtractAllFromFile(zipFileName = "C:\Users\cofc_\AppData\Local\Temp\tmp466F.tmp\rjsec030.ZIP", decompressedFolder = "C:\Users\cofc_\AppData\Local\Temp\tmp475B.tmp", message = "rjsec030")~~RJStevensMusicPresentationCreator.Program~0000000171
2024-12-14 22:03:40.4442~DEBUG~extract completed~~RJStevensMusicPresentationCreator.Program~0000000172
2024-12-14 22:03:40.4442~DEBUG~<- ExtractAllFromFile(zipFileName = "C:\Users\cofc_\AppData\Local\Temp\tmp466F.tmp\rjsec030.ZIP", decompressedFolder = "C:\Users\cofc_\AppData\Local\Temp\tmp475B.tmp", message = "rjsec030")~~RJStevensMusicPresentationCreator.Program~0000000173
2024-12-14 22:03:40.5052~DEBUG~-> DownloadFile(url = "https://faas-nyc1-2ef2e6cc.doserverless.co/api/v1/web/fn-dd7f8f6a-d32a-4f5e-ae7b-870dfb7963f3/downloads/bundle?id=000000000000035", filename = "C:\Users\cofc_\AppData\Local\Temp\tmp4875.tmp\rjsec032.ZIP", message = "rjsec032")~~RJStevensMusicPresentationCreator.Program~0000000174
2024-12-14 22:03:40.7132~DEBUG~download completed~~RJStevensMusicPresentationCreator.Program~0000000175
2024-12-14 22:03:40.7132~DEBUG~<- DownloadFile(url = "https://faas-nyc1-2ef2e6cc.doserverless.co/api/v1/web/fn-dd7f8f6a-d32a-4f5e-ae7b-870dfb7963f3/downloads/bundle?id=000000000000035", filename = "C:\Users\cofc_\AppData\Local\Temp\tmp4875.tmp\rjsec032.ZIP", message = "rjsec032")~~RJStevensMusicPresentationCreator.Program~0000000176
2024-12-14 22:03:40.7292~DEBUG~-> ExtractAllFromFile(zipFileName = "C:\Users\cofc_\AppData\Local\Temp\tmp4875.tmp\rjsec032.ZIP", decompressedFolder = "C:\Users\cofc_\AppData\Local\Temp\tmp4951.tmp", message = "rjsec032")~~RJStevensMusicPresentationCreator.Program~0000000177
2024-12-14 22:03:40.9382~DEBUG~extract completed~~RJStevensMusicPresentationCreator.Program~0000000178
2024-12-14 22:03:40.9382~DEBUG~<- ExtractAllFromFile(zipFileName = "C:\Users\cofc_\AppData\Local\Temp\tmp4875.tmp\rjsec032.ZIP", decompressedFolder = "C:\Users\cofc_\AppData\Local\Temp\tmp4951.tmp", message = "rjsec032")~~RJStevensMusicPresentationCreator.Program~0000000179
2024-12-14 22:03:41.0002~DEBUG~-> DownloadFile(url = "https://faas-nyc1-2ef2e6cc.doserverless.co/api/v1/web/fn-dd7f8f6a-d32a-4f5e-ae7b-870dfb7963f3/downloads/bundle?id=000000000000038", filename = "C:\Users\cofc_\AppData\Local\Temp\tmp4A5B.tmp\rjsec035.ZIP", message = "rjsec035")~~RJStevensMusicPresentationCreator.Program~0000000180
2024-12-14 22:03:41.1883~DEBUG~download completed~~RJStevensMusicPresentationCreator.Program~0000000181
2024-12-14 22:03:41.1883~DEBUG~<- DownloadFile(url = "https://faas-nyc1-2ef2e6cc.doserverless.co/api/v1/web/fn-dd7f8f6a-d32a-4f5e-ae7b-870dfb7963f3/downloads/bundle?id=000000000000038", filename = "C:\Users\cofc_\AppData\Local\Temp\tmp4A5B.tmp\rjsec035.ZIP", message = "rjsec035")~~RJStevensMusicPresentationCreator.Program~0000000182
2024-12-14 22:03:41.1883~DEBUG~-> ExtractAllFromFile(zipFileName = "C:\Users\cofc_\AppData\Local\Temp\tmp4A5B.tmp\rjsec035.ZIP", decompressedFolder = "C:\Users\cofc_\AppData\Local\Temp\tmp4B27.tmp", message = "rjsec035")~~RJStevensMusicPresentationCreator.Program~0000000183
2024-12-14 22:03:41.4053~DEBUG~extract completed~~RJStevensMusicPresentationCreator.Program~0000000184
2024-12-14 22:03:41.4073~DEBUG~<- ExtractAllFromFile(zipFileName = "C:\Users\cofc_\AppData\Local\Temp\tmp4A5B.tmp\rjsec035.ZIP", decompressedFolder = "C:\Users\cofc_\AppData\Local\Temp\tmp4B27.tmp", message = "rjsec035")~~RJStevensMusicPresentationCreator.Program~0000000185
2024-12-14 22:03:41.4633~DEBUG~-> DownloadFile(url = "https://faas-nyc1-2ef2e6cc.doserverless.co/api/v1/web/fn-dd7f8f6a-d32a-4f5e-ae7b-870dfb7963f3/downloads/bundle?id=000000000000040", filename = "C:\Users\cofc_\AppData\Local\Temp\tmp4C32.tmp\rjsec037.ZIP", message = "rjsec037")~~RJStevensMusicPresentationCreator.Program~0000000186
2024-12-14 22:03:41.6593~DEBUG~download completed~~RJStevensMusicPresentationCreator.Program~0000000187
2024-12-14 22:03:41.6593~DEBUG~<- DownloadFile(url = "https://faas-nyc1-2ef2e6cc.doserverless.co/api/v1/web/fn-dd7f8f6a-d32a-4f5e-ae7b-870dfb7963f3/downloads/bundle?id=000000000000040", filename = "C:\Users\cofc_\AppData\Local\Temp\tmp4C32.tmp\rjsec037.ZIP", message = "rjsec037")~~RJStevensMusicPresentationCreator.Program~0000000188
2024-12-14 22:03:41.6743~DEBUG~-> ExtractAllFromFile(zipFileName = "C:\Users\cofc_\AppData\Local\Temp\tmp4C32.tmp\rjsec037.ZIP", decompressedFolder = "C:\Users\cofc_\AppData\Local\Temp\tmp4D0E.tmp", message = "rjsec037")~~RJStevensMusicPresentationCreator.Program~0000000189
2024-12-14 22:03:41.8673~DEBUG~extract completed~~RJStevensMusicPresentationCreator.Program~0000000190
2024-12-14 22:03:41.8673~DEBUG~<- ExtractAllFromFile(zipFileName = "C:\Users\cofc_\AppData\Local\Temp\tmp4C32.tmp\rjsec037.ZIP", decompressedFolder = "C:\Users\cofc_\AppData\Local\Temp\tmp4D0E.tmp", message = "rjsec037")~~RJStevensMusicPresentationCreator.Program~0000000191
2024-12-14 22:03:41.9233~DEBUG~-> DownloadFile(url = "https://faas-nyc1-2ef2e6cc.doserverless.co/api/v1/web/fn-dd7f8f6a-d32a-4f5e-ae7b-870dfb7963f3/downloads/bundle?id=000000000000042", filename = "C:\Users\cofc_\AppData\Local\Temp\tmp4DF9.tmp\rjsec039.ZIP", message = "rjsec039")~~RJStevensMusicPresentationCreator.Program~0000000192
2024-12-14 22:03:42.1533~DEBUG~download completed~~RJStevensMusicPresentationCreator.Program~0000000193
2024-12-14 22:03:42.1533~DEBUG~<- DownloadFile(url = "https://faas-nyc1-2ef2e6cc.doserverless.co/api/v1/web/fn-dd7f8f6a-d32a-4f5e-ae7b-870dfb7963f3/downloads/bundle?id=000000000000042", filename = "C:\Users\cofc_\AppData\Local\Temp\tmp4DF9.tmp\rjsec039.ZIP", message = "rjsec039")~~RJStevensMusicPresentationCreator.Program~0000000194
2024-12-14 22:03:42.1713~DEBUG~-> ExtractAllFromFile(zipFileName = "C:\Users\cofc_\AppData\Local\Temp\tmp4DF9.tmp\rjsec039.ZIP", decompressedFolder = "C:\Users\cofc_\AppData\Local\Temp\tmp4EF4.tmp", message = "rjsec039")~~RJStevensMusicPresentationCreator.Program~0000000195
2024-12-14 22:03:42.4153~DEBUG~extract completed~~RJStevensMusicPresentationCreator.Program~0000000196
2024-12-14 22:03:42.4153~DEBUG~<- ExtractAllFromFile(zipFileName = "C:\Users\cofc_\AppData\Local\Temp\tmp4DF9.tmp\rjsec039.ZIP", decompressedFolder = "C:\Users\cofc_\AppData\Local\Temp\tmp4EF4.tmp", message = "rjsec039")~~RJStevensMusicPresentationCreator.Program~0000000197
2024-12-14 22:03:42.4834~DEBUG~-> DownloadFile(url = "https://faas-nyc1-2ef2e6cc.doserverless.co/api/v1/web/fn-dd7f8f6a-d32a-4f5e-ae7b-870dfb7963f3/downloads/bundle?id=000000000000043", filename = "C:\Users\cofc_\AppData\Local\Temp\tmp502E.tmp\rjsec039.15.ZIP", message = "rjsec039.15")~~RJStevensMusicPresentationCreator.Program~0000000198
2024-12-14 22:03:42.7614~DEBUG~download completed~~RJStevensMusicPresentationCreator.Program~0000000199
2024-12-14 22:03:42.7614~DEBUG~<- DownloadFile(url = "https://faas-nyc1-2ef2e6cc.doserverless.co/api/v1/web/fn-dd7f8f6a-d32a-4f5e-ae7b-870dfb7963f3/downloads/bundle?id=000000000000043", filename = "C:\Users\cofc_\AppData\Local\Temp\tmp502E.tmp\rjsec039.15.ZIP", message = "rjsec039.15")~~RJStevensMusicPresentationCreator.Program~0000000200
2024-12-14 22:03:42.7744~DEBUG~-> ExtractAllFromFile(zipFileName = "C:\Users\cofc_\AppData\Local\Temp\tmp502E.tmp\rjsec039.15.ZIP", decompressedFolder = "C:\Users\cofc_\AppData\Local\Temp\tmp5157.tmp", message = "rjsec039.15")~~RJStevensMusicPresentationCreator.Program~0000000201
2024-12-14 22:03:43.0684~DEBUG~extract completed~~RJStevensMusicPresentationCreator.Program~0000000202
2024-12-14 22:03:43.0684~DEBUG~<- ExtractAllFromFile(zipFileName = "C:\Users\cofc_\AppData\Local\Temp\tmp502E.tmp\rjsec039.15.ZIP", decompressedFolder = "C:\Users\cofc_\AppData\Local\Temp\tmp5157.tmp", message = "rjsec039.15")~~RJStevensMusicPresentationCreator.Program~0000000203
2024-12-14 22:03:43.1434~DEBUG~-> DownloadFile(url = "https://faas-nyc1-2ef2e6cc.doserverless.co/api/v1/web/fn-dd7f8f6a-d32a-4f5e-ae7b-870dfb7963f3/downloads/bundle?id=000000000000045", filename = "C:\Users\cofc_\AppData\Local\Temp\tmp52CF.tmp\rjsec041.ZIP", message = "rjsec041")~~RJStevensMusicPresentationCreator.Program~0000000204
2024-12-14 22:03:43.3444~DEBUG~download completed~~RJStevensMusicPresentationCreator.Program~0000000205
2024-12-14 22:03:43.3444~DEBUG~<- DownloadFile(url = "https://faas-nyc1-2ef2e6cc.doserverless.co/api/v1/web/fn-dd7f8f6a-d32a-4f5e-ae7b-870dfb7963f3/downloads/bundle?id=000000000000045", filename = "C:\Users\cofc_\AppData\Local\Temp\tmp52CF.tmp\rjsec041.ZIP", message = "rjsec041")~~RJStevensMusicPresentationCreator.Program~0000000206
2024-12-14 22:03:43.3444~DEBUG~-> ExtractAllFromFile(zipFileName = "C:\Users\cofc_\AppData\Local\Temp\tmp52CF.tmp\rjsec041.ZIP", decompressedFolder = "C:\Users\cofc_\AppData\Local\Temp\tmp539C.tmp", message = "rjsec041")~~RJStevensMusicPresentationCreator.Program~0000000207
2024-12-14 22:03:43.5644~DEBUG~extract completed~~RJStevensMusicPresentationCreator.Program~0000000208
2024-12-14 22:03:43.5644~DEBUG~<- ExtractAllFromFile(zipFileName = "C:\Users\cofc_\AppData\Local\Temp\tmp52CF.tmp\rjsec041.ZIP", decompressedFolder = "C:\Users\cofc_\AppData\Local\Temp\tmp539C.tmp", message = "rjsec041")~~RJStevensMusicPresentationCreator.Program~0000000209
2024-12-14 22:03:43.6204~DEBUG~-> DownloadFile(url = "https://faas-nyc1-2ef2e6cc.doserverless.co/api/v1/web/fn-dd7f8f6a-d32a-4f5e-ae7b-870dfb7963f3/downloads/bundle?id=000000000000046", filename = "C:\Users\cofc_\AppData\Local\Temp\tmp54A6.tmp\rjsec041.15.ZIP", message = "rjsec041.15")~~RJStevensMusicPresentationCreator.Program~0000000210
2024-12-14 22:03:43.8245~DEBUG~download completed~~RJStevensMusicPresentationCreator.Program~0000000211
2024-12-14 22:03:43.8245~DEBUG~<- DownloadFile(url = "https://faas-nyc1-2ef2e6cc.doserverless.co/api/v1/web/fn-dd7f8f6a-d32a-4f5e-ae7b-870dfb7963f3/downloads/bundle?id=000000000000046", filename = "C:\Users\cofc_\AppData\Local\Temp\tmp54A6.tmp\rjsec041.15.ZIP", message = "rjsec041.15")~~RJStevensMusicPresentationCreator.Program~0000000212
2024-12-14 22:03:43.8435~DEBUG~-> ExtractAllFromFile(zipFileName = "C:\Users\cofc_\AppData\Local\Temp\tmp54A6.tmp\rjsec041.15.ZIP", decompressedFolder = "C:\Users\cofc_\AppData\Local\Temp\tmp5582.tmp", message = "rjsec041.15")~~RJStevensMusicPresentationCreator.Program~0000000213
2024-12-14 22:03:44.0825~DEBUG~extract completed~~RJStevensMusicPresentationCreator.Program~0000000214
2024-12-14 22:03:44.0825~DEBUG~<- ExtractAllFromFile(zipFileName = "C:\Users\cofc_\AppData\Local\Temp\tmp54A6.tmp\rjsec041.15.ZIP", decompressedFolder = "C:\Users\cofc_\AppData\Local\Temp\tmp5582.tmp", message = "rjsec041.15")~~RJStevensMusicPresentationCreator.Program~0000000215
2024-12-14 22:03:44.1515~DEBUG~-> DownloadFile(url = "https://faas-nyc1-2ef2e6cc.doserverless.co/api/v1/web/fn-dd7f8f6a-d32a-4f5e-ae7b-870dfb7963f3/downloads/bundle?id=000000000000048", filename = "C:\Users\cofc_\AppData\Local\Temp\tmp56BB.tmp\rjsec043.ZIP", message = "rjsec043")~~RJStevensMusicPresentationCreator.Program~0000000216
2024-12-14 22:03:44.3355~DEBUG~download completed~~RJStevensMusicPresentationCreator.Program~0000000217
2024-12-14 22:03:44.3355~DEBUG~<- DownloadFile(url = "https://faas-nyc1-2ef2e6cc.doserverless.co/api/v1/web/fn-dd7f8f6a-d32a-4f5e-ae7b-870dfb7963f3/downloads/bundle?id=000000000000048", filename = "C:\Users\cofc_\AppData\Local\Temp\tmp56BB.tmp\rjsec043.ZIP", message = "rjsec043")~~RJStevensMusicPresentationCreator.Program~0000000218
2024-12-14 22:03:44.3525~DEBUG~-> ExtractAllFromFile(zipFileName = "C:\Users\cofc_\AppData\Local\Temp\tmp56BB.tmp\rjsec043.ZIP", decompressedFolder = "C:\Users\cofc_\AppData\Local\Temp\tmp5788.tmp", message = "rjsec043")~~RJStevensMusicPresentationCreator.Program~0000000219
2024-12-14 22:03:44.5515~DEBUG~extract completed~~RJStevensMusicPresentationCreator.Program~0000000220
2024-12-14 22:03:44.5515~DEBUG~<- ExtractAllFromFile(zipFileName = "C:\Users\cofc_\AppData\Local\Temp\tmp56BB.tmp\rjsec043.ZIP", decompressedFolder = "C:\Users\cofc_\AppData\Local\Temp\tmp5788.tmp", message = "rjsec043")~~RJStevensMusicPresentationCreator.Program~0000000221
2024-12-14 22:03:44.6115~DEBUG~-> DownloadFile(url = "https://faas-nyc1-2ef2e6cc.doserverless.co/api/v1/web/fn-dd7f8f6a-d32a-4f5e-ae7b-870dfb7963f3/downloads/bundle?id=000000000000049", filename = "C:\Users\cofc_\AppData\Local\Temp\tmp5892.tmp\rjsec044.ZIP", message = "rjsec044")~~RJStevensMusicPresentationCreator.Program~0000000222
2024-12-14 22:03:44.8515~DEBUG~download completed~~RJStevensMusicPresentationCreator.Program~0000000223
2024-12-14 22:03:44.8515~DEBUG~<- DownloadFile(url = "https://faas-nyc1-2ef2e6cc.doserverless.co/api/v1/web/fn-dd7f8f6a-d32a-4f5e-ae7b-870dfb7963f3/downloads/bundle?id=000000000000049", filename = "C:\Users\cofc_\AppData\Local\Temp\tmp5892.tmp\rjsec044.ZIP", message = "rjsec044")~~RJStevensMusicPresentationCreator.Program~0000000224
2024-12-14 22:03:44.8675~DEBUG~-> ExtractAllFromFile(zipFileName = "C:\Users\cofc_\AppData\Local\Temp\tmp5892.tmp\rjsec044.ZIP", decompressedFolder = "C:\Users\cofc_\AppData\Local\Temp\tmp598D.tmp", message = "rjsec044")~~RJStevensMusicPresentationCreator.Program~0000000225
2024-12-14 22:03:45.1686~DEBUG~extract completed~~RJStevensMusicPresentationCreator.Program~0000000226
2024-12-14 22:03:45.1686~DEBUG~<- ExtractAllFromFile(zipFileName = "C:\Users\cofc_\AppData\Local\Temp\tmp5892.tmp\rjsec044.ZIP", decompressedFolder = "C:\Users\cofc_\AppData\Local\Temp\tmp598D.tmp", message = "rjsec044")~~RJStevensMusicPresentationCreator.Program~0000000227
2024-12-14 22:03:45.2416~DEBUG~-> DownloadFile(url = "https://faas-nyc1-2ef2e6cc.doserverless.co/api/v1/web/fn-dd7f8f6a-d32a-4f5e-ae7b-870dfb7963f3/downloads/bundle?id=000000000000050", filename = "C:\Users\cofc_\AppData\Local\Temp\tmp5B05.tmp\rjsec045.ZIP", message = "rjsec045")~~RJStevensMusicPresentationCreator.Program~0000000228
2024-12-14 22:03:45.4366~DEBUG~download completed~~RJStevensMusicPresentationCreator.Program~0000000229
2024-12-14 22:03:45.4366~DEBUG~<- DownloadFile(url = "https://faas-nyc1-2ef2e6cc.doserverless.co/api/v1/web/fn-dd7f8f6a-d32a-4f5e-ae7b-870dfb7963f3/downloads/bundle?id=000000000000050", filename = "C:\Users\cofc_\AppData\Local\Temp\tmp5B05.tmp\rjsec045.ZIP", message = "rjsec045")~~RJStevensMusicPresentationCreator.Program~0000000230
2024-12-14 22:03:45.4466~DEBUG~-> ExtractAllFromFile(zipFileName = "C:\Users\cofc_\AppData\Local\Temp\tmp5B05.tmp\rjsec045.ZIP", decompressedFolder = "C:\Users\cofc_\AppData\Local\Temp\tmp5BD1.tmp", message = "rjsec045")~~RJStevensMusicPresentationCreator.Program~0000000231
2024-12-14 22:03:45.6506~DEBUG~extract completed~~RJStevensMusicPresentationCreator.Program~0000000232
2024-12-14 22:03:45.6506~DEBUG~<- ExtractAllFromFile(zipFileName = "C:\Users\cofc_\AppData\Local\Temp\tmp5B05.tmp\rjsec045.ZIP", decompressedFolder = "C:\Users\cofc_\AppData\Local\Temp\tmp5BD1.tmp", message = "rjsec045")~~RJStevensMusicPresentationCreator.Program~0000000233
2024-12-14 22:03:45.7066~DEBUG~-> DownloadFile(url = "https://faas-nyc1-2ef2e6cc.doserverless.co/api/v1/web/fn-dd7f8f6a-d32a-4f5e-ae7b-870dfb7963f3/downloads/bundle?id=000000000000051", filename = "C:\Users\cofc_\AppData\Local\Temp\tmp5CDD.tmp\rjsec046.ZIP", message = "rjsec046")~~RJStevensMusicPresentationCreator.Program~0000000234
2024-12-14 22:03:45.9346~DEBUG~download completed~~RJStevensMusicPresentationCreator.Program~0000000235
2024-12-14 22:03:45.9346~DEBUG~<- DownloadFile(url = "https://faas-nyc1-2ef2e6cc.doserverless.co/api/v1/web/fn-dd7f8f6a-d32a-4f5e-ae7b-870dfb7963f3/downloads/bundle?id=000000000000051", filename = "C:\Users\cofc_\AppData\Local\Temp\tmp5CDD.tmp\rjsec046.ZIP", message = "rjsec046")~~RJStevensMusicPresentationCreator.Program~0000000236
2024-12-14 22:03:45.9496~DEBUG~-> ExtractAllFromFile(zipFileName = "C:\Users\cofc_\AppData\Local\Temp\tmp5CDD.tmp\rjsec046.ZIP", decompressedFolder = "C:\Users\cofc_\AppData\Local\Temp\tmp5DC7.tmp", message = "rjsec046")~~RJStevensMusicPresentationCreator.Program~0000000237
2024-12-14 22:03:46.2066~DEBUG~extract completed~~RJStevensMusicPresentationCreator.Program~0000000238
2024-12-14 22:03:46.2066~DEBUG~<- ExtractAllFromFile(zipFileName = "C:\Users\cofc_\AppData\Local\Temp\tmp5CDD.tmp\rjsec046.ZIP", decompressedFolder = "C:\Users\cofc_\AppData\Local\Temp\tmp5DC7.tmp", message = "rjsec046")~~RJStevensMusicPresentationCreator.Program~0000000239
2024-12-14 22:03:46.2746~DEBUG~-> DownloadFile(url = "https://faas-nyc1-2ef2e6cc.doserverless.co/api/v1/web/fn-dd7f8f6a-d32a-4f5e-ae7b-870dfb7963f3/downloads/bundle?id=000000000000052", filename = "C:\Users\cofc_\AppData\Local\Temp\tmp5F10.tmp\rjsec047.ZIP", message = "rjsec047")~~RJStevensMusicPresentationCreator.Program~0000000240
2024-12-14 22:03:46.4687~DEBUG~download completed~~RJStevensMusicPresentationCreator.Program~0000000241
2024-12-14 22:03:46.4696~DEBUG~<- DownloadFile(url = "https://faas-nyc1-2ef2e6cc.doserverless.co/api/v1/web/fn-dd7f8f6a-d32a-4f5e-ae7b-870dfb7963f3/downloads/bundle?id=000000000000052", filename = "C:\Users\cofc_\AppData\Local\Temp\tmp5F10.tmp\rjsec047.ZIP", message = "rjsec047")~~RJStevensMusicPresentationCreator.Program~0000000242
2024-12-14 22:03:46.4696~DEBUG~-> ExtractAllFromFile(zipFileName = "C:\Users\cofc_\AppData\Local\Temp\tmp5F10.tmp\rjsec047.ZIP", decompressedFolder = "C:\Users\cofc_\AppData\Local\Temp\tmp5FDD.tmp", message = "rjsec047")~~RJStevensMusicPresentationCreator.Program~0000000243
2024-12-14 22:03:46.6367~DEBUG~extract completed~~RJStevensMusicPresentationCreator.Program~0000000244
2024-12-14 22:03:46.6367~DEBUG~<- ExtractAllFromFile(zipFileName = "C:\Users\cofc_\AppData\Local\Temp\tmp5F10.tmp\rjsec047.ZIP", decompressedFolder = "C:\Users\cofc_\AppData\Local\Temp\tmp5FDD.tmp", message = "rjsec047")~~RJStevensMusicPresentationCreator.Program~0000000245
2024-12-14 22:03:46.6837~DEBUG~-> DownloadFile(url = "https://faas-nyc1-2ef2e6cc.doserverless.co/api/v1/web/fn-dd7f8f6a-d32a-4f5e-ae7b-870dfb7963f3/downloads/bundle?id=000000000000053", filename = "C:\Users\cofc_\AppData\Local\Temp\tmp60A9.tmp\rjsec048.ZIP", message = "rjsec048")~~RJStevensMusicPresentationCreator.Program~0000000246
2024-12-14 22:03:46.9007~DEBUG~download completed~~RJStevensMusicPresentationCreator.Program~0000000247
2024-12-14 22:03:46.9007~DEBUG~<- DownloadFile(url = "https://faas-nyc1-2ef2e6cc.doserverless.co/api/v1/web/fn-dd7f8f6a-d32a-4f5e-ae7b-870dfb7963f3/downloads/bundle?id=000000000000053", filename = "C:\Users\cofc_\AppData\Local\Temp\tmp60A9.tmp\rjsec048.ZIP", message = "rjsec048")~~RJStevensMusicPresentationCreator.Program~0000000248
2024-12-14 22:03:46.9147~DEBUG~-> ExtractAllFromFile(zipFileName = "C:\Users\cofc_\AppData\Local\Temp\tmp60A9.tmp\rjsec048.ZIP", decompressedFolder = "C:\Users\cofc_\AppData\Local\Temp\tmp6194.tmp", message = "rjsec048")~~RJStevensMusicPresentationCreator.Program~0000000249
2024-12-14 22:03:47.1727~DEBUG~extract completed~~RJStevensMusicPresentationCreator.Program~0000000250
2024-12-14 22:03:47.1727~DEBUG~<- ExtractAllFromFile(zipFileName = "C:\Users\cofc_\AppData\Local\Temp\tmp60A9.tmp\rjsec048.ZIP", decompressedFolder = "C:\Users\cofc_\AppData\Local\Temp\tmp6194.tmp", message = "rjsec048")~~RJStevensMusicPresentationCreator.Program~0000000251
2024-12-14 22:03:47.2397~DEBUG~-> DownloadFile(url = "https://faas-nyc1-2ef2e6cc.doserverless.co/api/v1/web/fn-dd7f8f6a-d32a-4f5e-ae7b-870dfb7963f3/downloads/bundle?id=000000000000054", filename = "C:\Users\cofc_\AppData\Local\Temp\tmp62DD.tmp\rjsec049.ZIP", message = "rjsec049")~~RJStevensMusicPresentationCreator.Program~0000000252
2024-12-14 22:03:47.4687~DEBUG~download completed~~RJStevensMusicPresentationCreator.Program~0000000253
2024-12-14 22:03:47.4697~DEBUG~<- DownloadFile(url = "https://faas-nyc1-2ef2e6cc.doserverless.co/api/v1/web/fn-dd7f8f6a-d32a-4f5e-ae7b-870dfb7963f3/downloads/bundle?id=000000000000054", filename = "C:\Users\cofc_\AppData\Local\Temp\tmp62DD.tmp\rjsec049.ZIP", message = "rjsec049")~~RJStevensMusicPresentationCreator.Program~0000000254
2024-12-14 22:03:47.4857~DEBUG~-> ExtractAllFromFile(zipFileName = "C:\Users\cofc_\AppData\Local\Temp\tmp62DD.tmp\rjsec049.ZIP", decompressedFolder = "C:\Users\cofc_\AppData\Local\Temp\tmp63D8.tmp", message = "rjsec049")~~RJStevensMusicPresentationCreator.Program~0000000255
2024-12-14 22:03:47.7007~DEBUG~extract completed~~RJStevensMusicPresentationCreator.Program~0000000256
2024-12-14 22:03:47.7037~DEBUG~<- ExtractAllFromFile(zipFileName = "C:\Users\cofc_\AppData\Local\Temp\tmp62DD.tmp\rjsec049.ZIP", decompressedFolder = "C:\Users\cofc_\AppData\Local\Temp\tmp63D8.tmp", message = "rjsec049")~~RJStevensMusicPresentationCreator.Program~0000000257
2024-12-14 22:03:47.7587~DEBUG~-> DownloadFile(url = "https://faas-nyc1-2ef2e6cc.doserverless.co/api/v1/web/fn-dd7f8f6a-d32a-4f5e-ae7b-870dfb7963f3/downloads/bundle?id=000000000000059", filename = "C:\Users\cofc_\AppData\Local\Temp\tmp64E3.tmp\rjsec053.ZIP", message = "rjsec053")~~RJStevensMusicPresentationCreator.Program~0000000258
2024-12-14 22:03:47.9768~DEBUG~download completed~~RJStevensMusicPresentationCreator.Program~0000000259
2024-12-14 22:03:47.9768~DEBUG~<- DownloadFile(url = "https://faas-nyc1-2ef2e6cc.doserverless.co/api/v1/web/fn-dd7f8f6a-d32a-4f5e-ae7b-870dfb7963f3/downloads/bundle?id=000000000000059", filename = "C:\Users\cofc_\AppData\Local\Temp\tmp64E3.tmp\rjsec053.ZIP", message = "rjsec053")~~RJStevensMusicPresentationCreator.Program~0000000260
2024-12-14 22:03:47.9908~DEBUG~-> ExtractAllFromFile(zipFileName = "C:\Users\cofc_\AppData\Local\Temp\tmp64E3.tmp\rjsec053.ZIP", decompressedFolder = "C:\Users\cofc_\AppData\Local\Temp\tmp65CE.tmp", message = "rjsec053")~~RJStevensMusicPresentationCreator.Program~0000000261
2024-12-14 22:03:48.2288~DEBUG~extract completed~~RJStevensMusicPresentationCreator.Program~0000000262
2024-12-14 22:03:48.2288~DEBUG~<- ExtractAllFromFile(zipFileName = "C:\Users\cofc_\AppData\Local\Temp\tmp64E3.tmp\rjsec053.ZIP", decompressedFolder = "C:\Users\cofc_\AppData\Local\Temp\tmp65CE.tmp", message = "rjsec053")~~RJStevensMusicPresentationCreator.Program~0000000263
2024-12-14 22:03:48.2978~DEBUG~-> DownloadFile(url = "https://faas-nyc1-2ef2e6cc.doserverless.co/api/v1/web/fn-dd7f8f6a-d32a-4f5e-ae7b-870dfb7963f3/downloads/bundle?id=000000000000060", filename = "C:\Users\cofc_\AppData\Local\Temp\tmp66F8.tmp\rjsec054.ZIP", message = "rjsec054")~~RJStevensMusicPresentationCreator.Program~0000000264
2024-12-14 22:03:48.5068~DEBUG~download completed~~RJStevensMusicPresentationCreator.Program~0000000265
2024-12-14 22:03:48.5068~DEBUG~<- DownloadFile(url = "https://faas-nyc1-2ef2e6cc.doserverless.co/api/v1/web/fn-dd7f8f6a-d32a-4f5e-ae7b-870dfb7963f3/downloads/bundle?id=000000000000060", filename = "C:\Users\cofc_\AppData\Local\Temp\tmp66F8.tmp\rjsec054.ZIP", message = "rjsec054")~~RJStevensMusicPresentationCreator.Program~0000000266
2024-12-14 22:03:48.5218~DEBUG~-> ExtractAllFromFile(zipFileName = "C:\Users\cofc_\AppData\Local\Temp\tmp66F8.tmp\rjsec054.ZIP", decompressedFolder = "C:\Users\cofc_\AppData\Local\Temp\tmp67E3.tmp", message = "rjsec054")~~RJStevensMusicPresentationCreator.Program~0000000267
2024-12-14 22:03:48.7848~DEBUG~extract completed~~RJStevensMusicPresentationCreator.Program~0000000268
2024-12-14 22:03:48.7848~DEBUG~<- ExtractAllFromFile(zipFileName = "C:\Users\cofc_\AppData\Local\Temp\tmp66F8.tmp\rjsec054.ZIP", decompressedFolder = "C:\Users\cofc_\AppData\Local\Temp\tmp67E3.tmp", message = "rjsec054")~~RJStevensMusicPresentationCreator.Program~0000000269
2024-12-14 22:03:48.8538~DEBUG~-> DownloadFile(url = "https://faas-nyc1-2ef2e6cc.doserverless.co/api/v1/web/fn-dd7f8f6a-d32a-4f5e-ae7b-870dfb7963f3/downloads/bundle?id=000000000000061", filename = "C:\Users\cofc_\AppData\Local\Temp\tmp692D.tmp\rjsec055.ZIP", message = "rjsec055")~~RJStevensMusicPresentationCreator.Program~0000000270
2024-12-14 22:03:49.0228~DEBUG~download completed~~RJStevensMusicPresentationCreator.Program~0000000271
2024-12-14 22:03:49.0228~DEBUG~<- DownloadFile(url = "https://faas-nyc1-2ef2e6cc.doserverless.co/api/v1/web/fn-dd7f8f6a-d32a-4f5e-ae7b-870dfb7963f3/downloads/bundle?id=000000000000061", filename = "C:\Users\cofc_\AppData\Local\Temp\tmp692D.tmp\rjsec055.ZIP", message = "rjsec055")~~RJStevensMusicPresentationCreator.Program~0000000272
2024-12-14 22:03:49.0358~DEBUG~-> ExtractAllFromFile(zipFileName = "C:\Users\cofc_\AppData\Local\Temp\tmp692D.tmp\rjsec055.ZIP", decompressedFolder = "C:\Users\cofc_\AppData\Local\Temp\tmp69E9.tmp", message = "rjsec055")~~RJStevensMusicPresentationCreator.Program~0000000273
2024-12-14 22:03:49.1618~DEBUG~extract completed~~RJStevensMusicPresentationCreator.Program~0000000274
2024-12-14 22:03:49.1618~DEBUG~<- ExtractAllFromFile(zipFileName = "C:\Users\cofc_\AppData\Local\Temp\tmp692D.tmp\rjsec055.ZIP", decompressedFolder = "C:\Users\cofc_\AppData\Local\Temp\tmp69E9.tmp", message = "rjsec055")~~RJStevensMusicPresentationCreator.Program~0000000275
2024-12-14 22:03:49.2129~DEBUG~-> DownloadFile(url = "https://faas-nyc1-2ef2e6cc.doserverless.co/api/v1/web/fn-dd7f8f6a-d32a-4f5e-ae7b-870dfb7963f3/downloads/bundle?id=000000000000062", filename = "C:\Users\cofc_\AppData\Local\Temp\tmp6A96.tmp\rjsec056.ZIP", message = "rjsec056")~~RJStevensMusicPresentationCreator.Program~0000000276
2024-12-14 22:03:49.4409~DEBUG~download completed~~RJStevensMusicPresentationCreator.Program~0000000277
2024-12-14 22:03:49.4409~DEBUG~<- DownloadFile(url = "https://faas-nyc1-2ef2e6cc.doserverless.co/api/v1/web/fn-dd7f8f6a-d32a-4f5e-ae7b-870dfb7963f3/downloads/bundle?id=000000000000062", filename = "C:\Users\cofc_\AppData\Local\Temp\tmp6A96.tmp\rjsec056.ZIP", message = "rjsec056")~~RJStevensMusicPresentationCreator.Program~0000000278
2024-12-14 22:03:49.4569~DEBUG~-> ExtractAllFromFile(zipFileName = "C:\Users\cofc_\AppData\Local\Temp\tmp6A96.tmp\rjsec056.ZIP", decompressedFolder = "C:\Users\cofc_\AppData\Local\Temp\tmp6B91.tmp", message = "rjsec056")~~RJStevensMusicPresentationCreator.Program~0000000279
2024-12-14 22:03:49.8099~DEBUG~extract completed~~RJStevensMusicPresentationCreator.Program~0000000280
2024-12-14 22:03:49.8139~DEBUG~<- ExtractAllFromFile(zipFileName = "C:\Users\cofc_\AppData\Local\Temp\tmp6A96.tmp\rjsec056.ZIP", decompressedFolder = "C:\Users\cofc_\AppData\Local\Temp\tmp6B91.tmp", message = "rjsec056")~~RJStevensMusicPresentationCreator.Program~0000000281
2024-12-14 22:03:49.8939~DEBUG~-> DownloadFile(url = "https://faas-nyc1-2ef2e6cc.doserverless.co/api/v1/web/fn-dd7f8f6a-d32a-4f5e-ae7b-870dfb7963f3/downloads/bundle?id=000000000000063", filename = "C:\Users\cofc_\AppData\Local\Temp\tmp6D47.tmp\rjsec057.ZIP", message = "rjsec057")~~RJStevensMusicPresentationCreator.Program~0000000282
2024-12-14 22:03:50.0889~DEBUG~download completed~~RJStevensMusicPresentationCreator.Program~0000000283
2024-12-14 22:03:50.0889~DEBUG~<- DownloadFile(url = "https://faas-nyc1-2ef2e6cc.doserverless.co/api/v1/web/fn-dd7f8f6a-d32a-4f5e-ae7b-870dfb7963f3/downloads/bundle?id=000000000000063", filename = "C:\Users\cofc_\AppData\Local\Temp\tmp6D47.tmp\rjsec057.ZIP", message = "rjsec057")~~RJStevensMusicPresentationCreator.Program~0000000284
2024-12-14 22:03:50.1059~DEBUG~-> ExtractAllFromFile(zipFileName = "C:\Users\cofc_\AppData\Local\Temp\tmp6D47.tmp\rjsec057.ZIP", decompressedFolder = "C:\Users\cofc_\AppData\Local\Temp\tmp6E14.tmp", message = "rjsec057")~~RJStevensMusicPresentationCreator.Program~0000000285
2024-12-14 22:03:50.3309~DEBUG~extract completed~~RJStevensMusicPresentationCreator.Program~0000000286
2024-12-14 22:03:50.3309~DEBUG~<- ExtractAllFromFile(zipFileName = "C:\Users\cofc_\AppData\Local\Temp\tmp6D47.tmp\rjsec057.ZIP", decompressedFolder = "C:\Users\cofc_\AppData\Local\Temp\tmp6E14.tmp", message = "rjsec057")~~RJStevensMusicPresentationCreator.Program~0000000287
2024-12-14 22:03:50.3939~DEBUG~-> DownloadFile(url = "https://faas-nyc1-2ef2e6cc.doserverless.co/api/v1/web/fn-dd7f8f6a-d32a-4f5e-ae7b-870dfb7963f3/downloads/bundle?id=000000000000065", filename = "C:\Users\cofc_\AppData\Local\Temp\tmp6F3D.tmp\rjsec059.ZIP", message = "rjsec059")~~RJStevensMusicPresentationCreator.Program~0000000288
2024-12-14 22:03:50.5840~DEBUG~download completed~~RJStevensMusicPresentationCreator.Program~0000000289
2024-12-14 22:03:50.5840~DEBUG~<- DownloadFile(url = "https://faas-nyc1-2ef2e6cc.doserverless.co/api/v1/web/fn-dd7f8f6a-d32a-4f5e-ae7b-870dfb7963f3/downloads/bundle?id=000000000000065", filename = "C:\Users\cofc_\AppData\Local\Temp\tmp6F3D.tmp\rjsec059.ZIP", message = "rjsec059")~~RJStevensMusicPresentationCreator.Program~0000000290
2024-12-14 22:03:50.6020~DEBUG~-> ExtractAllFromFile(zipFileName = "C:\Users\cofc_\AppData\Local\Temp\tmp6F3D.tmp\rjsec059.ZIP", decompressedFolder = "C:\Users\cofc_\AppData\Local\Temp\tmp700A.tmp", message = "rjsec059")~~RJStevensMusicPresentationCreator.Program~0000000291
2024-12-14 22:03:50.8380~DEBUG~extract completed~~RJStevensMusicPresentationCreator.Program~0000000292
2024-12-14 22:03:50.8380~DEBUG~<- ExtractAllFromFile(zipFileName = "C:\Users\cofc_\AppData\Local\Temp\tmp6F3D.tmp\rjsec059.ZIP", decompressedFolder = "C:\Users\cofc_\AppData\Local\Temp\tmp700A.tmp", message = "rjsec059")~~RJStevensMusicPresentationCreator.Program~0000000293
2024-12-14 22:03:50.9050~DEBUG~-> DownloadFile(url = "https://faas-nyc1-2ef2e6cc.doserverless.co/api/v1/web/fn-dd7f8f6a-d32a-4f5e-ae7b-870dfb7963f3/downloads/bundle?id=000000000000066", filename = "C:\Users\cofc_\AppData\Local\Temp\tmp7133.tmp\rjsec060.ZIP", message = "rjsec060")~~RJStevensMusicPresentationCreator.Program~0000000294
2024-12-14 22:03:51.1030~DEBUG~download completed~~RJStevensMusicPresentationCreator.Program~0000000295
2024-12-14 22:03:51.1030~DEBUG~<- DownloadFile(url = "https://faas-nyc1-2ef2e6cc.doserverless.co/api/v1/web/fn-dd7f8f6a-d32a-4f5e-ae7b-870dfb7963f3/downloads/bundle?id=000000000000066", filename = "C:\Users\cofc_\AppData\Local\Temp\tmp7133.tmp\rjsec060.ZIP", message = "rjsec060")~~RJStevensMusicPresentationCreator.Program~0000000296
2024-12-14 22:03:51.1180~DEBUG~-> ExtractAllFromFile(zipFileName = "C:\Users\cofc_\AppData\Local\Temp\tmp7133.tmp\rjsec060.ZIP", decompressedFolder = "C:\Users\cofc_\AppData\Local\Temp\tmp720F.tmp", message = "rjsec060")~~RJStevensMusicPresentationCreator.Program~0000000297
2024-12-14 22:03:51.4230~DEBUG~extract completed~~RJStevensMusicPresentationCreator.Program~0000000298
2024-12-14 22:03:51.4230~DEBUG~<- ExtractAllFromFile(zipFileName = "C:\Users\cofc_\AppData\Local\Temp\tmp7133.tmp\rjsec060.ZIP", decompressedFolder = "C:\Users\cofc_\AppData\Local\Temp\tmp720F.tmp", message = "rjsec060")~~RJStevensMusicPresentationCreator.Program~0000000299
2024-12-14 22:03:51.5000~DEBUG~-> DownloadFile(url = "https://faas-nyc1-2ef2e6cc.doserverless.co/api/v1/web/fn-dd7f8f6a-d32a-4f5e-ae7b-870dfb7963f3/downloads/bundle?id=000000000000067", filename = "C:\Users\cofc_\AppData\Local\Temp\tmp7387.tmp\rjsec061.ZIP", message = "rjsec061")~~RJStevensMusicPresentationCreator.Program~0000000300
2024-12-14 22:03:51.7030~DEBUG~download completed~~RJStevensMusicPresentationCreator.Program~0000000301
2024-12-14 22:03:51.7040~DEBUG~<- DownloadFile(url = "https://faas-nyc1-2ef2e6cc.doserverless.co/api/v1/web/fn-dd7f8f6a-d32a-4f5e-ae7b-870dfb7963f3/downloads/bundle?id=000000000000067", filename = "C:\Users\cofc_\AppData\Local\Temp\tmp7387.tmp\rjsec061.ZIP", message = "rjsec061")~~RJStevensMusicPresentationCreator.Program~0000000302
2024-12-14 22:03:51.7040~DEBUG~-> ExtractAllFromFile(zipFileName = "C:\Users\cofc_\AppData\Local\Temp\tmp7387.tmp\rjsec061.ZIP", decompressedFolder = "C:\Users\cofc_\AppData\Local\Temp\tmp7463.tmp", message = "rjsec061")~~RJStevensMusicPresentationCreator.Program~0000000303
2024-12-14 22:03:51.9801~DEBUG~extract completed~~RJStevensMusicPresentationCreator.Program~0000000304
2024-12-14 22:03:51.9801~DEBUG~<- ExtractAllFromFile(zipFileName = "C:\Users\cofc_\AppData\Local\Temp\tmp7387.tmp\rjsec061.ZIP", decompressedFolder = "C:\Users\cofc_\AppData\Local\Temp\tmp7463.tmp", message = "rjsec061")~~RJStevensMusicPresentationCreator.Program~0000000305
2024-12-14 22:03:52.0401~DEBUG~-> DownloadFile(url = "https://faas-nyc1-2ef2e6cc.doserverless.co/api/v1/web/fn-dd7f8f6a-d32a-4f5e-ae7b-870dfb7963f3/downloads/bundle?id=000000000000068", filename = "C:\Users\cofc_\AppData\Local\Temp\tmp75AC.tmp\rjsec062.ZIP", message = "rjsec062")~~RJStevensMusicPresentationCreator.Program~0000000306
2024-12-14 22:03:52.2841~DEBUG~download completed~~RJStevensMusicPresentationCreator.Program~0000000307
2024-12-14 22:03:52.2841~DEBUG~<- DownloadFile(url = "https://faas-nyc1-2ef2e6cc.doserverless.co/api/v1/web/fn-dd7f8f6a-d32a-4f5e-ae7b-870dfb7963f3/downloads/bundle?id=000000000000068", filename = "C:\Users\cofc_\AppData\Local\Temp\tmp75AC.tmp\rjsec062.ZIP", message = "rjsec062")~~RJStevensMusicPresentationCreator.Program~0000000308
2024-12-14 22:03:52.3021~DEBUG~-> ExtractAllFromFile(zipFileName = "C:\Users\cofc_\AppData\Local\Temp\tmp75AC.tmp\rjsec062.ZIP", decompressedFolder = "C:\Users\cofc_\AppData\Local\Temp\tmp76B7.tmp", message = "rjsec062")~~RJStevensMusicPresentationCreator.Program~0000000309
2024-12-14 22:03:52.5311~DEBUG~extract completed~~RJStevensMusicPresentationCreator.Program~0000000310
2024-12-14 22:03:52.5341~DEBUG~<- ExtractAllFromFile(zipFileName = "C:\Users\cofc_\AppData\Local\Temp\tmp75AC.tmp\rjsec062.ZIP", decompressedFolder = "C:\Users\cofc_\AppData\Local\Temp\tmp76B7.tmp", message = "rjsec062")~~RJStevensMusicPresentationCreator.Program~0000000311
2024-12-14 22:03:52.5891~DEBUG~-> DownloadFile(url = "https://faas-nyc1-2ef2e6cc.doserverless.co/api/v1/web/fn-dd7f8f6a-d32a-4f5e-ae7b-870dfb7963f3/downloads/bundle?id=000000000000069", filename = "C:\Users\cofc_\AppData\Local\Temp\tmp77D1.tmp\rjsec063.ZIP", message = "rjsec063")~~RJStevensMusicPresentationCreator.Program~0000000312
2024-12-14 22:03:52.7931~DEBUG~download completed~~RJStevensMusicPresentationCreator.Program~0000000313
2024-12-14 22:03:52.7931~DEBUG~<- DownloadFile(url = "https://faas-nyc1-2ef2e6cc.doserverless.co/api/v1/web/fn-dd7f8f6a-d32a-4f5e-ae7b-870dfb7963f3/downloads/bundle?id=000000000000069", filename = "C:\Users\cofc_\AppData\Local\Temp\tmp77D1.tmp\rjsec063.ZIP", message = "rjsec063")~~RJStevensMusicPresentationCreator.Program~0000000314
2024-12-14 22:03:52.8081~DEBUG~-> ExtractAllFromFile(zipFileName = "C:\Users\cofc_\AppData\Local\Temp\tmp77D1.tmp\rjsec063.ZIP", decompressedFolder = "C:\Users\cofc_\AppData\Local\Temp\tmp78AD.tmp", message = "rjsec063")~~RJStevensMusicPresentationCreator.Program~0000000315
2024-12-14 22:03:53.1221~DEBUG~extract completed~~RJStevensMusicPresentationCreator.Program~0000000316
2024-12-14 22:03:53.1261~DEBUG~<- ExtractAllFromFile(zipFileName = "C:\Users\cofc_\AppData\Local\Temp\tmp77D1.tmp\rjsec063.ZIP", decompressedFolder = "C:\Users\cofc_\AppData\Local\Temp\tmp78AD.tmp", message = "rjsec063")~~RJStevensMusicPresentationCreator.Program~0000000317
2024-12-14 22:03:53.1931~DEBUG~-> DownloadFile(url = "https://faas-nyc1-2ef2e6cc.doserverless.co/api/v1/web/fn-dd7f8f6a-d32a-4f5e-ae7b-870dfb7963f3/downloads/bundle?id=000000000000071", filename = "C:\Users\cofc_\AppData\Local\Temp\tmp7A34.tmp\rjsec065.ZIP", message = "rjsec065")~~RJStevensMusicPresentationCreator.Program~0000000318
2024-12-14 22:03:53.3902~DEBUG~download completed~~RJStevensMusicPresentationCreator.Program~0000000319
2024-12-14 22:03:53.3912~DEBUG~<- DownloadFile(url = "https://faas-nyc1-2ef2e6cc.doserverless.co/api/v1/web/fn-dd7f8f6a-d32a-4f5e-ae7b-870dfb7963f3/downloads/bundle?id=000000000000071", filename = "C:\Users\cofc_\AppData\Local\Temp\tmp7A34.tmp\rjsec065.ZIP", message = "rjsec065")~~RJStevensMusicPresentationCreator.Program~0000000320
2024-12-14 22:03:53.3912~DEBUG~-> ExtractAllFromFile(zipFileName = "C:\Users\cofc_\AppData\Local\Temp\tmp7A34.tmp\rjsec065.ZIP", decompressedFolder = "C:\Users\cofc_\AppData\Local\Temp\tmp7B00.tmp", message = "rjsec065")~~RJStevensMusicPresentationCreator.Program~0000000321
2024-12-14 22:03:53.6392~DEBUG~extract completed~~RJStevensMusicPresentationCreator.Program~0000000322
2024-12-14 22:03:53.6422~DEBUG~<- ExtractAllFromFile(zipFileName = "C:\Users\cofc_\AppData\Local\Temp\tmp7A34.tmp\rjsec065.ZIP", decompressedFolder = "C:\Users\cofc_\AppData\Local\Temp\tmp7B00.tmp", message = "rjsec065")~~RJStevensMusicPresentationCreator.Program~0000000323
2024-12-14 22:03:53.6992~DEBUG~-> DownloadFile(url = "https://faas-nyc1-2ef2e6cc.doserverless.co/api/v1/web/fn-dd7f8f6a-d32a-4f5e-ae7b-870dfb7963f3/downloads/bundle?id=000000000000074", filename = "C:\Users\cofc_\AppData\Local\Temp\tmp7C2A.tmp\rjsec068.ZIP", message = "rjsec068")~~RJStevensMusicPresentationCreator.Program~0000000324
2024-12-14 22:03:53.8852~DEBUG~download completed~~RJStevensMusicPresentationCreator.Program~0000000325
2024-12-14 22:03:53.8852~DEBUG~<- DownloadFile(url = "https://faas-nyc1-2ef2e6cc.doserverless.co/api/v1/web/fn-dd7f8f6a-d32a-4f5e-ae7b-870dfb7963f3/downloads/bundle?id=000000000000074", filename = "C:\Users\cofc_\AppData\Local\Temp\tmp7C2A.tmp\rjsec068.ZIP", message = "rjsec068")~~RJStevensMusicPresentationCreator.Program~0000000326
2024-12-14 22:03:53.8962~DEBUG~-> ExtractAllFromFile(zipFileName = "C:\Users\cofc_\AppData\Local\Temp\tmp7C2A.tmp\rjsec068.ZIP", decompressedFolder = "C:\Users\cofc_\AppData\Local\Temp\tmp7CF6.tmp", message = "rjsec068")~~RJStevensMusicPresentationCreator.Program~0000000327
2024-12-14 22:03:54.1002~DEBUG~extract completed~~RJStevensMusicPresentationCreator.Program~0000000328
2024-12-14 22:03:54.1002~DEBUG~<- ExtractAllFromFile(zipFileName = "C:\Users\cofc_\AppData\Local\Temp\tmp7C2A.tmp\rjsec068.ZIP", decompressedFolder = "C:\Users\cofc_\AppData\Local\Temp\tmp7CF6.tmp", message = "rjsec068")~~RJStevensMusicPresentationCreator.Program~0000000329
2024-12-14 22:03:54.1622~DEBUG~-> DownloadFile(url = "https://faas-nyc1-2ef2e6cc.doserverless.co/api/v1/web/fn-dd7f8f6a-d32a-4f5e-ae7b-870dfb7963f3/downloads/bundle?id=000000000000075", filename = "C:\Users\cofc_\AppData\Local\Temp\tmp7E01.tmp\rjsec069.ZIP", message = "rjsec069")~~RJStevensMusicPresentationCreator.Program~0000000330
2024-12-14 22:03:54.3692~DEBUG~download completed~~RJStevensMusicPresentationCreator.Program~0000000331
2024-12-14 22:03:54.3692~DEBUG~<- DownloadFile(url = "https://faas-nyc1-2ef2e6cc.doserverless.co/api/v1/web/fn-dd7f8f6a-d32a-4f5e-ae7b-870dfb7963f3/downloads/bundle?id=000000000000075", filename = "C:\Users\cofc_\AppData\Local\Temp\tmp7E01.tmp\rjsec069.ZIP", message = "rjsec069")~~RJStevensMusicPresentationCreator.Program~0000000332
2024-12-14 22:03:54.3862~DEBUG~-> ExtractAllFromFile(zipFileName = "C:\Users\cofc_\AppData\Local\Temp\tmp7E01.tmp\rjsec069.ZIP", decompressedFolder = "C:\Users\cofc_\AppData\Local\Temp\tmp7EDD.tmp", message = "rjsec069")~~RJStevensMusicPresentationCreator.Program~0000000333
2024-12-14 22:03:54.6353~DEBUG~extract completed~~RJStevensMusicPresentationCreator.Program~0000000334
2024-12-14 22:03:54.6353~DEBUG~<- ExtractAllFromFile(zipFileName = "C:\Users\cofc_\AppData\Local\Temp\tmp7E01.tmp\rjsec069.ZIP", decompressedFolder = "C:\Users\cofc_\AppData\Local\Temp\tmp7EDD.tmp", message = "rjsec069")~~RJStevensMusicPresentationCreator.Program~0000000335
2024-12-14 22:03:54.7073~DEBUG~-> DownloadFile(url = "https://faas-nyc1-2ef2e6cc.doserverless.co/api/v1/web/fn-dd7f8f6a-d32a-4f5e-ae7b-870dfb7963f3/downloads/bundle?id=000000000000076", filename = "C:\Users\cofc_\AppData\Local\Temp\tmp8026.tmp\rjsec070.ZIP", message = "rjsec070")~~RJStevensMusicPresentationCreator.Program~0000000336
2024-12-14 22:03:54.9393~DEBUG~download completed~~RJStevensMusicPresentationCreator.Program~0000000337
2024-12-14 22:03:54.9393~DEBUG~<- DownloadFile(url = "https://faas-nyc1-2ef2e6cc.doserverless.co/api/v1/web/fn-dd7f8f6a-d32a-4f5e-ae7b-870dfb7963f3/downloads/bundle?id=000000000000076", filename = "C:\Users\cofc_\AppData\Local\Temp\tmp8026.tmp\rjsec070.ZIP", message = "rjsec070")~~RJStevensMusicPresentationCreator.Program~0000000338
2024-12-14 22:03:54.9393~DEBUG~-> ExtractAllFromFile(zipFileName = "C:\Users\cofc_\AppData\Local\Temp\tmp8026.tmp\rjsec070.ZIP", decompressedFolder = "C:\Users\cofc_\AppData\Local\Temp\tmp8111.tmp", message = "rjsec070")~~RJStevensMusicPresentationCreator.Program~0000000339
2024-12-14 22:03:55.1453~DEBUG~extract completed~~RJStevensMusicPresentationCreator.Program~0000000340
2024-12-14 22:03:55.1453~DEBUG~<- ExtractAllFromFile(zipFileName = "C:\Users\cofc_\AppData\Local\Temp\tmp8026.tmp\rjsec070.ZIP", decompressedFolder = "C:\Users\cofc_\AppData\Local\Temp\tmp8111.tmp", message = "rjsec070")~~RJStevensMusicPresentationCreator.Program~0000000341
2024-12-14 22:03:55.1983~DEBUG~-> DownloadFile(url = "https://faas-nyc1-2ef2e6cc.doserverless.co/api/v1/web/fn-dd7f8f6a-d32a-4f5e-ae7b-870dfb7963f3/downloads/bundle?id=000000000000079", filename = "C:\Users\cofc_\AppData\Local\Temp\tmp820C.tmp\rjsec073.ZIP", message = "rjsec073")~~RJStevensMusicPresentationCreator.Program~0000000342
2024-12-14 22:03:55.4453~DEBUG~download completed~~RJStevensMusicPresentationCreator.Program~0000000343
2024-12-14 22:03:55.4453~DEBUG~<- DownloadFile(url = "https://faas-nyc1-2ef2e6cc.doserverless.co/api/v1/web/fn-dd7f8f6a-d32a-4f5e-ae7b-870dfb7963f3/downloads/bundle?id=000000000000079", filename = "C:\Users\cofc_\AppData\Local\Temp\tmp820C.tmp\rjsec073.ZIP", message = "rjsec073")~~RJStevensMusicPresentationCreator.Program~0000000344
2024-12-14 22:03:55.4613~DEBUG~-> ExtractAllFromFile(zipFileName = "C:\Users\cofc_\AppData\Local\Temp\tmp820C.tmp\rjsec073.ZIP", decompressedFolder = "C:\Users\cofc_\AppData\Local\Temp\tmp8317.tmp", message = "rjsec073")~~RJStevensMusicPresentationCreator.Program~0000000345
2024-12-14 22:03:55.7673~DEBUG~extract completed~~RJStevensMusicPresentationCreator.Program~0000000346
2024-12-14 22:03:55.7673~DEBUG~<- ExtractAllFromFile(zipFileName = "C:\Users\cofc_\AppData\Local\Temp\tmp820C.tmp\rjsec073.ZIP", decompressedFolder = "C:\Users\cofc_\AppData\Local\Temp\tmp8317.tmp", message = "rjsec073")~~RJStevensMusicPresentationCreator.Program~0000000347
2024-12-14 22:03:55.8333~DEBUG~-> DownloadFile(url = "https://faas-nyc1-2ef2e6cc.doserverless.co/api/v1/web/fn-dd7f8f6a-d32a-4f5e-ae7b-870dfb7963f3/downloads/bundle?id=000000000000080", filename = "C:\Users\cofc_\AppData\Local\Temp\tmp848F.tmp\rjsec074.ZIP", message = "rjsec074")~~RJStevensMusicPresentationCreator.Program~0000000348
2024-12-14 22:03:56.0214~DEBUG~download completed~~RJStevensMusicPresentationCreator.Program~0000000349
2024-12-14 22:03:56.0214~DEBUG~<- DownloadFile(url = "https://faas-nyc1-2ef2e6cc.doserverless.co/api/v1/web/fn-dd7f8f6a-d32a-4f5e-ae7b-870dfb7963f3/downloads/bundle?id=000000000000080", filename = "C:\Users\cofc_\AppData\Local\Temp\tmp848F.tmp\rjsec074.ZIP", message = "rjsec074")~~RJStevensMusicPresentationCreator.Program~0000000350
2024-12-14 22:03:56.0424~DEBUG~-> ExtractAllFromFile(zipFileName = "C:\Users\cofc_\AppData\Local\Temp\tmp848F.tmp\rjsec074.ZIP", decompressedFolder = "C:\Users\cofc_\AppData\Local\Temp\tmp855B.tmp", message = "rjsec074")~~RJStevensMusicPresentationCreator.Program~0000000351
2024-12-14 22:03:56.2174~DEBUG~extract completed~~RJStevensMusicPresentationCreator.Program~0000000352
2024-12-14 22:03:56.2224~DEBUG~<- ExtractAllFromFile(zipFileName = "C:\Users\cofc_\AppData\Local\Temp\tmp848F.tmp\rjsec074.ZIP", decompressedFolder = "C:\Users\cofc_\AppData\Local\Temp\tmp855B.tmp", message = "rjsec074")~~RJStevensMusicPresentationCreator.Program~0000000353
2024-12-14 22:03:56.2764~DEBUG~-> DownloadFile(url = "https://faas-nyc1-2ef2e6cc.doserverless.co/api/v1/web/fn-dd7f8f6a-d32a-4f5e-ae7b-870dfb7963f3/downloads/bundle?id=000000000000081", filename = "C:\Users\cofc_\AppData\Local\Temp\tmp8646.tmp\rjsec075.ZIP", message = "rjsec075")~~RJStevensMusicPresentationCreator.Program~0000000354
2024-12-14 22:03:56.4904~DEBUG~download completed~~RJStevensMusicPresentationCreator.Program~0000000355
2024-12-14 22:03:56.4904~DEBUG~<- DownloadFile(url = "https://faas-nyc1-2ef2e6cc.doserverless.co/api/v1/web/fn-dd7f8f6a-d32a-4f5e-ae7b-870dfb7963f3/downloads/bundle?id=000000000000081", filename = "C:\Users\cofc_\AppData\Local\Temp\tmp8646.tmp\rjsec075.ZIP", message = "rjsec075")~~RJStevensMusicPresentationCreator.Program~0000000356
2024-12-14 22:03:56.5054~DEBUG~-> ExtractAllFromFile(zipFileName = "C:\Users\cofc_\AppData\Local\Temp\tmp8646.tmp\rjsec075.ZIP", decompressedFolder = "C:\Users\cofc_\AppData\Local\Temp\tmp8733.tmp", message = "rjsec075")~~RJStevensMusicPresentationCreator.Program~0000000357
2024-12-14 22:03:56.7344~DEBUG~extract completed~~RJStevensMusicPresentationCreator.Program~0000000358
2024-12-14 22:03:56.7374~DEBUG~<- ExtractAllFromFile(zipFileName = "C:\Users\cofc_\AppData\Local\Temp\tmp8646.tmp\rjsec075.ZIP", decompressedFolder = "C:\Users\cofc_\AppData\Local\Temp\tmp8733.tmp", message = "rjsec075")~~RJStevensMusicPresentationCreator.Program~0000000359
2024-12-14 22:03:56.7914~DEBUG~-> DownloadFile(url = "https://faas-nyc1-2ef2e6cc.doserverless.co/api/v1/web/fn-dd7f8f6a-d32a-4f5e-ae7b-870dfb7963f3/downloads/bundle?id=000000000000082", filename = "C:\Users\cofc_\AppData\Local\Temp\tmp884C.tmp\rjsec076.ZIP", message = "rjsec076")~~RJStevensMusicPresentationCreator.Program~0000000360
2024-12-14 22:03:57.0064~DEBUG~download completed~~RJStevensMusicPresentationCreator.Program~0000000361
2024-12-14 22:03:57.0064~DEBUG~<- DownloadFile(url = "https://faas-nyc1-2ef2e6cc.doserverless.co/api/v1/web/fn-dd7f8f6a-d32a-4f5e-ae7b-870dfb7963f3/downloads/bundle?id=000000000000082", filename = "C:\Users\cofc_\AppData\Local\Temp\tmp884C.tmp\rjsec076.ZIP", message = "rjsec076")~~RJStevensMusicPresentationCreator.Program~0000000362
2024-12-14 22:03:57.0224~DEBUG~-> ExtractAllFromFile(zipFileName = "C:\Users\cofc_\AppData\Local\Temp\tmp884C.tmp\rjsec076.ZIP", decompressedFolder = "C:\Users\cofc_\AppData\Local\Temp\tmp8937.tmp", message = "rjsec076")~~RJStevensMusicPresentationCreator.Program~0000000363
2024-12-14 22:03:57.2414~DEBUG~extract completed~~RJStevensMusicPresentationCreator.Program~0000000364
2024-12-14 22:03:57.2414~DEBUG~<- ExtractAllFromFile(zipFileName = "C:\Users\cofc_\AppData\Local\Temp\tmp884C.tmp\rjsec076.ZIP", decompressedFolder = "C:\Users\cofc_\AppData\Local\Temp\tmp8937.tmp", message = "rjsec076")~~RJStevensMusicPresentationCreator.Program~0000000365
2024-12-14 22:03:57.3045~DEBUG~-> DownloadFile(url = "https://faas-nyc1-2ef2e6cc.doserverless.co/api/v1/web/fn-dd7f8f6a-d32a-4f5e-ae7b-870dfb7963f3/downloads/bundle?id=000000000000083", filename = "C:\Users\cofc_\AppData\Local\Temp\tmp8A52.tmp\rjsec077.ZIP", message = "rjsec077")~~RJStevensMusicPresentationCreator.Program~0000000366
2024-12-14 22:03:57.5525~DEBUG~download completed~~RJStevensMusicPresentationCreator.Program~0000000367
2024-12-14 22:03:57.5525~DEBUG~<- DownloadFile(url = "https://faas-nyc1-2ef2e6cc.doserverless.co/api/v1/web/fn-dd7f8f6a-d32a-4f5e-ae7b-870dfb7963f3/downloads/bundle?id=000000000000083", filename = "C:\Users\cofc_\AppData\Local\Temp\tmp8A52.tmp\rjsec077.ZIP", message = "rjsec077")~~RJStevensMusicPresentationCreator.Program~0000000368
2024-12-14 22:03:57.5725~DEBUG~-> ExtractAllFromFile(zipFileName = "C:\Users\cofc_\AppData\Local\Temp\tmp8A52.tmp\rjsec077.ZIP", decompressedFolder = "C:\Users\cofc_\AppData\Local\Temp\tmp8B5C.tmp", message = "rjsec077")~~RJStevensMusicPresentationCreator.Program~0000000369
2024-12-14 22:03:57.8385~DEBUG~extract completed~~RJStevensMusicPresentationCreator.Program~0000000370
2024-12-14 22:03:57.8385~DEBUG~<- ExtractAllFromFile(zipFileName = "C:\Users\cofc_\AppData\Local\Temp\tmp8A52.tmp\rjsec077.ZIP", decompressedFolder = "C:\Users\cofc_\AppData\Local\Temp\tmp8B5C.tmp", message = "rjsec077")~~RJStevensMusicPresentationCreator.Program~0000000371
2024-12-14 22:03:57.9055~DEBUG~-> DownloadFile(url = "https://faas-nyc1-2ef2e6cc.doserverless.co/api/v1/web/fn-dd7f8f6a-d32a-4f5e-ae7b-870dfb7963f3/downloads/bundle?id=000000000000084", filename = "C:\Users\cofc_\AppData\Local\Temp\tmp8CA5.tmp\rjsec078.ZIP", message = "rjsec078")~~RJStevensMusicPresentationCreator.Program~0000000372
2024-12-14 22:03:58.1295~DEBUG~download completed~~RJStevensMusicPresentationCreator.Program~0000000373
2024-12-14 22:03:58.1295~DEBUG~<- DownloadFile(url = "https://faas-nyc1-2ef2e6cc.doserverless.co/api/v1/web/fn-dd7f8f6a-d32a-4f5e-ae7b-870dfb7963f3/downloads/bundle?id=000000000000084", filename = "C:\Users\cofc_\AppData\Local\Temp\tmp8CA5.tmp\rjsec078.ZIP", message = "rjsec078")~~RJStevensMusicPresentationCreator.Program~0000000374
2024-12-14 22:03:58.1415~DEBUG~-> ExtractAllFromFile(zipFileName = "C:\Users\cofc_\AppData\Local\Temp\tmp8CA5.tmp\rjsec078.ZIP", decompressedFolder = "C:\Users\cofc_\AppData\Local\Temp\tmp8DA0.tmp", message = "rjsec078")~~RJStevensMusicPresentationCreator.Program~0000000375
2024-12-14 22:03:58.3635~DEBUG~extract completed~~RJStevensMusicPresentationCreator.Program~0000000376
2024-12-14 22:03:58.3635~DEBUG~<- ExtractAllFromFile(zipFileName = "C:\Users\cofc_\AppData\Local\Temp\tmp8CA5.tmp\rjsec078.ZIP", decompressedFolder = "C:\Users\cofc_\AppData\Local\Temp\tmp8DA0.tmp", message = "rjsec078")~~RJStevensMusicPresentationCreator.Program~0000000377
2024-12-14 22:03:58.4485~DEBUG~-> DownloadFile(url = "https://faas-nyc1-2ef2e6cc.doserverless.co/api/v1/web/fn-dd7f8f6a-d32a-4f5e-ae7b-870dfb7963f3/downloads/bundle?id=000000000000085", filename = "C:\Users\cofc_\AppData\Local\Temp\tmp8ECA.tmp\rjsec079.ZIP", message = "rjsec079")~~RJStevensMusicPresentationCreator.Program~0000000378
2024-12-14 22:03:58.6876~DEBUG~download completed~~RJStevensMusicPresentationCreator.Program~0000000379
2024-12-14 22:03:58.6876~DEBUG~<- DownloadFile(url = "https://faas-nyc1-2ef2e6cc.doserverless.co/api/v1/web/fn-dd7f8f6a-d32a-4f5e-ae7b-870dfb7963f3/downloads/bundle?id=000000000000085", filename = "C:\Users\cofc_\AppData\Local\Temp\tmp8ECA.tmp\rjsec079.ZIP", message = "rjsec079")~~RJStevensMusicPresentationCreator.Program~0000000380
2024-12-14 22:03:58.7016~DEBUG~-> ExtractAllFromFile(zipFileName = "C:\Users\cofc_\AppData\Local\Temp\tmp8ECA.tmp\rjsec079.ZIP", decompressedFolder = "C:\Users\cofc_\AppData\Local\Temp\tmp8FC5.tmp", message = "rjsec079")~~RJStevensMusicPresentationCreator.Program~0000000381
2024-12-14 22:03:58.9536~DEBUG~extract completed~~RJStevensMusicPresentationCreator.Program~0000000382
2024-12-14 22:03:58.9536~DEBUG~<- ExtractAllFromFile(zipFileName = "C:\Users\cofc_\AppData\Local\Temp\tmp8ECA.tmp\rjsec079.ZIP", decompressedFolder = "C:\Users\cofc_\AppData\Local\Temp\tmp8FC5.tmp", message = "rjsec079")~~RJStevensMusicPresentationCreator.Program~0000000383
2024-12-14 22:03:59.0196~DEBUG~-> DownloadFile(url = "https://faas-nyc1-2ef2e6cc.doserverless.co/api/v1/web/fn-dd7f8f6a-d32a-4f5e-ae7b-870dfb7963f3/downloads/bundle?id=000000000000086", filename = "C:\Users\cofc_\AppData\Local\Temp\tmp910E.tmp\rjsec080.ZIP", message = "rjsec080")~~RJStevensMusicPresentationCreator.Program~0000000384
2024-12-14 22:03:59.3236~DEBUG~download completed~~RJStevensMusicPresentationCreator.Program~0000000385
2024-12-14 22:03:59.3236~DEBUG~<- DownloadFile(url = "https://faas-nyc1-2ef2e6cc.doserverless.co/api/v1/web/fn-dd7f8f6a-d32a-4f5e-ae7b-870dfb7963f3/downloads/bundle?id=000000000000086", filename = "C:\Users\cofc_\AppData\Local\Temp\tmp910E.tmp\rjsec080.ZIP", message = "rjsec080")~~RJStevensMusicPresentationCreator.Program~0000000386
2024-12-14 22:03:59.3366~DEBUG~-> ExtractAllFromFile(zipFileName = "C:\Users\cofc_\AppData\Local\Temp\tmp910E.tmp\rjsec080.ZIP", decompressedFolder = "C:\Users\cofc_\AppData\Local\Temp\tmp9248.tmp", message = "rjsec080")~~RJStevensMusicPresentationCreator.Program~0000000387
2024-12-14 22:03:59.6556~DEBUG~extract completed~~RJStevensMusicPresentationCreator.Program~0000000388
2024-12-14 22:03:59.6596~DEBUG~<- ExtractAllFromFile(zipFileName = "C:\Users\cofc_\AppData\Local\Temp\tmp910E.tmp\rjsec080.ZIP", decompressedFolder = "C:\Users\cofc_\AppData\Local\Temp\tmp9248.tmp", message = "rjsec080")~~RJStevensMusicPresentationCreator.Program~0000000389
2024-12-14 22:03:59.7356~DEBUG~-> DownloadFile(url = "https://faas-nyc1-2ef2e6cc.doserverless.co/api/v1/web/fn-dd7f8f6a-d32a-4f5e-ae7b-870dfb7963f3/downloads/bundle?id=000000000000087", filename = "C:\Users\cofc_\AppData\Local\Temp\tmp93D0.tmp\rjsec081.ZIP", message = "rjsec081")~~RJStevensMusicPresentationCreator.Program~0000000390
2024-12-14 22:03:59.9747~DEBUG~download completed~~RJStevensMusicPresentationCreator.Program~0000000391
2024-12-14 22:03:59.9747~DEBUG~<- DownloadFile(url = "https://faas-nyc1-2ef2e6cc.doserverless.co/api/v1/web/fn-dd7f8f6a-d32a-4f5e-ae7b-870dfb7963f3/downloads/bundle?id=000000000000087", filename = "C:\Users\cofc_\AppData\Local\Temp\tmp93D0.tmp\rjsec081.ZIP", message = "rjsec081")~~RJStevensMusicPresentationCreator.Program~0000000392
2024-12-14 22:03:59.9877~DEBUG~-> ExtractAllFromFile(zipFileName = "C:\Users\cofc_\AppData\Local\Temp\tmp93D0.tmp\rjsec081.ZIP", decompressedFolder = "C:\Users\cofc_\AppData\Local\Temp\tmp94DA.tmp", message = "rjsec081")~~RJStevensMusicPresentationCreator.Program~0000000393
2024-12-14 22:04:00.2417~DEBUG~extract completed~~RJStevensMusicPresentationCreator.Program~0000000394
2024-12-14 22:04:00.2417~DEBUG~<- ExtractAllFromFile(zipFileName = "C:\Users\cofc_\AppData\Local\Temp\tmp93D0.tmp\rjsec081.ZIP", decompressedFolder = "C:\Users\cofc_\AppData\Local\Temp\tmp94DA.tmp", message = "rjsec081")~~RJStevensMusicPresentationCreator.Program~0000000395
2024-12-14 22:04:00.3117~DEBUG~-> DownloadFile(url = "https://faas-nyc1-2ef2e6cc.doserverless.co/api/v1/web/fn-dd7f8f6a-d32a-4f5e-ae7b-870dfb7963f3/downloads/bundle?id=000000000000089", filename = "C:\Users\cofc_\AppData\Local\Temp\tmp9614.tmp\rjsec083.ZIP", message = "rjsec083")~~RJStevensMusicPresentationCreator.Program~0000000396
2024-12-14 22:04:00.5587~DEBUG~download completed~~RJStevensMusicPresentationCreator.Program~0000000397
2024-12-14 22:04:00.5587~DEBUG~<- DownloadFile(url = "https://faas-nyc1-2ef2e6cc.doserverless.co/api/v1/web/fn-dd7f8f6a-d32a-4f5e-ae7b-870dfb7963f3/downloads/bundle?id=000000000000089", filename = "C:\Users\cofc_\AppData\Local\Temp\tmp9614.tmp\rjsec083.ZIP", message = "rjsec083")~~RJStevensMusicPresentationCreator.Program~0000000398
2024-12-14 22:04:00.5727~DEBUG~-> ExtractAllFromFile(zipFileName = "C:\Users\cofc_\AppData\Local\Temp\tmp9614.tmp\rjsec083.ZIP", decompressedFolder = "C:\Users\cofc_\AppData\Local\Temp\tmp971E.tmp", message = "rjsec083")~~RJStevensMusicPresentationCreator.Program~0000000399
2024-12-14 22:04:00.7897~DEBUG~extract completed~~RJStevensMusicPresentationCreator.Program~0000000400
2024-12-14 22:04:00.7897~DEBUG~<- ExtractAllFromFile(zipFileName = "C:\Users\cofc_\AppData\Local\Temp\tmp9614.tmp\rjsec083.ZIP", decompressedFolder = "C:\Users\cofc_\AppData\Local\Temp\tmp971E.tmp", message = "rjsec083")~~RJStevensMusicPresentationCreator.Program~0000000401
2024-12-14 22:04:00.8487~DEBUG~-> DownloadFile(url = "https://faas-nyc1-2ef2e6cc.doserverless.co/api/v1/web/fn-dd7f8f6a-d32a-4f5e-ae7b-870dfb7963f3/downloads/bundle?id=000000000000090", filename = "C:\Users\cofc_\AppData\Local\Temp\tmp9839.tmp\rjsec084.ZIP", message = "rjsec084")~~RJStevensMusicPresentationCreator.Program~0000000402
2024-12-14 22:04:01.1037~DEBUG~download completed~~RJStevensMusicPresentationCreator.Program~0000000403
2024-12-14 22:04:01.1037~DEBUG~<- DownloadFile(url = "https://faas-nyc1-2ef2e6cc.doserverless.co/api/v1/web/fn-dd7f8f6a-d32a-4f5e-ae7b-870dfb7963f3/downloads/bundle?id=000000000000090", filename = "C:\Users\cofc_\AppData\Local\Temp\tmp9839.tmp\rjsec084.ZIP", message = "rjsec084")~~RJStevensMusicPresentationCreator.Program~0000000404
2024-12-14 22:04:01.1147~DEBUG~-> ExtractAllFromFile(zipFileName = "C:\Users\cofc_\AppData\Local\Temp\tmp9839.tmp\rjsec084.ZIP", decompressedFolder = "C:\Users\cofc_\AppData\Local\Temp\tmp9943.tmp", message = "rjsec084")~~RJStevensMusicPresentationCreator.Program~0000000405
2024-12-14 22:04:01.3268~DEBUG~extract completed~~RJStevensMusicPresentationCreator.Program~0000000406
2024-12-14 22:04:01.3328~DEBUG~<- ExtractAllFromFile(zipFileName = "C:\Users\cofc_\AppData\Local\Temp\tmp9839.tmp\rjsec084.ZIP", decompressedFolder = "C:\Users\cofc_\AppData\Local\Temp\tmp9943.tmp", message = "rjsec084")~~RJStevensMusicPresentationCreator.Program~0000000407
2024-12-14 22:04:01.3898~DEBUG~-> DownloadFile(url = "https://faas-nyc1-2ef2e6cc.doserverless.co/api/v1/web/fn-dd7f8f6a-d32a-4f5e-ae7b-870dfb7963f3/downloads/bundle?id=000000000000091", filename = "C:\Users\cofc_\AppData\Local\Temp\tmp9A4E.tmp\rjsec085.ZIP", message = "rjsec085")~~RJStevensMusicPresentationCreator.Program~0000000408
2024-12-14 22:04:01.9488~DEBUG~download completed~~RJStevensMusicPresentationCreator.Program~0000000409
2024-12-14 22:04:01.9488~DEBUG~<- DownloadFile(url = "https://faas-nyc1-2ef2e6cc.doserverless.co/api/v1/web/fn-dd7f8f6a-d32a-4f5e-ae7b-870dfb7963f3/downloads/bundle?id=000000000000091", filename = "C:\Users\cofc_\AppData\Local\Temp\tmp9A4E.tmp\rjsec085.ZIP", message = "rjsec085")~~RJStevensMusicPresentationCreator.Program~0000000410
2024-12-14 22:04:01.9728~DEBUG~-> ExtractAllFromFile(zipFileName = "C:\Users\cofc_\AppData\Local\Temp\tmp9A4E.tmp\rjsec085.ZIP", decompressedFolder = "C:\Users\cofc_\AppData\Local\Temp\tmp9CA1.tmp", message = "rjsec085")~~RJStevensMusicPresentationCreator.Program~0000000411
2024-12-14 22:04:02.3308~DEBUG~extract completed~~RJStevensMusicPresentationCreator.Program~0000000412
2024-12-14 22:04:02.3308~DEBUG~<- ExtractAllFromFile(zipFileName = "C:\Users\cofc_\AppData\Local\Temp\tmp9A4E.tmp\rjsec085.ZIP", decompressedFolder = "C:\Users\cofc_\AppData\Local\Temp\tmp9CA1.tmp", message = "rjsec085")~~RJStevensMusicPresentationCreator.Program~0000000413
2024-12-14 22:04:02.3998~DEBUG~-> DownloadFile(url = "https://faas-nyc1-2ef2e6cc.doserverless.co/api/v1/web/fn-dd7f8f6a-d32a-4f5e-ae7b-870dfb7963f3/downloads/bundle?id=000000000000093", filename = "C:\Users\cofc_\AppData\Local\Temp\tmp9E47.tmp\rjsec087.ZIP", message = "rjsec087")~~RJStevensMusicPresentationCreator.Program~0000000414
2024-12-14 22:04:02.6569~DEBUG~download completed~~RJStevensMusicPresentationCreator.Program~0000000415
2024-12-14 22:04:02.6569~DEBUG~<- DownloadFile(url = "https://faas-nyc1-2ef2e6cc.doserverless.co/api/v1/web/fn-dd7f8f6a-d32a-4f5e-ae7b-870dfb7963f3/downloads/bundle?id=000000000000093", filename = "C:\Users\cofc_\AppData\Local\Temp\tmp9E47.tmp\rjsec087.ZIP", message = "rjsec087")~~RJStevensMusicPresentationCreator.Program~0000000416
2024-12-14 22:04:02.6569~DEBUG~-> ExtractAllFromFile(zipFileName = "C:\Users\cofc_\AppData\Local\Temp\tmp9E47.tmp\rjsec087.ZIP", decompressedFolder = "C:\Users\cofc_\AppData\Local\Temp\tmp9F52.tmp", message = "rjsec087")~~RJStevensMusicPresentationCreator.Program~0000000417
2024-12-14 22:04:03.0049~DEBUG~extract completed~~RJStevensMusicPresentationCreator.Program~0000000418
2024-12-14 22:04:03.0049~DEBUG~<- ExtractAllFromFile(zipFileName = "C:\Users\cofc_\AppData\Local\Temp\tmp9E47.tmp\rjsec087.ZIP", decompressedFolder = "C:\Users\cofc_\AppData\Local\Temp\tmp9F52.tmp", message = "rjsec087")~~RJStevensMusicPresentationCreator.Program~0000000419
2024-12-14 22:04:03.0849~DEBUG~-> DownloadFile(url = "https://faas-nyc1-2ef2e6cc.doserverless.co/api/v1/web/fn-dd7f8f6a-d32a-4f5e-ae7b-870dfb7963f3/downloads/bundle?id=000000000000095", filename = "C:\Users\cofc_\AppData\Local\Temp\tmpA0F9.tmp\rjsec089.ZIP", message = "rjsec089")~~RJStevensMusicPresentationCreator.Program~0000000420
2024-12-14 22:04:03.3739~DEBUG~download completed~~RJStevensMusicPresentationCreator.Program~0000000421
2024-12-14 22:04:03.3739~DEBUG~<- DownloadFile(url = "https://faas-nyc1-2ef2e6cc.doserverless.co/api/v1/web/fn-dd7f8f6a-d32a-4f5e-ae7b-870dfb7963f3/downloads/bundle?id=000000000000095", filename = "C:\Users\cofc_\AppData\Local\Temp\tmpA0F9.tmp\rjsec089.ZIP", message = "rjsec089")~~RJStevensMusicPresentationCreator.Program~0000000422
2024-12-14 22:04:03.3959~DEBUG~-> ExtractAllFromFile(zipFileName = "C:\Users\cofc_\AppData\Local\Temp\tmpA0F9.tmp\rjsec089.ZIP", decompressedFolder = "C:\Users\cofc_\AppData\Local\Temp\tmpA232.tmp", message = "rjsec089")~~RJStevensMusicPresentationCreator.Program~0000000423
2024-12-14 22:04:03.6199~DEBUG~extract completed~~RJStevensMusicPresentationCreator.Program~0000000424
2024-12-14 22:04:03.6199~DEBUG~<- ExtractAllFromFile(zipFileName = "C:\Users\cofc_\AppData\Local\Temp\tmpA0F9.tmp\rjsec089.ZIP", decompressedFolder = "C:\Users\cofc_\AppData\Local\Temp\tmpA232.tmp", message = "rjsec089")~~RJStevensMusicPresentationCreator.Program~0000000425
2024-12-14 22:04:03.6829~DEBUG~-> DownloadFile(url = "https://faas-nyc1-2ef2e6cc.doserverless.co/api/v1/web/fn-dd7f8f6a-d32a-4f5e-ae7b-870dfb7963f3/downloads/bundle?id=000000000000098", filename = "C:\Users\cofc_\AppData\Local\Temp\tmpA34D.tmp\rjsec092.ZIP", message = "rjsec092")~~RJStevensMusicPresentationCreator.Program~0000000426
2024-12-14 22:04:03.9219~DEBUG~download completed~~RJStevensMusicPresentationCreator.Program~0000000427
2024-12-14 22:04:03.9230~DEBUG~<- DownloadFile(url = "https://faas-nyc1-2ef2e6cc.doserverless.co/api/v1/web/fn-dd7f8f6a-d32a-4f5e-ae7b-870dfb7963f3/downloads/bundle?id=000000000000098", filename = "C:\Users\cofc_\AppData\Local\Temp\tmpA34D.tmp\rjsec092.ZIP", message = "rjsec092")~~RJStevensMusicPresentationCreator.Program~0000000428
2024-12-14 22:04:03.9400~DEBUG~-> ExtractAllFromFile(zipFileName = "C:\Users\cofc_\AppData\Local\Temp\tmpA34D.tmp\rjsec092.ZIP", decompressedFolder = "C:\Users\cofc_\AppData\Local\Temp\tmpA457.tmp", message = "rjsec092")~~RJStevensMusicPresentationCreator.Program~0000000429
2024-12-14 22:04:04.1590~DEBUG~extract completed~~RJStevensMusicPresentationCreator.Program~0000000430
2024-12-14 22:04:04.1590~DEBUG~<- ExtractAllFromFile(zipFileName = "C:\Users\cofc_\AppData\Local\Temp\tmpA34D.tmp\rjsec092.ZIP", decompressedFolder = "C:\Users\cofc_\AppData\Local\Temp\tmpA457.tmp", message = "rjsec092")~~RJStevensMusicPresentationCreator.Program~0000000431
2024-12-14 22:04:04.2170~DEBUG~-> DownloadFile(url = "https://faas-nyc1-2ef2e6cc.doserverless.co/api/v1/web/fn-dd7f8f6a-d32a-4f5e-ae7b-870dfb7963f3/downloads/bundle?id=000000000000099", filename = "C:\Users\cofc_\AppData\Local\Temp\tmpA562.tmp\rjsec092.15.ZIP", message = "rjsec092.15")~~RJStevensMusicPresentationCreator.Program~0000000432
2024-12-14 22:04:04.4380~DEBUG~download completed~~RJStevensMusicPresentationCreator.Program~0000000433
2024-12-14 22:04:04.4380~DEBUG~<- DownloadFile(url = "https://faas-nyc1-2ef2e6cc.doserverless.co/api/v1/web/fn-dd7f8f6a-d32a-4f5e-ae7b-870dfb7963f3/downloads/bundle?id=000000000000099", filename = "C:\Users\cofc_\AppData\Local\Temp\tmpA562.tmp\rjsec092.15.ZIP", message = "rjsec092.15")~~RJStevensMusicPresentationCreator.Program~0000000434
2024-12-14 22:04:04.4380~DEBUG~-> ExtractAllFromFile(zipFileName = "C:\Users\cofc_\AppData\Local\Temp\tmpA562.tmp\rjsec092.15.ZIP", decompressedFolder = "C:\Users\cofc_\AppData\Local\Temp\tmpA64D.tmp", message = "rjsec092.15")~~RJStevensMusicPresentationCreator.Program~0000000435
2024-12-14 22:04:04.6880~DEBUG~extract completed~~RJStevensMusicPresentationCreator.Program~0000000436
2024-12-14 22:04:04.6880~DEBUG~<- ExtractAllFromFile(zipFileName = "C:\Users\cofc_\AppData\Local\Temp\tmpA562.tmp\rjsec092.15.ZIP", decompressedFolder = "C:\Users\cofc_\AppData\Local\Temp\tmpA64D.tmp", message = "rjsec092.15")~~RJStevensMusicPresentationCreator.Program~0000000437
2024-12-14 22:04:04.7580~DEBUG~-> DownloadFile(url = "https://faas-nyc1-2ef2e6cc.doserverless.co/api/v1/web/fn-dd7f8f6a-d32a-4f5e-ae7b-870dfb7963f3/downloads/bundle?id=000000000000101", filename = "C:\Users\cofc_\AppData\Local\Temp\tmpA787.tmp\rjsec094.ZIP", message = "rjsec094")~~RJStevensMusicPresentationCreator.Program~0000000438
2024-12-14 22:04:05.0170~DEBUG~download completed~~RJStevensMusicPresentationCreator.Program~0000000439
2024-12-14 22:04:05.0170~DEBUG~<- DownloadFile(url = "https://faas-nyc1-2ef2e6cc.doserverless.co/api/v1/web/fn-dd7f8f6a-d32a-4f5e-ae7b-870dfb7963f3/downloads/bundle?id=000000000000101", filename = "C:\Users\cofc_\AppData\Local\Temp\tmpA787.tmp\rjsec094.ZIP", message = "rjsec094")~~RJStevensMusicPresentationCreator.Program~0000000440
2024-12-14 22:04:05.0170~DEBUG~-> ExtractAllFromFile(zipFileName = "C:\Users\cofc_\AppData\Local\Temp\tmpA787.tmp\rjsec094.ZIP", decompressedFolder = "C:\Users\cofc_\AppData\Local\Temp\tmpA891.tmp", message = "rjsec094")~~RJStevensMusicPresentationCreator.Program~0000000441
2024-12-14 22:04:05.2601~DEBUG~extract completed~~RJStevensMusicPresentationCreator.Program~0000000442
2024-12-14 22:04:05.2601~DEBUG~<- ExtractAllFromFile(zipFileName = "C:\Users\cofc_\AppData\Local\Temp\tmpA787.tmp\rjsec094.ZIP", decompressedFolder = "C:\Users\cofc_\AppData\Local\Temp\tmpA891.tmp", message = "rjsec094")~~RJStevensMusicPresentationCreator.Program~0000000443
2024-12-14 22:04:05.3311~DEBUG~-> DownloadFile(url = "https://faas-nyc1-2ef2e6cc.doserverless.co/api/v1/web/fn-dd7f8f6a-d32a-4f5e-ae7b-870dfb7963f3/downloads/bundle?id=000000000000102", filename = "C:\Users\cofc_\AppData\Local\Temp\tmpA9CB.tmp\rjsec095.ZIP", message = "rjsec095")~~RJStevensMusicPresentationCreator.Program~0000000444
2024-12-14 22:04:05.6401~DEBUG~download completed~~RJStevensMusicPresentationCreator.Program~0000000445
2024-12-14 22:04:05.6411~DEBUG~<- DownloadFile(url = "https://faas-nyc1-2ef2e6cc.doserverless.co/api/v1/web/fn-dd7f8f6a-d32a-4f5e-ae7b-870dfb7963f3/downloads/bundle?id=000000000000102", filename = "C:\Users\cofc_\AppData\Local\Temp\tmpA9CB.tmp\rjsec095.ZIP", message = "rjsec095")~~RJStevensMusicPresentationCreator.Program~0000000446
2024-12-14 22:04:05.6631~DEBUG~-> ExtractAllFromFile(zipFileName = "C:\Users\cofc_\AppData\Local\Temp\tmpA9CB.tmp\rjsec095.ZIP", decompressedFolder = "C:\Users\cofc_\AppData\Local\Temp\tmpAB14.tmp", message = "rjsec095")~~RJStevensMusicPresentationCreator.Program~0000000447
2024-12-14 22:04:05.9511~DEBUG~extract completed~~RJStevensMusicPresentationCreator.Program~0000000448
2024-12-14 22:04:05.9541~DEBUG~<- ExtractAllFromFile(zipFileName = "C:\Users\cofc_\AppData\Local\Temp\tmpA9CB.tmp\rjsec095.ZIP", decompressedFolder = "C:\Users\cofc_\AppData\Local\Temp\tmpAB14.tmp", message = "rjsec095")~~RJStevensMusicPresentationCreator.Program~0000000449
2024-12-14 22:04:06.0251~DEBUG~-> DownloadFile(url = "https://faas-nyc1-2ef2e6cc.doserverless.co/api/v1/web/fn-dd7f8f6a-d32a-4f5e-ae7b-870dfb7963f3/downloads/bundle?id=000000000000104", filename = "C:\Users\cofc_\AppData\Local\Temp\tmpAC7C.tmp\rjsec097.ZIP", message = "rjsec097")~~RJStevensMusicPresentationCreator.Program~0000000450
2024-12-14 22:04:06.2331~DEBUG~download completed~~RJStevensMusicPresentationCreator.Program~0000000451
2024-12-14 22:04:06.2331~DEBUG~<- DownloadFile(url = "https://faas-nyc1-2ef2e6cc.doserverless.co/api/v1/web/fn-dd7f8f6a-d32a-4f5e-ae7b-870dfb7963f3/downloads/bundle?id=000000000000104", filename = "C:\Users\cofc_\AppData\Local\Temp\tmpAC7C.tmp\rjsec097.ZIP", message = "rjsec097")~~RJStevensMusicPresentationCreator.Program~0000000452
2024-12-14 22:04:06.2441~DEBUG~-> ExtractAllFromFile(zipFileName = "C:\Users\cofc_\AppData\Local\Temp\tmpAC7C.tmp\rjsec097.ZIP", decompressedFolder = "C:\Users\cofc_\AppData\Local\Temp\tmpAD58.tmp", message = "rjsec097")~~RJStevensMusicPresentationCreator.Program~0000000453
2024-12-14 22:04:06.5111~DEBUG~extract completed~~RJStevensMusicPresentationCreator.Program~0000000454
2024-12-14 22:04:06.5111~DEBUG~<- ExtractAllFromFile(zipFileName = "C:\Users\cofc_\AppData\Local\Temp\tmpAC7C.tmp\rjsec097.ZIP", decompressedFolder = "C:\Users\cofc_\AppData\Local\Temp\tmpAD58.tmp", message = "rjsec097")~~RJStevensMusicPresentationCreator.Program~0000000455
2024-12-14 22:04:06.5801~DEBUG~-> DownloadFile(url = "https://faas-nyc1-2ef2e6cc.doserverless.co/api/v1/web/fn-dd7f8f6a-d32a-4f5e-ae7b-870dfb7963f3/downloads/bundle?id=000000000000105", filename = "C:\Users\cofc_\AppData\Local\Temp\tmpAEA1.tmp\rjsec098.ZIP", message = "rjsec098")~~RJStevensMusicPresentationCreator.Program~0000000456
2024-12-14 22:04:06.8172~DEBUG~download completed~~RJStevensMusicPresentationCreator.Program~0000000457
2024-12-14 22:04:06.8172~DEBUG~<- DownloadFile(url = "https://faas-nyc1-2ef2e6cc.doserverless.co/api/v1/web/fn-dd7f8f6a-d32a-4f5e-ae7b-870dfb7963f3/downloads/bundle?id=000000000000105", filename = "C:\Users\cofc_\AppData\Local\Temp\tmpAEA1.tmp\rjsec098.ZIP", message = "rjsec098")~~RJStevensMusicPresentationCreator.Program~0000000458
2024-12-14 22:04:06.8322~DEBUG~-> ExtractAllFromFile(zipFileName = "C:\Users\cofc_\AppData\Local\Temp\tmpAEA1.tmp\rjsec098.ZIP", decompressedFolder = "C:\Users\cofc_\AppData\Local\Temp\tmpAFAC.tmp", message = "rjsec098")~~RJStevensMusicPresentationCreator.Program~0000000459
2024-12-14 22:04:07.1072~DEBUG~extract completed~~RJStevensMusicPresentationCreator.Program~0000000460
2024-12-14 22:04:07.1102~DEBUG~<- ExtractAllFromFile(zipFileName = "C:\Users\cofc_\AppData\Local\Temp\tmpAEA1.tmp\rjsec098.ZIP", decompressedFolder = "C:\Users\cofc_\AppData\Local\Temp\tmpAFAC.tmp", message = "rjsec098")~~RJStevensMusicPresentationCreator.Program~0000000461
2024-12-14 22:04:07.1652~DEBUG~-> DownloadFile(url = "https://faas-nyc1-2ef2e6cc.doserverless.co/api/v1/web/fn-dd7f8f6a-d32a-4f5e-ae7b-870dfb7963f3/downloads/bundle?id=000000000000106", filename = "C:\Users\cofc_\AppData\Local\Temp\tmpB0F5.tmp\rjsec099.ZIP", message = "rjsec099")~~RJStevensMusicPresentationCreator.Program~0000000462
2024-12-14 22:04:07.3842~DEBUG~download completed~~RJStevensMusicPresentationCreator.Program~0000000463
2024-12-14 22:04:07.3842~DEBUG~<- DownloadFile(url = "https://faas-nyc1-2ef2e6cc.doserverless.co/api/v1/web/fn-dd7f8f6a-d32a-4f5e-ae7b-870dfb7963f3/downloads/bundle?id=000000000000106", filename = "C:\Users\cofc_\AppData\Local\Temp\tmpB0F5.tmp\rjsec099.ZIP", message = "rjsec099")~~RJStevensMusicPresentationCreator.Program~0000000464
2024-12-14 22:04:07.3972~DEBUG~-> ExtractAllFromFile(zipFileName = "C:\Users\cofc_\AppData\Local\Temp\tmpB0F5.tmp\rjsec099.ZIP", decompressedFolder = "C:\Users\cofc_\AppData\Local\Temp\tmpB1E0.tmp", message = "rjsec099")~~RJStevensMusicPresentationCreator.Program~0000000465
2024-12-14 22:04:07.6342~DEBUG~extract completed~~RJStevensMusicPresentationCreator.Program~0000000466
2024-12-14 22:04:07.6342~DEBUG~<- ExtractAllFromFile(zipFileName = "C:\Users\cofc_\AppData\Local\Temp\tmpB0F5.tmp\rjsec099.ZIP", decompressedFolder = "C:\Users\cofc_\AppData\Local\Temp\tmpB1E0.tmp", message = "rjsec099")~~RJStevensMusicPresentationCreator.Program~0000000467
2024-12-14 22:04:07.6902~DEBUG~-> DownloadFile(url = "https://faas-nyc1-2ef2e6cc.doserverless.co/api/v1/web/fn-dd7f8f6a-d32a-4f5e-ae7b-870dfb7963f3/downloads/bundle?id=000000000000107", filename = "C:\Users\cofc_\AppData\Local\Temp\tmpB30A.tmp\rjsec100.ZIP", message = "rjsec100")~~RJStevensMusicPresentationCreator.Program~0000000468
2024-12-14 22:04:07.9003~DEBUG~download completed~~RJStevensMusicPresentationCreator.Program~0000000469
2024-12-14 22:04:07.9003~DEBUG~<- DownloadFile(url = "https://faas-nyc1-2ef2e6cc.doserverless.co/api/v1/web/fn-dd7f8f6a-d32a-4f5e-ae7b-870dfb7963f3/downloads/bundle?id=000000000000107", filename = "C:\Users\cofc_\AppData\Local\Temp\tmpB30A.tmp\rjsec100.ZIP", message = "rjsec100")~~RJStevensMusicPresentationCreator.Program~0000000470
2024-12-14 22:04:07.9143~DEBUG~-> ExtractAllFromFile(zipFileName = "C:\Users\cofc_\AppData\Local\Temp\tmpB30A.tmp\rjsec100.ZIP", decompressedFolder = "C:\Users\cofc_\AppData\Local\Temp\tmpB3E6.tmp", message = "rjsec100")~~RJStevensMusicPresentationCreator.Program~0000000471
2024-12-14 22:04:08.1343~DEBUG~extract completed~~RJStevensMusicPresentationCreator.Program~0000000472
2024-12-14 22:04:08.1343~DEBUG~<- ExtractAllFromFile(zipFileName = "C:\Users\cofc_\AppData\Local\Temp\tmpB30A.tmp\rjsec100.ZIP", decompressedFolder = "C:\Users\cofc_\AppData\Local\Temp\tmpB3E6.tmp", message = "rjsec100")~~RJStevensMusicPresentationCreator.Program~0000000473
2024-12-14 22:04:08.1873~DEBUG~-> DownloadFile(url = "https://faas-nyc1-2ef2e6cc.doserverless.co/api/v1/web/fn-dd7f8f6a-d32a-4f5e-ae7b-870dfb7963f3/downloads/bundle?id=000000000000108", filename = "C:\Users\cofc_\AppData\Local\Temp\tmpB4F1.tmp\rjsec101.ZIP", message = "rjsec101")~~RJStevensMusicPresentationCreator.Program~0000000474
2024-12-14 22:04:08.4173~DEBUG~download completed~~RJStevensMusicPresentationCreator.Program~0000000475
2024-12-14 22:04:08.4173~DEBUG~<- DownloadFile(url = "https://faas-nyc1-2ef2e6cc.doserverless.co/api/v1/web/fn-dd7f8f6a-d32a-4f5e-ae7b-870dfb7963f3/downloads/bundle?id=000000000000108", filename = "C:\Users\cofc_\AppData\Local\Temp\tmpB4F1.tmp\rjsec101.ZIP", message = "rjsec101")~~RJStevensMusicPresentationCreator.Program~0000000476
2024-12-14 22:04:08.4343~DEBUG~-> ExtractAllFromFile(zipFileName = "C:\Users\cofc_\AppData\Local\Temp\tmpB4F1.tmp\rjsec101.ZIP", decompressedFolder = "C:\Users\cofc_\AppData\Local\Temp\tmpB5EC.tmp", message = "rjsec101")~~RJStevensMusicPresentationCreator.Program~0000000477
2024-12-14 22:04:08.7463~DEBUG~extract completed~~RJStevensMusicPresentationCreator.Program~0000000478
2024-12-14 22:04:08.7503~DEBUG~<- ExtractAllFromFile(zipFileName = "C:\Users\cofc_\AppData\Local\Temp\tmpB4F1.tmp\rjsec101.ZIP", decompressedFolder = "C:\Users\cofc_\AppData\Local\Temp\tmpB5EC.tmp", message = "rjsec101")~~RJStevensMusicPresentationCreator.Program~0000000479
2024-12-14 22:04:08.8313~DEBUG~-> DownloadFile(url = "https://faas-nyc1-2ef2e6cc.doserverless.co/api/v1/web/fn-dd7f8f6a-d32a-4f5e-ae7b-870dfb7963f3/downloads/bundle?id=000000000000744", filename = "C:\Users\cofc_\AppData\Local\Temp\tmpB783.tmp\rjsec1031.ZIP", message = "rjsec1031")~~RJStevensMusicPresentationCreator.Program~0000000480
2024-12-14 22:04:09.0363~DEBUG~download completed~~RJStevensMusicPresentationCreator.Program~0000000481
2024-12-14 22:04:09.0363~DEBUG~<- DownloadFile(url = "https://faas-nyc1-2ef2e6cc.doserverless.co/api/v1/web/fn-dd7f8f6a-d32a-4f5e-ae7b-870dfb7963f3/downloads/bundle?id=000000000000744", filename = "C:\Users\cofc_\AppData\Local\Temp\tmpB783.tmp\rjsec1031.ZIP", message = "rjsec1031")~~RJStevensMusicPresentationCreator.Program~0000000482
2024-12-14 22:04:09.0504~DEBUG~-> ExtractAllFromFile(zipFileName = "C:\Users\cofc_\AppData\Local\Temp\tmpB783.tmp\rjsec1031.ZIP", decompressedFolder = "C:\Users\cofc_\AppData\Local\Temp\tmpB85F.tmp", message = "rjsec1031")~~RJStevensMusicPresentationCreator.Program~0000000483
2024-12-14 22:04:09.3214~DEBUG~extract completed~~RJStevensMusicPresentationCreator.Program~0000000484
2024-12-14 22:04:09.3214~DEBUG~<- ExtractAllFromFile(zipFileName = "C:\Users\cofc_\AppData\Local\Temp\tmpB783.tmp\rjsec1031.ZIP", decompressedFolder = "C:\Users\cofc_\AppData\Local\Temp\tmpB85F.tmp", message = "rjsec1031")~~RJStevensMusicPresentationCreator.Program~0000000485
2024-12-14 22:04:09.3944~DEBUG~-> DownloadFile(url = "https://faas-nyc1-2ef2e6cc.doserverless.co/api/v1/web/fn-dd7f8f6a-d32a-4f5e-ae7b-870dfb7963f3/downloads/bundle?id=000000000000112", filename = "C:\Users\cofc_\AppData\Local\Temp\tmpB9B7.tmp\rjsec105.ZIP", message = "rjsec105")~~RJStevensMusicPresentationCreator.Program~0000000486
2024-12-14 22:04:09.5974~DEBUG~download completed~~RJStevensMusicPresentationCreator.Program~0000000487
2024-12-14 22:04:09.5974~DEBUG~<- DownloadFile(url = "https://faas-nyc1-2ef2e6cc.doserverless.co/api/v1/web/fn-dd7f8f6a-d32a-4f5e-ae7b-870dfb7963f3/downloads/bundle?id=000000000000112", filename = "C:\Users\cofc_\AppData\Local\Temp\tmpB9B7.tmp\rjsec105.ZIP", message = "rjsec105")~~RJStevensMusicPresentationCreator.Program~0000000488
2024-12-14 22:04:09.6134~DEBUG~-> ExtractAllFromFile(zipFileName = "C:\Users\cofc_\AppData\Local\Temp\tmpB9B7.tmp\rjsec105.ZIP", decompressedFolder = "C:\Users\cofc_\AppData\Local\Temp\tmpBA93.tmp", message = "rjsec105")~~RJStevensMusicPresentationCreator.Program~0000000489
2024-12-14 22:04:10.0054~DEBUG~extract completed~~RJStevensMusicPresentationCreator.Program~0000000490
2024-12-14 22:04:10.0054~DEBUG~<- ExtractAllFromFile(zipFileName = "C:\Users\cofc_\AppData\Local\Temp\tmpB9B7.tmp\rjsec105.ZIP", decompressedFolder = "C:\Users\cofc_\AppData\Local\Temp\tmpBA93.tmp", message = "rjsec105")~~RJStevensMusicPresentationCreator.Program~0000000491
2024-12-14 22:04:10.1384~DEBUG~-> DownloadFile(url = "https://faas-nyc1-2ef2e6cc.doserverless.co/api/v1/web/fn-dd7f8f6a-d32a-4f5e-ae7b-870dfb7963f3/downloads/bundle?id=000000000000113", filename = "C:\Users\cofc_\AppData\Local\Temp\tmpBC98.tmp\rjsec106.ZIP", message = "rjsec106")~~RJStevensMusicPresentationCreator.Program~0000000492
2024-12-14 22:04:10.2460~ WARN~!! DownloadFile(url = "https://faas-nyc1-2ef2e6cc.doserverless.co/api/v1/web/fn-dd7f8f6a-d32a-4f5e-ae7b-870dfb7963f3/downloads/bundle?id=000000000000113", filename = "C:\Users\cofc_\AppData\Local\Temp\tmpBC98.tmp\rjsec106.ZIP", message = "rjsec106")~System.NullReferenceException: Object reference not set to an instance of an object.%CRLF%   at RJStevensMusicPresentationCreator.Program.DownloadFile(String url, String fileName, String message, IAcceptsProgressNotification pn, Byte indicator) in D:\Repos\RJSM\Presentation Creator Application\Applications\PresentationCreator15\Program.cs:line 3199~RJStevensMusicPresentationCreator.Program~0000000493
2024-12-14 22:05:05.6851~DEBUG~<- DownloadFile(url = "https://faas-nyc1-2ef2e6cc.doserverless.co/api/v1/web/fn-dd7f8f6a-d32a-4f5e-ae7b-870dfb7963f3/downloads/bundle?id=000000000000113", filename = "C:\Users\cofc_\AppData\Local\Temp\tmpBC98.tmp\rjsec106.ZIP", message = "rjsec106")~~RJStevensMusicPresentationCreator.Program~0000000494
2024-12-14 22:05:05.6851~DEBUG~-> DownloadFile(url = "http://faas-nyc1-2ef2e6cc.doserverless.co/api/v1/web/fn-dd7f8f6a-d32a-4f5e-ae7b-870dfb7963f3/downloads/bundle?id=000000000000113", filename = "C:\Users\cofc_\AppData\Local\Temp\tmpBC98.tmp\rjsec106.ZIP", message = "rjsec106")~~RJStevensMusicPresentationCreator.Program~0000000495
2024-12-14 22:05:44.7420~ WARN~!! DownloadFile(url = "http://faas-nyc1-2ef2e6cc.doserverless.co/api/v1/web/fn-dd7f8f6a-d32a-4f5e-ae7b-870dfb7963f3/downloads/bundle?id=000000000000113", filename = "C:\Users\cofc_\AppData\Local\Temp\tmpBC98.tmp\rjsec106.ZIP", message = "rjsec106")~System.Net.WebException: The remote server returned an error: (522).%CRLF%   at RJStevensMusicPresentationCreator.Program.DownloadFile(String url, String fileName, String message, IAcceptsProgressNotification pn, Byte indicator) in D:\Repos\RJSM\Presentation Creator Application\Applications\PresentationCreator15\Program.cs:line 3208~RJStevensMusicPresentationCreator.Program~0000000496
2024-12-14 22:05:47.1060~DEBUG~<- DownloadFile(url = "http://faas-nyc1-2ef2e6cc.doserverless.co/api/v1/web/fn-dd7f8f6a-d32a-4f5e-ae7b-870dfb7963f3/downloads/bundle?id=000000000000113", filename = "C:\Users\cofc_\AppData\Local\Temp\tmpBC98.tmp\rjsec106.ZIP", message = "rjsec106")~~RJStevensMusicPresentationCreator.Program~0000000497
2024-12-14 22:05:47.1110~DEBUG~-> DownloadFile(url = "https://faas-nyc1-2ef2e6cc.doserverless.co/api/v1/web/fn-dd7f8f6a-d32a-4f5e-ae7b-870dfb7963f3/downloads/bundle?id=000000000000774", filename = "C:\Users\cofc_\AppData\Local\Temp\tmp3762.tmp\rjsec1061.ZIP", message = "rjsec1061")~~RJStevensMusicPresentationCreator.Program~0000000498
2024-12-14 22:05:48.2458~DEBUG~download completed~~RJStevensMusicPresentationCreator.Program~0000000499
2024-12-14 22:05:48.2458~DEBUG~<- DownloadFile(url = "https://faas-nyc1-2ef2e6cc.doserverless.co/api/v1/web/fn-dd7f8f6a-d32a-4f5e-ae7b-870dfb7963f3/downloads/bundle?id=000000000000774", filename = "C:\Users\cofc_\AppData\Local\Temp\tmp3762.tmp\rjsec1061.ZIP", message = "rjsec1061")~~RJStevensMusicPresentationCreator.Program~0000000500
2024-12-14 22:05:48.2628~DEBUG~-> ExtractAllFromFile(zipFileName = "C:\Users\cofc_\AppData\Local\Temp\tmp3762.tmp\rjsec1061.ZIP", decompressedFolder = "C:\Users\cofc_\AppData\Local\Temp\tmp3BE7.tmp", message = "rjsec1061")~~RJStevensMusicPresentationCreator.Program~0000000501
2024-12-14 22:05:48.4096~DEBUG~extract completed~~RJStevensMusicPresentationCreator.Program~0000000502
2024-12-14 22:05:48.4096~DEBUG~<- ExtractAllFromFile(zipFileName = "C:\Users\cofc_\AppData\Local\Temp\tmp3762.tmp\rjsec1061.ZIP", decompressedFolder = "C:\Users\cofc_\AppData\Local\Temp\tmp3BE7.tmp", message = "rjsec1061")~~RJStevensMusicPresentationCreator.Program~0000000503
2024-12-14 22:05:48.4636~DEBUG~-> DownloadFile(url = "https://faas-nyc1-2ef2e6cc.doserverless.co/api/v1/web/fn-dd7f8f6a-d32a-4f5e-ae7b-870dfb7963f3/downloads/bundle?id=000000000000777", filename = "C:\Users\cofc_\AppData\Local\Temp\tmp3CB3.tmp\rjsec1064.ZIP", message = "rjsec1064")~~RJStevensMusicPresentationCreator.Program~0000000504
2024-12-14 22:05:48.6826~DEBUG~download completed~~RJStevensMusicPresentationCreator.Program~0000000505
2024-12-14 22:05:48.6826~DEBUG~<- DownloadFile(url = "https://faas-nyc1-2ef2e6cc.doserverless.co/api/v1/web/fn-dd7f8f6a-d32a-4f5e-ae7b-870dfb7963f3/downloads/bundle?id=000000000000777", filename = "C:\Users\cofc_\AppData\Local\Temp\tmp3CB3.tmp\rjsec1064.ZIP", message = "rjsec1064")~~RJStevensMusicPresentationCreator.Program~0000000506
2024-12-14 22:05:48.6966~DEBUG~-> ExtractAllFromFile(zipFileName = "C:\Users\cofc_\AppData\Local\Temp\tmp3CB3.tmp\rjsec1064.ZIP", decompressedFolder = "C:\Users\cofc_\AppData\Local\Temp\tmp3D9E.tmp", message = "rjsec1064")~~RJStevensMusicPresentationCreator.Program~0000000507
2024-12-14 22:05:48.9896~DEBUG~extract completed~~RJStevensMusicPresentationCreator.Program~0000000508
2024-12-14 22:05:48.9896~DEBUG~<- ExtractAllFromFile(zipFileName = "C:\Users\cofc_\AppData\Local\Temp\tmp3CB3.tmp\rjsec1064.ZIP", decompressedFolder = "C:\Users\cofc_\AppData\Local\Temp\tmp3D9E.tmp", message = "rjsec1064")~~RJStevensMusicPresentationCreator.Program~0000000509
2024-12-14 22:05:49.0666~DEBUG~-> DownloadFile(url = "https://faas-nyc1-2ef2e6cc.doserverless.co/api/v1/web/fn-dd7f8f6a-d32a-4f5e-ae7b-870dfb7963f3/downloads/bundle?id=000000000000779", filename = "C:\Users\cofc_\AppData\Local\Temp\tmp3F16.tmp\rjsec1066.ZIP", message = "rjsec1066")~~RJStevensMusicPresentationCreator.Program~0000000510
2024-12-14 22:05:49.4427~DEBUG~download completed~~RJStevensMusicPresentationCreator.Program~0000000511
2024-12-14 22:05:49.4427~DEBUG~<- DownloadFile(url = "https://faas-nyc1-2ef2e6cc.doserverless.co/api/v1/web/fn-dd7f8f6a-d32a-4f5e-ae7b-870dfb7963f3/downloads/bundle?id=000000000000779", filename = "C:\Users\cofc_\AppData\Local\Temp\tmp3F16.tmp\rjsec1066.ZIP", message = "rjsec1066")~~RJStevensMusicPresentationCreator.Program~0000000512
2024-12-14 22:05:49.4547~DEBUG~-> ExtractAllFromFile(zipFileName = "C:\Users\cofc_\AppData\Local\Temp\tmp3F16.tmp\rjsec1066.ZIP", decompressedFolder = "C:\Users\cofc_\AppData\Local\Temp\tmp409E.tmp", message = "rjsec1066")~~RJStevensMusicPresentationCreator.Program~0000000513
2024-12-14 22:05:49.7042~DEBUG~extract completed~~RJStevensMusicPresentationCreator.Program~0000000514
2024-12-14 22:05:49.7042~DEBUG~<- ExtractAllFromFile(zipFileName = "C:\Users\cofc_\AppData\Local\Temp\tmp3F16.tmp\rjsec1066.ZIP", decompressedFolder = "C:\Users\cofc_\AppData\Local\Temp\tmp409E.tmp", message = "rjsec1066")~~RJStevensMusicPresentationCreator.Program~0000000515
2024-12-14 22:05:49.7772~DEBUG~-> DownloadFile(url = "https://faas-nyc1-2ef2e6cc.doserverless.co/api/v1/web/fn-dd7f8f6a-d32a-4f5e-ae7b-870dfb7963f3/downloads/bundle?id=000000000000114", filename = "C:\Users\cofc_\AppData\Local\Temp\tmp41D7.tmp\rjsec107.ZIP", message = "rjsec107")~~RJStevensMusicPresentationCreator.Program~0000000516
2024-12-14 22:05:50.1032~DEBUG~download completed~~RJStevensMusicPresentationCreator.Program~0000000517
2024-12-14 22:05:50.1032~DEBUG~<- DownloadFile(url = "https://faas-nyc1-2ef2e6cc.doserverless.co/api/v1/web/fn-dd7f8f6a-d32a-4f5e-ae7b-870dfb7963f3/downloads/bundle?id=000000000000114", filename = "C:\Users\cofc_\AppData\Local\Temp\tmp41D7.tmp\rjsec107.ZIP", message = "rjsec107")~~RJStevensMusicPresentationCreator.Program~0000000518
2024-12-14 22:05:50.1232~DEBUG~-> ExtractAllFromFile(zipFileName = "C:\Users\cofc_\AppData\Local\Temp\tmp41D7.tmp\rjsec107.ZIP", decompressedFolder = "C:\Users\cofc_\AppData\Local\Temp\tmp4330.tmp", message = "rjsec107")~~RJStevensMusicPresentationCreator.Program~0000000519
2024-12-14 22:05:50.4262~DEBUG~extract completed~~RJStevensMusicPresentationCreator.Program~0000000520
2024-12-14 22:05:50.4262~DEBUG~<- ExtractAllFromFile(zipFileName = "C:\Users\cofc_\AppData\Local\Temp\tmp41D7.tmp\rjsec107.ZIP", decompressedFolder = "C:\Users\cofc_\AppData\Local\Temp\tmp4330.tmp", message = "rjsec107")~~RJStevensMusicPresentationCreator.Program~0000000521
2024-12-14 22:05:50.5092~DEBUG~-> DownloadFile(url = "https://faas-nyc1-2ef2e6cc.doserverless.co/api/v1/web/fn-dd7f8f6a-d32a-4f5e-ae7b-870dfb7963f3/downloads/bundle?id=000000000000115", filename = "C:\Users\cofc_\AppData\Local\Temp\tmp44B8.tmp\rjsec108.ZIP", message = "rjsec108")~~RJStevensMusicPresentationCreator.Program~0000000522
2024-12-14 22:05:50.7222~DEBUG~download completed~~RJStevensMusicPresentationCreator.Program~0000000523
2024-12-14 22:05:50.7222~DEBUG~<- DownloadFile(url = "https://faas-nyc1-2ef2e6cc.doserverless.co/api/v1/web/fn-dd7f8f6a-d32a-4f5e-ae7b-870dfb7963f3/downloads/bundle?id=000000000000115", filename = "C:\Users\cofc_\AppData\Local\Temp\tmp44B8.tmp\rjsec108.ZIP", message = "rjsec108")~~RJStevensMusicPresentationCreator.Program~0000000524
2024-12-14 22:05:50.7362~DEBUG~-> ExtractAllFromFile(zipFileName = "C:\Users\cofc_\AppData\Local\Temp\tmp44B8.tmp\rjsec108.ZIP", decompressedFolder = "C:\Users\cofc_\AppData\Local\Temp\tmp45A3.tmp", message = "rjsec108")~~RJStevensMusicPresentationCreator.Program~0000000525
2024-12-14 22:05:50.9452~DEBUG~extract completed~~RJStevensMusicPresentationCreator.Program~0000000526
2024-12-14 22:05:50.9452~DEBUG~<- ExtractAllFromFile(zipFileName = "C:\Users\cofc_\AppData\Local\Temp\tmp44B8.tmp\rjsec108.ZIP", decompressedFolder = "C:\Users\cofc_\AppData\Local\Temp\tmp45A3.tmp", message = "rjsec108")~~RJStevensMusicPresentationCreator.Program~0000000527
2024-12-14 22:05:51.0092~DEBUG~-> DownloadFile(url = "https://faas-nyc1-2ef2e6cc.doserverless.co/api/v1/web/fn-dd7f8f6a-d32a-4f5e-ae7b-870dfb7963f3/downloads/bundle?id=000000000000116", filename = "C:\Users\cofc_\AppData\Local\Temp\tmp46AE.tmp\rjsec109.ZIP", message = "rjsec109")~~RJStevensMusicPresentationCreator.Program~0000000528
2024-12-14 22:05:51.2212~DEBUG~download completed~~RJStevensMusicPresentationCreator.Program~0000000529
2024-12-14 22:05:51.2212~DEBUG~<- DownloadFile(url = "https://faas-nyc1-2ef2e6cc.doserverless.co/api/v1/web/fn-dd7f8f6a-d32a-4f5e-ae7b-870dfb7963f3/downloads/bundle?id=000000000000116", filename = "C:\Users\cofc_\AppData\Local\Temp\tmp46AE.tmp\rjsec109.ZIP", message = "rjsec109")~~RJStevensMusicPresentationCreator.Program~0000000530
2024-12-14 22:05:51.2402~DEBUG~-> ExtractAllFromFile(zipFileName = "C:\Users\cofc_\AppData\Local\Temp\tmp46AE.tmp\rjsec109.ZIP", decompressedFolder = "C:\Users\cofc_\AppData\Local\Temp\tmp4799.tmp", message = "rjsec109")~~RJStevensMusicPresentationCreator.Program~0000000531
2024-12-14 22:05:51.5023~DEBUG~extract completed~~RJStevensMusicPresentationCreator.Program~0000000532
2024-12-14 22:05:51.5023~DEBUG~<- ExtractAllFromFile(zipFileName = "C:\Users\cofc_\AppData\Local\Temp\tmp46AE.tmp\rjsec109.ZIP", decompressedFolder = "C:\Users\cofc_\AppData\Local\Temp\tmp4799.tmp", message = "rjsec109")~~RJStevensMusicPresentationCreator.Program~0000000533
2024-12-14 22:05:51.5673~DEBUG~-> DownloadFile(url = "https://faas-nyc1-2ef2e6cc.doserverless.co/api/v1/web/fn-dd7f8f6a-d32a-4f5e-ae7b-870dfb7963f3/downloads/bundle?id=000000000000117", filename = "C:\Users\cofc_\AppData\Local\Temp\tmp48E2.tmp\rjsec110.ZIP", message = "rjsec110")~~RJStevensMusicPresentationCreator.Program~0000000534
2024-12-14 22:05:51.7803~DEBUG~download completed~~RJStevensMusicPresentationCreator.Program~0000000535
2024-12-14 22:05:51.7803~DEBUG~<- DownloadFile(url = "https://faas-nyc1-2ef2e6cc.doserverless.co/api/v1/web/fn-dd7f8f6a-d32a-4f5e-ae7b-870dfb7963f3/downloads/bundle?id=000000000000117", filename = "C:\Users\cofc_\AppData\Local\Temp\tmp48E2.tmp\rjsec110.ZIP", message = "rjsec110")~~RJStevensMusicPresentationCreator.Program~0000000536
2024-12-14 22:05:51.7933~DEBUG~-> ExtractAllFromFile(zipFileName = "C:\Users\cofc_\AppData\Local\Temp\tmp48E2.tmp\rjsec110.ZIP", decompressedFolder = "C:\Users\cofc_\AppData\Local\Temp\tmp49BE.tmp", message = "rjsec110")~~RJStevensMusicPresentationCreator.Program~0000000537
2024-12-14 22:05:52.0749~DEBUG~extract completed~~RJStevensMusicPresentationCreator.Program~0000000538
2024-12-14 22:05:52.0749~DEBUG~<- ExtractAllFromFile(zipFileName = "C:\Users\cofc_\AppData\Local\Temp\tmp48E2.tmp\rjsec110.ZIP", decompressedFolder = "C:\Users\cofc_\AppData\Local\Temp\tmp49BE.tmp", message = "rjsec110")~~RJStevensMusicPresentationCreator.Program~0000000539
2024-12-14 22:05:52.1529~DEBUG~-> DownloadFile(url = "https://faas-nyc1-2ef2e6cc.doserverless.co/api/v1/web/fn-dd7f8f6a-d32a-4f5e-ae7b-870dfb7963f3/downloads/bundle?id=000000000000822", filename = "C:\Users\cofc_\AppData\Local\Temp\tmp4B26.tmp\rjsec1109.ZIP", message = "rjsec1109")~~RJStevensMusicPresentationCreator.Program~0000000540
2024-12-14 22:05:52.3899~DEBUG~download completed~~RJStevensMusicPresentationCreator.Program~0000000541
2024-12-14 22:05:52.3899~DEBUG~<- DownloadFile(url = "https://faas-nyc1-2ef2e6cc.doserverless.co/api/v1/web/fn-dd7f8f6a-d32a-4f5e-ae7b-870dfb7963f3/downloads/bundle?id=000000000000822", filename = "C:\Users\cofc_\AppData\Local\Temp\tmp4B26.tmp\rjsec1109.ZIP", message = "rjsec1109")~~RJStevensMusicPresentationCreator.Program~0000000542
2024-12-14 22:05:52.4039~DEBUG~-> ExtractAllFromFile(zipFileName = "C:\Users\cofc_\AppData\Local\Temp\tmp4B26.tmp\rjsec1109.ZIP", decompressedFolder = "C:\Users\cofc_\AppData\Local\Temp\tmp4C21.tmp", message = "rjsec1109")~~RJStevensMusicPresentationCreator.Program~0000000543
2024-12-14 22:05:52.7317~DEBUG~extract completed~~RJStevensMusicPresentationCreator.Program~0000000544
2024-12-14 22:05:52.7347~DEBUG~<- ExtractAllFromFile(zipFileName = "C:\Users\cofc_\AppData\Local\Temp\tmp4B26.tmp\rjsec1109.ZIP", decompressedFolder = "C:\Users\cofc_\AppData\Local\Temp\tmp4C21.tmp", message = "rjsec1109")~~RJStevensMusicPresentationCreator.Program~0000000545
2024-12-14 22:05:52.8918~DEBUG~-> DownloadFile(url = "https://faas-nyc1-2ef2e6cc.doserverless.co/api/v1/web/fn-dd7f8f6a-d32a-4f5e-ae7b-870dfb7963f3/downloads/bundle?id=000000000000119", filename = "C:\Users\cofc_\AppData\Local\Temp\tmp4E07.tmp\rjsec112.ZIP", message = "rjsec112")~~RJStevensMusicPresentationCreator.Program~0000000546
2024-12-14 22:05:53.1978~DEBUG~download completed~~RJStevensMusicPresentationCreator.Program~0000000547
2024-12-14 22:05:53.1978~DEBUG~<- DownloadFile(url = "https://faas-nyc1-2ef2e6cc.doserverless.co/api/v1/web/fn-dd7f8f6a-d32a-4f5e-ae7b-870dfb7963f3/downloads/bundle?id=000000000000119", filename = "C:\Users\cofc_\AppData\Local\Temp\tmp4E07.tmp\rjsec112.ZIP", message = "rjsec112")~~RJStevensMusicPresentationCreator.Program~0000000548
2024-12-14 22:05:53.2218~DEBUG~-> ExtractAllFromFile(zipFileName = "C:\Users\cofc_\AppData\Local\Temp\tmp4E07.tmp\rjsec112.ZIP", decompressedFolder = "C:\Users\cofc_\AppData\Local\Temp\tmp4F60.tmp", message = "rjsec112")~~RJStevensMusicPresentationCreator.Program~0000000549
2024-12-14 22:05:53.5829~DEBUG~extract completed~~RJStevensMusicPresentationCreator.Program~0000000550
2024-12-14 22:05:53.5829~DEBUG~<- ExtractAllFromFile(zipFileName = "C:\Users\cofc_\AppData\Local\Temp\tmp4E07.tmp\rjsec112.ZIP", decompressedFolder = "C:\Users\cofc_\AppData\Local\Temp\tmp4F60.tmp", message = "rjsec112")~~RJStevensMusicPresentationCreator.Program~0000000551
2024-12-14 22:05:53.6549~DEBUG~-> DownloadFile(url = "https://faas-nyc1-2ef2e6cc.doserverless.co/api/v1/web/fn-dd7f8f6a-d32a-4f5e-ae7b-870dfb7963f3/downloads/bundle?id=000000000000121", filename = "C:\Users\cofc_\AppData\Local\Temp\tmp5106.tmp\rjsec114.ZIP", message = "rjsec114")~~RJStevensMusicPresentationCreator.Program~0000000552
2024-12-14 22:05:53.8719~DEBUG~download completed~~RJStevensMusicPresentationCreator.Program~0000000553
2024-12-14 22:05:53.8719~DEBUG~<- DownloadFile(url = "https://faas-nyc1-2ef2e6cc.doserverless.co/api/v1/web/fn-dd7f8f6a-d32a-4f5e-ae7b-870dfb7963f3/downloads/bundle?id=000000000000121", filename = "C:\Users\cofc_\AppData\Local\Temp\tmp5106.tmp\rjsec114.ZIP", message = "rjsec114")~~RJStevensMusicPresentationCreator.Program~0000000554
2024-12-14 22:05:53.8879~DEBUG~-> ExtractAllFromFile(zipFileName = "C:\Users\cofc_\AppData\Local\Temp\tmp5106.tmp\rjsec114.ZIP", decompressedFolder = "C:\Users\cofc_\AppData\Local\Temp\tmp51F2.tmp", message = "rjsec114")~~RJStevensMusicPresentationCreator.Program~0000000555
2024-12-14 22:05:54.1329~DEBUG~extract completed~~RJStevensMusicPresentationCreator.Program~0000000556
2024-12-14 22:05:54.1329~DEBUG~<- ExtractAllFromFile(zipFileName = "C:\Users\cofc_\AppData\Local\Temp\tmp5106.tmp\rjsec114.ZIP", decompressedFolder = "C:\Users\cofc_\AppData\Local\Temp\tmp51F2.tmp", message = "rjsec114")~~RJStevensMusicPresentationCreator.Program~0000000557
2024-12-14 22:05:54.2029~DEBUG~-> DownloadFile(url = "https://faas-nyc1-2ef2e6cc.doserverless.co/api/v1/web/fn-dd7f8f6a-d32a-4f5e-ae7b-870dfb7963f3/downloads/bundle?id=000000000000122", filename = "C:\Users\cofc_\AppData\Local\Temp\tmp532B.tmp\rjsec115.ZIP", message = "rjsec115")~~RJStevensMusicPresentationCreator.Program~0000000558
2024-12-14 22:05:54.4839~DEBUG~download completed~~RJStevensMusicPresentationCreator.Program~0000000559
2024-12-14 22:05:54.4839~DEBUG~<- DownloadFile(url = "https://faas-nyc1-2ef2e6cc.doserverless.co/api/v1/web/fn-dd7f8f6a-d32a-4f5e-ae7b-870dfb7963f3/downloads/bundle?id=000000000000122", filename = "C:\Users\cofc_\AppData\Local\Temp\tmp532B.tmp\rjsec115.ZIP", message = "rjsec115")~~RJStevensMusicPresentationCreator.Program~0000000560
2024-12-14 22:05:54.5079~DEBUG~-> ExtractAllFromFile(zipFileName = "C:\Users\cofc_\AppData\Local\Temp\tmp532B.tmp\rjsec115.ZIP", decompressedFolder = "C:\Users\cofc_\AppData\Local\Temp\tmp5465.tmp", message = "rjsec115")~~RJStevensMusicPresentationCreator.Program~0000000561
2024-12-14 22:05:54.8810~DEBUG~extract completed~~RJStevensMusicPresentationCreator.Program~0000000562
2024-12-14 22:05:54.8810~DEBUG~<- ExtractAllFromFile(zipFileName = "C:\Users\cofc_\AppData\Local\Temp\tmp532B.tmp\rjsec115.ZIP", decompressedFolder = "C:\Users\cofc_\AppData\Local\Temp\tmp5465.tmp", message = "rjsec115")~~RJStevensMusicPresentationCreator.Program~0000000563
2024-12-14 22:05:54.9650~DEBUG~-> DownloadFile(url = "https://faas-nyc1-2ef2e6cc.doserverless.co/api/v1/web/fn-dd7f8f6a-d32a-4f5e-ae7b-870dfb7963f3/downloads/bundle?id=000000000000123", filename = "C:\Users\cofc_\AppData\Local\Temp\tmp562B.tmp\rjsec116.ZIP", message = "rjsec116")~~RJStevensMusicPresentationCreator.Program~0000000564
2024-12-14 22:05:55.1940~DEBUG~download completed~~RJStevensMusicPresentationCreator.Program~0000000565
2024-12-14 22:05:55.1940~DEBUG~<- DownloadFile(url = "https://faas-nyc1-2ef2e6cc.doserverless.co/api/v1/web/fn-dd7f8f6a-d32a-4f5e-ae7b-870dfb7963f3/downloads/bundle?id=000000000000123", filename = "C:\Users\cofc_\AppData\Local\Temp\tmp562B.tmp\rjsec116.ZIP", message = "rjsec116")~~RJStevensMusicPresentationCreator.Program~0000000566
2024-12-14 22:05:55.2090~DEBUG~-> ExtractAllFromFile(zipFileName = "C:\Users\cofc_\AppData\Local\Temp\tmp562B.tmp\rjsec116.ZIP", decompressedFolder = "C:\Users\cofc_\AppData\Local\Temp\tmp5726.tmp", message = "rjsec116")~~RJStevensMusicPresentationCreator.Program~0000000567
2024-12-14 22:05:55.4570~DEBUG~extract completed~~RJStevensMusicPresentationCreator.Program~0000000568
2024-12-14 22:05:55.4570~DEBUG~<- ExtractAllFromFile(zipFileName = "C:\Users\cofc_\AppData\Local\Temp\tmp562B.tmp\rjsec116.ZIP", decompressedFolder = "C:\Users\cofc_\AppData\Local\Temp\tmp5726.tmp", message = "rjsec116")~~RJStevensMusicPresentationCreator.Program~0000000569
2024-12-14 22:05:55.5240~DEBUG~-> DownloadFile(url = "https://faas-nyc1-2ef2e6cc.doserverless.co/api/v1/web/fn-dd7f8f6a-d32a-4f5e-ae7b-870dfb7963f3/downloads/bundle?id=000000000000124", filename = "C:\Users\cofc_\AppData\Local\Temp\tmp585F.tmp\rjsec117.ZIP", message = "rjsec117")~~RJStevensMusicPresentationCreator.Program~0000000570
2024-12-14 22:05:55.7500~DEBUG~download completed~~RJStevensMusicPresentationCreator.Program~0000000571
2024-12-14 22:05:55.7510~DEBUG~<- DownloadFile(url = "https://faas-nyc1-2ef2e6cc.doserverless.co/api/v1/web/fn-dd7f8f6a-d32a-4f5e-ae7b-870dfb7963f3/downloads/bundle?id=000000000000124", filename = "C:\Users\cofc_\AppData\Local\Temp\tmp585F.tmp\rjsec117.ZIP", message = "rjsec117")~~RJStevensMusicPresentationCreator.Program~0000000572
2024-12-14 22:05:55.7510~DEBUG~-> ExtractAllFromFile(zipFileName = "C:\Users\cofc_\AppData\Local\Temp\tmp585F.tmp\rjsec117.ZIP", decompressedFolder = "C:\Users\cofc_\AppData\Local\Temp\tmp594B.tmp", message = "rjsec117")~~RJStevensMusicPresentationCreator.Program~0000000573
2024-12-14 22:05:55.9920~DEBUG~extract completed~~RJStevensMusicPresentationCreator.Program~0000000574
2024-12-14 22:05:55.9920~DEBUG~<- ExtractAllFromFile(zipFileName = "C:\Users\cofc_\AppData\Local\Temp\tmp585F.tmp\rjsec117.ZIP", decompressedFolder = "C:\Users\cofc_\AppData\Local\Temp\tmp594B.tmp", message = "rjsec117")~~RJStevensMusicPresentationCreator.Program~0000000575
2024-12-14 22:05:56.0600~DEBUG~-> DownloadFile(url = "https://faas-nyc1-2ef2e6cc.doserverless.co/api/v1/web/fn-dd7f8f6a-d32a-4f5e-ae7b-870dfb7963f3/downloads/bundle?id=000000000000125", filename = "C:\Users\cofc_\AppData\Local\Temp\tmp5A75.tmp\rjsec118.ZIP", message = "rjsec118")~~RJStevensMusicPresentationCreator.Program~0000000576
2024-12-14 22:05:56.2851~DEBUG~download completed~~RJStevensMusicPresentationCreator.Program~0000000577
2024-12-14 22:05:56.2851~DEBUG~<- DownloadFile(url = "https://faas-nyc1-2ef2e6cc.doserverless.co/api/v1/web/fn-dd7f8f6a-d32a-4f5e-ae7b-870dfb7963f3/downloads/bundle?id=000000000000125", filename = "C:\Users\cofc_\AppData\Local\Temp\tmp5A75.tmp\rjsec118.ZIP", message = "rjsec118")~~RJStevensMusicPresentationCreator.Program~0000000578
2024-12-14 22:05:56.3041~DEBUG~-> ExtractAllFromFile(zipFileName = "C:\Users\cofc_\AppData\Local\Temp\tmp5A75.tmp\rjsec118.ZIP", decompressedFolder = "C:\Users\cofc_\AppData\Local\Temp\tmp5B70.tmp", message = "rjsec118")~~RJStevensMusicPresentationCreator.Program~0000000579
2024-12-14 22:05:56.5181~DEBUG~extract completed~~RJStevensMusicPresentationCreator.Program~0000000580
2024-12-14 22:05:56.5181~DEBUG~<- ExtractAllFromFile(zipFileName = "C:\Users\cofc_\AppData\Local\Temp\tmp5A75.tmp\rjsec118.ZIP", decompressedFolder = "C:\Users\cofc_\AppData\Local\Temp\tmp5B70.tmp", message = "rjsec118")~~RJStevensMusicPresentationCreator.Program~0000000581
2024-12-14 22:05:56.5841~DEBUG~-> DownloadFile(url = "https://faas-nyc1-2ef2e6cc.doserverless.co/api/v1/web/fn-dd7f8f6a-d32a-4f5e-ae7b-870dfb7963f3/downloads/bundle?id=000000000000126", filename = "C:\Users\cofc_\AppData\Local\Temp\tmp5C8A.tmp\rjsec119.ZIP", message = "rjsec119")~~RJStevensMusicPresentationCreator.Program~0000000582
2024-12-14 22:05:56.8201~DEBUG~download completed~~RJStevensMusicPresentationCreator.Program~0000000583
2024-12-14 22:05:56.8201~DEBUG~<- DownloadFile(url = "https://faas-nyc1-2ef2e6cc.doserverless.co/api/v1/web/fn-dd7f8f6a-d32a-4f5e-ae7b-870dfb7963f3/downloads/bundle?id=000000000000126", filename = "C:\Users\cofc_\AppData\Local\Temp\tmp5C8A.tmp\rjsec119.ZIP", message = "rjsec119")~~RJStevensMusicPresentationCreator.Program~0000000584
2024-12-14 22:05:56.8351~DEBUG~-> ExtractAllFromFile(zipFileName = "C:\Users\cofc_\AppData\Local\Temp\tmp5C8A.tmp\rjsec119.ZIP", decompressedFolder = "C:\Users\cofc_\AppData\Local\Temp\tmp5D85.tmp", message = "rjsec119")~~RJStevensMusicPresentationCreator.Program~0000000585
2024-12-14 22:05:57.0961~DEBUG~extract completed~~RJStevensMusicPresentationCreator.Program~0000000586
2024-12-14 22:05:57.0961~DEBUG~<- ExtractAllFromFile(zipFileName = "C:\Users\cofc_\AppData\Local\Temp\tmp5C8A.tmp\rjsec119.ZIP", decompressedFolder = "C:\Users\cofc_\AppData\Local\Temp\tmp5D85.tmp", message = "rjsec119")~~RJStevensMusicPresentationCreator.Program~0000000587
2024-12-14 22:05:57.1611~DEBUG~-> DownloadFile(url = "https://faas-nyc1-2ef2e6cc.doserverless.co/api/v1/web/fn-dd7f8f6a-d32a-4f5e-ae7b-870dfb7963f3/downloads/bundle?id=000000000000127", filename = "C:\Users\cofc_\AppData\Local\Temp\tmp5ECE.tmp\rjsec120.ZIP", message = "rjsec120")~~RJStevensMusicPresentationCreator.Program~0000000588
2024-12-14 22:05:57.3521~DEBUG~download completed~~RJStevensMusicPresentationCreator.Program~0000000589
2024-12-14 22:05:57.3521~DEBUG~<- DownloadFile(url = "https://faas-nyc1-2ef2e6cc.doserverless.co/api/v1/web/fn-dd7f8f6a-d32a-4f5e-ae7b-870dfb7963f3/downloads/bundle?id=000000000000127", filename = "C:\Users\cofc_\AppData\Local\Temp\tmp5ECE.tmp\rjsec120.ZIP", message = "rjsec120")~~RJStevensMusicPresentationCreator.Program~0000000590
2024-12-14 22:05:57.3621~DEBUG~-> ExtractAllFromFile(zipFileName = "C:\Users\cofc_\AppData\Local\Temp\tmp5ECE.tmp\rjsec120.ZIP", decompressedFolder = "C:\Users\cofc_\AppData\Local\Temp\tmp5F9A.tmp", message = "rjsec120")~~RJStevensMusicPresentationCreator.Program~0000000591
2024-12-14 22:05:57.5561~DEBUG~extract completed~~RJStevensMusicPresentationCreator.Program~0000000592
2024-12-14 22:05:57.5561~DEBUG~<- ExtractAllFromFile(zipFileName = "C:\Users\cofc_\AppData\Local\Temp\tmp5ECE.tmp\rjsec120.ZIP", decompressedFolder = "C:\Users\cofc_\AppData\Local\Temp\tmp5F9A.tmp", message = "rjsec120")~~RJStevensMusicPresentationCreator.Program~0000000593
2024-12-14 22:05:57.6062~DEBUG~-> DownloadFile(url = "https://faas-nyc1-2ef2e6cc.doserverless.co/api/v1/web/fn-dd7f8f6a-d32a-4f5e-ae7b-870dfb7963f3/downloads/bundle?id=000000000000128", filename = "C:\Users\cofc_\AppData\Local\Temp\tmp6086.tmp\rjsec121.ZIP", message = "rjsec121")~~RJStevensMusicPresentationCreator.Program~0000000594
2024-12-14 22:05:57.8582~DEBUG~download completed~~RJStevensMusicPresentationCreator.Program~0000000595
2024-12-14 22:05:57.8582~DEBUG~<- DownloadFile(url = "https://faas-nyc1-2ef2e6cc.doserverless.co/api/v1/web/fn-dd7f8f6a-d32a-4f5e-ae7b-870dfb7963f3/downloads/bundle?id=000000000000128", filename = "C:\Users\cofc_\AppData\Local\Temp\tmp6086.tmp\rjsec121.ZIP", message = "rjsec121")~~RJStevensMusicPresentationCreator.Program~0000000596
2024-12-14 22:05:57.8782~DEBUG~-> ExtractAllFromFile(zipFileName = "C:\Users\cofc_\AppData\Local\Temp\tmp6086.tmp\rjsec121.ZIP", decompressedFolder = "C:\Users\cofc_\AppData\Local\Temp\tmp61A0.tmp", message = "rjsec121")~~RJStevensMusicPresentationCreator.Program~0000000597
2024-12-14 22:05:58.1862~DEBUG~extract completed~~RJStevensMusicPresentationCreator.Program~0000000598
2024-12-14 22:05:58.1892~DEBUG~<- ExtractAllFromFile(zipFileName = "C:\Users\cofc_\AppData\Local\Temp\tmp6086.tmp\rjsec121.ZIP", decompressedFolder = "C:\Users\cofc_\AppData\Local\Temp\tmp61A0.tmp", message = "rjsec121")~~RJStevensMusicPresentationCreator.Program~0000000599
2024-12-14 22:05:58.2662~DEBUG~-> DownloadFile(url = "https://faas-nyc1-2ef2e6cc.doserverless.co/api/v1/web/fn-dd7f8f6a-d32a-4f5e-ae7b-870dfb7963f3/downloads/bundle?id=000000000000129", filename = "C:\Users\cofc_\AppData\Local\Temp\tmp6318.tmp\rjsec122.ZIP", message = "rjsec122")~~RJStevensMusicPresentationCreator.Program~0000000600
2024-12-14 22:05:58.5032~DEBUG~download completed~~RJStevensMusicPresentationCreator.Program~0000000601
2024-12-14 22:05:58.5032~DEBUG~<- DownloadFile(url = "https://faas-nyc1-2ef2e6cc.doserverless.co/api/v1/web/fn-dd7f8f6a-d32a-4f5e-ae7b-870dfb7963f3/downloads/bundle?id=000000000000129", filename = "C:\Users\cofc_\AppData\Local\Temp\tmp6318.tmp\rjsec122.ZIP", message = "rjsec122")~~RJStevensMusicPresentationCreator.Program~0000000602
2024-12-14 22:05:58.5172~DEBUG~-> ExtractAllFromFile(zipFileName = "C:\Users\cofc_\AppData\Local\Temp\tmp6318.tmp\rjsec122.ZIP", decompressedFolder = "C:\Users\cofc_\AppData\Local\Temp\tmp6422.tmp", message = "rjsec122")~~RJStevensMusicPresentationCreator.Program~0000000603
2024-12-14 22:05:58.7342~DEBUG~extract completed~~RJStevensMusicPresentationCreator.Program~0000000604
2024-12-14 22:05:58.7382~DEBUG~<- ExtractAllFromFile(zipFileName = "C:\Users\cofc_\AppData\Local\Temp\tmp6318.tmp\rjsec122.ZIP", decompressedFolder = "C:\Users\cofc_\AppData\Local\Temp\tmp6422.tmp", message = "rjsec122")~~RJStevensMusicPresentationCreator.Program~0000000605
2024-12-14 22:05:58.8002~DEBUG~-> DownloadFile(url = "https://faas-nyc1-2ef2e6cc.doserverless.co/api/v1/web/fn-dd7f8f6a-d32a-4f5e-ae7b-870dfb7963f3/downloads/bundle?id=000000000000130", filename = "C:\Users\cofc_\AppData\Local\Temp\tmp653D.tmp\rjsec123.ZIP", message = "rjsec123")~~RJStevensMusicPresentationCreator.Program~0000000606
2024-12-14 22:05:59.0733~DEBUG~download completed~~RJStevensMusicPresentationCreator.Program~0000000607
2024-12-14 22:05:59.0733~DEBUG~<- DownloadFile(url = "https://faas-nyc1-2ef2e6cc.doserverless.co/api/v1/web/fn-dd7f8f6a-d32a-4f5e-ae7b-870dfb7963f3/downloads/bundle?id=000000000000130", filename = "C:\Users\cofc_\AppData\Local\Temp\tmp653D.tmp\rjsec123.ZIP", message = "rjsec123")~~RJStevensMusicPresentationCreator.Program~0000000608
2024-12-14 22:05:59.0963~DEBUG~-> ExtractAllFromFile(zipFileName = "C:\Users\cofc_\AppData\Local\Temp\tmp653D.tmp\rjsec123.ZIP", decompressedFolder = "C:\Users\cofc_\AppData\Local\Temp\tmp6667.tmp", message = "rjsec123")~~RJStevensMusicPresentationCreator.Program~0000000609
2024-12-14 22:05:59.4723~DEBUG~extract completed~~RJStevensMusicPresentationCreator.Program~0000000610
2024-12-14 22:05:59.4723~DEBUG~<- ExtractAllFromFile(zipFileName = "C:\Users\cofc_\AppData\Local\Temp\tmp653D.tmp\rjsec123.ZIP", decompressedFolder = "C:\Users\cofc_\AppData\Local\Temp\tmp6667.tmp", message = "rjsec123")~~RJStevensMusicPresentationCreator.Program~0000000611
2024-12-14 22:05:59.5593~DEBUG~-> DownloadFile(url = "https://faas-nyc1-2ef2e6cc.doserverless.co/api/v1/web/fn-dd7f8f6a-d32a-4f5e-ae7b-870dfb7963f3/downloads/bundle?id=000000000000131", filename = "C:\Users\cofc_\AppData\Local\Temp\tmp682D.tmp\rjsec124.ZIP", message = "rjsec124")~~RJStevensMusicPresentationCreator.Program~0000000612
2024-12-14 22:05:59.7803~DEBUG~download completed~~RJStevensMusicPresentationCreator.Program~0000000613
2024-12-14 22:05:59.7803~DEBUG~<- DownloadFile(url = "https://faas-nyc1-2ef2e6cc.doserverless.co/api/v1/web/fn-dd7f8f6a-d32a-4f5e-ae7b-870dfb7963f3/downloads/bundle?id=000000000000131", filename = "C:\Users\cofc_\AppData\Local\Temp\tmp682D.tmp\rjsec124.ZIP", message = "rjsec124")~~RJStevensMusicPresentationCreator.Program~0000000614
2024-12-14 22:05:59.7903~DEBUG~-> ExtractAllFromFile(zipFileName = "C:\Users\cofc_\AppData\Local\Temp\tmp682D.tmp\rjsec124.ZIP", decompressedFolder = "C:\Users\cofc_\AppData\Local\Temp\tmp6918.tmp", message = "rjsec124")~~RJStevensMusicPresentationCreator.Program~0000000615
2024-12-14 22:05:59.9893~DEBUG~extract completed~~RJStevensMusicPresentationCreator.Program~0000000616
2024-12-14 22:05:59.9893~DEBUG~<- ExtractAllFromFile(zipFileName = "C:\Users\cofc_\AppData\Local\Temp\tmp682D.tmp\rjsec124.ZIP", decompressedFolder = "C:\Users\cofc_\AppData\Local\Temp\tmp6918.tmp", message = "rjsec124")~~RJStevensMusicPresentationCreator.Program~0000000617
2024-12-14 22:06:00.0573~DEBUG~-> DownloadFile(url = "https://faas-nyc1-2ef2e6cc.doserverless.co/api/v1/web/fn-dd7f8f6a-d32a-4f5e-ae7b-870dfb7963f3/downloads/bundle?id=000000000000132", filename = "C:\Users\cofc_\AppData\Local\Temp\tmp6A23.tmp\rjsec125.ZIP", message = "rjsec125")~~RJStevensMusicPresentationCreator.Program~0000000618
2024-12-14 22:06:00.2933~DEBUG~download completed~~RJStevensMusicPresentationCreator.Program~0000000619
2024-12-14 22:06:00.2933~DEBUG~<- DownloadFile(url = "https://faas-nyc1-2ef2e6cc.doserverless.co/api/v1/web/fn-dd7f8f6a-d32a-4f5e-ae7b-870dfb7963f3/downloads/bundle?id=000000000000132", filename = "C:\Users\cofc_\AppData\Local\Temp\tmp6A23.tmp\rjsec125.ZIP", message = "rjsec125")~~RJStevensMusicPresentationCreator.Program~0000000620
2024-12-14 22:06:00.3124~DEBUG~-> ExtractAllFromFile(zipFileName = "C:\Users\cofc_\AppData\Local\Temp\tmp6A23.tmp\rjsec125.ZIP", decompressedFolder = "C:\Users\cofc_\AppData\Local\Temp\tmp6B1E.tmp", message = "rjsec125")~~RJStevensMusicPresentationCreator.Program~0000000621
2024-12-14 22:06:00.5794~DEBUG~extract completed~~RJStevensMusicPresentationCreator.Program~0000000622
2024-12-14 22:06:00.5794~DEBUG~<- ExtractAllFromFile(zipFileName = "C:\Users\cofc_\AppData\Local\Temp\tmp6A23.tmp\rjsec125.ZIP", decompressedFolder = "C:\Users\cofc_\AppData\Local\Temp\tmp6B1E.tmp", message = "rjsec125")~~RJStevensMusicPresentationCreator.Program~0000000623
2024-12-14 22:06:00.6544~DEBUG~-> DownloadFile(url = "https://faas-nyc1-2ef2e6cc.doserverless.co/api/v1/web/fn-dd7f8f6a-d32a-4f5e-ae7b-870dfb7963f3/downloads/bundle?id=000000000000133", filename = "C:\Users\cofc_\AppData\Local\Temp\tmp6C76.tmp\rjsec126.ZIP", message = "rjsec126")~~RJStevensMusicPresentationCreator.Program~0000000624
2024-12-14 22:06:00.8774~DEBUG~download completed~~RJStevensMusicPresentationCreator.Program~0000000625
2024-12-14 22:06:00.8774~DEBUG~<- DownloadFile(url = "https://faas-nyc1-2ef2e6cc.doserverless.co/api/v1/web/fn-dd7f8f6a-d32a-4f5e-ae7b-870dfb7963f3/downloads/bundle?id=000000000000133", filename = "C:\Users\cofc_\AppData\Local\Temp\tmp6C76.tmp\rjsec126.ZIP", message = "rjsec126")~~RJStevensMusicPresentationCreator.Program~0000000626
2024-12-14 22:06:00.8944~DEBUG~-> ExtractAllFromFile(zipFileName = "C:\Users\cofc_\AppData\Local\Temp\tmp6C76.tmp\rjsec126.ZIP", decompressedFolder = "C:\Users\cofc_\AppData\Local\Temp\tmp6D71.tmp", message = "rjsec126")~~RJStevensMusicPresentationCreator.Program~0000000627
2024-12-14 22:06:01.1387~DEBUG~extract completed~~RJStevensMusicPresentationCreator.Program~0000000628
2024-12-14 22:06:01.1387~DEBUG~<- ExtractAllFromFile(zipFileName = "C:\Users\cofc_\AppData\Local\Temp\tmp6C76.tmp\rjsec126.ZIP", decompressedFolder = "C:\Users\cofc_\AppData\Local\Temp\tmp6D71.tmp", message = "rjsec126")~~RJStevensMusicPresentationCreator.Program~0000000629
2024-12-14 22:06:01.2047~DEBUG~-> DownloadFile(url = "https://faas-nyc1-2ef2e6cc.doserverless.co/api/v1/web/fn-dd7f8f6a-d32a-4f5e-ae7b-870dfb7963f3/downloads/bundle?id=000000000000134", filename = "C:\Users\cofc_\AppData\Local\Temp\tmp6E9B.tmp\rjsec127.ZIP", message = "rjsec127")~~RJStevensMusicPresentationCreator.Program~0000000630
2024-12-14 22:06:01.4467~DEBUG~download completed~~RJStevensMusicPresentationCreator.Program~0000000631
2024-12-14 22:06:01.4467~DEBUG~<- DownloadFile(url = "https://faas-nyc1-2ef2e6cc.doserverless.co/api/v1/web/fn-dd7f8f6a-d32a-4f5e-ae7b-870dfb7963f3/downloads/bundle?id=000000000000134", filename = "C:\Users\cofc_\AppData\Local\Temp\tmp6E9B.tmp\rjsec127.ZIP", message = "rjsec127")~~RJStevensMusicPresentationCreator.Program~0000000632
2024-12-14 22:06:01.4597~DEBUG~-> ExtractAllFromFile(zipFileName = "C:\Users\cofc_\AppData\Local\Temp\tmp6E9B.tmp\rjsec127.ZIP", decompressedFolder = "C:\Users\cofc_\AppData\Local\Temp\tmp6FA6.tmp", message = "rjsec127")~~RJStevensMusicPresentationCreator.Program~0000000633
2024-12-14 22:06:01.7457~DEBUG~extract completed~~RJStevensMusicPresentationCreator.Program~0000000634
2024-12-14 22:06:01.7457~DEBUG~<- ExtractAllFromFile(zipFileName = "C:\Users\cofc_\AppData\Local\Temp\tmp6E9B.tmp\rjsec127.ZIP", decompressedFolder = "C:\Users\cofc_\AppData\Local\Temp\tmp6FA6.tmp", message = "rjsec127")~~RJStevensMusicPresentationCreator.Program~0000000635
2024-12-14 22:06:01.8187~DEBUG~-> DownloadFile(url = "https://faas-nyc1-2ef2e6cc.doserverless.co/api/v1/web/fn-dd7f8f6a-d32a-4f5e-ae7b-870dfb7963f3/downloads/bundle?id=000000000000135", filename = "C:\Users\cofc_\AppData\Local\Temp\tmp710E.tmp\rjsec128.ZIP", message = "rjsec128")~~RJStevensMusicPresentationCreator.Program~0000000636
2024-12-14 22:06:02.0147~DEBUG~download completed~~RJStevensMusicPresentationCreator.Program~0000000637
2024-12-14 22:06:02.0147~DEBUG~<- DownloadFile(url = "https://faas-nyc1-2ef2e6cc.doserverless.co/api/v1/web/fn-dd7f8f6a-d32a-4f5e-ae7b-870dfb7963f3/downloads/bundle?id=000000000000135", filename = "C:\Users\cofc_\AppData\Local\Temp\tmp710E.tmp\rjsec128.ZIP", message = "rjsec128")~~RJStevensMusicPresentationCreator.Program~0000000638
2024-12-14 22:06:02.0267~DEBUG~-> ExtractAllFromFile(zipFileName = "C:\Users\cofc_\AppData\Local\Temp\tmp710E.tmp\rjsec128.ZIP", decompressedFolder = "C:\Users\cofc_\AppData\Local\Temp\tmp71DA.tmp", message = "rjsec128")~~RJStevensMusicPresentationCreator.Program~0000000639
2024-12-14 22:06:02.2077~DEBUG~extract completed~~RJStevensMusicPresentationCreator.Program~0000000640
2024-12-14 22:06:02.2077~DEBUG~<- ExtractAllFromFile(zipFileName = "C:\Users\cofc_\AppData\Local\Temp\tmp710E.tmp\rjsec128.ZIP", decompressedFolder = "C:\Users\cofc_\AppData\Local\Temp\tmp71DA.tmp", message = "rjsec128")~~RJStevensMusicPresentationCreator.Program~0000000641
2024-12-14 22:06:02.2598~DEBUG~-> DownloadFile(url = "https://faas-nyc1-2ef2e6cc.doserverless.co/api/v1/web/fn-dd7f8f6a-d32a-4f5e-ae7b-870dfb7963f3/downloads/bundle?id=000000000000136", filename = "C:\Users\cofc_\AppData\Local\Temp\tmp72C6.tmp\rjsec129.ZIP", message = "rjsec129")~~RJStevensMusicPresentationCreator.Program~0000000642
2024-12-14 22:06:02.5328~DEBUG~download completed~~RJStevensMusicPresentationCreator.Program~0000000643
2024-12-14 22:06:02.5328~DEBUG~<- DownloadFile(url = "https://faas-nyc1-2ef2e6cc.doserverless.co/api/v1/web/fn-dd7f8f6a-d32a-4f5e-ae7b-870dfb7963f3/downloads/bundle?id=000000000000136", filename = "C:\Users\cofc_\AppData\Local\Temp\tmp72C6.tmp\rjsec129.ZIP", message = "rjsec129")~~RJStevensMusicPresentationCreator.Program~0000000644
2024-12-14 22:06:02.5498~DEBUG~-> ExtractAllFromFile(zipFileName = "C:\Users\cofc_\AppData\Local\Temp\tmp72C6.tmp\rjsec129.ZIP", decompressedFolder = "C:\Users\cofc_\AppData\Local\Temp\tmp73F0.tmp", message = "rjsec129")~~RJStevensMusicPresentationCreator.Program~0000000645
2024-12-14 22:06:02.8708~DEBUG~extract completed~~RJStevensMusicPresentationCreator.Program~0000000646
2024-12-14 22:06:02.8708~DEBUG~<- ExtractAllFromFile(zipFileName = "C:\Users\cofc_\AppData\Local\Temp\tmp72C6.tmp\rjsec129.ZIP", decompressedFolder = "C:\Users\cofc_\AppData\Local\Temp\tmp73F0.tmp", message = "rjsec129")~~RJStevensMusicPresentationCreator.Program~0000000647
2024-12-14 22:06:02.9448~DEBUG~-> DownloadFile(url = "https://faas-nyc1-2ef2e6cc.doserverless.co/api/v1/web/fn-dd7f8f6a-d32a-4f5e-ae7b-870dfb7963f3/downloads/bundle?id=000000000000137", filename = "C:\Users\cofc_\AppData\Local\Temp\tmp7577.tmp\rjsec130.ZIP", message = "rjsec130")~~RJStevensMusicPresentationCreator.Program~0000000648
2024-12-14 22:06:03.1798~DEBUG~download completed~~RJStevensMusicPresentationCreator.Program~0000000649
2024-12-14 22:06:03.1798~DEBUG~<- DownloadFile(url = "https://faas-nyc1-2ef2e6cc.doserverless.co/api/v1/web/fn-dd7f8f6a-d32a-4f5e-ae7b-870dfb7963f3/downloads/bundle?id=000000000000137", filename = "C:\Users\cofc_\AppData\Local\Temp\tmp7577.tmp\rjsec130.ZIP", message = "rjsec130")~~RJStevensMusicPresentationCreator.Program~0000000650
2024-12-14 22:06:03.1938~DEBUG~-> ExtractAllFromFile(zipFileName = "C:\Users\cofc_\AppData\Local\Temp\tmp7577.tmp\rjsec130.ZIP", decompressedFolder = "C:\Users\cofc_\AppData\Local\Temp\tmp7672.tmp", message = "rjsec130")~~RJStevensMusicPresentationCreator.Program~0000000651
2024-12-14 22:06:03.4028~DEBUG~extract completed~~RJStevensMusicPresentationCreator.Program~0000000652
2024-12-14 22:06:03.4028~DEBUG~<- ExtractAllFromFile(zipFileName = "C:\Users\cofc_\AppData\Local\Temp\tmp7577.tmp\rjsec130.ZIP", decompressedFolder = "C:\Users\cofc_\AppData\Local\Temp\tmp7672.tmp", message = "rjsec130")~~RJStevensMusicPresentationCreator.Program~0000000653
2024-12-14 22:06:03.4668~DEBUG~-> DownloadFile(url = "https://faas-nyc1-2ef2e6cc.doserverless.co/api/v1/web/fn-dd7f8f6a-d32a-4f5e-ae7b-870dfb7963f3/downloads/bundle?id=000000000000138", filename = "C:\Users\cofc_\AppData\Local\Temp\tmp777D.tmp\rjsec131.ZIP", message = "rjsec131")~~RJStevensMusicPresentationCreator.Program~0000000654
2024-12-14 22:06:03.6849~DEBUG~download completed~~RJStevensMusicPresentationCreator.Program~0000000655
2024-12-14 22:06:03.6849~DEBUG~<- DownloadFile(url = "https://faas-nyc1-2ef2e6cc.doserverless.co/api/v1/web/fn-dd7f8f6a-d32a-4f5e-ae7b-870dfb7963f3/downloads/bundle?id=000000000000138", filename = "C:\Users\cofc_\AppData\Local\Temp\tmp777D.tmp\rjsec131.ZIP", message = "rjsec131")~~RJStevensMusicPresentationCreator.Program~0000000656
2024-12-14 22:06:03.7009~DEBUG~-> ExtractAllFromFile(zipFileName = "C:\Users\cofc_\AppData\Local\Temp\tmp777D.tmp\rjsec131.ZIP", decompressedFolder = "C:\Users\cofc_\AppData\Local\Temp\tmp7868.tmp", message = "rjsec131")~~RJStevensMusicPresentationCreator.Program~0000000657
2024-12-14 22:06:03.9419~DEBUG~extract completed~~RJStevensMusicPresentationCreator.Program~0000000658
2024-12-14 22:06:03.9419~DEBUG~<- ExtractAllFromFile(zipFileName = "C:\Users\cofc_\AppData\Local\Temp\tmp777D.tmp\rjsec131.ZIP", decompressedFolder = "C:\Users\cofc_\AppData\Local\Temp\tmp7868.tmp", message = "rjsec131")~~RJStevensMusicPresentationCreator.Program~0000000659
2024-12-14 22:06:04.0149~DEBUG~-> DownloadFile(url = "https://faas-nyc1-2ef2e6cc.doserverless.co/api/v1/web/fn-dd7f8f6a-d32a-4f5e-ae7b-870dfb7963f3/downloads/bundle?id=000000000000139", filename = "C:\Users\cofc_\AppData\Local\Temp\tmp79A2.tmp\rjsec132.ZIP", message = "rjsec132")~~RJStevensMusicPresentationCreator.Program~0000000660
2024-12-14 22:06:04.2319~DEBUG~download completed~~RJStevensMusicPresentationCreator.Program~0000000661
2024-12-14 22:06:04.2319~DEBUG~<- DownloadFile(url = "https://faas-nyc1-2ef2e6cc.doserverless.co/api/v1/web/fn-dd7f8f6a-d32a-4f5e-ae7b-870dfb7963f3/downloads/bundle?id=000000000000139", filename = "C:\Users\cofc_\AppData\Local\Temp\tmp79A2.tmp\rjsec132.ZIP", message = "rjsec132")~~RJStevensMusicPresentationCreator.Program~0000000662
2024-12-14 22:06:04.2519~DEBUG~-> ExtractAllFromFile(zipFileName = "C:\Users\cofc_\AppData\Local\Temp\tmp79A2.tmp\rjsec132.ZIP", decompressedFolder = "C:\Users\cofc_\AppData\Local\Temp\tmp7A9D.tmp", message = "rjsec132")~~RJStevensMusicPresentationCreator.Program~0000000663
2024-12-14 22:06:04.5359~DEBUG~extract completed~~RJStevensMusicPresentationCreator.Program~0000000664
2024-12-14 22:06:04.5359~DEBUG~<- ExtractAllFromFile(zipFileName = "C:\Users\cofc_\AppData\Local\Temp\tmp79A2.tmp\rjsec132.ZIP", decompressedFolder = "C:\Users\cofc_\AppData\Local\Temp\tmp7A9D.tmp", message = "rjsec132")~~RJStevensMusicPresentationCreator.Program~0000000665
2024-12-14 22:06:04.7009~DEBUG~-> DownloadFile(url = "https://faas-nyc1-2ef2e6cc.doserverless.co/api/v1/web/fn-dd7f8f6a-d32a-4f5e-ae7b-870dfb7963f3/downloads/bundle?id=000000000000140", filename = "C:\Users\cofc_\AppData\Local\Temp\tmp7C53.tmp\rjsec133.ZIP", message = "rjsec133")~~RJStevensMusicPresentationCreator.Program~0000000666
2024-12-14 22:06:04.9149~DEBUG~download completed~~RJStevensMusicPresentationCreator.Program~0000000667
2024-12-14 22:06:04.9149~DEBUG~<- DownloadFile(url = "https://faas-nyc1-2ef2e6cc.doserverless.co/api/v1/web/fn-dd7f8f6a-d32a-4f5e-ae7b-870dfb7963f3/downloads/bundle?id=000000000000140", filename = "C:\Users\cofc_\AppData\Local\Temp\tmp7C53.tmp\rjsec133.ZIP", message = "rjsec133")~~RJStevensMusicPresentationCreator.Program~0000000668
2024-12-14 22:06:04.9340~DEBUG~-> ExtractAllFromFile(zipFileName = "C:\Users\cofc_\AppData\Local\Temp\tmp7C53.tmp\rjsec133.ZIP", decompressedFolder = "C:\Users\cofc_\AppData\Local\Temp\tmp7D3F.tmp", message = "rjsec133")~~RJStevensMusicPresentationCreator.Program~0000000669
2024-12-14 22:06:05.2560~DEBUG~extract completed~~RJStevensMusicPresentationCreator.Program~0000000670
2024-12-14 22:06:05.2560~DEBUG~<- ExtractAllFromFile(zipFileName = "C:\Users\cofc_\AppData\Local\Temp\tmp7C53.tmp\rjsec133.ZIP", decompressedFolder = "C:\Users\cofc_\AppData\Local\Temp\tmp7D3F.tmp", message = "rjsec133")~~RJStevensMusicPresentationCreator.Program~0000000671
2024-12-14 22:06:05.3300~DEBUG~-> DownloadFile(url = "https://faas-nyc1-2ef2e6cc.doserverless.co/api/v1/web/fn-dd7f8f6a-d32a-4f5e-ae7b-870dfb7963f3/downloads/bundle?id=000000000000141", filename = "C:\Users\cofc_\AppData\Local\Temp\tmp7EC6.tmp\rjsec134.ZIP", message = "rjsec134")~~RJStevensMusicPresentationCreator.Program~0000000672
2024-12-14 22:06:05.5270~DEBUG~download completed~~RJStevensMusicPresentationCreator.Program~0000000673
2024-12-14 22:06:05.5270~DEBUG~<- DownloadFile(url = "https://faas-nyc1-2ef2e6cc.doserverless.co/api/v1/web/fn-dd7f8f6a-d32a-4f5e-ae7b-870dfb7963f3/downloads/bundle?id=000000000000141", filename = "C:\Users\cofc_\AppData\Local\Temp\tmp7EC6.tmp\rjsec134.ZIP", message = "rjsec134")~~RJStevensMusicPresentationCreator.Program~0000000674
2024-12-14 22:06:05.5390~DEBUG~-> ExtractAllFromFile(zipFileName = "C:\Users\cofc_\AppData\Local\Temp\tmp7EC6.tmp\rjsec134.ZIP", decompressedFolder = "C:\Users\cofc_\AppData\Local\Temp\tmp7FA2.tmp", message = "rjsec134")~~RJStevensMusicPresentationCreator.Program~0000000675
2024-12-14 22:06:05.7310~DEBUG~extract completed~~RJStevensMusicPresentationCreator.Program~0000000676
2024-12-14 22:06:05.7310~DEBUG~<- ExtractAllFromFile(zipFileName = "C:\Users\cofc_\AppData\Local\Temp\tmp7EC6.tmp\rjsec134.ZIP", decompressedFolder = "C:\Users\cofc_\AppData\Local\Temp\tmp7FA2.tmp", message = "rjsec134")~~RJStevensMusicPresentationCreator.Program~0000000677
2024-12-14 22:06:05.7970~DEBUG~-> DownloadFile(url = "https://faas-nyc1-2ef2e6cc.doserverless.co/api/v1/web/fn-dd7f8f6a-d32a-4f5e-ae7b-870dfb7963f3/downloads/bundle?id=000000000000142", filename = "C:\Users\cofc_\AppData\Local\Temp\tmp809D.tmp\rjsec135.ZIP", message = "rjsec135")~~RJStevensMusicPresentationCreator.Program~0000000678
2024-12-14 22:06:06.0190~DEBUG~download completed~~RJStevensMusicPresentationCreator.Program~0000000679
2024-12-14 22:06:06.0190~DEBUG~<- DownloadFile(url = "https://faas-nyc1-2ef2e6cc.doserverless.co/api/v1/web/fn-dd7f8f6a-d32a-4f5e-ae7b-870dfb7963f3/downloads/bundle?id=000000000000142", filename = "C:\Users\cofc_\AppData\Local\Temp\tmp809D.tmp\rjsec135.ZIP", message = "rjsec135")~~RJStevensMusicPresentationCreator.Program~0000000680
2024-12-14 22:06:06.0330~DEBUG~-> ExtractAllFromFile(zipFileName = "C:\Users\cofc_\AppData\Local\Temp\tmp809D.tmp\rjsec135.ZIP", decompressedFolder = "C:\Users\cofc_\AppData\Local\Temp\tmp8198.tmp", message = "rjsec135")~~RJStevensMusicPresentationCreator.Program~0000000681
2024-12-14 22:06:06.2410~DEBUG~extract completed~~RJStevensMusicPresentationCreator.Program~0000000682
2024-12-14 22:06:06.2410~DEBUG~<- ExtractAllFromFile(zipFileName = "C:\Users\cofc_\AppData\Local\Temp\tmp809D.tmp\rjsec135.ZIP", decompressedFolder = "C:\Users\cofc_\AppData\Local\Temp\tmp8198.tmp", message = "rjsec135")~~RJStevensMusicPresentationCreator.Program~0000000683
2024-12-14 22:06:06.3091~DEBUG~-> DownloadFile(url = "https://faas-nyc1-2ef2e6cc.doserverless.co/api/v1/web/fn-dd7f8f6a-d32a-4f5e-ae7b-870dfb7963f3/downloads/bundle?id=000000000000143", filename = "C:\Users\cofc_\AppData\Local\Temp\tmp82A3.tmp\rjsec136.ZIP", message = "rjsec136")~~RJStevensMusicPresentationCreator.Program~0000000684
2024-12-14 22:06:06.5501~DEBUG~download completed~~RJStevensMusicPresentationCreator.Program~0000000685
2024-12-14 22:06:06.5501~DEBUG~<- DownloadFile(url = "https://faas-nyc1-2ef2e6cc.doserverless.co/api/v1/web/fn-dd7f8f6a-d32a-4f5e-ae7b-870dfb7963f3/downloads/bundle?id=000000000000143", filename = "C:\Users\cofc_\AppData\Local\Temp\tmp82A3.tmp\rjsec136.ZIP", message = "rjsec136")~~RJStevensMusicPresentationCreator.Program~0000000686
2024-12-14 22:06:06.5641~DEBUG~-> ExtractAllFromFile(zipFileName = "C:\Users\cofc_\AppData\Local\Temp\tmp82A3.tmp\rjsec136.ZIP", decompressedFolder = "C:\Users\cofc_\AppData\Local\Temp\tmp83AD.tmp", message = "rjsec136")~~RJStevensMusicPresentationCreator.Program~0000000687
2024-12-14 22:06:06.7521~DEBUG~extract completed~~RJStevensMusicPresentationCreator.Program~0000000688
2024-12-14 22:06:06.7521~DEBUG~<- ExtractAllFromFile(zipFileName = "C:\Users\cofc_\AppData\Local\Temp\tmp82A3.tmp\rjsec136.ZIP", decompressedFolder = "C:\Users\cofc_\AppData\Local\Temp\tmp83AD.tmp", message = "rjsec136")~~RJStevensMusicPresentationCreator.Program~0000000689
2024-12-14 22:06:06.8131~DEBUG~-> DownloadFile(url = "https://faas-nyc1-2ef2e6cc.doserverless.co/api/v1/web/fn-dd7f8f6a-d32a-4f5e-ae7b-870dfb7963f3/downloads/bundle?id=000000000000144", filename = "C:\Users\cofc_\AppData\Local\Temp\tmp8499.tmp\rjsec137.ZIP", message = "rjsec137")~~RJStevensMusicPresentationCreator.Program~0000000690
2024-12-14 22:06:07.0301~DEBUG~download completed~~RJStevensMusicPresentationCreator.Program~0000000691
2024-12-14 22:06:07.0301~DEBUG~<- DownloadFile(url = "https://faas-nyc1-2ef2e6cc.doserverless.co/api/v1/web/fn-dd7f8f6a-d32a-4f5e-ae7b-870dfb7963f3/downloads/bundle?id=000000000000144", filename = "C:\Users\cofc_\AppData\Local\Temp\tmp8499.tmp\rjsec137.ZIP", message = "rjsec137")~~RJStevensMusicPresentationCreator.Program~0000000692
2024-12-14 22:06:07.0441~DEBUG~-> ExtractAllFromFile(zipFileName = "C:\Users\cofc_\AppData\Local\Temp\tmp8499.tmp\rjsec137.ZIP", decompressedFolder = "C:\Users\cofc_\AppData\Local\Temp\tmp8584.tmp", message = "rjsec137")~~RJStevensMusicPresentationCreator.Program~0000000693
2024-12-14 22:06:07.4641~DEBUG~extract completed~~RJStevensMusicPresentationCreator.Program~0000000694
2024-12-14 22:06:07.4641~DEBUG~<- ExtractAllFromFile(zipFileName = "C:\Users\cofc_\AppData\Local\Temp\tmp8499.tmp\rjsec137.ZIP", decompressedFolder = "C:\Users\cofc_\AppData\Local\Temp\tmp8584.tmp", message = "rjsec137")~~RJStevensMusicPresentationCreator.Program~0000000695
2024-12-14 22:06:07.5851~DEBUG~-> DownloadFile(url = "https://faas-nyc1-2ef2e6cc.doserverless.co/api/v1/web/fn-dd7f8f6a-d32a-4f5e-ae7b-870dfb7963f3/downloads/bundle?id=000000000000145", filename = "C:\Users\cofc_\AppData\Local\Temp\tmp87A8.tmp\rjsec138.ZIP", message = "rjsec138")~~RJStevensMusicPresentationCreator.Program~0000000696
2024-12-14 22:06:07.8382~DEBUG~download completed~~RJStevensMusicPresentationCreator.Program~0000000697
2024-12-14 22:06:07.8382~DEBUG~<- DownloadFile(url = "https://faas-nyc1-2ef2e6cc.doserverless.co/api/v1/web/fn-dd7f8f6a-d32a-4f5e-ae7b-870dfb7963f3/downloads/bundle?id=000000000000145", filename = "C:\Users\cofc_\AppData\Local\Temp\tmp87A8.tmp\rjsec138.ZIP", message = "rjsec138")~~RJStevensMusicPresentationCreator.Program~0000000698
2024-12-14 22:06:07.8592~DEBUG~-> ExtractAllFromFile(zipFileName = "C:\Users\cofc_\AppData\Local\Temp\tmp87A8.tmp\rjsec138.ZIP", decompressedFolder = "C:\Users\cofc_\AppData\Local\Temp\tmp88B3.tmp", message = "rjsec138")~~RJStevensMusicPresentationCreator.Program~0000000699
2024-12-14 22:06:08.1812~DEBUG~extract completed~~RJStevensMusicPresentationCreator.Program~0000000700
2024-12-14 22:06:08.1812~DEBUG~<- ExtractAllFromFile(zipFileName = "C:\Users\cofc_\AppData\Local\Temp\tmp87A8.tmp\rjsec138.ZIP", decompressedFolder = "C:\Users\cofc_\AppData\Local\Temp\tmp88B3.tmp", message = "rjsec138")~~RJStevensMusicPresentationCreator.Program~0000000701
2024-12-14 22:06:08.2432~DEBUG~-> DownloadFile(url = "https://faas-nyc1-2ef2e6cc.doserverless.co/api/v1/web/fn-dd7f8f6a-d32a-4f5e-ae7b-870dfb7963f3/downloads/bundle?id=000000000000146", filename = "C:\Users\cofc_\AppData\Local\Temp\tmp8A3A.tmp\rjsec139.ZIP", message = "rjsec139")~~RJStevensMusicPresentationCreator.Program~0000000702
2024-12-14 22:06:08.4802~DEBUG~download completed~~RJStevensMusicPresentationCreator.Program~0000000703
2024-12-14 22:06:08.4802~DEBUG~<- DownloadFile(url = "https://faas-nyc1-2ef2e6cc.doserverless.co/api/v1/web/fn-dd7f8f6a-d32a-4f5e-ae7b-870dfb7963f3/downloads/bundle?id=000000000000146", filename = "C:\Users\cofc_\AppData\Local\Temp\tmp8A3A.tmp\rjsec139.ZIP", message = "rjsec139")~~RJStevensMusicPresentationCreator.Program~0000000704
2024-12-14 22:06:08.4962~DEBUG~-> ExtractAllFromFile(zipFileName = "C:\Users\cofc_\AppData\Local\Temp\tmp8A3A.tmp\rjsec139.ZIP", decompressedFolder = "C:\Users\cofc_\AppData\Local\Temp\tmp8B35.tmp", message = "rjsec139")~~RJStevensMusicPresentationCreator.Program~0000000705
2024-12-14 22:06:08.8042~DEBUG~extract completed~~RJStevensMusicPresentationCreator.Program~0000000706
2024-12-14 22:06:08.8042~DEBUG~<- ExtractAllFromFile(zipFileName = "C:\Users\cofc_\AppData\Local\Temp\tmp8A3A.tmp\rjsec139.ZIP", decompressedFolder = "C:\Users\cofc_\AppData\Local\Temp\tmp8B35.tmp", message = "rjsec139")~~RJStevensMusicPresentationCreator.Program~0000000707
2024-12-14 22:06:08.8792~DEBUG~-> DownloadFile(url = "https://faas-nyc1-2ef2e6cc.doserverless.co/api/v1/web/fn-dd7f8f6a-d32a-4f5e-ae7b-870dfb7963f3/downloads/bundle?id=000000000000148", filename = "C:\Users\cofc_\AppData\Local\Temp\tmp8CBD.tmp\rjsec141.ZIP", message = "rjsec141")~~RJStevensMusicPresentationCreator.Program~0000000708
2024-12-14 22:06:09.1503~DEBUG~download completed~~RJStevensMusicPresentationCreator.Program~0000000709
2024-12-14 22:06:09.1503~DEBUG~<- DownloadFile(url = "https://faas-nyc1-2ef2e6cc.doserverless.co/api/v1/web/fn-dd7f8f6a-d32a-4f5e-ae7b-870dfb7963f3/downloads/bundle?id=000000000000148", filename = "C:\Users\cofc_\AppData\Local\Temp\tmp8CBD.tmp\rjsec141.ZIP", message = "rjsec141")~~RJStevensMusicPresentationCreator.Program~0000000710
2024-12-14 22:06:09.1703~DEBUG~-> ExtractAllFromFile(zipFileName = "C:\Users\cofc_\AppData\Local\Temp\tmp8CBD.tmp\rjsec141.ZIP", decompressedFolder = "C:\Users\cofc_\AppData\Local\Temp\tmp8DD7.tmp", message = "rjsec141")~~RJStevensMusicPresentationCreator.Program~0000000711
2024-12-14 22:06:09.4603~DEBUG~extract completed~~RJStevensMusicPresentationCreator.Program~0000000712
2024-12-14 22:06:09.4603~DEBUG~<- ExtractAllFromFile(zipFileName = "C:\Users\cofc_\AppData\Local\Temp\tmp8CBD.tmp\rjsec141.ZIP", decompressedFolder = "C:\Users\cofc_\AppData\Local\Temp\tmp8DD7.tmp", message = "rjsec141")~~RJStevensMusicPresentationCreator.Program~0000000713
2024-12-14 22:06:09.5363~DEBUG~-> DownloadFile(url = "https://faas-nyc1-2ef2e6cc.doserverless.co/api/v1/web/fn-dd7f8f6a-d32a-4f5e-ae7b-870dfb7963f3/downloads/bundle?id=000000000000149", filename = "C:\Users\cofc_\AppData\Local\Temp\tmp8F4F.tmp\rjsec142.ZIP", message = "rjsec142")~~RJStevensMusicPresentationCreator.Program~0000000714
2024-12-14 22:06:09.7673~DEBUG~download completed~~RJStevensMusicPresentationCreator.Program~0000000715
2024-12-14 22:06:09.7673~DEBUG~<- DownloadFile(url = "https://faas-nyc1-2ef2e6cc.doserverless.co/api/v1/web/fn-dd7f8f6a-d32a-4f5e-ae7b-870dfb7963f3/downloads/bundle?id=000000000000149", filename = "C:\Users\cofc_\AppData\Local\Temp\tmp8F4F.tmp\rjsec142.ZIP", message = "rjsec142")~~RJStevensMusicPresentationCreator.Program~0000000716
2024-12-14 22:06:09.7673~DEBUG~-> ExtractAllFromFile(zipFileName = "C:\Users\cofc_\AppData\Local\Temp\tmp8F4F.tmp\rjsec142.ZIP", decompressedFolder = "C:\Users\cofc_\AppData\Local\Temp\tmp903A.tmp", message = "rjsec142")~~RJStevensMusicPresentationCreator.Program~0000000717
2024-12-14 22:06:10.0283~DEBUG~extract completed~~RJStevensMusicPresentationCreator.Program~0000000718
2024-12-14 22:06:10.0333~DEBUG~<- ExtractAllFromFile(zipFileName = "C:\Users\cofc_\AppData\Local\Temp\tmp8F4F.tmp\rjsec142.ZIP", decompressedFolder = "C:\Users\cofc_\AppData\Local\Temp\tmp903A.tmp", message = "rjsec142")~~RJStevensMusicPresentationCreator.Program~0000000719
2024-12-14 22:06:10.1033~DEBUG~-> DownloadFile(url = "https://faas-nyc1-2ef2e6cc.doserverless.co/api/v1/web/fn-dd7f8f6a-d32a-4f5e-ae7b-870dfb7963f3/downloads/bundle?id=000000000000150", filename = "C:\Users\cofc_\AppData\Local\Temp\tmp9184.tmp\rjsec143.ZIP", message = "rjsec143")~~RJStevensMusicPresentationCreator.Program~0000000720
2024-12-14 22:06:10.3284~DEBUG~download completed~~RJStevensMusicPresentationCreator.Program~0000000721
2024-12-14 22:06:10.3293~DEBUG~<- DownloadFile(url = "https://faas-nyc1-2ef2e6cc.doserverless.co/api/v1/web/fn-dd7f8f6a-d32a-4f5e-ae7b-870dfb7963f3/downloads/bundle?id=000000000000150", filename = "C:\Users\cofc_\AppData\Local\Temp\tmp9184.tmp\rjsec143.ZIP", message = "rjsec143")~~RJStevensMusicPresentationCreator.Program~0000000722
2024-12-14 22:06:10.3293~DEBUG~-> ExtractAllFromFile(zipFileName = "C:\Users\cofc_\AppData\Local\Temp\tmp9184.tmp\rjsec143.ZIP", decompressedFolder = "C:\Users\cofc_\AppData\Local\Temp\tmp926F.tmp", message = "rjsec143")~~RJStevensMusicPresentationCreator.Program~0000000723
2024-12-14 22:06:10.7264~DEBUG~extract completed~~RJStevensMusicPresentationCreator.Program~0000000724
2024-12-14 22:06:10.7264~DEBUG~<- ExtractAllFromFile(zipFileName = "C:\Users\cofc_\AppData\Local\Temp\tmp9184.tmp\rjsec143.ZIP", decompressedFolder = "C:\Users\cofc_\AppData\Local\Temp\tmp926F.tmp", message = "rjsec143")~~RJStevensMusicPresentationCreator.Program~0000000725
2024-12-14 22:06:10.8244~DEBUG~-> DownloadFile(url = "https://faas-nyc1-2ef2e6cc.doserverless.co/api/v1/web/fn-dd7f8f6a-d32a-4f5e-ae7b-870dfb7963f3/downloads/bundle?id=000000000000151", filename = "C:\Users\cofc_\AppData\Local\Temp\tmp9454.tmp\rjsec144.ZIP", message = "rjsec144")~~RJStevensMusicPresentationCreator.Program~0000000726
2024-12-14 22:06:11.0574~DEBUG~download completed~~RJStevensMusicPresentationCreator.Program~0000000727
2024-12-14 22:06:11.0574~DEBUG~<- DownloadFile(url = "https://faas-nyc1-2ef2e6cc.doserverless.co/api/v1/web/fn-dd7f8f6a-d32a-4f5e-ae7b-870dfb7963f3/downloads/bundle?id=000000000000151", filename = "C:\Users\cofc_\AppData\Local\Temp\tmp9454.tmp\rjsec144.ZIP", message = "rjsec144")~~RJStevensMusicPresentationCreator.Program~0000000728
2024-12-14 22:06:11.0674~DEBUG~-> ExtractAllFromFile(zipFileName = "C:\Users\cofc_\AppData\Local\Temp\tmp9454.tmp\rjsec144.ZIP", decompressedFolder = "C:\Users\cofc_\AppData\Local\Temp\tmp954F.tmp", message = "rjsec144")~~RJStevensMusicPresentationCreator.Program~0000000729
2024-12-14 22:06:11.2804~DEBUG~extract completed~~RJStevensMusicPresentationCreator.Program~0000000730
2024-12-14 22:06:11.2834~DEBUG~<- ExtractAllFromFile(zipFileName = "C:\Users\cofc_\AppData\Local\Temp\tmp9454.tmp\rjsec144.ZIP", decompressedFolder = "C:\Users\cofc_\AppData\Local\Temp\tmp954F.tmp", message = "rjsec144")~~RJStevensMusicPresentationCreator.Program~0000000731
2024-12-14 22:06:11.3464~DEBUG~-> DownloadFile(url = "https://faas-nyc1-2ef2e6cc.doserverless.co/api/v1/web/fn-dd7f8f6a-d32a-4f5e-ae7b-870dfb7963f3/downloads/bundle?id=000000000000153", filename = "C:\Users\cofc_\AppData\Local\Temp\tmp966A.tmp\rjsec146.ZIP", message = "rjsec146")~~RJStevensMusicPresentationCreator.Program~0000000732
2024-12-14 22:06:11.5694~DEBUG~download completed~~RJStevensMusicPresentationCreator.Program~0000000733
2024-12-14 22:06:11.5694~DEBUG~<- DownloadFile(url = "https://faas-nyc1-2ef2e6cc.doserverless.co/api/v1/web/fn-dd7f8f6a-d32a-4f5e-ae7b-870dfb7963f3/downloads/bundle?id=000000000000153", filename = "C:\Users\cofc_\AppData\Local\Temp\tmp966A.tmp\rjsec146.ZIP", message = "rjsec146")~~RJStevensMusicPresentationCreator.Program~0000000734
2024-12-14 22:06:11.5924~DEBUG~-> ExtractAllFromFile(zipFileName = "C:\Users\cofc_\AppData\Local\Temp\tmp966A.tmp\rjsec146.ZIP", decompressedFolder = "C:\Users\cofc_\AppData\Local\Temp\tmp9755.tmp", message = "rjsec146")~~RJStevensMusicPresentationCreator.Program~0000000735
2024-12-14 22:06:11.8385~DEBUG~extract completed~~RJStevensMusicPresentationCreator.Program~0000000736
2024-12-14 22:06:11.8385~DEBUG~<- ExtractAllFromFile(zipFileName = "C:\Users\cofc_\AppData\Local\Temp\tmp966A.tmp\rjsec146.ZIP", decompressedFolder = "C:\Users\cofc_\AppData\Local\Temp\tmp9755.tmp", message = "rjsec146")~~RJStevensMusicPresentationCreator.Program~0000000737
2024-12-14 22:06:11.9220~DEBUG~-> DownloadFile(url = "https://faas-nyc1-2ef2e6cc.doserverless.co/api/v1/web/fn-dd7f8f6a-d32a-4f5e-ae7b-870dfb7963f3/downloads/bundle?id=000000000000154", filename = "C:\Users\cofc_\AppData\Local\Temp\tmp989E.tmp\rjsec147.ZIP", message = "rjsec147")~~RJStevensMusicPresentationCreator.Program~0000000738
2024-12-14 22:06:12.1674~DEBUG~download completed~~RJStevensMusicPresentationCreator.Program~0000000739
2024-12-14 22:06:12.1674~DEBUG~<- DownloadFile(url = "https://faas-nyc1-2ef2e6cc.doserverless.co/api/v1/web/fn-dd7f8f6a-d32a-4f5e-ae7b-870dfb7963f3/downloads/bundle?id=000000000000154", filename = "C:\Users\cofc_\AppData\Local\Temp\tmp989E.tmp\rjsec147.ZIP", message = "rjsec147")~~RJStevensMusicPresentationCreator.Program~0000000740
2024-12-14 22:06:12.1834~DEBUG~-> ExtractAllFromFile(zipFileName = "C:\Users\cofc_\AppData\Local\Temp\tmp989E.tmp\rjsec147.ZIP", decompressedFolder = "C:\Users\cofc_\AppData\Local\Temp\tmp99A9.tmp", message = "rjsec147")~~RJStevensMusicPresentationCreator.Program~0000000741
2024-12-14 22:06:12.6114~DEBUG~extract completed~~RJStevensMusicPresentationCreator.Program~0000000742
2024-12-14 22:06:12.6114~DEBUG~<- ExtractAllFromFile(zipFileName = "C:\Users\cofc_\AppData\Local\Temp\tmp989E.tmp\rjsec147.ZIP", decompressedFolder = "C:\Users\cofc_\AppData\Local\Temp\tmp99A9.tmp", message = "rjsec147")~~RJStevensMusicPresentationCreator.Program~0000000743
2024-12-14 22:06:12.7014~DEBUG~-> DownloadFile(url = "https://faas-nyc1-2ef2e6cc.doserverless.co/api/v1/web/fn-dd7f8f6a-d32a-4f5e-ae7b-870dfb7963f3/downloads/bundle?id=000000000000155", filename = "C:\Users\cofc_\AppData\Local\Temp\tmp9BAD.tmp\rjsec148.ZIP", message = "rjsec148")~~RJStevensMusicPresentationCreator.Program~0000000744
2024-12-14 22:06:12.9045~DEBUG~download completed~~RJStevensMusicPresentationCreator.Program~0000000745
2024-12-14 22:06:12.9045~DEBUG~<- DownloadFile(url = "https://faas-nyc1-2ef2e6cc.doserverless.co/api/v1/web/fn-dd7f8f6a-d32a-4f5e-ae7b-870dfb7963f3/downloads/bundle?id=000000000000155", filename = "C:\Users\cofc_\AppData\Local\Temp\tmp9BAD.tmp\rjsec148.ZIP", message = "rjsec148")~~RJStevensMusicPresentationCreator.Program~0000000746
2024-12-14 22:06:12.9185~DEBUG~-> ExtractAllFromFile(zipFileName = "C:\Users\cofc_\AppData\Local\Temp\tmp9BAD.tmp\rjsec148.ZIP", decompressedFolder = "C:\Users\cofc_\AppData\Local\Temp\tmp9C89.tmp", message = "rjsec148")~~RJStevensMusicPresentationCreator.Program~0000000747
2024-12-14 22:06:13.0965~DEBUG~extract completed~~RJStevensMusicPresentationCreator.Program~0000000748
2024-12-14 22:06:13.0965~DEBUG~<- ExtractAllFromFile(zipFileName = "C:\Users\cofc_\AppData\Local\Temp\tmp9BAD.tmp\rjsec148.ZIP", decompressedFolder = "C:\Users\cofc_\AppData\Local\Temp\tmp9C89.tmp", message = "rjsec148")~~RJStevensMusicPresentationCreator.Program~0000000749
2024-12-14 22:06:13.1505~DEBUG~-> DownloadFile(url = "https://faas-nyc1-2ef2e6cc.doserverless.co/api/v1/web/fn-dd7f8f6a-d32a-4f5e-ae7b-870dfb7963f3/downloads/bundle?id=000000000000156", filename = "C:\Users\cofc_\AppData\Local\Temp\tmp9D74.tmp\rjsec149.ZIP", message = "rjsec149")~~RJStevensMusicPresentationCreator.Program~0000000750
2024-12-14 22:06:13.3865~DEBUG~download completed~~RJStevensMusicPresentationCreator.Program~0000000751
2024-12-14 22:06:13.3865~DEBUG~<- DownloadFile(url = "https://faas-nyc1-2ef2e6cc.doserverless.co/api/v1/web/fn-dd7f8f6a-d32a-4f5e-ae7b-870dfb7963f3/downloads/bundle?id=000000000000156", filename = "C:\Users\cofc_\AppData\Local\Temp\tmp9D74.tmp\rjsec149.ZIP", message = "rjsec149")~~RJStevensMusicPresentationCreator.Program~0000000752
2024-12-14 22:06:13.4005~DEBUG~-> ExtractAllFromFile(zipFileName = "C:\Users\cofc_\AppData\Local\Temp\tmp9D74.tmp\rjsec149.ZIP", decompressedFolder = "C:\Users\cofc_\AppData\Local\Temp\tmp9E6F.tmp", message = "rjsec149")~~RJStevensMusicPresentationCreator.Program~0000000753
2024-12-14 22:06:13.6655~DEBUG~extract completed~~RJStevensMusicPresentationCreator.Program~0000000754
2024-12-14 22:06:13.6655~DEBUG~<- ExtractAllFromFile(zipFileName = "C:\Users\cofc_\AppData\Local\Temp\tmp9D74.tmp\rjsec149.ZIP", decompressedFolder = "C:\Users\cofc_\AppData\Local\Temp\tmp9E6F.tmp", message = "rjsec149")~~RJStevensMusicPresentationCreator.Program~0000000755
2024-12-14 22:06:13.7385~DEBUG~-> DownloadFile(url = "https://faas-nyc1-2ef2e6cc.doserverless.co/api/v1/web/fn-dd7f8f6a-d32a-4f5e-ae7b-870dfb7963f3/downloads/bundle?id=000000000000157", filename = "C:\Users\cofc_\AppData\Local\Temp\tmp9FC8.tmp\rjsec150.ZIP", message = "rjsec150")~~RJStevensMusicPresentationCreator.Program~0000000756
2024-12-14 22:06:13.9495~DEBUG~download completed~~RJStevensMusicPresentationCreator.Program~0000000757
2024-12-14 22:06:13.9495~DEBUG~<- DownloadFile(url = "https://faas-nyc1-2ef2e6cc.doserverless.co/api/v1/web/fn-dd7f8f6a-d32a-4f5e-ae7b-870dfb7963f3/downloads/bundle?id=000000000000157", filename = "C:\Users\cofc_\AppData\Local\Temp\tmp9FC8.tmp\rjsec150.ZIP", message = "rjsec150")~~RJStevensMusicPresentationCreator.Program~0000000758
2024-12-14 22:06:13.9635~DEBUG~-> ExtractAllFromFile(zipFileName = "C:\Users\cofc_\AppData\Local\Temp\tmp9FC8.tmp\rjsec150.ZIP", decompressedFolder = "C:\Users\cofc_\AppData\Local\Temp\tmpA0A4.tmp", message = "rjsec150")~~RJStevensMusicPresentationCreator.Program~0000000759
2024-12-14 22:06:14.2006~DEBUG~extract completed~~RJStevensMusicPresentationCreator.Program~0000000760
2024-12-14 22:06:14.2046~DEBUG~<- ExtractAllFromFile(zipFileName = "C:\Users\cofc_\AppData\Local\Temp\tmp9FC8.tmp\rjsec150.ZIP", decompressedFolder = "C:\Users\cofc_\AppData\Local\Temp\tmpA0A4.tmp", message = "rjsec150")~~RJStevensMusicPresentationCreator.Program~0000000761
2024-12-14 22:06:14.2686~DEBUG~-> DownloadFile(url = "https://faas-nyc1-2ef2e6cc.doserverless.co/api/v1/web/fn-dd7f8f6a-d32a-4f5e-ae7b-870dfb7963f3/downloads/bundle?id=000000000000158", filename = "C:\Users\cofc_\AppData\Local\Temp\tmpA1DD.tmp\rjsec151.ZIP", message = "rjsec151")~~RJStevensMusicPresentationCreator.Program~0000000762
2024-12-14 22:06:14.4906~DEBUG~download completed~~RJStevensMusicPresentationCreator.Program~0000000763
2024-12-14 22:06:14.4906~DEBUG~<- DownloadFile(url = "https://faas-nyc1-2ef2e6cc.doserverless.co/api/v1/web/fn-dd7f8f6a-d32a-4f5e-ae7b-870dfb7963f3/downloads/bundle?id=000000000000158", filename = "C:\Users\cofc_\AppData\Local\Temp\tmpA1DD.tmp\rjsec151.ZIP", message = "rjsec151")~~RJStevensMusicPresentationCreator.Program~0000000764
2024-12-14 22:06:14.5026~DEBUG~-> ExtractAllFromFile(zipFileName = "C:\Users\cofc_\AppData\Local\Temp\tmpA1DD.tmp\rjsec151.ZIP", decompressedFolder = "C:\Users\cofc_\AppData\Local\Temp\tmpA2C9.tmp", message = "rjsec151")~~RJStevensMusicPresentationCreator.Program~0000000765
2024-12-14 22:06:14.6396~DEBUG~extract completed~~RJStevensMusicPresentationCreator.Program~0000000766
2024-12-14 22:06:14.6456~DEBUG~<- ExtractAllFromFile(zipFileName = "C:\Users\cofc_\AppData\Local\Temp\tmpA1DD.tmp\rjsec151.ZIP", decompressedFolder = "C:\Users\cofc_\AppData\Local\Temp\tmpA2C9.tmp", message = "rjsec151")~~RJStevensMusicPresentationCreator.Program~0000000767
2024-12-14 22:06:14.7006~DEBUG~-> DownloadFile(url = "https://faas-nyc1-2ef2e6cc.doserverless.co/api/v1/web/fn-dd7f8f6a-d32a-4f5e-ae7b-870dfb7963f3/downloads/bundle?id=000000000000159", filename = "C:\Users\cofc_\AppData\Local\Temp\tmpA385.tmp\rjsec152.ZIP", message = "rjsec152")~~RJStevensMusicPresentationCreator.Program~0000000768
2024-12-14 22:06:14.9156~DEBUG~download completed~~RJStevensMusicPresentationCreator.Program~0000000769
2024-12-14 22:06:14.9156~DEBUG~<- DownloadFile(url = "https://faas-nyc1-2ef2e6cc.doserverless.co/api/v1/web/fn-dd7f8f6a-d32a-4f5e-ae7b-870dfb7963f3/downloads/bundle?id=000000000000159", filename = "C:\Users\cofc_\AppData\Local\Temp\tmpA385.tmp\rjsec152.ZIP", message = "rjsec152")~~RJStevensMusicPresentationCreator.Program~0000000770
2024-12-14 22:06:14.9266~DEBUG~-> ExtractAllFromFile(zipFileName = "C:\Users\cofc_\AppData\Local\Temp\tmpA385.tmp\rjsec152.ZIP", decompressedFolder = "C:\Users\cofc_\AppData\Local\Temp\tmpA471.tmp", message = "rjsec152")~~RJStevensMusicPresentationCreator.Program~0000000771
2024-12-14 22:06:15.1036~DEBUG~extract completed~~RJStevensMusicPresentationCreator.Program~0000000772
2024-12-14 22:06:15.1036~DEBUG~<- ExtractAllFromFile(zipFileName = "C:\Users\cofc_\AppData\Local\Temp\tmpA385.tmp\rjsec152.ZIP", decompressedFolder = "C:\Users\cofc_\AppData\Local\Temp\tmpA471.tmp", message = "rjsec152")~~RJStevensMusicPresentationCreator.Program~0000000773
2024-12-14 22:06:15.1566~DEBUG~-> DownloadFile(url = "https://faas-nyc1-2ef2e6cc.doserverless.co/api/v1/web/fn-dd7f8f6a-d32a-4f5e-ae7b-870dfb7963f3/downloads/bundle?id=000000000000161", filename = "C:\Users\cofc_\AppData\Local\Temp\tmpA54C.tmp\rjsec154.ZIP", message = "rjsec154")~~RJStevensMusicPresentationCreator.Program~0000000774
2024-12-14 22:06:15.3626~DEBUG~download completed~~RJStevensMusicPresentationCreator.Program~0000000775
2024-12-14 22:06:15.3626~DEBUG~<- DownloadFile(url = "https://faas-nyc1-2ef2e6cc.doserverless.co/api/v1/web/fn-dd7f8f6a-d32a-4f5e-ae7b-870dfb7963f3/downloads/bundle?id=000000000000161", filename = "C:\Users\cofc_\AppData\Local\Temp\tmpA54C.tmp\rjsec154.ZIP", message = "rjsec154")~~RJStevensMusicPresentationCreator.Program~0000000776
2024-12-14 22:06:15.3766~DEBUG~-> ExtractAllFromFile(zipFileName = "C:\Users\cofc_\AppData\Local\Temp\tmpA54C.tmp\rjsec154.ZIP", decompressedFolder = "C:\Users\cofc_\AppData\Local\Temp\tmpA638.tmp", message = "rjsec154")~~RJStevensMusicPresentationCreator.Program~0000000777
2024-12-14 22:06:15.6047~DEBUG~extract completed~~RJStevensMusicPresentationCreator.Program~0000000778
2024-12-14 22:06:15.6047~DEBUG~<- ExtractAllFromFile(zipFileName = "C:\Users\cofc_\AppData\Local\Temp\tmpA54C.tmp\rjsec154.ZIP", decompressedFolder = "C:\Users\cofc_\AppData\Local\Temp\tmpA638.tmp", message = "rjsec154")~~RJStevensMusicPresentationCreator.Program~0000000779
2024-12-14 22:06:15.6687~DEBUG~-> DownloadFile(url = "https://faas-nyc1-2ef2e6cc.doserverless.co/api/v1/web/fn-dd7f8f6a-d32a-4f5e-ae7b-870dfb7963f3/downloads/bundle?id=000000000000162", filename = "C:\Users\cofc_\AppData\Local\Temp\tmpA752.tmp\rjsec155.ZIP", message = "rjsec155")~~RJStevensMusicPresentationCreator.Program~0000000780
2024-12-14 22:06:15.8947~DEBUG~download completed~~RJStevensMusicPresentationCreator.Program~0000000781
2024-12-14 22:06:15.8947~DEBUG~<- DownloadFile(url = "https://faas-nyc1-2ef2e6cc.doserverless.co/api/v1/web/fn-dd7f8f6a-d32a-4f5e-ae7b-870dfb7963f3/downloads/bundle?id=000000000000162", filename = "C:\Users\cofc_\AppData\Local\Temp\tmpA752.tmp\rjsec155.ZIP", message = "rjsec155")~~RJStevensMusicPresentationCreator.Program~0000000782
2024-12-14 22:06:15.9117~DEBUG~-> ExtractAllFromFile(zipFileName = "C:\Users\cofc_\AppData\Local\Temp\tmpA752.tmp\rjsec155.ZIP", decompressedFolder = "C:\Users\cofc_\AppData\Local\Temp\tmpA84D.tmp", message = "rjsec155")~~RJStevensMusicPresentationCreator.Program~0000000783
2024-12-14 22:06:16.1217~DEBUG~extract completed~~RJStevensMusicPresentationCreator.Program~0000000784
2024-12-14 22:06:16.1217~DEBUG~<- ExtractAllFromFile(zipFileName = "C:\Users\cofc_\AppData\Local\Temp\tmpA752.tmp\rjsec155.ZIP", decompressedFolder = "C:\Users\cofc_\AppData\Local\Temp\tmpA84D.tmp", message = "rjsec155")~~RJStevensMusicPresentationCreator.Program~0000000785
2024-12-14 22:06:16.1827~DEBUG~-> DownloadFile(url = "https://faas-nyc1-2ef2e6cc.doserverless.co/api/v1/web/fn-dd7f8f6a-d32a-4f5e-ae7b-870dfb7963f3/downloads/bundle?id=000000000000163", filename = "C:\Users\cofc_\AppData\Local\Temp\tmpA958.tmp\rjsec156.ZIP", message = "rjsec156")~~RJStevensMusicPresentationCreator.Program~0000000786
2024-12-14 22:06:16.4447~DEBUG~download completed~~RJStevensMusicPresentationCreator.Program~0000000787
2024-12-14 22:06:16.4447~DEBUG~<- DownloadFile(url = "https://faas-nyc1-2ef2e6cc.doserverless.co/api/v1/web/fn-dd7f8f6a-d32a-4f5e-ae7b-870dfb7963f3/downloads/bundle?id=000000000000163", filename = "C:\Users\cofc_\AppData\Local\Temp\tmpA958.tmp\rjsec156.ZIP", message = "rjsec156")~~RJStevensMusicPresentationCreator.Program~0000000788
2024-12-14 22:06:16.4587~DEBUG~-> ExtractAllFromFile(zipFileName = "C:\Users\cofc_\AppData\Local\Temp\tmpA958.tmp\rjsec156.ZIP", decompressedFolder = "C:\Users\cofc_\AppData\Local\Temp\tmpAA72.tmp", message = "rjsec156")~~RJStevensMusicPresentationCreator.Program~0000000789
2024-12-14 22:06:16.7507~DEBUG~extract completed~~RJStevensMusicPresentationCreator.Program~0000000790
2024-12-14 22:06:16.7507~DEBUG~<- ExtractAllFromFile(zipFileName = "C:\Users\cofc_\AppData\Local\Temp\tmpA958.tmp\rjsec156.ZIP", decompressedFolder = "C:\Users\cofc_\AppData\Local\Temp\tmpAA72.tmp", message = "rjsec156")~~RJStevensMusicPresentationCreator.Program~0000000791
2024-12-14 22:06:16.8267~DEBUG~-> DownloadFile(url = "https://faas-nyc1-2ef2e6cc.doserverless.co/api/v1/web/fn-dd7f8f6a-d32a-4f5e-ae7b-870dfb7963f3/downloads/bundle?id=000000000000164", filename = "C:\Users\cofc_\AppData\Local\Temp\tmpABDA.tmp\rjsec157.ZIP", message = "rjsec157")~~RJStevensMusicPresentationCreator.Program~0000000792
2024-12-14 22:06:17.0678~DEBUG~download completed~~RJStevensMusicPresentationCreator.Program~0000000793
2024-12-14 22:06:17.0678~DEBUG~<- DownloadFile(url = "https://faas-nyc1-2ef2e6cc.doserverless.co/api/v1/web/fn-dd7f8f6a-d32a-4f5e-ae7b-870dfb7963f3/downloads/bundle?id=000000000000164", filename = "C:\Users\cofc_\AppData\Local\Temp\tmpABDA.tmp\rjsec157.ZIP", message = "rjsec157")~~RJStevensMusicPresentationCreator.Program~0000000794
2024-12-14 22:06:17.0858~DEBUG~-> ExtractAllFromFile(zipFileName = "C:\Users\cofc_\AppData\Local\Temp\tmpABDA.tmp\rjsec157.ZIP", decompressedFolder = "C:\Users\cofc_\AppData\Local\Temp\tmpACE5.tmp", message = "rjsec157")~~RJStevensMusicPresentationCreator.Program~0000000795
2024-12-14 22:06:17.3738~DEBUG~extract completed~~RJStevensMusicPresentationCreator.Program~0000000796
2024-12-14 22:06:17.3768~DEBUG~<- ExtractAllFromFile(zipFileName = "C:\Users\cofc_\AppData\Local\Temp\tmpABDA.tmp\rjsec157.ZIP", decompressedFolder = "C:\Users\cofc_\AppData\Local\Temp\tmpACE5.tmp", message = "rjsec157")~~RJStevensMusicPresentationCreator.Program~0000000797
2024-12-14 22:06:17.4558~DEBUG~-> DownloadFile(url = "https://faas-nyc1-2ef2e6cc.doserverless.co/api/v1/web/fn-dd7f8f6a-d32a-4f5e-ae7b-870dfb7963f3/downloads/bundle?id=000000000000165", filename = "C:\Users\cofc_\AppData\Local\Temp\tmpAE5D.tmp\rjsec158.ZIP", message = "rjsec158")~~RJStevensMusicPresentationCreator.Program~0000000798
2024-12-14 22:06:17.6678~DEBUG~download completed~~RJStevensMusicPresentationCreator.Program~0000000799
2024-12-14 22:06:17.6678~DEBUG~<- DownloadFile(url = "https://faas-nyc1-2ef2e6cc.doserverless.co/api/v1/web/fn-dd7f8f6a-d32a-4f5e-ae7b-870dfb7963f3/downloads/bundle?id=000000000000165", filename = "C:\Users\cofc_\AppData\Local\Temp\tmpAE5D.tmp\rjsec158.ZIP", message = "rjsec158")~~RJStevensMusicPresentationCreator.Program~0000000800
2024-12-14 22:06:17.6858~DEBUG~-> ExtractAllFromFile(zipFileName = "C:\Users\cofc_\AppData\Local\Temp\tmpAE5D.tmp\rjsec158.ZIP", decompressedFolder = "C:\Users\cofc_\AppData\Local\Temp\tmpAF39.tmp", message = "rjsec158")~~RJStevensMusicPresentationCreator.Program~0000000801
2024-12-14 22:06:17.9718~DEBUG~extract completed~~RJStevensMusicPresentationCreator.Program~0000000802
2024-12-14 22:06:17.9718~DEBUG~<- ExtractAllFromFile(zipFileName = "C:\Users\cofc_\AppData\Local\Temp\tmpAE5D.tmp\rjsec158.ZIP", decompressedFolder = "C:\Users\cofc_\AppData\Local\Temp\tmpAF39.tmp", message = "rjsec158")~~RJStevensMusicPresentationCreator.Program~0000000803
2024-12-14 22:06:18.0458~DEBUG~-> DownloadFile(url = "https://faas-nyc1-2ef2e6cc.doserverless.co/api/v1/web/fn-dd7f8f6a-d32a-4f5e-ae7b-870dfb7963f3/downloads/bundle?id=000000000000166", filename = "C:\Users\cofc_\AppData\Local\Temp\tmpB0A1.tmp\rjsec159.ZIP", message = "rjsec159")~~RJStevensMusicPresentationCreator.Program~0000000804
2024-12-14 22:06:18.2588~DEBUG~download completed~~RJStevensMusicPresentationCreator.Program~0000000805
2024-12-14 22:06:18.2588~DEBUG~<- DownloadFile(url = "https://faas-nyc1-2ef2e6cc.doserverless.co/api/v1/web/fn-dd7f8f6a-d32a-4f5e-ae7b-870dfb7963f3/downloads/bundle?id=000000000000166", filename = "C:\Users\cofc_\AppData\Local\Temp\tmpB0A1.tmp\rjsec159.ZIP", message = "rjsec159")~~RJStevensMusicPresentationCreator.Program~0000000806
2024-12-14 22:06:18.2769~DEBUG~-> ExtractAllFromFile(zipFileName = "C:\Users\cofc_\AppData\Local\Temp\tmpB0A1.tmp\rjsec159.ZIP", decompressedFolder = "C:\Users\cofc_\AppData\Local\Temp\tmpB18C.tmp", message = "rjsec159")~~RJStevensMusicPresentationCreator.Program~0000000807
2024-12-14 22:06:18.5279~DEBUG~extract completed~~RJStevensMusicPresentationCreator.Program~0000000808
2024-12-14 22:06:18.5279~DEBUG~<- ExtractAllFromFile(zipFileName = "C:\Users\cofc_\AppData\Local\Temp\tmpB0A1.tmp\rjsec159.ZIP", decompressedFolder = "C:\Users\cofc_\AppData\Local\Temp\tmpB18C.tmp", message = "rjsec159")~~RJStevensMusicPresentationCreator.Program~0000000809
2024-12-14 22:06:18.5919~DEBUG~-> DownloadFile(url = "https://faas-nyc1-2ef2e6cc.doserverless.co/api/v1/web/fn-dd7f8f6a-d32a-4f5e-ae7b-870dfb7963f3/downloads/bundle?id=000000000000167", filename = "C:\Users\cofc_\AppData\Local\Temp\tmpB2C6.tmp\rjsec160.ZIP", message = "rjsec160")~~RJStevensMusicPresentationCreator.Program~0000000810
2024-12-14 22:06:18.8799~DEBUG~download completed~~RJStevensMusicPresentationCreator.Program~0000000811
2024-12-14 22:06:18.8799~DEBUG~<- DownloadFile(url = "https://faas-nyc1-2ef2e6cc.doserverless.co/api/v1/web/fn-dd7f8f6a-d32a-4f5e-ae7b-870dfb7963f3/downloads/bundle?id=000000000000167", filename = "C:\Users\cofc_\AppData\Local\Temp\tmpB2C6.tmp\rjsec160.ZIP", message = "rjsec160")~~RJStevensMusicPresentationCreator.Program~0000000812
2024-12-14 22:06:18.9009~DEBUG~-> ExtractAllFromFile(zipFileName = "C:\Users\cofc_\AppData\Local\Temp\tmpB2C6.tmp\rjsec160.ZIP", decompressedFolder = "C:\Users\cofc_\AppData\Local\Temp\tmpB3FF.tmp", message = "rjsec160")~~RJStevensMusicPresentationCreator.Program~0000000813
2024-12-14 22:06:19.2709~DEBUG~extract completed~~RJStevensMusicPresentationCreator.Program~0000000814
2024-12-14 22:06:19.2709~DEBUG~<- ExtractAllFromFile(zipFileName = "C:\Users\cofc_\AppData\Local\Temp\tmpB2C6.tmp\rjsec160.ZIP", decompressedFolder = "C:\Users\cofc_\AppData\Local\Temp\tmpB3FF.tmp", message = "rjsec160")~~RJStevensMusicPresentationCreator.Program~0000000815
2024-12-14 22:06:19.3689~DEBUG~-> DownloadFile(url = "https://faas-nyc1-2ef2e6cc.doserverless.co/api/v1/web/fn-dd7f8f6a-d32a-4f5e-ae7b-870dfb7963f3/downloads/bundle?id=000000000000168", filename = "C:\Users\cofc_\AppData\Local\Temp\tmpB5D5.tmp\rjsec161.ZIP", message = "rjsec161")~~RJStevensMusicPresentationCreator.Program~0000000816
2024-12-14 22:06:19.6030~DEBUG~download completed~~RJStevensMusicPresentationCreator.Program~0000000817
2024-12-14 22:06:19.6030~DEBUG~<- DownloadFile(url = "https://faas-nyc1-2ef2e6cc.doserverless.co/api/v1/web/fn-dd7f8f6a-d32a-4f5e-ae7b-870dfb7963f3/downloads/bundle?id=000000000000168", filename = "C:\Users\cofc_\AppData\Local\Temp\tmpB5D5.tmp\rjsec161.ZIP", message = "rjsec161")~~RJStevensMusicPresentationCreator.Program~0000000818
2024-12-14 22:06:19.6130~DEBUG~-> ExtractAllFromFile(zipFileName = "C:\Users\cofc_\AppData\Local\Temp\tmpB5D5.tmp\rjsec161.ZIP", decompressedFolder = "C:\Users\cofc_\AppData\Local\Temp\tmpB6D0.tmp", message = "rjsec161")~~RJStevensMusicPresentationCreator.Program~0000000819
2024-12-14 22:06:19.9230~DEBUG~extract completed~~RJStevensMusicPresentationCreator.Program~0000000820
2024-12-14 22:06:19.9230~DEBUG~<- ExtractAllFromFile(zipFileName = "C:\Users\cofc_\AppData\Local\Temp\tmpB5D5.tmp\rjsec161.ZIP", decompressedFolder = "C:\Users\cofc_\AppData\Local\Temp\tmpB6D0.tmp", message = "rjsec161")~~RJStevensMusicPresentationCreator.Program~0000000821
2024-12-14 22:06:19.9980~DEBUG~-> DownloadFile(url = "https://faas-nyc1-2ef2e6cc.doserverless.co/api/v1/web/fn-dd7f8f6a-d32a-4f5e-ae7b-870dfb7963f3/downloads/bundle?id=000000000000169", filename = "C:\Users\cofc_\AppData\Local\Temp\tmpB848.tmp\rjsec162.ZIP", message = "rjsec162")~~RJStevensMusicPresentationCreator.Program~0000000822
2024-12-14 22:06:20.2100~DEBUG~download completed~~RJStevensMusicPresentationCreator.Program~0000000823
2024-12-14 22:06:20.2100~DEBUG~<- DownloadFile(url = "https://faas-nyc1-2ef2e6cc.doserverless.co/api/v1/web/fn-dd7f8f6a-d32a-4f5e-ae7b-870dfb7963f3/downloads/bundle?id=000000000000169", filename = "C:\Users\cofc_\AppData\Local\Temp\tmpB848.tmp\rjsec162.ZIP", message = "rjsec162")~~RJStevensMusicPresentationCreator.Program~0000000824
2024-12-14 22:06:20.2260~DEBUG~-> ExtractAllFromFile(zipFileName = "C:\Users\cofc_\AppData\Local\Temp\tmpB848.tmp\rjsec162.ZIP", decompressedFolder = "C:\Users\cofc_\AppData\Local\Temp\tmpB934.tmp", message = "rjsec162")~~RJStevensMusicPresentationCreator.Program~0000000825
2024-12-14 22:06:20.4600~DEBUG~extract completed~~RJStevensMusicPresentationCreator.Program~0000000826
2024-12-14 22:06:20.4600~DEBUG~<- ExtractAllFromFile(zipFileName = "C:\Users\cofc_\AppData\Local\Temp\tmpB848.tmp\rjsec162.ZIP", decompressedFolder = "C:\Users\cofc_\AppData\Local\Temp\tmpB934.tmp", message = "rjsec162")~~RJStevensMusicPresentationCreator.Program~0000000827
2024-12-14 22:06:20.5340~DEBUG~-> DownloadFile(url = "https://faas-nyc1-2ef2e6cc.doserverless.co/api/v1/web/fn-dd7f8f6a-d32a-4f5e-ae7b-870dfb7963f3/downloads/bundle?id=000000000000170", filename = "C:\Users\cofc_\AppData\Local\Temp\tmpBA6D.tmp\rjsec163.ZIP", message = "rjsec163")~~RJStevensMusicPresentationCreator.Program~0000000828
2024-12-14 22:06:20.7310~DEBUG~download completed~~RJStevensMusicPresentationCreator.Program~0000000829
2024-12-14 22:06:20.7310~DEBUG~<- DownloadFile(url = "https://faas-nyc1-2ef2e6cc.doserverless.co/api/v1/web/fn-dd7f8f6a-d32a-4f5e-ae7b-870dfb7963f3/downloads/bundle?id=000000000000170", filename = "C:\Users\cofc_\AppData\Local\Temp\tmpBA6D.tmp\rjsec163.ZIP", message = "rjsec163")~~RJStevensMusicPresentationCreator.Program~0000000830
2024-12-14 22:06:20.7460~DEBUG~-> ExtractAllFromFile(zipFileName = "C:\Users\cofc_\AppData\Local\Temp\tmpBA6D.tmp\rjsec163.ZIP", decompressedFolder = "C:\Users\cofc_\AppData\Local\Temp\tmpBB39.tmp", message = "rjsec163")~~RJStevensMusicPresentationCreator.Program~0000000831
2024-12-14 22:06:20.9911~DEBUG~extract completed~~RJStevensMusicPresentationCreator.Program~0000000832
2024-12-14 22:06:20.9911~DEBUG~<- ExtractAllFromFile(zipFileName = "C:\Users\cofc_\AppData\Local\Temp\tmpBA6D.tmp\rjsec163.ZIP", decompressedFolder = "C:\Users\cofc_\AppData\Local\Temp\tmpBB39.tmp", message = "rjsec163")~~RJStevensMusicPresentationCreator.Program~0000000833
2024-12-14 22:06:21.0561~DEBUG~-> DownloadFile(url = "https://faas-nyc1-2ef2e6cc.doserverless.co/api/v1/web/fn-dd7f8f6a-d32a-4f5e-ae7b-870dfb7963f3/downloads/bundle?id=000000000000171", filename = "C:\Users\cofc_\AppData\Local\Temp\tmpBC73.tmp\rjsec164.ZIP", message = "rjsec164")~~RJStevensMusicPresentationCreator.Program~0000000834
2024-12-14 22:06:21.2721~DEBUG~download completed~~RJStevensMusicPresentationCreator.Program~0000000835
2024-12-14 22:06:21.2721~DEBUG~<- DownloadFile(url = "https://faas-nyc1-2ef2e6cc.doserverless.co/api/v1/web/fn-dd7f8f6a-d32a-4f5e-ae7b-870dfb7963f3/downloads/bundle?id=000000000000171", filename = "C:\Users\cofc_\AppData\Local\Temp\tmpBC73.tmp\rjsec164.ZIP", message = "rjsec164")~~RJStevensMusicPresentationCreator.Program~0000000836
2024-12-14 22:06:21.2841~DEBUG~-> ExtractAllFromFile(zipFileName = "C:\Users\cofc_\AppData\Local\Temp\tmpBC73.tmp\rjsec164.ZIP", decompressedFolder = "C:\Users\cofc_\AppData\Local\Temp\tmpBD5E.tmp", message = "rjsec164")~~RJStevensMusicPresentationCreator.Program~0000000837
2024-12-14 22:06:21.5041~DEBUG~extract completed~~RJStevensMusicPresentationCreator.Program~0000000838
2024-12-14 22:06:21.5041~DEBUG~<- ExtractAllFromFile(zipFileName = "C:\Users\cofc_\AppData\Local\Temp\tmpBC73.tmp\rjsec164.ZIP", decompressedFolder = "C:\Users\cofc_\AppData\Local\Temp\tmpBD5E.tmp", message = "rjsec164")~~RJStevensMusicPresentationCreator.Program~0000000839
2024-12-14 22:06:21.5651~DEBUG~-> DownloadFile(url = "https://faas-nyc1-2ef2e6cc.doserverless.co/api/v1/web/fn-dd7f8f6a-d32a-4f5e-ae7b-870dfb7963f3/downloads/bundle?id=000000000000173", filename = "C:\Users\cofc_\AppData\Local\Temp\tmpBE78.tmp\rjsec166.ZIP", message = "rjsec166")~~RJStevensMusicPresentationCreator.Program~0000000840
2024-12-14 22:06:21.7831~DEBUG~download completed~~RJStevensMusicPresentationCreator.Program~0000000841
2024-12-14 22:06:21.7831~DEBUG~<- DownloadFile(url = "https://faas-nyc1-2ef2e6cc.doserverless.co/api/v1/web/fn-dd7f8f6a-d32a-4f5e-ae7b-870dfb7963f3/downloads/bundle?id=000000000000173", filename = "C:\Users\cofc_\AppData\Local\Temp\tmpBE78.tmp\rjsec166.ZIP", message = "rjsec166")~~RJStevensMusicPresentationCreator.Program~0000000842
2024-12-14 22:06:21.7831~DEBUG~-> ExtractAllFromFile(zipFileName = "C:\Users\cofc_\AppData\Local\Temp\tmpBE78.tmp\rjsec166.ZIP", decompressedFolder = "C:\Users\cofc_\AppData\Local\Temp\tmpBF54.tmp", message = "rjsec166")~~RJStevensMusicPresentationCreator.Program~0000000843
2024-12-14 22:06:22.0001~DEBUG~extract completed~~RJStevensMusicPresentationCreator.Program~0000000844
2024-12-14 22:06:22.0031~DEBUG~<- ExtractAllFromFile(zipFileName = "C:\Users\cofc_\AppData\Local\Temp\tmpBE78.tmp\rjsec166.ZIP", decompressedFolder = "C:\Users\cofc_\AppData\Local\Temp\tmpBF54.tmp", message = "rjsec166")~~RJStevensMusicPresentationCreator.Program~0000000845
2024-12-14 22:06:22.0591~DEBUG~-> DownloadFile(url = "https://faas-nyc1-2ef2e6cc.doserverless.co/api/v1/web/fn-dd7f8f6a-d32a-4f5e-ae7b-870dfb7963f3/downloads/bundle?id=000000000000174", filename = "C:\Users\cofc_\AppData\Local\Temp\tmpC05F.tmp\rjsec167.ZIP", message = "rjsec167")~~RJStevensMusicPresentationCreator.Program~0000000846
2024-12-14 22:06:22.3342~DEBUG~download completed~~RJStevensMusicPresentationCreator.Program~0000000847
2024-12-14 22:06:22.3342~DEBUG~<- DownloadFile(url = "https://faas-nyc1-2ef2e6cc.doserverless.co/api/v1/web/fn-dd7f8f6a-d32a-4f5e-ae7b-870dfb7963f3/downloads/bundle?id=000000000000174", filename = "C:\Users\cofc_\AppData\Local\Temp\tmpC05F.tmp\rjsec167.ZIP", message = "rjsec167")~~RJStevensMusicPresentationCreator.Program~0000000848
2024-12-14 22:06:22.3502~DEBUG~-> ExtractAllFromFile(zipFileName = "C:\Users\cofc_\AppData\Local\Temp\tmpC05F.tmp\rjsec167.ZIP", decompressedFolder = "C:\Users\cofc_\AppData\Local\Temp\tmpC18A.tmp", message = "rjsec167")~~RJStevensMusicPresentationCreator.Program~0000000849
2024-12-14 22:06:22.6492~DEBUG~extract completed~~RJStevensMusicPresentationCreator.Program~0000000850
2024-12-14 22:06:22.6492~DEBUG~<- ExtractAllFromFile(zipFileName = "C:\Users\cofc_\AppData\Local\Temp\tmpC05F.tmp\rjsec167.ZIP", decompressedFolder = "C:\Users\cofc_\AppData\Local\Temp\tmpC18A.tmp", message = "rjsec167")~~RJStevensMusicPresentationCreator.Program~0000000851
2024-12-14 22:06:22.7332~DEBUG~-> DownloadFile(url = "https://faas-nyc1-2ef2e6cc.doserverless.co/api/v1/web/fn-dd7f8f6a-d32a-4f5e-ae7b-870dfb7963f3/downloads/bundle?id=000000000000175", filename = "C:\Users\cofc_\AppData\Local\Temp\tmpC301.tmp\rjsec168.ZIP", message = "rjsec168")~~RJStevensMusicPresentationCreator.Program~0000000852
2024-12-14 22:06:22.9962~DEBUG~download completed~~RJStevensMusicPresentationCreator.Program~0000000853
2024-12-14 22:06:22.9962~DEBUG~<- DownloadFile(url = "https://faas-nyc1-2ef2e6cc.doserverless.co/api/v1/web/fn-dd7f8f6a-d32a-4f5e-ae7b-870dfb7963f3/downloads/bundle?id=000000000000175", filename = "C:\Users\cofc_\AppData\Local\Temp\tmpC301.tmp\rjsec168.ZIP", message = "rjsec168")~~RJStevensMusicPresentationCreator.Program~0000000854
2024-12-14 22:06:23.0092~DEBUG~-> ExtractAllFromFile(zipFileName = "C:\Users\cofc_\AppData\Local\Temp\tmpC301.tmp\rjsec168.ZIP", decompressedFolder = "C:\Users\cofc_\AppData\Local\Temp\tmpC41B.tmp", message = "rjsec168")~~RJStevensMusicPresentationCreator.Program~0000000855
2024-12-14 22:06:23.4562~DEBUG~extract completed~~RJStevensMusicPresentationCreator.Program~0000000856
2024-12-14 22:06:23.4562~DEBUG~<- ExtractAllFromFile(zipFileName = "C:\Users\cofc_\AppData\Local\Temp\tmpC301.tmp\rjsec168.ZIP", decompressedFolder = "C:\Users\cofc_\AppData\Local\Temp\tmpC41B.tmp", message = "rjsec168")~~RJStevensMusicPresentationCreator.Program~0000000857
2024-12-14 22:06:23.5632~DEBUG~-> DownloadFile(url = "https://faas-nyc1-2ef2e6cc.doserverless.co/api/v1/web/fn-dd7f8f6a-d32a-4f5e-ae7b-870dfb7963f3/downloads/bundle?id=000000000000176", filename = "C:\Users\cofc_\AppData\Local\Temp\tmpC63F.tmp\rjsec169.ZIP", message = "rjsec169")~~RJStevensMusicPresentationCreator.Program~0000000858
2024-12-14 22:06:23.8223~DEBUG~download completed~~RJStevensMusicPresentationCreator.Program~0000000859
2024-12-14 22:06:23.8223~DEBUG~<- DownloadFile(url = "https://faas-nyc1-2ef2e6cc.doserverless.co/api/v1/web/fn-dd7f8f6a-d32a-4f5e-ae7b-870dfb7963f3/downloads/bundle?id=000000000000176", filename = "C:\Users\cofc_\AppData\Local\Temp\tmpC63F.tmp\rjsec169.ZIP", message = "rjsec169")~~RJStevensMusicPresentationCreator.Program~0000000860
2024-12-14 22:06:23.8423~DEBUG~-> ExtractAllFromFile(zipFileName = "C:\Users\cofc_\AppData\Local\Temp\tmpC63F.tmp\rjsec169.ZIP", decompressedFolder = "C:\Users\cofc_\AppData\Local\Temp\tmpC759.tmp", message = "rjsec169")~~RJStevensMusicPresentationCreator.Program~0000000861
2024-12-14 22:06:24.0743~DEBUG~extract completed~~RJStevensMusicPresentationCreator.Program~0000000862
2024-12-14 22:06:24.0793~DEBUG~<- ExtractAllFromFile(zipFileName = "C:\Users\cofc_\AppData\Local\Temp\tmpC63F.tmp\rjsec169.ZIP", decompressedFolder = "C:\Users\cofc_\AppData\Local\Temp\tmpC759.tmp", message = "rjsec169")~~RJStevensMusicPresentationCreator.Program~0000000863
2024-12-14 22:06:24.1493~DEBUG~-> DownloadFile(url = "https://faas-nyc1-2ef2e6cc.doserverless.co/api/v1/web/fn-dd7f8f6a-d32a-4f5e-ae7b-870dfb7963f3/downloads/bundle?id=000000000000177", filename = "C:\Users\cofc_\AppData\Local\Temp\tmpC892.tmp\rjsec170.ZIP", message = "rjsec170")~~RJStevensMusicPresentationCreator.Program~0000000864
2024-12-14 22:06:24.3723~DEBUG~download completed~~RJStevensMusicPresentationCreator.Program~0000000865
2024-12-14 22:06:24.3723~DEBUG~<- DownloadFile(url = "https://faas-nyc1-2ef2e6cc.doserverless.co/api/v1/web/fn-dd7f8f6a-d32a-4f5e-ae7b-870dfb7963f3/downloads/bundle?id=000000000000177", filename = "C:\Users\cofc_\AppData\Local\Temp\tmpC892.tmp\rjsec170.ZIP", message = "rjsec170")~~RJStevensMusicPresentationCreator.Program~0000000866
2024-12-14 22:06:24.3893~DEBUG~-> ExtractAllFromFile(zipFileName = "C:\Users\cofc_\AppData\Local\Temp\tmpC892.tmp\rjsec170.ZIP", decompressedFolder = "C:\Users\cofc_\AppData\Local\Temp\tmpC97E.tmp", message = "rjsec170")~~RJStevensMusicPresentationCreator.Program~0000000867
2024-12-14 22:06:24.6733~DEBUG~extract completed~~RJStevensMusicPresentationCreator.Program~0000000868
2024-12-14 22:06:24.6733~DEBUG~<- ExtractAllFromFile(zipFileName = "C:\Users\cofc_\AppData\Local\Temp\tmpC892.tmp\rjsec170.ZIP", decompressedFolder = "C:\Users\cofc_\AppData\Local\Temp\tmpC97E.tmp", message = "rjsec170")~~RJStevensMusicPresentationCreator.Program~0000000869
2024-12-14 22:06:24.7423~DEBUG~-> DownloadFile(url = "https://faas-nyc1-2ef2e6cc.doserverless.co/api/v1/web/fn-dd7f8f6a-d32a-4f5e-ae7b-870dfb7963f3/downloads/bundle?id=000000000000178", filename = "C:\Users\cofc_\AppData\Local\Temp\tmpCAE6.tmp\rjsec171.ZIP", message = "rjsec171")~~RJStevensMusicPresentationCreator.Program~0000000870
2024-12-14 22:06:25.0944~DEBUG~download completed~~RJStevensMusicPresentationCreator.Program~0000000871
2024-12-14 22:06:25.0944~DEBUG~<- DownloadFile(url = "https://faas-nyc1-2ef2e6cc.doserverless.co/api/v1/web/fn-dd7f8f6a-d32a-4f5e-ae7b-870dfb7963f3/downloads/bundle?id=000000000000178", filename = "C:\Users\cofc_\AppData\Local\Temp\tmpCAE6.tmp\rjsec171.ZIP", message = "rjsec171")~~RJStevensMusicPresentationCreator.Program~0000000872
2024-12-14 22:06:25.0944~DEBUG~-> ExtractAllFromFile(zipFileName = "C:\Users\cofc_\AppData\Local\Temp\tmpCAE6.tmp\rjsec171.ZIP", decompressedFolder = "C:\Users\cofc_\AppData\Local\Temp\tmpCC4F.tmp", message = "rjsec171")~~RJStevensMusicPresentationCreator.Program~0000000873
2024-12-14 22:06:25.3224~DEBUG~extract completed~~RJStevensMusicPresentationCreator.Program~0000000874
2024-12-14 22:06:25.3224~DEBUG~<- ExtractAllFromFile(zipFileName = "C:\Users\cofc_\AppData\Local\Temp\tmpCAE6.tmp\rjsec171.ZIP", decompressedFolder = "C:\Users\cofc_\AppData\Local\Temp\tmpCC4F.tmp", message = "rjsec171")~~RJStevensMusicPresentationCreator.Program~0000000875
2024-12-14 22:06:25.3814~DEBUG~-> DownloadFile(url = "https://faas-nyc1-2ef2e6cc.doserverless.co/api/v1/web/fn-dd7f8f6a-d32a-4f5e-ae7b-870dfb7963f3/downloads/bundle?id=000000000000181", filename = "C:\Users\cofc_\AppData\Local\Temp\tmpCD69.tmp\rjsec174.ZIP", message = "rjsec174")~~RJStevensMusicPresentationCreator.Program~0000000876
2024-12-14 22:06:25.5834~DEBUG~download completed~~RJStevensMusicPresentationCreator.Program~0000000877
2024-12-14 22:06:25.5834~DEBUG~<- DownloadFile(url = "https://faas-nyc1-2ef2e6cc.doserverless.co/api/v1/web/fn-dd7f8f6a-d32a-4f5e-ae7b-870dfb7963f3/downloads/bundle?id=000000000000181", filename = "C:\Users\cofc_\AppData\Local\Temp\tmpCD69.tmp\rjsec174.ZIP", message = "rjsec174")~~RJStevensMusicPresentationCreator.Program~0000000878
2024-12-14 22:06:25.5954~DEBUG~-> ExtractAllFromFile(zipFileName = "C:\Users\cofc_\AppData\Local\Temp\tmpCD69.tmp\rjsec174.ZIP", decompressedFolder = "C:\Users\cofc_\AppData\Local\Temp\tmpCE45.tmp", message = "rjsec174")~~RJStevensMusicPresentationCreator.Program~0000000879
2024-12-14 22:06:25.8604~DEBUG~extract completed~~RJStevensMusicPresentationCreator.Program~0000000880
2024-12-14 22:06:25.8604~DEBUG~<- ExtractAllFromFile(zipFileName = "C:\Users\cofc_\AppData\Local\Temp\tmpCD69.tmp\rjsec174.ZIP", decompressedFolder = "C:\Users\cofc_\AppData\Local\Temp\tmpCE45.tmp", message = "rjsec174")~~RJStevensMusicPresentationCreator.Program~0000000881
2024-12-14 22:06:25.9344~DEBUG~-> DownloadFile(url = "https://faas-nyc1-2ef2e6cc.doserverless.co/api/v1/web/fn-dd7f8f6a-d32a-4f5e-ae7b-870dfb7963f3/downloads/bundle?id=000000000000185", filename = "C:\Users\cofc_\AppData\Local\Temp\tmpCF8E.tmp\rjsec178.ZIP", message = "rjsec178")~~RJStevensMusicPresentationCreator.Program~0000000882
2024-12-14 22:06:26.2164~DEBUG~download completed~~RJStevensMusicPresentationCreator.Program~0000000883
2024-12-14 22:06:26.2164~DEBUG~<- DownloadFile(url = "https://faas-nyc1-2ef2e6cc.doserverless.co/api/v1/web/fn-dd7f8f6a-d32a-4f5e-ae7b-870dfb7963f3/downloads/bundle?id=000000000000185", filename = "C:\Users\cofc_\AppData\Local\Temp\tmpCF8E.tmp\rjsec178.ZIP", message = "rjsec178")~~RJStevensMusicPresentationCreator.Program~0000000884
2024-12-14 22:06:26.2374~DEBUG~-> ExtractAllFromFile(zipFileName = "C:\Users\cofc_\AppData\Local\Temp\tmpCF8E.tmp\rjsec178.ZIP", decompressedFolder = "C:\Users\cofc_\AppData\Local\Temp\tmpD0C7.tmp", message = "rjsec178")~~RJStevensMusicPresentationCreator.Program~0000000885
2024-12-14 22:06:26.4645~DEBUG~extract completed~~RJStevensMusicPresentationCreator.Program~0000000886
2024-12-14 22:06:26.4645~DEBUG~<- ExtractAllFromFile(zipFileName = "C:\Users\cofc_\AppData\Local\Temp\tmpCF8E.tmp\rjsec178.ZIP", decompressedFolder = "C:\Users\cofc_\AppData\Local\Temp\tmpD0C7.tmp", message = "rjsec178")~~RJStevensMusicPresentationCreator.Program~0000000887
2024-12-14 22:06:26.5275~DEBUG~-> DownloadFile(url = "https://faas-nyc1-2ef2e6cc.doserverless.co/api/v1/web/fn-dd7f8f6a-d32a-4f5e-ae7b-870dfb7963f3/downloads/bundle?id=000000000000186", filename = "C:\Users\cofc_\AppData\Local\Temp\tmpD1E1.tmp\rjsec179.ZIP", message = "rjsec179")~~RJStevensMusicPresentationCreator.Program~0000000888
2024-12-14 22:06:26.8505~DEBUG~download completed~~RJStevensMusicPresentationCreator.Program~0000000889
2024-12-14 22:06:26.8505~DEBUG~<- DownloadFile(url = "https://faas-nyc1-2ef2e6cc.doserverless.co/api/v1/web/fn-dd7f8f6a-d32a-4f5e-ae7b-870dfb7963f3/downloads/bundle?id=000000000000186", filename = "C:\Users\cofc_\AppData\Local\Temp\tmpD1E1.tmp\rjsec179.ZIP", message = "rjsec179")~~RJStevensMusicPresentationCreator.Program~0000000890
2024-12-14 22:06:26.8675~DEBUG~-> ExtractAllFromFile(zipFileName = "C:\Users\cofc_\AppData\Local\Temp\tmpD1E1.tmp\rjsec179.ZIP", decompressedFolder = "C:\Users\cofc_\AppData\Local\Temp\tmpD33A.tmp", message = "rjsec179")~~RJStevensMusicPresentationCreator.Program~0000000891
2024-12-14 22:06:27.1385~DEBUG~extract completed~~RJStevensMusicPresentationCreator.Program~0000000892
2024-12-14 22:06:27.1425~DEBUG~<- ExtractAllFromFile(zipFileName = "C:\Users\cofc_\AppData\Local\Temp\tmpD1E1.tmp\rjsec179.ZIP", decompressedFolder = "C:\Users\cofc_\AppData\Local\Temp\tmpD33A.tmp", message = "rjsec179")~~RJStevensMusicPresentationCreator.Program~0000000893
2024-12-14 22:06:27.2075~DEBUG~-> DownloadFile(url = "https://faas-nyc1-2ef2e6cc.doserverless.co/api/v1/web/fn-dd7f8f6a-d32a-4f5e-ae7b-870dfb7963f3/downloads/bundle?id=000000000000187", filename = "C:\Users\cofc_\AppData\Local\Temp\tmpD493.tmp\rjsec180.ZIP", message = "rjsec180")~~RJStevensMusicPresentationCreator.Program~0000000894
2024-12-14 22:06:27.4485~DEBUG~download completed~~RJStevensMusicPresentationCreator.Program~0000000895
2024-12-14 22:06:27.4485~DEBUG~<- DownloadFile(url = "https://faas-nyc1-2ef2e6cc.doserverless.co/api/v1/web/fn-dd7f8f6a-d32a-4f5e-ae7b-870dfb7963f3/downloads/bundle?id=000000000000187", filename = "C:\Users\cofc_\AppData\Local\Temp\tmpD493.tmp\rjsec180.ZIP", message = "rjsec180")~~RJStevensMusicPresentationCreator.Program~0000000896
2024-12-14 22:06:27.4605~DEBUG~-> ExtractAllFromFile(zipFileName = "C:\Users\cofc_\AppData\Local\Temp\tmpD493.tmp\rjsec180.ZIP", decompressedFolder = "C:\Users\cofc_\AppData\Local\Temp\tmpD58E.tmp", message = "rjsec180")~~RJStevensMusicPresentationCreator.Program~0000000897
2024-12-14 22:06:27.7499~DEBUG~extract completed~~RJStevensMusicPresentationCreator.Program~0000000898
2024-12-14 22:06:27.7519~DEBUG~<- ExtractAllFromFile(zipFileName = "C:\Users\cofc_\AppData\Local\Temp\tmpD493.tmp\rjsec180.ZIP", decompressedFolder = "C:\Users\cofc_\AppData\Local\Temp\tmpD58E.tmp", message = "rjsec180")~~RJStevensMusicPresentationCreator.Program~0000000899
2024-12-14 22:06:27.8199~DEBUG~-> DownloadFile(url = "https://faas-nyc1-2ef2e6cc.doserverless.co/api/v1/web/fn-dd7f8f6a-d32a-4f5e-ae7b-870dfb7963f3/downloads/bundle?id=000000000000188", filename = "C:\Users\cofc_\AppData\Local\Temp\tmpD6F6.tmp\rjsec181.ZIP", message = "rjsec181")~~RJStevensMusicPresentationCreator.Program~0000000900
2024-12-14 22:06:28.0559~DEBUG~download completed~~RJStevensMusicPresentationCreator.Program~0000000901
2024-12-14 22:06:28.0559~DEBUG~<- DownloadFile(url = "https://faas-nyc1-2ef2e6cc.doserverless.co/api/v1/web/fn-dd7f8f6a-d32a-4f5e-ae7b-870dfb7963f3/downloads/bundle?id=000000000000188", filename = "C:\Users\cofc_\AppData\Local\Temp\tmpD6F6.tmp\rjsec181.ZIP", message = "rjsec181")~~RJStevensMusicPresentationCreator.Program~0000000902
2024-12-14 22:06:28.0659~DEBUG~-> ExtractAllFromFile(zipFileName = "C:\Users\cofc_\AppData\Local\Temp\tmpD6F6.tmp\rjsec181.ZIP", decompressedFolder = "C:\Users\cofc_\AppData\Local\Temp\tmpD7F1.tmp", message = "rjsec181")~~RJStevensMusicPresentationCreator.Program~0000000903
2024-12-14 22:06:28.2497~DEBUG~extract completed~~RJStevensMusicPresentationCreator.Program~0000000904
2024-12-14 22:06:28.2527~DEBUG~<- ExtractAllFromFile(zipFileName = "C:\Users\cofc_\AppData\Local\Temp\tmpD6F6.tmp\rjsec181.ZIP", decompressedFolder = "C:\Users\cofc_\AppData\Local\Temp\tmpD7F1.tmp", message = "rjsec181")~~RJStevensMusicPresentationCreator.Program~0000000905
2024-12-14 22:06:28.3027~DEBUG~-> DownloadFile(url = "https://faas-nyc1-2ef2e6cc.doserverless.co/api/v1/web/fn-dd7f8f6a-d32a-4f5e-ae7b-870dfb7963f3/downloads/bundle?id=000000000000190", filename = "C:\Users\cofc_\AppData\Local\Temp\tmpD8DD.tmp\rjsec183.ZIP", message = "rjsec183")~~RJStevensMusicPresentationCreator.Program~0000000906
2024-12-14 22:06:28.4988~DEBUG~download completed~~RJStevensMusicPresentationCreator.Program~0000000907
2024-12-14 22:06:28.4988~DEBUG~<- DownloadFile(url = "https://faas-nyc1-2ef2e6cc.doserverless.co/api/v1/web/fn-dd7f8f6a-d32a-4f5e-ae7b-870dfb7963f3/downloads/bundle?id=000000000000190", filename = "C:\Users\cofc_\AppData\Local\Temp\tmpD8DD.tmp\rjsec183.ZIP", message = "rjsec183")~~RJStevensMusicPresentationCreator.Program~0000000908
2024-12-14 22:06:28.5098~DEBUG~-> ExtractAllFromFile(zipFileName = "C:\Users\cofc_\AppData\Local\Temp\tmpD8DD.tmp\rjsec183.ZIP", decompressedFolder = "C:\Users\cofc_\AppData\Local\Temp\tmpD9A9.tmp", message = "rjsec183")~~RJStevensMusicPresentationCreator.Program~0000000909
2024-12-14 22:06:28.6858~DEBUG~extract completed~~RJStevensMusicPresentationCreator.Program~0000000910
2024-12-14 22:06:28.6858~DEBUG~<- ExtractAllFromFile(zipFileName = "C:\Users\cofc_\AppData\Local\Temp\tmpD8DD.tmp\rjsec183.ZIP", decompressedFolder = "C:\Users\cofc_\AppData\Local\Temp\tmpD9A9.tmp", message = "rjsec183")~~RJStevensMusicPresentationCreator.Program~0000000911
2024-12-14 22:06:28.7368~DEBUG~-> DownloadFile(url = "https://faas-nyc1-2ef2e6cc.doserverless.co/api/v1/web/fn-dd7f8f6a-d32a-4f5e-ae7b-870dfb7963f3/downloads/bundle?id=000000000000193", filename = "C:\Users\cofc_\AppData\Local\Temp\tmpDA94.tmp\rjsec186.ZIP", message = "rjsec186")~~RJStevensMusicPresentationCreator.Program~0000000912
2024-12-14 22:06:28.9478~DEBUG~download completed~~RJStevensMusicPresentationCreator.Program~0000000913
2024-12-14 22:06:28.9478~DEBUG~<- DownloadFile(url = "https://faas-nyc1-2ef2e6cc.doserverless.co/api/v1/web/fn-dd7f8f6a-d32a-4f5e-ae7b-870dfb7963f3/downloads/bundle?id=000000000000193", filename = "C:\Users\cofc_\AppData\Local\Temp\tmpDA94.tmp\rjsec186.ZIP", message = "rjsec186")~~RJStevensMusicPresentationCreator.Program~0000000914
2024-12-14 22:06:28.9618~DEBUG~-> ExtractAllFromFile(zipFileName = "C:\Users\cofc_\AppData\Local\Temp\tmpDA94.tmp\rjsec186.ZIP", decompressedFolder = "C:\Users\cofc_\AppData\Local\Temp\tmpDB70.tmp", message = "rjsec186")~~RJStevensMusicPresentationCreator.Program~0000000915
2024-12-14 22:06:29.2299~DEBUG~extract completed~~RJStevensMusicPresentationCreator.Program~0000000916
2024-12-14 22:06:29.2299~DEBUG~<- ExtractAllFromFile(zipFileName = "C:\Users\cofc_\AppData\Local\Temp\tmpDA94.tmp\rjsec186.ZIP", decompressedFolder = "C:\Users\cofc_\AppData\Local\Temp\tmpDB70.tmp", message = "rjsec186")~~RJStevensMusicPresentationCreator.Program~0000000917
2024-12-14 22:06:29.3050~DEBUG~-> DownloadFile(url = "https://faas-nyc1-2ef2e6cc.doserverless.co/api/v1/web/fn-dd7f8f6a-d32a-4f5e-ae7b-870dfb7963f3/downloads/bundle?id=000000000000195", filename = "C:\Users\cofc_\AppData\Local\Temp\tmpDCC9.tmp\rjsec188.ZIP", message = "rjsec188")~~RJStevensMusicPresentationCreator.Program~0000000918
2024-12-14 22:06:29.5230~DEBUG~download completed~~RJStevensMusicPresentationCreator.Program~0000000919
2024-12-14 22:06:29.5230~DEBUG~<- DownloadFile(url = "https://faas-nyc1-2ef2e6cc.doserverless.co/api/v1/web/fn-dd7f8f6a-d32a-4f5e-ae7b-870dfb7963f3/downloads/bundle?id=000000000000195", filename = "C:\Users\cofc_\AppData\Local\Temp\tmpDCC9.tmp\rjsec188.ZIP", message = "rjsec188")~~RJStevensMusicPresentationCreator.Program~0000000920
2024-12-14 22:06:29.5370~DEBUG~-> ExtractAllFromFile(zipFileName = "C:\Users\cofc_\AppData\Local\Temp\tmpDCC9.tmp\rjsec188.ZIP", decompressedFolder = "C:\Users\cofc_\AppData\Local\Temp\tmpDDB4.tmp", message = "rjsec188")~~RJStevensMusicPresentationCreator.Program~0000000921
2024-12-14 22:06:29.7857~DEBUG~extract completed~~RJStevensMusicPresentationCreator.Program~0000000922
2024-12-14 22:06:29.7857~DEBUG~<- ExtractAllFromFile(zipFileName = "C:\Users\cofc_\AppData\Local\Temp\tmpDCC9.tmp\rjsec188.ZIP", decompressedFolder = "C:\Users\cofc_\AppData\Local\Temp\tmpDDB4.tmp", message = "rjsec188")~~RJStevensMusicPresentationCreator.Program~0000000923
2024-12-14 22:06:29.8577~DEBUG~-> DownloadFile(url = "https://faas-nyc1-2ef2e6cc.doserverless.co/api/v1/web/fn-dd7f8f6a-d32a-4f5e-ae7b-870dfb7963f3/downloads/bundle?id=000000000000196", filename = "C:\Users\cofc_\AppData\Local\Temp\tmpDEEE.tmp\rjsec189.ZIP", message = "rjsec189")~~RJStevensMusicPresentationCreator.Program~0000000924
2024-12-14 22:06:30.0987~DEBUG~download completed~~RJStevensMusicPresentationCreator.Program~0000000925
2024-12-14 22:06:30.0987~DEBUG~<- DownloadFile(url = "https://faas-nyc1-2ef2e6cc.doserverless.co/api/v1/web/fn-dd7f8f6a-d32a-4f5e-ae7b-870dfb7963f3/downloads/bundle?id=000000000000196", filename = "C:\Users\cofc_\AppData\Local\Temp\tmpDEEE.tmp\rjsec189.ZIP", message = "rjsec189")~~RJStevensMusicPresentationCreator.Program~0000000926
2024-12-14 22:06:30.1147~DEBUG~-> ExtractAllFromFile(zipFileName = "C:\Users\cofc_\AppData\Local\Temp\tmpDEEE.tmp\rjsec189.ZIP", decompressedFolder = "C:\Users\cofc_\AppData\Local\Temp\tmpDFF8.tmp", message = "rjsec189")~~RJStevensMusicPresentationCreator.Program~0000000927
2024-12-14 22:06:30.3527~DEBUG~extract completed~~RJStevensMusicPresentationCreator.Program~0000000928
2024-12-14 22:06:30.3527~DEBUG~<- ExtractAllFromFile(zipFileName = "C:\Users\cofc_\AppData\Local\Temp\tmpDEEE.tmp\rjsec189.ZIP", decompressedFolder = "C:\Users\cofc_\AppData\Local\Temp\tmpDFF8.tmp", message = "rjsec189")~~RJStevensMusicPresentationCreator.Program~0000000929
2024-12-14 22:06:30.4148~DEBUG~-> DownloadFile(url = "https://faas-nyc1-2ef2e6cc.doserverless.co/api/v1/web/fn-dd7f8f6a-d32a-4f5e-ae7b-870dfb7963f3/downloads/bundle?id=000000000000197", filename = "C:\Users\cofc_\AppData\Local\Temp\tmpE122.tmp\rjsec190.ZIP", message = "rjsec190")~~RJStevensMusicPresentationCreator.Program~0000000930
2024-12-14 22:06:30.6788~DEBUG~download completed~~RJStevensMusicPresentationCreator.Program~0000000931
2024-12-14 22:06:30.6788~DEBUG~<- DownloadFile(url = "https://faas-nyc1-2ef2e6cc.doserverless.co/api/v1/web/fn-dd7f8f6a-d32a-4f5e-ae7b-870dfb7963f3/downloads/bundle?id=000000000000197", filename = "C:\Users\cofc_\AppData\Local\Temp\tmpE122.tmp\rjsec190.ZIP", message = "rjsec190")~~RJStevensMusicPresentationCreator.Program~0000000932
2024-12-14 22:06:30.6958~DEBUG~-> ExtractAllFromFile(zipFileName = "C:\Users\cofc_\AppData\Local\Temp\tmpE122.tmp\rjsec190.ZIP", decompressedFolder = "C:\Users\cofc_\AppData\Local\Temp\tmpE23C.tmp", message = "rjsec190")~~RJStevensMusicPresentationCreator.Program~0000000933
2024-12-14 22:06:30.9598~DEBUG~extract completed~~RJStevensMusicPresentationCreator.Program~0000000934
2024-12-14 22:06:30.9598~DEBUG~<- ExtractAllFromFile(zipFileName = "C:\Users\cofc_\AppData\Local\Temp\tmpE122.tmp\rjsec190.ZIP", decompressedFolder = "C:\Users\cofc_\AppData\Local\Temp\tmpE23C.tmp", message = "rjsec190")~~RJStevensMusicPresentationCreator.Program~0000000935
2024-12-14 22:06:31.0288~DEBUG~-> DownloadFile(url = "https://faas-nyc1-2ef2e6cc.doserverless.co/api/v1/web/fn-dd7f8f6a-d32a-4f5e-ae7b-870dfb7963f3/downloads/bundle?id=000000000000198", filename = "C:\Users\cofc_\AppData\Local\Temp\tmpE385.tmp\rjsec191.ZIP", message = "rjsec191")~~RJStevensMusicPresentationCreator.Program~0000000936
2024-12-14 22:06:31.2578~DEBUG~download completed~~RJStevensMusicPresentationCreator.Program~0000000937
2024-12-14 22:06:31.2578~DEBUG~<- DownloadFile(url = "https://faas-nyc1-2ef2e6cc.doserverless.co/api/v1/web/fn-dd7f8f6a-d32a-4f5e-ae7b-870dfb7963f3/downloads/bundle?id=000000000000198", filename = "C:\Users\cofc_\AppData\Local\Temp\tmpE385.tmp\rjsec191.ZIP", message = "rjsec191")~~RJStevensMusicPresentationCreator.Program~0000000938
2024-12-14 22:06:31.2718~DEBUG~-> ExtractAllFromFile(zipFileName = "C:\Users\cofc_\AppData\Local\Temp\tmpE385.tmp\rjsec191.ZIP", decompressedFolder = "C:\Users\cofc_\AppData\Local\Temp\tmpE480.tmp", message = "rjsec191")~~RJStevensMusicPresentationCreator.Program~0000000939
2024-12-14 22:06:31.5038~DEBUG~extract completed~~RJStevensMusicPresentationCreator.Program~0000000940
2024-12-14 22:06:31.5038~DEBUG~<- ExtractAllFromFile(zipFileName = "C:\Users\cofc_\AppData\Local\Temp\tmpE385.tmp\rjsec191.ZIP", decompressedFolder = "C:\Users\cofc_\AppData\Local\Temp\tmpE480.tmp", message = "rjsec191")~~RJStevensMusicPresentationCreator.Program~0000000941
2024-12-14 22:06:31.5658~DEBUG~-> DownloadFile(url = "https://faas-nyc1-2ef2e6cc.doserverless.co/api/v1/web/fn-dd7f8f6a-d32a-4f5e-ae7b-870dfb7963f3/downloads/bundle?id=000000000000200", filename = "C:\Users\cofc_\AppData\Local\Temp\tmpE5AA.tmp\rjsec193.ZIP", message = "rjsec193")~~RJStevensMusicPresentationCreator.Program~0000000942
2024-12-14 22:06:31.7729~DEBUG~download completed~~RJStevensMusicPresentationCreator.Program~0000000943
2024-12-14 22:06:31.7729~DEBUG~<- DownloadFile(url = "https://faas-nyc1-2ef2e6cc.doserverless.co/api/v1/web/fn-dd7f8f6a-d32a-4f5e-ae7b-870dfb7963f3/downloads/bundle?id=000000000000200", filename = "C:\Users\cofc_\AppData\Local\Temp\tmpE5AA.tmp\rjsec193.ZIP", message = "rjsec193")~~RJStevensMusicPresentationCreator.Program~0000000944
2024-12-14 22:06:31.7869~DEBUG~-> ExtractAllFromFile(zipFileName = "C:\Users\cofc_\AppData\Local\Temp\tmpE5AA.tmp\rjsec193.ZIP", decompressedFolder = "C:\Users\cofc_\AppData\Local\Temp\tmpE686.tmp", message = "rjsec193")~~RJStevensMusicPresentationCreator.Program~0000000945
2024-12-14 22:06:32.0089~DEBUG~extract completed~~RJStevensMusicPresentationCreator.Program~0000000946
2024-12-14 22:06:32.0089~DEBUG~<- ExtractAllFromFile(zipFileName = "C:\Users\cofc_\AppData\Local\Temp\tmpE5AA.tmp\rjsec193.ZIP", decompressedFolder = "C:\Users\cofc_\AppData\Local\Temp\tmpE686.tmp", message = "rjsec193")~~RJStevensMusicPresentationCreator.Program~0000000947
2024-12-14 22:06:32.0729~DEBUG~-> DownloadFile(url = "https://faas-nyc1-2ef2e6cc.doserverless.co/api/v1/web/fn-dd7f8f6a-d32a-4f5e-ae7b-870dfb7963f3/downloads/bundle?id=000000000000201", filename = "C:\Users\cofc_\AppData\Local\Temp\tmpE7A0.tmp\rjsec194.ZIP", message = "rjsec194")~~RJStevensMusicPresentationCreator.Program~0000000948
2024-12-14 22:06:32.2969~DEBUG~download completed~~RJStevensMusicPresentationCreator.Program~0000000949
2024-12-14 22:06:32.2979~DEBUG~<- DownloadFile(url = "https://faas-nyc1-2ef2e6cc.doserverless.co/api/v1/web/fn-dd7f8f6a-d32a-4f5e-ae7b-870dfb7963f3/downloads/bundle?id=000000000000201", filename = "C:\Users\cofc_\AppData\Local\Temp\tmpE7A0.tmp\rjsec194.ZIP", message = "rjsec194")~~RJStevensMusicPresentationCreator.Program~0000000950
2024-12-14 22:06:32.2979~DEBUG~-> ExtractAllFromFile(zipFileName = "C:\Users\cofc_\AppData\Local\Temp\tmpE7A0.tmp\rjsec194.ZIP", decompressedFolder = "C:\Users\cofc_\AppData\Local\Temp\tmpE88C.tmp", message = "rjsec194")~~RJStevensMusicPresentationCreator.Program~0000000951
2024-12-14 22:06:32.5693~DEBUG~extract completed~~RJStevensMusicPresentationCreator.Program~0000000952
2024-12-14 22:06:32.5693~DEBUG~<- ExtractAllFromFile(zipFileName = "C:\Users\cofc_\AppData\Local\Temp\tmpE7A0.tmp\rjsec194.ZIP", decompressedFolder = "C:\Users\cofc_\AppData\Local\Temp\tmpE88C.tmp", message = "rjsec194")~~RJStevensMusicPresentationCreator.Program~0000000953
2024-12-14 22:06:32.6313~DEBUG~-> DownloadFile(url = "https://faas-nyc1-2ef2e6cc.doserverless.co/api/v1/web/fn-dd7f8f6a-d32a-4f5e-ae7b-870dfb7963f3/downloads/bundle?id=000000000000203", filename = "C:\Users\cofc_\AppData\Local\Temp\tmpE9D5.tmp\rjsec196.ZIP", message = "rjsec196")~~RJStevensMusicPresentationCreator.Program~0000000954
2024-12-14 22:06:32.8633~DEBUG~download completed~~RJStevensMusicPresentationCreator.Program~0000000955
2024-12-14 22:06:32.8633~DEBUG~<- DownloadFile(url = "https://faas-nyc1-2ef2e6cc.doserverless.co/api/v1/web/fn-dd7f8f6a-d32a-4f5e-ae7b-870dfb7963f3/downloads/bundle?id=000000000000203", filename = "C:\Users\cofc_\AppData\Local\Temp\tmpE9D5.tmp\rjsec196.ZIP", message = "rjsec196")~~RJStevensMusicPresentationCreator.Program~0000000956
2024-12-14 22:06:32.8793~DEBUG~-> ExtractAllFromFile(zipFileName = "C:\Users\cofc_\AppData\Local\Temp\tmpE9D5.tmp\rjsec196.ZIP", decompressedFolder = "C:\Users\cofc_\AppData\Local\Temp\tmpEAD0.tmp", message = "rjsec196")~~RJStevensMusicPresentationCreator.Program~0000000957
2024-12-14 22:06:33.0893~DEBUG~extract completed~~RJStevensMusicPresentationCreator.Program~0000000958
2024-12-14 22:06:33.0943~DEBUG~<- ExtractAllFromFile(zipFileName = "C:\Users\cofc_\AppData\Local\Temp\tmpE9D5.tmp\rjsec196.ZIP", decompressedFolder = "C:\Users\cofc_\AppData\Local\Temp\tmpEAD0.tmp", message = "rjsec196")~~RJStevensMusicPresentationCreator.Program~0000000959
2024-12-14 22:06:33.1663~DEBUG~-> DownloadFile(url = "https://faas-nyc1-2ef2e6cc.doserverless.co/api/v1/web/fn-dd7f8f6a-d32a-4f5e-ae7b-870dfb7963f3/downloads/bundle?id=000000000000204", filename = "C:\Users\cofc_\AppData\Local\Temp\tmpEBEA.tmp\rjsec197.ZIP", message = "rjsec197")~~RJStevensMusicPresentationCreator.Program~0000000960
2024-12-14 22:06:33.3773~DEBUG~download completed~~RJStevensMusicPresentationCreator.Program~0000000961
2024-12-14 22:06:33.3773~DEBUG~<- DownloadFile(url = "https://faas-nyc1-2ef2e6cc.doserverless.co/api/v1/web/fn-dd7f8f6a-d32a-4f5e-ae7b-870dfb7963f3/downloads/bundle?id=000000000000204", filename = "C:\Users\cofc_\AppData\Local\Temp\tmpEBEA.tmp\rjsec197.ZIP", message = "rjsec197")~~RJStevensMusicPresentationCreator.Program~0000000962
2024-12-14 22:06:33.3953~DEBUG~-> ExtractAllFromFile(zipFileName = "C:\Users\cofc_\AppData\Local\Temp\tmpEBEA.tmp\rjsec197.ZIP", decompressedFolder = "C:\Users\cofc_\AppData\Local\Temp\tmpECD5.tmp", message = "rjsec197")~~RJStevensMusicPresentationCreator.Program~0000000963
2024-12-14 22:06:33.6113~DEBUG~extract completed~~RJStevensMusicPresentationCreator.Program~0000000964
2024-12-14 22:06:33.6113~DEBUG~<- ExtractAllFromFile(zipFileName = "C:\Users\cofc_\AppData\Local\Temp\tmpEBEA.tmp\rjsec197.ZIP", decompressedFolder = "C:\Users\cofc_\AppData\Local\Temp\tmpECD5.tmp", message = "rjsec197")~~RJStevensMusicPresentationCreator.Program~0000000965
2024-12-14 22:06:33.6713~DEBUG~-> DownloadFile(url = "https://faas-nyc1-2ef2e6cc.doserverless.co/api/v1/web/fn-dd7f8f6a-d32a-4f5e-ae7b-870dfb7963f3/downloads/bundle?id=000000000000207", filename = "C:\Users\cofc_\AppData\Local\Temp\tmpEDE0.tmp\rjsec200.ZIP", message = "rjsec200")~~RJStevensMusicPresentationCreator.Program~0000000966
2024-12-14 22:06:33.8944~DEBUG~download completed~~RJStevensMusicPresentationCreator.Program~0000000967
2024-12-14 22:06:33.8944~DEBUG~<- DownloadFile(url = "https://faas-nyc1-2ef2e6cc.doserverless.co/api/v1/web/fn-dd7f8f6a-d32a-4f5e-ae7b-870dfb7963f3/downloads/bundle?id=000000000000207", filename = "C:\Users\cofc_\AppData\Local\Temp\tmpEDE0.tmp\rjsec200.ZIP", message = "rjsec200")~~RJStevensMusicPresentationCreator.Program~0000000968
2024-12-14 22:06:33.9094~DEBUG~-> ExtractAllFromFile(zipFileName = "C:\Users\cofc_\AppData\Local\Temp\tmpEDE0.tmp\rjsec200.ZIP", decompressedFolder = "C:\Users\cofc_\AppData\Local\Temp\tmpEEDB.tmp", message = "rjsec200")~~RJStevensMusicPresentationCreator.Program~0000000969
2024-12-14 22:06:34.1704~DEBUG~extract completed~~RJStevensMusicPresentationCreator.Program~0000000970
2024-12-14 22:06:34.1734~DEBUG~<- ExtractAllFromFile(zipFileName = "C:\Users\cofc_\AppData\Local\Temp\tmpEDE0.tmp\rjsec200.ZIP", decompressedFolder = "C:\Users\cofc_\AppData\Local\Temp\tmpEEDB.tmp", message = "rjsec200")~~RJStevensMusicPresentationCreator.Program~0000000971
2024-12-14 22:06:34.2374~DEBUG~-> DownloadFile(url = "https://faas-nyc1-2ef2e6cc.doserverless.co/api/v1/web/fn-dd7f8f6a-d32a-4f5e-ae7b-870dfb7963f3/downloads/bundle?id=000000000000208", filename = "C:\Users\cofc_\AppData\Local\Temp\tmpF024.tmp\rjsec201.ZIP", message = "rjsec201")~~RJStevensMusicPresentationCreator.Program~0000000972
2024-12-14 22:06:34.4794~DEBUG~download completed~~RJStevensMusicPresentationCreator.Program~0000000973
2024-12-14 22:06:34.4794~DEBUG~<- DownloadFile(url = "https://faas-nyc1-2ef2e6cc.doserverless.co/api/v1/web/fn-dd7f8f6a-d32a-4f5e-ae7b-870dfb7963f3/downloads/bundle?id=000000000000208", filename = "C:\Users\cofc_\AppData\Local\Temp\tmpF024.tmp\rjsec201.ZIP", message = "rjsec201")~~RJStevensMusicPresentationCreator.Program~0000000974
2024-12-14 22:06:34.4954~DEBUG~-> ExtractAllFromFile(zipFileName = "C:\Users\cofc_\AppData\Local\Temp\tmpF024.tmp\rjsec201.ZIP", decompressedFolder = "C:\Users\cofc_\AppData\Local\Temp\tmpF11F.tmp", message = "rjsec201")~~RJStevensMusicPresentationCreator.Program~0000000975
2024-12-14 22:06:34.6874~DEBUG~extract completed~~RJStevensMusicPresentationCreator.Program~0000000976
2024-12-14 22:06:34.6894~DEBUG~<- ExtractAllFromFile(zipFileName = "C:\Users\cofc_\AppData\Local\Temp\tmpF024.tmp\rjsec201.ZIP", decompressedFolder = "C:\Users\cofc_\AppData\Local\Temp\tmpF11F.tmp", message = "rjsec201")~~RJStevensMusicPresentationCreator.Program~0000000977
2024-12-14 22:06:34.7384~DEBUG~-> DownloadFile(url = "https://faas-nyc1-2ef2e6cc.doserverless.co/api/v1/web/fn-dd7f8f6a-d32a-4f5e-ae7b-870dfb7963f3/downloads/bundle?id=000000000000209", filename = "C:\Users\cofc_\AppData\Local\Temp\tmpF21A.tmp\rjsec202.ZIP", message = "rjsec202")~~RJStevensMusicPresentationCreator.Program~0000000978
2024-12-14 22:06:34.9604~DEBUG~download completed~~RJStevensMusicPresentationCreator.Program~0000000979
2024-12-14 22:06:34.9604~DEBUG~<- DownloadFile(url = "https://faas-nyc1-2ef2e6cc.doserverless.co/api/v1/web/fn-dd7f8f6a-d32a-4f5e-ae7b-870dfb7963f3/downloads/bundle?id=000000000000209", filename = "C:\Users\cofc_\AppData\Local\Temp\tmpF21A.tmp\rjsec202.ZIP", message = "rjsec202")~~RJStevensMusicPresentationCreator.Program~0000000980
2024-12-14 22:06:34.9764~DEBUG~-> ExtractAllFromFile(zipFileName = "C:\Users\cofc_\AppData\Local\Temp\tmpF21A.tmp\rjsec202.ZIP", decompressedFolder = "C:\Users\cofc_\AppData\Local\Temp\tmpF306.tmp", message = "rjsec202")~~RJStevensMusicPresentationCreator.Program~0000000981
2024-12-14 22:06:35.2155~DEBUG~extract completed~~RJStevensMusicPresentationCreator.Program~0000000982
2024-12-14 22:06:35.2195~DEBUG~<- ExtractAllFromFile(zipFileName = "C:\Users\cofc_\AppData\Local\Temp\tmpF21A.tmp\rjsec202.ZIP", decompressedFolder = "C:\Users\cofc_\AppData\Local\Temp\tmpF306.tmp", message = "rjsec202")~~RJStevensMusicPresentationCreator.Program~0000000983
2024-12-14 22:06:35.2855~DEBUG~-> DownloadFile(url = "https://faas-nyc1-2ef2e6cc.doserverless.co/api/v1/web/fn-dd7f8f6a-d32a-4f5e-ae7b-870dfb7963f3/downloads/bundle?id=000000000000210", filename = "C:\Users\cofc_\AppData\Local\Temp\tmpF43F.tmp\rjsec203.ZIP", message = "rjsec203")~~RJStevensMusicPresentationCreator.Program~0000000984
2024-12-14 22:06:35.5315~DEBUG~download completed~~RJStevensMusicPresentationCreator.Program~0000000985
2024-12-14 22:06:35.5325~DEBUG~<- DownloadFile(url = "https://faas-nyc1-2ef2e6cc.doserverless.co/api/v1/web/fn-dd7f8f6a-d32a-4f5e-ae7b-870dfb7963f3/downloads/bundle?id=000000000000210", filename = "C:\Users\cofc_\AppData\Local\Temp\tmpF43F.tmp\rjsec203.ZIP", message = "rjsec203")~~RJStevensMusicPresentationCreator.Program~0000000986
2024-12-14 22:06:35.5495~DEBUG~-> ExtractAllFromFile(zipFileName = "C:\Users\cofc_\AppData\Local\Temp\tmpF43F.tmp\rjsec203.ZIP", decompressedFolder = "C:\Users\cofc_\AppData\Local\Temp\tmpF54A.tmp", message = "rjsec203")~~RJStevensMusicPresentationCreator.Program~0000000987
2024-12-14 22:06:35.7735~DEBUG~extract completed~~RJStevensMusicPresentationCreator.Program~0000000988
2024-12-14 22:06:35.7735~DEBUG~<- ExtractAllFromFile(zipFileName = "C:\Users\cofc_\AppData\Local\Temp\tmpF43F.tmp\rjsec203.ZIP", decompressedFolder = "C:\Users\cofc_\AppData\Local\Temp\tmpF54A.tmp", message = "rjsec203")~~RJStevensMusicPresentationCreator.Program~0000000989
2024-12-14 22:06:35.8325~DEBUG~-> DownloadFile(url = "https://faas-nyc1-2ef2e6cc.doserverless.co/api/v1/web/fn-dd7f8f6a-d32a-4f5e-ae7b-870dfb7963f3/downloads/bundle?id=000000000000211", filename = "C:\Users\cofc_\AppData\Local\Temp\tmpF664.tmp\rjsec204.ZIP", message = "rjsec204")~~RJStevensMusicPresentationCreator.Program~0000000990
2024-12-14 22:06:36.0515~DEBUG~download completed~~RJStevensMusicPresentationCreator.Program~0000000991
2024-12-14 22:06:36.0515~DEBUG~<- DownloadFile(url = "https://faas-nyc1-2ef2e6cc.doserverless.co/api/v1/web/fn-dd7f8f6a-d32a-4f5e-ae7b-870dfb7963f3/downloads/bundle?id=000000000000211", filename = "C:\Users\cofc_\AppData\Local\Temp\tmpF664.tmp\rjsec204.ZIP", message = "rjsec204")~~RJStevensMusicPresentationCreator.Program~0000000992
2024-12-14 22:06:36.0635~DEBUG~-> ExtractAllFromFile(zipFileName = "C:\Users\cofc_\AppData\Local\Temp\tmpF664.tmp\rjsec204.ZIP", decompressedFolder = "C:\Users\cofc_\AppData\Local\Temp\tmpF74F.tmp", message = "rjsec204")~~RJStevensMusicPresentationCreator.Program~0000000993
2024-12-14 22:06:36.3395~DEBUG~extract completed~~RJStevensMusicPresentationCreator.Program~0000000994
2024-12-14 22:06:36.3395~DEBUG~<- ExtractAllFromFile(zipFileName = "C:\Users\cofc_\AppData\Local\Temp\tmpF664.tmp\rjsec204.ZIP", decompressedFolder = "C:\Users\cofc_\AppData\Local\Temp\tmpF74F.tmp", message = "rjsec204")~~RJStevensMusicPresentationCreator.Program~0000000995
2024-12-14 22:06:36.4126~DEBUG~-> DownloadFile(url = "https://faas-nyc1-2ef2e6cc.doserverless.co/api/v1/web/fn-dd7f8f6a-d32a-4f5e-ae7b-870dfb7963f3/downloads/bundle?id=000000000000212", filename = "C:\Users\cofc_\AppData\Local\Temp\tmpF8A8.tmp\rjsec205.ZIP", message = "rjsec205")~~RJStevensMusicPresentationCreator.Program~0000000996
2024-12-14 22:06:36.6356~DEBUG~download completed~~RJStevensMusicPresentationCreator.Program~0000000997
2024-12-14 22:06:36.6356~DEBUG~<- DownloadFile(url = "https://faas-nyc1-2ef2e6cc.doserverless.co/api/v1/web/fn-dd7f8f6a-d32a-4f5e-ae7b-870dfb7963f3/downloads/bundle?id=000000000000212", filename = "C:\Users\cofc_\AppData\Local\Temp\tmpF8A8.tmp\rjsec205.ZIP", message = "rjsec205")~~RJStevensMusicPresentationCreator.Program~0000000998
2024-12-14 22:06:36.6526~DEBUG~-> ExtractAllFromFile(zipFileName = "C:\Users\cofc_\AppData\Local\Temp\tmpF8A8.tmp\rjsec205.ZIP", decompressedFolder = "C:\Users\cofc_\AppData\Local\Temp\tmpF993.tmp", message = "rjsec205")~~RJStevensMusicPresentationCreator.Program~0000000999
2024-12-14 22:06:36.9046~DEBUG~extract completed~~RJStevensMusicPresentationCreator.Program~0000001000
2024-12-14 22:06:36.9086~DEBUG~<- ExtractAllFromFile(zipFileName = "C:\Users\cofc_\AppData\Local\Temp\tmpF8A8.tmp\rjsec205.ZIP", decompressedFolder = "C:\Users\cofc_\AppData\Local\Temp\tmpF993.tmp", message = "rjsec205")~~RJStevensMusicPresentationCreator.Program~0000001001
2024-12-14 22:06:36.9836~DEBUG~-> DownloadFile(url = "https://faas-nyc1-2ef2e6cc.doserverless.co/api/v1/web/fn-dd7f8f6a-d32a-4f5e-ae7b-870dfb7963f3/downloads/bundle?id=000000000000213", filename = "C:\Users\cofc_\AppData\Local\Temp\tmpFADD.tmp\rjsec206.ZIP", message = "rjsec206")~~RJStevensMusicPresentationCreator.Program~0000001002
2024-12-14 22:06:37.2186~DEBUG~download completed~~RJStevensMusicPresentationCreator.Program~0000001003
2024-12-14 22:06:37.2196~DEBUG~<- DownloadFile(url = "https://faas-nyc1-2ef2e6cc.doserverless.co/api/v1/web/fn-dd7f8f6a-d32a-4f5e-ae7b-870dfb7963f3/downloads/bundle?id=000000000000213", filename = "C:\Users\cofc_\AppData\Local\Temp\tmpFADD.tmp\rjsec206.ZIP", message = "rjsec206")~~RJStevensMusicPresentationCreator.Program~0000001004
2024-12-14 22:06:37.2376~DEBUG~-> ExtractAllFromFile(zipFileName = "C:\Users\cofc_\AppData\Local\Temp\tmpFADD.tmp\rjsec206.ZIP", decompressedFolder = "C:\Users\cofc_\AppData\Local\Temp\tmpFBE7.tmp", message = "rjsec206")~~RJStevensMusicPresentationCreator.Program~0000001005
2024-12-14 22:06:37.5496~DEBUG~extract completed~~RJStevensMusicPresentationCreator.Program~0000001006
2024-12-14 22:06:37.5496~DEBUG~<- ExtractAllFromFile(zipFileName = "C:\Users\cofc_\AppData\Local\Temp\tmpFADD.tmp\rjsec206.ZIP", decompressedFolder = "C:\Users\cofc_\AppData\Local\Temp\tmpFBE7.tmp", message = "rjsec206")~~RJStevensMusicPresentationCreator.Program~0000001007
2024-12-14 22:06:37.6176~DEBUG~-> DownloadFile(url = "https://faas-nyc1-2ef2e6cc.doserverless.co/api/v1/web/fn-dd7f8f6a-d32a-4f5e-ae7b-870dfb7963f3/downloads/bundle?id=000000000000214", filename = "C:\Users\cofc_\AppData\Local\Temp\tmpFD5F.tmp\rjsec207.ZIP", message = "rjsec207")~~RJStevensMusicPresentationCreator.Program~0000001008
2024-12-14 22:06:37.8817~DEBUG~download completed~~RJStevensMusicPresentationCreator.Program~0000001009
2024-12-14 22:06:37.8817~DEBUG~<- DownloadFile(url = "https://faas-nyc1-2ef2e6cc.doserverless.co/api/v1/web/fn-dd7f8f6a-d32a-4f5e-ae7b-870dfb7963f3/downloads/bundle?id=000000000000214", filename = "C:\Users\cofc_\AppData\Local\Temp\tmpFD5F.tmp\rjsec207.ZIP", message = "rjsec207")~~RJStevensMusicPresentationCreator.Program~0000001010
2024-12-14 22:06:37.8957~DEBUG~-> ExtractAllFromFile(zipFileName = "C:\Users\cofc_\AppData\Local\Temp\tmpFD5F.tmp\rjsec207.ZIP", decompressedFolder = "C:\Users\cofc_\AppData\Local\Temp\tmpFE79.tmp", message = "rjsec207")~~RJStevensMusicPresentationCreator.Program~0000001011
2024-12-14 22:06:38.0897~DEBUG~extract completed~~RJStevensMusicPresentationCreator.Program~0000001012
2024-12-14 22:06:38.0897~DEBUG~<- ExtractAllFromFile(zipFileName = "C:\Users\cofc_\AppData\Local\Temp\tmpFD5F.tmp\rjsec207.ZIP", decompressedFolder = "C:\Users\cofc_\AppData\Local\Temp\tmpFE79.tmp", message = "rjsec207")~~RJStevensMusicPresentationCreator.Program~0000001013
2024-12-14 22:06:38.1467~DEBUG~-> DownloadFile(url = "https://faas-nyc1-2ef2e6cc.doserverless.co/api/v1/web/fn-dd7f8f6a-d32a-4f5e-ae7b-870dfb7963f3/downloads/bundle?id=000000000000215", filename = "C:\Users\cofc_\AppData\Local\Temp\tmpFF74.tmp\rjsec208.ZIP", message = "rjsec208")~~RJStevensMusicPresentationCreator.Program~0000001014
2024-12-14 22:06:38.3967~DEBUG~download completed~~RJStevensMusicPresentationCreator.Program~0000001015
2024-12-14 22:06:38.3967~DEBUG~<- DownloadFile(url = "https://faas-nyc1-2ef2e6cc.doserverless.co/api/v1/web/fn-dd7f8f6a-d32a-4f5e-ae7b-870dfb7963f3/downloads/bundle?id=000000000000215", filename = "C:\Users\cofc_\AppData\Local\Temp\tmpFF74.tmp\rjsec208.ZIP", message = "rjsec208")~~RJStevensMusicPresentationCreator.Program~0000001016
2024-12-14 22:06:38.4127~DEBUG~-> ExtractAllFromFile(zipFileName = "C:\Users\cofc_\AppData\Local\Temp\tmpFF74.tmp\rjsec208.ZIP", decompressedFolder = "C:\Users\cofc_\AppData\Local\Temp\tmp7F.tmp", message = "rjsec208")~~RJStevensMusicPresentationCreator.Program~0000001017
2024-12-14 22:06:38.6827~DEBUG~extract completed~~RJStevensMusicPresentationCreator.Program~0000001018
2024-12-14 22:06:38.6827~DEBUG~<- ExtractAllFromFile(zipFileName = "C:\Users\cofc_\AppData\Local\Temp\tmpFF74.tmp\rjsec208.ZIP", decompressedFolder = "C:\Users\cofc_\AppData\Local\Temp\tmp7F.tmp", message = "rjsec208")~~RJStevensMusicPresentationCreator.Program~0000001019
2024-12-14 22:06:38.7477~DEBUG~-> DownloadFile(url = "https://faas-nyc1-2ef2e6cc.doserverless.co/api/v1/web/fn-dd7f8f6a-d32a-4f5e-ae7b-870dfb7963f3/downloads/bundle?id=000000000000216", filename = "C:\Users\cofc_\AppData\Local\Temp\tmp1C8.tmp\rjsec209.ZIP", message = "rjsec209")~~RJStevensMusicPresentationCreator.Program~0000001020
2024-12-14 22:06:38.9667~DEBUG~download completed~~RJStevensMusicPresentationCreator.Program~0000001021
2024-12-14 22:06:38.9667~DEBUG~<- DownloadFile(url = "https://faas-nyc1-2ef2e6cc.doserverless.co/api/v1/web/fn-dd7f8f6a-d32a-4f5e-ae7b-870dfb7963f3/downloads/bundle?id=000000000000216", filename = "C:\Users\cofc_\AppData\Local\Temp\tmp1C8.tmp\rjsec209.ZIP", message = "rjsec209")~~RJStevensMusicPresentationCreator.Program~0000001022
2024-12-14 22:06:38.9787~DEBUG~-> ExtractAllFromFile(zipFileName = "C:\Users\cofc_\AppData\Local\Temp\tmp1C8.tmp\rjsec209.ZIP", decompressedFolder = "C:\Users\cofc_\AppData\Local\Temp\tmp2B4.tmp", message = "rjsec209")~~RJStevensMusicPresentationCreator.Program~0000001023
2024-12-14 22:06:39.1918~DEBUG~extract completed~~RJStevensMusicPresentationCreator.Program~0000001024
2024-12-14 22:06:39.1918~DEBUG~<- ExtractAllFromFile(zipFileName = "C:\Users\cofc_\AppData\Local\Temp\tmp1C8.tmp\rjsec209.ZIP", decompressedFolder = "C:\Users\cofc_\AppData\Local\Temp\tmp2B4.tmp", message = "rjsec209")~~RJStevensMusicPresentationCreator.Program~0000001025
2024-12-14 22:06:39.2548~DEBUG~-> DownloadFile(url = "https://faas-nyc1-2ef2e6cc.doserverless.co/api/v1/web/fn-dd7f8f6a-d32a-4f5e-ae7b-870dfb7963f3/downloads/bundle?id=000000000000217", filename = "C:\Users\cofc_\AppData\Local\Temp\tmp3CE.tmp\rjsec210.ZIP", message = "rjsec210")~~RJStevensMusicPresentationCreator.Program~0000001026
2024-12-14 22:06:39.4918~DEBUG~download completed~~RJStevensMusicPresentationCreator.Program~0000001027
2024-12-14 22:06:39.4918~DEBUG~<- DownloadFile(url = "https://faas-nyc1-2ef2e6cc.doserverless.co/api/v1/web/fn-dd7f8f6a-d32a-4f5e-ae7b-870dfb7963f3/downloads/bundle?id=000000000000217", filename = "C:\Users\cofc_\AppData\Local\Temp\tmp3CE.tmp\rjsec210.ZIP", message = "rjsec210")~~RJStevensMusicPresentationCreator.Program~0000001028
2024-12-14 22:06:39.5108~DEBUG~-> ExtractAllFromFile(zipFileName = "C:\Users\cofc_\AppData\Local\Temp\tmp3CE.tmp\rjsec210.ZIP", decompressedFolder = "C:\Users\cofc_\AppData\Local\Temp\tmp4C9.tmp", message = "rjsec210")~~RJStevensMusicPresentationCreator.Program~0000001029
2024-12-14 22:06:39.8318~DEBUG~extract completed~~RJStevensMusicPresentationCreator.Program~0000001030
2024-12-14 22:06:39.8318~DEBUG~<- ExtractAllFromFile(zipFileName = "C:\Users\cofc_\AppData\Local\Temp\tmp3CE.tmp\rjsec210.ZIP", decompressedFolder = "C:\Users\cofc_\AppData\Local\Temp\tmp4C9.tmp", message = "rjsec210")~~RJStevensMusicPresentationCreator.Program~0000001031
2024-12-14 22:06:39.9138~DEBUG~-> DownloadFile(url = "https://faas-nyc1-2ef2e6cc.doserverless.co/api/v1/web/fn-dd7f8f6a-d32a-4f5e-ae7b-870dfb7963f3/downloads/bundle?id=000000000000218", filename = "C:\Users\cofc_\AppData\Local\Temp\tmp660.tmp\rjsec211.ZIP", message = "rjsec211")~~RJStevensMusicPresentationCreator.Program~0000001032
2024-12-14 22:06:40.1318~DEBUG~download completed~~RJStevensMusicPresentationCreator.Program~0000001033
2024-12-14 22:06:40.1318~DEBUG~<- DownloadFile(url = "https://faas-nyc1-2ef2e6cc.doserverless.co/api/v1/web/fn-dd7f8f6a-d32a-4f5e-ae7b-870dfb7963f3/downloads/bundle?id=000000000000218", filename = "C:\Users\cofc_\AppData\Local\Temp\tmp660.tmp\rjsec211.ZIP", message = "rjsec211")~~RJStevensMusicPresentationCreator.Program~0000001034
2024-12-14 22:06:40.1488~DEBUG~-> ExtractAllFromFile(zipFileName = "C:\Users\cofc_\AppData\Local\Temp\tmp660.tmp\rjsec211.ZIP", decompressedFolder = "C:\Users\cofc_\AppData\Local\Temp\tmp753.tmp", message = "rjsec211")~~RJStevensMusicPresentationCreator.Program~0000001035
2024-12-14 22:06:40.4258~DEBUG~extract completed~~RJStevensMusicPresentationCreator.Program~0000001036
2024-12-14 22:06:40.4258~DEBUG~<- ExtractAllFromFile(zipFileName = "C:\Users\cofc_\AppData\Local\Temp\tmp660.tmp\rjsec211.ZIP", decompressedFolder = "C:\Users\cofc_\AppData\Local\Temp\tmp753.tmp", message = "rjsec211")~~RJStevensMusicPresentationCreator.Program~0000001037
2024-12-14 22:06:40.4879~DEBUG~-> DownloadFile(url = "https://faas-nyc1-2ef2e6cc.doserverless.co/api/v1/web/fn-dd7f8f6a-d32a-4f5e-ae7b-870dfb7963f3/downloads/bundle?id=000000000000219", filename = "C:\Users\cofc_\AppData\Local\Temp\tmp8A4.tmp\rjsec212.ZIP", message = "rjsec212")~~RJStevensMusicPresentationCreator.Program~0000001038
2024-12-14 22:06:40.7339~DEBUG~download completed~~RJStevensMusicPresentationCreator.Program~0000001039
2024-12-14 22:06:40.7349~DEBUG~<- DownloadFile(url = "https://faas-nyc1-2ef2e6cc.doserverless.co/api/v1/web/fn-dd7f8f6a-d32a-4f5e-ae7b-870dfb7963f3/downloads/bundle?id=000000000000219", filename = "C:\Users\cofc_\AppData\Local\Temp\tmp8A4.tmp\rjsec212.ZIP", message = "rjsec212")~~RJStevensMusicPresentationCreator.Program~0000001040
2024-12-14 22:06:40.7349~DEBUG~-> ExtractAllFromFile(zipFileName = "C:\Users\cofc_\AppData\Local\Temp\tmp8A4.tmp\rjsec212.ZIP", decompressedFolder = "C:\Users\cofc_\AppData\Local\Temp\tmp99F.tmp", message = "rjsec212")~~RJStevensMusicPresentationCreator.Program~0000001041
2024-12-14 22:06:40.9869~DEBUG~extract completed~~RJStevensMusicPresentationCreator.Program~0000001042
2024-12-14 22:06:40.9869~DEBUG~<- ExtractAllFromFile(zipFileName = "C:\Users\cofc_\AppData\Local\Temp\tmp8A4.tmp\rjsec212.ZIP", decompressedFolder = "C:\Users\cofc_\AppData\Local\Temp\tmp99F.tmp", message = "rjsec212")~~RJStevensMusicPresentationCreator.Program~0000001043
2024-12-14 22:06:41.0459~DEBUG~-> DownloadFile(url = "https://faas-nyc1-2ef2e6cc.doserverless.co/api/v1/web/fn-dd7f8f6a-d32a-4f5e-ae7b-870dfb7963f3/downloads/bundle?id=000000000000220", filename = "C:\Users\cofc_\AppData\Local\Temp\tmpAC9.tmp\rjsec213.ZIP", message = "rjsec213")~~RJStevensMusicPresentationCreator.Program~0000001044
2024-12-14 22:06:41.2959~DEBUG~download completed~~RJStevensMusicPresentationCreator.Program~0000001045
2024-12-14 22:06:41.2959~DEBUG~<- DownloadFile(url = "https://faas-nyc1-2ef2e6cc.doserverless.co/api/v1/web/fn-dd7f8f6a-d32a-4f5e-ae7b-870dfb7963f3/downloads/bundle?id=000000000000220", filename = "C:\Users\cofc_\AppData\Local\Temp\tmpAC9.tmp\rjsec213.ZIP", message = "rjsec213")~~RJStevensMusicPresentationCreator.Program~0000001046
2024-12-14 22:06:41.3149~DEBUG~-> ExtractAllFromFile(zipFileName = "C:\Users\cofc_\AppData\Local\Temp\tmpAC9.tmp\rjsec213.ZIP", decompressedFolder = "C:\Users\cofc_\AppData\Local\Temp\tmpBE3.tmp", message = "rjsec213")~~RJStevensMusicPresentationCreator.Program~0000001047
2024-12-14 22:06:41.5409~DEBUG~extract completed~~RJStevensMusicPresentationCreator.Program~0000001048
2024-12-14 22:06:41.5409~DEBUG~<- ExtractAllFromFile(zipFileName = "C:\Users\cofc_\AppData\Local\Temp\tmpAC9.tmp\rjsec213.ZIP", decompressedFolder = "C:\Users\cofc_\AppData\Local\Temp\tmpBE3.tmp", message = "rjsec213")~~RJStevensMusicPresentationCreator.Program~0000001049
2024-12-14 22:06:41.6119~DEBUG~-> DownloadFile(url = "https://faas-nyc1-2ef2e6cc.doserverless.co/api/v1/web/fn-dd7f8f6a-d32a-4f5e-ae7b-870dfb7963f3/downloads/bundle?id=000000000000223", filename = "C:\Users\cofc_\AppData\Local\Temp\tmpD0D.tmp\rjsec216.ZIP", message = "rjsec216")~~RJStevensMusicPresentationCreator.Program~0000001050
2024-12-14 22:06:41.8450~DEBUG~download completed~~RJStevensMusicPresentationCreator.Program~0000001051
2024-12-14 22:06:41.8450~DEBUG~<- DownloadFile(url = "https://faas-nyc1-2ef2e6cc.doserverless.co/api/v1/web/fn-dd7f8f6a-d32a-4f5e-ae7b-870dfb7963f3/downloads/bundle?id=000000000000223", filename = "C:\Users\cofc_\AppData\Local\Temp\tmpD0D.tmp\rjsec216.ZIP", message = "rjsec216")~~RJStevensMusicPresentationCreator.Program~0000001052
2024-12-14 22:06:41.8450~DEBUG~-> ExtractAllFromFile(zipFileName = "C:\Users\cofc_\AppData\Local\Temp\tmpD0D.tmp\rjsec216.ZIP", decompressedFolder = "C:\Users\cofc_\AppData\Local\Temp\tmpDF9.tmp", message = "rjsec216")~~RJStevensMusicPresentationCreator.Program~0000001053
2024-12-14 22:06:42.0860~DEBUG~extract completed~~RJStevensMusicPresentationCreator.Program~0000001054
2024-12-14 22:06:42.0860~DEBUG~<- ExtractAllFromFile(zipFileName = "C:\Users\cofc_\AppData\Local\Temp\tmpD0D.tmp\rjsec216.ZIP", decompressedFolder = "C:\Users\cofc_\AppData\Local\Temp\tmpDF9.tmp", message = "rjsec216")~~RJStevensMusicPresentationCreator.Program~0000001055
2024-12-14 22:06:42.1530~DEBUG~-> DownloadFile(url = "https://faas-nyc1-2ef2e6cc.doserverless.co/api/v1/web/fn-dd7f8f6a-d32a-4f5e-ae7b-870dfb7963f3/downloads/bundle?id=000000000000225", filename = "C:\Users\cofc_\AppData\Local\Temp\tmpF22.tmp\rjsec218.ZIP", message = "rjsec218")~~RJStevensMusicPresentationCreator.Program~0000001056
2024-12-14 22:06:42.3660~DEBUG~download completed~~RJStevensMusicPresentationCreator.Program~0000001057
2024-12-14 22:06:42.3660~DEBUG~<- DownloadFile(url = "https://faas-nyc1-2ef2e6cc.doserverless.co/api/v1/web/fn-dd7f8f6a-d32a-4f5e-ae7b-870dfb7963f3/downloads/bundle?id=000000000000225", filename = "C:\Users\cofc_\AppData\Local\Temp\tmpF22.tmp\rjsec218.ZIP", message = "rjsec218")~~RJStevensMusicPresentationCreator.Program~0000001058
2024-12-14 22:06:42.3820~DEBUG~-> ExtractAllFromFile(zipFileName = "C:\Users\cofc_\AppData\Local\Temp\tmpF22.tmp\rjsec218.ZIP", decompressedFolder = "C:\Users\cofc_\AppData\Local\Temp\tmp100E.tmp", message = "rjsec218")~~RJStevensMusicPresentationCreator.Program~0000001059
2024-12-14 22:06:42.6310~DEBUG~extract completed~~RJStevensMusicPresentationCreator.Program~0000001060
2024-12-14 22:06:42.6310~DEBUG~<- ExtractAllFromFile(zipFileName = "C:\Users\cofc_\AppData\Local\Temp\tmpF22.tmp\rjsec218.ZIP", decompressedFolder = "C:\Users\cofc_\AppData\Local\Temp\tmp100E.tmp", message = "rjsec218")~~RJStevensMusicPresentationCreator.Program~0000001061
2024-12-14 22:06:42.7000~DEBUG~-> DownloadFile(url = "https://faas-nyc1-2ef2e6cc.doserverless.co/api/v1/web/fn-dd7f8f6a-d32a-4f5e-ae7b-870dfb7963f3/downloads/bundle?id=000000000000226", filename = "C:\Users\cofc_\AppData\Local\Temp\tmp1147.tmp\rjsec219.ZIP", message = "rjsec219")~~RJStevensMusicPresentationCreator.Program~0000001062
2024-12-14 22:06:42.9140~DEBUG~download completed~~RJStevensMusicPresentationCreator.Program~0000001063
2024-12-14 22:06:42.9140~DEBUG~<- DownloadFile(url = "https://faas-nyc1-2ef2e6cc.doserverless.co/api/v1/web/fn-dd7f8f6a-d32a-4f5e-ae7b-870dfb7963f3/downloads/bundle?id=000000000000226", filename = "C:\Users\cofc_\AppData\Local\Temp\tmp1147.tmp\rjsec219.ZIP", message = "rjsec219")~~RJStevensMusicPresentationCreator.Program~0000001064
2024-12-14 22:06:42.9290~DEBUG~-> ExtractAllFromFile(zipFileName = "C:\Users\cofc_\AppData\Local\Temp\tmp1147.tmp\rjsec219.ZIP", decompressedFolder = "C:\Users\cofc_\AppData\Local\Temp\tmp1233.tmp", message = "rjsec219")~~RJStevensMusicPresentationCreator.Program~0000001065
2024-12-14 22:06:43.1820~DEBUG~extract completed~~RJStevensMusicPresentationCreator.Program~0000001066
2024-12-14 22:06:43.1820~DEBUG~<- ExtractAllFromFile(zipFileName = "C:\Users\cofc_\AppData\Local\Temp\tmp1147.tmp\rjsec219.ZIP", decompressedFolder = "C:\Users\cofc_\AppData\Local\Temp\tmp1233.tmp", message = "rjsec219")~~RJStevensMusicPresentationCreator.Program~0000001067
2024-12-14 22:06:43.2431~DEBUG~-> DownloadFile(url = "https://faas-nyc1-2ef2e6cc.doserverless.co/api/v1/web/fn-dd7f8f6a-d32a-4f5e-ae7b-870dfb7963f3/downloads/bundle?id=000000000000227", filename = "C:\Users\cofc_\AppData\Local\Temp\tmp136C.tmp\rjsec220.ZIP", message = "rjsec220")~~RJStevensMusicPresentationCreator.Program~0000001068
2024-12-14 22:06:43.4831~DEBUG~download completed~~RJStevensMusicPresentationCreator.Program~0000001069
2024-12-14 22:06:43.4831~DEBUG~<- DownloadFile(url = "https://faas-nyc1-2ef2e6cc.doserverless.co/api/v1/web/fn-dd7f8f6a-d32a-4f5e-ae7b-870dfb7963f3/downloads/bundle?id=000000000000227", filename = "C:\Users\cofc_\AppData\Local\Temp\tmp136C.tmp\rjsec220.ZIP", message = "rjsec220")~~RJStevensMusicPresentationCreator.Program~0000001070
2024-12-14 22:06:43.4991~DEBUG~-> ExtractAllFromFile(zipFileName = "C:\Users\cofc_\AppData\Local\Temp\tmp136C.tmp\rjsec220.ZIP", decompressedFolder = "C:\Users\cofc_\AppData\Local\Temp\tmp1467.tmp", message = "rjsec220")~~RJStevensMusicPresentationCreator.Program~0000001071
2024-12-14 22:06:43.7581~DEBUG~extract completed~~RJStevensMusicPresentationCreator.Program~0000001072
2024-12-14 22:06:43.7581~DEBUG~<- ExtractAllFromFile(zipFileName = "C:\Users\cofc_\AppData\Local\Temp\tmp136C.tmp\rjsec220.ZIP", decompressedFolder = "C:\Users\cofc_\AppData\Local\Temp\tmp1467.tmp", message = "rjsec220")~~RJStevensMusicPresentationCreator.Program~0000001073
2024-12-14 22:06:43.8271~DEBUG~-> DownloadFile(url = "https://faas-nyc1-2ef2e6cc.doserverless.co/api/v1/web/fn-dd7f8f6a-d32a-4f5e-ae7b-870dfb7963f3/downloads/bundle?id=000000000000228", filename = "C:\Users\cofc_\AppData\Local\Temp\tmp15B0.tmp\rjsec221.ZIP", message = "rjsec221")~~RJStevensMusicPresentationCreator.Program~0000001074
2024-12-14 22:06:44.0531~DEBUG~download completed~~RJStevensMusicPresentationCreator.Program~0000001075
2024-12-14 22:06:44.0531~DEBUG~<- DownloadFile(url = "https://faas-nyc1-2ef2e6cc.doserverless.co/api/v1/web/fn-dd7f8f6a-d32a-4f5e-ae7b-870dfb7963f3/downloads/bundle?id=000000000000228", filename = "C:\Users\cofc_\AppData\Local\Temp\tmp15B0.tmp\rjsec221.ZIP", message = "rjsec221")~~RJStevensMusicPresentationCreator.Program~0000001076
2024-12-14 22:06:44.0681~DEBUG~-> ExtractAllFromFile(zipFileName = "C:\Users\cofc_\AppData\Local\Temp\tmp15B0.tmp\rjsec221.ZIP", decompressedFolder = "C:\Users\cofc_\AppData\Local\Temp\tmp16AB.tmp", message = "rjsec221")~~RJStevensMusicPresentationCreator.Program~0000001077
2024-12-14 22:06:44.3741~DEBUG~extract completed~~RJStevensMusicPresentationCreator.Program~0000001078
2024-12-14 22:06:44.3771~DEBUG~<- ExtractAllFromFile(zipFileName = "C:\Users\cofc_\AppData\Local\Temp\tmp15B0.tmp\rjsec221.ZIP", decompressedFolder = "C:\Users\cofc_\AppData\Local\Temp\tmp16AB.tmp", message = "rjsec221")~~RJStevensMusicPresentationCreator.Program~0000001079
2024-12-14 22:06:44.4511~DEBUG~-> DownloadFile(url = "https://faas-nyc1-2ef2e6cc.doserverless.co/api/v1/web/fn-dd7f8f6a-d32a-4f5e-ae7b-870dfb7963f3/downloads/bundle?id=000000000000229", filename = "C:\Users\cofc_\AppData\Local\Temp\tmp1823.tmp\rjsec222.ZIP", message = "rjsec222")~~RJStevensMusicPresentationCreator.Program~0000001080
2024-12-14 22:06:44.6612~DEBUG~download completed~~RJStevensMusicPresentationCreator.Program~0000001081
2024-12-14 22:06:44.6612~DEBUG~<- DownloadFile(url = "https://faas-nyc1-2ef2e6cc.doserverless.co/api/v1/web/fn-dd7f8f6a-d32a-4f5e-ae7b-870dfb7963f3/downloads/bundle?id=000000000000229", filename = "C:\Users\cofc_\AppData\Local\Temp\tmp1823.tmp\rjsec222.ZIP", message = "rjsec222")~~RJStevensMusicPresentationCreator.Program~0000001082
2024-12-14 22:06:44.6762~DEBUG~-> ExtractAllFromFile(zipFileName = "C:\Users\cofc_\AppData\Local\Temp\tmp1823.tmp\rjsec222.ZIP", decompressedFolder = "C:\Users\cofc_\AppData\Local\Temp\tmp190F.tmp", message = "rjsec222")~~RJStevensMusicPresentationCreator.Program~0000001083
2024-12-14 22:06:44.9282~DEBUG~extract completed~~RJStevensMusicPresentationCreator.Program~0000001084
2024-12-14 22:06:44.9282~DEBUG~<- ExtractAllFromFile(zipFileName = "C:\Users\cofc_\AppData\Local\Temp\tmp1823.tmp\rjsec222.ZIP", decompressedFolder = "C:\Users\cofc_\AppData\Local\Temp\tmp190F.tmp", message = "rjsec222")~~RJStevensMusicPresentationCreator.Program~0000001085
2024-12-14 22:06:44.9892~DEBUG~-> DownloadFile(url = "https://faas-nyc1-2ef2e6cc.doserverless.co/api/v1/web/fn-dd7f8f6a-d32a-4f5e-ae7b-870dfb7963f3/downloads/bundle?id=000000000000230", filename = "C:\Users\cofc_\AppData\Local\Temp\tmp1A48.tmp\rjsec223.ZIP", message = "rjsec223")~~RJStevensMusicPresentationCreator.Program~0000001086
2024-12-14 22:06:45.1952~DEBUG~download completed~~RJStevensMusicPresentationCreator.Program~0000001087
2024-12-14 22:06:45.1952~DEBUG~<- DownloadFile(url = "https://faas-nyc1-2ef2e6cc.doserverless.co/api/v1/web/fn-dd7f8f6a-d32a-4f5e-ae7b-870dfb7963f3/downloads/bundle?id=000000000000230", filename = "C:\Users\cofc_\AppData\Local\Temp\tmp1A48.tmp\rjsec223.ZIP", message = "rjsec223")~~RJStevensMusicPresentationCreator.Program~0000001088
2024-12-14 22:06:45.2082~DEBUG~-> ExtractAllFromFile(zipFileName = "C:\Users\cofc_\AppData\Local\Temp\tmp1A48.tmp\rjsec223.ZIP", decompressedFolder = "C:\Users\cofc_\AppData\Local\Temp\tmp1B24.tmp", message = "rjsec223")~~RJStevensMusicPresentationCreator.Program~0000001089
2024-12-14 22:06:45.4072~DEBUG~extract completed~~RJStevensMusicPresentationCreator.Program~0000001090
2024-12-14 22:06:45.4072~DEBUG~<- ExtractAllFromFile(zipFileName = "C:\Users\cofc_\AppData\Local\Temp\tmp1A48.tmp\rjsec223.ZIP", decompressedFolder = "C:\Users\cofc_\AppData\Local\Temp\tmp1B24.tmp", message = "rjsec223")~~RJStevensMusicPresentationCreator.Program~0000001091
2024-12-14 22:06:45.5092~DEBUG~-> DownloadFile(url = "https://faas-nyc1-2ef2e6cc.doserverless.co/api/v1/web/fn-dd7f8f6a-d32a-4f5e-ae7b-870dfb7963f3/downloads/bundle?id=000000000000232", filename = "C:\Users\cofc_\AppData\Local\Temp\tmp1C4E.tmp\rjsec225.ZIP", message = "rjsec225")~~RJStevensMusicPresentationCreator.Program~0000001092
2024-12-14 22:06:45.7132~DEBUG~download completed~~RJStevensMusicPresentationCreator.Program~0000001093
2024-12-14 22:06:45.7132~DEBUG~<- DownloadFile(url = "https://faas-nyc1-2ef2e6cc.doserverless.co/api/v1/web/fn-dd7f8f6a-d32a-4f5e-ae7b-870dfb7963f3/downloads/bundle?id=000000000000232", filename = "C:\Users\cofc_\AppData\Local\Temp\tmp1C4E.tmp\rjsec225.ZIP", message = "rjsec225")~~RJStevensMusicPresentationCreator.Program~0000001094
2024-12-14 22:06:45.7282~DEBUG~-> ExtractAllFromFile(zipFileName = "C:\Users\cofc_\AppData\Local\Temp\tmp1C4E.tmp\rjsec225.ZIP", decompressedFolder = "C:\Users\cofc_\AppData\Local\Temp\tmp1D2A.tmp", message = "rjsec225")~~RJStevensMusicPresentationCreator.Program~0000001095
2024-12-14 22:06:45.9513~DEBUG~extract completed~~RJStevensMusicPresentationCreator.Program~0000001096
2024-12-14 22:06:45.9513~DEBUG~<- ExtractAllFromFile(zipFileName = "C:\Users\cofc_\AppData\Local\Temp\tmp1C4E.tmp\rjsec225.ZIP", decompressedFolder = "C:\Users\cofc_\AppData\Local\Temp\tmp1D2A.tmp", message = "rjsec225")~~RJStevensMusicPresentationCreator.Program~0000001097
2024-12-14 22:06:46.0143~DEBUG~-> DownloadFile(url = "https://faas-nyc1-2ef2e6cc.doserverless.co/api/v1/web/fn-dd7f8f6a-d32a-4f5e-ae7b-870dfb7963f3/downloads/bundle?id=000000000000233", filename = "C:\Users\cofc_\AppData\Local\Temp\tmp1E44.tmp\rjsec226.ZIP", message = "rjsec226")~~RJStevensMusicPresentationCreator.Program~0000001098
2024-12-14 22:06:46.2503~DEBUG~download completed~~RJStevensMusicPresentationCreator.Program~0000001099
2024-12-14 22:06:46.2513~DEBUG~<- DownloadFile(url = "https://faas-nyc1-2ef2e6cc.doserverless.co/api/v1/web/fn-dd7f8f6a-d32a-4f5e-ae7b-870dfb7963f3/downloads/bundle?id=000000000000233", filename = "C:\Users\cofc_\AppData\Local\Temp\tmp1E44.tmp\rjsec226.ZIP", message = "rjsec226")~~RJStevensMusicPresentationCreator.Program~0000001100
2024-12-14 22:06:46.2513~DEBUG~-> ExtractAllFromFile(zipFileName = "C:\Users\cofc_\AppData\Local\Temp\tmp1E44.tmp\rjsec226.ZIP", decompressedFolder = "C:\Users\cofc_\AppData\Local\Temp\tmp1F3F.tmp", message = "rjsec226")~~RJStevensMusicPresentationCreator.Program~0000001101
2024-12-14 22:06:46.5063~DEBUG~extract completed~~RJStevensMusicPresentationCreator.Program~0000001102
2024-12-14 22:06:46.5063~DEBUG~<- ExtractAllFromFile(zipFileName = "C:\Users\cofc_\AppData\Local\Temp\tmp1E44.tmp\rjsec226.ZIP", decompressedFolder = "C:\Users\cofc_\AppData\Local\Temp\tmp1F3F.tmp", message = "rjsec226")~~RJStevensMusicPresentationCreator.Program~0000001103
2024-12-14 22:06:46.5733~DEBUG~-> DownloadFile(url = "https://faas-nyc1-2ef2e6cc.doserverless.co/api/v1/web/fn-dd7f8f6a-d32a-4f5e-ae7b-870dfb7963f3/downloads/bundle?id=000000000000234", filename = "C:\Users\cofc_\AppData\Local\Temp\tmp2078.tmp\rjsec227.ZIP", message = "rjsec227")~~RJStevensMusicPresentationCreator.Program~0000001104
2024-12-14 22:06:46.7933~DEBUG~download completed~~RJStevensMusicPresentationCreator.Program~0000001105
2024-12-14 22:06:46.7933~DEBUG~<- DownloadFile(url = "https://faas-nyc1-2ef2e6cc.doserverless.co/api/v1/web/fn-dd7f8f6a-d32a-4f5e-ae7b-870dfb7963f3/downloads/bundle?id=000000000000234", filename = "C:\Users\cofc_\AppData\Local\Temp\tmp2078.tmp\rjsec227.ZIP", message = "rjsec227")~~RJStevensMusicPresentationCreator.Program~0000001106
2024-12-14 22:06:46.8103~DEBUG~-> ExtractAllFromFile(zipFileName = "C:\Users\cofc_\AppData\Local\Temp\tmp2078.tmp\rjsec227.ZIP", decompressedFolder = "C:\Users\cofc_\AppData\Local\Temp\tmp2164.tmp", message = "rjsec227")~~RJStevensMusicPresentationCreator.Program~0000001107
2024-12-14 22:06:47.0493~DEBUG~extract completed~~RJStevensMusicPresentationCreator.Program~0000001108
2024-12-14 22:06:47.0493~DEBUG~<- ExtractAllFromFile(zipFileName = "C:\Users\cofc_\AppData\Local\Temp\tmp2078.tmp\rjsec227.ZIP", decompressedFolder = "C:\Users\cofc_\AppData\Local\Temp\tmp2164.tmp", message = "rjsec227")~~RJStevensMusicPresentationCreator.Program~0000001109
2024-12-14 22:06:47.1083~DEBUG~-> DownloadFile(url = "https://faas-nyc1-2ef2e6cc.doserverless.co/api/v1/web/fn-dd7f8f6a-d32a-4f5e-ae7b-870dfb7963f3/downloads/bundle?id=000000000000235", filename = "C:\Users\cofc_\AppData\Local\Temp\tmp228E.tmp\rjsec228.ZIP", message = "rjsec228")~~RJStevensMusicPresentationCreator.Program~0000001110
2024-12-14 22:06:47.3234~DEBUG~download completed~~RJStevensMusicPresentationCreator.Program~0000001111
2024-12-14 22:06:47.3234~DEBUG~<- DownloadFile(url = "https://faas-nyc1-2ef2e6cc.doserverless.co/api/v1/web/fn-dd7f8f6a-d32a-4f5e-ae7b-870dfb7963f3/downloads/bundle?id=000000000000235", filename = "C:\Users\cofc_\AppData\Local\Temp\tmp228E.tmp\rjsec228.ZIP", message = "rjsec228")~~RJStevensMusicPresentationCreator.Program~0000001112
2024-12-14 22:06:47.3364~DEBUG~-> ExtractAllFromFile(zipFileName = "C:\Users\cofc_\AppData\Local\Temp\tmp228E.tmp\rjsec228.ZIP", decompressedFolder = "C:\Users\cofc_\AppData\Local\Temp\tmp2379.tmp", message = "rjsec228")~~RJStevensMusicPresentationCreator.Program~0000001113
2024-12-14 22:06:47.6344~DEBUG~extract completed~~RJStevensMusicPresentationCreator.Program~0000001114
2024-12-14 22:06:47.6544~DEBUG~<- ExtractAllFromFile(zipFileName = "C:\Users\cofc_\AppData\Local\Temp\tmp228E.tmp\rjsec228.ZIP", decompressedFolder = "C:\Users\cofc_\AppData\Local\Temp\tmp2379.tmp", message = "rjsec228")~~RJStevensMusicPresentationCreator.Program~0000001115
2024-12-14 22:06:47.7724~DEBUG~-> DownloadFile(url = "https://faas-nyc1-2ef2e6cc.doserverless.co/api/v1/web/fn-dd7f8f6a-d32a-4f5e-ae7b-870dfb7963f3/downloads/bundle?id=000000000000236", filename = "C:\Users\cofc_\AppData\Local\Temp\tmp252F.tmp\rjsec229.ZIP", message = "rjsec229")~~RJStevensMusicPresentationCreator.Program~0000001116
2024-12-14 22:06:47.9894~DEBUG~download completed~~RJStevensMusicPresentationCreator.Program~0000001117
2024-12-14 22:06:47.9894~DEBUG~<- DownloadFile(url = "https://faas-nyc1-2ef2e6cc.doserverless.co/api/v1/web/fn-dd7f8f6a-d32a-4f5e-ae7b-870dfb7963f3/downloads/bundle?id=000000000000236", filename = "C:\Users\cofc_\AppData\Local\Temp\tmp252F.tmp\rjsec229.ZIP", message = "rjsec229")~~RJStevensMusicPresentationCreator.Program~0000001118
2024-12-14 22:06:48.0044~DEBUG~-> ExtractAllFromFile(zipFileName = "C:\Users\cofc_\AppData\Local\Temp\tmp252F.tmp\rjsec229.ZIP", decompressedFolder = "C:\Users\cofc_\AppData\Local\Temp\tmp261B.tmp", message = "rjsec229")~~RJStevensMusicPresentationCreator.Program~0000001119
2024-12-14 22:06:48.3354~DEBUG~extract completed~~RJStevensMusicPresentationCreator.Program~0000001120
2024-12-14 22:06:48.3354~DEBUG~<- ExtractAllFromFile(zipFileName = "C:\Users\cofc_\AppData\Local\Temp\tmp252F.tmp\rjsec229.ZIP", decompressedFolder = "C:\Users\cofc_\AppData\Local\Temp\tmp261B.tmp", message = "rjsec229")~~RJStevensMusicPresentationCreator.Program~0000001121
2024-12-14 22:06:48.4184~DEBUG~-> DownloadFile(url = "https://faas-nyc1-2ef2e6cc.doserverless.co/api/v1/web/fn-dd7f8f6a-d32a-4f5e-ae7b-870dfb7963f3/downloads/bundle?id=000000000000238", filename = "C:\Users\cofc_\AppData\Local\Temp\tmp27B2.tmp\rjsec231.ZIP", message = "rjsec231")~~RJStevensMusicPresentationCreator.Program~0000001122
2024-12-14 22:06:48.7045~DEBUG~download completed~~RJStevensMusicPresentationCreator.Program~0000001123
2024-12-14 22:06:48.7045~DEBUG~<- DownloadFile(url = "https://faas-nyc1-2ef2e6cc.doserverless.co/api/v1/web/fn-dd7f8f6a-d32a-4f5e-ae7b-870dfb7963f3/downloads/bundle?id=000000000000238", filename = "C:\Users\cofc_\AppData\Local\Temp\tmp27B2.tmp\rjsec231.ZIP", message = "rjsec231")~~RJStevensMusicPresentationCreator.Program~0000001124
2024-12-14 22:06:48.7225~DEBUG~-> ExtractAllFromFile(zipFileName = "C:\Users\cofc_\AppData\Local\Temp\tmp27B2.tmp\rjsec231.ZIP", decompressedFolder = "C:\Users\cofc_\AppData\Local\Temp\tmp28EC.tmp", message = "rjsec231")~~RJStevensMusicPresentationCreator.Program~0000001125
2024-12-14 22:06:49.0545~DEBUG~extract completed~~RJStevensMusicPresentationCreator.Program~0000001126
2024-12-14 22:06:49.0545~DEBUG~<- ExtractAllFromFile(zipFileName = "C:\Users\cofc_\AppData\Local\Temp\tmp27B2.tmp\rjsec231.ZIP", decompressedFolder = "C:\Users\cofc_\AppData\Local\Temp\tmp28EC.tmp", message = "rjsec231")~~RJStevensMusicPresentationCreator.Program~0000001127
2024-12-14 22:06:49.1335~DEBUG~-> DownloadFile(url = "https://faas-nyc1-2ef2e6cc.doserverless.co/api/v1/web/fn-dd7f8f6a-d32a-4f5e-ae7b-870dfb7963f3/downloads/bundle?id=000000000000241", filename = "C:\Users\cofc_\AppData\Local\Temp\tmp2A83.tmp\rjsec234.ZIP", message = "rjsec234")~~RJStevensMusicPresentationCreator.Program~0000001128
2024-12-14 22:06:49.4285~DEBUG~download completed~~RJStevensMusicPresentationCreator.Program~0000001129
2024-12-14 22:06:49.4285~DEBUG~<- DownloadFile(url = "https://faas-nyc1-2ef2e6cc.doserverless.co/api/v1/web/fn-dd7f8f6a-d32a-4f5e-ae7b-870dfb7963f3/downloads/bundle?id=000000000000241", filename = "C:\Users\cofc_\AppData\Local\Temp\tmp2A83.tmp\rjsec234.ZIP", message = "rjsec234")~~RJStevensMusicPresentationCreator.Program~0000001130
2024-12-14 22:06:49.4445~DEBUG~-> ExtractAllFromFile(zipFileName = "C:\Users\cofc_\AppData\Local\Temp\tmp2A83.tmp\rjsec234.ZIP", decompressedFolder = "C:\Users\cofc_\AppData\Local\Temp\tmp2BBC.tmp", message = "rjsec234")~~RJStevensMusicPresentationCreator.Program~0000001131
2024-12-14 22:06:49.8868~DEBUG~extract completed~~RJStevensMusicPresentationCreator.Program~0000001132
2024-12-14 22:06:49.8868~DEBUG~<- ExtractAllFromFile(zipFileName = "C:\Users\cofc_\AppData\Local\Temp\tmp2A83.tmp\rjsec234.ZIP", decompressedFolder = "C:\Users\cofc_\AppData\Local\Temp\tmp2BBC.tmp", message = "rjsec234")~~RJStevensMusicPresentationCreator.Program~0000001133
2024-12-14 22:06:49.9708~DEBUG~-> DownloadFile(url = "https://faas-nyc1-2ef2e6cc.doserverless.co/api/v1/web/fn-dd7f8f6a-d32a-4f5e-ae7b-870dfb7963f3/downloads/bundle?id=000000000000243", filename = "C:\Users\cofc_\AppData\Local\Temp\tmp2DC1.tmp\rjsec236.ZIP", message = "rjsec236")~~RJStevensMusicPresentationCreator.Program~0000001134
2024-12-14 22:06:50.2288~DEBUG~download completed~~RJStevensMusicPresentationCreator.Program~0000001135
2024-12-14 22:06:50.2288~DEBUG~<- DownloadFile(url = "https://faas-nyc1-2ef2e6cc.doserverless.co/api/v1/web/fn-dd7f8f6a-d32a-4f5e-ae7b-870dfb7963f3/downloads/bundle?id=000000000000243", filename = "C:\Users\cofc_\AppData\Local\Temp\tmp2DC1.tmp\rjsec236.ZIP", message = "rjsec236")~~RJStevensMusicPresentationCreator.Program~0000001136
2024-12-14 22:06:50.2438~DEBUG~-> ExtractAllFromFile(zipFileName = "C:\Users\cofc_\AppData\Local\Temp\tmp2DC1.tmp\rjsec236.ZIP", decompressedFolder = "C:\Users\cofc_\AppData\Local\Temp\tmp2EDB.tmp", message = "rjsec236")~~RJStevensMusicPresentationCreator.Program~0000001137
2024-12-14 22:06:50.5318~DEBUG~extract completed~~RJStevensMusicPresentationCreator.Program~0000001138
2024-12-14 22:06:50.5318~DEBUG~<- ExtractAllFromFile(zipFileName = "C:\Users\cofc_\AppData\Local\Temp\tmp2DC1.tmp\rjsec236.ZIP", decompressedFolder = "C:\Users\cofc_\AppData\Local\Temp\tmp2EDB.tmp", message = "rjsec236")~~RJStevensMusicPresentationCreator.Program~0000001139
2024-12-14 22:06:50.6018~DEBUG~-> DownloadFile(url = "https://faas-nyc1-2ef2e6cc.doserverless.co/api/v1/web/fn-dd7f8f6a-d32a-4f5e-ae7b-870dfb7963f3/downloads/bundle?id=000000000000244", filename = "C:\Users\cofc_\AppData\Local\Temp\tmp3044.tmp\rjsec237.ZIP", message = "rjsec237")~~RJStevensMusicPresentationCreator.Program~0000001140
2024-12-14 22:06:50.8499~DEBUG~download completed~~RJStevensMusicPresentationCreator.Program~0000001141
2024-12-14 22:06:50.8499~DEBUG~<- DownloadFile(url = "https://faas-nyc1-2ef2e6cc.doserverless.co/api/v1/web/fn-dd7f8f6a-d32a-4f5e-ae7b-870dfb7963f3/downloads/bundle?id=000000000000244", filename = "C:\Users\cofc_\AppData\Local\Temp\tmp3044.tmp\rjsec237.ZIP", message = "rjsec237")~~RJStevensMusicPresentationCreator.Program~0000001142
2024-12-14 22:06:50.8689~DEBUG~-> ExtractAllFromFile(zipFileName = "C:\Users\cofc_\AppData\Local\Temp\tmp3044.tmp\rjsec237.ZIP", decompressedFolder = "C:\Users\cofc_\AppData\Local\Temp\tmp314E.tmp", message = "rjsec237")~~RJStevensMusicPresentationCreator.Program~0000001143
2024-12-14 22:06:51.1059~DEBUG~extract completed~~RJStevensMusicPresentationCreator.Program~0000001144
2024-12-14 22:06:51.1059~DEBUG~<- ExtractAllFromFile(zipFileName = "C:\Users\cofc_\AppData\Local\Temp\tmp3044.tmp\rjsec237.ZIP", decompressedFolder = "C:\Users\cofc_\AppData\Local\Temp\tmp314E.tmp", message = "rjsec237")~~RJStevensMusicPresentationCreator.Program~0000001145
2024-12-14 22:06:51.1659~DEBUG~-> DownloadFile(url = "https://faas-nyc1-2ef2e6cc.doserverless.co/api/v1/web/fn-dd7f8f6a-d32a-4f5e-ae7b-870dfb7963f3/downloads/bundle?id=000000000000246", filename = "C:\Users\cofc_\AppData\Local\Temp\tmp3278.tmp\rjsec239.ZIP", message = "rjsec239")~~RJStevensMusicPresentationCreator.Program~0000001146
2024-12-14 22:06:51.3849~DEBUG~download completed~~RJStevensMusicPresentationCreator.Program~0000001147
2024-12-14 22:06:51.3849~DEBUG~<- DownloadFile(url = "https://faas-nyc1-2ef2e6cc.doserverless.co/api/v1/web/fn-dd7f8f6a-d32a-4f5e-ae7b-870dfb7963f3/downloads/bundle?id=000000000000246", filename = "C:\Users\cofc_\AppData\Local\Temp\tmp3278.tmp\rjsec239.ZIP", message = "rjsec239")~~RJStevensMusicPresentationCreator.Program~0000001148
2024-12-14 22:06:51.4039~DEBUG~-> ExtractAllFromFile(zipFileName = "C:\Users\cofc_\AppData\Local\Temp\tmp3278.tmp\rjsec239.ZIP", decompressedFolder = "C:\Users\cofc_\AppData\Local\Temp\tmp3363.tmp", message = "rjsec239")~~RJStevensMusicPresentationCreator.Program~0000001149
2024-12-14 22:06:51.6299~DEBUG~extract completed~~RJStevensMusicPresentationCreator.Program~0000001150
2024-12-14 22:06:51.6299~DEBUG~<- ExtractAllFromFile(zipFileName = "C:\Users\cofc_\AppData\Local\Temp\tmp3278.tmp\rjsec239.ZIP", decompressedFolder = "C:\Users\cofc_\AppData\Local\Temp\tmp3363.tmp", message = "rjsec239")~~RJStevensMusicPresentationCreator.Program~0000001151
2024-12-14 22:06:51.6959~DEBUG~-> DownloadFile(url = "https://faas-nyc1-2ef2e6cc.doserverless.co/api/v1/web/fn-dd7f8f6a-d32a-4f5e-ae7b-870dfb7963f3/downloads/bundle?id=000000000000248", filename = "C:\Users\cofc_\AppData\Local\Temp\tmp348D.tmp\rjsec241.ZIP", message = "rjsec241")~~RJStevensMusicPresentationCreator.Program~0000001152
2024-12-14 22:06:51.9206~DEBUG~download completed~~RJStevensMusicPresentationCreator.Program~0000001153
2024-12-14 22:06:51.9206~DEBUG~<- DownloadFile(url = "https://faas-nyc1-2ef2e6cc.doserverless.co/api/v1/web/fn-dd7f8f6a-d32a-4f5e-ae7b-870dfb7963f3/downloads/bundle?id=000000000000248", filename = "C:\Users\cofc_\AppData\Local\Temp\tmp348D.tmp\rjsec241.ZIP", message = "rjsec241")~~RJStevensMusicPresentationCreator.Program~0000001154
2024-12-14 22:06:51.9376~DEBUG~-> ExtractAllFromFile(zipFileName = "C:\Users\cofc_\AppData\Local\Temp\tmp348D.tmp\rjsec241.ZIP", decompressedFolder = "C:\Users\cofc_\AppData\Local\Temp\tmp3579.tmp", message = "rjsec241")~~RJStevensMusicPresentationCreator.Program~0000001155
2024-12-14 22:06:52.1626~DEBUG~extract completed~~RJStevensMusicPresentationCreator.Program~0000001156
2024-12-14 22:06:52.1626~DEBUG~<- ExtractAllFromFile(zipFileName = "C:\Users\cofc_\AppData\Local\Temp\tmp348D.tmp\rjsec241.ZIP", decompressedFolder = "C:\Users\cofc_\AppData\Local\Temp\tmp3579.tmp", message = "rjsec241")~~RJStevensMusicPresentationCreator.Program~0000001157
2024-12-14 22:06:52.2246~DEBUG~-> DownloadFile(url = "https://faas-nyc1-2ef2e6cc.doserverless.co/api/v1/web/fn-dd7f8f6a-d32a-4f5e-ae7b-870dfb7963f3/downloads/bundle?id=000000000000249", filename = "C:\Users\cofc_\AppData\Local\Temp\tmp36A3.tmp\rjsec242.ZIP", message = "rjsec242")~~RJStevensMusicPresentationCreator.Program~0000001158
2024-12-14 22:06:52.4477~DEBUG~download completed~~RJStevensMusicPresentationCreator.Program~0000001159
2024-12-14 22:06:52.4477~DEBUG~<- DownloadFile(url = "https://faas-nyc1-2ef2e6cc.doserverless.co/api/v1/web/fn-dd7f8f6a-d32a-4f5e-ae7b-870dfb7963f3/downloads/bundle?id=000000000000249", filename = "C:\Users\cofc_\AppData\Local\Temp\tmp36A3.tmp\rjsec242.ZIP", message = "rjsec242")~~RJStevensMusicPresentationCreator.Program~0000001160
2024-12-14 22:06:52.4587~DEBUG~-> ExtractAllFromFile(zipFileName = "C:\Users\cofc_\AppData\Local\Temp\tmp36A3.tmp\rjsec242.ZIP", decompressedFolder = "C:\Users\cofc_\AppData\Local\Temp\tmp378E.tmp", message = "rjsec242")~~RJStevensMusicPresentationCreator.Program~0000001161
2024-12-14 22:06:52.7017~DEBUG~extract completed~~RJStevensMusicPresentationCreator.Program~0000001162
2024-12-14 22:06:52.7047~DEBUG~<- ExtractAllFromFile(zipFileName = "C:\Users\cofc_\AppData\Local\Temp\tmp36A3.tmp\rjsec242.ZIP", decompressedFolder = "C:\Users\cofc_\AppData\Local\Temp\tmp378E.tmp", message = "rjsec242")~~RJStevensMusicPresentationCreator.Program~0000001163
2024-12-14 22:06:52.7647~DEBUG~-> DownloadFile(url = "https://faas-nyc1-2ef2e6cc.doserverless.co/api/v1/web/fn-dd7f8f6a-d32a-4f5e-ae7b-870dfb7963f3/downloads/bundle?id=000000000000253", filename = "C:\Users\cofc_\AppData\Local\Temp\tmp38B8.tmp\rjsec246.ZIP", message = "rjsec246")~~RJStevensMusicPresentationCreator.Program~0000001164
2024-12-14 22:06:52.9877~DEBUG~download completed~~RJStevensMusicPresentationCreator.Program~0000001165
2024-12-14 22:06:52.9877~DEBUG~<- DownloadFile(url = "https://faas-nyc1-2ef2e6cc.doserverless.co/api/v1/web/fn-dd7f8f6a-d32a-4f5e-ae7b-870dfb7963f3/downloads/bundle?id=000000000000253", filename = "C:\Users\cofc_\AppData\Local\Temp\tmp38B8.tmp\rjsec246.ZIP", message = "rjsec246")~~RJStevensMusicPresentationCreator.Program~0000001166
2024-12-14 22:06:53.0037~DEBUG~-> ExtractAllFromFile(zipFileName = "C:\Users\cofc_\AppData\Local\Temp\tmp38B8.tmp\rjsec246.ZIP", decompressedFolder = "C:\Users\cofc_\AppData\Local\Temp\tmp39B3.tmp", message = "rjsec246")~~RJStevensMusicPresentationCreator.Program~0000001167
2024-12-14 22:06:53.2377~DEBUG~extract completed~~RJStevensMusicPresentationCreator.Program~0000001168
2024-12-14 22:06:53.2377~DEBUG~<- ExtractAllFromFile(zipFileName = "C:\Users\cofc_\AppData\Local\Temp\tmp38B8.tmp\rjsec246.ZIP", decompressedFolder = "C:\Users\cofc_\AppData\Local\Temp\tmp39B3.tmp", message = "rjsec246")~~RJStevensMusicPresentationCreator.Program~0000001169
2024-12-14 22:06:53.3017~DEBUG~-> DownloadFile(url = "https://faas-nyc1-2ef2e6cc.doserverless.co/api/v1/web/fn-dd7f8f6a-d32a-4f5e-ae7b-870dfb7963f3/downloads/bundle?id=000000000000254", filename = "C:\Users\cofc_\AppData\Local\Temp\tmp3ADD.tmp\rjsec247.ZIP", message = "rjsec247")~~RJStevensMusicPresentationCreator.Program~0000001170
2024-12-14 22:06:53.5707~DEBUG~download completed~~RJStevensMusicPresentationCreator.Program~0000001171
2024-12-14 22:06:53.5707~DEBUG~<- DownloadFile(url = "https://faas-nyc1-2ef2e6cc.doserverless.co/api/v1/web/fn-dd7f8f6a-d32a-4f5e-ae7b-870dfb7963f3/downloads/bundle?id=000000000000254", filename = "C:\Users\cofc_\AppData\Local\Temp\tmp3ADD.tmp\rjsec247.ZIP", message = "rjsec247")~~RJStevensMusicPresentationCreator.Program~0000001172
2024-12-14 22:06:53.5877~DEBUG~-> ExtractAllFromFile(zipFileName = "C:\Users\cofc_\AppData\Local\Temp\tmp3ADD.tmp\rjsec247.ZIP", decompressedFolder = "C:\Users\cofc_\AppData\Local\Temp\tmp3BF7.tmp", message = "rjsec247")~~RJStevensMusicPresentationCreator.Program~0000001173
2024-12-14 22:06:53.8558~DEBUG~extract completed~~RJStevensMusicPresentationCreator.Program~0000001174
2024-12-14 22:06:53.8558~DEBUG~<- ExtractAllFromFile(zipFileName = "C:\Users\cofc_\AppData\Local\Temp\tmp3ADD.tmp\rjsec247.ZIP", decompressedFolder = "C:\Users\cofc_\AppData\Local\Temp\tmp3BF7.tmp", message = "rjsec247")~~RJStevensMusicPresentationCreator.Program~0000001175
2024-12-14 22:06:53.9218~DEBUG~-> DownloadFile(url = "https://faas-nyc1-2ef2e6cc.doserverless.co/api/v1/web/fn-dd7f8f6a-d32a-4f5e-ae7b-870dfb7963f3/downloads/bundle?id=000000000000255", filename = "C:\Users\cofc_\AppData\Local\Temp\tmp3D40.tmp\rjsec248.ZIP", message = "rjsec248")~~RJStevensMusicPresentationCreator.Program~0000001176
2024-12-14 22:06:54.1338~DEBUG~download completed~~RJStevensMusicPresentationCreator.Program~0000001177
2024-12-14 22:06:54.1338~DEBUG~<- DownloadFile(url = "https://faas-nyc1-2ef2e6cc.doserverless.co/api/v1/web/fn-dd7f8f6a-d32a-4f5e-ae7b-870dfb7963f3/downloads/bundle?id=000000000000255", filename = "C:\Users\cofc_\AppData\Local\Temp\tmp3D40.tmp\rjsec248.ZIP", message = "rjsec248")~~RJStevensMusicPresentationCreator.Program~0000001178
2024-12-14 22:06:54.1508~DEBUG~-> ExtractAllFromFile(zipFileName = "C:\Users\cofc_\AppData\Local\Temp\tmp3D40.tmp\rjsec248.ZIP", decompressedFolder = "C:\Users\cofc_\AppData\Local\Temp\tmp3E2B.tmp", message = "rjsec248")~~RJStevensMusicPresentationCreator.Program~0000001179
2024-12-14 22:06:54.3908~DEBUG~extract completed~~RJStevensMusicPresentationCreator.Program~0000001180
2024-12-14 22:06:54.3938~DEBUG~<- ExtractAllFromFile(zipFileName = "C:\Users\cofc_\AppData\Local\Temp\tmp3D40.tmp\rjsec248.ZIP", decompressedFolder = "C:\Users\cofc_\AppData\Local\Temp\tmp3E2B.tmp", message = "rjsec248")~~RJStevensMusicPresentationCreator.Program~0000001181
2024-12-14 22:06:54.4488~DEBUG~-> DownloadFile(url = "https://faas-nyc1-2ef2e6cc.doserverless.co/api/v1/web/fn-dd7f8f6a-d32a-4f5e-ae7b-870dfb7963f3/downloads/bundle?id=000000000000257", filename = "C:\Users\cofc_\AppData\Local\Temp\tmp3F55.tmp\rjsec250.ZIP", message = "rjsec250")~~RJStevensMusicPresentationCreator.Program~0000001182
2024-12-14 22:06:54.6878~DEBUG~download completed~~RJStevensMusicPresentationCreator.Program~0000001183
2024-12-14 22:06:54.6878~DEBUG~<- DownloadFile(url = "https://faas-nyc1-2ef2e6cc.doserverless.co/api/v1/web/fn-dd7f8f6a-d32a-4f5e-ae7b-870dfb7963f3/downloads/bundle?id=000000000000257", filename = "C:\Users\cofc_\AppData\Local\Temp\tmp3F55.tmp\rjsec250.ZIP", message = "rjsec250")~~RJStevensMusicPresentationCreator.Program~0000001184
2024-12-14 22:06:54.6878~DEBUG~-> ExtractAllFromFile(zipFileName = "C:\Users\cofc_\AppData\Local\Temp\tmp3F55.tmp\rjsec250.ZIP", decompressedFolder = "C:\Users\cofc_\AppData\Local\Temp\tmp4050.tmp", message = "rjsec250")~~RJStevensMusicPresentationCreator.Program~0000001185
2024-12-14 22:06:54.9698~DEBUG~extract completed~~RJStevensMusicPresentationCreator.Program~0000001186
2024-12-14 22:06:54.9698~DEBUG~<- ExtractAllFromFile(zipFileName = "C:\Users\cofc_\AppData\Local\Temp\tmp3F55.tmp\rjsec250.ZIP", decompressedFolder = "C:\Users\cofc_\AppData\Local\Temp\tmp4050.tmp", message = "rjsec250")~~RJStevensMusicPresentationCreator.Program~0000001187
2024-12-14 22:06:55.0409~DEBUG~-> DownloadFile(url = "https://faas-nyc1-2ef2e6cc.doserverless.co/api/v1/web/fn-dd7f8f6a-d32a-4f5e-ae7b-870dfb7963f3/downloads/bundle?id=000000000000261", filename = "C:\Users\cofc_\AppData\Local\Temp\tmp41A9.tmp\rjsec254.ZIP", message = "rjsec254")~~RJStevensMusicPresentationCreator.Program~0000001188
2024-12-14 22:06:55.2629~DEBUG~download completed~~RJStevensMusicPresentationCreator.Program~0000001189
2024-12-14 22:06:55.2629~DEBUG~<- DownloadFile(url = "https://faas-nyc1-2ef2e6cc.doserverless.co/api/v1/web/fn-dd7f8f6a-d32a-4f5e-ae7b-870dfb7963f3/downloads/bundle?id=000000000000261", filename = "C:\Users\cofc_\AppData\Local\Temp\tmp41A9.tmp\rjsec254.ZIP", message = "rjsec254")~~RJStevensMusicPresentationCreator.Program~0000001190
2024-12-14 22:06:55.2789~DEBUG~-> ExtractAllFromFile(zipFileName = "C:\Users\cofc_\AppData\Local\Temp\tmp41A9.tmp\rjsec254.ZIP", decompressedFolder = "C:\Users\cofc_\AppData\Local\Temp\tmp4294.tmp", message = "rjsec254")~~RJStevensMusicPresentationCreator.Program~0000001191
2024-12-14 22:06:55.5029~DEBUG~extract completed~~RJStevensMusicPresentationCreator.Program~0000001192
2024-12-14 22:06:55.5029~DEBUG~<- ExtractAllFromFile(zipFileName = "C:\Users\cofc_\AppData\Local\Temp\tmp41A9.tmp\rjsec254.ZIP", decompressedFolder = "C:\Users\cofc_\AppData\Local\Temp\tmp4294.tmp", message = "rjsec254")~~RJStevensMusicPresentationCreator.Program~0000001193
2024-12-14 22:06:55.5679~DEBUG~-> DownloadFile(url = "https://faas-nyc1-2ef2e6cc.doserverless.co/api/v1/web/fn-dd7f8f6a-d32a-4f5e-ae7b-870dfb7963f3/downloads/bundle?id=000000000000262", filename = "C:\Users\cofc_\AppData\Local\Temp\tmp43BE.tmp\rjsec255.ZIP", message = "rjsec255")~~RJStevensMusicPresentationCreator.Program~0000001194
2024-12-14 22:06:55.7929~DEBUG~download completed~~RJStevensMusicPresentationCreator.Program~0000001195
2024-12-14 22:06:55.7929~DEBUG~<- DownloadFile(url = "https://faas-nyc1-2ef2e6cc.doserverless.co/api/v1/web/fn-dd7f8f6a-d32a-4f5e-ae7b-870dfb7963f3/downloads/bundle?id=000000000000262", filename = "C:\Users\cofc_\AppData\Local\Temp\tmp43BE.tmp\rjsec255.ZIP", message = "rjsec255")~~RJStevensMusicPresentationCreator.Program~0000001196
2024-12-14 22:06:55.8089~DEBUG~-> ExtractAllFromFile(zipFileName = "C:\Users\cofc_\AppData\Local\Temp\tmp43BE.tmp\rjsec255.ZIP", decompressedFolder = "C:\Users\cofc_\AppData\Local\Temp\tmp44AA.tmp", message = "rjsec255")~~RJStevensMusicPresentationCreator.Program~0000001197
2024-12-14 22:06:56.0389~DEBUG~extract completed~~RJStevensMusicPresentationCreator.Program~0000001198
2024-12-14 22:06:56.0389~DEBUG~<- ExtractAllFromFile(zipFileName = "C:\Users\cofc_\AppData\Local\Temp\tmp43BE.tmp\rjsec255.ZIP", decompressedFolder = "C:\Users\cofc_\AppData\Local\Temp\tmp44AA.tmp", message = "rjsec255")~~RJStevensMusicPresentationCreator.Program~0000001199
2024-12-14 22:06:56.1159~DEBUG~-> DownloadFile(url = "https://faas-nyc1-2ef2e6cc.doserverless.co/api/v1/web/fn-dd7f8f6a-d32a-4f5e-ae7b-870dfb7963f3/downloads/bundle?id=000000000000264", filename = "C:\Users\cofc_\AppData\Local\Temp\tmp45E3.tmp\rjsec257.ZIP", message = "rjsec257")~~RJStevensMusicPresentationCreator.Program~0000001200
2024-12-14 22:06:56.3299~DEBUG~download completed~~RJStevensMusicPresentationCreator.Program~0000001201
2024-12-14 22:06:56.3299~DEBUG~<- DownloadFile(url = "https://faas-nyc1-2ef2e6cc.doserverless.co/api/v1/web/fn-dd7f8f6a-d32a-4f5e-ae7b-870dfb7963f3/downloads/bundle?id=000000000000264", filename = "C:\Users\cofc_\AppData\Local\Temp\tmp45E3.tmp\rjsec257.ZIP", message = "rjsec257")~~RJStevensMusicPresentationCreator.Program~0000001202
2024-12-14 22:06:56.3299~DEBUG~-> ExtractAllFromFile(zipFileName = "C:\Users\cofc_\AppData\Local\Temp\tmp45E3.tmp\rjsec257.ZIP", decompressedFolder = "C:\Users\cofc_\AppData\Local\Temp\tmp46BF.tmp", message = "rjsec257")~~RJStevensMusicPresentationCreator.Program~0000001203
2024-12-14 22:06:56.6010~DEBUG~extract completed~~RJStevensMusicPresentationCreator.Program~0000001204
2024-12-14 22:06:56.6010~DEBUG~<- ExtractAllFromFile(zipFileName = "C:\Users\cofc_\AppData\Local\Temp\tmp45E3.tmp\rjsec257.ZIP", decompressedFolder = "C:\Users\cofc_\AppData\Local\Temp\tmp46BF.tmp", message = "rjsec257")~~RJStevensMusicPresentationCreator.Program~0000001205
2024-12-14 22:06:56.6750~DEBUG~-> DownloadFile(url = "https://faas-nyc1-2ef2e6cc.doserverless.co/api/v1/web/fn-dd7f8f6a-d32a-4f5e-ae7b-870dfb7963f3/downloads/bundle?id=000000000000265", filename = "C:\Users\cofc_\AppData\Local\Temp\tmp4818.tmp\rjsec258.ZIP", message = "rjsec258")~~RJStevensMusicPresentationCreator.Program~0000001206
2024-12-14 22:06:56.8940~DEBUG~download completed~~RJStevensMusicPresentationCreator.Program~0000001207
2024-12-14 22:06:56.8940~DEBUG~<- DownloadFile(url = "https://faas-nyc1-2ef2e6cc.doserverless.co/api/v1/web/fn-dd7f8f6a-d32a-4f5e-ae7b-870dfb7963f3/downloads/bundle?id=000000000000265", filename = "C:\Users\cofc_\AppData\Local\Temp\tmp4818.tmp\rjsec258.ZIP", message = "rjsec258")~~RJStevensMusicPresentationCreator.Program~0000001208
2024-12-14 22:06:56.9080~DEBUG~-> ExtractAllFromFile(zipFileName = "C:\Users\cofc_\AppData\Local\Temp\tmp4818.tmp\rjsec258.ZIP", decompressedFolder = "C:\Users\cofc_\AppData\Local\Temp\tmp4903.tmp", message = "rjsec258")~~RJStevensMusicPresentationCreator.Program~0000001209
2024-12-14 22:06:57.1520~DEBUG~extract completed~~RJStevensMusicPresentationCreator.Program~0000001210
2024-12-14 22:06:57.1520~DEBUG~<- ExtractAllFromFile(zipFileName = "C:\Users\cofc_\AppData\Local\Temp\tmp4818.tmp\rjsec258.ZIP", decompressedFolder = "C:\Users\cofc_\AppData\Local\Temp\tmp4903.tmp", message = "rjsec258")~~RJStevensMusicPresentationCreator.Program~0000001211
2024-12-14 22:06:57.2190~DEBUG~-> DownloadFile(url = "https://faas-nyc1-2ef2e6cc.doserverless.co/api/v1/web/fn-dd7f8f6a-d32a-4f5e-ae7b-870dfb7963f3/downloads/bundle?id=000000000000266", filename = "C:\Users\cofc_\AppData\Local\Temp\tmp4A2D.tmp\rjsec259.ZIP", message = "rjsec259")~~RJStevensMusicPresentationCreator.Program~0000001212
2024-12-14 22:06:57.4430~DEBUG~download completed~~RJStevensMusicPresentationCreator.Program~0000001213
2024-12-14 22:06:57.4430~DEBUG~<- DownloadFile(url = "https://faas-nyc1-2ef2e6cc.doserverless.co/api/v1/web/fn-dd7f8f6a-d32a-4f5e-ae7b-870dfb7963f3/downloads/bundle?id=000000000000266", filename = "C:\Users\cofc_\AppData\Local\Temp\tmp4A2D.tmp\rjsec259.ZIP", message = "rjsec259")~~RJStevensMusicPresentationCreator.Program~0000001214
2024-12-14 22:06:57.4620~DEBUG~-> ExtractAllFromFile(zipFileName = "C:\Users\cofc_\AppData\Local\Temp\tmp4A2D.tmp\rjsec259.ZIP", decompressedFolder = "C:\Users\cofc_\AppData\Local\Temp\tmp4B28.tmp", message = "rjsec259")~~RJStevensMusicPresentationCreator.Program~0000001215
2024-12-14 22:06:57.7090~DEBUG~extract completed~~RJStevensMusicPresentationCreator.Program~0000001216
2024-12-14 22:06:57.7090~DEBUG~<- ExtractAllFromFile(zipFileName = "C:\Users\cofc_\AppData\Local\Temp\tmp4A2D.tmp\rjsec259.ZIP", decompressedFolder = "C:\Users\cofc_\AppData\Local\Temp\tmp4B28.tmp", message = "rjsec259")~~RJStevensMusicPresentationCreator.Program~0000001217
2024-12-14 22:06:57.7731~DEBUG~-> DownloadFile(url = "https://faas-nyc1-2ef2e6cc.doserverless.co/api/v1/web/fn-dd7f8f6a-d32a-4f5e-ae7b-870dfb7963f3/downloads/bundle?id=000000000000267", filename = "C:\Users\cofc_\AppData\Local\Temp\tmp4C61.tmp\rjsec260.ZIP", message = "rjsec260")~~RJStevensMusicPresentationCreator.Program~0000001218
2024-12-14 22:06:58.0301~DEBUG~download completed~~RJStevensMusicPresentationCreator.Program~0000001219
2024-12-14 22:06:58.0301~DEBUG~<- DownloadFile(url = "https://faas-nyc1-2ef2e6cc.doserverless.co/api/v1/web/fn-dd7f8f6a-d32a-4f5e-ae7b-870dfb7963f3/downloads/bundle?id=000000000000267", filename = "C:\Users\cofc_\AppData\Local\Temp\tmp4C61.tmp\rjsec260.ZIP", message = "rjsec260")~~RJStevensMusicPresentationCreator.Program~0000001220
2024-12-14 22:06:58.0441~DEBUG~-> ExtractAllFromFile(zipFileName = "C:\Users\cofc_\AppData\Local\Temp\tmp4C61.tmp\rjsec260.ZIP", decompressedFolder = "C:\Users\cofc_\AppData\Local\Temp\tmp4D6C.tmp", message = "rjsec260")~~RJStevensMusicPresentationCreator.Program~0000001221
2024-12-14 22:06:58.2661~DEBUG~extract completed~~RJStevensMusicPresentationCreator.Program~0000001222
2024-12-14 22:06:58.2661~DEBUG~<- ExtractAllFromFile(zipFileName = "C:\Users\cofc_\AppData\Local\Temp\tmp4C61.tmp\rjsec260.ZIP", decompressedFolder = "C:\Users\cofc_\AppData\Local\Temp\tmp4D6C.tmp", message = "rjsec260")~~RJStevensMusicPresentationCreator.Program~0000001223
2024-12-14 22:06:58.3341~DEBUG~-> DownloadFile(url = "https://faas-nyc1-2ef2e6cc.doserverless.co/api/v1/web/fn-dd7f8f6a-d32a-4f5e-ae7b-870dfb7963f3/downloads/bundle?id=000000000000268", filename = "C:\Users\cofc_\AppData\Local\Temp\tmp4E96.tmp\rjsec261.ZIP", message = "rjsec261")~~RJStevensMusicPresentationCreator.Program~0000001224
2024-12-14 22:06:58.6301~DEBUG~download completed~~RJStevensMusicPresentationCreator.Program~0000001225
2024-12-14 22:06:58.6301~DEBUG~<- DownloadFile(url = "https://faas-nyc1-2ef2e6cc.doserverless.co/api/v1/web/fn-dd7f8f6a-d32a-4f5e-ae7b-870dfb7963f3/downloads/bundle?id=000000000000268", filename = "C:\Users\cofc_\AppData\Local\Temp\tmp4E96.tmp\rjsec261.ZIP", message = "rjsec261")~~RJStevensMusicPresentationCreator.Program~0000001226
2024-12-14 22:06:58.6451~DEBUG~-> ExtractAllFromFile(zipFileName = "C:\Users\cofc_\AppData\Local\Temp\tmp4E96.tmp\rjsec261.ZIP", decompressedFolder = "C:\Users\cofc_\AppData\Local\Temp\tmp4FCF.tmp", message = "rjsec261")~~RJStevensMusicPresentationCreator.Program~0000001227
2024-12-14 22:06:58.9561~DEBUG~extract completed~~RJStevensMusicPresentationCreator.Program~0000001228
2024-12-14 22:06:58.9561~DEBUG~<- ExtractAllFromFile(zipFileName = "C:\Users\cofc_\AppData\Local\Temp\tmp4E96.tmp\rjsec261.ZIP", decompressedFolder = "C:\Users\cofc_\AppData\Local\Temp\tmp4FCF.tmp", message = "rjsec261")~~RJStevensMusicPresentationCreator.Program~0000001229
2024-12-14 22:06:59.0301~DEBUG~-> DownloadFile(url = "https://faas-nyc1-2ef2e6cc.doserverless.co/api/v1/web/fn-dd7f8f6a-d32a-4f5e-ae7b-870dfb7963f3/downloads/bundle?id=000000000000270", filename = "C:\Users\cofc_\AppData\Local\Temp\tmp5147.tmp\rjsec263.ZIP", message = "rjsec263")~~RJStevensMusicPresentationCreator.Program~0000001230
2024-12-14 22:06:59.2432~DEBUG~download completed~~RJStevensMusicPresentationCreator.Program~0000001231
2024-12-14 22:06:59.2432~DEBUG~<- DownloadFile(url = "https://faas-nyc1-2ef2e6cc.doserverless.co/api/v1/web/fn-dd7f8f6a-d32a-4f5e-ae7b-870dfb7963f3/downloads/bundle?id=000000000000270", filename = "C:\Users\cofc_\AppData\Local\Temp\tmp5147.tmp\rjsec263.ZIP", message = "rjsec263")~~RJStevensMusicPresentationCreator.Program~0000001232
2024-12-14 22:06:59.2572~DEBUG~-> ExtractAllFromFile(zipFileName = "C:\Users\cofc_\AppData\Local\Temp\tmp5147.tmp\rjsec263.ZIP", decompressedFolder = "C:\Users\cofc_\AppData\Local\Temp\tmp5233.tmp", message = "rjsec263")~~RJStevensMusicPresentationCreator.Program~0000001233
2024-12-14 22:06:59.4872~DEBUG~extract completed~~RJStevensMusicPresentationCreator.Program~0000001234
2024-12-14 22:06:59.4872~DEBUG~<- ExtractAllFromFile(zipFileName = "C:\Users\cofc_\AppData\Local\Temp\tmp5147.tmp\rjsec263.ZIP", decompressedFolder = "C:\Users\cofc_\AppData\Local\Temp\tmp5233.tmp", message = "rjsec263")~~RJStevensMusicPresentationCreator.Program~0000001235
2024-12-14 22:06:59.5492~DEBUG~-> DownloadFile(url = "https://faas-nyc1-2ef2e6cc.doserverless.co/api/v1/web/fn-dd7f8f6a-d32a-4f5e-ae7b-870dfb7963f3/downloads/bundle?id=000000000000271", filename = "C:\Users\cofc_\AppData\Local\Temp\tmp534D.tmp\rjsec264.ZIP", message = "rjsec264")~~RJStevensMusicPresentationCreator.Program~0000001236
2024-12-14 22:06:59.7862~DEBUG~download completed~~RJStevensMusicPresentationCreator.Program~0000001237
2024-12-14 22:06:59.7862~DEBUG~<- DownloadFile(url = "https://faas-nyc1-2ef2e6cc.doserverless.co/api/v1/web/fn-dd7f8f6a-d32a-4f5e-ae7b-870dfb7963f3/downloads/bundle?id=000000000000271", filename = "C:\Users\cofc_\AppData\Local\Temp\tmp534D.tmp\rjsec264.ZIP", message = "rjsec264")~~RJStevensMusicPresentationCreator.Program~0000001238
2024-12-14 22:06:59.8092~DEBUG~-> ExtractAllFromFile(zipFileName = "C:\Users\cofc_\AppData\Local\Temp\tmp534D.tmp\rjsec264.ZIP", decompressedFolder = "C:\Users\cofc_\AppData\Local\Temp\tmp5458.tmp", message = "rjsec264")~~RJStevensMusicPresentationCreator.Program~0000001239
2024-12-14 22:07:00.3542~DEBUG~extract completed~~RJStevensMusicPresentationCreator.Program~0000001240
2024-12-14 22:07:00.3542~DEBUG~<- ExtractAllFromFile(zipFileName = "C:\Users\cofc_\AppData\Local\Temp\tmp534D.tmp\rjsec264.ZIP", decompressedFolder = "C:\Users\cofc_\AppData\Local\Temp\tmp5458.tmp", message = "rjsec264")~~RJStevensMusicPresentationCreator.Program~0000001241
2024-12-14 22:07:00.4723~DEBUG~-> DownloadFile(url = "https://faas-nyc1-2ef2e6cc.doserverless.co/api/v1/web/fn-dd7f8f6a-d32a-4f5e-ae7b-870dfb7963f3/downloads/bundle?id=000000000000272", filename = "C:\Users\cofc_\AppData\Local\Temp\tmp56F9.tmp\rjsec265.ZIP", message = "rjsec265")~~RJStevensMusicPresentationCreator.Program~0000001242
2024-12-14 22:07:00.8883~DEBUG~download completed~~RJStevensMusicPresentationCreator.Program~0000001243
2024-12-14 22:07:00.8883~DEBUG~<- DownloadFile(url = "https://faas-nyc1-2ef2e6cc.doserverless.co/api/v1/web/fn-dd7f8f6a-d32a-4f5e-ae7b-870dfb7963f3/downloads/bundle?id=000000000000272", filename = "C:\Users\cofc_\AppData\Local\Temp\tmp56F9.tmp\rjsec265.ZIP", message = "rjsec265")~~RJStevensMusicPresentationCreator.Program~0000001244
2024-12-14 22:07:00.9043~DEBUG~-> ExtractAllFromFile(zipFileName = "C:\Users\cofc_\AppData\Local\Temp\tmp56F9.tmp\rjsec265.ZIP", decompressedFolder = "C:\Users\cofc_\AppData\Local\Temp\tmp589F.tmp", message = "rjsec265")~~RJStevensMusicPresentationCreator.Program~0000001245
2024-12-14 22:07:01.1153~DEBUG~extract completed~~RJStevensMusicPresentationCreator.Program~0000001246
2024-12-14 22:07:01.1153~DEBUG~<- ExtractAllFromFile(zipFileName = "C:\Users\cofc_\AppData\Local\Temp\tmp56F9.tmp\rjsec265.ZIP", decompressedFolder = "C:\Users\cofc_\AppData\Local\Temp\tmp589F.tmp", message = "rjsec265")~~RJStevensMusicPresentationCreator.Program~0000001247
2024-12-14 22:07:01.1783~DEBUG~-> DownloadFile(url = "https://faas-nyc1-2ef2e6cc.doserverless.co/api/v1/web/fn-dd7f8f6a-d32a-4f5e-ae7b-870dfb7963f3/downloads/bundle?id=000000000000274", filename = "C:\Users\cofc_\AppData\Local\Temp\tmp59BA.tmp\rjsec267.ZIP", message = "rjsec267")~~RJStevensMusicPresentationCreator.Program~0000001248
2024-12-14 22:07:01.3823~DEBUG~download completed~~RJStevensMusicPresentationCreator.Program~0000001249
2024-12-14 22:07:01.3823~DEBUG~<- DownloadFile(url = "https://faas-nyc1-2ef2e6cc.doserverless.co/api/v1/web/fn-dd7f8f6a-d32a-4f5e-ae7b-870dfb7963f3/downloads/bundle?id=000000000000274", filename = "C:\Users\cofc_\AppData\Local\Temp\tmp59BA.tmp\rjsec267.ZIP", message = "rjsec267")~~RJStevensMusicPresentationCreator.Program~0000001250
2024-12-14 22:07:01.4003~DEBUG~-> ExtractAllFromFile(zipFileName = "C:\Users\cofc_\AppData\Local\Temp\tmp59BA.tmp\rjsec267.ZIP", decompressedFolder = "C:\Users\cofc_\AppData\Local\Temp\tmp5A95.tmp", message = "rjsec267")~~RJStevensMusicPresentationCreator.Program~0000001251
2024-12-14 22:07:01.6153~DEBUG~extract completed~~RJStevensMusicPresentationCreator.Program~0000001252
2024-12-14 22:07:01.6153~DEBUG~<- ExtractAllFromFile(zipFileName = "C:\Users\cofc_\AppData\Local\Temp\tmp59BA.tmp\rjsec267.ZIP", decompressedFolder = "C:\Users\cofc_\AppData\Local\Temp\tmp5A95.tmp", message = "rjsec267")~~RJStevensMusicPresentationCreator.Program~0000001253
2024-12-14 22:07:01.6813~DEBUG~-> DownloadFile(url = "https://faas-nyc1-2ef2e6cc.doserverless.co/api/v1/web/fn-dd7f8f6a-d32a-4f5e-ae7b-870dfb7963f3/downloads/bundle?id=000000000000275", filename = "C:\Users\cofc_\AppData\Local\Temp\tmp5BB0.tmp\rjsec268.ZIP", message = "rjsec268")~~RJStevensMusicPresentationCreator.Program~0000001254
2024-12-14 22:07:01.8944~DEBUG~download completed~~RJStevensMusicPresentationCreator.Program~0000001255
2024-12-14 22:07:01.8944~DEBUG~<- DownloadFile(url = "https://faas-nyc1-2ef2e6cc.doserverless.co/api/v1/web/fn-dd7f8f6a-d32a-4f5e-ae7b-870dfb7963f3/downloads/bundle?id=000000000000275", filename = "C:\Users\cofc_\AppData\Local\Temp\tmp5BB0.tmp\rjsec268.ZIP", message = "rjsec268")~~RJStevensMusicPresentationCreator.Program~0000001256
2024-12-14 22:07:01.8944~DEBUG~-> ExtractAllFromFile(zipFileName = "C:\Users\cofc_\AppData\Local\Temp\tmp5BB0.tmp\rjsec268.ZIP", decompressedFolder = "C:\Users\cofc_\AppData\Local\Temp\tmp5C8B.tmp", message = "rjsec268")~~RJStevensMusicPresentationCreator.Program~0000001257
2024-12-14 22:07:02.1464~DEBUG~extract completed~~RJStevensMusicPresentationCreator.Program~0000001258
2024-12-14 22:07:02.1464~DEBUG~<- ExtractAllFromFile(zipFileName = "C:\Users\cofc_\AppData\Local\Temp\tmp5BB0.tmp\rjsec268.ZIP", decompressedFolder = "C:\Users\cofc_\AppData\Local\Temp\tmp5C8B.tmp", message = "rjsec268")~~RJStevensMusicPresentationCreator.Program~0000001259
2024-12-14 22:07:02.2194~DEBUG~-> DownloadFile(url = "https://faas-nyc1-2ef2e6cc.doserverless.co/api/v1/web/fn-dd7f8f6a-d32a-4f5e-ae7b-870dfb7963f3/downloads/bundle?id=000000000000276", filename = "C:\Users\cofc_\AppData\Local\Temp\tmp5DC5.tmp\rjsec269.ZIP", message = "rjsec269")~~RJStevensMusicPresentationCreator.Program~0000001260
2024-12-14 22:07:02.4554~DEBUG~download completed~~RJStevensMusicPresentationCreator.Program~0000001261
2024-12-14 22:07:02.4554~DEBUG~<- DownloadFile(url = "https://faas-nyc1-2ef2e6cc.doserverless.co/api/v1/web/fn-dd7f8f6a-d32a-4f5e-ae7b-870dfb7963f3/downloads/bundle?id=000000000000276", filename = "C:\Users\cofc_\AppData\Local\Temp\tmp5DC5.tmp\rjsec269.ZIP", message = "rjsec269")~~RJStevensMusicPresentationCreator.Program~0000001262
2024-12-14 22:07:02.4554~DEBUG~-> ExtractAllFromFile(zipFileName = "C:\Users\cofc_\AppData\Local\Temp\tmp5DC5.tmp\rjsec269.ZIP", decompressedFolder = "C:\Users\cofc_\AppData\Local\Temp\tmp5EC0.tmp", message = "rjsec269")~~RJStevensMusicPresentationCreator.Program~0000001263
2024-12-14 22:07:02.7764~DEBUG~extract completed~~RJStevensMusicPresentationCreator.Program~0000001264
2024-12-14 22:07:02.7764~DEBUG~<- ExtractAllFromFile(zipFileName = "C:\Users\cofc_\AppData\Local\Temp\tmp5DC5.tmp\rjsec269.ZIP", decompressedFolder = "C:\Users\cofc_\AppData\Local\Temp\tmp5EC0.tmp", message = "rjsec269")~~RJStevensMusicPresentationCreator.Program~0000001265
2024-12-14 22:07:02.8574~DEBUG~-> DownloadFile(url = "https://faas-nyc1-2ef2e6cc.doserverless.co/api/v1/web/fn-dd7f8f6a-d32a-4f5e-ae7b-870dfb7963f3/downloads/bundle?id=gp5fjsicrf12dnz", filename = "C:\Users\cofc_\AppData\Local\Temp\tmp6048.tmp\rjsec269.16.ZIP", message = "rjsec269.16")~~RJStevensMusicPresentationCreator.Program~0000001266
2024-12-14 22:07:03.1104~DEBUG~download completed~~RJStevensMusicPresentationCreator.Program~0000001267
2024-12-14 22:07:03.1104~DEBUG~<- DownloadFile(url = "https://faas-nyc1-2ef2e6cc.doserverless.co/api/v1/web/fn-dd7f8f6a-d32a-4f5e-ae7b-870dfb7963f3/downloads/bundle?id=gp5fjsicrf12dnz", filename = "C:\Users\cofc_\AppData\Local\Temp\tmp6048.tmp\rjsec269.16.ZIP", message = "rjsec269.16")~~RJStevensMusicPresentationCreator.Program~0000001268
2024-12-14 22:07:03.1104~DEBUG~-> ExtractAllFromFile(zipFileName = "C:\Users\cofc_\AppData\Local\Temp\tmp6048.tmp\rjsec269.16.ZIP", decompressedFolder = "C:\Users\cofc_\AppData\Local\Temp\tmp6152.tmp", message = "rjsec269.16")~~RJStevensMusicPresentationCreator.Program~0000001269
2024-12-14 22:07:03.3745~DEBUG~extract completed~~RJStevensMusicPresentationCreator.Program~0000001270
2024-12-14 22:07:03.3805~DEBUG~<- ExtractAllFromFile(zipFileName = "C:\Users\cofc_\AppData\Local\Temp\tmp6048.tmp\rjsec269.16.ZIP", decompressedFolder = "C:\Users\cofc_\AppData\Local\Temp\tmp6152.tmp", message = "rjsec269.16")~~RJStevensMusicPresentationCreator.Program~0000001271
2024-12-14 22:07:03.4405~DEBUG~-> DownloadFile(url = "https://faas-nyc1-2ef2e6cc.doserverless.co/api/v1/web/fn-dd7f8f6a-d32a-4f5e-ae7b-870dfb7963f3/downloads/bundle?id=nsonmj3v2ic9pwo", filename = "C:\Users\cofc_\AppData\Local\Temp\tmp629B.tmp\rjsec269.22.ZIP", message = "rjsec269.22")~~RJStevensMusicPresentationCreator.Program~0000001272
2024-12-14 22:07:03.6775~DEBUG~download completed~~RJStevensMusicPresentationCreator.Program~0000001273
2024-12-14 22:07:03.6775~DEBUG~<- DownloadFile(url = "https://faas-nyc1-2ef2e6cc.doserverless.co/api/v1/web/fn-dd7f8f6a-d32a-4f5e-ae7b-870dfb7963f3/downloads/bundle?id=nsonmj3v2ic9pwo", filename = "C:\Users\cofc_\AppData\Local\Temp\tmp629B.tmp\rjsec269.22.ZIP", message = "rjsec269.22")~~RJStevensMusicPresentationCreator.Program~0000001274
2024-12-14 22:07:03.6925~DEBUG~-> ExtractAllFromFile(zipFileName = "C:\Users\cofc_\AppData\Local\Temp\tmp629B.tmp\rjsec269.22.ZIP", decompressedFolder = "C:\Users\cofc_\AppData\Local\Temp\tmp6396.tmp", message = "rjsec269.22")~~RJStevensMusicPresentationCreator.Program~0000001275
2024-12-14 22:07:03.9455~DEBUG~extract completed~~RJStevensMusicPresentationCreator.Program~0000001276
2024-12-14 22:07:03.9455~DEBUG~<- ExtractAllFromFile(zipFileName = "C:\Users\cofc_\AppData\Local\Temp\tmp629B.tmp\rjsec269.22.ZIP", decompressedFolder = "C:\Users\cofc_\AppData\Local\Temp\tmp6396.tmp", message = "rjsec269.22")~~RJStevensMusicPresentationCreator.Program~0000001277
2024-12-14 22:07:04.0145~DEBUG~-> DownloadFile(url = "https://faas-nyc1-2ef2e6cc.doserverless.co/api/v1/web/fn-dd7f8f6a-d32a-4f5e-ae7b-870dfb7963f3/downloads/bundle?id=000000000000277", filename = "C:\Users\cofc_\AppData\Local\Temp\tmp64D0.tmp\rjsec270.ZIP", message = "rjsec270")~~RJStevensMusicPresentationCreator.Program~0000001278
2024-12-14 22:07:04.2415~DEBUG~download completed~~RJStevensMusicPresentationCreator.Program~0000001279
2024-12-14 22:07:04.2415~DEBUG~<- DownloadFile(url = "https://faas-nyc1-2ef2e6cc.doserverless.co/api/v1/web/fn-dd7f8f6a-d32a-4f5e-ae7b-870dfb7963f3/downloads/bundle?id=000000000000277", filename = "C:\Users\cofc_\AppData\Local\Temp\tmp64D0.tmp\rjsec270.ZIP", message = "rjsec270")~~RJStevensMusicPresentationCreator.Program~0000001280
2024-12-14 22:07:04.2595~DEBUG~-> ExtractAllFromFile(zipFileName = "C:\Users\cofc_\AppData\Local\Temp\tmp64D0.tmp\rjsec270.ZIP", decompressedFolder = "C:\Users\cofc_\AppData\Local\Temp\tmp65CB.tmp", message = "rjsec270")~~RJStevensMusicPresentationCreator.Program~0000001281
2024-12-14 22:07:04.5161~DEBUG~extract completed~~RJStevensMusicPresentationCreator.Program~0000001282
2024-12-14 22:07:04.5161~DEBUG~<- ExtractAllFromFile(zipFileName = "C:\Users\cofc_\AppData\Local\Temp\tmp64D0.tmp\rjsec270.ZIP", decompressedFolder = "C:\Users\cofc_\AppData\Local\Temp\tmp65CB.tmp", message = "rjsec270")~~RJStevensMusicPresentationCreator.Program~0000001283
2024-12-14 22:07:04.5791~DEBUG~-> DownloadFile(url = "https://faas-nyc1-2ef2e6cc.doserverless.co/api/v1/web/fn-dd7f8f6a-d32a-4f5e-ae7b-870dfb7963f3/downloads/bundle?id=000000000000278", filename = "C:\Users\cofc_\AppData\Local\Temp\tmp6704.tmp\rjsec271.ZIP", message = "rjsec271")~~RJStevensMusicPresentationCreator.Program~0000001284
2024-12-14 22:07:04.8311~DEBUG~download completed~~RJStevensMusicPresentationCreator.Program~0000001285
2024-12-14 22:07:04.8311~DEBUG~<- DownloadFile(url = "https://faas-nyc1-2ef2e6cc.doserverless.co/api/v1/web/fn-dd7f8f6a-d32a-4f5e-ae7b-870dfb7963f3/downloads/bundle?id=000000000000278", filename = "C:\Users\cofc_\AppData\Local\Temp\tmp6704.tmp\rjsec271.ZIP", message = "rjsec271")~~RJStevensMusicPresentationCreator.Program~0000001286
2024-12-14 22:07:04.8311~DEBUG~-> ExtractAllFromFile(zipFileName = "C:\Users\cofc_\AppData\Local\Temp\tmp6704.tmp\rjsec271.ZIP", decompressedFolder = "C:\Users\cofc_\AppData\Local\Temp\tmp680F.tmp", message = "rjsec271")~~RJStevensMusicPresentationCreator.Program~0000001287
2024-12-14 22:07:05.0422~DEBUG~extract completed~~RJStevensMusicPresentationCreator.Program~0000001288
2024-12-14 22:07:05.0422~DEBUG~<- ExtractAllFromFile(zipFileName = "C:\Users\cofc_\AppData\Local\Temp\tmp6704.tmp\rjsec271.ZIP", decompressedFolder = "C:\Users\cofc_\AppData\Local\Temp\tmp680F.tmp", message = "rjsec271")~~RJStevensMusicPresentationCreator.Program~0000001289
2024-12-14 22:07:05.1012~DEBUG~-> DownloadFile(url = "https://faas-nyc1-2ef2e6cc.doserverless.co/api/v1/web/fn-dd7f8f6a-d32a-4f5e-ae7b-870dfb7963f3/downloads/bundle?id=000000000000279", filename = "C:\Users\cofc_\AppData\Local\Temp\tmp691A.tmp\rjsec272.ZIP", message = "rjsec272")~~RJStevensMusicPresentationCreator.Program~0000001290
2024-12-14 22:07:05.3732~DEBUG~download completed~~RJStevensMusicPresentationCreator.Program~0000001291
2024-12-14 22:07:05.3732~DEBUG~<- DownloadFile(url = "https://faas-nyc1-2ef2e6cc.doserverless.co/api/v1/web/fn-dd7f8f6a-d32a-4f5e-ae7b-870dfb7963f3/downloads/bundle?id=000000000000279", filename = "C:\Users\cofc_\AppData\Local\Temp\tmp691A.tmp\rjsec272.ZIP", message = "rjsec272")~~RJStevensMusicPresentationCreator.Program~0000001292
2024-12-14 22:07:05.3922~DEBUG~-> ExtractAllFromFile(zipFileName = "C:\Users\cofc_\AppData\Local\Temp\tmp691A.tmp\rjsec272.ZIP", decompressedFolder = "C:\Users\cofc_\AppData\Local\Temp\tmp6A43.tmp", message = "rjsec272")~~RJStevensMusicPresentationCreator.Program~0000001293
2024-12-14 22:07:05.7062~DEBUG~extract completed~~RJStevensMusicPresentationCreator.Program~0000001294
2024-12-14 22:07:05.7062~DEBUG~<- ExtractAllFromFile(zipFileName = "C:\Users\cofc_\AppData\Local\Temp\tmp691A.tmp\rjsec272.ZIP", decompressedFolder = "C:\Users\cofc_\AppData\Local\Temp\tmp6A43.tmp", message = "rjsec272")~~RJStevensMusicPresentationCreator.Program~0000001295
2024-12-14 22:07:05.7902~DEBUG~-> DownloadFile(url = "https://faas-nyc1-2ef2e6cc.doserverless.co/api/v1/web/fn-dd7f8f6a-d32a-4f5e-ae7b-870dfb7963f3/downloads/bundle?id=000000000000280", filename = "C:\Users\cofc_\AppData\Local\Temp\tmp6BCB.tmp\rjsec273.ZIP", message = "rjsec273")~~RJStevensMusicPresentationCreator.Program~0000001296
2024-12-14 22:07:05.9852~DEBUG~download completed~~RJStevensMusicPresentationCreator.Program~0000001297
2024-12-14 22:07:05.9852~DEBUG~<- DownloadFile(url = "https://faas-nyc1-2ef2e6cc.doserverless.co/api/v1/web/fn-dd7f8f6a-d32a-4f5e-ae7b-870dfb7963f3/downloads/bundle?id=000000000000280", filename = "C:\Users\cofc_\AppData\Local\Temp\tmp6BCB.tmp\rjsec273.ZIP", message = "rjsec273")~~RJStevensMusicPresentationCreator.Program~0000001298
2024-12-14 22:07:05.9852~DEBUG~-> ExtractAllFromFile(zipFileName = "C:\Users\cofc_\AppData\Local\Temp\tmp6BCB.tmp\rjsec273.ZIP", decompressedFolder = "C:\Users\cofc_\AppData\Local\Temp\tmp6C97.tmp", message = "rjsec273")~~RJStevensMusicPresentationCreator.Program~0000001299
2024-12-14 22:07:06.1802~DEBUG~extract completed~~RJStevensMusicPresentationCreator.Program~0000001300
2024-12-14 22:07:06.1802~DEBUG~<- ExtractAllFromFile(zipFileName = "C:\Users\cofc_\AppData\Local\Temp\tmp6BCB.tmp\rjsec273.ZIP", decompressedFolder = "C:\Users\cofc_\AppData\Local\Temp\tmp6C97.tmp", message = "rjsec273")~~RJStevensMusicPresentationCreator.Program~0000001301
2024-12-14 22:07:06.2362~DEBUG~-> DownloadFile(url = "https://faas-nyc1-2ef2e6cc.doserverless.co/api/v1/web/fn-dd7f8f6a-d32a-4f5e-ae7b-870dfb7963f3/downloads/bundle?id=000000000000281", filename = "C:\Users\cofc_\AppData\Local\Temp\tmp6D92.tmp\rjsec274.ZIP", message = "rjsec274")~~RJStevensMusicPresentationCreator.Program~0000001302
2024-12-14 22:07:06.4873~DEBUG~download completed~~RJStevensMusicPresentationCreator.Program~0000001303
2024-12-14 22:07:06.4873~DEBUG~<- DownloadFile(url = "https://faas-nyc1-2ef2e6cc.doserverless.co/api/v1/web/fn-dd7f8f6a-d32a-4f5e-ae7b-870dfb7963f3/downloads/bundle?id=000000000000281", filename = "C:\Users\cofc_\AppData\Local\Temp\tmp6D92.tmp\rjsec274.ZIP", message = "rjsec274")~~RJStevensMusicPresentationCreator.Program~0000001304
2024-12-14 22:07:06.5033~DEBUG~-> ExtractAllFromFile(zipFileName = "C:\Users\cofc_\AppData\Local\Temp\tmp6D92.tmp\rjsec274.ZIP", decompressedFolder = "C:\Users\cofc_\AppData\Local\Temp\tmp6E9D.tmp", message = "rjsec274")~~RJStevensMusicPresentationCreator.Program~0000001305
2024-12-14 22:07:06.8093~DEBUG~extract completed~~RJStevensMusicPresentationCreator.Program~0000001306
2024-12-14 22:07:06.8093~DEBUG~<- ExtractAllFromFile(zipFileName = "C:\Users\cofc_\AppData\Local\Temp\tmp6D92.tmp\rjsec274.ZIP", decompressedFolder = "C:\Users\cofc_\AppData\Local\Temp\tmp6E9D.tmp", message = "rjsec274")~~RJStevensMusicPresentationCreator.Program~0000001307
2024-12-14 22:07:06.8813~DEBUG~-> DownloadFile(url = "https://faas-nyc1-2ef2e6cc.doserverless.co/api/v1/web/fn-dd7f8f6a-d32a-4f5e-ae7b-870dfb7963f3/downloads/bundle?id=000000000000282", filename = "C:\Users\cofc_\AppData\Local\Temp\tmp7015.tmp\rjsec275.ZIP", message = "rjsec275")~~RJStevensMusicPresentationCreator.Program~0000001308
2024-12-14 22:07:07.0903~DEBUG~download completed~~RJStevensMusicPresentationCreator.Program~0000001309
2024-12-14 22:07:07.0903~DEBUG~<- DownloadFile(url = "https://faas-nyc1-2ef2e6cc.doserverless.co/api/v1/web/fn-dd7f8f6a-d32a-4f5e-ae7b-870dfb7963f3/downloads/bundle?id=000000000000282", filename = "C:\Users\cofc_\AppData\Local\Temp\tmp7015.tmp\rjsec275.ZIP", message = "rjsec275")~~RJStevensMusicPresentationCreator.Program~0000001310
2024-12-14 22:07:07.1043~DEBUG~-> ExtractAllFromFile(zipFileName = "C:\Users\cofc_\AppData\Local\Temp\tmp7015.tmp\rjsec275.ZIP", decompressedFolder = "C:\Users\cofc_\AppData\Local\Temp\tmp70F1.tmp", message = "rjsec275")~~RJStevensMusicPresentationCreator.Program~0000001311
2024-12-14 22:07:07.3403~DEBUG~extract completed~~RJStevensMusicPresentationCreator.Program~0000001312
2024-12-14 22:07:07.3483~DEBUG~<- ExtractAllFromFile(zipFileName = "C:\Users\cofc_\AppData\Local\Temp\tmp7015.tmp\rjsec275.ZIP", decompressedFolder = "C:\Users\cofc_\AppData\Local\Temp\tmp70F1.tmp", message = "rjsec275")~~RJStevensMusicPresentationCreator.Program~0000001313
2024-12-14 22:07:07.4133~DEBUG~-> DownloadFile(url = "https://faas-nyc1-2ef2e6cc.doserverless.co/api/v1/web/fn-dd7f8f6a-d32a-4f5e-ae7b-870dfb7963f3/downloads/bundle?id=000000000000283", filename = "C:\Users\cofc_\AppData\Local\Temp\tmp722A.tmp\rjsec276.ZIP", message = "rjsec276")~~RJStevensMusicPresentationCreator.Program~0000001314
2024-12-14 22:07:07.6333~DEBUG~download completed~~RJStevensMusicPresentationCreator.Program~0000001315
2024-12-14 22:07:07.6333~DEBUG~<- DownloadFile(url = "https://faas-nyc1-2ef2e6cc.doserverless.co/api/v1/web/fn-dd7f8f6a-d32a-4f5e-ae7b-870dfb7963f3/downloads/bundle?id=000000000000283", filename = "C:\Users\cofc_\AppData\Local\Temp\tmp722A.tmp\rjsec276.ZIP", message = "rjsec276")~~RJStevensMusicPresentationCreator.Program~0000001316
2024-12-14 22:07:07.6483~DEBUG~-> ExtractAllFromFile(zipFileName = "C:\Users\cofc_\AppData\Local\Temp\tmp722A.tmp\rjsec276.ZIP", decompressedFolder = "C:\Users\cofc_\AppData\Local\Temp\tmp7315.tmp", message = "rjsec276")~~RJStevensMusicPresentationCreator.Program~0000001317
2024-12-14 22:07:07.8744~DEBUG~extract completed~~RJStevensMusicPresentationCreator.Program~0000001318
2024-12-14 22:07:07.8774~DEBUG~<- ExtractAllFromFile(zipFileName = "C:\Users\cofc_\AppData\Local\Temp\tmp722A.tmp\rjsec276.ZIP", decompressedFolder = "C:\Users\cofc_\AppData\Local\Temp\tmp7315.tmp", message = "rjsec276")~~RJStevensMusicPresentationCreator.Program~0000001319
2024-12-14 22:07:07.9494~DEBUG~-> DownloadFile(url = "https://faas-nyc1-2ef2e6cc.doserverless.co/api/v1/web/fn-dd7f8f6a-d32a-4f5e-ae7b-870dfb7963f3/downloads/bundle?id=000000000000284", filename = "C:\Users\cofc_\AppData\Local\Temp\tmp743F.tmp\rjsec277.ZIP", message = "rjsec277")~~RJStevensMusicPresentationCreator.Program~0000001320
2024-12-14 22:07:08.1594~DEBUG~download completed~~RJStevensMusicPresentationCreator.Program~0000001321
2024-12-14 22:07:08.1594~DEBUG~<- DownloadFile(url = "https://faas-nyc1-2ef2e6cc.doserverless.co/api/v1/web/fn-dd7f8f6a-d32a-4f5e-ae7b-870dfb7963f3/downloads/bundle?id=000000000000284", filename = "C:\Users\cofc_\AppData\Local\Temp\tmp743F.tmp\rjsec277.ZIP", message = "rjsec277")~~RJStevensMusicPresentationCreator.Program~0000001322
2024-12-14 22:07:08.1594~DEBUG~-> ExtractAllFromFile(zipFileName = "C:\Users\cofc_\AppData\Local\Temp\tmp743F.tmp\rjsec277.ZIP", decompressedFolder = "C:\Users\cofc_\AppData\Local\Temp\tmp751B.tmp", message = "rjsec277")~~RJStevensMusicPresentationCreator.Program~0000001323
2024-12-14 22:07:08.3934~DEBUG~extract completed~~RJStevensMusicPresentationCreator.Program~0000001324
2024-12-14 22:07:08.3934~DEBUG~<- ExtractAllFromFile(zipFileName = "C:\Users\cofc_\AppData\Local\Temp\tmp743F.tmp\rjsec277.ZIP", decompressedFolder = "C:\Users\cofc_\AppData\Local\Temp\tmp751B.tmp", message = "rjsec277")~~RJStevensMusicPresentationCreator.Program~0000001325
2024-12-14 22:07:08.4514~DEBUG~-> DownloadFile(url = "https://faas-nyc1-2ef2e6cc.doserverless.co/api/v1/web/fn-dd7f8f6a-d32a-4f5e-ae7b-870dfb7963f3/downloads/bundle?id=000000000000285", filename = "C:\Users\cofc_\AppData\Local\Temp\tmp7635.tmp\rjsec278.ZIP", message = "rjsec278")~~RJStevensMusicPresentationCreator.Program~0000001326
2024-12-14 22:07:08.7264~DEBUG~download completed~~RJStevensMusicPresentationCreator.Program~0000001327
2024-12-14 22:07:08.7264~DEBUG~<- DownloadFile(url = "https://faas-nyc1-2ef2e6cc.doserverless.co/api/v1/web/fn-dd7f8f6a-d32a-4f5e-ae7b-870dfb7963f3/downloads/bundle?id=000000000000285", filename = "C:\Users\cofc_\AppData\Local\Temp\tmp7635.tmp\rjsec278.ZIP", message = "rjsec278")~~RJStevensMusicPresentationCreator.Program~0000001328
2024-12-14 22:07:08.7424~DEBUG~-> ExtractAllFromFile(zipFileName = "C:\Users\cofc_\AppData\Local\Temp\tmp7635.tmp\rjsec278.ZIP", decompressedFolder = "C:\Users\cofc_\AppData\Local\Temp\tmp775F.tmp", message = "rjsec278")~~RJStevensMusicPresentationCreator.Program~0000001329
2024-12-14 22:07:09.0624~DEBUG~extract completed~~RJStevensMusicPresentationCreator.Program~0000001330
2024-12-14 22:07:09.0654~DEBUG~<- ExtractAllFromFile(zipFileName = "C:\Users\cofc_\AppData\Local\Temp\tmp7635.tmp\rjsec278.ZIP", decompressedFolder = "C:\Users\cofc_\AppData\Local\Temp\tmp775F.tmp", message = "rjsec278")~~RJStevensMusicPresentationCreator.Program~0000001331
2024-12-14 22:07:09.1385~DEBUG~-> DownloadFile(url = "https://faas-nyc1-2ef2e6cc.doserverless.co/api/v1/web/fn-dd7f8f6a-d32a-4f5e-ae7b-870dfb7963f3/downloads/bundle?id=000000000000286", filename = "C:\Users\cofc_\AppData\Local\Temp\tmp78E7.tmp\rjsec279.ZIP", message = "rjsec279")~~RJStevensMusicPresentationCreator.Program~0000001332
2024-12-14 22:07:09.3785~DEBUG~download completed~~RJStevensMusicPresentationCreator.Program~0000001333
2024-12-14 22:07:09.3785~DEBUG~<- DownloadFile(url = "https://faas-nyc1-2ef2e6cc.doserverless.co/api/v1/web/fn-dd7f8f6a-d32a-4f5e-ae7b-870dfb7963f3/downloads/bundle?id=000000000000286", filename = "C:\Users\cofc_\AppData\Local\Temp\tmp78E7.tmp\rjsec279.ZIP", message = "rjsec279")~~RJStevensMusicPresentationCreator.Program~0000001334
2024-12-14 22:07:09.3785~DEBUG~-> ExtractAllFromFile(zipFileName = "C:\Users\cofc_\AppData\Local\Temp\tmp78E7.tmp\rjsec279.ZIP", decompressedFolder = "C:\Users\cofc_\AppData\Local\Temp\tmp79E2.tmp", message = "rjsec279")~~RJStevensMusicPresentationCreator.Program~0000001335
2024-12-14 22:07:09.6595~DEBUG~extract completed~~RJStevensMusicPresentationCreator.Program~0000001336
2024-12-14 22:07:09.6595~DEBUG~<- ExtractAllFromFile(zipFileName = "C:\Users\cofc_\AppData\Local\Temp\tmp78E7.tmp\rjsec279.ZIP", decompressedFolder = "C:\Users\cofc_\AppData\Local\Temp\tmp79E2.tmp", message = "rjsec279")~~RJStevensMusicPresentationCreator.Program~0000001337
2024-12-14 22:07:09.7275~DEBUG~-> DownloadFile(url = "https://faas-nyc1-2ef2e6cc.doserverless.co/api/v1/web/fn-dd7f8f6a-d32a-4f5e-ae7b-870dfb7963f3/downloads/bundle?id=000000000000289", filename = "C:\Users\cofc_\AppData\Local\Temp\tmp7B3B.tmp\rjsec282.ZIP", message = "rjsec282")~~RJStevensMusicPresentationCreator.Program~0000001338
2024-12-14 22:07:09.9285~DEBUG~download completed~~RJStevensMusicPresentationCreator.Program~0000001339
2024-12-14 22:07:09.9285~DEBUG~<- DownloadFile(url = "https://faas-nyc1-2ef2e6cc.doserverless.co/api/v1/web/fn-dd7f8f6a-d32a-4f5e-ae7b-870dfb7963f3/downloads/bundle?id=000000000000289", filename = "C:\Users\cofc_\AppData\Local\Temp\tmp7B3B.tmp\rjsec282.ZIP", message = "rjsec282")~~RJStevensMusicPresentationCreator.Program~0000001340
2024-12-14 22:07:09.9425~DEBUG~-> ExtractAllFromFile(zipFileName = "C:\Users\cofc_\AppData\Local\Temp\tmp7B3B.tmp\rjsec282.ZIP", decompressedFolder = "C:\Users\cofc_\AppData\Local\Temp\tmp7C16.tmp", message = "rjsec282")~~RJStevensMusicPresentationCreator.Program~0000001341
2024-12-14 22:07:10.1815~DEBUG~extract completed~~RJStevensMusicPresentationCreator.Program~0000001342
2024-12-14 22:07:10.1815~DEBUG~<- ExtractAllFromFile(zipFileName = "C:\Users\cofc_\AppData\Local\Temp\tmp7B3B.tmp\rjsec282.ZIP", decompressedFolder = "C:\Users\cofc_\AppData\Local\Temp\tmp7C16.tmp", message = "rjsec282")~~RJStevensMusicPresentationCreator.Program~0000001343
2024-12-14 22:07:10.2505~DEBUG~-> DownloadFile(url = "https://faas-nyc1-2ef2e6cc.doserverless.co/api/v1/web/fn-dd7f8f6a-d32a-4f5e-ae7b-870dfb7963f3/downloads/bundle?id=000000000000290", filename = "C:\Users\cofc_\AppData\Local\Temp\tmp7D40.tmp\rjsec283.ZIP", message = "rjsec283")~~RJStevensMusicPresentationCreator.Program~0000001344
2024-12-14 22:07:10.4826~DEBUG~download completed~~RJStevensMusicPresentationCreator.Program~0000001345
2024-12-14 22:07:10.4826~DEBUG~<- DownloadFile(url = "https://faas-nyc1-2ef2e6cc.doserverless.co/api/v1/web/fn-dd7f8f6a-d32a-4f5e-ae7b-870dfb7963f3/downloads/bundle?id=000000000000290", filename = "C:\Users\cofc_\AppData\Local\Temp\tmp7D40.tmp\rjsec283.ZIP", message = "rjsec283")~~RJStevensMusicPresentationCreator.Program~0000001346
2024-12-14 22:07:10.4936~DEBUG~-> ExtractAllFromFile(zipFileName = "C:\Users\cofc_\AppData\Local\Temp\tmp7D40.tmp\rjsec283.ZIP", decompressedFolder = "C:\Users\cofc_\AppData\Local\Temp\tmp7E3B.tmp", message = "rjsec283")~~RJStevensMusicPresentationCreator.Program~0000001347
2024-12-14 22:07:10.7486~DEBUG~extract completed~~RJStevensMusicPresentationCreator.Program~0000001348
2024-12-14 22:07:10.7516~DEBUG~<- ExtractAllFromFile(zipFileName = "C:\Users\cofc_\AppData\Local\Temp\tmp7D40.tmp\rjsec283.ZIP", decompressedFolder = "C:\Users\cofc_\AppData\Local\Temp\tmp7E3B.tmp", message = "rjsec283")~~RJStevensMusicPresentationCreator.Program~0000001349
2024-12-14 22:07:10.8176~DEBUG~-> DownloadFile(url = "https://faas-nyc1-2ef2e6cc.doserverless.co/api/v1/web/fn-dd7f8f6a-d32a-4f5e-ae7b-870dfb7963f3/downloads/bundle?id=000000000000291", filename = "C:\Users\cofc_\AppData\Local\Temp\tmp7F84.tmp\rjsec284.ZIP", message = "rjsec284")~~RJStevensMusicPresentationCreator.Program~0000001350
2024-12-14 22:07:11.0456~DEBUG~download completed~~RJStevensMusicPresentationCreator.Program~0000001351
2024-12-14 22:07:11.0456~DEBUG~<- DownloadFile(url = "https://faas-nyc1-2ef2e6cc.doserverless.co/api/v1/web/fn-dd7f8f6a-d32a-4f5e-ae7b-870dfb7963f3/downloads/bundle?id=000000000000291", filename = "C:\Users\cofc_\AppData\Local\Temp\tmp7F84.tmp\rjsec284.ZIP", message = "rjsec284")~~RJStevensMusicPresentationCreator.Program~0000001352
2024-12-14 22:07:11.0616~DEBUG~-> ExtractAllFromFile(zipFileName = "C:\Users\cofc_\AppData\Local\Temp\tmp7F84.tmp\rjsec284.ZIP", decompressedFolder = "C:\Users\cofc_\AppData\Local\Temp\tmp8070.tmp", message = "rjsec284")~~RJStevensMusicPresentationCreator.Program~0000001353
2024-12-14 22:07:11.3016~DEBUG~extract completed~~RJStevensMusicPresentationCreator.Program~0000001354
2024-12-14 22:07:11.3016~DEBUG~<- ExtractAllFromFile(zipFileName = "C:\Users\cofc_\AppData\Local\Temp\tmp7F84.tmp\rjsec284.ZIP", decompressedFolder = "C:\Users\cofc_\AppData\Local\Temp\tmp8070.tmp", message = "rjsec284")~~RJStevensMusicPresentationCreator.Program~0000001355
2024-12-14 22:07:11.3676~DEBUG~-> DownloadFile(url = "https://faas-nyc1-2ef2e6cc.doserverless.co/api/v1/web/fn-dd7f8f6a-d32a-4f5e-ae7b-870dfb7963f3/downloads/bundle?id=000000000000293", filename = "C:\Users\cofc_\AppData\Local\Temp\tmp81A9.tmp\rjsec286.ZIP", message = "rjsec286")~~RJStevensMusicPresentationCreator.Program~0000001356
2024-12-14 22:07:11.5726~DEBUG~download completed~~RJStevensMusicPresentationCreator.Program~0000001357
2024-12-14 22:07:11.5726~DEBUG~<- DownloadFile(url = "https://faas-nyc1-2ef2e6cc.doserverless.co/api/v1/web/fn-dd7f8f6a-d32a-4f5e-ae7b-870dfb7963f3/downloads/bundle?id=000000000000293", filename = "C:\Users\cofc_\AppData\Local\Temp\tmp81A9.tmp\rjsec286.ZIP", message = "rjsec286")~~RJStevensMusicPresentationCreator.Program~0000001358
2024-12-14 22:07:11.5846~DEBUG~-> ExtractAllFromFile(zipFileName = "C:\Users\cofc_\AppData\Local\Temp\tmp81A9.tmp\rjsec286.ZIP", decompressedFolder = "C:\Users\cofc_\AppData\Local\Temp\tmp8285.tmp", message = "rjsec286")~~RJStevensMusicPresentationCreator.Program~0000001359
2024-12-14 22:07:11.7747~DEBUG~extract completed~~RJStevensMusicPresentationCreator.Program~0000001360
2024-12-14 22:07:11.7747~DEBUG~<- ExtractAllFromFile(zipFileName = "C:\Users\cofc_\AppData\Local\Temp\tmp81A9.tmp\rjsec286.ZIP", decompressedFolder = "C:\Users\cofc_\AppData\Local\Temp\tmp8285.tmp", message = "rjsec286")~~RJStevensMusicPresentationCreator.Program~0000001361
2024-12-14 22:07:11.8357~DEBUG~-> DownloadFile(url = "https://faas-nyc1-2ef2e6cc.doserverless.co/api/v1/web/fn-dd7f8f6a-d32a-4f5e-ae7b-870dfb7963f3/downloads/bundle?id=000000000000294", filename = "C:\Users\cofc_\AppData\Local\Temp\tmp8380.tmp\rjsec287.ZIP", message = "rjsec287")~~RJStevensMusicPresentationCreator.Program~0000001362
2024-12-14 22:07:12.0707~DEBUG~download completed~~RJStevensMusicPresentationCreator.Program~0000001363
2024-12-14 22:07:12.0707~DEBUG~<- DownloadFile(url = "https://faas-nyc1-2ef2e6cc.doserverless.co/api/v1/web/fn-dd7f8f6a-d32a-4f5e-ae7b-870dfb7963f3/downloads/bundle?id=000000000000294", filename = "C:\Users\cofc_\AppData\Local\Temp\tmp8380.tmp\rjsec287.ZIP", message = "rjsec287")~~RJStevensMusicPresentationCreator.Program~0000001364
2024-12-14 22:07:12.0867~DEBUG~-> ExtractAllFromFile(zipFileName = "C:\Users\cofc_\AppData\Local\Temp\tmp8380.tmp\rjsec287.ZIP", decompressedFolder = "C:\Users\cofc_\AppData\Local\Temp\tmp847B.tmp", message = "rjsec287")~~RJStevensMusicPresentationCreator.Program~0000001365
2024-12-14 22:07:12.3617~DEBUG~extract completed~~RJStevensMusicPresentationCreator.Program~0000001366
2024-12-14 22:07:12.3617~DEBUG~<- ExtractAllFromFile(zipFileName = "C:\Users\cofc_\AppData\Local\Temp\tmp8380.tmp\rjsec287.ZIP", decompressedFolder = "C:\Users\cofc_\AppData\Local\Temp\tmp847B.tmp", message = "rjsec287")~~RJStevensMusicPresentationCreator.Program~0000001367
2024-12-14 22:07:12.4297~DEBUG~-> DownloadFile(url = "https://faas-nyc1-2ef2e6cc.doserverless.co/api/v1/web/fn-dd7f8f6a-d32a-4f5e-ae7b-870dfb7963f3/downloads/bundle?id=000000000000295", filename = "C:\Users\cofc_\AppData\Local\Temp\tmp85D4.tmp\rjsec288.ZIP", message = "rjsec288")~~RJStevensMusicPresentationCreator.Program~0000001368
2024-12-14 22:07:12.6387~DEBUG~download completed~~RJStevensMusicPresentationCreator.Program~0000001369
2024-12-14 22:07:12.6387~DEBUG~<- DownloadFile(url = "https://faas-nyc1-2ef2e6cc.doserverless.co/api/v1/web/fn-dd7f8f6a-d32a-4f5e-ae7b-870dfb7963f3/downloads/bundle?id=000000000000295", filename = "C:\Users\cofc_\AppData\Local\Temp\tmp85D4.tmp\rjsec288.ZIP", message = "rjsec288")~~RJStevensMusicPresentationCreator.Program~0000001370
2024-12-14 22:07:12.6507~DEBUG~-> ExtractAllFromFile(zipFileName = "C:\Users\cofc_\AppData\Local\Temp\tmp85D4.tmp\rjsec288.ZIP", decompressedFolder = "C:\Users\cofc_\AppData\Local\Temp\tmp86AF.tmp", message = "rjsec288")~~RJStevensMusicPresentationCreator.Program~0000001371
2024-12-14 22:07:12.8747~DEBUG~extract completed~~RJStevensMusicPresentationCreator.Program~0000001372
2024-12-14 22:07:12.8787~DEBUG~<- ExtractAllFromFile(zipFileName = "C:\Users\cofc_\AppData\Local\Temp\tmp85D4.tmp\rjsec288.ZIP", decompressedFolder = "C:\Users\cofc_\AppData\Local\Temp\tmp86AF.tmp", message = "rjsec288")~~RJStevensMusicPresentationCreator.Program~0000001373
2024-12-14 22:07:12.9447~DEBUG~-> DownloadFile(url = "https://faas-nyc1-2ef2e6cc.doserverless.co/api/v1/web/fn-dd7f8f6a-d32a-4f5e-ae7b-870dfb7963f3/downloads/bundle?id=000000000000296", filename = "C:\Users\cofc_\AppData\Local\Temp\tmp87D9.tmp\rjsec289.ZIP", message = "rjsec289")~~RJStevensMusicPresentationCreator.Program~0000001374
2024-12-14 22:07:13.1428~DEBUG~download completed~~RJStevensMusicPresentationCreator.Program~0000001375
2024-12-14 22:07:13.1428~DEBUG~<- DownloadFile(url = "https://faas-nyc1-2ef2e6cc.doserverless.co/api/v1/web/fn-dd7f8f6a-d32a-4f5e-ae7b-870dfb7963f3/downloads/bundle?id=000000000000296", filename = "C:\Users\cofc_\AppData\Local\Temp\tmp87D9.tmp\rjsec289.ZIP", message = "rjsec289")~~RJStevensMusicPresentationCreator.Program~0000001376
2024-12-14 22:07:13.1428~DEBUG~-> ExtractAllFromFile(zipFileName = "C:\Users\cofc_\AppData\Local\Temp\tmp87D9.tmp\rjsec289.ZIP", decompressedFolder = "C:\Users\cofc_\AppData\Local\Temp\tmp88A5.tmp", message = "rjsec289")~~RJStevensMusicPresentationCreator.Program~0000001377
2024-12-14 22:07:13.4988~DEBUG~extract completed~~RJStevensMusicPresentationCreator.Program~0000001378
2024-12-14 22:07:13.5148~DEBUG~<- ExtractAllFromFile(zipFileName = "C:\Users\cofc_\AppData\Local\Temp\tmp87D9.tmp\rjsec289.ZIP", decompressedFolder = "C:\Users\cofc_\AppData\Local\Temp\tmp88A5.tmp", message = "rjsec289")~~RJStevensMusicPresentationCreator.Program~0000001379
2024-12-14 22:07:13.6248~DEBUG~-> DownloadFile(url = "https://faas-nyc1-2ef2e6cc.doserverless.co/api/v1/web/fn-dd7f8f6a-d32a-4f5e-ae7b-870dfb7963f3/downloads/bundle?id=000000000000297", filename = "C:\Users\cofc_\AppData\Local\Temp\tmp8A7B.tmp\rjsec290.ZIP", message = "rjsec290")~~RJStevensMusicPresentationCreator.Program~0000001380
2024-12-14 22:07:13.9058~DEBUG~download completed~~RJStevensMusicPresentationCreator.Program~0000001381
2024-12-14 22:07:13.9068~DEBUG~<- DownloadFile(url = "https://faas-nyc1-2ef2e6cc.doserverless.co/api/v1/web/fn-dd7f8f6a-d32a-4f5e-ae7b-870dfb7963f3/downloads/bundle?id=000000000000297", filename = "C:\Users\cofc_\AppData\Local\Temp\tmp8A7B.tmp\rjsec290.ZIP", message = "rjsec290")~~RJStevensMusicPresentationCreator.Program~0000001382
2024-12-14 22:07:13.9068~DEBUG~-> ExtractAllFromFile(zipFileName = "C:\Users\cofc_\AppData\Local\Temp\tmp8A7B.tmp\rjsec290.ZIP", decompressedFolder = "C:\Users\cofc_\AppData\Local\Temp\tmp8BA5.tmp", message = "rjsec290")~~RJStevensMusicPresentationCreator.Program~0000001383
2024-12-14 22:07:14.2398~DEBUG~extract completed~~RJStevensMusicPresentationCreator.Program~0000001384
2024-12-14 22:07:14.2398~DEBUG~<- ExtractAllFromFile(zipFileName = "C:\Users\cofc_\AppData\Local\Temp\tmp8A7B.tmp\rjsec290.ZIP", decompressedFolder = "C:\Users\cofc_\AppData\Local\Temp\tmp8BA5.tmp", message = "rjsec290")~~RJStevensMusicPresentationCreator.Program~0000001385
2024-12-14 22:07:14.3028~DEBUG~-> DownloadFile(url = "https://faas-nyc1-2ef2e6cc.doserverless.co/api/v1/web/fn-dd7f8f6a-d32a-4f5e-ae7b-870dfb7963f3/downloads/bundle?id=000000000000299", filename = "C:\Users\cofc_\AppData\Local\Temp\tmp8D2D.tmp\rjsec292.ZIP", message = "rjsec292")~~RJStevensMusicPresentationCreator.Program~0000001386
2024-12-14 22:07:14.5489~DEBUG~download completed~~RJStevensMusicPresentationCreator.Program~0000001387
2024-12-14 22:07:14.5489~DEBUG~<- DownloadFile(url = "https://faas-nyc1-2ef2e6cc.doserverless.co/api/v1/web/fn-dd7f8f6a-d32a-4f5e-ae7b-870dfb7963f3/downloads/bundle?id=000000000000299", filename = "C:\Users\cofc_\AppData\Local\Temp\tmp8D2D.tmp\rjsec292.ZIP", message = "rjsec292")~~RJStevensMusicPresentationCreator.Program~0000001388
2024-12-14 22:07:14.5689~DEBUG~-> ExtractAllFromFile(zipFileName = "C:\Users\cofc_\AppData\Local\Temp\tmp8D2D.tmp\rjsec292.ZIP", decompressedFolder = "C:\Users\cofc_\AppData\Local\Temp\tmp8E37.tmp", message = "rjsec292")~~RJStevensMusicPresentationCreator.Program~0000001389
2024-12-14 22:07:14.8579~DEBUG~extract completed~~RJStevensMusicPresentationCreator.Program~0000001390
2024-12-14 22:07:14.8619~DEBUG~<- ExtractAllFromFile(zipFileName = "C:\Users\cofc_\AppData\Local\Temp\tmp8D2D.tmp\rjsec292.ZIP", decompressedFolder = "C:\Users\cofc_\AppData\Local\Temp\tmp8E37.tmp", message = "rjsec292")~~RJStevensMusicPresentationCreator.Program~0000001391
2024-12-14 22:07:14.9339~DEBUG~-> DownloadFile(url = "https://faas-nyc1-2ef2e6cc.doserverless.co/api/v1/web/fn-dd7f8f6a-d32a-4f5e-ae7b-870dfb7963f3/downloads/bundle?id=000000000000300", filename = "C:\Users\cofc_\AppData\Local\Temp\tmp8FA0.tmp\rjsec293.ZIP", message = "rjsec293")~~RJStevensMusicPresentationCreator.Program~0000001392
2024-12-14 22:07:15.1429~DEBUG~download completed~~RJStevensMusicPresentationCreator.Program~0000001393
2024-12-14 22:07:15.1429~DEBUG~<- DownloadFile(url = "https://faas-nyc1-2ef2e6cc.doserverless.co/api/v1/web/fn-dd7f8f6a-d32a-4f5e-ae7b-870dfb7963f3/downloads/bundle?id=000000000000300", filename = "C:\Users\cofc_\AppData\Local\Temp\tmp8FA0.tmp\rjsec293.ZIP", message = "rjsec293")~~RJStevensMusicPresentationCreator.Program~0000001394
2024-12-14 22:07:15.1579~DEBUG~-> ExtractAllFromFile(zipFileName = "C:\Users\cofc_\AppData\Local\Temp\tmp8FA0.tmp\rjsec293.ZIP", decompressedFolder = "C:\Users\cofc_\AppData\Local\Temp\tmp908B.tmp", message = "rjsec293")~~RJStevensMusicPresentationCreator.Program~0000001395
2024-12-14 22:07:15.4259~DEBUG~extract completed~~RJStevensMusicPresentationCreator.Program~0000001396
2024-12-14 22:07:15.4259~DEBUG~<- ExtractAllFromFile(zipFileName = "C:\Users\cofc_\AppData\Local\Temp\tmp8FA0.tmp\rjsec293.ZIP", decompressedFolder = "C:\Users\cofc_\AppData\Local\Temp\tmp908B.tmp", message = "rjsec293")~~RJStevensMusicPresentationCreator.Program~0000001397
2024-12-14 22:07:15.4909~DEBUG~-> DownloadFile(url = "https://faas-nyc1-2ef2e6cc.doserverless.co/api/v1/web/fn-dd7f8f6a-d32a-4f5e-ae7b-870dfb7963f3/downloads/bundle?id=000000000000301", filename = "C:\Users\cofc_\AppData\Local\Temp\tmp91D4.tmp\rjsec294.ZIP", message = "rjsec294")~~RJStevensMusicPresentationCreator.Program~0000001398
2024-12-14 22:07:15.7319~DEBUG~download completed~~RJStevensMusicPresentationCreator.Program~0000001399
2024-12-14 22:07:15.7319~DEBUG~<- DownloadFile(url = "https://faas-nyc1-2ef2e6cc.doserverless.co/api/v1/web/fn-dd7f8f6a-d32a-4f5e-ae7b-870dfb7963f3/downloads/bundle?id=000000000000301", filename = "C:\Users\cofc_\AppData\Local\Temp\tmp91D4.tmp\rjsec294.ZIP", message = "rjsec294")~~RJStevensMusicPresentationCreator.Program~0000001400
2024-12-14 22:07:15.7449~DEBUG~-> ExtractAllFromFile(zipFileName = "C:\Users\cofc_\AppData\Local\Temp\tmp91D4.tmp\rjsec294.ZIP", decompressedFolder = "C:\Users\cofc_\AppData\Local\Temp\tmp92CF.tmp", message = "rjsec294")~~RJStevensMusicPresentationCreator.Program~0000001401
2024-12-14 22:07:16.0050~DEBUG~extract completed~~RJStevensMusicPresentationCreator.Program~0000001402
2024-12-14 22:07:16.0050~DEBUG~<- ExtractAllFromFile(zipFileName = "C:\Users\cofc_\AppData\Local\Temp\tmp91D4.tmp\rjsec294.ZIP", decompressedFolder = "C:\Users\cofc_\AppData\Local\Temp\tmp92CF.tmp", message = "rjsec294")~~RJStevensMusicPresentationCreator.Program~0000001403
2024-12-14 22:07:16.0920~DEBUG~-> DownloadFile(url = "https://faas-nyc1-2ef2e6cc.doserverless.co/api/v1/web/fn-dd7f8f6a-d32a-4f5e-ae7b-870dfb7963f3/downloads/bundle?id=000000000000302", filename = "C:\Users\cofc_\AppData\Local\Temp\tmp9418.tmp\rjsec295.ZIP", message = "rjsec295")~~RJStevensMusicPresentationCreator.Program~0000001404
2024-12-14 22:07:16.3630~DEBUG~download completed~~RJStevensMusicPresentationCreator.Program~0000001405
2024-12-14 22:07:16.3630~DEBUG~<- DownloadFile(url = "https://faas-nyc1-2ef2e6cc.doserverless.co/api/v1/web/fn-dd7f8f6a-d32a-4f5e-ae7b-870dfb7963f3/downloads/bundle?id=000000000000302", filename = "C:\Users\cofc_\AppData\Local\Temp\tmp9418.tmp\rjsec295.ZIP", message = "rjsec295")~~RJStevensMusicPresentationCreator.Program~0000001406
2024-12-14 22:07:16.3820~DEBUG~-> ExtractAllFromFile(zipFileName = "C:\Users\cofc_\AppData\Local\Temp\tmp9418.tmp\rjsec295.ZIP", decompressedFolder = "C:\Users\cofc_\AppData\Local\Temp\tmp9552.tmp", message = "rjsec295")~~RJStevensMusicPresentationCreator.Program~0000001407
2024-12-14 22:07:16.6860~DEBUG~extract completed~~RJStevensMusicPresentationCreator.Program~0000001408
2024-12-14 22:07:16.6890~DEBUG~<- ExtractAllFromFile(zipFileName = "C:\Users\cofc_\AppData\Local\Temp\tmp9418.tmp\rjsec295.ZIP", decompressedFolder = "C:\Users\cofc_\AppData\Local\Temp\tmp9552.tmp", message = "rjsec295")~~RJStevensMusicPresentationCreator.Program~0000001409
2024-12-14 22:07:16.7620~DEBUG~-> DownloadFile(url = "https://faas-nyc1-2ef2e6cc.doserverless.co/api/v1/web/fn-dd7f8f6a-d32a-4f5e-ae7b-870dfb7963f3/downloads/bundle?id=000000000000303", filename = "C:\Users\cofc_\AppData\Local\Temp\tmp96CA.tmp\rjsec296.ZIP", message = "rjsec296")~~RJStevensMusicPresentationCreator.Program~0000001410
2024-12-14 22:07:17.0190~DEBUG~download completed~~RJStevensMusicPresentationCreator.Program~0000001411
2024-12-14 22:07:17.0190~DEBUG~<- DownloadFile(url = "https://faas-nyc1-2ef2e6cc.doserverless.co/api/v1/web/fn-dd7f8f6a-d32a-4f5e-ae7b-870dfb7963f3/downloads/bundle?id=000000000000303", filename = "C:\Users\cofc_\AppData\Local\Temp\tmp96CA.tmp\rjsec296.ZIP", message = "rjsec296")~~RJStevensMusicPresentationCreator.Program~0000001412
2024-12-14 22:07:17.0190~DEBUG~-> ExtractAllFromFile(zipFileName = "C:\Users\cofc_\AppData\Local\Temp\tmp96CA.tmp\rjsec296.ZIP", decompressedFolder = "C:\Users\cofc_\AppData\Local\Temp\tmp97D4.tmp", message = "rjsec296")~~RJStevensMusicPresentationCreator.Program~0000001413
2024-12-14 22:07:17.3591~DEBUG~extract completed~~RJStevensMusicPresentationCreator.Program~0000001414
2024-12-14 22:07:17.3681~DEBUG~<- ExtractAllFromFile(zipFileName = "C:\Users\cofc_\AppData\Local\Temp\tmp96CA.tmp\rjsec296.ZIP", decompressedFolder = "C:\Users\cofc_\AppData\Local\Temp\tmp97D4.tmp", message = "rjsec296")~~RJStevensMusicPresentationCreator.Program~0000001415
2024-12-14 22:07:17.4591~DEBUG~-> DownloadFile(url = "https://faas-nyc1-2ef2e6cc.doserverless.co/api/v1/web/fn-dd7f8f6a-d32a-4f5e-ae7b-870dfb7963f3/downloads/bundle?id=000000000000304", filename = "C:\Users\cofc_\AppData\Local\Temp\tmp998B.tmp\rjsec297.ZIP", message = "rjsec297")~~RJStevensMusicPresentationCreator.Program~0000001416
2024-12-14 22:07:17.6741~DEBUG~download completed~~RJStevensMusicPresentationCreator.Program~0000001417
2024-12-14 22:07:17.6741~DEBUG~<- DownloadFile(url = "https://faas-nyc1-2ef2e6cc.doserverless.co/api/v1/web/fn-dd7f8f6a-d32a-4f5e-ae7b-870dfb7963f3/downloads/bundle?id=000000000000304", filename = "C:\Users\cofc_\AppData\Local\Temp\tmp998B.tmp\rjsec297.ZIP", message = "rjsec297")~~RJStevensMusicPresentationCreator.Program~0000001418
2024-12-14 22:07:17.6741~DEBUG~-> ExtractAllFromFile(zipFileName = "C:\Users\cofc_\AppData\Local\Temp\tmp998B.tmp\rjsec297.ZIP", decompressedFolder = "C:\Users\cofc_\AppData\Local\Temp\tmp9A67.tmp", message = "rjsec297")~~RJStevensMusicPresentationCreator.Program~0000001419
2024-12-14 22:07:17.9081~DEBUG~extract completed~~RJStevensMusicPresentationCreator.Program~0000001420
2024-12-14 22:07:17.9081~DEBUG~<- ExtractAllFromFile(zipFileName = "C:\Users\cofc_\AppData\Local\Temp\tmp998B.tmp\rjsec297.ZIP", decompressedFolder = "C:\Users\cofc_\AppData\Local\Temp\tmp9A67.tmp", message = "rjsec297")~~RJStevensMusicPresentationCreator.Program~0000001421
2024-12-14 22:07:17.9791~DEBUG~-> DownloadFile(url = "https://faas-nyc1-2ef2e6cc.doserverless.co/api/v1/web/fn-dd7f8f6a-d32a-4f5e-ae7b-870dfb7963f3/downloads/bundle?id=000000000000305", filename = "C:\Users\cofc_\AppData\Local\Temp\tmp9B91.tmp\rjsec298.ZIP", message = "rjsec298")~~RJStevensMusicPresentationCreator.Program~0000001422
2024-12-14 22:07:18.2001~DEBUG~download completed~~RJStevensMusicPresentationCreator.Program~0000001423
2024-12-14 22:07:18.2001~DEBUG~<- DownloadFile(url = "https://faas-nyc1-2ef2e6cc.doserverless.co/api/v1/web/fn-dd7f8f6a-d32a-4f5e-ae7b-870dfb7963f3/downloads/bundle?id=000000000000305", filename = "C:\Users\cofc_\AppData\Local\Temp\tmp9B91.tmp\rjsec298.ZIP", message = "rjsec298")~~RJStevensMusicPresentationCreator.Program~0000001424
2024-12-14 22:07:18.2151~DEBUG~-> ExtractAllFromFile(zipFileName = "C:\Users\cofc_\AppData\Local\Temp\tmp9B91.tmp\rjsec298.ZIP", decompressedFolder = "C:\Users\cofc_\AppData\Local\Temp\tmp9C7C.tmp", message = "rjsec298")~~RJStevensMusicPresentationCreator.Program~0000001425
2024-12-14 22:07:18.4431~DEBUG~extract completed~~RJStevensMusicPresentationCreator.Program~0000001426
2024-12-14 22:07:18.4431~DEBUG~<- ExtractAllFromFile(zipFileName = "C:\Users\cofc_\AppData\Local\Temp\tmp9B91.tmp\rjsec298.ZIP", decompressedFolder = "C:\Users\cofc_\AppData\Local\Temp\tmp9C7C.tmp", message = "rjsec298")~~RJStevensMusicPresentationCreator.Program~0000001427
2024-12-14 22:07:18.5131~DEBUG~-> DownloadFile(url = "https://faas-nyc1-2ef2e6cc.doserverless.co/api/v1/web/fn-dd7f8f6a-d32a-4f5e-ae7b-870dfb7963f3/downloads/bundle?id=000000000000307", filename = "C:\Users\cofc_\AppData\Local\Temp\tmp9DA6.tmp\rjsec300.ZIP", message = "rjsec300")~~RJStevensMusicPresentationCreator.Program~0000001428
2024-12-14 22:07:18.7212~DEBUG~download completed~~RJStevensMusicPresentationCreator.Program~0000001429
2024-12-14 22:07:18.7212~DEBUG~<- DownloadFile(url = "https://faas-nyc1-2ef2e6cc.doserverless.co/api/v1/web/fn-dd7f8f6a-d32a-4f5e-ae7b-870dfb7963f3/downloads/bundle?id=000000000000307", filename = "C:\Users\cofc_\AppData\Local\Temp\tmp9DA6.tmp\rjsec300.ZIP", message = "rjsec300")~~RJStevensMusicPresentationCreator.Program~0000001430
2024-12-14 22:07:18.7212~DEBUG~-> ExtractAllFromFile(zipFileName = "C:\Users\cofc_\AppData\Local\Temp\tmp9DA6.tmp\rjsec300.ZIP", decompressedFolder = "C:\Users\cofc_\AppData\Local\Temp\tmp9E82.tmp", message = "rjsec300")~~RJStevensMusicPresentationCreator.Program~0000001431
2024-12-14 22:07:18.9402~DEBUG~extract completed~~RJStevensMusicPresentationCreator.Program~0000001432
2024-12-14 22:07:18.9402~DEBUG~<- ExtractAllFromFile(zipFileName = "C:\Users\cofc_\AppData\Local\Temp\tmp9DA6.tmp\rjsec300.ZIP", decompressedFolder = "C:\Users\cofc_\AppData\Local\Temp\tmp9E82.tmp", message = "rjsec300")~~RJStevensMusicPresentationCreator.Program~0000001433
2024-12-14 22:07:19.0002~DEBUG~-> DownloadFile(url = "https://faas-nyc1-2ef2e6cc.doserverless.co/api/v1/web/fn-dd7f8f6a-d32a-4f5e-ae7b-870dfb7963f3/downloads/bundle?id=000000000000308", filename = "C:\Users\cofc_\AppData\Local\Temp\tmp9F8C.tmp\rjsec301.ZIP", message = "rjsec301")~~RJStevensMusicPresentationCreator.Program~0000001434
2024-12-14 22:07:19.2082~DEBUG~download completed~~RJStevensMusicPresentationCreator.Program~0000001435
2024-12-14 22:07:19.2082~DEBUG~<- DownloadFile(url = "https://faas-nyc1-2ef2e6cc.doserverless.co/api/v1/web/fn-dd7f8f6a-d32a-4f5e-ae7b-870dfb7963f3/downloads/bundle?id=000000000000308", filename = "C:\Users\cofc_\AppData\Local\Temp\tmp9F8C.tmp\rjsec301.ZIP", message = "rjsec301")~~RJStevensMusicPresentationCreator.Program~0000001436
2024-12-14 22:07:19.2212~DEBUG~-> ExtractAllFromFile(zipFileName = "C:\Users\cofc_\AppData\Local\Temp\tmp9F8C.tmp\rjsec301.ZIP", decompressedFolder = "C:\Users\cofc_\AppData\Local\Temp\tmpA078.tmp", message = "rjsec301")~~RJStevensMusicPresentationCreator.Program~0000001437
2024-12-14 22:07:19.4812~DEBUG~extract completed~~RJStevensMusicPresentationCreator.Program~0000001438
2024-12-14 22:07:19.4852~DEBUG~<- ExtractAllFromFile(zipFileName = "C:\Users\cofc_\AppData\Local\Temp\tmp9F8C.tmp\rjsec301.ZIP", decompressedFolder = "C:\Users\cofc_\AppData\Local\Temp\tmpA078.tmp", message = "rjsec301")~~RJStevensMusicPresentationCreator.Program~0000001439
2024-12-14 22:07:19.5532~DEBUG~-> DownloadFile(url = "https://faas-nyc1-2ef2e6cc.doserverless.co/api/v1/web/fn-dd7f8f6a-d32a-4f5e-ae7b-870dfb7963f3/downloads/bundle?id=000000000000309", filename = "C:\Users\cofc_\AppData\Local\Temp\tmpA1C1.tmp\rjsec302.ZIP", message = "rjsec302")~~RJStevensMusicPresentationCreator.Program~0000001440
2024-12-14 22:07:19.7932~DEBUG~download completed~~RJStevensMusicPresentationCreator.Program~0000001441
2024-12-14 22:07:19.7932~DEBUG~<- DownloadFile(url = "https://faas-nyc1-2ef2e6cc.doserverless.co/api/v1/web/fn-dd7f8f6a-d32a-4f5e-ae7b-870dfb7963f3/downloads/bundle?id=000000000000309", filename = "C:\Users\cofc_\AppData\Local\Temp\tmpA1C1.tmp\rjsec302.ZIP", message = "rjsec302")~~RJStevensMusicPresentationCreator.Program~0000001442
2024-12-14 22:07:19.8112~DEBUG~-> ExtractAllFromFile(zipFileName = "C:\Users\cofc_\AppData\Local\Temp\tmpA1C1.tmp\rjsec302.ZIP", decompressedFolder = "C:\Users\cofc_\AppData\Local\Temp\tmpA2BC.tmp", message = "rjsec302")~~RJStevensMusicPresentationCreator.Program~0000001443
2024-12-14 22:07:20.0403~DEBUG~extract completed~~RJStevensMusicPresentationCreator.Program~0000001444
2024-12-14 22:07:20.0403~DEBUG~<- ExtractAllFromFile(zipFileName = "C:\Users\cofc_\AppData\Local\Temp\tmpA1C1.tmp\rjsec302.ZIP", decompressedFolder = "C:\Users\cofc_\AppData\Local\Temp\tmpA2BC.tmp", message = "rjsec302")~~RJStevensMusicPresentationCreator.Program~0000001445
2024-12-14 22:07:20.1063~DEBUG~-> DownloadFile(url = "https://faas-nyc1-2ef2e6cc.doserverless.co/api/v1/web/fn-dd7f8f6a-d32a-4f5e-ae7b-870dfb7963f3/downloads/bundle?id=000000000000310", filename = "C:\Users\cofc_\AppData\Local\Temp\tmpA3E6.tmp\rjsec303.ZIP", message = "rjsec303")~~RJStevensMusicPresentationCreator.Program~0000001446
2024-12-14 22:07:20.3393~DEBUG~download completed~~RJStevensMusicPresentationCreator.Program~0000001447
2024-12-14 22:07:20.3393~DEBUG~<- DownloadFile(url = "https://faas-nyc1-2ef2e6cc.doserverless.co/api/v1/web/fn-dd7f8f6a-d32a-4f5e-ae7b-870dfb7963f3/downloads/bundle?id=000000000000310", filename = "C:\Users\cofc_\AppData\Local\Temp\tmpA3E6.tmp\rjsec303.ZIP", message = "rjsec303")~~RJStevensMusicPresentationCreator.Program~0000001448
2024-12-14 22:07:20.3553~DEBUG~-> ExtractAllFromFile(zipFileName = "C:\Users\cofc_\AppData\Local\Temp\tmpA3E6.tmp\rjsec303.ZIP", decompressedFolder = "C:\Users\cofc_\AppData\Local\Temp\tmpA4E1.tmp", message = "rjsec303")~~RJStevensMusicPresentationCreator.Program~0000001449
2024-12-14 22:07:20.6153~DEBUG~extract completed~~RJStevensMusicPresentationCreator.Program~0000001450
2024-12-14 22:07:20.6153~DEBUG~<- ExtractAllFromFile(zipFileName = "C:\Users\cofc_\AppData\Local\Temp\tmpA3E6.tmp\rjsec303.ZIP", decompressedFolder = "C:\Users\cofc_\AppData\Local\Temp\tmpA4E1.tmp", message = "rjsec303")~~RJStevensMusicPresentationCreator.Program~0000001451
2024-12-14 22:07:20.6913~DEBUG~-> DownloadFile(url = "https://faas-nyc1-2ef2e6cc.doserverless.co/api/v1/web/fn-dd7f8f6a-d32a-4f5e-ae7b-870dfb7963f3/downloads/bundle?id=000000000000311", filename = "C:\Users\cofc_\AppData\Local\Temp\tmpA639.tmp\rjsec304.ZIP", message = "rjsec304")~~RJStevensMusicPresentationCreator.Program~0000001452
2024-12-14 22:07:20.9013~DEBUG~download completed~~RJStevensMusicPresentationCreator.Program~0000001453
2024-12-14 22:07:20.9013~DEBUG~<- DownloadFile(url = "https://faas-nyc1-2ef2e6cc.doserverless.co/api/v1/web/fn-dd7f8f6a-d32a-4f5e-ae7b-870dfb7963f3/downloads/bundle?id=000000000000311", filename = "C:\Users\cofc_\AppData\Local\Temp\tmpA639.tmp\rjsec304.ZIP", message = "rjsec304")~~RJStevensMusicPresentationCreator.Program~0000001454
2024-12-14 22:07:20.9153~DEBUG~-> ExtractAllFromFile(zipFileName = "C:\Users\cofc_\AppData\Local\Temp\tmpA639.tmp\rjsec304.ZIP", decompressedFolder = "C:\Users\cofc_\AppData\Local\Temp\tmpA715.tmp", message = "rjsec304")~~RJStevensMusicPresentationCreator.Program~0000001455
2024-12-14 22:07:21.1243~DEBUG~extract completed~~RJStevensMusicPresentationCreator.Program~0000001456
2024-12-14 22:07:21.1263~DEBUG~<- ExtractAllFromFile(zipFileName = "C:\Users\cofc_\AppData\Local\Temp\tmpA639.tmp\rjsec304.ZIP", decompressedFolder = "C:\Users\cofc_\AppData\Local\Temp\tmpA715.tmp", message = "rjsec304")~~RJStevensMusicPresentationCreator.Program~0000001457
2024-12-14 22:07:21.1883~DEBUG~-> DownloadFile(url = "https://faas-nyc1-2ef2e6cc.doserverless.co/api/v1/web/fn-dd7f8f6a-d32a-4f5e-ae7b-870dfb7963f3/downloads/bundle?id=000000000000312", filename = "C:\Users\cofc_\AppData\Local\Temp\tmpA820.tmp\rjsec305.ZIP", message = "rjsec305")~~RJStevensMusicPresentationCreator.Program~0000001458
2024-12-14 22:07:21.5264~DEBUG~download completed~~RJStevensMusicPresentationCreator.Program~0000001459
2024-12-14 22:07:21.5264~DEBUG~<- DownloadFile(url = "https://faas-nyc1-2ef2e6cc.doserverless.co/api/v1/web/fn-dd7f8f6a-d32a-4f5e-ae7b-870dfb7963f3/downloads/bundle?id=000000000000312", filename = "C:\Users\cofc_\AppData\Local\Temp\tmpA820.tmp\rjsec305.ZIP", message = "rjsec305")~~RJStevensMusicPresentationCreator.Program~0000001460
2024-12-14 22:07:21.5504~DEBUG~-> ExtractAllFromFile(zipFileName = "C:\Users\cofc_\AppData\Local\Temp\tmpA820.tmp\rjsec305.ZIP", decompressedFolder = "C:\Users\cofc_\AppData\Local\Temp\tmpA998.tmp", message = "rjsec305")~~RJStevensMusicPresentationCreator.Program~0000001461
2024-12-14 22:07:21.8394~DEBUG~extract completed~~RJStevensMusicPresentationCreator.Program~0000001462
2024-12-14 22:07:21.8464~DEBUG~<- ExtractAllFromFile(zipFileName = "C:\Users\cofc_\AppData\Local\Temp\tmpA820.tmp\rjsec305.ZIP", decompressedFolder = "C:\Users\cofc_\AppData\Local\Temp\tmpA998.tmp", message = "rjsec305")~~RJStevensMusicPresentationCreator.Program~0000001463
2024-12-14 22:07:21.9244~DEBUG~-> DownloadFile(url = "https://faas-nyc1-2ef2e6cc.doserverless.co/api/v1/web/fn-dd7f8f6a-d32a-4f5e-ae7b-870dfb7963f3/downloads/bundle?id=000000000000313", filename = "C:\Users\cofc_\AppData\Local\Temp\tmpAB10.tmp\rjsec306.ZIP", message = "rjsec306")~~RJStevensMusicPresentationCreator.Program~0000001464
2024-12-14 22:07:22.1684~DEBUG~download completed~~RJStevensMusicPresentationCreator.Program~0000001465
2024-12-14 22:07:22.1684~DEBUG~<- DownloadFile(url = "https://faas-nyc1-2ef2e6cc.doserverless.co/api/v1/web/fn-dd7f8f6a-d32a-4f5e-ae7b-870dfb7963f3/downloads/bundle?id=000000000000313", filename = "C:\Users\cofc_\AppData\Local\Temp\tmpAB10.tmp\rjsec306.ZIP", message = "rjsec306")~~RJStevensMusicPresentationCreator.Program~0000001466
2024-12-14 22:07:22.1864~DEBUG~-> ExtractAllFromFile(zipFileName = "C:\Users\cofc_\AppData\Local\Temp\tmpAB10.tmp\rjsec306.ZIP", decompressedFolder = "C:\Users\cofc_\AppData\Local\Temp\tmpAC0B.tmp", message = "rjsec306")~~RJStevensMusicPresentationCreator.Program~0000001467
2024-12-14 22:07:22.4014~DEBUG~extract completed~~RJStevensMusicPresentationCreator.Program~0000001468
2024-12-14 22:07:22.4014~DEBUG~<- ExtractAllFromFile(zipFileName = "C:\Users\cofc_\AppData\Local\Temp\tmpAB10.tmp\rjsec306.ZIP", decompressedFolder = "C:\Users\cofc_\AppData\Local\Temp\tmpAC0B.tmp", message = "rjsec306")~~RJStevensMusicPresentationCreator.Program~0000001469
2024-12-14 22:07:22.4614~DEBUG~-> DownloadFile(url = "https://faas-nyc1-2ef2e6cc.doserverless.co/api/v1/web/fn-dd7f8f6a-d32a-4f5e-ae7b-870dfb7963f3/downloads/bundle?id=000000000000314", filename = "C:\Users\cofc_\AppData\Local\Temp\tmpAD25.tmp\rjsec307.ZIP", message = "rjsec307")~~RJStevensMusicPresentationCreator.Program~0000001470
2024-12-14 22:07:22.7015~DEBUG~download completed~~RJStevensMusicPresentationCreator.Program~0000001471
2024-12-14 22:07:22.7015~DEBUG~<- DownloadFile(url = "https://faas-nyc1-2ef2e6cc.doserverless.co/api/v1/web/fn-dd7f8f6a-d32a-4f5e-ae7b-870dfb7963f3/downloads/bundle?id=000000000000314", filename = "C:\Users\cofc_\AppData\Local\Temp\tmpAD25.tmp\rjsec307.ZIP", message = "rjsec307")~~RJStevensMusicPresentationCreator.Program~0000001472
2024-12-14 22:07:22.7165~DEBUG~-> ExtractAllFromFile(zipFileName = "C:\Users\cofc_\AppData\Local\Temp\tmpAD25.tmp\rjsec307.ZIP", decompressedFolder = "C:\Users\cofc_\AppData\Local\Temp\tmpAE20.tmp", message = "rjsec307")~~RJStevensMusicPresentationCreator.Program~0000001473
2024-12-14 22:07:23.0275~DEBUG~extract completed~~RJStevensMusicPresentationCreator.Program~0000001474
2024-12-14 22:07:23.0275~DEBUG~<- ExtractAllFromFile(zipFileName = "C:\Users\cofc_\AppData\Local\Temp\tmpAD25.tmp\rjsec307.ZIP", decompressedFolder = "C:\Users\cofc_\AppData\Local\Temp\tmpAE20.tmp", message = "rjsec307")~~RJStevensMusicPresentationCreator.Program~0000001475
2024-12-14 22:07:23.1035~DEBUG~-> DownloadFile(url = "https://faas-nyc1-2ef2e6cc.doserverless.co/api/v1/web/fn-dd7f8f6a-d32a-4f5e-ae7b-870dfb7963f3/downloads/bundle?id=000000000000316", filename = "C:\Users\cofc_\AppData\Local\Temp\tmpAFA8.tmp\rjsec309.ZIP", message = "rjsec309")~~RJStevensMusicPresentationCreator.Program~0000001476
2024-12-14 22:07:23.3355~DEBUG~download completed~~RJStevensMusicPresentationCreator.Program~0000001477
2024-12-14 22:07:23.3355~DEBUG~<- DownloadFile(url = "https://faas-nyc1-2ef2e6cc.doserverless.co/api/v1/web/fn-dd7f8f6a-d32a-4f5e-ae7b-870dfb7963f3/downloads/bundle?id=000000000000316", filename = "C:\Users\cofc_\AppData\Local\Temp\tmpAFA8.tmp\rjsec309.ZIP", message = "rjsec309")~~RJStevensMusicPresentationCreator.Program~0000001478
2024-12-14 22:07:23.3545~DEBUG~-> ExtractAllFromFile(zipFileName = "C:\Users\cofc_\AppData\Local\Temp\tmpAFA8.tmp\rjsec309.ZIP", decompressedFolder = "C:\Users\cofc_\AppData\Local\Temp\tmpB0A3.tmp", message = "rjsec309")~~RJStevensMusicPresentationCreator.Program~0000001479
2024-12-14 22:07:23.6505~DEBUG~extract completed~~RJStevensMusicPresentationCreator.Program~0000001480
2024-12-14 22:07:23.6505~DEBUG~<- ExtractAllFromFile(zipFileName = "C:\Users\cofc_\AppData\Local\Temp\tmpAFA8.tmp\rjsec309.ZIP", decompressedFolder = "C:\Users\cofc_\AppData\Local\Temp\tmpB0A3.tmp", message = "rjsec309")~~RJStevensMusicPresentationCreator.Program~0000001481
2024-12-14 22:07:23.7255~DEBUG~-> DownloadFile(url = "https://faas-nyc1-2ef2e6cc.doserverless.co/api/v1/web/fn-dd7f8f6a-d32a-4f5e-ae7b-870dfb7963f3/downloads/bundle?id=000000000000317", filename = "C:\Users\cofc_\AppData\Local\Temp\tmpB21B.tmp\rjsec310.ZIP", message = "rjsec310")~~RJStevensMusicPresentationCreator.Program~0000001482
2024-12-14 22:07:23.9926~DEBUG~download completed~~RJStevensMusicPresentationCreator.Program~0000001483
2024-12-14 22:07:23.9926~DEBUG~<- DownloadFile(url = "https://faas-nyc1-2ef2e6cc.doserverless.co/api/v1/web/fn-dd7f8f6a-d32a-4f5e-ae7b-870dfb7963f3/downloads/bundle?id=000000000000317", filename = "C:\Users\cofc_\AppData\Local\Temp\tmpB21B.tmp\rjsec310.ZIP", message = "rjsec310")~~RJStevensMusicPresentationCreator.Program~0000001484
2024-12-14 22:07:24.0146~DEBUG~-> ExtractAllFromFile(zipFileName = "C:\Users\cofc_\AppData\Local\Temp\tmpB21B.tmp\rjsec310.ZIP", decompressedFolder = "C:\Users\cofc_\AppData\Local\Temp\tmpB335.tmp", message = "rjsec310")~~RJStevensMusicPresentationCreator.Program~0000001485
2024-12-14 22:07:24.2816~DEBUG~extract completed~~RJStevensMusicPresentationCreator.Program~0000001486
2024-12-14 22:07:24.2816~DEBUG~<- ExtractAllFromFile(zipFileName = "C:\Users\cofc_\AppData\Local\Temp\tmpB21B.tmp\rjsec310.ZIP", decompressedFolder = "C:\Users\cofc_\AppData\Local\Temp\tmpB335.tmp", message = "rjsec310")~~RJStevensMusicPresentationCreator.Program~0000001487
2024-12-14 22:07:24.3646~DEBUG~-> DownloadFile(url = "https://faas-nyc1-2ef2e6cc.doserverless.co/api/v1/web/fn-dd7f8f6a-d32a-4f5e-ae7b-870dfb7963f3/downloads/bundle?id=000000000000318", filename = "C:\Users\cofc_\AppData\Local\Temp\tmpB49D.tmp\rjsec311.ZIP", message = "rjsec311")~~RJStevensMusicPresentationCreator.Program~0000001488
2024-12-14 22:07:24.5786~DEBUG~download completed~~RJStevensMusicPresentationCreator.Program~0000001489
2024-12-14 22:07:24.5786~DEBUG~<- DownloadFile(url = "https://faas-nyc1-2ef2e6cc.doserverless.co/api/v1/web/fn-dd7f8f6a-d32a-4f5e-ae7b-870dfb7963f3/downloads/bundle?id=000000000000318", filename = "C:\Users\cofc_\AppData\Local\Temp\tmpB49D.tmp\rjsec311.ZIP", message = "rjsec311")~~RJStevensMusicPresentationCreator.Program~0000001490
2024-12-14 22:07:24.5786~DEBUG~-> ExtractAllFromFile(zipFileName = "C:\Users\cofc_\AppData\Local\Temp\tmpB49D.tmp\rjsec311.ZIP", decompressedFolder = "C:\Users\cofc_\AppData\Local\Temp\tmpB579.tmp", message = "rjsec311")~~RJStevensMusicPresentationCreator.Program~0000001491
2024-12-14 22:07:24.8258~DEBUG~extract completed~~RJStevensMusicPresentationCreator.Program~0000001492
2024-12-14 22:07:24.8298~DEBUG~<- ExtractAllFromFile(zipFileName = "C:\Users\cofc_\AppData\Local\Temp\tmpB49D.tmp\rjsec311.ZIP", decompressedFolder = "C:\Users\cofc_\AppData\Local\Temp\tmpB579.tmp", message = "rjsec311")~~RJStevensMusicPresentationCreator.Program~0000001493
2024-12-14 22:07:24.8948~DEBUG~-> DownloadFile(url = "https://faas-nyc1-2ef2e6cc.doserverless.co/api/v1/web/fn-dd7f8f6a-d32a-4f5e-ae7b-870dfb7963f3/downloads/bundle?id=000000000000319", filename = "C:\Users\cofc_\AppData\Local\Temp\tmpB6B2.tmp\rjsec312.ZIP", message = "rjsec312")~~RJStevensMusicPresentationCreator.Program~0000001494
2024-12-14 22:07:25.1068~DEBUG~download completed~~RJStevensMusicPresentationCreator.Program~0000001495
2024-12-14 22:07:25.1068~DEBUG~<- DownloadFile(url = "https://faas-nyc1-2ef2e6cc.doserverless.co/api/v1/web/fn-dd7f8f6a-d32a-4f5e-ae7b-870dfb7963f3/downloads/bundle?id=000000000000319", filename = "C:\Users\cofc_\AppData\Local\Temp\tmpB6B2.tmp\rjsec312.ZIP", message = "rjsec312")~~RJStevensMusicPresentationCreator.Program~0000001496
2024-12-14 22:07:25.1198~DEBUG~-> ExtractAllFromFile(zipFileName = "C:\Users\cofc_\AppData\Local\Temp\tmpB6B2.tmp\rjsec312.ZIP", decompressedFolder = "C:\Users\cofc_\AppData\Local\Temp\tmpB78E.tmp", message = "rjsec312")~~RJStevensMusicPresentationCreator.Program~0000001497
2024-12-14 22:07:25.3908~DEBUG~extract completed~~RJStevensMusicPresentationCreator.Program~0000001498
2024-12-14 22:07:25.3958~DEBUG~<- ExtractAllFromFile(zipFileName = "C:\Users\cofc_\AppData\Local\Temp\tmpB6B2.tmp\rjsec312.ZIP", decompressedFolder = "C:\Users\cofc_\AppData\Local\Temp\tmpB78E.tmp", message = "rjsec312")~~RJStevensMusicPresentationCreator.Program~0000001499
2024-12-14 22:07:25.4748~DEBUG~-> DownloadFile(url = "https://faas-nyc1-2ef2e6cc.doserverless.co/api/v1/web/fn-dd7f8f6a-d32a-4f5e-ae7b-870dfb7963f3/downloads/bundle?id=000000000000320", filename = "C:\Users\cofc_\AppData\Local\Temp\tmpB8F7.tmp\rjsec313.ZIP", message = "rjsec313")~~RJStevensMusicPresentationCreator.Program~0000001500
2024-12-14 22:07:25.7129~DEBUG~download completed~~RJStevensMusicPresentationCreator.Program~0000001501
2024-12-14 22:07:25.7129~DEBUG~<- DownloadFile(url = "https://faas-nyc1-2ef2e6cc.doserverless.co/api/v1/web/fn-dd7f8f6a-d32a-4f5e-ae7b-870dfb7963f3/downloads/bundle?id=000000000000320", filename = "C:\Users\cofc_\AppData\Local\Temp\tmpB8F7.tmp\rjsec313.ZIP", message = "rjsec313")~~RJStevensMusicPresentationCreator.Program~0000001502
2024-12-14 22:07:25.7289~DEBUG~-> ExtractAllFromFile(zipFileName = "C:\Users\cofc_\AppData\Local\Temp\tmpB8F7.tmp\rjsec313.ZIP", decompressedFolder = "C:\Users\cofc_\AppData\Local\Temp\tmpB9F2.tmp", message = "rjsec313")~~RJStevensMusicPresentationCreator.Program~0000001503
2024-12-14 22:07:26.2079~DEBUG~extract completed~~RJStevensMusicPresentationCreator.Program~0000001504
2024-12-14 22:07:26.2079~DEBUG~<- ExtractAllFromFile(zipFileName = "C:\Users\cofc_\AppData\Local\Temp\tmpB8F7.tmp\rjsec313.ZIP", decompressedFolder = "C:\Users\cofc_\AppData\Local\Temp\tmpB9F2.tmp", message = "rjsec313")~~RJStevensMusicPresentationCreator.Program~0000001505
2024-12-14 22:07:26.3009~DEBUG~-> DownloadFile(url = "https://faas-nyc1-2ef2e6cc.doserverless.co/api/v1/web/fn-dd7f8f6a-d32a-4f5e-ae7b-870dfb7963f3/downloads/bundle?id=000000000000321", filename = "C:\Users\cofc_\AppData\Local\Temp\tmpBC35.tmp\rjsec314.ZIP", message = "rjsec314")~~RJStevensMusicPresentationCreator.Program~0000001506
2024-12-14 22:07:26.5409~DEBUG~download completed~~RJStevensMusicPresentationCreator.Program~0000001507
2024-12-14 22:07:26.5409~DEBUG~<- DownloadFile(url = "https://faas-nyc1-2ef2e6cc.doserverless.co/api/v1/web/fn-dd7f8f6a-d32a-4f5e-ae7b-870dfb7963f3/downloads/bundle?id=000000000000321", filename = "C:\Users\cofc_\AppData\Local\Temp\tmpBC35.tmp\rjsec314.ZIP", message = "rjsec314")~~RJStevensMusicPresentationCreator.Program~0000001508
2024-12-14 22:07:26.5559~DEBUG~-> ExtractAllFromFile(zipFileName = "C:\Users\cofc_\AppData\Local\Temp\tmpBC35.tmp\rjsec314.ZIP", decompressedFolder = "C:\Users\cofc_\AppData\Local\Temp\tmpBD31.tmp", message = "rjsec314")~~RJStevensMusicPresentationCreator.Program~0000001509
2024-12-14 22:07:26.8000~DEBUG~extract completed~~RJStevensMusicPresentationCreator.Program~0000001510
2024-12-14 22:07:26.8000~DEBUG~<- ExtractAllFromFile(zipFileName = "C:\Users\cofc_\AppData\Local\Temp\tmpBC35.tmp\rjsec314.ZIP", decompressedFolder = "C:\Users\cofc_\AppData\Local\Temp\tmpBD31.tmp", message = "rjsec314")~~RJStevensMusicPresentationCreator.Program~0000001511
2024-12-14 22:07:26.8679~DEBUG~-> DownloadFile(url = "https://faas-nyc1-2ef2e6cc.doserverless.co/api/v1/web/fn-dd7f8f6a-d32a-4f5e-ae7b-870dfb7963f3/downloads/bundle?id=000000000000322", filename = "C:\Users\cofc_\AppData\Local\Temp\tmpBE69.tmp\rjsec315.ZIP", message = "rjsec315")~~RJStevensMusicPresentationCreator.Program~0000001512
2024-12-14 22:07:27.0680~DEBUG~download completed~~RJStevensMusicPresentationCreator.Program~0000001513
2024-12-14 22:07:27.0680~DEBUG~<- DownloadFile(url = "https://faas-nyc1-2ef2e6cc.doserverless.co/api/v1/web/fn-dd7f8f6a-d32a-4f5e-ae7b-870dfb7963f3/downloads/bundle?id=000000000000322", filename = "C:\Users\cofc_\AppData\Local\Temp\tmpBE69.tmp\rjsec315.ZIP", message = "rjsec315")~~RJStevensMusicPresentationCreator.Program~0000001514
2024-12-14 22:07:27.0790~DEBUG~-> ExtractAllFromFile(zipFileName = "C:\Users\cofc_\AppData\Local\Temp\tmpBE69.tmp\rjsec315.ZIP", decompressedFolder = "C:\Users\cofc_\AppData\Local\Temp\tmpBF35.tmp", message = "rjsec315")~~RJStevensMusicPresentationCreator.Program~0000001515
2024-12-14 22:07:27.3120~DEBUG~extract completed~~RJStevensMusicPresentationCreator.Program~0000001516
2024-12-14 22:07:27.3160~DEBUG~<- ExtractAllFromFile(zipFileName = "C:\Users\cofc_\AppData\Local\Temp\tmpBE69.tmp\rjsec315.ZIP", decompressedFolder = "C:\Users\cofc_\AppData\Local\Temp\tmpBF35.tmp", message = "rjsec315")~~RJStevensMusicPresentationCreator.Program~0000001517
2024-12-14 22:07:27.3770~DEBUG~-> DownloadFile(url = "https://faas-nyc1-2ef2e6cc.doserverless.co/api/v1/web/fn-dd7f8f6a-d32a-4f5e-ae7b-870dfb7963f3/downloads/bundle?id=000000000000323", filename = "C:\Users\cofc_\AppData\Local\Temp\tmpC05F.tmp\rjsec316.ZIP", message = "rjsec316")~~RJStevensMusicPresentationCreator.Program~0000001518
2024-12-14 22:07:27.5990~DEBUG~download completed~~RJStevensMusicPresentationCreator.Program~0000001519
2024-12-14 22:07:27.5990~DEBUG~<- DownloadFile(url = "https://faas-nyc1-2ef2e6cc.doserverless.co/api/v1/web/fn-dd7f8f6a-d32a-4f5e-ae7b-870dfb7963f3/downloads/bundle?id=000000000000323", filename = "C:\Users\cofc_\AppData\Local\Temp\tmpC05F.tmp\rjsec316.ZIP", message = "rjsec316")~~RJStevensMusicPresentationCreator.Program~0000001520
2024-12-14 22:07:27.6120~DEBUG~-> ExtractAllFromFile(zipFileName = "C:\Users\cofc_\AppData\Local\Temp\tmpC05F.tmp\rjsec316.ZIP", decompressedFolder = "C:\Users\cofc_\AppData\Local\Temp\tmpC15A.tmp", message = "rjsec316")~~RJStevensMusicPresentationCreator.Program~0000001521
2024-12-14 22:07:27.9000~DEBUG~extract completed~~RJStevensMusicPresentationCreator.Program~0000001522
2024-12-14 22:07:27.9000~DEBUG~<- ExtractAllFromFile(zipFileName = "C:\Users\cofc_\AppData\Local\Temp\tmpC05F.tmp\rjsec316.ZIP", decompressedFolder = "C:\Users\cofc_\AppData\Local\Temp\tmpC15A.tmp", message = "rjsec316")~~RJStevensMusicPresentationCreator.Program~0000001523
2024-12-14 22:07:27.9750~DEBUG~-> DownloadFile(url = "https://faas-nyc1-2ef2e6cc.doserverless.co/api/v1/web/fn-dd7f8f6a-d32a-4f5e-ae7b-870dfb7963f3/downloads/bundle?id=000000000000324", filename = "C:\Users\cofc_\AppData\Local\Temp\tmpC2C3.tmp\rjsec317.ZIP", message = "rjsec317")~~RJStevensMusicPresentationCreator.Program~0000001524
2024-12-14 22:07:28.2240~DEBUG~download completed~~RJStevensMusicPresentationCreator.Program~0000001525
2024-12-14 22:07:28.2240~DEBUG~<- DownloadFile(url = "https://faas-nyc1-2ef2e6cc.doserverless.co/api/v1/web/fn-dd7f8f6a-d32a-4f5e-ae7b-870dfb7963f3/downloads/bundle?id=000000000000324", filename = "C:\Users\cofc_\AppData\Local\Temp\tmpC2C3.tmp\rjsec317.ZIP", message = "rjsec317")~~RJStevensMusicPresentationCreator.Program~0000001526
2024-12-14 22:07:28.2380~DEBUG~-> ExtractAllFromFile(zipFileName = "C:\Users\cofc_\AppData\Local\Temp\tmpC2C3.tmp\rjsec317.ZIP", decompressedFolder = "C:\Users\cofc_\AppData\Local\Temp\tmpC3CD.tmp", message = "rjsec317")~~RJStevensMusicPresentationCreator.Program~0000001527
2024-12-14 22:07:28.5421~DEBUG~extract completed~~RJStevensMusicPresentationCreator.Program~0000001528
2024-12-14 22:07:28.5421~DEBUG~<- ExtractAllFromFile(zipFileName = "C:\Users\cofc_\AppData\Local\Temp\tmpC2C3.tmp\rjsec317.ZIP", decompressedFolder = "C:\Users\cofc_\AppData\Local\Temp\tmpC3CD.tmp", message = "rjsec317")~~RJStevensMusicPresentationCreator.Program~0000001529
2024-12-14 22:07:28.6171~DEBUG~-> DownloadFile(url = "https://faas-nyc1-2ef2e6cc.doserverless.co/api/v1/web/fn-dd7f8f6a-d32a-4f5e-ae7b-870dfb7963f3/downloads/bundle?id=000000000000326", filename = "C:\Users\cofc_\AppData\Local\Temp\tmpC545.tmp\rjsec319.ZIP", message = "rjsec319")~~RJStevensMusicPresentationCreator.Program~0000001530
2024-12-14 22:07:28.8581~DEBUG~download completed~~RJStevensMusicPresentationCreator.Program~0000001531
2024-12-14 22:07:28.8581~DEBUG~<- DownloadFile(url = "https://faas-nyc1-2ef2e6cc.doserverless.co/api/v1/web/fn-dd7f8f6a-d32a-4f5e-ae7b-870dfb7963f3/downloads/bundle?id=000000000000326", filename = "C:\Users\cofc_\AppData\Local\Temp\tmpC545.tmp\rjsec319.ZIP", message = "rjsec319")~~RJStevensMusicPresentationCreator.Program~0000001532
2024-12-14 22:07:28.8711~DEBUG~-> ExtractAllFromFile(zipFileName = "C:\Users\cofc_\AppData\Local\Temp\tmpC545.tmp\rjsec319.ZIP", decompressedFolder = "C:\Users\cofc_\AppData\Local\Temp\tmpC640.tmp", message = "rjsec319")~~RJStevensMusicPresentationCreator.Program~0000001533
2024-12-14 22:07:29.2301~DEBUG~extract completed~~RJStevensMusicPresentationCreator.Program~0000001534
2024-12-14 22:07:29.2301~DEBUG~<- ExtractAllFromFile(zipFileName = "C:\Users\cofc_\AppData\Local\Temp\tmpC545.tmp\rjsec319.ZIP", decompressedFolder = "C:\Users\cofc_\AppData\Local\Temp\tmpC640.tmp", message = "rjsec319")~~RJStevensMusicPresentationCreator.Program~0000001535
2024-12-14 22:07:29.3181~DEBUG~-> DownloadFile(url = "https://faas-nyc1-2ef2e6cc.doserverless.co/api/v1/web/fn-dd7f8f6a-d32a-4f5e-ae7b-870dfb7963f3/downloads/bundle?id=000000000000327", filename = "C:\Users\cofc_\AppData\Local\Temp\tmpC806.tmp\rjsec320.ZIP", message = "rjsec320")~~RJStevensMusicPresentationCreator.Program~0000001536
2024-12-14 22:07:29.5501~DEBUG~download completed~~RJStevensMusicPresentationCreator.Program~0000001537
2024-12-14 22:07:29.5501~DEBUG~<- DownloadFile(url = "https://faas-nyc1-2ef2e6cc.doserverless.co/api/v1/web/fn-dd7f8f6a-d32a-4f5e-ae7b-870dfb7963f3/downloads/bundle?id=000000000000327", filename = "C:\Users\cofc_\AppData\Local\Temp\tmpC806.tmp\rjsec320.ZIP", message = "rjsec320")~~RJStevensMusicPresentationCreator.Program~0000001538
2024-12-14 22:07:29.5651~DEBUG~-> ExtractAllFromFile(zipFileName = "C:\Users\cofc_\AppData\Local\Temp\tmpC806.tmp\rjsec320.ZIP", decompressedFolder = "C:\Users\cofc_\AppData\Local\Temp\tmpC901.tmp", message = "rjsec320")~~RJStevensMusicPresentationCreator.Program~0000001539
2024-12-14 22:07:29.8792~DEBUG~extract completed~~RJStevensMusicPresentationCreator.Program~0000001540
2024-12-14 22:07:29.8792~DEBUG~<- ExtractAllFromFile(zipFileName = "C:\Users\cofc_\AppData\Local\Temp\tmpC806.tmp\rjsec320.ZIP", decompressedFolder = "C:\Users\cofc_\AppData\Local\Temp\tmpC901.tmp", message = "rjsec320")~~RJStevensMusicPresentationCreator.Program~0000001541
2024-12-14 22:07:29.9482~DEBUG~-> DownloadFile(url = "https://faas-nyc1-2ef2e6cc.doserverless.co/api/v1/web/fn-dd7f8f6a-d32a-4f5e-ae7b-870dfb7963f3/downloads/bundle?id=000000000000328", filename = "C:\Users\cofc_\AppData\Local\Temp\tmpCA79.tmp\rjsec321.ZIP", message = "rjsec321")~~RJStevensMusicPresentationCreator.Program~0000001542
2024-12-14 22:07:30.2322~DEBUG~download completed~~RJStevensMusicPresentationCreator.Program~0000001543
2024-12-14 22:07:30.2322~DEBUG~<- DownloadFile(url = "https://faas-nyc1-2ef2e6cc.doserverless.co/api/v1/web/fn-dd7f8f6a-d32a-4f5e-ae7b-870dfb7963f3/downloads/bundle?id=000000000000328", filename = "C:\Users\cofc_\AppData\Local\Temp\tmpCA79.tmp\rjsec321.ZIP", message = "rjsec321")~~RJStevensMusicPresentationCreator.Program~0000001544
2024-12-14 22:07:30.2462~DEBUG~-> ExtractAllFromFile(zipFileName = "C:\Users\cofc_\AppData\Local\Temp\tmpCA79.tmp\rjsec321.ZIP", decompressedFolder = "C:\Users\cofc_\AppData\Local\Temp\tmpCBA3.tmp", message = "rjsec321")~~RJStevensMusicPresentationCreator.Program~0000001545
2024-12-14 22:07:30.5752~DEBUG~extract completed~~RJStevensMusicPresentationCreator.Program~0000001546
2024-12-14 22:07:30.5752~DEBUG~<- ExtractAllFromFile(zipFileName = "C:\Users\cofc_\AppData\Local\Temp\tmpCA79.tmp\rjsec321.ZIP", decompressedFolder = "C:\Users\cofc_\AppData\Local\Temp\tmpCBA3.tmp", message = "rjsec321")~~RJStevensMusicPresentationCreator.Program~0000001547
2024-12-14 22:07:30.6682~DEBUG~-> DownloadFile(url = "https://faas-nyc1-2ef2e6cc.doserverless.co/api/v1/web/fn-dd7f8f6a-d32a-4f5e-ae7b-870dfb7963f3/downloads/bundle?id=000000000000330", filename = "C:\Users\cofc_\AppData\Local\Temp\tmpCD4A.tmp\rjsec323.ZIP", message = "rjsec323")~~RJStevensMusicPresentationCreator.Program~0000001548
2024-12-14 22:07:30.9302~DEBUG~download completed~~RJStevensMusicPresentationCreator.Program~0000001549
2024-12-14 22:07:30.9302~DEBUG~<- DownloadFile(url = "https://faas-nyc1-2ef2e6cc.doserverless.co/api/v1/web/fn-dd7f8f6a-d32a-4f5e-ae7b-870dfb7963f3/downloads/bundle?id=000000000000330", filename = "C:\Users\cofc_\AppData\Local\Temp\tmpCD4A.tmp\rjsec323.ZIP", message = "rjsec323")~~RJStevensMusicPresentationCreator.Program~0000001550
2024-12-14 22:07:30.9452~DEBUG~-> ExtractAllFromFile(zipFileName = "C:\Users\cofc_\AppData\Local\Temp\tmpCD4A.tmp\rjsec323.ZIP", decompressedFolder = "C:\Users\cofc_\AppData\Local\Temp\tmpCE64.tmp", message = "rjsec323")~~RJStevensMusicPresentationCreator.Program~0000001551
2024-12-14 22:07:31.3123~DEBUG~extract completed~~RJStevensMusicPresentationCreator.Program~0000001552
2024-12-14 22:07:31.3223~DEBUG~<- ExtractAllFromFile(zipFileName = "C:\Users\cofc_\AppData\Local\Temp\tmpCD4A.tmp\rjsec323.ZIP", decompressedFolder = "C:\Users\cofc_\AppData\Local\Temp\tmpCE64.tmp", message = "rjsec323")~~RJStevensMusicPresentationCreator.Program~0000001553
2024-12-14 22:07:31.4493~DEBUG~-> DownloadFile(url = "https://faas-nyc1-2ef2e6cc.doserverless.co/api/v1/web/fn-dd7f8f6a-d32a-4f5e-ae7b-870dfb7963f3/downloads/bundle?id=000000000000331", filename = "C:\Users\cofc_\AppData\Local\Temp\tmpD059.tmp\rjsec324.ZIP", message = "rjsec324")~~RJStevensMusicPresentationCreator.Program~0000001554
2024-12-14 22:07:31.7283~DEBUG~download completed~~RJStevensMusicPresentationCreator.Program~0000001555
2024-12-14 22:07:31.7283~DEBUG~<- DownloadFile(url = "https://faas-nyc1-2ef2e6cc.doserverless.co/api/v1/web/fn-dd7f8f6a-d32a-4f5e-ae7b-870dfb7963f3/downloads/bundle?id=000000000000331", filename = "C:\Users\cofc_\AppData\Local\Temp\tmpD059.tmp\rjsec324.ZIP", message = "rjsec324")~~RJStevensMusicPresentationCreator.Program~0000001556
2024-12-14 22:07:31.7433~DEBUG~-> ExtractAllFromFile(zipFileName = "C:\Users\cofc_\AppData\Local\Temp\tmpD059.tmp\rjsec324.ZIP", decompressedFolder = "C:\Users\cofc_\AppData\Local\Temp\tmpD183.tmp", message = "rjsec324")~~RJStevensMusicPresentationCreator.Program~0000001557
2024-12-14 22:07:32.0913~DEBUG~extract completed~~RJStevensMusicPresentationCreator.Program~0000001558
2024-12-14 22:07:32.1023~DEBUG~<- ExtractAllFromFile(zipFileName = "C:\Users\cofc_\AppData\Local\Temp\tmpD059.tmp\rjsec324.ZIP", decompressedFolder = "C:\Users\cofc_\AppData\Local\Temp\tmpD183.tmp", message = "rjsec324")~~RJStevensMusicPresentationCreator.Program~0000001559
2024-12-14 22:07:32.1793~DEBUG~-> DownloadFile(url = "https://faas-nyc1-2ef2e6cc.doserverless.co/api/v1/web/fn-dd7f8f6a-d32a-4f5e-ae7b-870dfb7963f3/downloads/bundle?id=000000000000332", filename = "C:\Users\cofc_\AppData\Local\Temp\tmpD33A.tmp\rjsec325.ZIP", message = "rjsec325")~~RJStevensMusicPresentationCreator.Program~0000001560
2024-12-14 22:07:32.4414~DEBUG~download completed~~RJStevensMusicPresentationCreator.Program~0000001561
2024-12-14 22:07:32.4414~DEBUG~<- DownloadFile(url = "https://faas-nyc1-2ef2e6cc.doserverless.co/api/v1/web/fn-dd7f8f6a-d32a-4f5e-ae7b-870dfb7963f3/downloads/bundle?id=000000000000332", filename = "C:\Users\cofc_\AppData\Local\Temp\tmpD33A.tmp\rjsec325.ZIP", message = "rjsec325")~~RJStevensMusicPresentationCreator.Program~0000001562
2024-12-14 22:07:32.4574~DEBUG~-> ExtractAllFromFile(zipFileName = "C:\Users\cofc_\AppData\Local\Temp\tmpD33A.tmp\rjsec325.ZIP", decompressedFolder = "C:\Users\cofc_\AppData\Local\Temp\tmpD454.tmp", message = "rjsec325")~~RJStevensMusicPresentationCreator.Program~0000001563
2024-12-14 22:07:32.7324~DEBUG~extract completed~~RJStevensMusicPresentationCreator.Program~0000001564
2024-12-14 22:07:32.7374~DEBUG~<- ExtractAllFromFile(zipFileName = "C:\Users\cofc_\AppData\Local\Temp\tmpD33A.tmp\rjsec325.ZIP", decompressedFolder = "C:\Users\cofc_\AppData\Local\Temp\tmpD454.tmp", message = "rjsec325")~~RJStevensMusicPresentationCreator.Program~0000001565
2024-12-14 22:07:32.8134~DEBUG~-> DownloadFile(url = "https://faas-nyc1-2ef2e6cc.doserverless.co/api/v1/web/fn-dd7f8f6a-d32a-4f5e-ae7b-870dfb7963f3/downloads/bundle?id=000000000000333", filename = "C:\Users\cofc_\AppData\Local\Temp\tmpD5AD.tmp\rjsec326.ZIP", message = "rjsec326")~~RJStevensMusicPresentationCreator.Program~0000001566
2024-12-14 22:07:33.0344~DEBUG~download completed~~RJStevensMusicPresentationCreator.Program~0000001567
2024-12-14 22:07:33.0344~DEBUG~<- DownloadFile(url = "https://faas-nyc1-2ef2e6cc.doserverless.co/api/v1/web/fn-dd7f8f6a-d32a-4f5e-ae7b-870dfb7963f3/downloads/bundle?id=000000000000333", filename = "C:\Users\cofc_\AppData\Local\Temp\tmpD5AD.tmp\rjsec326.ZIP", message = "rjsec326")~~RJStevensMusicPresentationCreator.Program~0000001568
2024-12-14 22:07:33.0474~DEBUG~-> ExtractAllFromFile(zipFileName = "C:\Users\cofc_\AppData\Local\Temp\tmpD5AD.tmp\rjsec326.ZIP", decompressedFolder = "C:\Users\cofc_\AppData\Local\Temp\tmpD698.tmp", message = "rjsec326")~~RJStevensMusicPresentationCreator.Program~0000001569
2024-12-14 22:07:33.3374~DEBUG~extract completed~~RJStevensMusicPresentationCreator.Program~0000001570
2024-12-14 22:07:33.3374~DEBUG~<- ExtractAllFromFile(zipFileName = "C:\Users\cofc_\AppData\Local\Temp\tmpD5AD.tmp\rjsec326.ZIP", decompressedFolder = "C:\Users\cofc_\AppData\Local\Temp\tmpD698.tmp", message = "rjsec326")~~RJStevensMusicPresentationCreator.Program~0000001571
2024-12-14 22:07:33.4154~DEBUG~-> DownloadFile(url = "https://faas-nyc1-2ef2e6cc.doserverless.co/api/v1/web/fn-dd7f8f6a-d32a-4f5e-ae7b-870dfb7963f3/downloads/bundle?id=000000000000334", filename = "C:\Users\cofc_\AppData\Local\Temp\tmpD810.tmp\rjsec327.ZIP", message = "rjsec327")~~RJStevensMusicPresentationCreator.Program~0000001572
2024-12-14 22:07:33.6074~DEBUG~download completed~~RJStevensMusicPresentationCreator.Program~0000001573
2024-12-14 22:07:33.6074~DEBUG~<- DownloadFile(url = "https://faas-nyc1-2ef2e6cc.doserverless.co/api/v1/web/fn-dd7f8f6a-d32a-4f5e-ae7b-870dfb7963f3/downloads/bundle?id=000000000000334", filename = "C:\Users\cofc_\AppData\Local\Temp\tmpD810.tmp\rjsec327.ZIP", message = "rjsec327")~~RJStevensMusicPresentationCreator.Program~0000001574
2024-12-14 22:07:33.6234~DEBUG~-> ExtractAllFromFile(zipFileName = "C:\Users\cofc_\AppData\Local\Temp\tmpD810.tmp\rjsec327.ZIP", decompressedFolder = "C:\Users\cofc_\AppData\Local\Temp\tmpD8DC.tmp", message = "rjsec327")~~RJStevensMusicPresentationCreator.Program~0000001575
2024-12-14 22:07:33.8285~DEBUG~extract completed~~RJStevensMusicPresentationCreator.Program~0000001576
2024-12-14 22:07:33.8285~DEBUG~<- ExtractAllFromFile(zipFileName = "C:\Users\cofc_\AppData\Local\Temp\tmpD810.tmp\rjsec327.ZIP", decompressedFolder = "C:\Users\cofc_\AppData\Local\Temp\tmpD8DC.tmp", message = "rjsec327")~~RJStevensMusicPresentationCreator.Program~0000001577
2024-12-14 22:07:33.8905~DEBUG~-> DownloadFile(url = "https://faas-nyc1-2ef2e6cc.doserverless.co/api/v1/web/fn-dd7f8f6a-d32a-4f5e-ae7b-870dfb7963f3/downloads/bundle?id=000000000000336", filename = "C:\Users\cofc_\AppData\Local\Temp\tmpD9E7.tmp\rjsec329.ZIP", message = "rjsec329")~~RJStevensMusicPresentationCreator.Program~0000001578
2024-12-14 22:07:34.1535~DEBUG~download completed~~RJStevensMusicPresentationCreator.Program~0000001579
2024-12-14 22:07:34.1535~DEBUG~<- DownloadFile(url = "https://faas-nyc1-2ef2e6cc.doserverless.co/api/v1/web/fn-dd7f8f6a-d32a-4f5e-ae7b-870dfb7963f3/downloads/bundle?id=000000000000336", filename = "C:\Users\cofc_\AppData\Local\Temp\tmpD9E7.tmp\rjsec329.ZIP", message = "rjsec329")~~RJStevensMusicPresentationCreator.Program~0000001580
2024-12-14 22:07:34.1665~DEBUG~-> ExtractAllFromFile(zipFileName = "C:\Users\cofc_\AppData\Local\Temp\tmpD9E7.tmp\rjsec329.ZIP", decompressedFolder = "C:\Users\cofc_\AppData\Local\Temp\tmpDB01.tmp", message = "rjsec329")~~RJStevensMusicPresentationCreator.Program~0000001581
2024-12-14 22:07:34.4675~DEBUG~extract completed~~RJStevensMusicPresentationCreator.Program~0000001582
2024-12-14 22:07:34.4725~DEBUG~<- ExtractAllFromFile(zipFileName = "C:\Users\cofc_\AppData\Local\Temp\tmpD9E7.tmp\rjsec329.ZIP", decompressedFolder = "C:\Users\cofc_\AppData\Local\Temp\tmpDB01.tmp", message = "rjsec329")~~RJStevensMusicPresentationCreator.Program~0000001583
2024-12-14 22:07:34.5385~DEBUG~-> DownloadFile(url = "https://faas-nyc1-2ef2e6cc.doserverless.co/api/v1/web/fn-dd7f8f6a-d32a-4f5e-ae7b-870dfb7963f3/downloads/bundle?id=000000000000337", filename = "C:\Users\cofc_\AppData\Local\Temp\tmpDC79.tmp\rjsec330.ZIP", message = "rjsec330")~~RJStevensMusicPresentationCreator.Program~0000001584
2024-12-14 22:07:34.7785~DEBUG~download completed~~RJStevensMusicPresentationCreator.Program~0000001585
2024-12-14 22:07:34.7785~DEBUG~<- DownloadFile(url = "https://faas-nyc1-2ef2e6cc.doserverless.co/api/v1/web/fn-dd7f8f6a-d32a-4f5e-ae7b-870dfb7963f3/downloads/bundle?id=000000000000337", filename = "C:\Users\cofc_\AppData\Local\Temp\tmpDC79.tmp\rjsec330.ZIP", message = "rjsec330")~~RJStevensMusicPresentationCreator.Program~0000001586
2024-12-14 22:07:34.7955~DEBUG~-> ExtractAllFromFile(zipFileName = "C:\Users\cofc_\AppData\Local\Temp\tmpDC79.tmp\rjsec330.ZIP", decompressedFolder = "C:\Users\cofc_\AppData\Local\Temp\tmpDD74.tmp", message = "rjsec330")~~RJStevensMusicPresentationCreator.Program~0000001587
2024-12-14 22:07:35.0255~DEBUG~extract completed~~RJStevensMusicPresentationCreator.Program~0000001588
2024-12-14 22:07:35.0255~DEBUG~<- ExtractAllFromFile(zipFileName = "C:\Users\cofc_\AppData\Local\Temp\tmpDC79.tmp\rjsec330.ZIP", decompressedFolder = "C:\Users\cofc_\AppData\Local\Temp\tmpDD74.tmp", message = "rjsec330")~~RJStevensMusicPresentationCreator.Program~0000001589
2024-12-14 22:07:35.0906~DEBUG~-> DownloadFile(url = "https://faas-nyc1-2ef2e6cc.doserverless.co/api/v1/web/fn-dd7f8f6a-d32a-4f5e-ae7b-870dfb7963f3/downloads/bundle?id=000000000000339", filename = "C:\Users\cofc_\AppData\Local\Temp\tmpDE9E.tmp\rjsec332.ZIP", message = "rjsec332")~~RJStevensMusicPresentationCreator.Program~0000001590
2024-12-14 22:07:35.3326~DEBUG~download completed~~RJStevensMusicPresentationCreator.Program~0000001591
2024-12-14 22:07:35.3326~DEBUG~<- DownloadFile(url = "https://faas-nyc1-2ef2e6cc.doserverless.co/api/v1/web/fn-dd7f8f6a-d32a-4f5e-ae7b-870dfb7963f3/downloads/bundle?id=000000000000339", filename = "C:\Users\cofc_\AppData\Local\Temp\tmpDE9E.tmp\rjsec332.ZIP", message = "rjsec332")~~RJStevensMusicPresentationCreator.Program~0000001592
2024-12-14 22:07:35.3466~DEBUG~-> ExtractAllFromFile(zipFileName = "C:\Users\cofc_\AppData\Local\Temp\tmpDE9E.tmp\rjsec332.ZIP", decompressedFolder = "C:\Users\cofc_\AppData\Local\Temp\tmpDFA9.tmp", message = "rjsec332")~~RJStevensMusicPresentationCreator.Program~0000001593
2024-12-14 22:07:35.5736~DEBUG~extract completed~~RJStevensMusicPresentationCreator.Program~0000001594
2024-12-14 22:07:35.5736~DEBUG~<- ExtractAllFromFile(zipFileName = "C:\Users\cofc_\AppData\Local\Temp\tmpDE9E.tmp\rjsec332.ZIP", decompressedFolder = "C:\Users\cofc_\AppData\Local\Temp\tmpDFA9.tmp", message = "rjsec332")~~RJStevensMusicPresentationCreator.Program~0000001595
2024-12-14 22:07:35.6366~DEBUG~-> DownloadFile(url = "https://faas-nyc1-2ef2e6cc.doserverless.co/api/v1/web/fn-dd7f8f6a-d32a-4f5e-ae7b-870dfb7963f3/downloads/bundle?id=000000000000340", filename = "C:\Users\cofc_\AppData\Local\Temp\tmpE0C3.tmp\rjsec333.ZIP", message = "rjsec333")~~RJStevensMusicPresentationCreator.Program~0000001596
2024-12-14 22:07:35.8446~DEBUG~download completed~~RJStevensMusicPresentationCreator.Program~0000001597
2024-12-14 22:07:35.8446~DEBUG~<- DownloadFile(url = "https://faas-nyc1-2ef2e6cc.doserverless.co/api/v1/web/fn-dd7f8f6a-d32a-4f5e-ae7b-870dfb7963f3/downloads/bundle?id=000000000000340", filename = "C:\Users\cofc_\AppData\Local\Temp\tmpE0C3.tmp\rjsec333.ZIP", message = "rjsec333")~~RJStevensMusicPresentationCreator.Program~0000001598
2024-12-14 22:07:35.8446~DEBUG~-> ExtractAllFromFile(zipFileName = "C:\Users\cofc_\AppData\Local\Temp\tmpE0C3.tmp\rjsec333.ZIP", decompressedFolder = "C:\Users\cofc_\AppData\Local\Temp\tmpE19F.tmp", message = "rjsec333")~~RJStevensMusicPresentationCreator.Program~0000001599
2024-12-14 22:07:36.1256~DEBUG~extract completed~~RJStevensMusicPresentationCreator.Program~0000001600
2024-12-14 22:07:36.1256~DEBUG~<- ExtractAllFromFile(zipFileName = "C:\Users\cofc_\AppData\Local\Temp\tmpE0C3.tmp\rjsec333.ZIP", decompressedFolder = "C:\Users\cofc_\AppData\Local\Temp\tmpE19F.tmp", message = "rjsec333")~~RJStevensMusicPresentationCreator.Program~0000001601
2024-12-14 22:07:36.2016~DEBUG~-> DownloadFile(url = "https://faas-nyc1-2ef2e6cc.doserverless.co/api/v1/web/fn-dd7f8f6a-d32a-4f5e-ae7b-870dfb7963f3/downloads/bundle?id=000000000000341", filename = "C:\Users\cofc_\AppData\Local\Temp\tmpE2F7.tmp\rjsec334.ZIP", message = "rjsec334")~~RJStevensMusicPresentationCreator.Program~0000001602
2024-12-14 22:07:36.4126~DEBUG~download completed~~RJStevensMusicPresentationCreator.Program~0000001603
2024-12-14 22:07:36.4126~DEBUG~<- DownloadFile(url = "https://faas-nyc1-2ef2e6cc.doserverless.co/api/v1/web/fn-dd7f8f6a-d32a-4f5e-ae7b-870dfb7963f3/downloads/bundle?id=000000000000341", filename = "C:\Users\cofc_\AppData\Local\Temp\tmpE2F7.tmp\rjsec334.ZIP", message = "rjsec334")~~RJStevensMusicPresentationCreator.Program~0000001604
2024-12-14 22:07:36.4287~DEBUG~-> ExtractAllFromFile(zipFileName = "C:\Users\cofc_\AppData\Local\Temp\tmpE2F7.tmp\rjsec334.ZIP", decompressedFolder = "C:\Users\cofc_\AppData\Local\Temp\tmpE3E3.tmp", message = "rjsec334")~~RJStevensMusicPresentationCreator.Program~0000001605
2024-12-14 22:07:36.6657~DEBUG~extract completed~~RJStevensMusicPresentationCreator.Program~0000001606
2024-12-14 22:07:36.6657~DEBUG~<- ExtractAllFromFile(zipFileName = "C:\Users\cofc_\AppData\Local\Temp\tmpE2F7.tmp\rjsec334.ZIP", decompressedFolder = "C:\Users\cofc_\AppData\Local\Temp\tmpE3E3.tmp", message = "rjsec334")~~RJStevensMusicPresentationCreator.Program~0000001607
2024-12-14 22:07:36.7327~DEBUG~-> DownloadFile(url = "https://faas-nyc1-2ef2e6cc.doserverless.co/api/v1/web/fn-dd7f8f6a-d32a-4f5e-ae7b-870dfb7963f3/downloads/bundle?id=000000000000342", filename = "C:\Users\cofc_\AppData\Local\Temp\tmpE50D.tmp\rjsec335.ZIP", message = "rjsec335")~~RJStevensMusicPresentationCreator.Program~0000001608
2024-12-14 22:07:36.9967~DEBUG~download completed~~RJStevensMusicPresentationCreator.Program~0000001609
2024-12-14 22:07:36.9967~DEBUG~<- DownloadFile(url = "https://faas-nyc1-2ef2e6cc.doserverless.co/api/v1/web/fn-dd7f8f6a-d32a-4f5e-ae7b-870dfb7963f3/downloads/bundle?id=000000000000342", filename = "C:\Users\cofc_\AppData\Local\Temp\tmpE50D.tmp\rjsec335.ZIP", message = "rjsec335")~~RJStevensMusicPresentationCreator.Program~0000001610
2024-12-14 22:07:37.0057~DEBUG~-> ExtractAllFromFile(zipFileName = "C:\Users\cofc_\AppData\Local\Temp\tmpE50D.tmp\rjsec335.ZIP", decompressedFolder = "C:\Users\cofc_\AppData\Local\Temp\tmpE627.tmp", message = "rjsec335")~~RJStevensMusicPresentationCreator.Program~0000001611
2024-12-14 22:07:37.2857~DEBUG~extract completed~~RJStevensMusicPresentationCreator.Program~0000001612
2024-12-14 22:07:37.2857~DEBUG~<- ExtractAllFromFile(zipFileName = "C:\Users\cofc_\AppData\Local\Temp\tmpE50D.tmp\rjsec335.ZIP", decompressedFolder = "C:\Users\cofc_\AppData\Local\Temp\tmpE627.tmp", message = "rjsec335")~~RJStevensMusicPresentationCreator.Program~0000001613
2024-12-14 22:07:37.3697~DEBUG~-> DownloadFile(url = "https://faas-nyc1-2ef2e6cc.doserverless.co/api/v1/web/fn-dd7f8f6a-d32a-4f5e-ae7b-870dfb7963f3/downloads/bundle?id=000000000000343", filename = "C:\Users\cofc_\AppData\Local\Temp\tmpE78F.tmp\rjsec336.ZIP", message = "rjsec336")~~RJStevensMusicPresentationCreator.Program~0000001614
2024-12-14 22:07:37.5787~DEBUG~download completed~~RJStevensMusicPresentationCreator.Program~0000001615
2024-12-14 22:07:37.5787~DEBUG~<- DownloadFile(url = "https://faas-nyc1-2ef2e6cc.doserverless.co/api/v1/web/fn-dd7f8f6a-d32a-4f5e-ae7b-870dfb7963f3/downloads/bundle?id=000000000000343", filename = "C:\Users\cofc_\AppData\Local\Temp\tmpE78F.tmp\rjsec336.ZIP", message = "rjsec336")~~RJStevensMusicPresentationCreator.Program~0000001616
2024-12-14 22:07:37.5787~DEBUG~-> ExtractAllFromFile(zipFileName = "C:\Users\cofc_\AppData\Local\Temp\tmpE78F.tmp\rjsec336.ZIP", decompressedFolder = "C:\Users\cofc_\AppData\Local\Temp\tmpE86B.tmp", message = "rjsec336")~~RJStevensMusicPresentationCreator.Program~0000001617
2024-12-14 22:07:37.8138~DEBUG~extract completed~~RJStevensMusicPresentationCreator.Program~0000001618
2024-12-14 22:07:37.8138~DEBUG~<- ExtractAllFromFile(zipFileName = "C:\Users\cofc_\AppData\Local\Temp\tmpE78F.tmp\rjsec336.ZIP", decompressedFolder = "C:\Users\cofc_\AppData\Local\Temp\tmpE86B.tmp", message = "rjsec336")~~RJStevensMusicPresentationCreator.Program~0000001619
2024-12-14 22:07:37.8748~DEBUG~-> DownloadFile(url = "https://faas-nyc1-2ef2e6cc.doserverless.co/api/v1/web/fn-dd7f8f6a-d32a-4f5e-ae7b-870dfb7963f3/downloads/bundle?id=000000000000344", filename = "C:\Users\cofc_\AppData\Local\Temp\tmpE985.tmp\rjsec337.ZIP", message = "rjsec337")~~RJStevensMusicPresentationCreator.Program~0000001620
2024-12-14 22:07:38.0888~DEBUG~download completed~~RJStevensMusicPresentationCreator.Program~0000001621
2024-12-14 22:07:38.0888~DEBUG~<- DownloadFile(url = "https://faas-nyc1-2ef2e6cc.doserverless.co/api/v1/web/fn-dd7f8f6a-d32a-4f5e-ae7b-870dfb7963f3/downloads/bundle?id=000000000000344", filename = "C:\Users\cofc_\AppData\Local\Temp\tmpE985.tmp\rjsec337.ZIP", message = "rjsec337")~~RJStevensMusicPresentationCreator.Program~0000001622
2024-12-14 22:07:38.1068~DEBUG~-> ExtractAllFromFile(zipFileName = "C:\Users\cofc_\AppData\Local\Temp\tmpE985.tmp\rjsec337.ZIP", decompressedFolder = "C:\Users\cofc_\AppData\Local\Temp\tmpEA71.tmp", message = "rjsec337")~~RJStevensMusicPresentationCreator.Program~0000001623
2024-12-14 22:07:38.3818~DEBUG~extract completed~~RJStevensMusicPresentationCreator.Program~0000001624
2024-12-14 22:07:38.3818~DEBUG~<- ExtractAllFromFile(zipFileName = "C:\Users\cofc_\AppData\Local\Temp\tmpE985.tmp\rjsec337.ZIP", decompressedFolder = "C:\Users\cofc_\AppData\Local\Temp\tmpEA71.tmp", message = "rjsec337")~~RJStevensMusicPresentationCreator.Program~0000001625
2024-12-14 22:07:38.4568~DEBUG~-> DownloadFile(url = "https://faas-nyc1-2ef2e6cc.doserverless.co/api/v1/web/fn-dd7f8f6a-d32a-4f5e-ae7b-870dfb7963f3/downloads/bundle?id=000000000000345", filename = "C:\Users\cofc_\AppData\Local\Temp\tmpEBD9.tmp\rjsec338.ZIP", message = "rjsec338")~~RJStevensMusicPresentationCreator.Program~0000001626
2024-12-14 22:07:38.6938~DEBUG~download completed~~RJStevensMusicPresentationCreator.Program~0000001627
2024-12-14 22:07:38.6938~DEBUG~<- DownloadFile(url = "https://faas-nyc1-2ef2e6cc.doserverless.co/api/v1/web/fn-dd7f8f6a-d32a-4f5e-ae7b-870dfb7963f3/downloads/bundle?id=000000000000345", filename = "C:\Users\cofc_\AppData\Local\Temp\tmpEBD9.tmp\rjsec338.ZIP", message = "rjsec338")~~RJStevensMusicPresentationCreator.Program~0000001628
2024-12-14 22:07:38.7118~DEBUG~-> ExtractAllFromFile(zipFileName = "C:\Users\cofc_\AppData\Local\Temp\tmpEBD9.tmp\rjsec338.ZIP", decompressedFolder = "C:\Users\cofc_\AppData\Local\Temp\tmpECD4.tmp", message = "rjsec338")~~RJStevensMusicPresentationCreator.Program~0000001629
2024-12-14 22:07:38.9368~DEBUG~extract completed~~RJStevensMusicPresentationCreator.Program~0000001630
2024-12-14 22:07:38.9398~DEBUG~<- ExtractAllFromFile(zipFileName = "C:\Users\cofc_\AppData\Local\Temp\tmpEBD9.tmp\rjsec338.ZIP", decompressedFolder = "C:\Users\cofc_\AppData\Local\Temp\tmpECD4.tmp", message = "rjsec338")~~RJStevensMusicPresentationCreator.Program~0000001631
2024-12-14 22:07:39.0068~DEBUG~-> DownloadFile(url = "https://faas-nyc1-2ef2e6cc.doserverless.co/api/v1/web/fn-dd7f8f6a-d32a-4f5e-ae7b-870dfb7963f3/downloads/bundle?id=000000000000346", filename = "C:\Users\cofc_\AppData\Local\Temp\tmpEDFE.tmp\rjsec339.ZIP", message = "rjsec339")~~RJStevensMusicPresentationCreator.Program~0000001632
2024-12-14 22:07:39.2239~DEBUG~download completed~~RJStevensMusicPresentationCreator.Program~0000001633
2024-12-14 22:07:39.2239~DEBUG~<- DownloadFile(url = "https://faas-nyc1-2ef2e6cc.doserverless.co/api/v1/web/fn-dd7f8f6a-d32a-4f5e-ae7b-870dfb7963f3/downloads/bundle?id=000000000000346", filename = "C:\Users\cofc_\AppData\Local\Temp\tmpEDFE.tmp\rjsec339.ZIP", message = "rjsec339")~~RJStevensMusicPresentationCreator.Program~0000001634
2024-12-14 22:07:39.2389~DEBUG~-> ExtractAllFromFile(zipFileName = "C:\Users\cofc_\AppData\Local\Temp\tmpEDFE.tmp\rjsec339.ZIP", decompressedFolder = "C:\Users\cofc_\AppData\Local\Temp\tmpEEE9.tmp", message = "rjsec339")~~RJStevensMusicPresentationCreator.Program~0000001635
2024-12-14 22:07:39.4819~DEBUG~extract completed~~RJStevensMusicPresentationCreator.Program~0000001636
2024-12-14 22:07:39.4849~DEBUG~<- ExtractAllFromFile(zipFileName = "C:\Users\cofc_\AppData\Local\Temp\tmpEDFE.tmp\rjsec339.ZIP", decompressedFolder = "C:\Users\cofc_\AppData\Local\Temp\tmpEEE9.tmp", message = "rjsec339")~~RJStevensMusicPresentationCreator.Program~0000001637
2024-12-14 22:07:39.5499~DEBUG~-> DownloadFile(url = "https://faas-nyc1-2ef2e6cc.doserverless.co/api/v1/web/fn-dd7f8f6a-d32a-4f5e-ae7b-870dfb7963f3/downloads/bundle?id=000000000000347", filename = "C:\Users\cofc_\AppData\Local\Temp\tmpF023.tmp\rjsec340.ZIP", message = "rjsec340")~~RJStevensMusicPresentationCreator.Program~0000001638
2024-12-14 22:07:39.8599~DEBUG~download completed~~RJStevensMusicPresentationCreator.Program~0000001639
2024-12-14 22:07:39.8599~DEBUG~<- DownloadFile(url = "https://faas-nyc1-2ef2e6cc.doserverless.co/api/v1/web/fn-dd7f8f6a-d32a-4f5e-ae7b-870dfb7963f3/downloads/bundle?id=000000000000347", filename = "C:\Users\cofc_\AppData\Local\Temp\tmpF023.tmp\rjsec340.ZIP", message = "rjsec340")~~RJStevensMusicPresentationCreator.Program~0000001640
2024-12-14 22:07:39.8599~DEBUG~-> ExtractAllFromFile(zipFileName = "C:\Users\cofc_\AppData\Local\Temp\tmpF023.tmp\rjsec340.ZIP", decompressedFolder = "C:\Users\cofc_\AppData\Local\Temp\tmpF15C.tmp", message = "rjsec340")~~RJStevensMusicPresentationCreator.Program~0000001641
2024-12-14 22:07:40.2499~DEBUG~extract completed~~RJStevensMusicPresentationCreator.Program~0000001642
2024-12-14 22:07:40.2539~DEBUG~<- ExtractAllFromFile(zipFileName = "C:\Users\cofc_\AppData\Local\Temp\tmpF023.tmp\rjsec340.ZIP", decompressedFolder = "C:\Users\cofc_\AppData\Local\Temp\tmpF15C.tmp", message = "rjsec340")~~RJStevensMusicPresentationCreator.Program~0000001643
2024-12-14 22:07:40.3429~DEBUG~-> DownloadFile(url = "https://faas-nyc1-2ef2e6cc.doserverless.co/api/v1/web/fn-dd7f8f6a-d32a-4f5e-ae7b-870dfb7963f3/downloads/bundle?id=000000000000348", filename = "C:\Users\cofc_\AppData\Local\Temp\tmpF332.tmp\rjsec341.ZIP", message = "rjsec341")~~RJStevensMusicPresentationCreator.Program~0000001644
2024-12-14 22:07:40.6160~DEBUG~download completed~~RJStevensMusicPresentationCreator.Program~0000001645
2024-12-14 22:07:40.6160~DEBUG~<- DownloadFile(url = "https://faas-nyc1-2ef2e6cc.doserverless.co/api/v1/web/fn-dd7f8f6a-d32a-4f5e-ae7b-870dfb7963f3/downloads/bundle?id=000000000000348", filename = "C:\Users\cofc_\AppData\Local\Temp\tmpF332.tmp\rjsec341.ZIP", message = "rjsec341")~~RJStevensMusicPresentationCreator.Program~0000001646
2024-12-14 22:07:40.6340~DEBUG~-> ExtractAllFromFile(zipFileName = "C:\Users\cofc_\AppData\Local\Temp\tmpF332.tmp\rjsec341.ZIP", decompressedFolder = "C:\Users\cofc_\AppData\Local\Temp\tmpF45C.tmp", message = "rjsec341")~~RJStevensMusicPresentationCreator.Program~0000001647
2024-12-14 22:07:40.9390~DEBUG~extract completed~~RJStevensMusicPresentationCreator.Program~0000001648
2024-12-14 22:07:40.9390~DEBUG~<- ExtractAllFromFile(zipFileName = "C:\Users\cofc_\AppData\Local\Temp\tmpF332.tmp\rjsec341.ZIP", decompressedFolder = "C:\Users\cofc_\AppData\Local\Temp\tmpF45C.tmp", message = "rjsec341")~~RJStevensMusicPresentationCreator.Program~0000001649
2024-12-14 22:07:41.0060~DEBUG~-> DownloadFile(url = "https://faas-nyc1-2ef2e6cc.doserverless.co/api/v1/web/fn-dd7f8f6a-d32a-4f5e-ae7b-870dfb7963f3/downloads/bundle?id=000000000000350", filename = "C:\Users\cofc_\AppData\Local\Temp\tmpF5D4.tmp\rjsec343.ZIP", message = "rjsec343")~~RJStevensMusicPresentationCreator.Program~0000001650
2024-12-14 22:07:41.2320~DEBUG~download completed~~RJStevensMusicPresentationCreator.Program~0000001651
2024-12-14 22:07:41.2320~DEBUG~<- DownloadFile(url = "https://faas-nyc1-2ef2e6cc.doserverless.co/api/v1/web/fn-dd7f8f6a-d32a-4f5e-ae7b-870dfb7963f3/downloads/bundle?id=000000000000350", filename = "C:\Users\cofc_\AppData\Local\Temp\tmpF5D4.tmp\rjsec343.ZIP", message = "rjsec343")~~RJStevensMusicPresentationCreator.Program~0000001652
2024-12-14 22:07:41.2470~DEBUG~-> ExtractAllFromFile(zipFileName = "C:\Users\cofc_\AppData\Local\Temp\tmpF5D4.tmp\rjsec343.ZIP", decompressedFolder = "C:\Users\cofc_\AppData\Local\Temp\tmpF6BF.tmp", message = "rjsec343")~~RJStevensMusicPresentationCreator.Program~0000001653
2024-12-14 22:07:41.5570~DEBUG~extract completed~~RJStevensMusicPresentationCreator.Program~0000001654
2024-12-14 22:07:41.5570~DEBUG~<- ExtractAllFromFile(zipFileName = "C:\Users\cofc_\AppData\Local\Temp\tmpF5D4.tmp\rjsec343.ZIP", decompressedFolder = "C:\Users\cofc_\AppData\Local\Temp\tmpF6BF.tmp", message = "rjsec343")~~RJStevensMusicPresentationCreator.Program~0000001655
2024-12-14 22:07:41.6390~DEBUG~-> DownloadFile(url = "https://faas-nyc1-2ef2e6cc.doserverless.co/api/v1/web/fn-dd7f8f6a-d32a-4f5e-ae7b-870dfb7963f3/downloads/bundle?id=000000000000351", filename = "C:\Users\cofc_\AppData\Local\Temp\tmpF847.tmp\rjsec344.ZIP", message = "rjsec344")~~RJStevensMusicPresentationCreator.Program~0000001656
2024-12-14 22:07:41.8701~DEBUG~download completed~~RJStevensMusicPresentationCreator.Program~0000001657
2024-12-14 22:07:41.8701~DEBUG~<- DownloadFile(url = "https://faas-nyc1-2ef2e6cc.doserverless.co/api/v1/web/fn-dd7f8f6a-d32a-4f5e-ae7b-870dfb7963f3/downloads/bundle?id=000000000000351", filename = "C:\Users\cofc_\AppData\Local\Temp\tmpF847.tmp\rjsec344.ZIP", message = "rjsec344")~~RJStevensMusicPresentationCreator.Program~0000001658
2024-12-14 22:07:41.8841~DEBUG~-> ExtractAllFromFile(zipFileName = "C:\Users\cofc_\AppData\Local\Temp\tmpF847.tmp\rjsec344.ZIP", decompressedFolder = "C:\Users\cofc_\AppData\Local\Temp\tmpF942.tmp", message = "rjsec344")~~RJStevensMusicPresentationCreator.Program~0000001659
2024-12-14 22:07:42.1051~DEBUG~extract completed~~RJStevensMusicPresentationCreator.Program~0000001660
2024-12-14 22:07:42.1051~DEBUG~<- ExtractAllFromFile(zipFileName = "C:\Users\cofc_\AppData\Local\Temp\tmpF847.tmp\rjsec344.ZIP", decompressedFolder = "C:\Users\cofc_\AppData\Local\Temp\tmpF942.tmp", message = "rjsec344")~~RJStevensMusicPresentationCreator.Program~0000001661
2024-12-14 22:07:42.1631~DEBUG~-> DownloadFile(url = "https://faas-nyc1-2ef2e6cc.doserverless.co/api/v1/web/fn-dd7f8f6a-d32a-4f5e-ae7b-870dfb7963f3/downloads/bundle?id=000000000000354", filename = "C:\Users\cofc_\AppData\Local\Temp\tmpFA5C.tmp\rjsec347.ZIP", message = "rjsec347")~~RJStevensMusicPresentationCreator.Program~0000001662
2024-12-14 22:07:42.3961~DEBUG~download completed~~RJStevensMusicPresentationCreator.Program~0000001663
2024-12-14 22:07:42.3961~DEBUG~<- DownloadFile(url = "https://faas-nyc1-2ef2e6cc.doserverless.co/api/v1/web/fn-dd7f8f6a-d32a-4f5e-ae7b-870dfb7963f3/downloads/bundle?id=000000000000354", filename = "C:\Users\cofc_\AppData\Local\Temp\tmpFA5C.tmp\rjsec347.ZIP", message = "rjsec347")~~RJStevensMusicPresentationCreator.Program~0000001664
2024-12-14 22:07:42.4141~DEBUG~-> ExtractAllFromFile(zipFileName = "C:\Users\cofc_\AppData\Local\Temp\tmpFA5C.tmp\rjsec347.ZIP", decompressedFolder = "C:\Users\cofc_\AppData\Local\Temp\tmpFB57.tmp", message = "rjsec347")~~RJStevensMusicPresentationCreator.Program~0000001665
2024-12-14 22:07:42.6851~DEBUG~extract completed~~RJStevensMusicPresentationCreator.Program~0000001666
2024-12-14 22:07:42.6881~DEBUG~<- ExtractAllFromFile(zipFileName = "C:\Users\cofc_\AppData\Local\Temp\tmpFA5C.tmp\rjsec347.ZIP", decompressedFolder = "C:\Users\cofc_\AppData\Local\Temp\tmpFB57.tmp", message = "rjsec347")~~RJStevensMusicPresentationCreator.Program~0000001667
2024-12-14 22:07:42.7561~DEBUG~-> DownloadFile(url = "https://faas-nyc1-2ef2e6cc.doserverless.co/api/v1/web/fn-dd7f8f6a-d32a-4f5e-ae7b-870dfb7963f3/downloads/bundle?id=000000000000355", filename = "C:\Users\cofc_\AppData\Local\Temp\tmpFCB0.tmp\rjsec348.ZIP", message = "rjsec348")~~RJStevensMusicPresentationCreator.Program~0000001668
2024-12-14 22:07:42.9611~DEBUG~download completed~~RJStevensMusicPresentationCreator.Program~0000001669
2024-12-14 22:07:42.9611~DEBUG~<- DownloadFile(url = "https://faas-nyc1-2ef2e6cc.doserverless.co/api/v1/web/fn-dd7f8f6a-d32a-4f5e-ae7b-870dfb7963f3/downloads/bundle?id=000000000000355", filename = "C:\Users\cofc_\AppData\Local\Temp\tmpFCB0.tmp\rjsec348.ZIP", message = "rjsec348")~~RJStevensMusicPresentationCreator.Program~0000001670
2024-12-14 22:07:42.9761~DEBUG~-> ExtractAllFromFile(zipFileName = "C:\Users\cofc_\AppData\Local\Temp\tmpFCB0.tmp\rjsec348.ZIP", decompressedFolder = "C:\Users\cofc_\AppData\Local\Temp\tmpFD8C.tmp", message = "rjsec348")~~RJStevensMusicPresentationCreator.Program~0000001671
2024-12-14 22:07:43.2032~DEBUG~extract completed~~RJStevensMusicPresentationCreator.Program~0000001672
2024-12-14 22:07:43.2052~DEBUG~<- ExtractAllFromFile(zipFileName = "C:\Users\cofc_\AppData\Local\Temp\tmpFCB0.tmp\rjsec348.ZIP", decompressedFolder = "C:\Users\cofc_\AppData\Local\Temp\tmpFD8C.tmp", message = "rjsec348")~~RJStevensMusicPresentationCreator.Program~0000001673
2024-12-14 22:07:43.2652~DEBUG~-> DownloadFile(url = "https://faas-nyc1-2ef2e6cc.doserverless.co/api/v1/web/fn-dd7f8f6a-d32a-4f5e-ae7b-870dfb7963f3/downloads/bundle?id=000000000000357", filename = "C:\Users\cofc_\AppData\Local\Temp\tmpFEA6.tmp\rjsec350.ZIP", message = "rjsec350")~~RJStevensMusicPresentationCreator.Program~0000001674
2024-12-14 22:07:43.4882~DEBUG~download completed~~RJStevensMusicPresentationCreator.Program~0000001675
2024-12-14 22:07:43.4882~DEBUG~<- DownloadFile(url = "https://faas-nyc1-2ef2e6cc.doserverless.co/api/v1/web/fn-dd7f8f6a-d32a-4f5e-ae7b-870dfb7963f3/downloads/bundle?id=000000000000357", filename = "C:\Users\cofc_\AppData\Local\Temp\tmpFEA6.tmp\rjsec350.ZIP", message = "rjsec350")~~RJStevensMusicPresentationCreator.Program~0000001676
2024-12-14 22:07:43.4882~DEBUG~-> ExtractAllFromFile(zipFileName = "C:\Users\cofc_\AppData\Local\Temp\tmpFEA6.tmp\rjsec350.ZIP", decompressedFolder = "C:\Users\cofc_\AppData\Local\Temp\tmpFF91.tmp", message = "rjsec350")~~RJStevensMusicPresentationCreator.Program~0000001677
2024-12-14 22:07:43.7222~DEBUG~extract completed~~RJStevensMusicPresentationCreator.Program~0000001678
2024-12-14 22:07:43.7222~DEBUG~<- ExtractAllFromFile(zipFileName = "C:\Users\cofc_\AppData\Local\Temp\tmpFEA6.tmp\rjsec350.ZIP", decompressedFolder = "C:\Users\cofc_\AppData\Local\Temp\tmpFF91.tmp", message = "rjsec350")~~RJStevensMusicPresentationCreator.Program~0000001679
2024-12-14 22:07:43.7882~DEBUG~-> DownloadFile(url = "https://faas-nyc1-2ef2e6cc.doserverless.co/api/v1/web/fn-dd7f8f6a-d32a-4f5e-ae7b-870dfb7963f3/downloads/bundle?id=000000000000358", filename = "C:\Users\cofc_\AppData\Local\Temp\tmpBB.tmp\rjsec351.ZIP", message = "rjsec351")~~RJStevensMusicPresentationCreator.Program~0000001680
2024-12-14 22:07:44.0572~DEBUG~download completed~~RJStevensMusicPresentationCreator.Program~0000001681
2024-12-14 22:07:44.0572~DEBUG~<- DownloadFile(url = "https://faas-nyc1-2ef2e6cc.doserverless.co/api/v1/web/fn-dd7f8f6a-d32a-4f5e-ae7b-870dfb7963f3/downloads/bundle?id=000000000000358", filename = "C:\Users\cofc_\AppData\Local\Temp\tmpBB.tmp\rjsec351.ZIP", message = "rjsec351")~~RJStevensMusicPresentationCreator.Program~0000001682
2024-12-14 22:07:44.0672~DEBUG~-> ExtractAllFromFile(zipFileName = "C:\Users\cofc_\AppData\Local\Temp\tmpBB.tmp\rjsec351.ZIP", decompressedFolder = "C:\Users\cofc_\AppData\Local\Temp\tmp1D5.tmp", message = "rjsec351")~~RJStevensMusicPresentationCreator.Program~0000001683
2024-12-14 22:07:44.5392~DEBUG~extract completed~~RJStevensMusicPresentationCreator.Program~0000001684
2024-12-14 22:07:44.5392~DEBUG~<- ExtractAllFromFile(zipFileName = "C:\Users\cofc_\AppData\Local\Temp\tmpBB.tmp\rjsec351.ZIP", decompressedFolder = "C:\Users\cofc_\AppData\Local\Temp\tmp1D5.tmp", message = "rjsec351")~~RJStevensMusicPresentationCreator.Program~0000001685
2024-12-14 22:07:44.6573~DEBUG~-> DownloadFile(url = "https://faas-nyc1-2ef2e6cc.doserverless.co/api/v1/web/fn-dd7f8f6a-d32a-4f5e-ae7b-870dfb7963f3/downloads/bundle?id=000000000000359", filename = "C:\Users\cofc_\AppData\Local\Temp\tmp418.tmp\rjsec352.ZIP", message = "rjsec352")~~RJStevensMusicPresentationCreator.Program~0000001686
2024-12-14 22:07:44.9173~DEBUG~download completed~~RJStevensMusicPresentationCreator.Program~0000001687
2024-12-14 22:07:44.9173~DEBUG~<- DownloadFile(url = "https://faas-nyc1-2ef2e6cc.doserverless.co/api/v1/web/fn-dd7f8f6a-d32a-4f5e-ae7b-870dfb7963f3/downloads/bundle?id=000000000000359", filename = "C:\Users\cofc_\AppData\Local\Temp\tmp418.tmp\rjsec352.ZIP", message = "rjsec352")~~RJStevensMusicPresentationCreator.Program~0000001688
2024-12-14 22:07:44.9413~DEBUG~-> ExtractAllFromFile(zipFileName = "C:\Users\cofc_\AppData\Local\Temp\tmp418.tmp\rjsec352.ZIP", decompressedFolder = "C:\Users\cofc_\AppData\Local\Temp\tmp542.tmp", message = "rjsec352")~~RJStevensMusicPresentationCreator.Program~0000001689
2024-12-14 22:07:45.1983~DEBUG~extract completed~~RJStevensMusicPresentationCreator.Program~0000001690
2024-12-14 22:07:45.1983~DEBUG~<- ExtractAllFromFile(zipFileName = "C:\Users\cofc_\AppData\Local\Temp\tmp418.tmp\rjsec352.ZIP", decompressedFolder = "C:\Users\cofc_\AppData\Local\Temp\tmp542.tmp", message = "rjsec352")~~RJStevensMusicPresentationCreator.Program~0000001691
2024-12-14 22:07:45.2833~DEBUG~-> DownloadFile(url = "https://faas-nyc1-2ef2e6cc.doserverless.co/api/v1/web/fn-dd7f8f6a-d32a-4f5e-ae7b-870dfb7963f3/downloads/bundle?id=000000000000361", filename = "C:\Users\cofc_\AppData\Local\Temp\tmp69B.tmp\rjsec354.ZIP", message = "rjsec354")~~RJStevensMusicPresentationCreator.Program~0000001692
2024-12-14 22:07:45.4933~DEBUG~download completed~~RJStevensMusicPresentationCreator.Program~0000001693
2024-12-14 22:07:45.4933~DEBUG~<- DownloadFile(url = "https://faas-nyc1-2ef2e6cc.doserverless.co/api/v1/web/fn-dd7f8f6a-d32a-4f5e-ae7b-870dfb7963f3/downloads/bundle?id=000000000000361", filename = "C:\Users\cofc_\AppData\Local\Temp\tmp69B.tmp\rjsec354.ZIP", message = "rjsec354")~~RJStevensMusicPresentationCreator.Program~0000001694
2024-12-14 22:07:45.5083~DEBUG~-> ExtractAllFromFile(zipFileName = "C:\Users\cofc_\AppData\Local\Temp\tmp69B.tmp\rjsec354.ZIP", decompressedFolder = "C:\Users\cofc_\AppData\Local\Temp\tmp777.tmp", message = "rjsec354")~~RJStevensMusicPresentationCreator.Program~0000001695
2024-12-14 22:07:45.7663~DEBUG~extract completed~~RJStevensMusicPresentationCreator.Program~0000001696
2024-12-14 22:07:45.7663~DEBUG~<- ExtractAllFromFile(zipFileName = "C:\Users\cofc_\AppData\Local\Temp\tmp69B.tmp\rjsec354.ZIP", decompressedFolder = "C:\Users\cofc_\AppData\Local\Temp\tmp777.tmp", message = "rjsec354")~~RJStevensMusicPresentationCreator.Program~0000001697
2024-12-14 22:07:45.8353~DEBUG~-> DownloadFile(url = "https://faas-nyc1-2ef2e6cc.doserverless.co/api/v1/web/fn-dd7f8f6a-d32a-4f5e-ae7b-870dfb7963f3/downloads/bundle?id=000000000000362", filename = "C:\Users\cofc_\AppData\Local\Temp\tmp8C0.tmp\rjsec355.ZIP", message = "rjsec355")~~RJStevensMusicPresentationCreator.Program~0000001698
2024-12-14 22:07:46.0464~DEBUG~download completed~~RJStevensMusicPresentationCreator.Program~0000001699
2024-12-14 22:07:46.0464~DEBUG~<- DownloadFile(url = "https://faas-nyc1-2ef2e6cc.doserverless.co/api/v1/web/fn-dd7f8f6a-d32a-4f5e-ae7b-870dfb7963f3/downloads/bundle?id=000000000000362", filename = "C:\Users\cofc_\AppData\Local\Temp\tmp8C0.tmp\rjsec355.ZIP", message = "rjsec355")~~RJStevensMusicPresentationCreator.Program~0000001700
2024-12-14 22:07:46.0594~DEBUG~-> ExtractAllFromFile(zipFileName = "C:\Users\cofc_\AppData\Local\Temp\tmp8C0.tmp\rjsec355.ZIP", decompressedFolder = "C:\Users\cofc_\AppData\Local\Temp\tmp99C.tmp", message = "rjsec355")~~RJStevensMusicPresentationCreator.Program~0000001701
2024-12-14 22:07:46.2484~DEBUG~extract completed~~RJStevensMusicPresentationCreator.Program~0000001702
2024-12-14 22:07:46.2524~DEBUG~<- ExtractAllFromFile(zipFileName = "C:\Users\cofc_\AppData\Local\Temp\tmp8C0.tmp\rjsec355.ZIP", decompressedFolder = "C:\Users\cofc_\AppData\Local\Temp\tmp99C.tmp", message = "rjsec355")~~RJStevensMusicPresentationCreator.Program~0000001703
2024-12-14 22:07:46.3154~DEBUG~-> DownloadFile(url = "https://faas-nyc1-2ef2e6cc.doserverless.co/api/v1/web/fn-dd7f8f6a-d32a-4f5e-ae7b-870dfb7963f3/downloads/bundle?id=000000000000363", filename = "C:\Users\cofc_\AppData\Local\Temp\tmpAA6.tmp\rjsec356.ZIP", message = "rjsec356")~~RJStevensMusicPresentationCreator.Program~0000001704
2024-12-14 22:07:46.5564~DEBUG~download completed~~RJStevensMusicPresentationCreator.Program~0000001705
2024-12-14 22:07:46.5564~DEBUG~<- DownloadFile(url = "https://faas-nyc1-2ef2e6cc.doserverless.co/api/v1/web/fn-dd7f8f6a-d32a-4f5e-ae7b-870dfb7963f3/downloads/bundle?id=000000000000363", filename = "C:\Users\cofc_\AppData\Local\Temp\tmpAA6.tmp\rjsec356.ZIP", message = "rjsec356")~~RJStevensMusicPresentationCreator.Program~0000001706
2024-12-14 22:07:46.5724~DEBUG~-> ExtractAllFromFile(zipFileName = "C:\Users\cofc_\AppData\Local\Temp\tmpAA6.tmp\rjsec356.ZIP", decompressedFolder = "C:\Users\cofc_\AppData\Local\Temp\tmpBA1.tmp", message = "rjsec356")~~RJStevensMusicPresentationCreator.Program~0000001707
2024-12-14 22:07:46.9214~DEBUG~extract completed~~RJStevensMusicPresentationCreator.Program~0000001708
2024-12-14 22:07:46.9244~DEBUG~<- ExtractAllFromFile(zipFileName = "C:\Users\cofc_\AppData\Local\Temp\tmpAA6.tmp\rjsec356.ZIP", decompressedFolder = "C:\Users\cofc_\AppData\Local\Temp\tmpBA1.tmp", message = "rjsec356")~~RJStevensMusicPresentationCreator.Program~0000001709
2024-12-14 22:07:47.0014~DEBUG~-> DownloadFile(url = "https://faas-nyc1-2ef2e6cc.doserverless.co/api/v1/web/fn-dd7f8f6a-d32a-4f5e-ae7b-870dfb7963f3/downloads/bundle?id=000000000000364", filename = "C:\Users\cofc_\AppData\Local\Temp\tmpD58.tmp\rjsec357.ZIP", message = "rjsec357")~~RJStevensMusicPresentationCreator.Program~0000001710
2024-12-14 22:07:47.2094~DEBUG~download completed~~RJStevensMusicPresentationCreator.Program~0000001711
2024-12-14 22:07:47.2094~DEBUG~<- DownloadFile(url = "https://faas-nyc1-2ef2e6cc.doserverless.co/api/v1/web/fn-dd7f8f6a-d32a-4f5e-ae7b-870dfb7963f3/downloads/bundle?id=000000000000364", filename = "C:\Users\cofc_\AppData\Local\Temp\tmpD58.tmp\rjsec357.ZIP", message = "rjsec357")~~RJStevensMusicPresentationCreator.Program~0000001712
2024-12-14 22:07:47.2274~DEBUG~-> ExtractAllFromFile(zipFileName = "C:\Users\cofc_\AppData\Local\Temp\tmpD58.tmp\rjsec357.ZIP", decompressedFolder = "C:\Users\cofc_\AppData\Local\Temp\tmpE34.tmp", message = "rjsec357")~~RJStevensMusicPresentationCreator.Program~0000001713
2024-12-14 22:07:47.4895~DEBUG~extract completed~~RJStevensMusicPresentationCreator.Program~0000001714
2024-12-14 22:07:47.4895~DEBUG~<- ExtractAllFromFile(zipFileName = "C:\Users\cofc_\AppData\Local\Temp\tmpD58.tmp\rjsec357.ZIP", decompressedFolder = "C:\Users\cofc_\AppData\Local\Temp\tmpE34.tmp", message = "rjsec357")~~RJStevensMusicPresentationCreator.Program~0000001715
2024-12-14 22:07:47.5565~DEBUG~-> DownloadFile(url = "https://faas-nyc1-2ef2e6cc.doserverless.co/api/v1/web/fn-dd7f8f6a-d32a-4f5e-ae7b-870dfb7963f3/downloads/bundle?id=000000000000365", filename = "C:\Users\cofc_\AppData\Local\Temp\tmpF7D.tmp\rjsec358.ZIP", message = "rjsec358")~~RJStevensMusicPresentationCreator.Program~0000001716
2024-12-14 22:07:47.7575~DEBUG~download completed~~RJStevensMusicPresentationCreator.Program~0000001717
2024-12-14 22:07:47.7575~DEBUG~<- DownloadFile(url = "https://faas-nyc1-2ef2e6cc.doserverless.co/api/v1/web/fn-dd7f8f6a-d32a-4f5e-ae7b-870dfb7963f3/downloads/bundle?id=000000000000365", filename = "C:\Users\cofc_\AppData\Local\Temp\tmpF7D.tmp\rjsec358.ZIP", message = "rjsec358")~~RJStevensMusicPresentationCreator.Program~0000001718
2024-12-14 22:07:47.7705~DEBUG~-> ExtractAllFromFile(zipFileName = "C:\Users\cofc_\AppData\Local\Temp\tmpF7D.tmp\rjsec358.ZIP", decompressedFolder = "C:\Users\cofc_\AppData\Local\Temp\tmp1058.tmp", message = "rjsec358")~~RJStevensMusicPresentationCreator.Program~0000001719
2024-12-14 22:07:47.9495~DEBUG~extract completed~~RJStevensMusicPresentationCreator.Program~0000001720
2024-12-14 22:07:47.9495~DEBUG~<- ExtractAllFromFile(zipFileName = "C:\Users\cofc_\AppData\Local\Temp\tmpF7D.tmp\rjsec358.ZIP", decompressedFolder = "C:\Users\cofc_\AppData\Local\Temp\tmp1058.tmp", message = "rjsec358")~~RJStevensMusicPresentationCreator.Program~0000001721
2024-12-14 22:07:48.0115~DEBUG~-> DownloadFile(url = "https://faas-nyc1-2ef2e6cc.doserverless.co/api/v1/web/fn-dd7f8f6a-d32a-4f5e-ae7b-870dfb7963f3/downloads/bundle?id=000000000000367", filename = "C:\Users\cofc_\AppData\Local\Temp\tmp1144.tmp\rjsec360.ZIP", message = "rjsec360")~~RJStevensMusicPresentationCreator.Program~0000001722
2024-12-14 22:07:48.2495~DEBUG~download completed~~RJStevensMusicPresentationCreator.Program~0000001723
2024-12-14 22:07:48.2505~DEBUG~<- DownloadFile(url = "https://faas-nyc1-2ef2e6cc.doserverless.co/api/v1/web/fn-dd7f8f6a-d32a-4f5e-ae7b-870dfb7963f3/downloads/bundle?id=000000000000367", filename = "C:\Users\cofc_\AppData\Local\Temp\tmp1144.tmp\rjsec360.ZIP", message = "rjsec360")~~RJStevensMusicPresentationCreator.Program~0000001724
2024-12-14 22:07:48.2675~DEBUG~-> ExtractAllFromFile(zipFileName = "C:\Users\cofc_\AppData\Local\Temp\tmp1144.tmp\rjsec360.ZIP", decompressedFolder = "C:\Users\cofc_\AppData\Local\Temp\tmp124E.tmp", message = "rjsec360")~~RJStevensMusicPresentationCreator.Program~0000001725
2024-12-14 22:07:48.5595~DEBUG~extract completed~~RJStevensMusicPresentationCreator.Program~0000001726
2024-12-14 22:07:48.5595~DEBUG~<- ExtractAllFromFile(zipFileName = "C:\Users\cofc_\AppData\Local\Temp\tmp1144.tmp\rjsec360.ZIP", decompressedFolder = "C:\Users\cofc_\AppData\Local\Temp\tmp124E.tmp", message = "rjsec360")~~RJStevensMusicPresentationCreator.Program~0000001727
2024-12-14 22:07:48.6396~DEBUG~-> DownloadFile(url = "https://faas-nyc1-2ef2e6cc.doserverless.co/api/v1/web/fn-dd7f8f6a-d32a-4f5e-ae7b-870dfb7963f3/downloads/bundle?id=000000000003362", filename = "C:\Users\cofc_\AppData\Local\Temp\tmp13B7.tmp\rjsec360.16.ZIP", message = "rjsec360.16")~~RJStevensMusicPresentationCreator.Program~0000001728
2024-12-14 22:07:48.8716~DEBUG~download completed~~RJStevensMusicPresentationCreator.Program~0000001729
2024-12-14 22:07:48.8716~DEBUG~<- DownloadFile(url = "https://faas-nyc1-2ef2e6cc.doserverless.co/api/v1/web/fn-dd7f8f6a-d32a-4f5e-ae7b-870dfb7963f3/downloads/bundle?id=000000000003362", filename = "C:\Users\cofc_\AppData\Local\Temp\tmp13B7.tmp\rjsec360.16.ZIP", message = "rjsec360.16")~~RJStevensMusicPresentationCreator.Program~0000001730
2024-12-14 22:07:48.8886~DEBUG~-> ExtractAllFromFile(zipFileName = "C:\Users\cofc_\AppData\Local\Temp\tmp13B7.tmp\rjsec360.16.ZIP", decompressedFolder = "C:\Users\cofc_\AppData\Local\Temp\tmp14B2.tmp", message = "rjsec360.16")~~RJStevensMusicPresentationCreator.Program~0000001731
2024-12-14 22:07:49.2196~DEBUG~extract completed~~RJStevensMusicPresentationCreator.Program~0000001732
2024-12-14 22:07:49.2196~DEBUG~<- ExtractAllFromFile(zipFileName = "C:\Users\cofc_\AppData\Local\Temp\tmp13B7.tmp\rjsec360.16.ZIP", decompressedFolder = "C:\Users\cofc_\AppData\Local\Temp\tmp14B2.tmp", message = "rjsec360.16")~~RJStevensMusicPresentationCreator.Program~0000001733
2024-12-14 22:07:49.3056~DEBUG~-> DownloadFile(url = "https://faas-nyc1-2ef2e6cc.doserverless.co/api/v1/web/fn-dd7f8f6a-d32a-4f5e-ae7b-870dfb7963f3/downloads/bundle?id=000000000000369", filename = "C:\Users\cofc_\AppData\Local\Temp\tmp1659.tmp\rjsec362.ZIP", message = "rjsec362")~~RJStevensMusicPresentationCreator.Program~0000001734
2024-12-14 22:07:49.5516~DEBUG~download completed~~RJStevensMusicPresentationCreator.Program~0000001735
2024-12-14 22:07:49.5516~DEBUG~<- DownloadFile(url = "https://faas-nyc1-2ef2e6cc.doserverless.co/api/v1/web/fn-dd7f8f6a-d32a-4f5e-ae7b-870dfb7963f3/downloads/bundle?id=000000000000369", filename = "C:\Users\cofc_\AppData\Local\Temp\tmp1659.tmp\rjsec362.ZIP", message = "rjsec362")~~RJStevensMusicPresentationCreator.Program~0000001736
2024-12-14 22:07:49.5706~DEBUG~-> ExtractAllFromFile(zipFileName = "C:\Users\cofc_\AppData\Local\Temp\tmp1659.tmp\rjsec362.ZIP", decompressedFolder = "C:\Users\cofc_\AppData\Local\Temp\tmp1763.tmp", message = "rjsec362")~~RJStevensMusicPresentationCreator.Program~0000001737
2024-12-14 22:07:49.9587~DEBUG~extract completed~~RJStevensMusicPresentationCreator.Program~0000001738
2024-12-14 22:07:49.9587~DEBUG~<- ExtractAllFromFile(zipFileName = "C:\Users\cofc_\AppData\Local\Temp\tmp1659.tmp\rjsec362.ZIP", decompressedFolder = "C:\Users\cofc_\AppData\Local\Temp\tmp1763.tmp", message = "rjsec362")~~RJStevensMusicPresentationCreator.Program~0000001739
2024-12-14 22:07:50.0837~DEBUG~-> DownloadFile(url = "https://faas-nyc1-2ef2e6cc.doserverless.co/api/v1/web/fn-dd7f8f6a-d32a-4f5e-ae7b-870dfb7963f3/downloads/bundle?id=000000000000370", filename = "C:\Users\cofc_\AppData\Local\Temp\tmp1968.tmp\rjsec363.ZIP", message = "rjsec363")~~RJStevensMusicPresentationCreator.Program~0000001740
2024-12-14 22:07:50.3337~DEBUG~download completed~~RJStevensMusicPresentationCreator.Program~0000001741
2024-12-14 22:07:50.3337~DEBUG~<- DownloadFile(url = "https://faas-nyc1-2ef2e6cc.doserverless.co/api/v1/web/fn-dd7f8f6a-d32a-4f5e-ae7b-870dfb7963f3/downloads/bundle?id=000000000000370", filename = "C:\Users\cofc_\AppData\Local\Temp\tmp1968.tmp\rjsec363.ZIP", message = "rjsec363")~~RJStevensMusicPresentationCreator.Program~0000001742
2024-12-14 22:07:50.3507~DEBUG~-> ExtractAllFromFile(zipFileName = "C:\Users\cofc_\AppData\Local\Temp\tmp1968.tmp\rjsec363.ZIP", decompressedFolder = "C:\Users\cofc_\AppData\Local\Temp\tmp1A73.tmp", message = "rjsec363")~~RJStevensMusicPresentationCreator.Program~0000001743
2024-12-14 22:07:50.6017~DEBUG~extract completed~~RJStevensMusicPresentationCreator.Program~0000001744
2024-12-14 22:07:50.6017~DEBUG~<- ExtractAllFromFile(zipFileName = "C:\Users\cofc_\AppData\Local\Temp\tmp1968.tmp\rjsec363.ZIP", decompressedFolder = "C:\Users\cofc_\AppData\Local\Temp\tmp1A73.tmp", message = "rjsec363")~~RJStevensMusicPresentationCreator.Program~0000001745
2024-12-14 22:07:50.6687~DEBUG~-> DownloadFile(url = "https://faas-nyc1-2ef2e6cc.doserverless.co/api/v1/web/fn-dd7f8f6a-d32a-4f5e-ae7b-870dfb7963f3/downloads/bundle?id=000000000000371", filename = "C:\Users\cofc_\AppData\Local\Temp\tmp1BAC.tmp\rjsec364.ZIP", message = "rjsec364")~~RJStevensMusicPresentationCreator.Program~0000001746
2024-12-14 22:07:50.9057~DEBUG~download completed~~RJStevensMusicPresentationCreator.Program~0000001747
2024-12-14 22:07:50.9067~DEBUG~<- DownloadFile(url = "https://faas-nyc1-2ef2e6cc.doserverless.co/api/v1/web/fn-dd7f8f6a-d32a-4f5e-ae7b-870dfb7963f3/downloads/bundle?id=000000000000371", filename = "C:\Users\cofc_\AppData\Local\Temp\tmp1BAC.tmp\rjsec364.ZIP", message = "rjsec364")~~RJStevensMusicPresentationCreator.Program~0000001748
2024-12-14 22:07:50.9067~DEBUG~-> ExtractAllFromFile(zipFileName = "C:\Users\cofc_\AppData\Local\Temp\tmp1BAC.tmp\rjsec364.ZIP", decompressedFolder = "C:\Users\cofc_\AppData\Local\Temp\tmp1CA7.tmp", message = "rjsec364")~~RJStevensMusicPresentationCreator.Program~0000001749
2024-12-14 22:07:51.1487~DEBUG~extract completed~~RJStevensMusicPresentationCreator.Program~0000001750
2024-12-14 22:07:51.1487~DEBUG~<- ExtractAllFromFile(zipFileName = "C:\Users\cofc_\AppData\Local\Temp\tmp1BAC.tmp\rjsec364.ZIP", decompressedFolder = "C:\Users\cofc_\AppData\Local\Temp\tmp1CA7.tmp", message = "rjsec364")~~RJStevensMusicPresentationCreator.Program~0000001751
2024-12-14 22:07:51.2187~DEBUG~-> DownloadFile(url = "https://faas-nyc1-2ef2e6cc.doserverless.co/api/v1/web/fn-dd7f8f6a-d32a-4f5e-ae7b-870dfb7963f3/downloads/bundle?id=000000000000372", filename = "C:\Users\cofc_\AppData\Local\Temp\tmp1DD1.tmp\rjsec365.ZIP", message = "rjsec365")~~RJStevensMusicPresentationCreator.Program~0000001752
2024-12-14 22:07:51.4848~DEBUG~download completed~~RJStevensMusicPresentationCreator.Program~0000001753
2024-12-14 22:07:51.4848~DEBUG~<- DownloadFile(url = "https://faas-nyc1-2ef2e6cc.doserverless.co/api/v1/web/fn-dd7f8f6a-d32a-4f5e-ae7b-870dfb7963f3/downloads/bundle?id=000000000000372", filename = "C:\Users\cofc_\AppData\Local\Temp\tmp1DD1.tmp\rjsec365.ZIP", message = "rjsec365")~~RJStevensMusicPresentationCreator.Program~0000001754
2024-12-14 22:07:51.4848~DEBUG~-> ExtractAllFromFile(zipFileName = "C:\Users\cofc_\AppData\Local\Temp\tmp1DD1.tmp\rjsec365.ZIP", decompressedFolder = "C:\Users\cofc_\AppData\Local\Temp\tmp1EEB.tmp", message = "rjsec365")~~RJStevensMusicPresentationCreator.Program~0000001755
2024-12-14 22:07:51.8938~DEBUG~extract completed~~RJStevensMusicPresentationCreator.Program~0000001756
2024-12-14 22:07:51.8938~DEBUG~<- ExtractAllFromFile(zipFileName = "C:\Users\cofc_\AppData\Local\Temp\tmp1DD1.tmp\rjsec365.ZIP", decompressedFolder = "C:\Users\cofc_\AppData\Local\Temp\tmp1EEB.tmp", message = "rjsec365")~~RJStevensMusicPresentationCreator.Program~0000001757
2024-12-14 22:07:51.9988~DEBUG~-> DownloadFile(url = "https://faas-nyc1-2ef2e6cc.doserverless.co/api/v1/web/fn-dd7f8f6a-d32a-4f5e-ae7b-870dfb7963f3/downloads/bundle?id=000000000000373", filename = "C:\Users\cofc_\AppData\Local\Temp\tmp20E0.tmp\rjsec366.ZIP", message = "rjsec366")~~RJStevensMusicPresentationCreator.Program~0000001758
2024-12-14 22:07:52.2293~DEBUG~download completed~~RJStevensMusicPresentationCreator.Program~0000001759
2024-12-14 22:07:52.2293~DEBUG~<- DownloadFile(url = "https://faas-nyc1-2ef2e6cc.doserverless.co/api/v1/web/fn-dd7f8f6a-d32a-4f5e-ae7b-870dfb7963f3/downloads/bundle?id=000000000000373", filename = "C:\Users\cofc_\AppData\Local\Temp\tmp20E0.tmp\rjsec366.ZIP", message = "rjsec366")~~RJStevensMusicPresentationCreator.Program~0000001760
2024-12-14 22:07:52.2423~DEBUG~-> ExtractAllFromFile(zipFileName = "C:\Users\cofc_\AppData\Local\Temp\tmp20E0.tmp\rjsec366.ZIP", decompressedFolder = "C:\Users\cofc_\AppData\Local\Temp\tmp21DB.tmp", message = "rjsec366")~~RJStevensMusicPresentationCreator.Program~0000001761
2024-12-14 22:07:52.4793~DEBUG~extract completed~~RJStevensMusicPresentationCreator.Program~0000001762
2024-12-14 22:07:52.4793~DEBUG~<- ExtractAllFromFile(zipFileName = "C:\Users\cofc_\AppData\Local\Temp\tmp20E0.tmp\rjsec366.ZIP", decompressedFolder = "C:\Users\cofc_\AppData\Local\Temp\tmp21DB.tmp", message = "rjsec366")~~RJStevensMusicPresentationCreator.Program~0000001763
2024-12-14 22:07:52.5453~DEBUG~-> DownloadFile(url = "https://faas-nyc1-2ef2e6cc.doserverless.co/api/v1/web/fn-dd7f8f6a-d32a-4f5e-ae7b-870dfb7963f3/downloads/bundle?id=000000000000374", filename = "C:\Users\cofc_\AppData\Local\Temp\tmp2305.tmp\rjsec367.ZIP", message = "rjsec367")~~RJStevensMusicPresentationCreator.Program~0000001764
2024-12-14 22:07:52.7783~DEBUG~download completed~~RJStevensMusicPresentationCreator.Program~0000001765
2024-12-14 22:07:52.7783~DEBUG~<- DownloadFile(url = "https://faas-nyc1-2ef2e6cc.doserverless.co/api/v1/web/fn-dd7f8f6a-d32a-4f5e-ae7b-870dfb7963f3/downloads/bundle?id=000000000000374", filename = "C:\Users\cofc_\AppData\Local\Temp\tmp2305.tmp\rjsec367.ZIP", message = "rjsec367")~~RJStevensMusicPresentationCreator.Program~0000001766
2024-12-14 22:07:52.7953~DEBUG~-> ExtractAllFromFile(zipFileName = "C:\Users\cofc_\AppData\Local\Temp\tmp2305.tmp\rjsec367.ZIP", decompressedFolder = "C:\Users\cofc_\AppData\Local\Temp\tmp2400.tmp", message = "rjsec367")~~RJStevensMusicPresentationCreator.Program~0000001767
2024-12-14 22:07:53.0493~DEBUG~extract completed~~RJStevensMusicPresentationCreator.Program~0000001768
2024-12-14 22:07:53.0493~DEBUG~<- ExtractAllFromFile(zipFileName = "C:\Users\cofc_\AppData\Local\Temp\tmp2305.tmp\rjsec367.ZIP", decompressedFolder = "C:\Users\cofc_\AppData\Local\Temp\tmp2400.tmp", message = "rjsec367")~~RJStevensMusicPresentationCreator.Program~0000001769
2024-12-14 22:07:53.1213~DEBUG~-> DownloadFile(url = "https://faas-nyc1-2ef2e6cc.doserverless.co/api/v1/web/fn-dd7f8f6a-d32a-4f5e-ae7b-870dfb7963f3/downloads/bundle?id=000000000000375", filename = "C:\Users\cofc_\AppData\Local\Temp\tmp2549.tmp\rjsec368.ZIP", message = "rjsec368")~~RJStevensMusicPresentationCreator.Program~0000001770
2024-12-14 22:07:53.3314~DEBUG~download completed~~RJStevensMusicPresentationCreator.Program~0000001771
2024-12-14 22:07:53.3314~DEBUG~<- DownloadFile(url = "https://faas-nyc1-2ef2e6cc.doserverless.co/api/v1/web/fn-dd7f8f6a-d32a-4f5e-ae7b-870dfb7963f3/downloads/bundle?id=000000000000375", filename = "C:\Users\cofc_\AppData\Local\Temp\tmp2549.tmp\rjsec368.ZIP", message = "rjsec368")~~RJStevensMusicPresentationCreator.Program~0000001772
2024-12-14 22:07:53.3314~DEBUG~-> ExtractAllFromFile(zipFileName = "C:\Users\cofc_\AppData\Local\Temp\tmp2549.tmp\rjsec368.ZIP", decompressedFolder = "C:\Users\cofc_\AppData\Local\Temp\tmp2625.tmp", message = "rjsec368")~~RJStevensMusicPresentationCreator.Program~0000001773
2024-12-14 22:07:53.5874~DEBUG~extract completed~~RJStevensMusicPresentationCreator.Program~0000001774
2024-12-14 22:07:53.5874~DEBUG~<- ExtractAllFromFile(zipFileName = "C:\Users\cofc_\AppData\Local\Temp\tmp2549.tmp\rjsec368.ZIP", decompressedFolder = "C:\Users\cofc_\AppData\Local\Temp\tmp2625.tmp", message = "rjsec368")~~RJStevensMusicPresentationCreator.Program~0000001775
2024-12-14 22:07:53.6574~DEBUG~-> DownloadFile(url = "https://faas-nyc1-2ef2e6cc.doserverless.co/api/v1/web/fn-dd7f8f6a-d32a-4f5e-ae7b-870dfb7963f3/downloads/bundle?id=000000000000378", filename = "C:\Users\cofc_\AppData\Local\Temp\tmp275E.tmp\rjsec371.ZIP", message = "rjsec371")~~RJStevensMusicPresentationCreator.Program~0000001776
2024-12-14 22:07:53.8964~DEBUG~download completed~~RJStevensMusicPresentationCreator.Program~0000001777
2024-12-14 22:07:53.8964~DEBUG~<- DownloadFile(url = "https://faas-nyc1-2ef2e6cc.doserverless.co/api/v1/web/fn-dd7f8f6a-d32a-4f5e-ae7b-870dfb7963f3/downloads/bundle?id=000000000000378", filename = "C:\Users\cofc_\AppData\Local\Temp\tmp275E.tmp\rjsec371.ZIP", message = "rjsec371")~~RJStevensMusicPresentationCreator.Program~0000001778
2024-12-14 22:07:53.9104~DEBUG~-> ExtractAllFromFile(zipFileName = "C:\Users\cofc_\AppData\Local\Temp\tmp275E.tmp\rjsec371.ZIP", decompressedFolder = "C:\Users\cofc_\AppData\Local\Temp\tmp2869.tmp", message = "rjsec371")~~RJStevensMusicPresentationCreator.Program~0000001779
2024-12-14 22:07:54.2754~DEBUG~extract completed~~RJStevensMusicPresentationCreator.Program~0000001780
2024-12-14 22:07:54.2754~DEBUG~<- ExtractAllFromFile(zipFileName = "C:\Users\cofc_\AppData\Local\Temp\tmp275E.tmp\rjsec371.ZIP", decompressedFolder = "C:\Users\cofc_\AppData\Local\Temp\tmp2869.tmp", message = "rjsec371")~~RJStevensMusicPresentationCreator.Program~0000001781
2024-12-14 22:07:54.3734~DEBUG~-> DownloadFile(url = "https://faas-nyc1-2ef2e6cc.doserverless.co/api/v1/web/fn-dd7f8f6a-d32a-4f5e-ae7b-870dfb7963f3/downloads/bundle?id=000000000000380", filename = "C:\Users\cofc_\AppData\Local\Temp\tmp2A2F.tmp\rjsec373.ZIP", message = "rjsec373")~~RJStevensMusicPresentationCreator.Program~0000001782
2024-12-14 22:07:54.6154~DEBUG~download completed~~RJStevensMusicPresentationCreator.Program~0000001783
2024-12-14 22:07:54.6154~DEBUG~<- DownloadFile(url = "https://faas-nyc1-2ef2e6cc.doserverless.co/api/v1/web/fn-dd7f8f6a-d32a-4f5e-ae7b-870dfb7963f3/downloads/bundle?id=000000000000380", filename = "C:\Users\cofc_\AppData\Local\Temp\tmp2A2F.tmp\rjsec373.ZIP", message = "rjsec373")~~RJStevensMusicPresentationCreator.Program~0000001784
2024-12-14 22:07:54.6304~DEBUG~-> ExtractAllFromFile(zipFileName = "C:\Users\cofc_\AppData\Local\Temp\tmp2A2F.tmp\rjsec373.ZIP", decompressedFolder = "C:\Users\cofc_\AppData\Local\Temp\tmp2B3A.tmp", message = "rjsec373")~~RJStevensMusicPresentationCreator.Program~0000001785
2024-12-14 22:07:55.0245~DEBUG~extract completed~~RJStevensMusicPresentationCreator.Program~0000001786
2024-12-14 22:07:55.0245~DEBUG~<- ExtractAllFromFile(zipFileName = "C:\Users\cofc_\AppData\Local\Temp\tmp2A2F.tmp\rjsec373.ZIP", decompressedFolder = "C:\Users\cofc_\AppData\Local\Temp\tmp2B3A.tmp", message = "rjsec373")~~RJStevensMusicPresentationCreator.Program~0000001787
2024-12-14 22:07:55.1345~DEBUG~-> DownloadFile(url = "https://faas-nyc1-2ef2e6cc.doserverless.co/api/v1/web/fn-dd7f8f6a-d32a-4f5e-ae7b-870dfb7963f3/downloads/bundle?id=000000000000381", filename = "C:\Users\cofc_\AppData\Local\Temp\tmp2D2F.tmp\rjsec374.ZIP", message = "rjsec374")~~RJStevensMusicPresentationCreator.Program~0000001788
2024-12-14 22:07:55.3765~DEBUG~download completed~~RJStevensMusicPresentationCreator.Program~0000001789
2024-12-14 22:07:55.3765~DEBUG~<- DownloadFile(url = "https://faas-nyc1-2ef2e6cc.doserverless.co/api/v1/web/fn-dd7f8f6a-d32a-4f5e-ae7b-870dfb7963f3/downloads/bundle?id=000000000000381", filename = "C:\Users\cofc_\AppData\Local\Temp\tmp2D2F.tmp\rjsec374.ZIP", message = "rjsec374")~~RJStevensMusicPresentationCreator.Program~0000001790
2024-12-14 22:07:55.3955~DEBUG~-> ExtractAllFromFile(zipFileName = "C:\Users\cofc_\AppData\Local\Temp\tmp2D2F.tmp\rjsec374.ZIP", decompressedFolder = "C:\Users\cofc_\AppData\Local\Temp\tmp2E39.tmp", message = "rjsec374")~~RJStevensMusicPresentationCreator.Program~0000001791
2024-12-14 22:07:55.7195~DEBUG~extract completed~~RJStevensMusicPresentationCreator.Program~0000001792
2024-12-14 22:07:55.7195~DEBUG~<- ExtractAllFromFile(zipFileName = "C:\Users\cofc_\AppData\Local\Temp\tmp2D2F.tmp\rjsec374.ZIP", decompressedFolder = "C:\Users\cofc_\AppData\Local\Temp\tmp2E39.tmp", message = "rjsec374")~~RJStevensMusicPresentationCreator.Program~0000001793
2024-12-14 22:07:55.7985~DEBUG~-> DownloadFile(url = "https://faas-nyc1-2ef2e6cc.doserverless.co/api/v1/web/fn-dd7f8f6a-d32a-4f5e-ae7b-870dfb7963f3/downloads/bundle?id=000000000000382", filename = "C:\Users\cofc_\AppData\Local\Temp\tmp2FD1.tmp\rjsec375.ZIP", message = "rjsec375")~~RJStevensMusicPresentationCreator.Program~0000001794
2024-12-14 22:07:56.0336~DEBUG~download completed~~RJStevensMusicPresentationCreator.Program~0000001795
2024-12-14 22:07:56.0336~DEBUG~<- DownloadFile(url = "https://faas-nyc1-2ef2e6cc.doserverless.co/api/v1/web/fn-dd7f8f6a-d32a-4f5e-ae7b-870dfb7963f3/downloads/bundle?id=000000000000382", filename = "C:\Users\cofc_\AppData\Local\Temp\tmp2FD1.tmp\rjsec375.ZIP", message = "rjsec375")~~RJStevensMusicPresentationCreator.Program~0000001796
2024-12-14 22:07:56.0526~DEBUG~-> ExtractAllFromFile(zipFileName = "C:\Users\cofc_\AppData\Local\Temp\tmp2FD1.tmp\rjsec375.ZIP", decompressedFolder = "C:\Users\cofc_\AppData\Local\Temp\tmp30CC.tmp", message = "rjsec375")~~RJStevensMusicPresentationCreator.Program~0000001797
2024-12-14 22:07:56.3706~DEBUG~extract completed~~RJStevensMusicPresentationCreator.Program~0000001798
2024-12-14 22:07:56.3706~DEBUG~<- ExtractAllFromFile(zipFileName = "C:\Users\cofc_\AppData\Local\Temp\tmp2FD1.tmp\rjsec375.ZIP", decompressedFolder = "C:\Users\cofc_\AppData\Local\Temp\tmp30CC.tmp", message = "rjsec375")~~RJStevensMusicPresentationCreator.Program~0000001799
2024-12-14 22:07:56.4506~DEBUG~-> DownloadFile(url = "https://faas-nyc1-2ef2e6cc.doserverless.co/api/v1/web/fn-dd7f8f6a-d32a-4f5e-ae7b-870dfb7963f3/downloads/bundle?id=000000000000383", filename = "C:\Users\cofc_\AppData\Local\Temp\tmp3253.tmp\rjsec376.ZIP", message = "rjsec376")~~RJStevensMusicPresentationCreator.Program~0000001800
2024-12-14 22:07:56.7146~DEBUG~download completed~~RJStevensMusicPresentationCreator.Program~0000001801
2024-12-14 22:07:56.7146~DEBUG~<- DownloadFile(url = "https://faas-nyc1-2ef2e6cc.doserverless.co/api/v1/web/fn-dd7f8f6a-d32a-4f5e-ae7b-870dfb7963f3/downloads/bundle?id=000000000000383", filename = "C:\Users\cofc_\AppData\Local\Temp\tmp3253.tmp\rjsec376.ZIP", message = "rjsec376")~~RJStevensMusicPresentationCreator.Program~0000001802
2024-12-14 22:07:56.7266~DEBUG~-> ExtractAllFromFile(zipFileName = "C:\Users\cofc_\AppData\Local\Temp\tmp3253.tmp\rjsec376.ZIP", decompressedFolder = "C:\Users\cofc_\AppData\Local\Temp\tmp336E.tmp", message = "rjsec376")~~RJStevensMusicPresentationCreator.Program~0000001803
2024-12-14 22:07:56.9966~DEBUG~extract completed~~RJStevensMusicPresentationCreator.Program~0000001804
2024-12-14 22:07:56.9966~DEBUG~<- ExtractAllFromFile(zipFileName = "C:\Users\cofc_\AppData\Local\Temp\tmp3253.tmp\rjsec376.ZIP", decompressedFolder = "C:\Users\cofc_\AppData\Local\Temp\tmp336E.tmp", message = "rjsec376")~~RJStevensMusicPresentationCreator.Program~0000001805
2024-12-14 22:07:57.0656~DEBUG~-> DownloadFile(url = "https://faas-nyc1-2ef2e6cc.doserverless.co/api/v1/web/fn-dd7f8f6a-d32a-4f5e-ae7b-870dfb7963f3/downloads/bundle?id=000000000000385", filename = "C:\Users\cofc_\AppData\Local\Temp\tmp34C6.tmp\rjsec378.ZIP", message = "rjsec378")~~RJStevensMusicPresentationCreator.Program~0000001806
2024-12-14 22:07:57.2796~DEBUG~download completed~~RJStevensMusicPresentationCreator.Program~0000001807
2024-12-14 22:07:57.2796~DEBUG~<- DownloadFile(url = "https://faas-nyc1-2ef2e6cc.doserverless.co/api/v1/web/fn-dd7f8f6a-d32a-4f5e-ae7b-870dfb7963f3/downloads/bundle?id=000000000000385", filename = "C:\Users\cofc_\AppData\Local\Temp\tmp34C6.tmp\rjsec378.ZIP", message = "rjsec378")~~RJStevensMusicPresentationCreator.Program~0000001808
2024-12-14 22:07:57.3017~DEBUG~-> ExtractAllFromFile(zipFileName = "C:\Users\cofc_\AppData\Local\Temp\tmp34C6.tmp\rjsec378.ZIP", decompressedFolder = "C:\Users\cofc_\AppData\Local\Temp\tmp35B2.tmp", message = "rjsec378")~~RJStevensMusicPresentationCreator.Program~0000001809
2024-12-14 22:07:57.5947~DEBUG~extract completed~~RJStevensMusicPresentationCreator.Program~0000001810
2024-12-14 22:07:57.5947~DEBUG~<- ExtractAllFromFile(zipFileName = "C:\Users\cofc_\AppData\Local\Temp\tmp34C6.tmp\rjsec378.ZIP", decompressedFolder = "C:\Users\cofc_\AppData\Local\Temp\tmp35B2.tmp", message = "rjsec378")~~RJStevensMusicPresentationCreator.Program~0000001811
2024-12-14 22:07:57.6647~DEBUG~-> DownloadFile(url = "https://faas-nyc1-2ef2e6cc.doserverless.co/api/v1/web/fn-dd7f8f6a-d32a-4f5e-ae7b-870dfb7963f3/downloads/bundle?id=000000000000386", filename = "C:\Users\cofc_\AppData\Local\Temp\tmp371A.tmp\rjsec379.ZIP", message = "rjsec379")~~RJStevensMusicPresentationCreator.Program~0000001812
2024-12-14 22:07:57.8797~DEBUG~download completed~~RJStevensMusicPresentationCreator.Program~0000001813
2024-12-14 22:07:57.8797~DEBUG~<- DownloadFile(url = "https://faas-nyc1-2ef2e6cc.doserverless.co/api/v1/web/fn-dd7f8f6a-d32a-4f5e-ae7b-870dfb7963f3/downloads/bundle?id=000000000000386", filename = "C:\Users\cofc_\AppData\Local\Temp\tmp371A.tmp\rjsec379.ZIP", message = "rjsec379")~~RJStevensMusicPresentationCreator.Program~0000001814
2024-12-14 22:07:57.8947~DEBUG~-> ExtractAllFromFile(zipFileName = "C:\Users\cofc_\AppData\Local\Temp\tmp371A.tmp\rjsec379.ZIP", decompressedFolder = "C:\Users\cofc_\AppData\Local\Temp\tmp3805.tmp", message = "rjsec379")~~RJStevensMusicPresentationCreator.Program~0000001815
2024-12-14 22:07:58.1577~DEBUG~extract completed~~RJStevensMusicPresentationCreator.Program~0000001816
2024-12-14 22:07:58.1577~DEBUG~<- ExtractAllFromFile(zipFileName = "C:\Users\cofc_\AppData\Local\Temp\tmp371A.tmp\rjsec379.ZIP", decompressedFolder = "C:\Users\cofc_\AppData\Local\Temp\tmp3805.tmp", message = "rjsec379")~~RJStevensMusicPresentationCreator.Program~0000001817
2024-12-14 22:07:58.2357~DEBUG~-> DownloadFile(url = "https://faas-nyc1-2ef2e6cc.doserverless.co/api/v1/web/fn-dd7f8f6a-d32a-4f5e-ae7b-870dfb7963f3/downloads/bundle?id=000000000000388", filename = "C:\Users\cofc_\AppData\Local\Temp\tmp395E.tmp\rjsec381.ZIP", message = "rjsec381")~~RJStevensMusicPresentationCreator.Program~0000001818
2024-12-14 22:07:58.4657~DEBUG~download completed~~RJStevensMusicPresentationCreator.Program~0000001819
2024-12-14 22:07:58.4657~DEBUG~<- DownloadFile(url = "https://faas-nyc1-2ef2e6cc.doserverless.co/api/v1/web/fn-dd7f8f6a-d32a-4f5e-ae7b-870dfb7963f3/downloads/bundle?id=000000000000388", filename = "C:\Users\cofc_\AppData\Local\Temp\tmp395E.tmp\rjsec381.ZIP", message = "rjsec381")~~RJStevensMusicPresentationCreator.Program~0000001820
2024-12-14 22:07:58.4847~DEBUG~-> ExtractAllFromFile(zipFileName = "C:\Users\cofc_\AppData\Local\Temp\tmp395E.tmp\rjsec381.ZIP", decompressedFolder = "C:\Users\cofc_\AppData\Local\Temp\tmp3A59.tmp", message = "rjsec381")~~RJStevensMusicPresentationCreator.Program~0000001821
2024-12-14 22:07:58.7417~DEBUG~extract completed~~RJStevensMusicPresentationCreator.Program~0000001822
2024-12-14 22:07:58.7417~DEBUG~<- ExtractAllFromFile(zipFileName = "C:\Users\cofc_\AppData\Local\Temp\tmp395E.tmp\rjsec381.ZIP", decompressedFolder = "C:\Users\cofc_\AppData\Local\Temp\tmp3A59.tmp", message = "rjsec381")~~RJStevensMusicPresentationCreator.Program~0000001823
2024-12-14 22:07:58.8168~DEBUG~-> DownloadFile(url = "https://faas-nyc1-2ef2e6cc.doserverless.co/api/v1/web/fn-dd7f8f6a-d32a-4f5e-ae7b-870dfb7963f3/downloads/bundle?id=000000000000389", filename = "C:\Users\cofc_\AppData\Local\Temp\tmp3BA2.tmp\rjsec382.ZIP", message = "rjsec382")~~RJStevensMusicPresentationCreator.Program~0000001824
2024-12-14 22:07:59.0448~DEBUG~download completed~~RJStevensMusicPresentationCreator.Program~0000001825
2024-12-14 22:07:59.0448~DEBUG~<- DownloadFile(url = "https://faas-nyc1-2ef2e6cc.doserverless.co/api/v1/web/fn-dd7f8f6a-d32a-4f5e-ae7b-870dfb7963f3/downloads/bundle?id=000000000000389", filename = "C:\Users\cofc_\AppData\Local\Temp\tmp3BA2.tmp\rjsec382.ZIP", message = "rjsec382")~~RJStevensMusicPresentationCreator.Program~0000001826
2024-12-14 22:07:59.0638~DEBUG~-> ExtractAllFromFile(zipFileName = "C:\Users\cofc_\AppData\Local\Temp\tmp3BA2.tmp\rjsec382.ZIP", decompressedFolder = "C:\Users\cofc_\AppData\Local\Temp\tmp3C8E.tmp", message = "rjsec382")~~RJStevensMusicPresentationCreator.Program~0000001827
2024-12-14 22:07:59.3118~DEBUG~extract completed~~RJStevensMusicPresentationCreator.Program~0000001828
2024-12-14 22:07:59.3158~DEBUG~<- ExtractAllFromFile(zipFileName = "C:\Users\cofc_\AppData\Local\Temp\tmp3BA2.tmp\rjsec382.ZIP", decompressedFolder = "C:\Users\cofc_\AppData\Local\Temp\tmp3C8E.tmp", message = "rjsec382")~~RJStevensMusicPresentationCreator.Program~0000001829
2024-12-14 22:07:59.3898~DEBUG~-> DownloadFile(url = "https://faas-nyc1-2ef2e6cc.doserverless.co/api/v1/web/fn-dd7f8f6a-d32a-4f5e-ae7b-870dfb7963f3/downloads/bundle?id=000000000000391", filename = "C:\Users\cofc_\AppData\Local\Temp\tmp3DD7.tmp\rjsec384.ZIP", message = "rjsec384")~~RJStevensMusicPresentationCreator.Program~0000001830
2024-12-14 22:07:59.6448~DEBUG~download completed~~RJStevensMusicPresentationCreator.Program~0000001831
2024-12-14 22:07:59.6448~DEBUG~<- DownloadFile(url = "https://faas-nyc1-2ef2e6cc.doserverless.co/api/v1/web/fn-dd7f8f6a-d32a-4f5e-ae7b-870dfb7963f3/downloads/bundle?id=000000000000391", filename = "C:\Users\cofc_\AppData\Local\Temp\tmp3DD7.tmp\rjsec384.ZIP", message = "rjsec384")~~RJStevensMusicPresentationCreator.Program~0000001832
2024-12-14 22:07:59.6588~DEBUG~-> ExtractAllFromFile(zipFileName = "C:\Users\cofc_\AppData\Local\Temp\tmp3DD7.tmp\rjsec384.ZIP", decompressedFolder = "C:\Users\cofc_\AppData\Local\Temp\tmp3EF1.tmp", message = "rjsec384")~~RJStevensMusicPresentationCreator.Program~0000001833
2024-12-14 22:07:59.8908~DEBUG~extract completed~~RJStevensMusicPresentationCreator.Program~0000001834
2024-12-14 22:07:59.8938~DEBUG~<- ExtractAllFromFile(zipFileName = "C:\Users\cofc_\AppData\Local\Temp\tmp3DD7.tmp\rjsec384.ZIP", decompressedFolder = "C:\Users\cofc_\AppData\Local\Temp\tmp3EF1.tmp", message = "rjsec384")~~RJStevensMusicPresentationCreator.Program~0000001835
2024-12-14 22:07:59.9628~DEBUG~-> DownloadFile(url = "https://faas-nyc1-2ef2e6cc.doserverless.co/api/v1/web/fn-dd7f8f6a-d32a-4f5e-ae7b-870dfb7963f3/downloads/bundle?id=000000000000392", filename = "C:\Users\cofc_\AppData\Local\Temp\tmp401B.tmp\rjsec385.ZIP", message = "rjsec385")~~RJStevensMusicPresentationCreator.Program~0000001836
2024-12-14 22:08:00.1819~DEBUG~download completed~~RJStevensMusicPresentationCreator.Program~0000001837
2024-12-14 22:08:00.1819~DEBUG~<- DownloadFile(url = "https://faas-nyc1-2ef2e6cc.doserverless.co/api/v1/web/fn-dd7f8f6a-d32a-4f5e-ae7b-870dfb7963f3/downloads/bundle?id=000000000000392", filename = "C:\Users\cofc_\AppData\Local\Temp\tmp401B.tmp\rjsec385.ZIP", message = "rjsec385")~~RJStevensMusicPresentationCreator.Program~0000001838
2024-12-14 22:08:00.1939~DEBUG~-> ExtractAllFromFile(zipFileName = "C:\Users\cofc_\AppData\Local\Temp\tmp401B.tmp\rjsec385.ZIP", decompressedFolder = "C:\Users\cofc_\AppData\Local\Temp\tmp4106.tmp", message = "rjsec385")~~RJStevensMusicPresentationCreator.Program~0000001839
2024-12-14 22:08:00.4259~DEBUG~extract completed~~RJStevensMusicPresentationCreator.Program~0000001840
2024-12-14 22:08:00.4259~DEBUG~<- ExtractAllFromFile(zipFileName = "C:\Users\cofc_\AppData\Local\Temp\tmp401B.tmp\rjsec385.ZIP", decompressedFolder = "C:\Users\cofc_\AppData\Local\Temp\tmp4106.tmp", message = "rjsec385")~~RJStevensMusicPresentationCreator.Program~0000001841
2024-12-14 22:08:00.4919~DEBUG~-> DownloadFile(url = "https://faas-nyc1-2ef2e6cc.doserverless.co/api/v1/web/fn-dd7f8f6a-d32a-4f5e-ae7b-870dfb7963f3/downloads/bundle?id=000000000000394", filename = "C:\Users\cofc_\AppData\Local\Temp\tmp4230.tmp\rjsec387.ZIP", message = "rjsec387")~~RJStevensMusicPresentationCreator.Program~0000001842
2024-12-14 22:08:00.7379~DEBUG~download completed~~RJStevensMusicPresentationCreator.Program~0000001843
2024-12-14 22:08:00.7379~DEBUG~<- DownloadFile(url = "https://faas-nyc1-2ef2e6cc.doserverless.co/api/v1/web/fn-dd7f8f6a-d32a-4f5e-ae7b-870dfb7963f3/downloads/bundle?id=000000000000394", filename = "C:\Users\cofc_\AppData\Local\Temp\tmp4230.tmp\rjsec387.ZIP", message = "rjsec387")~~RJStevensMusicPresentationCreator.Program~0000001844
2024-12-14 22:08:00.7569~DEBUG~-> ExtractAllFromFile(zipFileName = "C:\Users\cofc_\AppData\Local\Temp\tmp4230.tmp\rjsec387.ZIP", decompressedFolder = "C:\Users\cofc_\AppData\Local\Temp\tmp433B.tmp", message = "rjsec387")~~RJStevensMusicPresentationCreator.Program~0000001845
2024-12-14 22:08:00.9859~DEBUG~extract completed~~RJStevensMusicPresentationCreator.Program~0000001846
2024-12-14 22:08:00.9859~DEBUG~<- ExtractAllFromFile(zipFileName = "C:\Users\cofc_\AppData\Local\Temp\tmp4230.tmp\rjsec387.ZIP", decompressedFolder = "C:\Users\cofc_\AppData\Local\Temp\tmp433B.tmp", message = "rjsec387")~~RJStevensMusicPresentationCreator.Program~0000001847
2024-12-14 22:08:01.0499~DEBUG~-> DownloadFile(url = "https://faas-nyc1-2ef2e6cc.doserverless.co/api/v1/web/fn-dd7f8f6a-d32a-4f5e-ae7b-870dfb7963f3/downloads/bundle?id=000000000000395", filename = "C:\Users\cofc_\AppData\Local\Temp\tmp4455.tmp\rjsec388.ZIP", message = "rjsec388")~~RJStevensMusicPresentationCreator.Program~0000001848
2024-12-14 22:08:01.3539~DEBUG~download completed~~RJStevensMusicPresentationCreator.Program~0000001849
2024-12-14 22:08:01.3539~DEBUG~<- DownloadFile(url = "https://faas-nyc1-2ef2e6cc.doserverless.co/api/v1/web/fn-dd7f8f6a-d32a-4f5e-ae7b-870dfb7963f3/downloads/bundle?id=000000000000395", filename = "C:\Users\cofc_\AppData\Local\Temp\tmp4455.tmp\rjsec388.ZIP", message = "rjsec388")~~RJStevensMusicPresentationCreator.Program~0000001850
2024-12-14 22:08:01.3729~DEBUG~-> ExtractAllFromFile(zipFileName = "C:\Users\cofc_\AppData\Local\Temp\tmp4455.tmp\rjsec388.ZIP", decompressedFolder = "C:\Users\cofc_\AppData\Local\Temp\tmp459E.tmp", message = "rjsec388")~~RJStevensMusicPresentationCreator.Program~0000001851
2024-12-14 22:08:01.7070~DEBUG~extract completed~~RJStevensMusicPresentationCreator.Program~0000001852
2024-12-14 22:08:01.7070~DEBUG~<- ExtractAllFromFile(zipFileName = "C:\Users\cofc_\AppData\Local\Temp\tmp4455.tmp\rjsec388.ZIP", decompressedFolder = "C:\Users\cofc_\AppData\Local\Temp\tmp459E.tmp", message = "rjsec388")~~RJStevensMusicPresentationCreator.Program~0000001853
2024-12-14 22:08:01.7950~DEBUG~-> DownloadFile(url = "https://faas-nyc1-2ef2e6cc.doserverless.co/api/v1/web/fn-dd7f8f6a-d32a-4f5e-ae7b-870dfb7963f3/downloads/bundle?id=000000000000396", filename = "C:\Users\cofc_\AppData\Local\Temp\tmp4745.tmp\rjsec389.ZIP", message = "rjsec389")~~RJStevensMusicPresentationCreator.Program~0000001854
2024-12-14 22:08:02.0630~DEBUG~download completed~~RJStevensMusicPresentationCreator.Program~0000001855
2024-12-14 22:08:02.0630~DEBUG~<- DownloadFile(url = "https://faas-nyc1-2ef2e6cc.doserverless.co/api/v1/web/fn-dd7f8f6a-d32a-4f5e-ae7b-870dfb7963f3/downloads/bundle?id=000000000000396", filename = "C:\Users\cofc_\AppData\Local\Temp\tmp4745.tmp\rjsec389.ZIP", message = "rjsec389")~~RJStevensMusicPresentationCreator.Program~0000001856
2024-12-14 22:08:02.0630~DEBUG~-> ExtractAllFromFile(zipFileName = "C:\Users\cofc_\AppData\Local\Temp\tmp4745.tmp\rjsec389.ZIP", decompressedFolder = "C:\Users\cofc_\AppData\Local\Temp\tmp485F.tmp", message = "rjsec389")~~RJStevensMusicPresentationCreator.Program~0000001857
2024-12-14 22:08:02.4060~DEBUG~extract completed~~RJStevensMusicPresentationCreator.Program~0000001858
2024-12-14 22:08:02.4090~DEBUG~<- ExtractAllFromFile(zipFileName = "C:\Users\cofc_\AppData\Local\Temp\tmp4745.tmp\rjsec389.ZIP", decompressedFolder = "C:\Users\cofc_\AppData\Local\Temp\tmp485F.tmp", message = "rjsec389")~~RJStevensMusicPresentationCreator.Program~0000001859
2024-12-14 22:08:02.4940~DEBUG~-> DownloadFile(url = "https://faas-nyc1-2ef2e6cc.doserverless.co/api/v1/web/fn-dd7f8f6a-d32a-4f5e-ae7b-870dfb7963f3/downloads/bundle?id=000000000000397", filename = "C:\Users\cofc_\AppData\Local\Temp\tmp4A06.tmp\rjsec390.ZIP", message = "rjsec390")~~RJStevensMusicPresentationCreator.Program~0000001860
2024-12-14 22:08:02.7220~DEBUG~download completed~~RJStevensMusicPresentationCreator.Program~0000001861
2024-12-14 22:08:02.7220~DEBUG~<- DownloadFile(url = "https://faas-nyc1-2ef2e6cc.doserverless.co/api/v1/web/fn-dd7f8f6a-d32a-4f5e-ae7b-870dfb7963f3/downloads/bundle?id=000000000000397", filename = "C:\Users\cofc_\AppData\Local\Temp\tmp4A06.tmp\rjsec390.ZIP", message = "rjsec390")~~RJStevensMusicPresentationCreator.Program~0000001862
2024-12-14 22:08:02.7380~DEBUG~-> ExtractAllFromFile(zipFileName = "C:\Users\cofc_\AppData\Local\Temp\tmp4A06.tmp\rjsec390.ZIP", decompressedFolder = "C:\Users\cofc_\AppData\Local\Temp\tmp4B01.tmp", message = "rjsec390")~~RJStevensMusicPresentationCreator.Program~0000001863
2024-12-14 22:08:03.0171~DEBUG~extract completed~~RJStevensMusicPresentationCreator.Program~0000001864
2024-12-14 22:08:03.0171~DEBUG~<- ExtractAllFromFile(zipFileName = "C:\Users\cofc_\AppData\Local\Temp\tmp4A06.tmp\rjsec390.ZIP", decompressedFolder = "C:\Users\cofc_\AppData\Local\Temp\tmp4B01.tmp", message = "rjsec390")~~RJStevensMusicPresentationCreator.Program~0000001865
2024-12-14 22:08:03.0891~DEBUG~-> DownloadFile(url = "https://faas-nyc1-2ef2e6cc.doserverless.co/api/v1/web/fn-dd7f8f6a-d32a-4f5e-ae7b-870dfb7963f3/downloads/bundle?id=000000000000398", filename = "C:\Users\cofc_\AppData\Local\Temp\tmp4C5A.tmp\rjsec391.ZIP", message = "rjsec391")~~RJStevensMusicPresentationCreator.Program~0000001866
2024-12-14 22:08:03.3851~DEBUG~download completed~~RJStevensMusicPresentationCreator.Program~0000001867
2024-12-14 22:08:03.3851~DEBUG~<- DownloadFile(url = "https://faas-nyc1-2ef2e6cc.doserverless.co/api/v1/web/fn-dd7f8f6a-d32a-4f5e-ae7b-870dfb7963f3/downloads/bundle?id=000000000000398", filename = "C:\Users\cofc_\AppData\Local\Temp\tmp4C5A.tmp\rjsec391.ZIP", message = "rjsec391")~~RJStevensMusicPresentationCreator.Program~0000001868
2024-12-14 22:08:03.4131~DEBUG~-> ExtractAllFromFile(zipFileName = "C:\Users\cofc_\AppData\Local\Temp\tmp4C5A.tmp\rjsec391.ZIP", decompressedFolder = "C:\Users\cofc_\AppData\Local\Temp\tmp4DA3.tmp", message = "rjsec391")~~RJStevensMusicPresentationCreator.Program~0000001869
2024-12-14 22:08:03.7741~DEBUG~extract completed~~RJStevensMusicPresentationCreator.Program~0000001870
2024-12-14 22:08:03.7741~DEBUG~<- ExtractAllFromFile(zipFileName = "C:\Users\cofc_\AppData\Local\Temp\tmp4C5A.tmp\rjsec391.ZIP", decompressedFolder = "C:\Users\cofc_\AppData\Local\Temp\tmp4DA3.tmp", message = "rjsec391")~~RJStevensMusicPresentationCreator.Program~0000001871
2024-12-14 22:08:03.8891~DEBUG~-> DownloadFile(url = "https://faas-nyc1-2ef2e6cc.doserverless.co/api/v1/web/fn-dd7f8f6a-d32a-4f5e-ae7b-870dfb7963f3/downloads/bundle?id=000000000000399", filename = "C:\Users\cofc_\AppData\Local\Temp\tmp4F79.tmp\rjsec392.ZIP", message = "rjsec392")~~RJStevensMusicPresentationCreator.Program~0000001872
2024-12-14 22:08:04.1461~DEBUG~download completed~~RJStevensMusicPresentationCreator.Program~0000001873
2024-12-14 22:08:04.1461~DEBUG~<- DownloadFile(url = "https://faas-nyc1-2ef2e6cc.doserverless.co/api/v1/web/fn-dd7f8f6a-d32a-4f5e-ae7b-870dfb7963f3/downloads/bundle?id=000000000000399", filename = "C:\Users\cofc_\AppData\Local\Temp\tmp4F79.tmp\rjsec392.ZIP", message = "rjsec392")~~RJStevensMusicPresentationCreator.Program~0000001874
2024-12-14 22:08:04.1612~DEBUG~-> ExtractAllFromFile(zipFileName = "C:\Users\cofc_\AppData\Local\Temp\tmp4F79.tmp\rjsec392.ZIP", decompressedFolder = "C:\Users\cofc_\AppData\Local\Temp\tmp5093.tmp", message = "rjsec392")~~RJStevensMusicPresentationCreator.Program~0000001875
2024-12-14 22:08:04.5162~DEBUG~extract completed~~RJStevensMusicPresentationCreator.Program~0000001876
2024-12-14 22:08:04.5162~DEBUG~<- ExtractAllFromFile(zipFileName = "C:\Users\cofc_\AppData\Local\Temp\tmp4F79.tmp\rjsec392.ZIP", decompressedFolder = "C:\Users\cofc_\AppData\Local\Temp\tmp5093.tmp", message = "rjsec392")~~RJStevensMusicPresentationCreator.Program~0000001877
2024-12-14 22:08:04.5952~DEBUG~-> DownloadFile(url = "https://faas-nyc1-2ef2e6cc.doserverless.co/api/v1/web/fn-dd7f8f6a-d32a-4f5e-ae7b-870dfb7963f3/downloads/bundle?id=000000000000400", filename = "C:\Users\cofc_\AppData\Local\Temp\tmp523A.tmp\rjsec393.ZIP", message = "rjsec393")~~RJStevensMusicPresentationCreator.Program~0000001878
2024-12-14 22:08:04.8352~DEBUG~download completed~~RJStevensMusicPresentationCreator.Program~0000001879
2024-12-14 22:08:04.8352~DEBUG~<- DownloadFile(url = "https://faas-nyc1-2ef2e6cc.doserverless.co/api/v1/web/fn-dd7f8f6a-d32a-4f5e-ae7b-870dfb7963f3/downloads/bundle?id=000000000000400", filename = "C:\Users\cofc_\AppData\Local\Temp\tmp523A.tmp\rjsec393.ZIP", message = "rjsec393")~~RJStevensMusicPresentationCreator.Program~0000001880
2024-12-14 22:08:04.8502~DEBUG~-> ExtractAllFromFile(zipFileName = "C:\Users\cofc_\AppData\Local\Temp\tmp523A.tmp\rjsec393.ZIP", decompressedFolder = "C:\Users\cofc_\AppData\Local\Temp\tmp5345.tmp", message = "rjsec393")~~RJStevensMusicPresentationCreator.Program~0000001881
2024-12-14 22:08:05.1970~DEBUG~extract completed~~RJStevensMusicPresentationCreator.Program~0000001882
2024-12-14 22:08:05.1970~DEBUG~<- ExtractAllFromFile(zipFileName = "C:\Users\cofc_\AppData\Local\Temp\tmp523A.tmp\rjsec393.ZIP", decompressedFolder = "C:\Users\cofc_\AppData\Local\Temp\tmp5345.tmp", message = "rjsec393")~~RJStevensMusicPresentationCreator.Program~0000001883
2024-12-14 22:08:05.3881~DEBUG~-> DownloadFile(url = "https://faas-nyc1-2ef2e6cc.doserverless.co/api/v1/web/fn-dd7f8f6a-d32a-4f5e-ae7b-870dfb7963f3/downloads/bundle?id=000000000000401", filename = "C:\Users\cofc_\AppData\Local\Temp\tmp5559.tmp\rjsec394.ZIP", message = "rjsec394")~~RJStevensMusicPresentationCreator.Program~0000001884
2024-12-14 22:08:05.6441~DEBUG~download completed~~RJStevensMusicPresentationCreator.Program~0000001885
2024-12-14 22:08:05.6441~DEBUG~<- DownloadFile(url = "https://faas-nyc1-2ef2e6cc.doserverless.co/api/v1/web/fn-dd7f8f6a-d32a-4f5e-ae7b-870dfb7963f3/downloads/bundle?id=000000000000401", filename = "C:\Users\cofc_\AppData\Local\Temp\tmp5559.tmp\rjsec394.ZIP", message = "rjsec394")~~RJStevensMusicPresentationCreator.Program~0000001886
2024-12-14 22:08:05.6441~DEBUG~-> ExtractAllFromFile(zipFileName = "C:\Users\cofc_\AppData\Local\Temp\tmp5559.tmp\rjsec394.ZIP", decompressedFolder = "C:\Users\cofc_\AppData\Local\Temp\tmp5663.tmp", message = "rjsec394")~~RJStevensMusicPresentationCreator.Program~0000001887
2024-12-14 22:08:05.9940~DEBUG~extract completed~~RJStevensMusicPresentationCreator.Program~0000001888
2024-12-14 22:08:05.9940~DEBUG~<- ExtractAllFromFile(zipFileName = "C:\Users\cofc_\AppData\Local\Temp\tmp5559.tmp\rjsec394.ZIP", decompressedFolder = "C:\Users\cofc_\AppData\Local\Temp\tmp5663.tmp", message = "rjsec394")~~RJStevensMusicPresentationCreator.Program~0000001889
2024-12-14 22:08:06.0660~DEBUG~-> DownloadFile(url = "https://faas-nyc1-2ef2e6cc.doserverless.co/api/v1/web/fn-dd7f8f6a-d32a-4f5e-ae7b-870dfb7963f3/downloads/bundle?id=000000000000402", filename = "C:\Users\cofc_\AppData\Local\Temp\tmp580A.tmp\rjsec395.ZIP", message = "rjsec395")~~RJStevensMusicPresentationCreator.Program~0000001890
2024-12-14 22:08:06.3320~DEBUG~download completed~~RJStevensMusicPresentationCreator.Program~0000001891
2024-12-14 22:08:06.3320~DEBUG~<- DownloadFile(url = "https://faas-nyc1-2ef2e6cc.doserverless.co/api/v1/web/fn-dd7f8f6a-d32a-4f5e-ae7b-870dfb7963f3/downloads/bundle?id=000000000000402", filename = "C:\Users\cofc_\AppData\Local\Temp\tmp580A.tmp\rjsec395.ZIP", message = "rjsec395")~~RJStevensMusicPresentationCreator.Program~0000001892
2024-12-14 22:08:06.3520~DEBUG~-> ExtractAllFromFile(zipFileName = "C:\Users\cofc_\AppData\Local\Temp\tmp580A.tmp\rjsec395.ZIP", decompressedFolder = "C:\Users\cofc_\AppData\Local\Temp\tmp5925.tmp", message = "rjsec395")~~RJStevensMusicPresentationCreator.Program~0000001893
2024-12-14 22:08:06.7359~DEBUG~extract completed~~RJStevensMusicPresentationCreator.Program~0000001894
2024-12-14 22:08:06.7359~DEBUG~<- ExtractAllFromFile(zipFileName = "C:\Users\cofc_\AppData\Local\Temp\tmp580A.tmp\rjsec395.ZIP", decompressedFolder = "C:\Users\cofc_\AppData\Local\Temp\tmp5925.tmp", message = "rjsec395")~~RJStevensMusicPresentationCreator.Program~0000001895
2024-12-14 22:08:06.8299~DEBUG~-> DownloadFile(url = "https://faas-nyc1-2ef2e6cc.doserverless.co/api/v1/web/fn-dd7f8f6a-d32a-4f5e-ae7b-870dfb7963f3/downloads/bundle?id=000000000000403", filename = "C:\Users\cofc_\AppData\Local\Temp\tmp5B0A.tmp\rjsec396.ZIP", message = "rjsec396")~~RJStevensMusicPresentationCreator.Program~0000001896
2024-12-14 22:08:07.1109~DEBUG~download completed~~RJStevensMusicPresentationCreator.Program~0000001897
2024-12-14 22:08:07.1109~DEBUG~<- DownloadFile(url = "https://faas-nyc1-2ef2e6cc.doserverless.co/api/v1/web/fn-dd7f8f6a-d32a-4f5e-ae7b-870dfb7963f3/downloads/bundle?id=000000000000403", filename = "C:\Users\cofc_\AppData\Local\Temp\tmp5B0A.tmp\rjsec396.ZIP", message = "rjsec396")~~RJStevensMusicPresentationCreator.Program~0000001898
2024-12-14 22:08:07.1259~DEBUG~-> ExtractAllFromFile(zipFileName = "C:\Users\cofc_\AppData\Local\Temp\tmp5B0A.tmp\rjsec396.ZIP", decompressedFolder = "C:\Users\cofc_\AppData\Local\Temp\tmp5C24.tmp", message = "rjsec396")~~RJStevensMusicPresentationCreator.Program~0000001899
2024-12-14 22:08:07.5304~DEBUG~extract completed~~RJStevensMusicPresentationCreator.Program~0000001900
2024-12-14 22:08:07.5334~DEBUG~<- ExtractAllFromFile(zipFileName = "C:\Users\cofc_\AppData\Local\Temp\tmp5B0A.tmp\rjsec396.ZIP", decompressedFolder = "C:\Users\cofc_\AppData\Local\Temp\tmp5C24.tmp", message = "rjsec396")~~RJStevensMusicPresentationCreator.Program~0000001901
2024-12-14 22:08:07.6034~DEBUG~-> DownloadFile(url = "https://faas-nyc1-2ef2e6cc.doserverless.co/api/v1/web/fn-dd7f8f6a-d32a-4f5e-ae7b-870dfb7963f3/downloads/bundle?id=000000000000404", filename = "C:\Users\cofc_\AppData\Local\Temp\tmp5E0A.tmp\rjsec397.ZIP", message = "rjsec397")~~RJStevensMusicPresentationCreator.Program~0000001902
2024-12-14 22:08:07.8604~DEBUG~download completed~~RJStevensMusicPresentationCreator.Program~0000001903
2024-12-14 22:08:07.8604~DEBUG~<- DownloadFile(url = "https://faas-nyc1-2ef2e6cc.doserverless.co/api/v1/web/fn-dd7f8f6a-d32a-4f5e-ae7b-870dfb7963f3/downloads/bundle?id=000000000000404", filename = "C:\Users\cofc_\AppData\Local\Temp\tmp5E0A.tmp\rjsec397.ZIP", message = "rjsec397")~~RJStevensMusicPresentationCreator.Program~0000001904
2024-12-14 22:08:07.8856~DEBUG~-> ExtractAllFromFile(zipFileName = "C:\Users\cofc_\AppData\Local\Temp\tmp5E0A.tmp\rjsec397.ZIP", decompressedFolder = "C:\Users\cofc_\AppData\Local\Temp\tmp5F24.tmp", message = "rjsec397")~~RJStevensMusicPresentationCreator.Program~0000001905
2024-12-14 22:08:08.1786~DEBUG~extract completed~~RJStevensMusicPresentationCreator.Program~0000001906
2024-12-14 22:08:08.1786~DEBUG~<- ExtractAllFromFile(zipFileName = "C:\Users\cofc_\AppData\Local\Temp\tmp5E0A.tmp\rjsec397.ZIP", decompressedFolder = "C:\Users\cofc_\AppData\Local\Temp\tmp5F24.tmp", message = "rjsec397")~~RJStevensMusicPresentationCreator.Program~0000001907
2024-12-14 22:08:08.2626~DEBUG~-> DownloadFile(url = "https://faas-nyc1-2ef2e6cc.doserverless.co/api/v1/web/fn-dd7f8f6a-d32a-4f5e-ae7b-870dfb7963f3/downloads/bundle?id=000000000000405", filename = "C:\Users\cofc_\AppData\Local\Temp\tmp609C.tmp\rjsec398.ZIP", message = "rjsec398")~~RJStevensMusicPresentationCreator.Program~0000001908
2024-12-14 22:08:08.4956~DEBUG~download completed~~RJStevensMusicPresentationCreator.Program~0000001909
2024-12-14 22:08:08.4956~DEBUG~<- DownloadFile(url = "https://faas-nyc1-2ef2e6cc.doserverless.co/api/v1/web/fn-dd7f8f6a-d32a-4f5e-ae7b-870dfb7963f3/downloads/bundle?id=000000000000405", filename = "C:\Users\cofc_\AppData\Local\Temp\tmp609C.tmp\rjsec398.ZIP", message = "rjsec398")~~RJStevensMusicPresentationCreator.Program~0000001910
2024-12-14 22:08:08.5156~DEBUG~-> ExtractAllFromFile(zipFileName = "C:\Users\cofc_\AppData\Local\Temp\tmp609C.tmp\rjsec398.ZIP", decompressedFolder = "C:\Users\cofc_\AppData\Local\Temp\tmp6197.tmp", message = "rjsec398")~~RJStevensMusicPresentationCreator.Program~0000001911
2024-12-14 22:08:08.7714~DEBUG~extract completed~~RJStevensMusicPresentationCreator.Program~0000001912
2024-12-14 22:08:08.7714~DEBUG~<- ExtractAllFromFile(zipFileName = "C:\Users\cofc_\AppData\Local\Temp\tmp609C.tmp\rjsec398.ZIP", decompressedFolder = "C:\Users\cofc_\AppData\Local\Temp\tmp6197.tmp", message = "rjsec398")~~RJStevensMusicPresentationCreator.Program~0000001913
2024-12-14 22:08:08.8384~DEBUG~-> DownloadFile(url = "https://faas-nyc1-2ef2e6cc.doserverless.co/api/v1/web/fn-dd7f8f6a-d32a-4f5e-ae7b-870dfb7963f3/downloads/bundle?id=000000000000406", filename = "C:\Users\cofc_\AppData\Local\Temp\tmp62E0.tmp\rjsec399.ZIP", message = "rjsec399")~~RJStevensMusicPresentationCreator.Program~0000001914
2024-12-14 22:08:09.0424~DEBUG~download completed~~RJStevensMusicPresentationCreator.Program~0000001915
2024-12-14 22:08:09.0424~DEBUG~<- DownloadFile(url = "https://faas-nyc1-2ef2e6cc.doserverless.co/api/v1/web/fn-dd7f8f6a-d32a-4f5e-ae7b-870dfb7963f3/downloads/bundle?id=000000000000406", filename = "C:\Users\cofc_\AppData\Local\Temp\tmp62E0.tmp\rjsec399.ZIP", message = "rjsec399")~~RJStevensMusicPresentationCreator.Program~0000001916
2024-12-14 22:08:09.0564~DEBUG~-> ExtractAllFromFile(zipFileName = "C:\Users\cofc_\AppData\Local\Temp\tmp62E0.tmp\rjsec399.ZIP", decompressedFolder = "C:\Users\cofc_\AppData\Local\Temp\tmp63BC.tmp", message = "rjsec399")~~RJStevensMusicPresentationCreator.Program~0000001917
2024-12-14 22:08:09.2735~DEBUG~extract completed~~RJStevensMusicPresentationCreator.Program~0000001918
2024-12-14 22:08:09.2735~DEBUG~<- ExtractAllFromFile(zipFileName = "C:\Users\cofc_\AppData\Local\Temp\tmp62E0.tmp\rjsec399.ZIP", decompressedFolder = "C:\Users\cofc_\AppData\Local\Temp\tmp63BC.tmp", message = "rjsec399")~~RJStevensMusicPresentationCreator.Program~0000001919
2024-12-14 22:08:09.3426~DEBUG~-> DownloadFile(url = "https://faas-nyc1-2ef2e6cc.doserverless.co/api/v1/web/fn-dd7f8f6a-d32a-4f5e-ae7b-870dfb7963f3/downloads/bundle?id=000000000000407", filename = "C:\Users\cofc_\AppData\Local\Temp\tmp64D6.tmp\rjsec400.ZIP", message = "rjsec400")~~RJStevensMusicPresentationCreator.Program~0000001920
2024-12-14 22:08:09.6066~DEBUG~download completed~~RJStevensMusicPresentationCreator.Program~0000001921
2024-12-14 22:08:09.6066~DEBUG~<- DownloadFile(url = "https://faas-nyc1-2ef2e6cc.doserverless.co/api/v1/web/fn-dd7f8f6a-d32a-4f5e-ae7b-870dfb7963f3/downloads/bundle?id=000000000000407", filename = "C:\Users\cofc_\AppData\Local\Temp\tmp64D6.tmp\rjsec400.ZIP", message = "rjsec400")~~RJStevensMusicPresentationCreator.Program~0000001922
2024-12-14 22:08:09.6176~DEBUG~-> ExtractAllFromFile(zipFileName = "C:\Users\cofc_\AppData\Local\Temp\tmp64D6.tmp\rjsec400.ZIP", decompressedFolder = "C:\Users\cofc_\AppData\Local\Temp\tmp65F0.tmp", message = "rjsec400")~~RJStevensMusicPresentationCreator.Program~0000001923
2024-12-14 22:08:09.9066~DEBUG~extract completed~~RJStevensMusicPresentationCreator.Program~0000001924
2024-12-14 22:08:09.9066~DEBUG~<- ExtractAllFromFile(zipFileName = "C:\Users\cofc_\AppData\Local\Temp\tmp64D6.tmp\rjsec400.ZIP", decompressedFolder = "C:\Users\cofc_\AppData\Local\Temp\tmp65F0.tmp", message = "rjsec400")~~RJStevensMusicPresentationCreator.Program~0000001925
2024-12-14 22:08:09.9876~DEBUG~-> DownloadFile(url = "https://faas-nyc1-2ef2e6cc.doserverless.co/api/v1/web/fn-dd7f8f6a-d32a-4f5e-ae7b-870dfb7963f3/downloads/bundle?id=000000000000408", filename = "C:\Users\cofc_\AppData\Local\Temp\tmp6768.tmp\rjsec401.ZIP", message = "rjsec401")~~RJStevensMusicPresentationCreator.Program~0000001926
2024-12-14 22:08:10.2166~DEBUG~download completed~~RJStevensMusicPresentationCreator.Program~0000001927
2024-12-14 22:08:10.2166~DEBUG~<- DownloadFile(url = "https://faas-nyc1-2ef2e6cc.doserverless.co/api/v1/web/fn-dd7f8f6a-d32a-4f5e-ae7b-870dfb7963f3/downloads/bundle?id=000000000000408", filename = "C:\Users\cofc_\AppData\Local\Temp\tmp6768.tmp\rjsec401.ZIP", message = "rjsec401")~~RJStevensMusicPresentationCreator.Program~0000001928
2024-12-14 22:08:10.2326~DEBUG~-> ExtractAllFromFile(zipFileName = "C:\Users\cofc_\AppData\Local\Temp\tmp6768.tmp\rjsec401.ZIP", decompressedFolder = "C:\Users\cofc_\AppData\Local\Temp\tmp6854.tmp", message = "rjsec401")~~RJStevensMusicPresentationCreator.Program~0000001929
2024-12-14 22:08:10.7326~DEBUG~extract completed~~RJStevensMusicPresentationCreator.Program~0000001930
2024-12-14 22:08:10.7356~DEBUG~<- ExtractAllFromFile(zipFileName = "C:\Users\cofc_\AppData\Local\Temp\tmp6768.tmp\rjsec401.ZIP", decompressedFolder = "C:\Users\cofc_\AppData\Local\Temp\tmp6854.tmp", message = "rjsec401")~~RJStevensMusicPresentationCreator.Program~0000001931
2024-12-14 22:08:10.8297~DEBUG~-> DownloadFile(url = "https://faas-nyc1-2ef2e6cc.doserverless.co/api/v1/web/fn-dd7f8f6a-d32a-4f5e-ae7b-870dfb7963f3/downloads/bundle?id=000000000000409", filename = "C:\Users\cofc_\AppData\Local\Temp\tmp6AB6.tmp\rjsec402.ZIP", message = "rjsec402")~~RJStevensMusicPresentationCreator.Program~0000001932
2024-12-14 22:08:11.0887~DEBUG~download completed~~RJStevensMusicPresentationCreator.Program~0000001933
2024-12-14 22:08:11.0887~DEBUG~<- DownloadFile(url = "https://faas-nyc1-2ef2e6cc.doserverless.co/api/v1/web/fn-dd7f8f6a-d32a-4f5e-ae7b-870dfb7963f3/downloads/bundle?id=000000000000409", filename = "C:\Users\cofc_\AppData\Local\Temp\tmp6AB6.tmp\rjsec402.ZIP", message = "rjsec402")~~RJStevensMusicPresentationCreator.Program~0000001934
2024-12-14 22:08:11.1027~DEBUG~-> ExtractAllFromFile(zipFileName = "C:\Users\cofc_\AppData\Local\Temp\tmp6AB6.tmp\rjsec402.ZIP", decompressedFolder = "C:\Users\cofc_\AppData\Local\Temp\tmp6BC1.tmp", message = "rjsec402")~~RJStevensMusicPresentationCreator.Program~0000001935
2024-12-14 22:08:11.3482~DEBUG~extract completed~~RJStevensMusicPresentationCreator.Program~0000001936
2024-12-14 22:08:11.3482~DEBUG~<- ExtractAllFromFile(zipFileName = "C:\Users\cofc_\AppData\Local\Temp\tmp6AB6.tmp\rjsec402.ZIP", decompressedFolder = "C:\Users\cofc_\AppData\Local\Temp\tmp6BC1.tmp", message = "rjsec402")~~RJStevensMusicPresentationCreator.Program~0000001937
2024-12-14 22:08:11.4142~DEBUG~-> DownloadFile(url = "https://faas-nyc1-2ef2e6cc.doserverless.co/api/v1/web/fn-dd7f8f6a-d32a-4f5e-ae7b-870dfb7963f3/downloads/bundle?id=000000000000410", filename = "C:\Users\cofc_\AppData\Local\Temp\tmp6CFA.tmp\rjsec403.ZIP", message = "rjsec403")~~RJStevensMusicPresentationCreator.Program~0000001938
2024-12-14 22:08:11.6502~DEBUG~download completed~~RJStevensMusicPresentationCreator.Program~0000001939
2024-12-14 22:08:11.6502~DEBUG~<- DownloadFile(url = "https://faas-nyc1-2ef2e6cc.doserverless.co/api/v1/web/fn-dd7f8f6a-d32a-4f5e-ae7b-870dfb7963f3/downloads/bundle?id=000000000000410", filename = "C:\Users\cofc_\AppData\Local\Temp\tmp6CFA.tmp\rjsec403.ZIP", message = "rjsec403")~~RJStevensMusicPresentationCreator.Program~0000001940
2024-12-14 22:08:11.6612~DEBUG~-> ExtractAllFromFile(zipFileName = "C:\Users\cofc_\AppData\Local\Temp\tmp6CFA.tmp\rjsec403.ZIP", decompressedFolder = "C:\Users\cofc_\AppData\Local\Temp\tmp6DF5.tmp", message = "rjsec403")~~RJStevensMusicPresentationCreator.Program~0000001941
2024-12-14 22:08:12.0312~DEBUG~extract completed~~RJStevensMusicPresentationCreator.Program~0000001942
2024-12-14 22:08:12.0362~DEBUG~<- ExtractAllFromFile(zipFileName = "C:\Users\cofc_\AppData\Local\Temp\tmp6CFA.tmp\rjsec403.ZIP", decompressedFolder = "C:\Users\cofc_\AppData\Local\Temp\tmp6DF5.tmp", message = "rjsec403")~~RJStevensMusicPresentationCreator.Program~0000001943
2024-12-14 22:08:12.1412~DEBUG~-> DownloadFile(url = "https://faas-nyc1-2ef2e6cc.doserverless.co/api/v1/web/fn-dd7f8f6a-d32a-4f5e-ae7b-870dfb7963f3/downloads/bundle?id=000000000000411", filename = "C:\Users\cofc_\AppData\Local\Temp\tmp6FCB.tmp\rjsec404.ZIP", message = "rjsec404")~~RJStevensMusicPresentationCreator.Program~0000001944
2024-12-14 22:08:12.4403~DEBUG~download completed~~RJStevensMusicPresentationCreator.Program~0000001945
2024-12-14 22:08:12.4403~DEBUG~<- DownloadFile(url = "https://faas-nyc1-2ef2e6cc.doserverless.co/api/v1/web/fn-dd7f8f6a-d32a-4f5e-ae7b-870dfb7963f3/downloads/bundle?id=000000000000411", filename = "C:\Users\cofc_\AppData\Local\Temp\tmp6FCB.tmp\rjsec404.ZIP", message = "rjsec404")~~RJStevensMusicPresentationCreator.Program~0000001946
2024-12-14 22:08:12.4403~DEBUG~-> ExtractAllFromFile(zipFileName = "C:\Users\cofc_\AppData\Local\Temp\tmp6FCB.tmp\rjsec404.ZIP", decompressedFolder = "C:\Users\cofc_\AppData\Local\Temp\tmp7104.tmp", message = "rjsec404")~~RJStevensMusicPresentationCreator.Program~0000001947
2024-12-14 22:08:12.8663~DEBUG~extract completed~~RJStevensMusicPresentationCreator.Program~0000001948
2024-12-14 22:08:12.8663~DEBUG~<- ExtractAllFromFile(zipFileName = "C:\Users\cofc_\AppData\Local\Temp\tmp6FCB.tmp\rjsec404.ZIP", decompressedFolder = "C:\Users\cofc_\AppData\Local\Temp\tmp7104.tmp", message = "rjsec404")~~RJStevensMusicPresentationCreator.Program~0000001949
2024-12-14 22:08:12.9523~DEBUG~-> DownloadFile(url = "https://faas-nyc1-2ef2e6cc.doserverless.co/api/v1/web/fn-dd7f8f6a-d32a-4f5e-ae7b-870dfb7963f3/downloads/bundle?id=000000000000412", filename = "C:\Users\cofc_\AppData\Local\Temp\tmp72F9.tmp\rjsec405.ZIP", message = "rjsec405")~~RJStevensMusicPresentationCreator.Program~0000001950
2024-12-14 22:08:13.1933~DEBUG~download completed~~RJStevensMusicPresentationCreator.Program~0000001951
2024-12-14 22:08:13.1933~DEBUG~<- DownloadFile(url = "https://faas-nyc1-2ef2e6cc.doserverless.co/api/v1/web/fn-dd7f8f6a-d32a-4f5e-ae7b-870dfb7963f3/downloads/bundle?id=000000000000412", filename = "C:\Users\cofc_\AppData\Local\Temp\tmp72F9.tmp\rjsec405.ZIP", message = "rjsec405")~~RJStevensMusicPresentationCreator.Program~0000001952
2024-12-14 22:08:13.2113~DEBUG~-> ExtractAllFromFile(zipFileName = "C:\Users\cofc_\AppData\Local\Temp\tmp72F9.tmp\rjsec405.ZIP", decompressedFolder = "C:\Users\cofc_\AppData\Local\Temp\tmp7404.tmp", message = "rjsec405")~~RJStevensMusicPresentationCreator.Program~0000001953
2024-12-14 22:08:13.4861~DEBUG~extract completed~~RJStevensMusicPresentationCreator.Program~0000001954
2024-12-14 22:08:13.4861~DEBUG~<- ExtractAllFromFile(zipFileName = "C:\Users\cofc_\AppData\Local\Temp\tmp72F9.tmp\rjsec405.ZIP", decompressedFolder = "C:\Users\cofc_\AppData\Local\Temp\tmp7404.tmp", message = "rjsec405")~~RJStevensMusicPresentationCreator.Program~0000001955
2024-12-14 22:08:13.5581~DEBUG~-> DownloadFile(url = "https://faas-nyc1-2ef2e6cc.doserverless.co/api/v1/web/fn-dd7f8f6a-d32a-4f5e-ae7b-870dfb7963f3/downloads/bundle?id=000000000000413", filename = "C:\Users\cofc_\AppData\Local\Temp\tmp755D.tmp\rjsec406.ZIP", message = "rjsec406")~~RJStevensMusicPresentationCreator.Program~0000001956
2024-12-14 22:08:13.7851~DEBUG~download completed~~RJStevensMusicPresentationCreator.Program~0000001957
2024-12-14 22:08:13.7851~DEBUG~<- DownloadFile(url = "https://faas-nyc1-2ef2e6cc.doserverless.co/api/v1/web/fn-dd7f8f6a-d32a-4f5e-ae7b-870dfb7963f3/downloads/bundle?id=000000000000413", filename = "C:\Users\cofc_\AppData\Local\Temp\tmp755D.tmp\rjsec406.ZIP", message = "rjsec406")~~RJStevensMusicPresentationCreator.Program~0000001958
2024-12-14 22:08:13.8031~DEBUG~-> ExtractAllFromFile(zipFileName = "C:\Users\cofc_\AppData\Local\Temp\tmp755D.tmp\rjsec406.ZIP", decompressedFolder = "C:\Users\cofc_\AppData\Local\Temp\tmp7658.tmp", message = "rjsec406")~~RJStevensMusicPresentationCreator.Program~0000001959
2024-12-14 22:08:14.0660~DEBUG~extract completed~~RJStevensMusicPresentationCreator.Program~0000001960
2024-12-14 22:08:14.0660~DEBUG~<- ExtractAllFromFile(zipFileName = "C:\Users\cofc_\AppData\Local\Temp\tmp755D.tmp\rjsec406.ZIP", decompressedFolder = "C:\Users\cofc_\AppData\Local\Temp\tmp7658.tmp", message = "rjsec406")~~RJStevensMusicPresentationCreator.Program~0000001961
2024-12-14 22:08:14.1370~DEBUG~-> DownloadFile(url = "https://faas-nyc1-2ef2e6cc.doserverless.co/api/v1/web/fn-dd7f8f6a-d32a-4f5e-ae7b-870dfb7963f3/downloads/bundle?id=000000000000414", filename = "C:\Users\cofc_\AppData\Local\Temp\tmp77A1.tmp\rjsec407.ZIP", message = "rjsec407")~~RJStevensMusicPresentationCreator.Program~0000001962
2024-12-14 22:08:14.3711~DEBUG~download completed~~RJStevensMusicPresentationCreator.Program~0000001963
2024-12-14 22:08:14.3711~DEBUG~<- DownloadFile(url = "https://faas-nyc1-2ef2e6cc.doserverless.co/api/v1/web/fn-dd7f8f6a-d32a-4f5e-ae7b-870dfb7963f3/downloads/bundle?id=000000000000414", filename = "C:\Users\cofc_\AppData\Local\Temp\tmp77A1.tmp\rjsec407.ZIP", message = "rjsec407")~~RJStevensMusicPresentationCreator.Program~0000001964
2024-12-14 22:08:14.3921~DEBUG~-> ExtractAllFromFile(zipFileName = "C:\Users\cofc_\AppData\Local\Temp\tmp77A1.tmp\rjsec407.ZIP", decompressedFolder = "C:\Users\cofc_\AppData\Local\Temp\tmp78AB.tmp", message = "rjsec407")~~RJStevensMusicPresentationCreator.Program~0000001965
2024-12-14 22:08:14.6162~DEBUG~extract completed~~RJStevensMusicPresentationCreator.Program~0000001966
2024-12-14 22:08:14.6162~DEBUG~<- ExtractAllFromFile(zipFileName = "C:\Users\cofc_\AppData\Local\Temp\tmp77A1.tmp\rjsec407.ZIP", decompressedFolder = "C:\Users\cofc_\AppData\Local\Temp\tmp78AB.tmp", message = "rjsec407")~~RJStevensMusicPresentationCreator.Program~0000001967
2024-12-14 22:08:14.6852~DEBUG~-> DownloadFile(url = "https://faas-nyc1-2ef2e6cc.doserverless.co/api/v1/web/fn-dd7f8f6a-d32a-4f5e-ae7b-870dfb7963f3/downloads/bundle?id=000000000000415", filename = "C:\Users\cofc_\AppData\Local\Temp\tmp79C6.tmp\rjsec408.ZIP", message = "rjsec408")~~RJStevensMusicPresentationCreator.Program~0000001968
2024-12-14 22:08:14.9102~DEBUG~download completed~~RJStevensMusicPresentationCreator.Program~0000001969
2024-12-14 22:08:14.9102~DEBUG~<- DownloadFile(url = "https://faas-nyc1-2ef2e6cc.doserverless.co/api/v1/web/fn-dd7f8f6a-d32a-4f5e-ae7b-870dfb7963f3/downloads/bundle?id=000000000000415", filename = "C:\Users\cofc_\AppData\Local\Temp\tmp79C6.tmp\rjsec408.ZIP", message = "rjsec408")~~RJStevensMusicPresentationCreator.Program~0000001970
2024-12-14 22:08:14.9282~DEBUG~-> ExtractAllFromFile(zipFileName = "C:\Users\cofc_\AppData\Local\Temp\tmp79C6.tmp\rjsec408.ZIP", decompressedFolder = "C:\Users\cofc_\AppData\Local\Temp\tmp7AC1.tmp", message = "rjsec408")~~RJStevensMusicPresentationCreator.Program~0000001971
2024-12-14 22:08:15.2232~DEBUG~extract completed~~RJStevensMusicPresentationCreator.Program~0000001972
2024-12-14 22:08:15.2232~DEBUG~<- ExtractAllFromFile(zipFileName = "C:\Users\cofc_\AppData\Local\Temp\tmp79C6.tmp\rjsec408.ZIP", decompressedFolder = "C:\Users\cofc_\AppData\Local\Temp\tmp7AC1.tmp", message = "rjsec408")~~RJStevensMusicPresentationCreator.Program~0000001973
2024-12-14 22:08:15.3122~DEBUG~-> DownloadFile(url = "https://faas-nyc1-2ef2e6cc.doserverless.co/api/v1/web/fn-dd7f8f6a-d32a-4f5e-ae7b-870dfb7963f3/downloads/bundle?id=000000000000416", filename = "C:\Users\cofc_\AppData\Local\Temp\tmp7C39.tmp\rjsec409.ZIP", message = "rjsec409")~~RJStevensMusicPresentationCreator.Program~0000001974
2024-12-14 22:08:15.5702~DEBUG~download completed~~RJStevensMusicPresentationCreator.Program~0000001975
2024-12-14 22:08:15.5702~DEBUG~<- DownloadFile(url = "https://faas-nyc1-2ef2e6cc.doserverless.co/api/v1/web/fn-dd7f8f6a-d32a-4f5e-ae7b-870dfb7963f3/downloads/bundle?id=000000000000416", filename = "C:\Users\cofc_\AppData\Local\Temp\tmp7C39.tmp\rjsec409.ZIP", message = "rjsec409")~~RJStevensMusicPresentationCreator.Program~0000001976
2024-12-14 22:08:15.5882~DEBUG~-> ExtractAllFromFile(zipFileName = "C:\Users\cofc_\AppData\Local\Temp\tmp7C39.tmp\rjsec409.ZIP", decompressedFolder = "C:\Users\cofc_\AppData\Local\Temp\tmp7D53.tmp", message = "rjsec409")~~RJStevensMusicPresentationCreator.Program~0000001977
2024-12-14 22:08:15.8340~DEBUG~extract completed~~RJStevensMusicPresentationCreator.Program~0000001978
2024-12-14 22:08:15.8340~DEBUG~<- ExtractAllFromFile(zipFileName = "C:\Users\cofc_\AppData\Local\Temp\tmp7C39.tmp\rjsec409.ZIP", decompressedFolder = "C:\Users\cofc_\AppData\Local\Temp\tmp7D53.tmp", message = "rjsec409")~~RJStevensMusicPresentationCreator.Program~0000001979
2024-12-14 22:08:15.9091~DEBUG~-> DownloadFile(url = "https://faas-nyc1-2ef2e6cc.doserverless.co/api/v1/web/fn-dd7f8f6a-d32a-4f5e-ae7b-870dfb7963f3/downloads/bundle?id=000000000000417", filename = "C:\Users\cofc_\AppData\Local\Temp\tmp7E9C.tmp\rjsec410.ZIP", message = "rjsec410")~~RJStevensMusicPresentationCreator.Program~0000001980
2024-12-14 22:08:16.1801~DEBUG~download completed~~RJStevensMusicPresentationCreator.Program~0000001981
2024-12-14 22:08:16.1801~DEBUG~<- DownloadFile(url = "https://faas-nyc1-2ef2e6cc.doserverless.co/api/v1/web/fn-dd7f8f6a-d32a-4f5e-ae7b-870dfb7963f3/downloads/bundle?id=000000000000417", filename = "C:\Users\cofc_\AppData\Local\Temp\tmp7E9C.tmp\rjsec410.ZIP", message = "rjsec410")~~RJStevensMusicPresentationCreator.Program~0000001982
2024-12-14 22:08:16.2011~DEBUG~-> ExtractAllFromFile(zipFileName = "C:\Users\cofc_\AppData\Local\Temp\tmp7E9C.tmp\rjsec410.ZIP", decompressedFolder = "C:\Users\cofc_\AppData\Local\Temp\tmp7FB6.tmp", message = "rjsec410")~~RJStevensMusicPresentationCreator.Program~0000001983
2024-12-14 22:08:16.4981~DEBUG~extract completed~~RJStevensMusicPresentationCreator.Program~0000001984
2024-12-14 22:08:16.5011~DEBUG~<- ExtractAllFromFile(zipFileName = "C:\Users\cofc_\AppData\Local\Temp\tmp7E9C.tmp\rjsec410.ZIP", decompressedFolder = "C:\Users\cofc_\AppData\Local\Temp\tmp7FB6.tmp", message = "rjsec410")~~RJStevensMusicPresentationCreator.Program~0000001985
2024-12-14 22:08:16.5811~DEBUG~-> DownloadFile(url = "https://faas-nyc1-2ef2e6cc.doserverless.co/api/v1/web/fn-dd7f8f6a-d32a-4f5e-ae7b-870dfb7963f3/downloads/bundle?id=000000000000418", filename = "C:\Users\cofc_\AppData\Local\Temp\tmp813E.tmp\rjsec411.ZIP", message = "rjsec411")~~RJStevensMusicPresentationCreator.Program~0000001986
2024-12-14 22:08:16.7891~DEBUG~download completed~~RJStevensMusicPresentationCreator.Program~0000001987
2024-12-14 22:08:16.7891~DEBUG~<- DownloadFile(url = "https://faas-nyc1-2ef2e6cc.doserverless.co/api/v1/web/fn-dd7f8f6a-d32a-4f5e-ae7b-870dfb7963f3/downloads/bundle?id=000000000000418", filename = "C:\Users\cofc_\AppData\Local\Temp\tmp813E.tmp\rjsec411.ZIP", message = "rjsec411")~~RJStevensMusicPresentationCreator.Program~0000001988
2024-12-14 22:08:16.8041~DEBUG~-> ExtractAllFromFile(zipFileName = "C:\Users\cofc_\AppData\Local\Temp\tmp813E.tmp\rjsec411.ZIP", decompressedFolder = "C:\Users\cofc_\AppData\Local\Temp\tmp821A.tmp", message = "rjsec411")~~RJStevensMusicPresentationCreator.Program~0000001989
2024-12-14 22:08:17.1621~DEBUG~extract completed~~RJStevensMusicPresentationCreator.Program~0000001990
2024-12-14 22:08:17.1621~DEBUG~<- ExtractAllFromFile(zipFileName = "C:\Users\cofc_\AppData\Local\Temp\tmp813E.tmp\rjsec411.ZIP", decompressedFolder = "C:\Users\cofc_\AppData\Local\Temp\tmp821A.tmp", message = "rjsec411")~~RJStevensMusicPresentationCreator.Program~0000001991
2024-12-14 22:08:17.2491~DEBUG~-> DownloadFile(url = "https://faas-nyc1-2ef2e6cc.doserverless.co/api/v1/web/fn-dd7f8f6a-d32a-4f5e-ae7b-870dfb7963f3/downloads/bundle?id=000000000000419", filename = "C:\Users\cofc_\AppData\Local\Temp\tmp83D0.tmp\rjsec412.ZIP", message = "rjsec412")~~RJStevensMusicPresentationCreator.Program~0000001992
2024-12-14 22:08:17.5042~DEBUG~download completed~~RJStevensMusicPresentationCreator.Program~0000001993
2024-12-14 22:08:17.5042~DEBUG~<- DownloadFile(url = "https://faas-nyc1-2ef2e6cc.doserverless.co/api/v1/web/fn-dd7f8f6a-d32a-4f5e-ae7b-870dfb7963f3/downloads/bundle?id=000000000000419", filename = "C:\Users\cofc_\AppData\Local\Temp\tmp83D0.tmp\rjsec412.ZIP", message = "rjsec412")~~RJStevensMusicPresentationCreator.Program~0000001994
2024-12-14 22:08:17.5242~DEBUG~-> ExtractAllFromFile(zipFileName = "C:\Users\cofc_\AppData\Local\Temp\tmp83D0.tmp\rjsec412.ZIP", decompressedFolder = "C:\Users\cofc_\AppData\Local\Temp\tmp84EA.tmp", message = "rjsec412")~~RJStevensMusicPresentationCreator.Program~0000001995
2024-12-14 22:08:17.8372~DEBUG~extract completed~~RJStevensMusicPresentationCreator.Program~0000001996
2024-12-14 22:08:17.8372~DEBUG~<- ExtractAllFromFile(zipFileName = "C:\Users\cofc_\AppData\Local\Temp\tmp83D0.tmp\rjsec412.ZIP", decompressedFolder = "C:\Users\cofc_\AppData\Local\Temp\tmp84EA.tmp", message = "rjsec412")~~RJStevensMusicPresentationCreator.Program~0000001997
2024-12-14 22:08:17.9112~DEBUG~-> DownloadFile(url = "https://faas-nyc1-2ef2e6cc.doserverless.co/api/v1/web/fn-dd7f8f6a-d32a-4f5e-ae7b-870dfb7963f3/downloads/bundle?id=000000000000421", filename = "C:\Users\cofc_\AppData\Local\Temp\tmp8672.tmp\rjsec414.ZIP", message = "rjsec414")~~RJStevensMusicPresentationCreator.Program~0000001998
2024-12-14 22:08:18.1612~DEBUG~download completed~~RJStevensMusicPresentationCreator.Program~0000001999
2024-12-14 22:08:18.1612~DEBUG~<- DownloadFile(url = "https://faas-nyc1-2ef2e6cc.doserverless.co/api/v1/web/fn-dd7f8f6a-d32a-4f5e-ae7b-870dfb7963f3/downloads/bundle?id=000000000000421", filename = "C:\Users\cofc_\AppData\Local\Temp\tmp8672.tmp\rjsec414.ZIP", message = "rjsec414")~~RJStevensMusicPresentationCreator.Program~0000002000
2024-12-14 22:08:18.1762~DEBUG~-> ExtractAllFromFile(zipFileName = "C:\Users\cofc_\AppData\Local\Temp\tmp8672.tmp\rjsec414.ZIP", decompressedFolder = "C:\Users\cofc_\AppData\Local\Temp\tmp877D.tmp", message = "rjsec414")~~RJStevensMusicPresentationCreator.Program~0000002001
2024-12-14 22:08:18.4052~DEBUG~extract completed~~RJStevensMusicPresentationCreator.Program~0000002002
2024-12-14 22:08:18.4082~DEBUG~<- ExtractAllFromFile(zipFileName = "C:\Users\cofc_\AppData\Local\Temp\tmp8672.tmp\rjsec414.ZIP", decompressedFolder = "C:\Users\cofc_\AppData\Local\Temp\tmp877D.tmp", message = "rjsec414")~~RJStevensMusicPresentationCreator.Program~0000002003
2024-12-14 22:08:18.4782~DEBUG~-> DownloadFile(url = "https://faas-nyc1-2ef2e6cc.doserverless.co/api/v1/web/fn-dd7f8f6a-d32a-4f5e-ae7b-870dfb7963f3/downloads/bundle?id=000000000000422", filename = "C:\Users\cofc_\AppData\Local\Temp\tmp88A7.tmp\rjsec415.ZIP", message = "rjsec415")~~RJStevensMusicPresentationCreator.Program~0000002004
2024-12-14 22:08:18.7283~DEBUG~download completed~~RJStevensMusicPresentationCreator.Program~0000002005
2024-12-14 22:08:18.7283~DEBUG~<- DownloadFile(url = "https://faas-nyc1-2ef2e6cc.doserverless.co/api/v1/web/fn-dd7f8f6a-d32a-4f5e-ae7b-870dfb7963f3/downloads/bundle?id=000000000000422", filename = "C:\Users\cofc_\AppData\Local\Temp\tmp88A7.tmp\rjsec415.ZIP", message = "rjsec415")~~RJStevensMusicPresentationCreator.Program~0000002006
2024-12-14 22:08:18.7413~DEBUG~-> ExtractAllFromFile(zipFileName = "C:\Users\cofc_\AppData\Local\Temp\tmp88A7.tmp\rjsec415.ZIP", decompressedFolder = "C:\Users\cofc_\AppData\Local\Temp\tmp89B1.tmp", message = "rjsec415")~~RJStevensMusicPresentationCreator.Program~0000002007
2024-12-14 22:08:18.9963~DEBUG~extract completed~~RJStevensMusicPresentationCreator.Program~0000002008
2024-12-14 22:08:18.9963~DEBUG~<- ExtractAllFromFile(zipFileName = "C:\Users\cofc_\AppData\Local\Temp\tmp88A7.tmp\rjsec415.ZIP", decompressedFolder = "C:\Users\cofc_\AppData\Local\Temp\tmp89B1.tmp", message = "rjsec415")~~RJStevensMusicPresentationCreator.Program~0000002009
2024-12-14 22:08:19.0683~DEBUG~-> DownloadFile(url = "https://faas-nyc1-2ef2e6cc.doserverless.co/api/v1/web/fn-dd7f8f6a-d32a-4f5e-ae7b-870dfb7963f3/downloads/bundle?id=000000000000423", filename = "C:\Users\cofc_\AppData\Local\Temp\tmp8AFA.tmp\rjsec416.ZIP", message = "rjsec416")~~RJStevensMusicPresentationCreator.Program~0000002010
2024-12-14 22:08:19.3123~DEBUG~download completed~~RJStevensMusicPresentationCreator.Program~0000002011
2024-12-14 22:08:19.3133~DEBUG~<- DownloadFile(url = "https://faas-nyc1-2ef2e6cc.doserverless.co/api/v1/web/fn-dd7f8f6a-d32a-4f5e-ae7b-870dfb7963f3/downloads/bundle?id=000000000000423", filename = "C:\Users\cofc_\AppData\Local\Temp\tmp8AFA.tmp\rjsec416.ZIP", message = "rjsec416")~~RJStevensMusicPresentationCreator.Program~0000002012
2024-12-14 22:08:19.3133~DEBUG~-> ExtractAllFromFile(zipFileName = "C:\Users\cofc_\AppData\Local\Temp\tmp8AFA.tmp\rjsec416.ZIP", decompressedFolder = "C:\Users\cofc_\AppData\Local\Temp\tmp8BF5.tmp", message = "rjsec416")~~RJStevensMusicPresentationCreator.Program~0000002013
2024-12-14 22:08:19.7200~DEBUG~extract completed~~RJStevensMusicPresentationCreator.Program~0000002014
2024-12-14 22:08:19.7200~DEBUG~<- ExtractAllFromFile(zipFileName = "C:\Users\cofc_\AppData\Local\Temp\tmp8AFA.tmp\rjsec416.ZIP", decompressedFolder = "C:\Users\cofc_\AppData\Local\Temp\tmp8BF5.tmp", message = "rjsec416")~~RJStevensMusicPresentationCreator.Program~0000002015
2024-12-14 22:08:19.8010~DEBUG~-> DownloadFile(url = "https://faas-nyc1-2ef2e6cc.doserverless.co/api/v1/web/fn-dd7f8f6a-d32a-4f5e-ae7b-870dfb7963f3/downloads/bundle?id=000000000000424", filename = "C:\Users\cofc_\AppData\Local\Temp\tmp8DDB.tmp\rjsec417.ZIP", message = "rjsec417")~~RJStevensMusicPresentationCreator.Program~0000002016
2024-12-14 22:08:20.0470~DEBUG~download completed~~RJStevensMusicPresentationCreator.Program~0000002017
2024-12-14 22:08:20.0470~DEBUG~<- DownloadFile(url = "https://faas-nyc1-2ef2e6cc.doserverless.co/api/v1/web/fn-dd7f8f6a-d32a-4f5e-ae7b-870dfb7963f3/downloads/bundle?id=000000000000424", filename = "C:\Users\cofc_\AppData\Local\Temp\tmp8DDB.tmp\rjsec417.ZIP", message = "rjsec417")~~RJStevensMusicPresentationCreator.Program~0000002018
2024-12-14 22:08:20.0610~DEBUG~-> ExtractAllFromFile(zipFileName = "C:\Users\cofc_\AppData\Local\Temp\tmp8DDB.tmp\rjsec417.ZIP", decompressedFolder = "C:\Users\cofc_\AppData\Local\Temp\tmp8ED6.tmp", message = "rjsec417")~~RJStevensMusicPresentationCreator.Program~0000002019
2024-12-14 22:08:20.3967~DEBUG~extract completed~~RJStevensMusicPresentationCreator.Program~0000002020
2024-12-14 22:08:20.3967~DEBUG~<- ExtractAllFromFile(zipFileName = "C:\Users\cofc_\AppData\Local\Temp\tmp8DDB.tmp\rjsec417.ZIP", decompressedFolder = "C:\Users\cofc_\AppData\Local\Temp\tmp8ED6.tmp", message = "rjsec417")~~RJStevensMusicPresentationCreator.Program~0000002021
2024-12-14 22:08:20.4737~DEBUG~-> DownloadFile(url = "https://faas-nyc1-2ef2e6cc.doserverless.co/api/v1/web/fn-dd7f8f6a-d32a-4f5e-ae7b-870dfb7963f3/downloads/bundle?id=000000000000425", filename = "C:\Users\cofc_\AppData\Local\Temp\tmp907D.tmp\rjsec418.ZIP", message = "rjsec418")~~RJStevensMusicPresentationCreator.Program~0000002022
2024-12-14 22:08:20.6877~DEBUG~download completed~~RJStevensMusicPresentationCreator.Program~0000002023
2024-12-14 22:08:20.6887~DEBUG~<- DownloadFile(url = "https://faas-nyc1-2ef2e6cc.doserverless.co/api/v1/web/fn-dd7f8f6a-d32a-4f5e-ae7b-870dfb7963f3/downloads/bundle?id=000000000000425", filename = "C:\Users\cofc_\AppData\Local\Temp\tmp907D.tmp\rjsec418.ZIP", message = "rjsec418")~~RJStevensMusicPresentationCreator.Program~0000002024
2024-12-14 22:08:20.6887~DEBUG~-> ExtractAllFromFile(zipFileName = "C:\Users\cofc_\AppData\Local\Temp\tmp907D.tmp\rjsec418.ZIP", decompressedFolder = "C:\Users\cofc_\AppData\Local\Temp\tmp9158.tmp", message = "rjsec418")~~RJStevensMusicPresentationCreator.Program~0000002025
2024-12-14 22:08:20.9399~DEBUG~extract completed~~RJStevensMusicPresentationCreator.Program~0000002026
2024-12-14 22:08:20.9399~DEBUG~<- ExtractAllFromFile(zipFileName = "C:\Users\cofc_\AppData\Local\Temp\tmp907D.tmp\rjsec418.ZIP", decompressedFolder = "C:\Users\cofc_\AppData\Local\Temp\tmp9158.tmp", message = "rjsec418")~~RJStevensMusicPresentationCreator.Program~0000002027
2024-12-14 22:08:21.0209~DEBUG~-> DownloadFile(url = "https://faas-nyc1-2ef2e6cc.doserverless.co/api/v1/web/fn-dd7f8f6a-d32a-4f5e-ae7b-870dfb7963f3/downloads/bundle?id=000000000000426", filename = "C:\Users\cofc_\AppData\Local\Temp\tmp92A1.tmp\rjsec419.ZIP", message = "rjsec419")~~RJStevensMusicPresentationCreator.Program~0000002028
2024-12-14 22:08:21.2589~DEBUG~download completed~~RJStevensMusicPresentationCreator.Program~0000002029
2024-12-14 22:08:21.2589~DEBUG~<- DownloadFile(url = "https://faas-nyc1-2ef2e6cc.doserverless.co/api/v1/web/fn-dd7f8f6a-d32a-4f5e-ae7b-870dfb7963f3/downloads/bundle?id=000000000000426", filename = "C:\Users\cofc_\AppData\Local\Temp\tmp92A1.tmp\rjsec419.ZIP", message = "rjsec419")~~RJStevensMusicPresentationCreator.Program~0000002030
2024-12-14 22:08:21.2759~DEBUG~-> ExtractAllFromFile(zipFileName = "C:\Users\cofc_\AppData\Local\Temp\tmp92A1.tmp\rjsec419.ZIP", decompressedFolder = "C:\Users\cofc_\AppData\Local\Temp\tmp939C.tmp", message = "rjsec419")~~RJStevensMusicPresentationCreator.Program~0000002031
2024-12-14 22:08:21.6609~DEBUG~extract completed~~RJStevensMusicPresentationCreator.Program~0000002032
2024-12-14 22:08:21.6609~DEBUG~<- ExtractAllFromFile(zipFileName = "C:\Users\cofc_\AppData\Local\Temp\tmp92A1.tmp\rjsec419.ZIP", decompressedFolder = "C:\Users\cofc_\AppData\Local\Temp\tmp939C.tmp", message = "rjsec419")~~RJStevensMusicPresentationCreator.Program~0000002033
2024-12-14 22:08:21.7359~DEBUG~-> DownloadFile(url = "https://faas-nyc1-2ef2e6cc.doserverless.co/api/v1/web/fn-dd7f8f6a-d32a-4f5e-ae7b-870dfb7963f3/downloads/bundle?id=000000000000427", filename = "C:\Users\cofc_\AppData\Local\Temp\tmp9572.tmp\rjsec420.ZIP", message = "rjsec420")~~RJStevensMusicPresentationCreator.Program~0000002034
2024-12-14 22:08:22.0265~DEBUG~download completed~~RJStevensMusicPresentationCreator.Program~0000002035
2024-12-14 22:08:22.0265~DEBUG~<- DownloadFile(url = "https://faas-nyc1-2ef2e6cc.doserverless.co/api/v1/web/fn-dd7f8f6a-d32a-4f5e-ae7b-870dfb7963f3/downloads/bundle?id=000000000000427", filename = "C:\Users\cofc_\AppData\Local\Temp\tmp9572.tmp\rjsec420.ZIP", message = "rjsec420")~~RJStevensMusicPresentationCreator.Program~0000002036
2024-12-14 22:08:22.0405~DEBUG~-> ExtractAllFromFile(zipFileName = "C:\Users\cofc_\AppData\Local\Temp\tmp9572.tmp\rjsec420.ZIP", decompressedFolder = "C:\Users\cofc_\AppData\Local\Temp\tmp969C.tmp", message = "rjsec420")~~RJStevensMusicPresentationCreator.Program~0000002037
2024-12-14 22:08:22.3095~DEBUG~extract completed~~RJStevensMusicPresentationCreator.Program~0000002038
2024-12-14 22:08:22.3165~DEBUG~<- ExtractAllFromFile(zipFileName = "C:\Users\cofc_\AppData\Local\Temp\tmp9572.tmp\rjsec420.ZIP", decompressedFolder = "C:\Users\cofc_\AppData\Local\Temp\tmp969C.tmp", message = "rjsec420")~~RJStevensMusicPresentationCreator.Program~0000002039
2024-12-14 22:08:22.3955~DEBUG~-> DownloadFile(url = "https://faas-nyc1-2ef2e6cc.doserverless.co/api/v1/web/fn-dd7f8f6a-d32a-4f5e-ae7b-870dfb7963f3/downloads/bundle?id=000000000000428", filename = "C:\Users\cofc_\AppData\Local\Temp\tmp9804.tmp\rjsec421.ZIP", message = "rjsec421")~~RJStevensMusicPresentationCreator.Program~0000002040
2024-12-14 22:08:22.7185~DEBUG~download completed~~RJStevensMusicPresentationCreator.Program~0000002041
2024-12-14 22:08:22.7194~DEBUG~<- DownloadFile(url = "https://faas-nyc1-2ef2e6cc.doserverless.co/api/v1/web/fn-dd7f8f6a-d32a-4f5e-ae7b-870dfb7963f3/downloads/bundle?id=000000000000428", filename = "C:\Users\cofc_\AppData\Local\Temp\tmp9804.tmp\rjsec421.ZIP", message = "rjsec421")~~RJStevensMusicPresentationCreator.Program~0000002042
2024-12-14 22:08:22.7384~DEBUG~-> ExtractAllFromFile(zipFileName = "C:\Users\cofc_\AppData\Local\Temp\tmp9804.tmp\rjsec421.ZIP", decompressedFolder = "C:\Users\cofc_\AppData\Local\Temp\tmp995D.tmp", message = "rjsec421")~~RJStevensMusicPresentationCreator.Program~0000002043
2024-12-14 22:08:23.0225~DEBUG~extract completed~~RJStevensMusicPresentationCreator.Program~0000002044
2024-12-14 22:08:23.0225~DEBUG~<- ExtractAllFromFile(zipFileName = "C:\Users\cofc_\AppData\Local\Temp\tmp9804.tmp\rjsec421.ZIP", decompressedFolder = "C:\Users\cofc_\AppData\Local\Temp\tmp995D.tmp", message = "rjsec421")~~RJStevensMusicPresentationCreator.Program~0000002045
2024-12-14 22:08:23.0925~DEBUG~-> DownloadFile(url = "https://faas-nyc1-2ef2e6cc.doserverless.co/api/v1/web/fn-dd7f8f6a-d32a-4f5e-ae7b-870dfb7963f3/downloads/bundle?id=000000000000429", filename = "C:\Users\cofc_\AppData\Local\Temp\tmp9AB6.tmp\rjsec422.ZIP", message = "rjsec422")~~RJStevensMusicPresentationCreator.Program~0000002046
2024-12-14 22:08:23.3451~DEBUG~download completed~~RJStevensMusicPresentationCreator.Program~0000002047
2024-12-14 22:08:23.3451~DEBUG~<- DownloadFile(url = "https://faas-nyc1-2ef2e6cc.doserverless.co/api/v1/web/fn-dd7f8f6a-d32a-4f5e-ae7b-870dfb7963f3/downloads/bundle?id=000000000000429", filename = "C:\Users\cofc_\AppData\Local\Temp\tmp9AB6.tmp\rjsec422.ZIP", message = "rjsec422")~~RJStevensMusicPresentationCreator.Program~0000002048
2024-12-14 22:08:23.3621~DEBUG~-> ExtractAllFromFile(zipFileName = "C:\Users\cofc_\AppData\Local\Temp\tmp9AB6.tmp\rjsec422.ZIP", decompressedFolder = "C:\Users\cofc_\AppData\Local\Temp\tmp9BD0.tmp", message = "rjsec422")~~RJStevensMusicPresentationCreator.Program~0000002049
2024-12-14 22:08:23.7112~DEBUG~extract completed~~RJStevensMusicPresentationCreator.Program~0000002050
2024-12-14 22:08:23.7112~DEBUG~<- ExtractAllFromFile(zipFileName = "C:\Users\cofc_\AppData\Local\Temp\tmp9AB6.tmp\rjsec422.ZIP", decompressedFolder = "C:\Users\cofc_\AppData\Local\Temp\tmp9BD0.tmp", message = "rjsec422")~~RJStevensMusicPresentationCreator.Program~0000002051
2024-12-14 22:08:23.8582~DEBUG~-> DownloadFile(url = "https://faas-nyc1-2ef2e6cc.doserverless.co/api/v1/web/fn-dd7f8f6a-d32a-4f5e-ae7b-870dfb7963f3/downloads/bundle?id=000000000000430", filename = "C:\Users\cofc_\AppData\Local\Temp\tmp9DB6.tmp\rjsec423.ZIP", message = "rjsec423")~~RJStevensMusicPresentationCreator.Program~0000002052
2024-12-14 22:08:24.1152~DEBUG~download completed~~RJStevensMusicPresentationCreator.Program~0000002053
2024-12-14 22:08:24.1152~DEBUG~<- DownloadFile(url = "https://faas-nyc1-2ef2e6cc.doserverless.co/api/v1/web/fn-dd7f8f6a-d32a-4f5e-ae7b-870dfb7963f3/downloads/bundle?id=000000000000430", filename = "C:\Users\cofc_\AppData\Local\Temp\tmp9DB6.tmp\rjsec423.ZIP", message = "rjsec423")~~RJStevensMusicPresentationCreator.Program~0000002054
2024-12-14 22:08:24.1282~DEBUG~-> ExtractAllFromFile(zipFileName = "C:\Users\cofc_\AppData\Local\Temp\tmp9DB6.tmp\rjsec423.ZIP", decompressedFolder = "C:\Users\cofc_\AppData\Local\Temp\tmp9ED0.tmp", message = "rjsec423")~~RJStevensMusicPresentationCreator.Program~0000002055
2024-12-14 22:08:24.4942~DEBUG~extract completed~~RJStevensMusicPresentationCreator.Program~0000002056
2024-12-14 22:08:24.4942~DEBUG~<- ExtractAllFromFile(zipFileName = "C:\Users\cofc_\AppData\Local\Temp\tmp9DB6.tmp\rjsec423.ZIP", decompressedFolder = "C:\Users\cofc_\AppData\Local\Temp\tmp9ED0.tmp", message = "rjsec423")~~RJStevensMusicPresentationCreator.Program~0000002057
2024-12-14 22:08:24.5822~DEBUG~-> DownloadFile(url = "https://faas-nyc1-2ef2e6cc.doserverless.co/api/v1/web/fn-dd7f8f6a-d32a-4f5e-ae7b-870dfb7963f3/downloads/bundle?id=000000000000431", filename = "C:\Users\cofc_\AppData\Local\Temp\tmpA096.tmp\rjsec424.ZIP", message = "rjsec424")~~RJStevensMusicPresentationCreator.Program~0000002058
2024-12-14 22:08:24.8152~DEBUG~download completed~~RJStevensMusicPresentationCreator.Program~0000002059
2024-12-14 22:08:24.8152~DEBUG~<- DownloadFile(url = "https://faas-nyc1-2ef2e6cc.doserverless.co/api/v1/web/fn-dd7f8f6a-d32a-4f5e-ae7b-870dfb7963f3/downloads/bundle?id=000000000000431", filename = "C:\Users\cofc_\AppData\Local\Temp\tmpA096.tmp\rjsec424.ZIP", message = "rjsec424")~~RJStevensMusicPresentationCreator.Program~0000002060
2024-12-14 22:08:24.8332~DEBUG~-> ExtractAllFromFile(zipFileName = "C:\Users\cofc_\AppData\Local\Temp\tmpA096.tmp\rjsec424.ZIP", decompressedFolder = "C:\Users\cofc_\AppData\Local\Temp\tmpA191.tmp", message = "rjsec424")~~RJStevensMusicPresentationCreator.Program~0000002061
2024-12-14 22:08:25.2163~DEBUG~extract completed~~RJStevensMusicPresentationCreator.Program~0000002062
2024-12-14 22:08:25.2193~DEBUG~<- ExtractAllFromFile(zipFileName = "C:\Users\cofc_\AppData\Local\Temp\tmpA096.tmp\rjsec424.ZIP", decompressedFolder = "C:\Users\cofc_\AppData\Local\Temp\tmpA191.tmp", message = "rjsec424")~~RJStevensMusicPresentationCreator.Program~0000002063
2024-12-14 22:08:25.2903~DEBUG~-> DownloadFile(url = "https://faas-nyc1-2ef2e6cc.doserverless.co/api/v1/web/fn-dd7f8f6a-d32a-4f5e-ae7b-870dfb7963f3/downloads/bundle?id=000000000000432", filename = "C:\Users\cofc_\AppData\Local\Temp\tmpA357.tmp\rjsec425.ZIP", message = "rjsec425")~~RJStevensMusicPresentationCreator.Program~0000002064
2024-12-14 22:08:25.5623~DEBUG~download completed~~RJStevensMusicPresentationCreator.Program~0000002065
2024-12-14 22:08:25.5633~DEBUG~<- DownloadFile(url = "https://faas-nyc1-2ef2e6cc.doserverless.co/api/v1/web/fn-dd7f8f6a-d32a-4f5e-ae7b-870dfb7963f3/downloads/bundle?id=000000000000432", filename = "C:\Users\cofc_\AppData\Local\Temp\tmpA357.tmp\rjsec425.ZIP", message = "rjsec425")~~RJStevensMusicPresentationCreator.Program~0000002066
2024-12-14 22:08:25.5633~DEBUG~-> ExtractAllFromFile(zipFileName = "C:\Users\cofc_\AppData\Local\Temp\tmpA357.tmp\rjsec425.ZIP", decompressedFolder = "C:\Users\cofc_\AppData\Local\Temp\tmpA471.tmp", message = "rjsec425")~~RJStevensMusicPresentationCreator.Program~0000002067
2024-12-14 22:08:25.8173~DEBUG~extract completed~~RJStevensMusicPresentationCreator.Program~0000002068
2024-12-14 22:08:25.8173~DEBUG~<- ExtractAllFromFile(zipFileName = "C:\Users\cofc_\AppData\Local\Temp\tmpA357.tmp\rjsec425.ZIP", decompressedFolder = "C:\Users\cofc_\AppData\Local\Temp\tmpA471.tmp", message = "rjsec425")~~RJStevensMusicPresentationCreator.Program~0000002069
2024-12-14 22:08:25.8853~DEBUG~-> DownloadFile(url = "https://faas-nyc1-2ef2e6cc.doserverless.co/api/v1/web/fn-dd7f8f6a-d32a-4f5e-ae7b-870dfb7963f3/downloads/bundle?id=000000000000433", filename = "C:\Users\cofc_\AppData\Local\Temp\tmpA5AB.tmp\rjsec426.ZIP", message = "rjsec426")~~RJStevensMusicPresentationCreator.Program~0000002070
2024-12-14 22:08:26.1183~DEBUG~download completed~~RJStevensMusicPresentationCreator.Program~0000002071
2024-12-14 22:08:26.1183~DEBUG~<- DownloadFile(url = "https://faas-nyc1-2ef2e6cc.doserverless.co/api/v1/web/fn-dd7f8f6a-d32a-4f5e-ae7b-870dfb7963f3/downloads/bundle?id=000000000000433", filename = "C:\Users\cofc_\AppData\Local\Temp\tmpA5AB.tmp\rjsec426.ZIP", message = "rjsec426")~~RJStevensMusicPresentationCreator.Program~0000002072
2024-12-14 22:08:26.1303~DEBUG~-> ExtractAllFromFile(zipFileName = "C:\Users\cofc_\AppData\Local\Temp\tmpA5AB.tmp\rjsec426.ZIP", decompressedFolder = "C:\Users\cofc_\AppData\Local\Temp\tmpA6A6.tmp", message = "rjsec426")~~RJStevensMusicPresentationCreator.Program~0000002073
2024-12-14 22:08:26.3887~DEBUG~extract completed~~RJStevensMusicPresentationCreator.Program~0000002074
2024-12-14 22:08:26.3917~DEBUG~<- ExtractAllFromFile(zipFileName = "C:\Users\cofc_\AppData\Local\Temp\tmpA5AB.tmp\rjsec426.ZIP", decompressedFolder = "C:\Users\cofc_\AppData\Local\Temp\tmpA6A6.tmp", message = "rjsec426")~~RJStevensMusicPresentationCreator.Program~0000002075
2024-12-14 22:08:26.4567~DEBUG~-> DownloadFile(url = "https://faas-nyc1-2ef2e6cc.doserverless.co/api/v1/web/fn-dd7f8f6a-d32a-4f5e-ae7b-870dfb7963f3/downloads/bundle?id=000000000000434", filename = "C:\Users\cofc_\AppData\Local\Temp\tmpA7EF.tmp\rjsec427.ZIP", message = "rjsec427")~~RJStevensMusicPresentationCreator.Program~0000002076
2024-12-14 22:08:26.6807~DEBUG~download completed~~RJStevensMusicPresentationCreator.Program~0000002077
2024-12-14 22:08:26.6807~DEBUG~<- DownloadFile(url = "https://faas-nyc1-2ef2e6cc.doserverless.co/api/v1/web/fn-dd7f8f6a-d32a-4f5e-ae7b-870dfb7963f3/downloads/bundle?id=000000000000434", filename = "C:\Users\cofc_\AppData\Local\Temp\tmpA7EF.tmp\rjsec427.ZIP", message = "rjsec427")~~RJStevensMusicPresentationCreator.Program~0000002078
2024-12-14 22:08:26.6927~DEBUG~-> ExtractAllFromFile(zipFileName = "C:\Users\cofc_\AppData\Local\Temp\tmpA7EF.tmp\rjsec427.ZIP", decompressedFolder = "C:\Users\cofc_\AppData\Local\Temp\tmpA8DA.tmp", message = "rjsec427")~~RJStevensMusicPresentationCreator.Program~0000002079
2024-12-14 22:08:26.9487~DEBUG~extract completed~~RJStevensMusicPresentationCreator.Program~0000002080
2024-12-14 22:08:26.9487~DEBUG~<- ExtractAllFromFile(zipFileName = "C:\Users\cofc_\AppData\Local\Temp\tmpA7EF.tmp\rjsec427.ZIP", decompressedFolder = "C:\Users\cofc_\AppData\Local\Temp\tmpA8DA.tmp", message = "rjsec427")~~RJStevensMusicPresentationCreator.Program~0000002081
2024-12-14 22:08:27.0208~DEBUG~-> DownloadFile(url = "https://faas-nyc1-2ef2e6cc.doserverless.co/api/v1/web/fn-dd7f8f6a-d32a-4f5e-ae7b-870dfb7963f3/downloads/bundle?id=000000000000435", filename = "C:\Users\cofc_\AppData\Local\Temp\tmpAA23.tmp\rjsec428.ZIP", message = "rjsec428")~~RJStevensMusicPresentationCreator.Program~0000002082
2024-12-14 22:08:27.2198~DEBUG~download completed~~RJStevensMusicPresentationCreator.Program~0000002083
2024-12-14 22:08:27.2198~DEBUG~<- DownloadFile(url = "https://faas-nyc1-2ef2e6cc.doserverless.co/api/v1/web/fn-dd7f8f6a-d32a-4f5e-ae7b-870dfb7963f3/downloads/bundle?id=000000000000435", filename = "C:\Users\cofc_\AppData\Local\Temp\tmpAA23.tmp\rjsec428.ZIP", message = "rjsec428")~~RJStevensMusicPresentationCreator.Program~0000002084
2024-12-14 22:08:27.2348~DEBUG~-> ExtractAllFromFile(zipFileName = "C:\Users\cofc_\AppData\Local\Temp\tmpAA23.tmp\rjsec428.ZIP", decompressedFolder = "C:\Users\cofc_\AppData\Local\Temp\tmpAAF0.tmp", message = "rjsec428")~~RJStevensMusicPresentationCreator.Program~0000002085
2024-12-14 22:08:27.4388~DEBUG~extract completed~~RJStevensMusicPresentationCreator.Program~0000002086
2024-12-14 22:08:27.4388~DEBUG~<- ExtractAllFromFile(zipFileName = "C:\Users\cofc_\AppData\Local\Temp\tmpAA23.tmp\rjsec428.ZIP", decompressedFolder = "C:\Users\cofc_\AppData\Local\Temp\tmpAAF0.tmp", message = "rjsec428")~~RJStevensMusicPresentationCreator.Program~0000002087
2024-12-14 22:08:27.5018~DEBUG~-> DownloadFile(url = "https://faas-nyc1-2ef2e6cc.doserverless.co/api/v1/web/fn-dd7f8f6a-d32a-4f5e-ae7b-870dfb7963f3/downloads/bundle?id=000000000000436", filename = "C:\Users\cofc_\AppData\Local\Temp\tmpABFA.tmp\rjsec429.ZIP", message = "rjsec429")~~RJStevensMusicPresentationCreator.Program~0000002088
2024-12-14 22:08:27.7668~DEBUG~download completed~~RJStevensMusicPresentationCreator.Program~0000002089
2024-12-14 22:08:27.7668~DEBUG~<- DownloadFile(url = "https://faas-nyc1-2ef2e6cc.doserverless.co/api/v1/web/fn-dd7f8f6a-d32a-4f5e-ae7b-870dfb7963f3/downloads/bundle?id=000000000000436", filename = "C:\Users\cofc_\AppData\Local\Temp\tmpABFA.tmp\rjsec429.ZIP", message = "rjsec429")~~RJStevensMusicPresentationCreator.Program~0000002090
2024-12-14 22:08:27.7868~DEBUG~-> ExtractAllFromFile(zipFileName = "C:\Users\cofc_\AppData\Local\Temp\tmpABFA.tmp\rjsec429.ZIP", decompressedFolder = "C:\Users\cofc_\AppData\Local\Temp\tmpAD24.tmp", message = "rjsec429")~~RJStevensMusicPresentationCreator.Program~0000002091
2024-12-14 22:08:28.0658~DEBUG~extract completed~~RJStevensMusicPresentationCreator.Program~0000002092
2024-12-14 22:08:28.0658~DEBUG~<- ExtractAllFromFile(zipFileName = "C:\Users\cofc_\AppData\Local\Temp\tmpABFA.tmp\rjsec429.ZIP", decompressedFolder = "C:\Users\cofc_\AppData\Local\Temp\tmpAD24.tmp", message = "rjsec429")~~RJStevensMusicPresentationCreator.Program~0000002093
2024-12-14 22:08:28.1368~DEBUG~-> DownloadFile(url = "https://faas-nyc1-2ef2e6cc.doserverless.co/api/v1/web/fn-dd7f8f6a-d32a-4f5e-ae7b-870dfb7963f3/downloads/bundle?id=000000000000437", filename = "C:\Users\cofc_\AppData\Local\Temp\tmpAE7D.tmp\rjsec430.ZIP", message = "rjsec430")~~RJStevensMusicPresentationCreator.Program~0000002094
2024-12-14 22:08:28.3539~DEBUG~download completed~~RJStevensMusicPresentationCreator.Program~0000002095
2024-12-14 22:08:28.3539~DEBUG~<- DownloadFile(url = "https://faas-nyc1-2ef2e6cc.doserverless.co/api/v1/web/fn-dd7f8f6a-d32a-4f5e-ae7b-870dfb7963f3/downloads/bundle?id=000000000000437", filename = "C:\Users\cofc_\AppData\Local\Temp\tmpAE7D.tmp\rjsec430.ZIP", message = "rjsec430")~~RJStevensMusicPresentationCreator.Program~0000002096
2024-12-14 22:08:28.3669~DEBUG~-> ExtractAllFromFile(zipFileName = "C:\Users\cofc_\AppData\Local\Temp\tmpAE7D.tmp\rjsec430.ZIP", decompressedFolder = "C:\Users\cofc_\AppData\Local\Temp\tmpAF68.tmp", message = "rjsec430")~~RJStevensMusicPresentationCreator.Program~0000002097
2024-12-14 22:08:28.6019~DEBUG~extract completed~~RJStevensMusicPresentationCreator.Program~0000002098
2024-12-14 22:08:28.6019~DEBUG~<- ExtractAllFromFile(zipFileName = "C:\Users\cofc_\AppData\Local\Temp\tmpAE7D.tmp\rjsec430.ZIP", decompressedFolder = "C:\Users\cofc_\AppData\Local\Temp\tmpAF68.tmp", message = "rjsec430")~~RJStevensMusicPresentationCreator.Program~0000002099
2024-12-14 22:08:28.6679~DEBUG~-> DownloadFile(url = "https://faas-nyc1-2ef2e6cc.doserverless.co/api/v1/web/fn-dd7f8f6a-d32a-4f5e-ae7b-870dfb7963f3/downloads/bundle?id=000000000000438", filename = "C:\Users\cofc_\AppData\Local\Temp\tmpB092.tmp\rjsec431.ZIP", message = "rjsec431")~~RJStevensMusicPresentationCreator.Program~0000002100
2024-12-14 22:08:28.9169~DEBUG~download completed~~RJStevensMusicPresentationCreator.Program~0000002101
2024-12-14 22:08:28.9169~DEBUG~<- DownloadFile(url = "https://faas-nyc1-2ef2e6cc.doserverless.co/api/v1/web/fn-dd7f8f6a-d32a-4f5e-ae7b-870dfb7963f3/downloads/bundle?id=000000000000438", filename = "C:\Users\cofc_\AppData\Local\Temp\tmpB092.tmp\rjsec431.ZIP", message = "rjsec431")~~RJStevensMusicPresentationCreator.Program~0000002102
2024-12-14 22:08:28.9369~DEBUG~-> ExtractAllFromFile(zipFileName = "C:\Users\cofc_\AppData\Local\Temp\tmpB092.tmp\rjsec431.ZIP", decompressedFolder = "C:\Users\cofc_\AppData\Local\Temp\tmpB19D.tmp", message = "rjsec431")~~RJStevensMusicPresentationCreator.Program~0000002103
2024-12-14 22:08:29.2389~DEBUG~extract completed~~RJStevensMusicPresentationCreator.Program~0000002104
2024-12-14 22:08:29.2389~DEBUG~<- ExtractAllFromFile(zipFileName = "C:\Users\cofc_\AppData\Local\Temp\tmpB092.tmp\rjsec431.ZIP", decompressedFolder = "C:\Users\cofc_\AppData\Local\Temp\tmpB19D.tmp", message = "rjsec431")~~RJStevensMusicPresentationCreator.Program~0000002105
2024-12-14 22:08:29.3239~DEBUG~-> DownloadFile(url = "https://faas-nyc1-2ef2e6cc.doserverless.co/api/v1/web/fn-dd7f8f6a-d32a-4f5e-ae7b-870dfb7963f3/downloads/bundle?id=000000000000439", filename = "C:\Users\cofc_\AppData\Local\Temp\tmpB324.tmp\rjsec432.ZIP", message = "rjsec432")~~RJStevensMusicPresentationCreator.Program~0000002106
2024-12-14 22:08:29.5249~DEBUG~download completed~~RJStevensMusicPresentationCreator.Program~0000002107
2024-12-14 22:08:29.5249~DEBUG~<- DownloadFile(url = "https://faas-nyc1-2ef2e6cc.doserverless.co/api/v1/web/fn-dd7f8f6a-d32a-4f5e-ae7b-870dfb7963f3/downloads/bundle?id=000000000000439", filename = "C:\Users\cofc_\AppData\Local\Temp\tmpB324.tmp\rjsec432.ZIP", message = "rjsec432")~~RJStevensMusicPresentationCreator.Program~0000002108
2024-12-14 22:08:29.5449~DEBUG~-> ExtractAllFromFile(zipFileName = "C:\Users\cofc_\AppData\Local\Temp\tmpB324.tmp\rjsec432.ZIP", decompressedFolder = "C:\Users\cofc_\AppData\Local\Temp\tmpB400.tmp", message = "rjsec432")~~RJStevensMusicPresentationCreator.Program~0000002109
2024-12-14 22:08:29.7840~DEBUG~extract completed~~RJStevensMusicPresentationCreator.Program~0000002110
2024-12-14 22:08:29.7840~DEBUG~<- ExtractAllFromFile(zipFileName = "C:\Users\cofc_\AppData\Local\Temp\tmpB324.tmp\rjsec432.ZIP", decompressedFolder = "C:\Users\cofc_\AppData\Local\Temp\tmpB400.tmp", message = "rjsec432")~~RJStevensMusicPresentationCreator.Program~0000002111
2024-12-14 22:08:29.8660~DEBUG~-> DownloadFile(url = "https://faas-nyc1-2ef2e6cc.doserverless.co/api/v1/web/fn-dd7f8f6a-d32a-4f5e-ae7b-870dfb7963f3/downloads/bundle?id=000000000000440", filename = "C:\Users\cofc_\AppData\Local\Temp\tmpB549.tmp\rjsec433.ZIP", message = "rjsec433")~~RJStevensMusicPresentationCreator.Program~0000002112
2024-12-14 22:08:30.1190~DEBUG~download completed~~RJStevensMusicPresentationCreator.Program~0000002113
2024-12-14 22:08:30.1190~DEBUG~<- DownloadFile(url = "https://faas-nyc1-2ef2e6cc.doserverless.co/api/v1/web/fn-dd7f8f6a-d32a-4f5e-ae7b-870dfb7963f3/downloads/bundle?id=000000000000440", filename = "C:\Users\cofc_\AppData\Local\Temp\tmpB549.tmp\rjsec433.ZIP", message = "rjsec433")~~RJStevensMusicPresentationCreator.Program~0000002114
2024-12-14 22:08:30.1330~DEBUG~-> ExtractAllFromFile(zipFileName = "C:\Users\cofc_\AppData\Local\Temp\tmpB549.tmp\rjsec433.ZIP", decompressedFolder = "C:\Users\cofc_\AppData\Local\Temp\tmpB654.tmp", message = "rjsec433")~~RJStevensMusicPresentationCreator.Program~0000002115
2024-12-14 22:08:30.4510~DEBUG~extract completed~~RJStevensMusicPresentationCreator.Program~0000002116
2024-12-14 22:08:30.4650~DEBUG~<- ExtractAllFromFile(zipFileName = "C:\Users\cofc_\AppData\Local\Temp\tmpB549.tmp\rjsec433.ZIP", decompressedFolder = "C:\Users\cofc_\AppData\Local\Temp\tmpB654.tmp", message = "rjsec433")~~RJStevensMusicPresentationCreator.Program~0000002117
2024-12-14 22:08:30.5480~DEBUG~-> DownloadFile(url = "https://faas-nyc1-2ef2e6cc.doserverless.co/api/v1/web/fn-dd7f8f6a-d32a-4f5e-ae7b-870dfb7963f3/downloads/bundle?id=000000000000441", filename = "C:\Users\cofc_\AppData\Local\Temp\tmpB7EB.tmp\rjsec434.ZIP", message = "rjsec434")~~RJStevensMusicPresentationCreator.Program~0000002118
2024-12-14 22:08:30.8590~DEBUG~download completed~~RJStevensMusicPresentationCreator.Program~0000002119
2024-12-14 22:08:30.8600~DEBUG~<- DownloadFile(url = "https://faas-nyc1-2ef2e6cc.doserverless.co/api/v1/web/fn-dd7f8f6a-d32a-4f5e-ae7b-870dfb7963f3/downloads/bundle?id=000000000000441", filename = "C:\Users\cofc_\AppData\Local\Temp\tmpB7EB.tmp\rjsec434.ZIP", message = "rjsec434")~~RJStevensMusicPresentationCreator.Program~0000002120
2024-12-14 22:08:30.8600~DEBUG~-> ExtractAllFromFile(zipFileName = "C:\Users\cofc_\AppData\Local\Temp\tmpB7EB.tmp\rjsec434.ZIP", decompressedFolder = "C:\Users\cofc_\AppData\Local\Temp\tmpB934.tmp", message = "rjsec434")~~RJStevensMusicPresentationCreator.Program~0000002121
2024-12-14 22:08:31.1181~DEBUG~extract completed~~RJStevensMusicPresentationCreator.Program~0000002122
2024-12-14 22:08:31.1181~DEBUG~<- ExtractAllFromFile(zipFileName = "C:\Users\cofc_\AppData\Local\Temp\tmpB7EB.tmp\rjsec434.ZIP", decompressedFolder = "C:\Users\cofc_\AppData\Local\Temp\tmpB934.tmp", message = "rjsec434")~~RJStevensMusicPresentationCreator.Program~0000002123
2024-12-14 22:08:31.1981~DEBUG~-> DownloadFile(url = "https://faas-nyc1-2ef2e6cc.doserverless.co/api/v1/web/fn-dd7f8f6a-d32a-4f5e-ae7b-870dfb7963f3/downloads/bundle?id=000000000000442", filename = "C:\Users\cofc_\AppData\Local\Temp\tmpBA7D.tmp\rjsec435.ZIP", message = "rjsec435")~~RJStevensMusicPresentationCreator.Program~0000002124
2024-12-14 22:08:31.4051~DEBUG~download completed~~RJStevensMusicPresentationCreator.Program~0000002125
2024-12-14 22:08:31.4051~DEBUG~<- DownloadFile(url = "https://faas-nyc1-2ef2e6cc.doserverless.co/api/v1/web/fn-dd7f8f6a-d32a-4f5e-ae7b-870dfb7963f3/downloads/bundle?id=000000000000442", filename = "C:\Users\cofc_\AppData\Local\Temp\tmpBA7D.tmp\rjsec435.ZIP", message = "rjsec435")~~RJStevensMusicPresentationCreator.Program~0000002126
2024-12-14 22:08:31.4191~DEBUG~-> ExtractAllFromFile(zipFileName = "C:\Users\cofc_\AppData\Local\Temp\tmpBA7D.tmp\rjsec435.ZIP", decompressedFolder = "C:\Users\cofc_\AppData\Local\Temp\tmpBB59.tmp", message = "rjsec435")~~RJStevensMusicPresentationCreator.Program~0000002127
2024-12-14 22:08:31.6461~DEBUG~extract completed~~RJStevensMusicPresentationCreator.Program~0000002128
2024-12-14 22:08:31.6461~DEBUG~<- ExtractAllFromFile(zipFileName = "C:\Users\cofc_\AppData\Local\Temp\tmpBA7D.tmp\rjsec435.ZIP", decompressedFolder = "C:\Users\cofc_\AppData\Local\Temp\tmpBB59.tmp", message = "rjsec435")~~RJStevensMusicPresentationCreator.Program~0000002129
2024-12-14 22:08:31.7131~DEBUG~-> DownloadFile(url = "https://faas-nyc1-2ef2e6cc.doserverless.co/api/v1/web/fn-dd7f8f6a-d32a-4f5e-ae7b-870dfb7963f3/downloads/bundle?id=000000000000446", filename = "C:\Users\cofc_\AppData\Local\Temp\tmpBC83.tmp\rjsec439.ZIP", message = "rjsec439")~~RJStevensMusicPresentationCreator.Program~0000002130
2024-12-14 22:08:31.9271~DEBUG~download completed~~RJStevensMusicPresentationCreator.Program~0000002131
2024-12-14 22:08:31.9271~DEBUG~<- DownloadFile(url = "https://faas-nyc1-2ef2e6cc.doserverless.co/api/v1/web/fn-dd7f8f6a-d32a-4f5e-ae7b-870dfb7963f3/downloads/bundle?id=000000000000446", filename = "C:\Users\cofc_\AppData\Local\Temp\tmpBC83.tmp\rjsec439.ZIP", message = "rjsec439")~~RJStevensMusicPresentationCreator.Program~0000002132
2024-12-14 22:08:31.9401~DEBUG~-> ExtractAllFromFile(zipFileName = "C:\Users\cofc_\AppData\Local\Temp\tmpBC83.tmp\rjsec439.ZIP", decompressedFolder = "C:\Users\cofc_\AppData\Local\Temp\tmpBD6E.tmp", message = "rjsec439")~~RJStevensMusicPresentationCreator.Program~0000002133
2024-12-14 22:08:32.1501~DEBUG~extract completed~~RJStevensMusicPresentationCreator.Program~0000002134
2024-12-14 22:08:32.1501~DEBUG~<- ExtractAllFromFile(zipFileName = "C:\Users\cofc_\AppData\Local\Temp\tmpBC83.tmp\rjsec439.ZIP", decompressedFolder = "C:\Users\cofc_\AppData\Local\Temp\tmpBD6E.tmp", message = "rjsec439")~~RJStevensMusicPresentationCreator.Program~0000002135
2024-12-14 22:08:32.2271~DEBUG~-> DownloadFile(url = "https://faas-nyc1-2ef2e6cc.doserverless.co/api/v1/web/fn-dd7f8f6a-d32a-4f5e-ae7b-870dfb7963f3/downloads/bundle?id=000000000000447", filename = "C:\Users\cofc_\AppData\Local\Temp\tmpBE89.tmp\rjsec440.ZIP", message = "rjsec440")~~RJStevensMusicPresentationCreator.Program~0000002136
2024-12-14 22:08:32.4932~DEBUG~download completed~~RJStevensMusicPresentationCreator.Program~0000002137
2024-12-14 22:08:32.4932~DEBUG~<- DownloadFile(url = "https://faas-nyc1-2ef2e6cc.doserverless.co/api/v1/web/fn-dd7f8f6a-d32a-4f5e-ae7b-870dfb7963f3/downloads/bundle?id=000000000000447", filename = "C:\Users\cofc_\AppData\Local\Temp\tmpBE89.tmp\rjsec440.ZIP", message = "rjsec440")~~RJStevensMusicPresentationCreator.Program~0000002138
2024-12-14 22:08:32.5052~DEBUG~-> ExtractAllFromFile(zipFileName = "C:\Users\cofc_\AppData\Local\Temp\tmpBE89.tmp\rjsec440.ZIP", decompressedFolder = "C:\Users\cofc_\AppData\Local\Temp\tmpBFA3.tmp", message = "rjsec440")~~RJStevensMusicPresentationCreator.Program~0000002139
2024-12-14 22:08:32.8172~DEBUG~extract completed~~RJStevensMusicPresentationCreator.Program~0000002140
2024-12-14 22:08:32.8172~DEBUG~<- ExtractAllFromFile(zipFileName = "C:\Users\cofc_\AppData\Local\Temp\tmpBE89.tmp\rjsec440.ZIP", decompressedFolder = "C:\Users\cofc_\AppData\Local\Temp\tmpBFA3.tmp", message = "rjsec440")~~RJStevensMusicPresentationCreator.Program~0000002141
2024-12-14 22:08:32.9012~DEBUG~-> DownloadFile(url = "https://faas-nyc1-2ef2e6cc.doserverless.co/api/v1/web/fn-dd7f8f6a-d32a-4f5e-ae7b-870dfb7963f3/downloads/bundle?id=000000000000448", filename = "C:\Users\cofc_\AppData\Local\Temp\tmpC12A.tmp\rjsec441.ZIP", message = "rjsec441")~~RJStevensMusicPresentationCreator.Program~0000002142
2024-12-14 22:08:33.1172~DEBUG~download completed~~RJStevensMusicPresentationCreator.Program~0000002143
2024-12-14 22:08:33.1172~DEBUG~<- DownloadFile(url = "https://faas-nyc1-2ef2e6cc.doserverless.co/api/v1/web/fn-dd7f8f6a-d32a-4f5e-ae7b-870dfb7963f3/downloads/bundle?id=000000000000448", filename = "C:\Users\cofc_\AppData\Local\Temp\tmpC12A.tmp\rjsec441.ZIP", message = "rjsec441")~~RJStevensMusicPresentationCreator.Program~0000002144
2024-12-14 22:08:33.1282~DEBUG~-> ExtractAllFromFile(zipFileName = "C:\Users\cofc_\AppData\Local\Temp\tmpC12A.tmp\rjsec441.ZIP", decompressedFolder = "C:\Users\cofc_\AppData\Local\Temp\tmpC216.tmp", message = "rjsec441")~~RJStevensMusicPresentationCreator.Program~0000002145
2024-12-14 22:08:33.3472~DEBUG~extract completed~~RJStevensMusicPresentationCreator.Program~0000002146
2024-12-14 22:08:33.3472~DEBUG~<- ExtractAllFromFile(zipFileName = "C:\Users\cofc_\AppData\Local\Temp\tmpC12A.tmp\rjsec441.ZIP", decompressedFolder = "C:\Users\cofc_\AppData\Local\Temp\tmpC216.tmp", message = "rjsec441")~~RJStevensMusicPresentationCreator.Program~0000002147
2024-12-14 22:08:33.4142~DEBUG~-> DownloadFile(url = "https://faas-nyc1-2ef2e6cc.doserverless.co/api/v1/web/fn-dd7f8f6a-d32a-4f5e-ae7b-870dfb7963f3/downloads/bundle?id=000000000000449", filename = "C:\Users\cofc_\AppData\Local\Temp\tmpC330.tmp\rjsec442.ZIP", message = "rjsec442")~~RJStevensMusicPresentationCreator.Program~0000002148
2024-12-14 22:08:33.6312~DEBUG~download completed~~RJStevensMusicPresentationCreator.Program~0000002149
2024-12-14 22:08:33.6312~DEBUG~<- DownloadFile(url = "https://faas-nyc1-2ef2e6cc.doserverless.co/api/v1/web/fn-dd7f8f6a-d32a-4f5e-ae7b-870dfb7963f3/downloads/bundle?id=000000000000449", filename = "C:\Users\cofc_\AppData\Local\Temp\tmpC330.tmp\rjsec442.ZIP", message = "rjsec442")~~RJStevensMusicPresentationCreator.Program~0000002150
2024-12-14 22:08:33.6492~DEBUG~-> ExtractAllFromFile(zipFileName = "C:\Users\cofc_\AppData\Local\Temp\tmpC330.tmp\rjsec442.ZIP", decompressedFolder = "C:\Users\cofc_\AppData\Local\Temp\tmpC41B.tmp", message = "rjsec442")~~RJStevensMusicPresentationCreator.Program~0000002151
2024-12-14 22:08:33.9333~DEBUG~extract completed~~RJStevensMusicPresentationCreator.Program~0000002152
2024-12-14 22:08:33.9333~DEBUG~<- ExtractAllFromFile(zipFileName = "C:\Users\cofc_\AppData\Local\Temp\tmpC330.tmp\rjsec442.ZIP", decompressedFolder = "C:\Users\cofc_\AppData\Local\Temp\tmpC41B.tmp", message = "rjsec442")~~RJStevensMusicPresentationCreator.Program~0000002153
2024-12-14 22:08:34.0073~DEBUG~-> DownloadFile(url = "https://faas-nyc1-2ef2e6cc.doserverless.co/api/v1/web/fn-dd7f8f6a-d32a-4f5e-ae7b-870dfb7963f3/downloads/bundle?id=000000000000450", filename = "C:\Users\cofc_\AppData\Local\Temp\tmpC584.tmp\rjsec443.ZIP", message = "rjsec443")~~RJStevensMusicPresentationCreator.Program~0000002154
2024-12-14 22:08:34.2183~DEBUG~download completed~~RJStevensMusicPresentationCreator.Program~0000002155
2024-12-14 22:08:34.2193~DEBUG~<- DownloadFile(url = "https://faas-nyc1-2ef2e6cc.doserverless.co/api/v1/web/fn-dd7f8f6a-d32a-4f5e-ae7b-870dfb7963f3/downloads/bundle?id=000000000000450", filename = "C:\Users\cofc_\AppData\Local\Temp\tmpC584.tmp\rjsec443.ZIP", message = "rjsec443")~~RJStevensMusicPresentationCreator.Program~0000002156
2024-12-14 22:08:34.2383~DEBUG~-> ExtractAllFromFile(zipFileName = "C:\Users\cofc_\AppData\Local\Temp\tmpC584.tmp\rjsec443.ZIP", decompressedFolder = "C:\Users\cofc_\AppData\Local\Temp\tmpC66F.tmp", message = "rjsec443")~~RJStevensMusicPresentationCreator.Program~0000002157
2024-12-14 22:08:34.5413~DEBUG~extract completed~~RJStevensMusicPresentationCreator.Program~0000002158
2024-12-14 22:08:34.5413~DEBUG~<- ExtractAllFromFile(zipFileName = "C:\Users\cofc_\AppData\Local\Temp\tmpC584.tmp\rjsec443.ZIP", decompressedFolder = "C:\Users\cofc_\AppData\Local\Temp\tmpC66F.tmp", message = "rjsec443")~~RJStevensMusicPresentationCreator.Program~0000002159
2024-12-14 22:08:34.6253~DEBUG~-> DownloadFile(url = "https://faas-nyc1-2ef2e6cc.doserverless.co/api/v1/web/fn-dd7f8f6a-d32a-4f5e-ae7b-870dfb7963f3/downloads/bundle?id=000000000000452", filename = "C:\Users\cofc_\AppData\Local\Temp\tmpC7E7.tmp\rjsec445.ZIP", message = "rjsec445")~~RJStevensMusicPresentationCreator.Program~0000002160
2024-12-14 22:08:34.8433~DEBUG~download completed~~RJStevensMusicPresentationCreator.Program~0000002161
2024-12-14 22:08:34.8453~DEBUG~<- DownloadFile(url = "https://faas-nyc1-2ef2e6cc.doserverless.co/api/v1/web/fn-dd7f8f6a-d32a-4f5e-ae7b-870dfb7963f3/downloads/bundle?id=000000000000452", filename = "C:\Users\cofc_\AppData\Local\Temp\tmpC7E7.tmp\rjsec445.ZIP", message = "rjsec445")~~RJStevensMusicPresentationCreator.Program~0000002162
2024-12-14 22:08:34.8603~DEBUG~-> ExtractAllFromFile(zipFileName = "C:\Users\cofc_\AppData\Local\Temp\tmpC7E7.tmp\rjsec445.ZIP", decompressedFolder = "C:\Users\cofc_\AppData\Local\Temp\tmpC8D3.tmp", message = "rjsec445")~~RJStevensMusicPresentationCreator.Program~0000002163
2024-12-14 22:08:35.1354~DEBUG~extract completed~~RJStevensMusicPresentationCreator.Program~0000002164
2024-12-14 22:08:35.1354~DEBUG~<- ExtractAllFromFile(zipFileName = "C:\Users\cofc_\AppData\Local\Temp\tmpC7E7.tmp\rjsec445.ZIP", decompressedFolder = "C:\Users\cofc_\AppData\Local\Temp\tmpC8D3.tmp", message = "rjsec445")~~RJStevensMusicPresentationCreator.Program~0000002165
2024-12-14 22:08:35.2154~DEBUG~-> DownloadFile(url = "https://faas-nyc1-2ef2e6cc.doserverless.co/api/v1/web/fn-dd7f8f6a-d32a-4f5e-ae7b-870dfb7963f3/downloads/bundle?id=000000000000454", filename = "C:\Users\cofc_\AppData\Local\Temp\tmpCA3B.tmp\rjsec447.ZIP", message = "rjsec447")~~RJStevensMusicPresentationCreator.Program~0000002166
2024-12-14 22:08:35.4214~DEBUG~download completed~~RJStevensMusicPresentationCreator.Program~0000002167
2024-12-14 22:08:35.4224~DEBUG~<- DownloadFile(url = "https://faas-nyc1-2ef2e6cc.doserverless.co/api/v1/web/fn-dd7f8f6a-d32a-4f5e-ae7b-870dfb7963f3/downloads/bundle?id=000000000000454", filename = "C:\Users\cofc_\AppData\Local\Temp\tmpCA3B.tmp\rjsec447.ZIP", message = "rjsec447")~~RJStevensMusicPresentationCreator.Program~0000002168
2024-12-14 22:08:35.4224~DEBUG~-> ExtractAllFromFile(zipFileName = "C:\Users\cofc_\AppData\Local\Temp\tmpCA3B.tmp\rjsec447.ZIP", decompressedFolder = "C:\Users\cofc_\AppData\Local\Temp\tmpCB17.tmp", message = "rjsec447")~~RJStevensMusicPresentationCreator.Program~0000002169
2024-12-14 22:08:35.6604~DEBUG~extract completed~~RJStevensMusicPresentationCreator.Program~0000002170
2024-12-14 22:08:35.6604~DEBUG~<- ExtractAllFromFile(zipFileName = "C:\Users\cofc_\AppData\Local\Temp\tmpCA3B.tmp\rjsec447.ZIP", decompressedFolder = "C:\Users\cofc_\AppData\Local\Temp\tmpCB17.tmp", message = "rjsec447")~~RJStevensMusicPresentationCreator.Program~0000002171
2024-12-14 22:08:35.7304~DEBUG~-> DownloadFile(url = "https://faas-nyc1-2ef2e6cc.doserverless.co/api/v1/web/fn-dd7f8f6a-d32a-4f5e-ae7b-870dfb7963f3/downloads/bundle?id=000000000000458", filename = "C:\Users\cofc_\AppData\Local\Temp\tmpCC41.tmp\rjsec451.ZIP", message = "rjsec451")~~RJStevensMusicPresentationCreator.Program~0000002172
2024-12-14 22:08:35.9514~DEBUG~download completed~~RJStevensMusicPresentationCreator.Program~0000002173
2024-12-14 22:08:35.9514~DEBUG~<- DownloadFile(url = "https://faas-nyc1-2ef2e6cc.doserverless.co/api/v1/web/fn-dd7f8f6a-d32a-4f5e-ae7b-870dfb7963f3/downloads/bundle?id=000000000000458", filename = "C:\Users\cofc_\AppData\Local\Temp\tmpCC41.tmp\rjsec451.ZIP", message = "rjsec451")~~RJStevensMusicPresentationCreator.Program~0000002174
2024-12-14 22:08:35.9694~DEBUG~-> ExtractAllFromFile(zipFileName = "C:\Users\cofc_\AppData\Local\Temp\tmpCC41.tmp\rjsec451.ZIP", decompressedFolder = "C:\Users\cofc_\AppData\Local\Temp\tmpCD3C.tmp", message = "rjsec451")~~RJStevensMusicPresentationCreator.Program~0000002175
2024-12-14 22:08:36.3784~DEBUG~extract completed~~RJStevensMusicPresentationCreator.Program~0000002176
2024-12-14 22:08:36.3784~DEBUG~<- ExtractAllFromFile(zipFileName = "C:\Users\cofc_\AppData\Local\Temp\tmpCC41.tmp\rjsec451.ZIP", decompressedFolder = "C:\Users\cofc_\AppData\Local\Temp\tmpCD3C.tmp", message = "rjsec451")~~RJStevensMusicPresentationCreator.Program~0000002177
2024-12-14 22:08:36.5035~DEBUG~-> DownloadFile(url = "https://faas-nyc1-2ef2e6cc.doserverless.co/api/v1/web/fn-dd7f8f6a-d32a-4f5e-ae7b-870dfb7963f3/downloads/bundle?id=000000000000459", filename = "C:\Users\cofc_\AppData\Local\Temp\tmpCF50.tmp\rjsec452.ZIP", message = "rjsec452")~~RJStevensMusicPresentationCreator.Program~0000002178
2024-12-14 22:08:36.7735~DEBUG~download completed~~RJStevensMusicPresentationCreator.Program~0000002179
2024-12-14 22:08:36.7735~DEBUG~<- DownloadFile(url = "https://faas-nyc1-2ef2e6cc.doserverless.co/api/v1/web/fn-dd7f8f6a-d32a-4f5e-ae7b-870dfb7963f3/downloads/bundle?id=000000000000459", filename = "C:\Users\cofc_\AppData\Local\Temp\tmpCF50.tmp\rjsec452.ZIP", message = "rjsec452")~~RJStevensMusicPresentationCreator.Program~0000002180
2024-12-14 22:08:36.7885~DEBUG~-> ExtractAllFromFile(zipFileName = "C:\Users\cofc_\AppData\Local\Temp\tmpCF50.tmp\rjsec452.ZIP", decompressedFolder = "C:\Users\cofc_\AppData\Local\Temp\tmpD06A.tmp", message = "rjsec452")~~RJStevensMusicPresentationCreator.Program~0000002181
2024-12-14 22:08:37.0875~DEBUG~extract completed~~RJStevensMusicPresentationCreator.Program~0000002182
2024-12-14 22:08:37.0875~DEBUG~<- ExtractAllFromFile(zipFileName = "C:\Users\cofc_\AppData\Local\Temp\tmpCF50.tmp\rjsec452.ZIP", decompressedFolder = "C:\Users\cofc_\AppData\Local\Temp\tmpD06A.tmp", message = "rjsec452")~~RJStevensMusicPresentationCreator.Program~0000002183
2024-12-14 22:08:37.1545~DEBUG~-> DownloadFile(url = "https://faas-nyc1-2ef2e6cc.doserverless.co/api/v1/web/fn-dd7f8f6a-d32a-4f5e-ae7b-870dfb7963f3/downloads/bundle?id=000000000000460", filename = "C:\Users\cofc_\AppData\Local\Temp\tmpD1D2.tmp\rjsec453.ZIP", message = "rjsec453")~~RJStevensMusicPresentationCreator.Program~0000002184
2024-12-14 22:08:37.3625~DEBUG~download completed~~RJStevensMusicPresentationCreator.Program~0000002185
2024-12-14 22:08:37.3625~DEBUG~<- DownloadFile(url = "https://faas-nyc1-2ef2e6cc.doserverless.co/api/v1/web/fn-dd7f8f6a-d32a-4f5e-ae7b-870dfb7963f3/downloads/bundle?id=000000000000460", filename = "C:\Users\cofc_\AppData\Local\Temp\tmpD1D2.tmp\rjsec453.ZIP", message = "rjsec453")~~RJStevensMusicPresentationCreator.Program~0000002186
2024-12-14 22:08:37.3765~DEBUG~-> ExtractAllFromFile(zipFileName = "C:\Users\cofc_\AppData\Local\Temp\tmpD1D2.tmp\rjsec453.ZIP", decompressedFolder = "C:\Users\cofc_\AppData\Local\Temp\tmpD2BE.tmp", message = "rjsec453")~~RJStevensMusicPresentationCreator.Program~0000002187
2024-12-14 22:08:37.5905~DEBUG~extract completed~~RJStevensMusicPresentationCreator.Program~0000002188
2024-12-14 22:08:37.5965~DEBUG~<- ExtractAllFromFile(zipFileName = "C:\Users\cofc_\AppData\Local\Temp\tmpD1D2.tmp\rjsec453.ZIP", decompressedFolder = "C:\Users\cofc_\AppData\Local\Temp\tmpD2BE.tmp", message = "rjsec453")~~RJStevensMusicPresentationCreator.Program~0000002189
2024-12-14 22:08:37.6585~DEBUG~-> DownloadFile(url = "https://faas-nyc1-2ef2e6cc.doserverless.co/api/v1/web/fn-dd7f8f6a-d32a-4f5e-ae7b-870dfb7963f3/downloads/bundle?id=000000000000462", filename = "C:\Users\cofc_\AppData\Local\Temp\tmpD3D8.tmp\rjsec455.ZIP", message = "rjsec455")~~RJStevensMusicPresentationCreator.Program~0000002190
2024-12-14 22:08:37.8856~DEBUG~download completed~~RJStevensMusicPresentationCreator.Program~0000002191
2024-12-14 22:08:37.8856~DEBUG~<- DownloadFile(url = "https://faas-nyc1-2ef2e6cc.doserverless.co/api/v1/web/fn-dd7f8f6a-d32a-4f5e-ae7b-870dfb7963f3/downloads/bundle?id=000000000000462", filename = "C:\Users\cofc_\AppData\Local\Temp\tmpD3D8.tmp\rjsec455.ZIP", message = "rjsec455")~~RJStevensMusicPresentationCreator.Program~0000002192
2024-12-14 22:08:37.8996~DEBUG~-> ExtractAllFromFile(zipFileName = "C:\Users\cofc_\AppData\Local\Temp\tmpD3D8.tmp\rjsec455.ZIP", decompressedFolder = "C:\Users\cofc_\AppData\Local\Temp\tmpD4C3.tmp", message = "rjsec455")~~RJStevensMusicPresentationCreator.Program~0000002193
2024-12-14 22:08:38.1406~DEBUG~extract completed~~RJStevensMusicPresentationCreator.Program~0000002194
2024-12-14 22:08:38.1436~DEBUG~<- ExtractAllFromFile(zipFileName = "C:\Users\cofc_\AppData\Local\Temp\tmpD3D8.tmp\rjsec455.ZIP", decompressedFolder = "C:\Users\cofc_\AppData\Local\Temp\tmpD4C3.tmp", message = "rjsec455")~~RJStevensMusicPresentationCreator.Program~0000002195
2024-12-14 22:08:38.2126~DEBUG~-> DownloadFile(url = "https://faas-nyc1-2ef2e6cc.doserverless.co/api/v1/web/fn-dd7f8f6a-d32a-4f5e-ae7b-870dfb7963f3/downloads/bundle?id=000000000000464", filename = "C:\Users\cofc_\AppData\Local\Temp\tmpD5FD.tmp\rjsec457.ZIP", message = "rjsec457")~~RJStevensMusicPresentationCreator.Program~0000002196
2024-12-14 22:08:38.4296~DEBUG~download completed~~RJStevensMusicPresentationCreator.Program~0000002197
2024-12-14 22:08:38.4296~DEBUG~<- DownloadFile(url = "https://faas-nyc1-2ef2e6cc.doserverless.co/api/v1/web/fn-dd7f8f6a-d32a-4f5e-ae7b-870dfb7963f3/downloads/bundle?id=000000000000464", filename = "C:\Users\cofc_\AppData\Local\Temp\tmpD5FD.tmp\rjsec457.ZIP", message = "rjsec457")~~RJStevensMusicPresentationCreator.Program~0000002198
2024-12-14 22:08:38.4426~DEBUG~-> ExtractAllFromFile(zipFileName = "C:\Users\cofc_\AppData\Local\Temp\tmpD5FD.tmp\rjsec457.ZIP", decompressedFolder = "C:\Users\cofc_\AppData\Local\Temp\tmpD6E8.tmp", message = "rjsec457")~~RJStevensMusicPresentationCreator.Program~0000002199
2024-12-14 22:08:38.6626~DEBUG~extract completed~~RJStevensMusicPresentationCreator.Program~0000002200
2024-12-14 22:08:38.6626~DEBUG~<- ExtractAllFromFile(zipFileName = "C:\Users\cofc_\AppData\Local\Temp\tmpD5FD.tmp\rjsec457.ZIP", decompressedFolder = "C:\Users\cofc_\AppData\Local\Temp\tmpD6E8.tmp", message = "rjsec457")~~RJStevensMusicPresentationCreator.Program~0000002201
2024-12-14 22:08:38.7306~DEBUG~-> DownloadFile(url = "https://faas-nyc1-2ef2e6cc.doserverless.co/api/v1/web/fn-dd7f8f6a-d32a-4f5e-ae7b-870dfb7963f3/downloads/bundle?id=000000000000465", filename = "C:\Users\cofc_\AppData\Local\Temp\tmpD803.tmp\rjsec458.ZIP", message = "rjsec458")~~RJStevensMusicPresentationCreator.Program~0000002202
2024-12-14 22:08:38.9486~DEBUG~download completed~~RJStevensMusicPresentationCreator.Program~0000002203
2024-12-14 22:08:38.9486~DEBUG~<- DownloadFile(url = "https://faas-nyc1-2ef2e6cc.doserverless.co/api/v1/web/fn-dd7f8f6a-d32a-4f5e-ae7b-870dfb7963f3/downloads/bundle?id=000000000000465", filename = "C:\Users\cofc_\AppData\Local\Temp\tmpD803.tmp\rjsec458.ZIP", message = "rjsec458")~~RJStevensMusicPresentationCreator.Program~0000002204
2024-12-14 22:08:38.9616~DEBUG~-> ExtractAllFromFile(zipFileName = "C:\Users\cofc_\AppData\Local\Temp\tmpD803.tmp\rjsec458.ZIP", decompressedFolder = "C:\Users\cofc_\AppData\Local\Temp\tmpD8EE.tmp", message = "rjsec458")~~RJStevensMusicPresentationCreator.Program~0000002205
2024-12-14 22:08:39.1717~DEBUG~extract completed~~RJStevensMusicPresentationCreator.Program~0000002206
2024-12-14 22:08:39.1747~DEBUG~<- ExtractAllFromFile(zipFileName = "C:\Users\cofc_\AppData\Local\Temp\tmpD803.tmp\rjsec458.ZIP", decompressedFolder = "C:\Users\cofc_\AppData\Local\Temp\tmpD8EE.tmp", message = "rjsec458")~~RJStevensMusicPresentationCreator.Program~0000002207
2024-12-14 22:08:39.2387~DEBUG~-> DownloadFile(url = "https://faas-nyc1-2ef2e6cc.doserverless.co/api/v1/web/fn-dd7f8f6a-d32a-4f5e-ae7b-870dfb7963f3/downloads/bundle?id=000000000000467", filename = "C:\Users\cofc_\AppData\Local\Temp\tmpDA08.tmp\rjsec460.ZIP", message = "rjsec460")~~RJStevensMusicPresentationCreator.Program~0000002208
2024-12-14 22:08:39.5227~DEBUG~download completed~~RJStevensMusicPresentationCreator.Program~0000002209
2024-12-14 22:08:39.5227~DEBUG~<- DownloadFile(url = "https://faas-nyc1-2ef2e6cc.doserverless.co/api/v1/web/fn-dd7f8f6a-d32a-4f5e-ae7b-870dfb7963f3/downloads/bundle?id=000000000000467", filename = "C:\Users\cofc_\AppData\Local\Temp\tmpDA08.tmp\rjsec460.ZIP", message = "rjsec460")~~RJStevensMusicPresentationCreator.Program~0000002210
2024-12-14 22:08:39.5367~DEBUG~-> ExtractAllFromFile(zipFileName = "C:\Users\cofc_\AppData\Local\Temp\tmpDA08.tmp\rjsec460.ZIP", decompressedFolder = "C:\Users\cofc_\AppData\Local\Temp\tmpDB32.tmp", message = "rjsec460")~~RJStevensMusicPresentationCreator.Program~0000002211
2024-12-14 22:08:39.7907~DEBUG~extract completed~~RJStevensMusicPresentationCreator.Program~0000002212
2024-12-14 22:08:39.7907~DEBUG~<- ExtractAllFromFile(zipFileName = "C:\Users\cofc_\AppData\Local\Temp\tmpDA08.tmp\rjsec460.ZIP", decompressedFolder = "C:\Users\cofc_\AppData\Local\Temp\tmpDB32.tmp", message = "rjsec460")~~RJStevensMusicPresentationCreator.Program~0000002213
2024-12-14 22:08:39.9527~DEBUG~-> DownloadFile(url = "https://faas-nyc1-2ef2e6cc.doserverless.co/api/v1/web/fn-dd7f8f6a-d32a-4f5e-ae7b-870dfb7963f3/downloads/bundle?id=000000000000469", filename = "C:\Users\cofc_\AppData\Local\Temp\tmpDCC9.tmp\rjsec462.ZIP", message = "rjsec462")~~RJStevensMusicPresentationCreator.Program~0000002214
2024-12-14 22:08:40.2567~DEBUG~download completed~~RJStevensMusicPresentationCreator.Program~0000002215
2024-12-14 22:08:40.2567~DEBUG~<- DownloadFile(url = "https://faas-nyc1-2ef2e6cc.doserverless.co/api/v1/web/fn-dd7f8f6a-d32a-4f5e-ae7b-870dfb7963f3/downloads/bundle?id=000000000000469", filename = "C:\Users\cofc_\AppData\Local\Temp\tmpDCC9.tmp\rjsec462.ZIP", message = "rjsec462")~~RJStevensMusicPresentationCreator.Program~0000002216
2024-12-14 22:08:40.2787~DEBUG~-> ExtractAllFromFile(zipFileName = "C:\Users\cofc_\AppData\Local\Temp\tmpDCC9.tmp\rjsec462.ZIP", decompressedFolder = "C:\Users\cofc_\AppData\Local\Temp\tmpDE12.tmp", message = "rjsec462")~~RJStevensMusicPresentationCreator.Program~0000002217
2024-12-14 22:08:40.6498~DEBUG~extract completed~~RJStevensMusicPresentationCreator.Program~0000002218
2024-12-14 22:08:40.6498~DEBUG~<- ExtractAllFromFile(zipFileName = "C:\Users\cofc_\AppData\Local\Temp\tmpDCC9.tmp\rjsec462.ZIP", decompressedFolder = "C:\Users\cofc_\AppData\Local\Temp\tmpDE12.tmp", message = "rjsec462")~~RJStevensMusicPresentationCreator.Program~0000002219
2024-12-14 22:08:40.7278~DEBUG~-> DownloadFile(url = "https://faas-nyc1-2ef2e6cc.doserverless.co/api/v1/web/fn-dd7f8f6a-d32a-4f5e-ae7b-870dfb7963f3/downloads/bundle?id=000000000000470", filename = "C:\Users\cofc_\AppData\Local\Temp\tmpDFD9.tmp\rjsec463.ZIP", message = "rjsec463")~~RJStevensMusicPresentationCreator.Program~0000002220
2024-12-14 22:08:40.9608~DEBUG~download completed~~RJStevensMusicPresentationCreator.Program~0000002221
2024-12-14 22:08:40.9608~DEBUG~<- DownloadFile(url = "https://faas-nyc1-2ef2e6cc.doserverless.co/api/v1/web/fn-dd7f8f6a-d32a-4f5e-ae7b-870dfb7963f3/downloads/bundle?id=000000000000470", filename = "C:\Users\cofc_\AppData\Local\Temp\tmpDFD9.tmp\rjsec463.ZIP", message = "rjsec463")~~RJStevensMusicPresentationCreator.Program~0000002222
2024-12-14 22:08:40.9768~DEBUG~-> ExtractAllFromFile(zipFileName = "C:\Users\cofc_\AppData\Local\Temp\tmpDFD9.tmp\rjsec463.ZIP", decompressedFolder = "C:\Users\cofc_\AppData\Local\Temp\tmpE0D4.tmp", message = "rjsec463")~~RJStevensMusicPresentationCreator.Program~0000002223
2024-12-14 22:08:41.2078~DEBUG~extract completed~~RJStevensMusicPresentationCreator.Program~0000002224
2024-12-14 22:08:41.2078~DEBUG~<- ExtractAllFromFile(zipFileName = "C:\Users\cofc_\AppData\Local\Temp\tmpDFD9.tmp\rjsec463.ZIP", decompressedFolder = "C:\Users\cofc_\AppData\Local\Temp\tmpE0D4.tmp", message = "rjsec463")~~RJStevensMusicPresentationCreator.Program~0000002225
2024-12-14 22:08:41.2798~DEBUG~-> DownloadFile(url = "https://faas-nyc1-2ef2e6cc.doserverless.co/api/v1/web/fn-dd7f8f6a-d32a-4f5e-ae7b-870dfb7963f3/downloads/bundle?id=000000000000471", filename = "C:\Users\cofc_\AppData\Local\Temp\tmpE1FD.tmp\rjsec464.ZIP", message = "rjsec464")~~RJStevensMusicPresentationCreator.Program~0000002226
2024-12-14 22:08:41.5058~DEBUG~download completed~~RJStevensMusicPresentationCreator.Program~0000002227
2024-12-14 22:08:41.5058~DEBUG~<- DownloadFile(url = "https://faas-nyc1-2ef2e6cc.doserverless.co/api/v1/web/fn-dd7f8f6a-d32a-4f5e-ae7b-870dfb7963f3/downloads/bundle?id=000000000000471", filename = "C:\Users\cofc_\AppData\Local\Temp\tmpE1FD.tmp\rjsec464.ZIP", message = "rjsec464")~~RJStevensMusicPresentationCreator.Program~0000002228
2024-12-14 22:08:41.5218~DEBUG~-> ExtractAllFromFile(zipFileName = "C:\Users\cofc_\AppData\Local\Temp\tmpE1FD.tmp\rjsec464.ZIP", decompressedFolder = "C:\Users\cofc_\AppData\Local\Temp\tmpE2F8.tmp", message = "rjsec464")~~RJStevensMusicPresentationCreator.Program~0000002229
2024-12-14 22:08:41.7508~DEBUG~extract completed~~RJStevensMusicPresentationCreator.Program~0000002230
2024-12-14 22:08:41.7508~DEBUG~<- ExtractAllFromFile(zipFileName = "C:\Users\cofc_\AppData\Local\Temp\tmpE1FD.tmp\rjsec464.ZIP", decompressedFolder = "C:\Users\cofc_\AppData\Local\Temp\tmpE2F8.tmp", message = "rjsec464")~~RJStevensMusicPresentationCreator.Program~0000002231
2024-12-14 22:08:41.8259~DEBUG~-> DownloadFile(url = "https://faas-nyc1-2ef2e6cc.doserverless.co/api/v1/web/fn-dd7f8f6a-d32a-4f5e-ae7b-870dfb7963f3/downloads/bundle?id=000000000000473", filename = "C:\Users\cofc_\AppData\Local\Temp\tmpE422.tmp\rjsec466.ZIP", message = "rjsec466")~~RJStevensMusicPresentationCreator.Program~0000002232
2024-12-14 22:08:42.0409~DEBUG~download completed~~RJStevensMusicPresentationCreator.Program~0000002233
2024-12-14 22:08:42.0409~DEBUG~<- DownloadFile(url = "https://faas-nyc1-2ef2e6cc.doserverless.co/api/v1/web/fn-dd7f8f6a-d32a-4f5e-ae7b-870dfb7963f3/downloads/bundle?id=000000000000473", filename = "C:\Users\cofc_\AppData\Local\Temp\tmpE422.tmp\rjsec466.ZIP", message = "rjsec466")~~RJStevensMusicPresentationCreator.Program~0000002234
2024-12-14 22:08:42.0579~DEBUG~-> ExtractAllFromFile(zipFileName = "C:\Users\cofc_\AppData\Local\Temp\tmpE422.tmp\rjsec466.ZIP", decompressedFolder = "C:\Users\cofc_\AppData\Local\Temp\tmpE50E.tmp", message = "rjsec466")~~RJStevensMusicPresentationCreator.Program~0000002235
2024-12-14 22:08:42.2729~DEBUG~extract completed~~RJStevensMusicPresentationCreator.Program~0000002236
2024-12-14 22:08:42.2729~DEBUG~<- ExtractAllFromFile(zipFileName = "C:\Users\cofc_\AppData\Local\Temp\tmpE422.tmp\rjsec466.ZIP", decompressedFolder = "C:\Users\cofc_\AppData\Local\Temp\tmpE50E.tmp", message = "rjsec466")~~RJStevensMusicPresentationCreator.Program~0000002237
2024-12-14 22:08:42.3499~DEBUG~-> DownloadFile(url = "https://faas-nyc1-2ef2e6cc.doserverless.co/api/v1/web/fn-dd7f8f6a-d32a-4f5e-ae7b-870dfb7963f3/downloads/bundle?id=000000000000479", filename = "C:\Users\cofc_\AppData\Local\Temp\tmpE638.tmp\rjsec472.ZIP", message = "rjsec472")~~RJStevensMusicPresentationCreator.Program~0000002238
2024-12-14 22:08:42.5809~DEBUG~download completed~~RJStevensMusicPresentationCreator.Program~0000002239
2024-12-14 22:08:42.5809~DEBUG~<- DownloadFile(url = "https://faas-nyc1-2ef2e6cc.doserverless.co/api/v1/web/fn-dd7f8f6a-d32a-4f5e-ae7b-870dfb7963f3/downloads/bundle?id=000000000000479", filename = "C:\Users\cofc_\AppData\Local\Temp\tmpE638.tmp\rjsec472.ZIP", message = "rjsec472")~~RJStevensMusicPresentationCreator.Program~0000002240
2024-12-14 22:08:42.5999~DEBUG~-> ExtractAllFromFile(zipFileName = "C:\Users\cofc_\AppData\Local\Temp\tmpE638.tmp\rjsec472.ZIP", decompressedFolder = "C:\Users\cofc_\AppData\Local\Temp\tmpE733.tmp", message = "rjsec472")~~RJStevensMusicPresentationCreator.Program~0000002241
2024-12-14 22:08:42.8907~DEBUG~extract completed~~RJStevensMusicPresentationCreator.Program~0000002242
2024-12-14 22:08:42.8957~DEBUG~<- ExtractAllFromFile(zipFileName = "C:\Users\cofc_\AppData\Local\Temp\tmpE638.tmp\rjsec472.ZIP", decompressedFolder = "C:\Users\cofc_\AppData\Local\Temp\tmpE733.tmp", message = "rjsec472")~~RJStevensMusicPresentationCreator.Program~0000002243
2024-12-14 22:08:42.9707~DEBUG~-> DownloadFile(url = "https://faas-nyc1-2ef2e6cc.doserverless.co/api/v1/web/fn-dd7f8f6a-d32a-4f5e-ae7b-870dfb7963f3/downloads/bundle?id=000000000000480", filename = "C:\Users\cofc_\AppData\Local\Temp\tmpE8AB.tmp\rjsec473.ZIP", message = "rjsec473")~~RJStevensMusicPresentationCreator.Program~0000002244
2024-12-14 22:08:43.1827~DEBUG~download completed~~RJStevensMusicPresentationCreator.Program~0000002245
2024-12-14 22:08:43.1827~DEBUG~<- DownloadFile(url = "https://faas-nyc1-2ef2e6cc.doserverless.co/api/v1/web/fn-dd7f8f6a-d32a-4f5e-ae7b-870dfb7963f3/downloads/bundle?id=000000000000480", filename = "C:\Users\cofc_\AppData\Local\Temp\tmpE8AB.tmp\rjsec473.ZIP", message = "rjsec473")~~RJStevensMusicPresentationCreator.Program~0000002246
2024-12-14 22:08:43.1957~DEBUG~-> ExtractAllFromFile(zipFileName = "C:\Users\cofc_\AppData\Local\Temp\tmpE8AB.tmp\rjsec473.ZIP", decompressedFolder = "C:\Users\cofc_\AppData\Local\Temp\tmpE986.tmp", message = "rjsec473")~~RJStevensMusicPresentationCreator.Program~0000002247
2024-12-14 22:08:43.4087~DEBUG~extract completed~~RJStevensMusicPresentationCreator.Program~0000002248
2024-12-14 22:08:43.4087~DEBUG~<- ExtractAllFromFile(zipFileName = "C:\Users\cofc_\AppData\Local\Temp\tmpE8AB.tmp\rjsec473.ZIP", decompressedFolder = "C:\Users\cofc_\AppData\Local\Temp\tmpE986.tmp", message = "rjsec473")~~RJStevensMusicPresentationCreator.Program~0000002249
2024-12-14 22:08:43.4747~DEBUG~-> DownloadFile(url = "https://faas-nyc1-2ef2e6cc.doserverless.co/api/v1/web/fn-dd7f8f6a-d32a-4f5e-ae7b-870dfb7963f3/downloads/bundle?id=000000000000481", filename = "C:\Users\cofc_\AppData\Local\Temp\tmpEAA1.tmp\rjsec474.ZIP", message = "rjsec474")~~RJStevensMusicPresentationCreator.Program~0000002250
2024-12-14 22:08:43.6887~DEBUG~download completed~~RJStevensMusicPresentationCreator.Program~0000002251
2024-12-14 22:08:43.6887~DEBUG~<- DownloadFile(url = "https://faas-nyc1-2ef2e6cc.doserverless.co/api/v1/web/fn-dd7f8f6a-d32a-4f5e-ae7b-870dfb7963f3/downloads/bundle?id=000000000000481", filename = "C:\Users\cofc_\AppData\Local\Temp\tmpEAA1.tmp\rjsec474.ZIP", message = "rjsec474")~~RJStevensMusicPresentationCreator.Program~0000002252
2024-12-14 22:08:43.6887~DEBUG~-> ExtractAllFromFile(zipFileName = "C:\Users\cofc_\AppData\Local\Temp\tmpEAA1.tmp\rjsec474.ZIP", decompressedFolder = "C:\Users\cofc_\AppData\Local\Temp\tmpEB7C.tmp", message = "rjsec474")~~RJStevensMusicPresentationCreator.Program~0000002253
2024-12-14 22:08:43.9148~DEBUG~extract completed~~RJStevensMusicPresentationCreator.Program~0000002254
2024-12-14 22:08:43.9148~DEBUG~<- ExtractAllFromFile(zipFileName = "C:\Users\cofc_\AppData\Local\Temp\tmpEAA1.tmp\rjsec474.ZIP", decompressedFolder = "C:\Users\cofc_\AppData\Local\Temp\tmpEB7C.tmp", message = "rjsec474")~~RJStevensMusicPresentationCreator.Program~0000002255
2024-12-14 22:08:43.9808~DEBUG~-> DownloadFile(url = "https://faas-nyc1-2ef2e6cc.doserverless.co/api/v1/web/fn-dd7f8f6a-d32a-4f5e-ae7b-870dfb7963f3/downloads/bundle?id=000000000000484", filename = "C:\Users\cofc_\AppData\Local\Temp\tmpEC97.tmp\rjsec477.ZIP", message = "rjsec477")~~RJStevensMusicPresentationCreator.Program~0000002256
2024-12-14 22:08:44.2168~DEBUG~download completed~~RJStevensMusicPresentationCreator.Program~0000002257
2024-12-14 22:08:44.2168~DEBUG~<- DownloadFile(url = "https://faas-nyc1-2ef2e6cc.doserverless.co/api/v1/web/fn-dd7f8f6a-d32a-4f5e-ae7b-870dfb7963f3/downloads/bundle?id=000000000000484", filename = "C:\Users\cofc_\AppData\Local\Temp\tmpEC97.tmp\rjsec477.ZIP", message = "rjsec477")~~RJStevensMusicPresentationCreator.Program~0000002258
2024-12-14 22:08:44.2338~DEBUG~-> ExtractAllFromFile(zipFileName = "C:\Users\cofc_\AppData\Local\Temp\tmpEC97.tmp\rjsec477.ZIP", decompressedFolder = "C:\Users\cofc_\AppData\Local\Temp\tmpED92.tmp", message = "rjsec477")~~RJStevensMusicPresentationCreator.Program~0000002259
2024-12-14 22:08:44.4788~DEBUG~extract completed~~RJStevensMusicPresentationCreator.Program~0000002260
2024-12-14 22:08:44.4788~DEBUG~<- ExtractAllFromFile(zipFileName = "C:\Users\cofc_\AppData\Local\Temp\tmpEC97.tmp\rjsec477.ZIP", decompressedFolder = "C:\Users\cofc_\AppData\Local\Temp\tmpED92.tmp", message = "rjsec477")~~RJStevensMusicPresentationCreator.Program~0000002261
2024-12-14 22:08:44.5478~DEBUG~-> DownloadFile(url = "https://faas-nyc1-2ef2e6cc.doserverless.co/api/v1/web/fn-dd7f8f6a-d32a-4f5e-ae7b-870dfb7963f3/downloads/bundle?id=000000000000486", filename = "C:\Users\cofc_\AppData\Local\Temp\tmpEECB.tmp\rjsec479.ZIP", message = "rjsec479")~~RJStevensMusicPresentationCreator.Program~0000002262
2024-12-14 22:08:44.7808~DEBUG~download completed~~RJStevensMusicPresentationCreator.Program~0000002263
2024-12-14 22:08:44.7818~DEBUG~<- DownloadFile(url = "https://faas-nyc1-2ef2e6cc.doserverless.co/api/v1/web/fn-dd7f8f6a-d32a-4f5e-ae7b-870dfb7963f3/downloads/bundle?id=000000000000486", filename = "C:\Users\cofc_\AppData\Local\Temp\tmpEECB.tmp\rjsec479.ZIP", message = "rjsec479")~~RJStevensMusicPresentationCreator.Program~0000002264
2024-12-14 22:08:44.7998~DEBUG~-> ExtractAllFromFile(zipFileName = "C:\Users\cofc_\AppData\Local\Temp\tmpEECB.tmp\rjsec479.ZIP", decompressedFolder = "C:\Users\cofc_\AppData\Local\Temp\tmpEFD6.tmp", message = "rjsec479")~~RJStevensMusicPresentationCreator.Program~0000002265
2024-12-14 22:08:45.1148~DEBUG~extract completed~~RJStevensMusicPresentationCreator.Program~0000002266
2024-12-14 22:08:45.1148~DEBUG~<- ExtractAllFromFile(zipFileName = "C:\Users\cofc_\AppData\Local\Temp\tmpEECB.tmp\rjsec479.ZIP", decompressedFolder = "C:\Users\cofc_\AppData\Local\Temp\tmpEFD6.tmp", message = "rjsec479")~~RJStevensMusicPresentationCreator.Program~0000002267
2024-12-14 22:08:45.1849~DEBUG~-> DownloadFile(url = "https://faas-nyc1-2ef2e6cc.doserverless.co/api/v1/web/fn-dd7f8f6a-d32a-4f5e-ae7b-870dfb7963f3/downloads/bundle?id=000000000000489", filename = "C:\Users\cofc_\AppData\Local\Temp\tmpF14E.tmp\rjsec482.ZIP", message = "rjsec482")~~RJStevensMusicPresentationCreator.Program~0000002268
2024-12-14 22:08:45.4059~DEBUG~download completed~~RJStevensMusicPresentationCreator.Program~0000002269
2024-12-14 22:08:45.4059~DEBUG~<- DownloadFile(url = "https://faas-nyc1-2ef2e6cc.doserverless.co/api/v1/web/fn-dd7f8f6a-d32a-4f5e-ae7b-870dfb7963f3/downloads/bundle?id=000000000000489", filename = "C:\Users\cofc_\AppData\Local\Temp\tmpF14E.tmp\rjsec482.ZIP", message = "rjsec482")~~RJStevensMusicPresentationCreator.Program~0000002270
2024-12-14 22:08:45.4189~DEBUG~-> ExtractAllFromFile(zipFileName = "C:\Users\cofc_\AppData\Local\Temp\tmpF14E.tmp\rjsec482.ZIP", decompressedFolder = "C:\Users\cofc_\AppData\Local\Temp\tmpF239.tmp", message = "rjsec482")~~RJStevensMusicPresentationCreator.Program~0000002271
2024-12-14 22:08:45.6229~DEBUG~extract completed~~RJStevensMusicPresentationCreator.Program~0000002272
2024-12-14 22:08:45.6269~DEBUG~<- ExtractAllFromFile(zipFileName = "C:\Users\cofc_\AppData\Local\Temp\tmpF14E.tmp\rjsec482.ZIP", decompressedFolder = "C:\Users\cofc_\AppData\Local\Temp\tmpF239.tmp", message = "rjsec482")~~RJStevensMusicPresentationCreator.Program~0000002273
2024-12-14 22:08:45.6919~DEBUG~-> DownloadFile(url = "https://faas-nyc1-2ef2e6cc.doserverless.co/api/v1/web/fn-dd7f8f6a-d32a-4f5e-ae7b-870dfb7963f3/downloads/bundle?id=000000000000495", filename = "C:\Users\cofc_\AppData\Local\Temp\tmpF353.tmp\rjsec488.ZIP", message = "rjsec488")~~RJStevensMusicPresentationCreator.Program~0000002274
2024-12-14 22:08:45.8889~DEBUG~download completed~~RJStevensMusicPresentationCreator.Program~0000002275
2024-12-14 22:08:45.8889~DEBUG~<- DownloadFile(url = "https://faas-nyc1-2ef2e6cc.doserverless.co/api/v1/web/fn-dd7f8f6a-d32a-4f5e-ae7b-870dfb7963f3/downloads/bundle?id=000000000000495", filename = "C:\Users\cofc_\AppData\Local\Temp\tmpF353.tmp\rjsec488.ZIP", message = "rjsec488")~~RJStevensMusicPresentationCreator.Program~0000002276
2024-12-14 22:08:45.8989~DEBUG~-> ExtractAllFromFile(zipFileName = "C:\Users\cofc_\AppData\Local\Temp\tmpF353.tmp\rjsec488.ZIP", decompressedFolder = "C:\Users\cofc_\AppData\Local\Temp\tmpF41F.tmp", message = "rjsec488")~~RJStevensMusicPresentationCreator.Program~0000002277
2024-12-14 22:08:46.1119~DEBUG~extract completed~~RJStevensMusicPresentationCreator.Program~0000002278
2024-12-14 22:08:46.1119~DEBUG~<- ExtractAllFromFile(zipFileName = "C:\Users\cofc_\AppData\Local\Temp\tmpF353.tmp\rjsec488.ZIP", decompressedFolder = "C:\Users\cofc_\AppData\Local\Temp\tmpF41F.tmp", message = "rjsec488")~~RJStevensMusicPresentationCreator.Program~0000002279
2024-12-14 22:08:46.1819~DEBUG~-> DownloadFile(url = "https://faas-nyc1-2ef2e6cc.doserverless.co/api/v1/web/fn-dd7f8f6a-d32a-4f5e-ae7b-870dfb7963f3/downloads/bundle?id=000000000000496", filename = "C:\Users\cofc_\AppData\Local\Temp\tmpF53A.tmp\rjsec489.ZIP", message = "rjsec489")~~RJStevensMusicPresentationCreator.Program~0000002280
2024-12-14 22:08:46.4009~DEBUG~download completed~~RJStevensMusicPresentationCreator.Program~0000002281
2024-12-14 22:08:46.4009~DEBUG~<- DownloadFile(url = "https://faas-nyc1-2ef2e6cc.doserverless.co/api/v1/web/fn-dd7f8f6a-d32a-4f5e-ae7b-870dfb7963f3/downloads/bundle?id=000000000000496", filename = "C:\Users\cofc_\AppData\Local\Temp\tmpF53A.tmp\rjsec489.ZIP", message = "rjsec489")~~RJStevensMusicPresentationCreator.Program~0000002282
2024-12-14 22:08:46.4179~DEBUG~-> ExtractAllFromFile(zipFileName = "C:\Users\cofc_\AppData\Local\Temp\tmpF53A.tmp\rjsec489.ZIP", decompressedFolder = "C:\Users\cofc_\AppData\Local\Temp\tmpF625.tmp", message = "rjsec489")~~RJStevensMusicPresentationCreator.Program~0000002283
2024-12-14 22:08:46.6630~DEBUG~extract completed~~RJStevensMusicPresentationCreator.Program~0000002284
2024-12-14 22:08:46.6630~DEBUG~<- ExtractAllFromFile(zipFileName = "C:\Users\cofc_\AppData\Local\Temp\tmpF53A.tmp\rjsec489.ZIP", decompressedFolder = "C:\Users\cofc_\AppData\Local\Temp\tmpF625.tmp", message = "rjsec489")~~RJStevensMusicPresentationCreator.Program~0000002285
2024-12-14 22:08:46.7330~DEBUG~-> DownloadFile(url = "https://faas-nyc1-2ef2e6cc.doserverless.co/api/v1/web/fn-dd7f8f6a-d32a-4f5e-ae7b-870dfb7963f3/downloads/bundle?id=000000000000498", filename = "C:\Users\cofc_\AppData\Local\Temp\tmpF75F.tmp\rjsec491.ZIP", message = "rjsec491")~~RJStevensMusicPresentationCreator.Program~0000002286
2024-12-14 22:08:46.9770~DEBUG~download completed~~RJStevensMusicPresentationCreator.Program~0000002287
2024-12-14 22:08:46.9770~DEBUG~<- DownloadFile(url = "https://faas-nyc1-2ef2e6cc.doserverless.co/api/v1/web/fn-dd7f8f6a-d32a-4f5e-ae7b-870dfb7963f3/downloads/bundle?id=000000000000498", filename = "C:\Users\cofc_\AppData\Local\Temp\tmpF75F.tmp\rjsec491.ZIP", message = "rjsec491")~~RJStevensMusicPresentationCreator.Program~0000002288
2024-12-14 22:08:46.9910~DEBUG~-> ExtractAllFromFile(zipFileName = "C:\Users\cofc_\AppData\Local\Temp\tmpF75F.tmp\rjsec491.ZIP", decompressedFolder = "C:\Users\cofc_\AppData\Local\Temp\tmpF869.tmp", message = "rjsec491")~~RJStevensMusicPresentationCreator.Program~0000002289
2024-12-14 22:08:47.3080~DEBUG~extract completed~~RJStevensMusicPresentationCreator.Program~0000002290
2024-12-14 22:08:47.3130~DEBUG~<- ExtractAllFromFile(zipFileName = "C:\Users\cofc_\AppData\Local\Temp\tmpF75F.tmp\rjsec491.ZIP", decompressedFolder = "C:\Users\cofc_\AppData\Local\Temp\tmpF869.tmp", message = "rjsec491")~~RJStevensMusicPresentationCreator.Program~0000002291
2024-12-14 22:08:47.4080~DEBUG~-> DownloadFile(url = "https://faas-nyc1-2ef2e6cc.doserverless.co/api/v1/web/fn-dd7f8f6a-d32a-4f5e-ae7b-870dfb7963f3/downloads/bundle?id=000000000000501", filename = "C:\Users\cofc_\AppData\Local\Temp\tmpFA00.tmp\rjsec494.ZIP", message = "rjsec494")~~RJStevensMusicPresentationCreator.Program~0000002292
2024-12-14 22:08:47.7130~DEBUG~download completed~~RJStevensMusicPresentationCreator.Program~0000002293
2024-12-14 22:08:47.7130~DEBUG~<- DownloadFile(url = "https://faas-nyc1-2ef2e6cc.doserverless.co/api/v1/web/fn-dd7f8f6a-d32a-4f5e-ae7b-870dfb7963f3/downloads/bundle?id=000000000000501", filename = "C:\Users\cofc_\AppData\Local\Temp\tmpFA00.tmp\rjsec494.ZIP", message = "rjsec494")~~RJStevensMusicPresentationCreator.Program~0000002294
2024-12-14 22:08:47.7320~DEBUG~-> ExtractAllFromFile(zipFileName = "C:\Users\cofc_\AppData\Local\Temp\tmpFA00.tmp\rjsec494.ZIP", decompressedFolder = "C:\Users\cofc_\AppData\Local\Temp\tmpFB4A.tmp", message = "rjsec494")~~RJStevensMusicPresentationCreator.Program~0000002295
2024-12-14 22:08:48.0201~DEBUG~extract completed~~RJStevensMusicPresentationCreator.Program~0000002296
2024-12-14 22:08:48.0201~DEBUG~<- ExtractAllFromFile(zipFileName = "C:\Users\cofc_\AppData\Local\Temp\tmpFA00.tmp\rjsec494.ZIP", decompressedFolder = "C:\Users\cofc_\AppData\Local\Temp\tmpFB4A.tmp", message = "rjsec494")~~RJStevensMusicPresentationCreator.Program~0000002297
2024-12-14 22:08:48.1051~DEBUG~-> DownloadFile(url = "https://faas-nyc1-2ef2e6cc.doserverless.co/api/v1/web/fn-dd7f8f6a-d32a-4f5e-ae7b-870dfb7963f3/downloads/bundle?id=000000000000502", filename = "C:\Users\cofc_\AppData\Local\Temp\tmpFCC2.tmp\rjsec495.ZIP", message = "rjsec495")~~RJStevensMusicPresentationCreator.Program~0000002298
2024-12-14 22:08:48.3471~DEBUG~download completed~~RJStevensMusicPresentationCreator.Program~0000002299
2024-12-14 22:08:48.3471~DEBUG~<- DownloadFile(url = "https://faas-nyc1-2ef2e6cc.doserverless.co/api/v1/web/fn-dd7f8f6a-d32a-4f5e-ae7b-870dfb7963f3/downloads/bundle?id=000000000000502", filename = "C:\Users\cofc_\AppData\Local\Temp\tmpFCC2.tmp\rjsec495.ZIP", message = "rjsec495")~~RJStevensMusicPresentationCreator.Program~0000002300
2024-12-14 22:08:48.3471~DEBUG~-> ExtractAllFromFile(zipFileName = "C:\Users\cofc_\AppData\Local\Temp\tmpFCC2.tmp\rjsec495.ZIP", decompressedFolder = "C:\Users\cofc_\AppData\Local\Temp\tmpFDBD.tmp", message = "rjsec495")~~RJStevensMusicPresentationCreator.Program~0000002301
2024-12-14 22:08:48.6901~DEBUG~extract completed~~RJStevensMusicPresentationCreator.Program~0000002302
2024-12-14 22:08:48.6901~DEBUG~<- ExtractAllFromFile(zipFileName = "C:\Users\cofc_\AppData\Local\Temp\tmpFCC2.tmp\rjsec495.ZIP", decompressedFolder = "C:\Users\cofc_\AppData\Local\Temp\tmpFDBD.tmp", message = "rjsec495")~~RJStevensMusicPresentationCreator.Program~0000002303
2024-12-14 22:08:48.7801~DEBUG~-> DownloadFile(url = "https://faas-nyc1-2ef2e6cc.doserverless.co/api/v1/web/fn-dd7f8f6a-d32a-4f5e-ae7b-870dfb7963f3/downloads/bundle?id=000000000000503", filename = "C:\Users\cofc_\AppData\Local\Temp\tmpFF63.tmp\rjsec496.ZIP", message = "rjsec496")~~RJStevensMusicPresentationCreator.Program~0000002304
2024-12-14 22:08:49.0501~DEBUG~download completed~~RJStevensMusicPresentationCreator.Program~0000002305
2024-12-14 22:08:49.0501~DEBUG~<- DownloadFile(url = "https://faas-nyc1-2ef2e6cc.doserverless.co/api/v1/web/fn-dd7f8f6a-d32a-4f5e-ae7b-870dfb7963f3/downloads/bundle?id=000000000000503", filename = "C:\Users\cofc_\AppData\Local\Temp\tmpFF63.tmp\rjsec496.ZIP", message = "rjsec496")~~RJStevensMusicPresentationCreator.Program~0000002306
2024-12-14 22:08:49.0671~DEBUG~-> ExtractAllFromFile(zipFileName = "C:\Users\cofc_\AppData\Local\Temp\tmpFF63.tmp\rjsec496.ZIP", decompressedFolder = "C:\Users\cofc_\AppData\Local\Temp\tmp8D.tmp", message = "rjsec496")~~RJStevensMusicPresentationCreator.Program~0000002307
2024-12-14 22:08:49.3452~DEBUG~extract completed~~RJStevensMusicPresentationCreator.Program~0000002308
2024-12-14 22:08:49.3452~DEBUG~<- ExtractAllFromFile(zipFileName = "C:\Users\cofc_\AppData\Local\Temp\tmpFF63.tmp\rjsec496.ZIP", decompressedFolder = "C:\Users\cofc_\AppData\Local\Temp\tmp8D.tmp", message = "rjsec496")~~RJStevensMusicPresentationCreator.Program~0000002309
2024-12-14 22:08:49.4102~DEBUG~-> DownloadFile(url = "https://faas-nyc1-2ef2e6cc.doserverless.co/api/v1/web/fn-dd7f8f6a-d32a-4f5e-ae7b-870dfb7963f3/downloads/bundle?id=000000000000504", filename = "C:\Users\cofc_\AppData\Local\Temp\tmp1E6.tmp\rjsec497.ZIP", message = "rjsec497")~~RJStevensMusicPresentationCreator.Program~0000002310
2024-12-14 22:08:49.6302~DEBUG~download completed~~RJStevensMusicPresentationCreator.Program~0000002311
2024-12-14 22:08:49.6302~DEBUG~<- DownloadFile(url = "https://faas-nyc1-2ef2e6cc.doserverless.co/api/v1/web/fn-dd7f8f6a-d32a-4f5e-ae7b-870dfb7963f3/downloads/bundle?id=000000000000504", filename = "C:\Users\cofc_\AppData\Local\Temp\tmp1E6.tmp\rjsec497.ZIP", message = "rjsec497")~~RJStevensMusicPresentationCreator.Program~0000002312
2024-12-14 22:08:49.6462~DEBUG~-> ExtractAllFromFile(zipFileName = "C:\Users\cofc_\AppData\Local\Temp\tmp1E6.tmp\rjsec497.ZIP", decompressedFolder = "C:\Users\cofc_\AppData\Local\Temp\tmp2D1.tmp", message = "rjsec497")~~RJStevensMusicPresentationCreator.Program~0000002313
2024-12-14 22:08:49.8812~DEBUG~extract completed~~RJStevensMusicPresentationCreator.Program~0000002314
2024-12-14 22:08:49.8812~DEBUG~<- ExtractAllFromFile(zipFileName = "C:\Users\cofc_\AppData\Local\Temp\tmp1E6.tmp\rjsec497.ZIP", decompressedFolder = "C:\Users\cofc_\AppData\Local\Temp\tmp2D1.tmp", message = "rjsec497")~~RJStevensMusicPresentationCreator.Program~0000002315
2024-12-14 22:08:49.9562~DEBUG~-> DownloadFile(url = "https://faas-nyc1-2ef2e6cc.doserverless.co/api/v1/web/fn-dd7f8f6a-d32a-4f5e-ae7b-870dfb7963f3/downloads/bundle?id=000000000000505", filename = "C:\Users\cofc_\AppData\Local\Temp\tmp40B.tmp\rjsec498.ZIP", message = "rjsec498")~~RJStevensMusicPresentationCreator.Program~0000002316
2024-12-14 22:08:50.2322~DEBUG~download completed~~RJStevensMusicPresentationCreator.Program~0000002317
2024-12-14 22:08:50.2322~DEBUG~<- DownloadFile(url = "https://faas-nyc1-2ef2e6cc.doserverless.co/api/v1/web/fn-dd7f8f6a-d32a-4f5e-ae7b-870dfb7963f3/downloads/bundle?id=000000000000505", filename = "C:\Users\cofc_\AppData\Local\Temp\tmp40B.tmp\rjsec498.ZIP", message = "rjsec498")~~RJStevensMusicPresentationCreator.Program~0000002318
2024-12-14 22:08:50.2502~DEBUG~-> ExtractAllFromFile(zipFileName = "C:\Users\cofc_\AppData\Local\Temp\tmp40B.tmp\rjsec498.ZIP", decompressedFolder = "C:\Users\cofc_\AppData\Local\Temp\tmp525.tmp", message = "rjsec498")~~RJStevensMusicPresentationCreator.Program~0000002319
2024-12-14 22:08:50.6483~DEBUG~extract completed~~RJStevensMusicPresentationCreator.Program~0000002320
2024-12-14 22:08:50.6483~DEBUG~<- ExtractAllFromFile(zipFileName = "C:\Users\cofc_\AppData\Local\Temp\tmp40B.tmp\rjsec498.ZIP", decompressedFolder = "C:\Users\cofc_\AppData\Local\Temp\tmp525.tmp", message = "rjsec498")~~RJStevensMusicPresentationCreator.Program~0000002321
2024-12-14 22:08:50.8523~DEBUG~-> DownloadFile(url = "https://faas-nyc1-2ef2e6cc.doserverless.co/api/v1/web/fn-dd7f8f6a-d32a-4f5e-ae7b-870dfb7963f3/downloads/bundle?id=000000000000507", filename = "C:\Users\cofc_\AppData\Local\Temp\tmp788.tmp\rjsec500.ZIP", message = "rjsec500")~~RJStevensMusicPresentationCreator.Program~0000002322
2024-12-14 22:08:51.2233~DEBUG~download completed~~RJStevensMusicPresentationCreator.Program~0000002323
2024-12-14 22:08:51.2233~DEBUG~<- DownloadFile(url = "https://faas-nyc1-2ef2e6cc.doserverless.co/api/v1/web/fn-dd7f8f6a-d32a-4f5e-ae7b-870dfb7963f3/downloads/bundle?id=000000000000507", filename = "C:\Users\cofc_\AppData\Local\Temp\tmp788.tmp\rjsec500.ZIP", message = "rjsec500")~~RJStevensMusicPresentationCreator.Program~0000002324
2024-12-14 22:08:51.2403~DEBUG~-> ExtractAllFromFile(zipFileName = "C:\Users\cofc_\AppData\Local\Temp\tmp788.tmp\rjsec500.ZIP", decompressedFolder = "C:\Users\cofc_\AppData\Local\Temp\tmp90F.tmp", message = "rjsec500")~~RJStevensMusicPresentationCreator.Program~0000002325
2024-12-14 22:08:51.6993~DEBUG~extract completed~~RJStevensMusicPresentationCreator.Program~0000002326
2024-12-14 22:08:51.6993~DEBUG~<- ExtractAllFromFile(zipFileName = "C:\Users\cofc_\AppData\Local\Temp\tmp788.tmp\rjsec500.ZIP", decompressedFolder = "C:\Users\cofc_\AppData\Local\Temp\tmp90F.tmp", message = "rjsec500")~~RJStevensMusicPresentationCreator.Program~0000002327
2024-12-14 22:08:51.7933~DEBUG~-> DownloadFile(url = "https://faas-nyc1-2ef2e6cc.doserverless.co/api/v1/web/fn-dd7f8f6a-d32a-4f5e-ae7b-870dfb7963f3/downloads/bundle?id=000000000000508", filename = "C:\Users\cofc_\AppData\Local\Temp\tmpB33.tmp\rjsec501.ZIP", message = "rjsec501")~~RJStevensMusicPresentationCreator.Program~0000002328
2024-12-14 22:08:52.0084~DEBUG~download completed~~RJStevensMusicPresentationCreator.Program~0000002329
2024-12-14 22:08:52.0084~DEBUG~<- DownloadFile(url = "https://faas-nyc1-2ef2e6cc.doserverless.co/api/v1/web/fn-dd7f8f6a-d32a-4f5e-ae7b-870dfb7963f3/downloads/bundle?id=000000000000508", filename = "C:\Users\cofc_\AppData\Local\Temp\tmpB33.tmp\rjsec501.ZIP", message = "rjsec501")~~RJStevensMusicPresentationCreator.Program~0000002330
2024-12-14 22:08:52.0254~DEBUG~-> ExtractAllFromFile(zipFileName = "C:\Users\cofc_\AppData\Local\Temp\tmpB33.tmp\rjsec501.ZIP", decompressedFolder = "C:\Users\cofc_\AppData\Local\Temp\tmpC1E.tmp", message = "rjsec501")~~RJStevensMusicPresentationCreator.Program~0000002331
2024-12-14 22:08:52.2694~DEBUG~extract completed~~RJStevensMusicPresentationCreator.Program~0000002332
2024-12-14 22:08:52.2694~DEBUG~<- ExtractAllFromFile(zipFileName = "C:\Users\cofc_\AppData\Local\Temp\tmpB33.tmp\rjsec501.ZIP", decompressedFolder = "C:\Users\cofc_\AppData\Local\Temp\tmpC1E.tmp", message = "rjsec501")~~RJStevensMusicPresentationCreator.Program~0000002333
2024-12-14 22:08:52.3534~DEBUG~-> DownloadFile(url = "https://faas-nyc1-2ef2e6cc.doserverless.co/api/v1/web/fn-dd7f8f6a-d32a-4f5e-ae7b-870dfb7963f3/downloads/bundle?id=000000000000509", filename = "C:\Users\cofc_\AppData\Local\Temp\tmpD68.tmp\rjsec502.ZIP", message = "rjsec502")~~RJStevensMusicPresentationCreator.Program~0000002334
2024-12-14 22:08:52.5834~DEBUG~download completed~~RJStevensMusicPresentationCreator.Program~0000002335
2024-12-14 22:08:52.5834~DEBUG~<- DownloadFile(url = "https://faas-nyc1-2ef2e6cc.doserverless.co/api/v1/web/fn-dd7f8f6a-d32a-4f5e-ae7b-870dfb7963f3/downloads/bundle?id=000000000000509", filename = "C:\Users\cofc_\AppData\Local\Temp\tmpD68.tmp\rjsec502.ZIP", message = "rjsec502")~~RJStevensMusicPresentationCreator.Program~0000002336
2024-12-14 22:08:52.5994~DEBUG~-> ExtractAllFromFile(zipFileName = "C:\Users\cofc_\AppData\Local\Temp\tmpD68.tmp\rjsec502.ZIP", decompressedFolder = "C:\Users\cofc_\AppData\Local\Temp\tmpE63.tmp", message = "rjsec502")~~RJStevensMusicPresentationCreator.Program~0000002337
2024-12-14 22:08:52.9144~DEBUG~extract completed~~RJStevensMusicPresentationCreator.Program~0000002338
2024-12-14 22:08:52.9144~DEBUG~<- ExtractAllFromFile(zipFileName = "C:\Users\cofc_\AppData\Local\Temp\tmpD68.tmp\rjsec502.ZIP", decompressedFolder = "C:\Users\cofc_\AppData\Local\Temp\tmpE63.tmp", message = "rjsec502")~~RJStevensMusicPresentationCreator.Program~0000002339
2024-12-14 22:08:52.9964~DEBUG~-> DownloadFile(url = "https://faas-nyc1-2ef2e6cc.doserverless.co/api/v1/web/fn-dd7f8f6a-d32a-4f5e-ae7b-870dfb7963f3/downloads/bundle?id=000000000000510", filename = "C:\Users\cofc_\AppData\Local\Temp\tmpFEA.tmp\rjsec503.ZIP", message = "rjsec503")~~RJStevensMusicPresentationCreator.Program~0000002340
2024-12-14 22:08:53.1684~DEBUG~download completed~~RJStevensMusicPresentationCreator.Program~0000002341
2024-12-14 22:08:53.1684~DEBUG~<- DownloadFile(url = "https://faas-nyc1-2ef2e6cc.doserverless.co/api/v1/web/fn-dd7f8f6a-d32a-4f5e-ae7b-870dfb7963f3/downloads/bundle?id=000000000000510", filename = "C:\Users\cofc_\AppData\Local\Temp\tmpFEA.tmp\rjsec503.ZIP", message = "rjsec503")~~RJStevensMusicPresentationCreator.Program~0000002342
2024-12-14 22:08:53.1794~DEBUG~-> ExtractAllFromFile(zipFileName = "C:\Users\cofc_\AppData\Local\Temp\tmpFEA.tmp\rjsec503.ZIP", decompressedFolder = "C:\Users\cofc_\AppData\Local\Temp\tmp10A7.tmp", message = "rjsec503")~~RJStevensMusicPresentationCreator.Program~0000002343
2024-12-14 22:08:53.2894~DEBUG~extract completed~~RJStevensMusicPresentationCreator.Program~0000002344
2024-12-14 22:08:53.2894~DEBUG~<- ExtractAllFromFile(zipFileName = "C:\Users\cofc_\AppData\Local\Temp\tmpFEA.tmp\rjsec503.ZIP", decompressedFolder = "C:\Users\cofc_\AppData\Local\Temp\tmp10A7.tmp", message = "rjsec503")~~RJStevensMusicPresentationCreator.Program~0000002345
2024-12-14 22:08:53.3515~DEBUG~-> DownloadFile(url = "https://faas-nyc1-2ef2e6cc.doserverless.co/api/v1/web/fn-dd7f8f6a-d32a-4f5e-ae7b-870dfb7963f3/downloads/bundle?id=000000000000511", filename = "C:\Users\cofc_\AppData\Local\Temp\tmp1154.tmp\rjsec504.ZIP", message = "rjsec504")~~RJStevensMusicPresentationCreator.Program~0000002346
2024-12-14 22:08:53.5685~DEBUG~download completed~~RJStevensMusicPresentationCreator.Program~0000002347
2024-12-14 22:08:53.5685~DEBUG~<- DownloadFile(url = "https://faas-nyc1-2ef2e6cc.doserverless.co/api/v1/web/fn-dd7f8f6a-d32a-4f5e-ae7b-870dfb7963f3/downloads/bundle?id=000000000000511", filename = "C:\Users\cofc_\AppData\Local\Temp\tmp1154.tmp\rjsec504.ZIP", message = "rjsec504")~~RJStevensMusicPresentationCreator.Program~0000002348
2024-12-14 22:08:53.5805~DEBUG~-> ExtractAllFromFile(zipFileName = "C:\Users\cofc_\AppData\Local\Temp\tmp1154.tmp\rjsec504.ZIP", decompressedFolder = "C:\Users\cofc_\AppData\Local\Temp\tmp123F.tmp", message = "rjsec504")~~RJStevensMusicPresentationCreator.Program~0000002349
2024-12-14 22:08:53.8435~DEBUG~extract completed~~RJStevensMusicPresentationCreator.Program~0000002350
2024-12-14 22:08:53.8455~DEBUG~<- ExtractAllFromFile(zipFileName = "C:\Users\cofc_\AppData\Local\Temp\tmp1154.tmp\rjsec504.ZIP", decompressedFolder = "C:\Users\cofc_\AppData\Local\Temp\tmp123F.tmp", message = "rjsec504")~~RJStevensMusicPresentationCreator.Program~0000002351
2024-12-14 22:08:53.9225~DEBUG~-> DownloadFile(url = "https://faas-nyc1-2ef2e6cc.doserverless.co/api/v1/web/fn-dd7f8f6a-d32a-4f5e-ae7b-870dfb7963f3/downloads/bundle?id=000000000000513", filename = "C:\Users\cofc_\AppData\Local\Temp\tmp1388.tmp\rjsec506.ZIP", message = "rjsec506")~~RJStevensMusicPresentationCreator.Program~0000002352
2024-12-14 22:08:54.1705~DEBUG~download completed~~RJStevensMusicPresentationCreator.Program~0000002353
2024-12-14 22:08:54.1705~DEBUG~<- DownloadFile(url = "https://faas-nyc1-2ef2e6cc.doserverless.co/api/v1/web/fn-dd7f8f6a-d32a-4f5e-ae7b-870dfb7963f3/downloads/bundle?id=000000000000513", filename = "C:\Users\cofc_\AppData\Local\Temp\tmp1388.tmp\rjsec506.ZIP", message = "rjsec506")~~RJStevensMusicPresentationCreator.Program~0000002354
2024-12-14 22:08:54.1895~DEBUG~-> ExtractAllFromFile(zipFileName = "C:\Users\cofc_\AppData\Local\Temp\tmp1388.tmp\rjsec506.ZIP", decompressedFolder = "C:\Users\cofc_\AppData\Local\Temp\tmp14A2.tmp", message = "rjsec506")~~RJStevensMusicPresentationCreator.Program~0000002355
2024-12-14 22:08:54.5175~DEBUG~extract completed~~RJStevensMusicPresentationCreator.Program~0000002356
2024-12-14 22:08:54.5175~DEBUG~<- ExtractAllFromFile(zipFileName = "C:\Users\cofc_\AppData\Local\Temp\tmp1388.tmp\rjsec506.ZIP", decompressedFolder = "C:\Users\cofc_\AppData\Local\Temp\tmp14A2.tmp", message = "rjsec506")~~RJStevensMusicPresentationCreator.Program~0000002357
2024-12-14 22:08:54.6065~DEBUG~-> DownloadFile(url = "https://faas-nyc1-2ef2e6cc.doserverless.co/api/v1/web/fn-dd7f8f6a-d32a-4f5e-ae7b-870dfb7963f3/downloads/bundle?id=000000000000514", filename = "C:\Users\cofc_\AppData\Local\Temp\tmp163A.tmp\rjsec507.ZIP", message = "rjsec507")~~RJStevensMusicPresentationCreator.Program~0000002358
2024-12-14 22:08:54.8166~DEBUG~download completed~~RJStevensMusicPresentationCreator.Program~0000002359
2024-12-14 22:08:54.8166~DEBUG~<- DownloadFile(url = "https://faas-nyc1-2ef2e6cc.doserverless.co/api/v1/web/fn-dd7f8f6a-d32a-4f5e-ae7b-870dfb7963f3/downloads/bundle?id=000000000000514", filename = "C:\Users\cofc_\AppData\Local\Temp\tmp163A.tmp\rjsec507.ZIP", message = "rjsec507")~~RJStevensMusicPresentationCreator.Program~0000002360
2024-12-14 22:08:54.8166~DEBUG~-> ExtractAllFromFile(zipFileName = "C:\Users\cofc_\AppData\Local\Temp\tmp163A.tmp\rjsec507.ZIP", decompressedFolder = "C:\Users\cofc_\AppData\Local\Temp\tmp1715.tmp", message = "rjsec507")~~RJStevensMusicPresentationCreator.Program~0000002361
2024-12-14 22:08:55.0206~DEBUG~extract completed~~RJStevensMusicPresentationCreator.Program~0000002362
2024-12-14 22:08:55.0206~DEBUG~<- ExtractAllFromFile(zipFileName = "C:\Users\cofc_\AppData\Local\Temp\tmp163A.tmp\rjsec507.ZIP", decompressedFolder = "C:\Users\cofc_\AppData\Local\Temp\tmp1715.tmp", message = "rjsec507")~~RJStevensMusicPresentationCreator.Program~0000002363
2024-12-14 22:08:55.0836~DEBUG~-> DownloadFile(url = "https://faas-nyc1-2ef2e6cc.doserverless.co/api/v1/web/fn-dd7f8f6a-d32a-4f5e-ae7b-870dfb7963f3/downloads/bundle?id=000000000000515", filename = "C:\Users\cofc_\AppData\Local\Temp\tmp1820.tmp\rjsec508.ZIP", message = "rjsec508")~~RJStevensMusicPresentationCreator.Program~0000002364
2024-12-14 22:08:55.3076~DEBUG~download completed~~RJStevensMusicPresentationCreator.Program~0000002365
2024-12-14 22:08:55.3076~DEBUG~<- DownloadFile(url = "https://faas-nyc1-2ef2e6cc.doserverless.co/api/v1/web/fn-dd7f8f6a-d32a-4f5e-ae7b-870dfb7963f3/downloads/bundle?id=000000000000515", filename = "C:\Users\cofc_\AppData\Local\Temp\tmp1820.tmp\rjsec508.ZIP", message = "rjsec508")~~RJStevensMusicPresentationCreator.Program~0000002366
2024-12-14 22:08:55.3216~DEBUG~-> ExtractAllFromFile(zipFileName = "C:\Users\cofc_\AppData\Local\Temp\tmp1820.tmp\rjsec508.ZIP", decompressedFolder = "C:\Users\cofc_\AppData\Local\Temp\tmp190B.tmp", message = "rjsec508")~~RJStevensMusicPresentationCreator.Program~0000002367
2024-12-14 22:08:55.6246~DEBUG~extract completed~~RJStevensMusicPresentationCreator.Program~0000002368
2024-12-14 22:08:55.6306~DEBUG~<- ExtractAllFromFile(zipFileName = "C:\Users\cofc_\AppData\Local\Temp\tmp1820.tmp\rjsec508.ZIP", decompressedFolder = "C:\Users\cofc_\AppData\Local\Temp\tmp190B.tmp", message = "rjsec508")~~RJStevensMusicPresentationCreator.Program~0000002369
2024-12-14 22:08:55.7066~DEBUG~-> DownloadFile(url = "https://faas-nyc1-2ef2e6cc.doserverless.co/api/v1/web/fn-dd7f8f6a-d32a-4f5e-ae7b-870dfb7963f3/downloads/bundle?id=000000000000517", filename = "C:\Users\cofc_\AppData\Local\Temp\tmp1A93.tmp\rjsec510.ZIP", message = "rjsec510")~~RJStevensMusicPresentationCreator.Program~0000002370
2024-12-14 22:08:55.9496~DEBUG~download completed~~RJStevensMusicPresentationCreator.Program~0000002371
2024-12-14 22:08:55.9496~DEBUG~<- DownloadFile(url = "https://faas-nyc1-2ef2e6cc.doserverless.co/api/v1/web/fn-dd7f8f6a-d32a-4f5e-ae7b-870dfb7963f3/downloads/bundle?id=000000000000517", filename = "C:\Users\cofc_\AppData\Local\Temp\tmp1A93.tmp\rjsec510.ZIP", message = "rjsec510")~~RJStevensMusicPresentationCreator.Program~0000002372
2024-12-14 22:08:55.9636~DEBUG~-> ExtractAllFromFile(zipFileName = "C:\Users\cofc_\AppData\Local\Temp\tmp1A93.tmp\rjsec510.ZIP", decompressedFolder = "C:\Users\cofc_\AppData\Local\Temp\tmp1B8E.tmp", message = "rjsec510")~~RJStevensMusicPresentationCreator.Program~0000002373
2024-12-14 22:08:56.2417~DEBUG~extract completed~~RJStevensMusicPresentationCreator.Program~0000002374
2024-12-14 22:08:56.2417~DEBUG~<- ExtractAllFromFile(zipFileName = "C:\Users\cofc_\AppData\Local\Temp\tmp1A93.tmp\rjsec510.ZIP", decompressedFolder = "C:\Users\cofc_\AppData\Local\Temp\tmp1B8E.tmp", message = "rjsec510")~~RJStevensMusicPresentationCreator.Program~0000002375
2024-12-14 22:08:56.3397~DEBUG~-> DownloadFile(url = "https://faas-nyc1-2ef2e6cc.doserverless.co/api/v1/web/fn-dd7f8f6a-d32a-4f5e-ae7b-870dfb7963f3/downloads/bundle?id=000000000000519", filename = "C:\Users\cofc_\AppData\Local\Temp\tmp1D06.tmp\rjsec512.ZIP", message = "rjsec512")~~RJStevensMusicPresentationCreator.Program~0000002376
2024-12-14 22:08:56.5587~DEBUG~download completed~~RJStevensMusicPresentationCreator.Program~0000002377
2024-12-14 22:08:56.5587~DEBUG~<- DownloadFile(url = "https://faas-nyc1-2ef2e6cc.doserverless.co/api/v1/web/fn-dd7f8f6a-d32a-4f5e-ae7b-870dfb7963f3/downloads/bundle?id=000000000000519", filename = "C:\Users\cofc_\AppData\Local\Temp\tmp1D06.tmp\rjsec512.ZIP", message = "rjsec512")~~RJStevensMusicPresentationCreator.Program~0000002378
2024-12-14 22:08:56.5707~DEBUG~-> ExtractAllFromFile(zipFileName = "C:\Users\cofc_\AppData\Local\Temp\tmp1D06.tmp\rjsec512.ZIP", decompressedFolder = "C:\Users\cofc_\AppData\Local\Temp\tmp1DF1.tmp", message = "rjsec512")~~RJStevensMusicPresentationCreator.Program~0000002379
2024-12-14 22:08:56.8227~DEBUG~extract completed~~RJStevensMusicPresentationCreator.Program~0000002380
2024-12-14 22:08:56.8227~DEBUG~<- ExtractAllFromFile(zipFileName = "C:\Users\cofc_\AppData\Local\Temp\tmp1D06.tmp\rjsec512.ZIP", decompressedFolder = "C:\Users\cofc_\AppData\Local\Temp\tmp1DF1.tmp", message = "rjsec512")~~RJStevensMusicPresentationCreator.Program~0000002381
2024-12-14 22:08:56.8957~DEBUG~-> DownloadFile(url = "https://faas-nyc1-2ef2e6cc.doserverless.co/api/v1/web/fn-dd7f8f6a-d32a-4f5e-ae7b-870dfb7963f3/downloads/bundle?id=000000000000520", filename = "C:\Users\cofc_\AppData\Local\Temp\tmp1F3A.tmp\rjsec513.ZIP", message = "rjsec513")~~RJStevensMusicPresentationCreator.Program~0000002382
2024-12-14 22:08:57.1637~DEBUG~download completed~~RJStevensMusicPresentationCreator.Program~0000002383
2024-12-14 22:08:57.1637~DEBUG~<- DownloadFile(url = "https://faas-nyc1-2ef2e6cc.doserverless.co/api/v1/web/fn-dd7f8f6a-d32a-4f5e-ae7b-870dfb7963f3/downloads/bundle?id=000000000000520", filename = "C:\Users\cofc_\AppData\Local\Temp\tmp1F3A.tmp\rjsec513.ZIP", message = "rjsec513")~~RJStevensMusicPresentationCreator.Program~0000002384
2024-12-14 22:08:57.1787~DEBUG~-> ExtractAllFromFile(zipFileName = "C:\Users\cofc_\AppData\Local\Temp\tmp1F3A.tmp\rjsec513.ZIP", decompressedFolder = "C:\Users\cofc_\AppData\Local\Temp\tmp2055.tmp", message = "rjsec513")~~RJStevensMusicPresentationCreator.Program~0000002385
2024-12-14 22:08:57.4548~DEBUG~extract completed~~RJStevensMusicPresentationCreator.Program~0000002386
2024-12-14 22:08:57.4548~DEBUG~<- ExtractAllFromFile(zipFileName = "C:\Users\cofc_\AppData\Local\Temp\tmp1F3A.tmp\rjsec513.ZIP", decompressedFolder = "C:\Users\cofc_\AppData\Local\Temp\tmp2055.tmp", message = "rjsec513")~~RJStevensMusicPresentationCreator.Program~0000002387
2024-12-14 22:08:57.5288~DEBUG~-> DownloadFile(url = "https://faas-nyc1-2ef2e6cc.doserverless.co/api/v1/web/fn-dd7f8f6a-d32a-4f5e-ae7b-870dfb7963f3/downloads/bundle?id=000000000000521", filename = "C:\Users\cofc_\AppData\Local\Temp\tmp21AD.tmp\rjsec514.ZIP", message = "rjsec514")~~RJStevensMusicPresentationCreator.Program~0000002388
2024-12-14 22:08:57.7938~DEBUG~download completed~~RJStevensMusicPresentationCreator.Program~0000002389
2024-12-14 22:08:57.7938~DEBUG~<- DownloadFile(url = "https://faas-nyc1-2ef2e6cc.doserverless.co/api/v1/web/fn-dd7f8f6a-d32a-4f5e-ae7b-870dfb7963f3/downloads/bundle?id=000000000000521", filename = "C:\Users\cofc_\AppData\Local\Temp\tmp21AD.tmp\rjsec514.ZIP", message = "rjsec514")~~RJStevensMusicPresentationCreator.Program~0000002390
2024-12-14 22:08:57.8118~DEBUG~-> ExtractAllFromFile(zipFileName = "C:\Users\cofc_\AppData\Local\Temp\tmp21AD.tmp\rjsec514.ZIP", decompressedFolder = "C:\Users\cofc_\AppData\Local\Temp\tmp22C8.tmp", message = "rjsec514")~~RJStevensMusicPresentationCreator.Program~0000002391
2024-12-14 22:08:58.0748~DEBUG~extract completed~~RJStevensMusicPresentationCreator.Program~0000002392
2024-12-14 22:08:58.0818~DEBUG~<- ExtractAllFromFile(zipFileName = "C:\Users\cofc_\AppData\Local\Temp\tmp21AD.tmp\rjsec514.ZIP", decompressedFolder = "C:\Users\cofc_\AppData\Local\Temp\tmp22C8.tmp", message = "rjsec514")~~RJStevensMusicPresentationCreator.Program~0000002393
2024-12-14 22:08:58.1528~DEBUG~-> DownloadFile(url = "https://faas-nyc1-2ef2e6cc.doserverless.co/api/v1/web/fn-dd7f8f6a-d32a-4f5e-ae7b-870dfb7963f3/downloads/bundle?id=000000000000523", filename = "C:\Users\cofc_\AppData\Local\Temp\tmp2420.tmp\rjsec516.ZIP", message = "rjsec516")~~RJStevensMusicPresentationCreator.Program~0000002394
2024-12-14 22:08:58.4188~DEBUG~download completed~~RJStevensMusicPresentationCreator.Program~0000002395
2024-12-14 22:08:58.4188~DEBUG~<- DownloadFile(url = "https://faas-nyc1-2ef2e6cc.doserverless.co/api/v1/web/fn-dd7f8f6a-d32a-4f5e-ae7b-870dfb7963f3/downloads/bundle?id=000000000000523", filename = "C:\Users\cofc_\AppData\Local\Temp\tmp2420.tmp\rjsec516.ZIP", message = "rjsec516")~~RJStevensMusicPresentationCreator.Program~0000002396
2024-12-14 22:08:58.4378~DEBUG~-> ExtractAllFromFile(zipFileName = "C:\Users\cofc_\AppData\Local\Temp\tmp2420.tmp\rjsec516.ZIP", decompressedFolder = "C:\Users\cofc_\AppData\Local\Temp\tmp253B.tmp", message = "rjsec516")~~RJStevensMusicPresentationCreator.Program~0000002397
2024-12-14 22:08:58.7629~DEBUG~extract completed~~RJStevensMusicPresentationCreator.Program~0000002398
2024-12-14 22:08:58.7629~DEBUG~<- ExtractAllFromFile(zipFileName = "C:\Users\cofc_\AppData\Local\Temp\tmp2420.tmp\rjsec516.ZIP", decompressedFolder = "C:\Users\cofc_\AppData\Local\Temp\tmp253B.tmp", message = "rjsec516")~~RJStevensMusicPresentationCreator.Program~0000002399
2024-12-14 22:08:58.8579~DEBUG~-> DownloadFile(url = "https://faas-nyc1-2ef2e6cc.doserverless.co/api/v1/web/fn-dd7f8f6a-d32a-4f5e-ae7b-870dfb7963f3/downloads/bundle?id=000000000000525", filename = "C:\Users\cofc_\AppData\Local\Temp\tmp26E2.tmp\rjsec518.ZIP", message = "rjsec518")~~RJStevensMusicPresentationCreator.Program~0000002400
2024-12-14 22:08:59.0999~DEBUG~download completed~~RJStevensMusicPresentationCreator.Program~0000002401
2024-12-14 22:08:59.0999~DEBUG~<- DownloadFile(url = "https://faas-nyc1-2ef2e6cc.doserverless.co/api/v1/web/fn-dd7f8f6a-d32a-4f5e-ae7b-870dfb7963f3/downloads/bundle?id=000000000000525", filename = "C:\Users\cofc_\AppData\Local\Temp\tmp26E2.tmp\rjsec518.ZIP", message = "rjsec518")~~RJStevensMusicPresentationCreator.Program~0000002402
2024-12-14 22:08:59.1139~DEBUG~-> ExtractAllFromFile(zipFileName = "C:\Users\cofc_\AppData\Local\Temp\tmp26E2.tmp\rjsec518.ZIP", decompressedFolder = "C:\Users\cofc_\AppData\Local\Temp\tmp27EC.tmp", message = "rjsec518")~~RJStevensMusicPresentationCreator.Program~0000002403
2024-12-14 22:08:59.4389~DEBUG~extract completed~~RJStevensMusicPresentationCreator.Program~0000002404
2024-12-14 22:08:59.4389~DEBUG~<- ExtractAllFromFile(zipFileName = "C:\Users\cofc_\AppData\Local\Temp\tmp26E2.tmp\rjsec518.ZIP", decompressedFolder = "C:\Users\cofc_\AppData\Local\Temp\tmp27EC.tmp", message = "rjsec518")~~RJStevensMusicPresentationCreator.Program~0000002405
2024-12-14 22:08:59.5209~DEBUG~-> DownloadFile(url = "https://faas-nyc1-2ef2e6cc.doserverless.co/api/v1/web/fn-dd7f8f6a-d32a-4f5e-ae7b-870dfb7963f3/downloads/bundle?id=000000000000527", filename = "C:\Users\cofc_\AppData\Local\Temp\tmp2983.tmp\rjsec520.ZIP", message = "rjsec520")~~RJStevensMusicPresentationCreator.Program~0000002406
2024-12-14 22:08:59.7629~DEBUG~download completed~~RJStevensMusicPresentationCreator.Program~0000002407
2024-12-14 22:08:59.7629~DEBUG~<- DownloadFile(url = "https://faas-nyc1-2ef2e6cc.doserverless.co/api/v1/web/fn-dd7f8f6a-d32a-4f5e-ae7b-870dfb7963f3/downloads/bundle?id=000000000000527", filename = "C:\Users\cofc_\AppData\Local\Temp\tmp2983.tmp\rjsec520.ZIP", message = "rjsec520")~~RJStevensMusicPresentationCreator.Program~0000002408
2024-12-14 22:08:59.7809~DEBUG~-> ExtractAllFromFile(zipFileName = "C:\Users\cofc_\AppData\Local\Temp\tmp2983.tmp\rjsec520.ZIP", decompressedFolder = "C:\Users\cofc_\AppData\Local\Temp\tmp2A7E.tmp", message = "rjsec520")~~RJStevensMusicPresentationCreator.Program~0000002409
2024-12-14 22:09:00.0739~DEBUG~extract completed~~RJStevensMusicPresentationCreator.Program~0000002410
2024-12-14 22:09:00.0790~DEBUG~<- ExtractAllFromFile(zipFileName = "C:\Users\cofc_\AppData\Local\Temp\tmp2983.tmp\rjsec520.ZIP", decompressedFolder = "C:\Users\cofc_\AppData\Local\Temp\tmp2A7E.tmp", message = "rjsec520")~~RJStevensMusicPresentationCreator.Program~0000002411
2024-12-14 22:09:00.1550~DEBUG~-> DownloadFile(url = "https://faas-nyc1-2ef2e6cc.doserverless.co/api/v1/web/fn-dd7f8f6a-d32a-4f5e-ae7b-870dfb7963f3/downloads/bundle?id=000000000000528", filename = "C:\Users\cofc_\AppData\Local\Temp\tmp2BF6.tmp\rjsec521.ZIP", message = "rjsec521")~~RJStevensMusicPresentationCreator.Program~0000002412
2024-12-14 22:09:00.3730~DEBUG~download completed~~RJStevensMusicPresentationCreator.Program~0000002413
2024-12-14 22:09:00.3730~DEBUG~<- DownloadFile(url = "https://faas-nyc1-2ef2e6cc.doserverless.co/api/v1/web/fn-dd7f8f6a-d32a-4f5e-ae7b-870dfb7963f3/downloads/bundle?id=000000000000528", filename = "C:\Users\cofc_\AppData\Local\Temp\tmp2BF6.tmp\rjsec521.ZIP", message = "rjsec521")~~RJStevensMusicPresentationCreator.Program~0000002414
2024-12-14 22:09:00.3860~DEBUG~-> ExtractAllFromFile(zipFileName = "C:\Users\cofc_\AppData\Local\Temp\tmp2BF6.tmp\rjsec521.ZIP", decompressedFolder = "C:\Users\cofc_\AppData\Local\Temp\tmp2CE2.tmp", message = "rjsec521")~~RJStevensMusicPresentationCreator.Program~0000002415
2024-12-14 22:09:00.6320~DEBUG~extract completed~~RJStevensMusicPresentationCreator.Program~0000002416
2024-12-14 22:09:00.6320~DEBUG~<- ExtractAllFromFile(zipFileName = "C:\Users\cofc_\AppData\Local\Temp\tmp2BF6.tmp\rjsec521.ZIP", decompressedFolder = "C:\Users\cofc_\AppData\Local\Temp\tmp2CE2.tmp", message = "rjsec521")~~RJStevensMusicPresentationCreator.Program~0000002417
2024-12-14 22:09:00.6990~DEBUG~-> DownloadFile(url = "https://faas-nyc1-2ef2e6cc.doserverless.co/api/v1/web/fn-dd7f8f6a-d32a-4f5e-ae7b-870dfb7963f3/downloads/bundle?id=000000000000529", filename = "C:\Users\cofc_\AppData\Local\Temp\tmp2E1B.tmp\rjsec522.ZIP", message = "rjsec522")~~RJStevensMusicPresentationCreator.Program~0000002418
2024-12-14 22:09:00.9650~DEBUG~download completed~~RJStevensMusicPresentationCreator.Program~0000002419
2024-12-14 22:09:00.9650~DEBUG~<- DownloadFile(url = "https://faas-nyc1-2ef2e6cc.doserverless.co/api/v1/web/fn-dd7f8f6a-d32a-4f5e-ae7b-870dfb7963f3/downloads/bundle?id=000000000000529", filename = "C:\Users\cofc_\AppData\Local\Temp\tmp2E1B.tmp\rjsec522.ZIP", message = "rjsec522")~~RJStevensMusicPresentationCreator.Program~0000002420
2024-12-14 22:09:00.9790~DEBUG~-> ExtractAllFromFile(zipFileName = "C:\Users\cofc_\AppData\Local\Temp\tmp2E1B.tmp\rjsec522.ZIP", decompressedFolder = "C:\Users\cofc_\AppData\Local\Temp\tmp2F36.tmp", message = "rjsec522")~~RJStevensMusicPresentationCreator.Program~0000002421
2024-12-14 22:09:01.2600~DEBUG~extract completed~~RJStevensMusicPresentationCreator.Program~0000002422
2024-12-14 22:09:01.2600~DEBUG~<- ExtractAllFromFile(zipFileName = "C:\Users\cofc_\AppData\Local\Temp\tmp2E1B.tmp\rjsec522.ZIP", decompressedFolder = "C:\Users\cofc_\AppData\Local\Temp\tmp2F36.tmp", message = "rjsec522")~~RJStevensMusicPresentationCreator.Program~0000002423
2024-12-14 22:09:01.3360~DEBUG~-> DownloadFile(url = "https://faas-nyc1-2ef2e6cc.doserverless.co/api/v1/web/fn-dd7f8f6a-d32a-4f5e-ae7b-870dfb7963f3/downloads/bundle?id=000000000000530", filename = "C:\Users\cofc_\AppData\Local\Temp\tmp309E.tmp\rjsec523.ZIP", message = "rjsec523")~~RJStevensMusicPresentationCreator.Program~0000002424
2024-12-14 22:09:01.5761~DEBUG~download completed~~RJStevensMusicPresentationCreator.Program~0000002425
2024-12-14 22:09:01.5761~DEBUG~<- DownloadFile(url = "https://faas-nyc1-2ef2e6cc.doserverless.co/api/v1/web/fn-dd7f8f6a-d32a-4f5e-ae7b-870dfb7963f3/downloads/bundle?id=000000000000530", filename = "C:\Users\cofc_\AppData\Local\Temp\tmp309E.tmp\rjsec523.ZIP", message = "rjsec523")~~RJStevensMusicPresentationCreator.Program~0000002426
2024-12-14 22:09:01.5921~DEBUG~-> ExtractAllFromFile(zipFileName = "C:\Users\cofc_\AppData\Local\Temp\tmp309E.tmp\rjsec523.ZIP", decompressedFolder = "C:\Users\cofc_\AppData\Local\Temp\tmp3199.tmp", message = "rjsec523")~~RJStevensMusicPresentationCreator.Program~0000002427
2024-12-14 22:09:01.8301~DEBUG~extract completed~~RJStevensMusicPresentationCreator.Program~0000002428
2024-12-14 22:09:01.8301~DEBUG~<- ExtractAllFromFile(zipFileName = "C:\Users\cofc_\AppData\Local\Temp\tmp309E.tmp\rjsec523.ZIP", decompressedFolder = "C:\Users\cofc_\AppData\Local\Temp\tmp3199.tmp", message = "rjsec523")~~RJStevensMusicPresentationCreator.Program~0000002429
2024-12-14 22:09:01.9071~DEBUG~-> DownloadFile(url = "https://faas-nyc1-2ef2e6cc.doserverless.co/api/v1/web/fn-dd7f8f6a-d32a-4f5e-ae7b-870dfb7963f3/downloads/bundle?id=000000000000531", filename = "C:\Users\cofc_\AppData\Local\Temp\tmp32D2.tmp\rjsec524.ZIP", message = "rjsec524")~~RJStevensMusicPresentationCreator.Program~0000002430
2024-12-14 22:09:02.1361~DEBUG~download completed~~RJStevensMusicPresentationCreator.Program~0000002431
2024-12-14 22:09:02.1361~DEBUG~<- DownloadFile(url = "https://faas-nyc1-2ef2e6cc.doserverless.co/api/v1/web/fn-dd7f8f6a-d32a-4f5e-ae7b-870dfb7963f3/downloads/bundle?id=000000000000531", filename = "C:\Users\cofc_\AppData\Local\Temp\tmp32D2.tmp\rjsec524.ZIP", message = "rjsec524")~~RJStevensMusicPresentationCreator.Program~0000002432
2024-12-14 22:09:02.1501~DEBUG~-> ExtractAllFromFile(zipFileName = "C:\Users\cofc_\AppData\Local\Temp\tmp32D2.tmp\rjsec524.ZIP", decompressedFolder = "C:\Users\cofc_\AppData\Local\Temp\tmp33CD.tmp", message = "rjsec524")~~RJStevensMusicPresentationCreator.Program~0000002433
2024-12-14 22:09:02.4541~DEBUG~extract completed~~RJStevensMusicPresentationCreator.Program~0000002434
2024-12-14 22:09:02.4541~DEBUG~<- ExtractAllFromFile(zipFileName = "C:\Users\cofc_\AppData\Local\Temp\tmp32D2.tmp\rjsec524.ZIP", decompressedFolder = "C:\Users\cofc_\AppData\Local\Temp\tmp33CD.tmp", message = "rjsec524")~~RJStevensMusicPresentationCreator.Program~0000002435
2024-12-14 22:09:02.5361~DEBUG~-> DownloadFile(url = "https://faas-nyc1-2ef2e6cc.doserverless.co/api/v1/web/fn-dd7f8f6a-d32a-4f5e-ae7b-870dfb7963f3/downloads/bundle?id=000000000000532", filename = "C:\Users\cofc_\AppData\Local\Temp\tmp3555.tmp\rjsec525.ZIP", message = "rjsec525")~~RJStevensMusicPresentationCreator.Program~0000002436
2024-12-14 22:09:02.7401~DEBUG~download completed~~RJStevensMusicPresentationCreator.Program~0000002437
2024-12-14 22:09:02.7401~DEBUG~<- DownloadFile(url = "https://faas-nyc1-2ef2e6cc.doserverless.co/api/v1/web/fn-dd7f8f6a-d32a-4f5e-ae7b-870dfb7963f3/downloads/bundle?id=000000000000532", filename = "C:\Users\cofc_\AppData\Local\Temp\tmp3555.tmp\rjsec525.ZIP", message = "rjsec525")~~RJStevensMusicPresentationCreator.Program~0000002438
2024-12-14 22:09:02.7552~DEBUG~-> ExtractAllFromFile(zipFileName = "C:\Users\cofc_\AppData\Local\Temp\tmp3555.tmp\rjsec525.ZIP", decompressedFolder = "C:\Users\cofc_\AppData\Local\Temp\tmp3631.tmp", message = "rjsec525")~~RJStevensMusicPresentationCreator.Program~0000002439
2024-12-14 22:09:02.8992~DEBUG~extract completed~~RJStevensMusicPresentationCreator.Program~0000002440
2024-12-14 22:09:02.8992~DEBUG~<- ExtractAllFromFile(zipFileName = "C:\Users\cofc_\AppData\Local\Temp\tmp3555.tmp\rjsec525.ZIP", decompressedFolder = "C:\Users\cofc_\AppData\Local\Temp\tmp3631.tmp", message = "rjsec525")~~RJStevensMusicPresentationCreator.Program~0000002441
2024-12-14 22:09:02.9582~DEBUG~-> DownloadFile(url = "https://faas-nyc1-2ef2e6cc.doserverless.co/api/v1/web/fn-dd7f8f6a-d32a-4f5e-ae7b-870dfb7963f3/downloads/bundle?id=000000000000533", filename = "C:\Users\cofc_\AppData\Local\Temp\tmp36FD.tmp\rjsec526.ZIP", message = "rjsec526")~~RJStevensMusicPresentationCreator.Program~0000002442
2024-12-14 22:09:03.4232~DEBUG~download completed~~RJStevensMusicPresentationCreator.Program~0000002443
2024-12-14 22:09:03.4232~DEBUG~<- DownloadFile(url = "https://faas-nyc1-2ef2e6cc.doserverless.co/api/v1/web/fn-dd7f8f6a-d32a-4f5e-ae7b-870dfb7963f3/downloads/bundle?id=000000000000533", filename = "C:\Users\cofc_\AppData\Local\Temp\tmp36FD.tmp\rjsec526.ZIP", message = "rjsec526")~~RJStevensMusicPresentationCreator.Program~0000002444
2024-12-14 22:09:03.4442~DEBUG~-> ExtractAllFromFile(zipFileName = "C:\Users\cofc_\AppData\Local\Temp\tmp36FD.tmp\rjsec526.ZIP", decompressedFolder = "C:\Users\cofc_\AppData\Local\Temp\tmp38E2.tmp", message = "rjsec526")~~RJStevensMusicPresentationCreator.Program~0000002445
2024-12-14 22:09:03.6842~DEBUG~extract completed~~RJStevensMusicPresentationCreator.Program~0000002446
2024-12-14 22:09:03.6882~DEBUG~<- ExtractAllFromFile(zipFileName = "C:\Users\cofc_\AppData\Local\Temp\tmp36FD.tmp\rjsec526.ZIP", decompressedFolder = "C:\Users\cofc_\AppData\Local\Temp\tmp38E2.tmp", message = "rjsec526")~~RJStevensMusicPresentationCreator.Program~0000002447
2024-12-14 22:09:03.7522~DEBUG~-> DownloadFile(url = "https://faas-nyc1-2ef2e6cc.doserverless.co/api/v1/web/fn-dd7f8f6a-d32a-4f5e-ae7b-870dfb7963f3/downloads/bundle?id=000000000000535", filename = "C:\Users\cofc_\AppData\Local\Temp\tmp3A1C.tmp\rjsec528.ZIP", message = "rjsec528")~~RJStevensMusicPresentationCreator.Program~0000002448
2024-12-14 22:09:04.0202~DEBUG~download completed~~RJStevensMusicPresentationCreator.Program~0000002449
2024-12-14 22:09:04.0202~DEBUG~<- DownloadFile(url = "https://faas-nyc1-2ef2e6cc.doserverless.co/api/v1/web/fn-dd7f8f6a-d32a-4f5e-ae7b-870dfb7963f3/downloads/bundle?id=000000000000535", filename = "C:\Users\cofc_\AppData\Local\Temp\tmp3A1C.tmp\rjsec528.ZIP", message = "rjsec528")~~RJStevensMusicPresentationCreator.Program~0000002450
2024-12-14 22:09:04.0392~DEBUG~-> ExtractAllFromFile(zipFileName = "C:\Users\cofc_\AppData\Local\Temp\tmp3A1C.tmp\rjsec528.ZIP", decompressedFolder = "C:\Users\cofc_\AppData\Local\Temp\tmp3B36.tmp", message = "rjsec528")~~RJStevensMusicPresentationCreator.Program~0000002451
2024-12-14 22:09:04.3753~DEBUG~extract completed~~RJStevensMusicPresentationCreator.Program~0000002452
2024-12-14 22:09:04.3793~DEBUG~<- ExtractAllFromFile(zipFileName = "C:\Users\cofc_\AppData\Local\Temp\tmp3A1C.tmp\rjsec528.ZIP", decompressedFolder = "C:\Users\cofc_\AppData\Local\Temp\tmp3B36.tmp", message = "rjsec528")~~RJStevensMusicPresentationCreator.Program~0000002453
2024-12-14 22:09:04.4643~DEBUG~-> DownloadFile(url = "https://faas-nyc1-2ef2e6cc.doserverless.co/api/v1/web/fn-dd7f8f6a-d32a-4f5e-ae7b-870dfb7963f3/downloads/bundle?id=000000000000536", filename = "C:\Users\cofc_\AppData\Local\Temp\tmp3CDD.tmp\rjsec529.ZIP", message = "rjsec529")~~RJStevensMusicPresentationCreator.Program~0000002454
2024-12-14 22:09:04.6943~DEBUG~download completed~~RJStevensMusicPresentationCreator.Program~0000002455
2024-12-14 22:09:04.6943~DEBUG~<- DownloadFile(url = "https://faas-nyc1-2ef2e6cc.doserverless.co/api/v1/web/fn-dd7f8f6a-d32a-4f5e-ae7b-870dfb7963f3/downloads/bundle?id=000000000000536", filename = "C:\Users\cofc_\AppData\Local\Temp\tmp3CDD.tmp\rjsec529.ZIP", message = "rjsec529")~~RJStevensMusicPresentationCreator.Program~0000002456
2024-12-14 22:09:04.7063~DEBUG~-> ExtractAllFromFile(zipFileName = "C:\Users\cofc_\AppData\Local\Temp\tmp3CDD.tmp\rjsec529.ZIP", decompressedFolder = "C:\Users\cofc_\AppData\Local\Temp\tmp3DD8.tmp", message = "rjsec529")~~RJStevensMusicPresentationCreator.Program~0000002457
2024-12-14 22:09:04.9633~DEBUG~extract completed~~RJStevensMusicPresentationCreator.Program~0000002458
2024-12-14 22:09:04.9633~DEBUG~<- ExtractAllFromFile(zipFileName = "C:\Users\cofc_\AppData\Local\Temp\tmp3CDD.tmp\rjsec529.ZIP", decompressedFolder = "C:\Users\cofc_\AppData\Local\Temp\tmp3DD8.tmp", message = "rjsec529")~~RJStevensMusicPresentationCreator.Program~0000002459
2024-12-14 22:09:05.0433~DEBUG~-> DownloadFile(url = "https://faas-nyc1-2ef2e6cc.doserverless.co/api/v1/web/fn-dd7f8f6a-d32a-4f5e-ae7b-870dfb7963f3/downloads/bundle?id=000000000000537", filename = "C:\Users\cofc_\AppData\Local\Temp\tmp3F21.tmp\rjsec530.ZIP", message = "rjsec530")~~RJStevensMusicPresentationCreator.Program~0000002460
2024-12-14 22:09:05.3173~DEBUG~download completed~~RJStevensMusicPresentationCreator.Program~0000002461
2024-12-14 22:09:05.3173~DEBUG~<- DownloadFile(url = "https://faas-nyc1-2ef2e6cc.doserverless.co/api/v1/web/fn-dd7f8f6a-d32a-4f5e-ae7b-870dfb7963f3/downloads/bundle?id=000000000000537", filename = "C:\Users\cofc_\AppData\Local\Temp\tmp3F21.tmp\rjsec530.ZIP", message = "rjsec530")~~RJStevensMusicPresentationCreator.Program~0000002462
2024-12-14 22:09:05.3303~DEBUG~-> ExtractAllFromFile(zipFileName = "C:\Users\cofc_\AppData\Local\Temp\tmp3F21.tmp\rjsec530.ZIP", decompressedFolder = "C:\Users\cofc_\AppData\Local\Temp\tmp404B.tmp", message = "rjsec530")~~RJStevensMusicPresentationCreator.Program~0000002463
2024-12-14 22:09:05.6814~DEBUG~extract completed~~RJStevensMusicPresentationCreator.Program~0000002464
2024-12-14 22:09:05.6814~DEBUG~<- ExtractAllFromFile(zipFileName = "C:\Users\cofc_\AppData\Local\Temp\tmp3F21.tmp\rjsec530.ZIP", decompressedFolder = "C:\Users\cofc_\AppData\Local\Temp\tmp404B.tmp", message = "rjsec530")~~RJStevensMusicPresentationCreator.Program~0000002465
2024-12-14 22:09:05.7674~DEBUG~-> DownloadFile(url = "https://faas-nyc1-2ef2e6cc.doserverless.co/api/v1/web/fn-dd7f8f6a-d32a-4f5e-ae7b-870dfb7963f3/downloads/bundle?id=000000000000538", filename = "C:\Users\cofc_\AppData\Local\Temp\tmp4201.tmp\rjsec531.ZIP", message = "rjsec531")~~RJStevensMusicPresentationCreator.Program~0000002466
2024-12-14 22:09:05.9644~DEBUG~download completed~~RJStevensMusicPresentationCreator.Program~0000002467
2024-12-14 22:09:05.9644~DEBUG~<- DownloadFile(url = "https://faas-nyc1-2ef2e6cc.doserverless.co/api/v1/web/fn-dd7f8f6a-d32a-4f5e-ae7b-870dfb7963f3/downloads/bundle?id=000000000000538", filename = "C:\Users\cofc_\AppData\Local\Temp\tmp4201.tmp\rjsec531.ZIP", message = "rjsec531")~~RJStevensMusicPresentationCreator.Program~0000002468
2024-12-14 22:09:05.9754~DEBUG~-> ExtractAllFromFile(zipFileName = "C:\Users\cofc_\AppData\Local\Temp\tmp4201.tmp\rjsec531.ZIP", decompressedFolder = "C:\Users\cofc_\AppData\Local\Temp\tmp42CE.tmp", message = "rjsec531")~~RJStevensMusicPresentationCreator.Program~0000002469
2024-12-14 22:09:06.1554~DEBUG~extract completed~~RJStevensMusicPresentationCreator.Program~0000002470
2024-12-14 22:09:06.1614~DEBUG~<- ExtractAllFromFile(zipFileName = "C:\Users\cofc_\AppData\Local\Temp\tmp4201.tmp\rjsec531.ZIP", decompressedFolder = "C:\Users\cofc_\AppData\Local\Temp\tmp42CE.tmp", message = "rjsec531")~~RJStevensMusicPresentationCreator.Program~0000002471
2024-12-14 22:09:06.2164~DEBUG~-> DownloadFile(url = "https://faas-nyc1-2ef2e6cc.doserverless.co/api/v1/web/fn-dd7f8f6a-d32a-4f5e-ae7b-870dfb7963f3/downloads/bundle?id=000000000000539", filename = "C:\Users\cofc_\AppData\Local\Temp\tmp43B9.tmp\rjsec531a.ZIP", message = "rjsec531a")~~RJStevensMusicPresentationCreator.Program~0000002472
2024-12-14 22:09:06.4504~DEBUG~download completed~~RJStevensMusicPresentationCreator.Program~0000002473
2024-12-14 22:09:06.4504~DEBUG~<- DownloadFile(url = "https://faas-nyc1-2ef2e6cc.doserverless.co/api/v1/web/fn-dd7f8f6a-d32a-4f5e-ae7b-870dfb7963f3/downloads/bundle?id=000000000000539", filename = "C:\Users\cofc_\AppData\Local\Temp\tmp43B9.tmp\rjsec531a.ZIP", message = "rjsec531a")~~RJStevensMusicPresentationCreator.Program~0000002474
2024-12-14 22:09:06.4684~DEBUG~-> ExtractAllFromFile(zipFileName = "C:\Users\cofc_\AppData\Local\Temp\tmp43B9.tmp\rjsec531a.ZIP", decompressedFolder = "C:\Users\cofc_\AppData\Local\Temp\tmp44B4.tmp", message = "rjsec531a")~~RJStevensMusicPresentationCreator.Program~0000002475
2024-12-14 22:09:06.7784~DEBUG~extract completed~~RJStevensMusicPresentationCreator.Program~0000002476
2024-12-14 22:09:06.7784~DEBUG~<- ExtractAllFromFile(zipFileName = "C:\Users\cofc_\AppData\Local\Temp\tmp43B9.tmp\rjsec531a.ZIP", decompressedFolder = "C:\Users\cofc_\AppData\Local\Temp\tmp44B4.tmp", message = "rjsec531a")~~RJStevensMusicPresentationCreator.Program~0000002477
2024-12-14 22:09:06.8675~DEBUG~-> DownloadFile(url = "https://faas-nyc1-2ef2e6cc.doserverless.co/api/v1/web/fn-dd7f8f6a-d32a-4f5e-ae7b-870dfb7963f3/downloads/bundle?id=000000000000540", filename = "C:\Users\cofc_\AppData\Local\Temp\tmp464B.tmp\rjsec532.ZIP", message = "rjsec532")~~RJStevensMusicPresentationCreator.Program~0000002478
2024-12-14 22:09:07.1075~DEBUG~download completed~~RJStevensMusicPresentationCreator.Program~0000002479
2024-12-14 22:09:07.1075~DEBUG~<- DownloadFile(url = "https://faas-nyc1-2ef2e6cc.doserverless.co/api/v1/web/fn-dd7f8f6a-d32a-4f5e-ae7b-870dfb7963f3/downloads/bundle?id=000000000000540", filename = "C:\Users\cofc_\AppData\Local\Temp\tmp464B.tmp\rjsec532.ZIP", message = "rjsec532")~~RJStevensMusicPresentationCreator.Program~0000002480
2024-12-14 22:09:07.1215~DEBUG~-> ExtractAllFromFile(zipFileName = "C:\Users\cofc_\AppData\Local\Temp\tmp464B.tmp\rjsec532.ZIP", decompressedFolder = "C:\Users\cofc_\AppData\Local\Temp\tmp4746.tmp", message = "rjsec532")~~RJStevensMusicPresentationCreator.Program~0000002481
2024-12-14 22:09:07.6205~DEBUG~extract completed~~RJStevensMusicPresentationCreator.Program~0000002482
2024-12-14 22:09:07.6285~DEBUG~<- ExtractAllFromFile(zipFileName = "C:\Users\cofc_\AppData\Local\Temp\tmp464B.tmp\rjsec532.ZIP", decompressedFolder = "C:\Users\cofc_\AppData\Local\Temp\tmp4746.tmp", message = "rjsec532")~~RJStevensMusicPresentationCreator.Program~0000002483
2024-12-14 22:09:07.7895~DEBUG~-> DownloadFile(url = "https://faas-nyc1-2ef2e6cc.doserverless.co/api/v1/web/fn-dd7f8f6a-d32a-4f5e-ae7b-870dfb7963f3/downloads/bundle?id=000000000000541", filename = "C:\Users\cofc_\AppData\Local\Temp\tmp49E7.tmp\rjsec533.ZIP", message = "rjsec533")~~RJStevensMusicPresentationCreator.Program~0000002484
2024-12-14 22:09:08.0115~DEBUG~download completed~~RJStevensMusicPresentationCreator.Program~0000002485
2024-12-14 22:09:08.0115~DEBUG~<- DownloadFile(url = "https://faas-nyc1-2ef2e6cc.doserverless.co/api/v1/web/fn-dd7f8f6a-d32a-4f5e-ae7b-870dfb7963f3/downloads/bundle?id=000000000000541", filename = "C:\Users\cofc_\AppData\Local\Temp\tmp49E7.tmp\rjsec533.ZIP", message = "rjsec533")~~RJStevensMusicPresentationCreator.Program~0000002486
2024-12-14 22:09:08.0235~DEBUG~-> ExtractAllFromFile(zipFileName = "C:\Users\cofc_\AppData\Local\Temp\tmp49E7.tmp\rjsec533.ZIP", decompressedFolder = "C:\Users\cofc_\AppData\Local\Temp\tmp4AD2.tmp", message = "rjsec533")~~RJStevensMusicPresentationCreator.Program~0000002487
2024-12-14 22:09:08.4326~DEBUG~extract completed~~RJStevensMusicPresentationCreator.Program~0000002488
2024-12-14 22:09:08.4396~DEBUG~<- ExtractAllFromFile(zipFileName = "C:\Users\cofc_\AppData\Local\Temp\tmp49E7.tmp\rjsec533.ZIP", decompressedFolder = "C:\Users\cofc_\AppData\Local\Temp\tmp4AD2.tmp", message = "rjsec533")~~RJStevensMusicPresentationCreator.Program~0000002489
2024-12-14 22:09:08.5236~DEBUG~-> DownloadFile(url = "https://faas-nyc1-2ef2e6cc.doserverless.co/api/v1/web/fn-dd7f8f6a-d32a-4f5e-ae7b-870dfb7963f3/downloads/bundle?id=000000000000542", filename = "C:\Users\cofc_\AppData\Local\Temp\tmp4CC7.tmp\rjsec534.ZIP", message = "rjsec534")~~RJStevensMusicPresentationCreator.Program~0000002490
2024-12-14 22:09:08.7546~DEBUG~download completed~~RJStevensMusicPresentationCreator.Program~0000002491
2024-12-14 22:09:08.7546~DEBUG~<- DownloadFile(url = "https://faas-nyc1-2ef2e6cc.doserverless.co/api/v1/web/fn-dd7f8f6a-d32a-4f5e-ae7b-870dfb7963f3/downloads/bundle?id=000000000000542", filename = "C:\Users\cofc_\AppData\Local\Temp\tmp4CC7.tmp\rjsec534.ZIP", message = "rjsec534")~~RJStevensMusicPresentationCreator.Program~0000002492
2024-12-14 22:09:08.7666~DEBUG~-> ExtractAllFromFile(zipFileName = "C:\Users\cofc_\AppData\Local\Temp\tmp4CC7.tmp\rjsec534.ZIP", decompressedFolder = "C:\Users\cofc_\AppData\Local\Temp\tmp4DB3.tmp", message = "rjsec534")~~RJStevensMusicPresentationCreator.Program~0000002493
2024-12-14 22:09:09.0666~DEBUG~extract completed~~RJStevensMusicPresentationCreator.Program~0000002494
2024-12-14 22:09:09.0666~DEBUG~<- ExtractAllFromFile(zipFileName = "C:\Users\cofc_\AppData\Local\Temp\tmp4CC7.tmp\rjsec534.ZIP", decompressedFolder = "C:\Users\cofc_\AppData\Local\Temp\tmp4DB3.tmp", message = "rjsec534")~~RJStevensMusicPresentationCreator.Program~0000002495
2024-12-14 22:09:09.1476~DEBUG~-> DownloadFile(url = "https://faas-nyc1-2ef2e6cc.doserverless.co/api/v1/web/fn-dd7f8f6a-d32a-4f5e-ae7b-870dfb7963f3/downloads/bundle?id=000000000000544", filename = "C:\Users\cofc_\AppData\Local\Temp\tmp4F3A.tmp\rjsec536.ZIP", message = "rjsec536")~~RJStevensMusicPresentationCreator.Program~0000002496
2024-12-14 22:09:09.3706~DEBUG~download completed~~RJStevensMusicPresentationCreator.Program~0000002497
2024-12-14 22:09:09.3706~DEBUG~<- DownloadFile(url = "https://faas-nyc1-2ef2e6cc.doserverless.co/api/v1/web/fn-dd7f8f6a-d32a-4f5e-ae7b-870dfb7963f3/downloads/bundle?id=000000000000544", filename = "C:\Users\cofc_\AppData\Local\Temp\tmp4F3A.tmp\rjsec536.ZIP", message = "rjsec536")~~RJStevensMusicPresentationCreator.Program~0000002498
2024-12-14 22:09:09.3876~DEBUG~-> ExtractAllFromFile(zipFileName = "C:\Users\cofc_\AppData\Local\Temp\tmp4F3A.tmp\rjsec536.ZIP", decompressedFolder = "C:\Users\cofc_\AppData\Local\Temp\tmp5026.tmp", message = "rjsec536")~~RJStevensMusicPresentationCreator.Program~0000002499
2024-12-14 22:09:09.6517~DEBUG~extract completed~~RJStevensMusicPresentationCreator.Program~0000002500
2024-12-14 22:09:09.6517~DEBUG~<- ExtractAllFromFile(zipFileName = "C:\Users\cofc_\AppData\Local\Temp\tmp4F3A.tmp\rjsec536.ZIP", decompressedFolder = "C:\Users\cofc_\AppData\Local\Temp\tmp5026.tmp", message = "rjsec536")~~RJStevensMusicPresentationCreator.Program~0000002501
2024-12-14 22:09:09.7307~DEBUG~-> DownloadFile(url = "https://faas-nyc1-2ef2e6cc.doserverless.co/api/v1/web/fn-dd7f8f6a-d32a-4f5e-ae7b-870dfb7963f3/downloads/bundle?id=000000000000548", filename = "C:\Users\cofc_\AppData\Local\Temp\tmp517F.tmp\rjsec540.ZIP", message = "rjsec540")~~RJStevensMusicPresentationCreator.Program~0000002502
2024-12-14 22:09:09.9587~DEBUG~download completed~~RJStevensMusicPresentationCreator.Program~0000002503
2024-12-14 22:09:09.9587~DEBUG~<- DownloadFile(url = "https://faas-nyc1-2ef2e6cc.doserverless.co/api/v1/web/fn-dd7f8f6a-d32a-4f5e-ae7b-870dfb7963f3/downloads/bundle?id=000000000000548", filename = "C:\Users\cofc_\AppData\Local\Temp\tmp517F.tmp\rjsec540.ZIP", message = "rjsec540")~~RJStevensMusicPresentationCreator.Program~0000002504
2024-12-14 22:09:09.9807~DEBUG~-> ExtractAllFromFile(zipFileName = "C:\Users\cofc_\AppData\Local\Temp\tmp517F.tmp\rjsec540.ZIP", decompressedFolder = "C:\Users\cofc_\AppData\Local\Temp\tmp527A.tmp", message = "rjsec540")~~RJStevensMusicPresentationCreator.Program~0000002505
2024-12-14 22:09:10.2477~DEBUG~extract completed~~RJStevensMusicPresentationCreator.Program~0000002506
2024-12-14 22:09:10.2517~DEBUG~<- ExtractAllFromFile(zipFileName = "C:\Users\cofc_\AppData\Local\Temp\tmp517F.tmp\rjsec540.ZIP", decompressedFolder = "C:\Users\cofc_\AppData\Local\Temp\tmp527A.tmp", message = "rjsec540")~~RJStevensMusicPresentationCreator.Program~0000002507
2024-12-14 22:09:10.3327~DEBUG~-> DownloadFile(url = "https://faas-nyc1-2ef2e6cc.doserverless.co/api/v1/web/fn-dd7f8f6a-d32a-4f5e-ae7b-870dfb7963f3/downloads/bundle?id=000000000000549", filename = "C:\Users\cofc_\AppData\Local\Temp\tmp53E2.tmp\rjsec541.ZIP", message = "rjsec541")~~RJStevensMusicPresentationCreator.Program~0000002508
2024-12-14 22:09:10.5767~DEBUG~download completed~~RJStevensMusicPresentationCreator.Program~0000002509
2024-12-14 22:09:10.5787~DEBUG~<- DownloadFile(url = "https://faas-nyc1-2ef2e6cc.doserverless.co/api/v1/web/fn-dd7f8f6a-d32a-4f5e-ae7b-870dfb7963f3/downloads/bundle?id=000000000000549", filename = "C:\Users\cofc_\AppData\Local\Temp\tmp53E2.tmp\rjsec541.ZIP", message = "rjsec541")~~RJStevensMusicPresentationCreator.Program~0000002510
2024-12-14 22:09:10.5787~DEBUG~-> ExtractAllFromFile(zipFileName = "C:\Users\cofc_\AppData\Local\Temp\tmp53E2.tmp\rjsec541.ZIP", decompressedFolder = "C:\Users\cofc_\AppData\Local\Temp\tmp54DD.tmp", message = "rjsec541")~~RJStevensMusicPresentationCreator.Program~0000002511
2024-12-14 22:09:10.8387~DEBUG~extract completed~~RJStevensMusicPresentationCreator.Program~0000002512
2024-12-14 22:09:10.8387~DEBUG~<- ExtractAllFromFile(zipFileName = "C:\Users\cofc_\AppData\Local\Temp\tmp53E2.tmp\rjsec541.ZIP", decompressedFolder = "C:\Users\cofc_\AppData\Local\Temp\tmp54DD.tmp", message = "rjsec541")~~RJStevensMusicPresentationCreator.Program~0000002513
2024-12-14 22:09:10.9178~DEBUG~-> DownloadFile(url = "https://faas-nyc1-2ef2e6cc.doserverless.co/api/v1/web/fn-dd7f8f6a-d32a-4f5e-ae7b-870dfb7963f3/downloads/bundle?id=000000000000550", filename = "C:\Users\cofc_\AppData\Local\Temp\tmp5626.tmp\rjsec542.ZIP", message = "rjsec542")~~RJStevensMusicPresentationCreator.Program~0000002514
2024-12-14 22:09:11.1988~DEBUG~download completed~~RJStevensMusicPresentationCreator.Program~0000002515
2024-12-14 22:09:11.1988~DEBUG~<- DownloadFile(url = "https://faas-nyc1-2ef2e6cc.doserverless.co/api/v1/web/fn-dd7f8f6a-d32a-4f5e-ae7b-870dfb7963f3/downloads/bundle?id=000000000000550", filename = "C:\Users\cofc_\AppData\Local\Temp\tmp5626.tmp\rjsec542.ZIP", message = "rjsec542")~~RJStevensMusicPresentationCreator.Program~0000002516
2024-12-14 22:09:11.2158~DEBUG~-> ExtractAllFromFile(zipFileName = "C:\Users\cofc_\AppData\Local\Temp\tmp5626.tmp\rjsec542.ZIP", decompressedFolder = "C:\Users\cofc_\AppData\Local\Temp\tmp5750.tmp", message = "rjsec542")~~RJStevensMusicPresentationCreator.Program~0000002517
2024-12-14 22:09:11.5988~DEBUG~extract completed~~RJStevensMusicPresentationCreator.Program~0000002518
2024-12-14 22:09:11.5988~DEBUG~<- ExtractAllFromFile(zipFileName = "C:\Users\cofc_\AppData\Local\Temp\tmp5626.tmp\rjsec542.ZIP", decompressedFolder = "C:\Users\cofc_\AppData\Local\Temp\tmp5750.tmp", message = "rjsec542")~~RJStevensMusicPresentationCreator.Program~0000002519
2024-12-14 22:09:11.6898~DEBUG~-> DownloadFile(url = "https://faas-nyc1-2ef2e6cc.doserverless.co/api/v1/web/fn-dd7f8f6a-d32a-4f5e-ae7b-870dfb7963f3/downloads/bundle?id=000000000000551", filename = "C:\Users\cofc_\AppData\Local\Temp\tmp5926.tmp\rjsec543.ZIP", message = "rjsec543")~~RJStevensMusicPresentationCreator.Program~0000002520
2024-12-14 22:09:11.9558~DEBUG~download completed~~RJStevensMusicPresentationCreator.Program~0000002521
2024-12-14 22:09:11.9558~DEBUG~<- DownloadFile(url = "https://faas-nyc1-2ef2e6cc.doserverless.co/api/v1/web/fn-dd7f8f6a-d32a-4f5e-ae7b-870dfb7963f3/downloads/bundle?id=000000000000551", filename = "C:\Users\cofc_\AppData\Local\Temp\tmp5926.tmp\rjsec543.ZIP", message = "rjsec543")~~RJStevensMusicPresentationCreator.Program~0000002522
2024-12-14 22:09:11.9748~DEBUG~-> ExtractAllFromFile(zipFileName = "C:\Users\cofc_\AppData\Local\Temp\tmp5926.tmp\rjsec543.ZIP", decompressedFolder = "C:\Users\cofc_\AppData\Local\Temp\tmp5A50.tmp", message = "rjsec543")~~RJStevensMusicPresentationCreator.Program~0000002523
2024-12-14 22:09:12.2479~DEBUG~extract completed~~RJStevensMusicPresentationCreator.Program~0000002524
2024-12-14 22:09:12.2518~DEBUG~<- ExtractAllFromFile(zipFileName = "C:\Users\cofc_\AppData\Local\Temp\tmp5926.tmp\rjsec543.ZIP", decompressedFolder = "C:\Users\cofc_\AppData\Local\Temp\tmp5A50.tmp", message = "rjsec543")~~RJStevensMusicPresentationCreator.Program~0000002525
2024-12-14 22:09:12.3189~DEBUG~-> DownloadFile(url = "https://faas-nyc1-2ef2e6cc.doserverless.co/api/v1/web/fn-dd7f8f6a-d32a-4f5e-ae7b-870dfb7963f3/downloads/bundle?id=000000000000552", filename = "C:\Users\cofc_\AppData\Local\Temp\tmp5BA8.tmp\rjsec544.ZIP", message = "rjsec544")~~RJStevensMusicPresentationCreator.Program~0000002526
2024-12-14 22:09:12.5449~DEBUG~download completed~~RJStevensMusicPresentationCreator.Program~0000002527
2024-12-14 22:09:12.5449~DEBUG~<- DownloadFile(url = "https://faas-nyc1-2ef2e6cc.doserverless.co/api/v1/web/fn-dd7f8f6a-d32a-4f5e-ae7b-870dfb7963f3/downloads/bundle?id=000000000000552", filename = "C:\Users\cofc_\AppData\Local\Temp\tmp5BA8.tmp\rjsec544.ZIP", message = "rjsec544")~~RJStevensMusicPresentationCreator.Program~0000002528
2024-12-14 22:09:12.5619~DEBUG~-> ExtractAllFromFile(zipFileName = "C:\Users\cofc_\AppData\Local\Temp\tmp5BA8.tmp\rjsec544.ZIP", decompressedFolder = "C:\Users\cofc_\AppData\Local\Temp\tmp5C94.tmp", message = "rjsec544")~~RJStevensMusicPresentationCreator.Program~0000002529
2024-12-14 22:09:12.8829~DEBUG~extract completed~~RJStevensMusicPresentationCreator.Program~0000002530
2024-12-14 22:09:12.8829~DEBUG~<- ExtractAllFromFile(zipFileName = "C:\Users\cofc_\AppData\Local\Temp\tmp5BA8.tmp\rjsec544.ZIP", decompressedFolder = "C:\Users\cofc_\AppData\Local\Temp\tmp5C94.tmp", message = "rjsec544")~~RJStevensMusicPresentationCreator.Program~0000002531
2024-12-14 22:09:12.9719~DEBUG~-> DownloadFile(url = "https://faas-nyc1-2ef2e6cc.doserverless.co/api/v1/web/fn-dd7f8f6a-d32a-4f5e-ae7b-870dfb7963f3/downloads/bundle?id=000000000000553", filename = "C:\Users\cofc_\AppData\Local\Temp\tmp5E3B.tmp\rjsec545.ZIP", message = "rjsec545")~~RJStevensMusicPresentationCreator.Program~0000002532
2024-12-14 22:09:13.1729~DEBUG~download completed~~RJStevensMusicPresentationCreator.Program~0000002533
2024-12-14 22:09:13.1729~DEBUG~<- DownloadFile(url = "https://faas-nyc1-2ef2e6cc.doserverless.co/api/v1/web/fn-dd7f8f6a-d32a-4f5e-ae7b-870dfb7963f3/downloads/bundle?id=000000000000553", filename = "C:\Users\cofc_\AppData\Local\Temp\tmp5E3B.tmp\rjsec545.ZIP", message = "rjsec545")~~RJStevensMusicPresentationCreator.Program~0000002534
2024-12-14 22:09:13.1729~DEBUG~-> ExtractAllFromFile(zipFileName = "C:\Users\cofc_\AppData\Local\Temp\tmp5E3B.tmp\rjsec545.ZIP", decompressedFolder = "C:\Users\cofc_\AppData\Local\Temp\tmp5F07.tmp", message = "rjsec545")~~RJStevensMusicPresentationCreator.Program~0000002535
2024-12-14 22:09:13.4569~DEBUG~extract completed~~RJStevensMusicPresentationCreator.Program~0000002536
2024-12-14 22:09:13.4739~DEBUG~<- ExtractAllFromFile(zipFileName = "C:\Users\cofc_\AppData\Local\Temp\tmp5E3B.tmp\rjsec545.ZIP", decompressedFolder = "C:\Users\cofc_\AppData\Local\Temp\tmp5F07.tmp", message = "rjsec545")~~RJStevensMusicPresentationCreator.Program~0000002537
2024-12-14 22:09:13.6120~DEBUG~-> DownloadFile(url = "https://faas-nyc1-2ef2e6cc.doserverless.co/api/v1/web/fn-dd7f8f6a-d32a-4f5e-ae7b-870dfb7963f3/downloads/bundle?id=000000000000554", filename = "C:\Users\cofc_\AppData\Local\Temp\tmp60BD.tmp\rjsec546.ZIP", message = "rjsec546")~~RJStevensMusicPresentationCreator.Program~0000002538
2024-12-14 22:09:13.8790~DEBUG~download completed~~RJStevensMusicPresentationCreator.Program~0000002539
2024-12-14 22:09:13.8790~DEBUG~<- DownloadFile(url = "https://faas-nyc1-2ef2e6cc.doserverless.co/api/v1/web/fn-dd7f8f6a-d32a-4f5e-ae7b-870dfb7963f3/downloads/bundle?id=000000000000554", filename = "C:\Users\cofc_\AppData\Local\Temp\tmp60BD.tmp\rjsec546.ZIP", message = "rjsec546")~~RJStevensMusicPresentationCreator.Program~0000002540
2024-12-14 22:09:13.8960~DEBUG~-> ExtractAllFromFile(zipFileName = "C:\Users\cofc_\AppData\Local\Temp\tmp60BD.tmp\rjsec546.ZIP", decompressedFolder = "C:\Users\cofc_\AppData\Local\Temp\tmp61D7.tmp", message = "rjsec546")~~RJStevensMusicPresentationCreator.Program~0000002541
2024-12-14 22:09:14.3800~DEBUG~extract completed~~RJStevensMusicPresentationCreator.Program~0000002542
2024-12-14 22:09:14.3800~DEBUG~<- ExtractAllFromFile(zipFileName = "C:\Users\cofc_\AppData\Local\Temp\tmp60BD.tmp\rjsec546.ZIP", decompressedFolder = "C:\Users\cofc_\AppData\Local\Temp\tmp61D7.tmp", message = "rjsec546")~~RJStevensMusicPresentationCreator.Program~0000002543
2024-12-14 22:09:14.4820~DEBUG~-> DownloadFile(url = "https://faas-nyc1-2ef2e6cc.doserverless.co/api/v1/web/fn-dd7f8f6a-d32a-4f5e-ae7b-870dfb7963f3/downloads/bundle?id=000000000000555", filename = "C:\Users\cofc_\AppData\Local\Temp\tmp641B.tmp\rjsec547.ZIP", message = "rjsec547")~~RJStevensMusicPresentationCreator.Program~0000002544
2024-12-14 22:09:14.7010~DEBUG~download completed~~RJStevensMusicPresentationCreator.Program~0000002545
2024-12-14 22:09:14.7010~DEBUG~<- DownloadFile(url = "https://faas-nyc1-2ef2e6cc.doserverless.co/api/v1/web/fn-dd7f8f6a-d32a-4f5e-ae7b-870dfb7963f3/downloads/bundle?id=000000000000555", filename = "C:\Users\cofc_\AppData\Local\Temp\tmp641B.tmp\rjsec547.ZIP", message = "rjsec547")~~RJStevensMusicPresentationCreator.Program~0000002546
2024-12-14 22:09:14.7170~DEBUG~-> ExtractAllFromFile(zipFileName = "C:\Users\cofc_\AppData\Local\Temp\tmp641B.tmp\rjsec547.ZIP", decompressedFolder = "C:\Users\cofc_\AppData\Local\Temp\tmp6506.tmp", message = "rjsec547")~~RJStevensMusicPresentationCreator.Program~0000002547
2024-12-14 22:09:14.9871~DEBUG~extract completed~~RJStevensMusicPresentationCreator.Program~0000002548
2024-12-14 22:09:14.9871~DEBUG~<- ExtractAllFromFile(zipFileName = "C:\Users\cofc_\AppData\Local\Temp\tmp641B.tmp\rjsec547.ZIP", decompressedFolder = "C:\Users\cofc_\AppData\Local\Temp\tmp6506.tmp", message = "rjsec547")~~RJStevensMusicPresentationCreator.Program~0000002549
2024-12-14 22:09:15.0681~DEBUG~-> DownloadFile(url = "https://faas-nyc1-2ef2e6cc.doserverless.co/api/v1/web/fn-dd7f8f6a-d32a-4f5e-ae7b-870dfb7963f3/downloads/bundle?id=000000000000556", filename = "C:\Users\cofc_\AppData\Local\Temp\tmp666E.tmp\rjsec548.ZIP", message = "rjsec548")~~RJStevensMusicPresentationCreator.Program~0000002550
2024-12-14 22:09:15.3161~DEBUG~download completed~~RJStevensMusicPresentationCreator.Program~0000002551
2024-12-14 22:09:15.3161~DEBUG~<- DownloadFile(url = "https://faas-nyc1-2ef2e6cc.doserverless.co/api/v1/web/fn-dd7f8f6a-d32a-4f5e-ae7b-870dfb7963f3/downloads/bundle?id=000000000000556", filename = "C:\Users\cofc_\AppData\Local\Temp\tmp666E.tmp\rjsec548.ZIP", message = "rjsec548")~~RJStevensMusicPresentationCreator.Program~0000002552
2024-12-14 22:09:15.3161~DEBUG~-> ExtractAllFromFile(zipFileName = "C:\Users\cofc_\AppData\Local\Temp\tmp666E.tmp\rjsec548.ZIP", decompressedFolder = "C:\Users\cofc_\AppData\Local\Temp\tmp6769.tmp", message = "rjsec548")~~RJStevensMusicPresentationCreator.Program~0000002553
2024-12-14 22:09:15.5871~DEBUG~extract completed~~RJStevensMusicPresentationCreator.Program~0000002554
2024-12-14 22:09:15.5871~DEBUG~<- ExtractAllFromFile(zipFileName = "C:\Users\cofc_\AppData\Local\Temp\tmp666E.tmp\rjsec548.ZIP", decompressedFolder = "C:\Users\cofc_\AppData\Local\Temp\tmp6769.tmp", message = "rjsec548")~~RJStevensMusicPresentationCreator.Program~0000002555
2024-12-14 22:09:15.6701~DEBUG~-> DownloadFile(url = "https://faas-nyc1-2ef2e6cc.doserverless.co/api/v1/web/fn-dd7f8f6a-d32a-4f5e-ae7b-870dfb7963f3/downloads/bundle?id=000000000000557", filename = "C:\Users\cofc_\AppData\Local\Temp\tmp68C2.tmp\rjsec549.ZIP", message = "rjsec549")~~RJStevensMusicPresentationCreator.Program~0000002556
2024-12-14 22:09:15.8641~DEBUG~download completed~~RJStevensMusicPresentationCreator.Program~0000002557
2024-12-14 22:09:15.8641~DEBUG~<- DownloadFile(url = "https://faas-nyc1-2ef2e6cc.doserverless.co/api/v1/web/fn-dd7f8f6a-d32a-4f5e-ae7b-870dfb7963f3/downloads/bundle?id=000000000000557", filename = "C:\Users\cofc_\AppData\Local\Temp\tmp68C2.tmp\rjsec549.ZIP", message = "rjsec549")~~RJStevensMusicPresentationCreator.Program~0000002558
2024-12-14 22:09:15.8811~DEBUG~-> ExtractAllFromFile(zipFileName = "C:\Users\cofc_\AppData\Local\Temp\tmp68C2.tmp\rjsec549.ZIP", decompressedFolder = "C:\Users\cofc_\AppData\Local\Temp\tmp699E.tmp", message = "rjsec549")~~RJStevensMusicPresentationCreator.Program~0000002559
2024-12-14 22:09:16.1081~DEBUG~extract completed~~RJStevensMusicPresentationCreator.Program~0000002560
2024-12-14 22:09:16.1121~DEBUG~<- ExtractAllFromFile(zipFileName = "C:\Users\cofc_\AppData\Local\Temp\tmp68C2.tmp\rjsec549.ZIP", decompressedFolder = "C:\Users\cofc_\AppData\Local\Temp\tmp699E.tmp", message = "rjsec549")~~RJStevensMusicPresentationCreator.Program~0000002561
2024-12-14 22:09:16.1841~DEBUG~-> DownloadFile(url = "https://faas-nyc1-2ef2e6cc.doserverless.co/api/v1/web/fn-dd7f8f6a-d32a-4f5e-ae7b-870dfb7963f3/downloads/bundle?id=000000000000558", filename = "C:\Users\cofc_\AppData\Local\Temp\tmp6AC8.tmp\rjsec550.ZIP", message = "rjsec550")~~RJStevensMusicPresentationCreator.Program~0000002562
2024-12-14 22:09:16.4322~DEBUG~download completed~~RJStevensMusicPresentationCreator.Program~0000002563
2024-12-14 22:09:16.4322~DEBUG~<- DownloadFile(url = "https://faas-nyc1-2ef2e6cc.doserverless.co/api/v1/web/fn-dd7f8f6a-d32a-4f5e-ae7b-870dfb7963f3/downloads/bundle?id=000000000000558", filename = "C:\Users\cofc_\AppData\Local\Temp\tmp6AC8.tmp\rjsec550.ZIP", message = "rjsec550")~~RJStevensMusicPresentationCreator.Program~0000002564
2024-12-14 22:09:16.4432~DEBUG~-> ExtractAllFromFile(zipFileName = "C:\Users\cofc_\AppData\Local\Temp\tmp6AC8.tmp\rjsec550.ZIP", decompressedFolder = "C:\Users\cofc_\AppData\Local\Temp\tmp6BD2.tmp", message = "rjsec550")~~RJStevensMusicPresentationCreator.Program~0000002565
2024-12-14 22:09:16.9492~DEBUG~extract completed~~RJStevensMusicPresentationCreator.Program~0000002566
2024-12-14 22:09:16.9572~DEBUG~<- ExtractAllFromFile(zipFileName = "C:\Users\cofc_\AppData\Local\Temp\tmp6AC8.tmp\rjsec550.ZIP", decompressedFolder = "C:\Users\cofc_\AppData\Local\Temp\tmp6BD2.tmp", message = "rjsec550")~~RJStevensMusicPresentationCreator.Program~0000002567
2024-12-14 22:09:17.0542~DEBUG~-> DownloadFile(url = "https://faas-nyc1-2ef2e6cc.doserverless.co/api/v1/web/fn-dd7f8f6a-d32a-4f5e-ae7b-870dfb7963f3/downloads/bundle?id=000000000000559", filename = "C:\Users\cofc_\AppData\Local\Temp\tmp6E35.tmp\rjsec551.ZIP", message = "rjsec551")~~RJStevensMusicPresentationCreator.Program~0000002568
2024-12-14 22:09:17.2952~DEBUG~download completed~~RJStevensMusicPresentationCreator.Program~0000002569
2024-12-14 22:09:17.2952~DEBUG~<- DownloadFile(url = "https://faas-nyc1-2ef2e6cc.doserverless.co/api/v1/web/fn-dd7f8f6a-d32a-4f5e-ae7b-870dfb7963f3/downloads/bundle?id=000000000000559", filename = "C:\Users\cofc_\AppData\Local\Temp\tmp6E35.tmp\rjsec551.ZIP", message = "rjsec551")~~RJStevensMusicPresentationCreator.Program~0000002570
2024-12-14 22:09:17.3082~DEBUG~-> ExtractAllFromFile(zipFileName = "C:\Users\cofc_\AppData\Local\Temp\tmp6E35.tmp\rjsec551.ZIP", decompressedFolder = "C:\Users\cofc_\AppData\Local\Temp\tmp6F30.tmp", message = "rjsec551")~~RJStevensMusicPresentationCreator.Program~0000002571
2024-12-14 22:09:17.6933~DEBUG~extract completed~~RJStevensMusicPresentationCreator.Program~0000002572
2024-12-14 22:09:17.6933~DEBUG~<- ExtractAllFromFile(zipFileName = "C:\Users\cofc_\AppData\Local\Temp\tmp6E35.tmp\rjsec551.ZIP", decompressedFolder = "C:\Users\cofc_\AppData\Local\Temp\tmp6F30.tmp", message = "rjsec551")~~RJStevensMusicPresentationCreator.Program~0000002573
2024-12-14 22:09:17.7733~DEBUG~-> DownloadFile(url = "https://faas-nyc1-2ef2e6cc.doserverless.co/api/v1/web/fn-dd7f8f6a-d32a-4f5e-ae7b-870dfb7963f3/downloads/bundle?id=000000000000560", filename = "C:\Users\cofc_\AppData\Local\Temp\tmp7105.tmp\rjsec552.ZIP", message = "rjsec552")~~RJStevensMusicPresentationCreator.Program~0000002574
2024-12-14 22:09:18.2313~DEBUG~download completed~~RJStevensMusicPresentationCreator.Program~0000002575
2024-12-14 22:09:18.2313~DEBUG~<- DownloadFile(url = "https://faas-nyc1-2ef2e6cc.doserverless.co/api/v1/web/fn-dd7f8f6a-d32a-4f5e-ae7b-870dfb7963f3/downloads/bundle?id=000000000000560", filename = "C:\Users\cofc_\AppData\Local\Temp\tmp7105.tmp\rjsec552.ZIP", message = "rjsec552")~~RJStevensMusicPresentationCreator.Program~0000002576
2024-12-14 22:09:18.2463~DEBUG~-> ExtractAllFromFile(zipFileName = "C:\Users\cofc_\AppData\Local\Temp\tmp7105.tmp\rjsec552.ZIP", decompressedFolder = "C:\Users\cofc_\AppData\Local\Temp\tmp72DB.tmp", message = "rjsec552")~~RJStevensMusicPresentationCreator.Program~0000002577
2024-12-14 22:09:18.5293~DEBUG~extract completed~~RJStevensMusicPresentationCreator.Program~0000002578
2024-12-14 22:09:18.5323~DEBUG~<- ExtractAllFromFile(zipFileName = "C:\Users\cofc_\AppData\Local\Temp\tmp7105.tmp\rjsec552.ZIP", decompressedFolder = "C:\Users\cofc_\AppData\Local\Temp\tmp72DB.tmp", message = "rjsec552")~~RJStevensMusicPresentationCreator.Program~0000002579
2024-12-14 22:09:18.6103~DEBUG~-> DownloadFile(url = "https://faas-nyc1-2ef2e6cc.doserverless.co/api/v1/web/fn-dd7f8f6a-d32a-4f5e-ae7b-870dfb7963f3/downloads/bundle?id=000000000000561", filename = "C:\Users\cofc_\AppData\Local\Temp\tmp7444.tmp\rjsec553.ZIP", message = "rjsec553")~~RJStevensMusicPresentationCreator.Program~0000002580
2024-12-14 22:09:18.8193~DEBUG~download completed~~RJStevensMusicPresentationCreator.Program~0000002581
2024-12-14 22:09:18.8193~DEBUG~<- DownloadFile(url = "https://faas-nyc1-2ef2e6cc.doserverless.co/api/v1/web/fn-dd7f8f6a-d32a-4f5e-ae7b-870dfb7963f3/downloads/bundle?id=000000000000561", filename = "C:\Users\cofc_\AppData\Local\Temp\tmp7444.tmp\rjsec553.ZIP", message = "rjsec553")~~RJStevensMusicPresentationCreator.Program~0000002582
2024-12-14 22:09:18.8303~DEBUG~-> ExtractAllFromFile(zipFileName = "C:\Users\cofc_\AppData\Local\Temp\tmp7444.tmp\rjsec553.ZIP", decompressedFolder = "C:\Users\cofc_\AppData\Local\Temp\tmp752F.tmp", message = "rjsec553")~~RJStevensMusicPresentationCreator.Program~0000002583
2024-12-14 22:09:18.9714~DEBUG~extract completed~~RJStevensMusicPresentationCreator.Program~0000002584
2024-12-14 22:09:18.9714~DEBUG~<- ExtractAllFromFile(zipFileName = "C:\Users\cofc_\AppData\Local\Temp\tmp7444.tmp\rjsec553.ZIP", decompressedFolder = "C:\Users\cofc_\AppData\Local\Temp\tmp752F.tmp", message = "rjsec553")~~RJStevensMusicPresentationCreator.Program~0000002585
2024-12-14 22:09:19.0284~DEBUG~-> DownloadFile(url = "https://faas-nyc1-2ef2e6cc.doserverless.co/api/v1/web/fn-dd7f8f6a-d32a-4f5e-ae7b-870dfb7963f3/downloads/bundle?id=000000000000562", filename = "C:\Users\cofc_\AppData\Local\Temp\tmp75EB.tmp\rjsec554.ZIP", message = "rjsec554")~~RJStevensMusicPresentationCreator.Program~0000002586
2024-12-14 22:09:19.2724~DEBUG~download completed~~RJStevensMusicPresentationCreator.Program~0000002587
2024-12-14 22:09:19.2724~DEBUG~<- DownloadFile(url = "https://faas-nyc1-2ef2e6cc.doserverless.co/api/v1/web/fn-dd7f8f6a-d32a-4f5e-ae7b-870dfb7963f3/downloads/bundle?id=000000000000562", filename = "C:\Users\cofc_\AppData\Local\Temp\tmp75EB.tmp\rjsec554.ZIP", message = "rjsec554")~~RJStevensMusicPresentationCreator.Program~0000002588
2024-12-14 22:09:19.2854~DEBUG~-> ExtractAllFromFile(zipFileName = "C:\Users\cofc_\AppData\Local\Temp\tmp75EB.tmp\rjsec554.ZIP", decompressedFolder = "C:\Users\cofc_\AppData\Local\Temp\tmp76F6.tmp", message = "rjsec554")~~RJStevensMusicPresentationCreator.Program~0000002589
2024-12-14 22:09:19.6324~DEBUG~extract completed~~RJStevensMusicPresentationCreator.Program~0000002590
2024-12-14 22:09:19.6324~DEBUG~<- ExtractAllFromFile(zipFileName = "C:\Users\cofc_\AppData\Local\Temp\tmp75EB.tmp\rjsec554.ZIP", decompressedFolder = "C:\Users\cofc_\AppData\Local\Temp\tmp76F6.tmp", message = "rjsec554")~~RJStevensMusicPresentationCreator.Program~0000002591
2024-12-14 22:09:19.7354~DEBUG~-> DownloadFile(url = "https://faas-nyc1-2ef2e6cc.doserverless.co/api/v1/web/fn-dd7f8f6a-d32a-4f5e-ae7b-870dfb7963f3/downloads/bundle?id=000000000000564", filename = "C:\Users\cofc_\AppData\Local\Temp\tmp78AD.tmp\rjsec556.ZIP", message = "rjsec556")~~RJStevensMusicPresentationCreator.Program~0000002592
2024-12-14 22:09:20.0014~DEBUG~download completed~~RJStevensMusicPresentationCreator.Program~0000002593
2024-12-14 22:09:20.0014~DEBUG~<- DownloadFile(url = "https://faas-nyc1-2ef2e6cc.doserverless.co/api/v1/web/fn-dd7f8f6a-d32a-4f5e-ae7b-870dfb7963f3/downloads/bundle?id=000000000000564", filename = "C:\Users\cofc_\AppData\Local\Temp\tmp78AD.tmp\rjsec556.ZIP", message = "rjsec556")~~RJStevensMusicPresentationCreator.Program~0000002594
2024-12-14 22:09:20.0194~DEBUG~-> ExtractAllFromFile(zipFileName = "C:\Users\cofc_\AppData\Local\Temp\tmp78AD.tmp\rjsec556.ZIP", decompressedFolder = "C:\Users\cofc_\AppData\Local\Temp\tmp79D6.tmp", message = "rjsec556")~~RJStevensMusicPresentationCreator.Program~0000002595
2024-12-14 22:09:20.3715~DEBUG~extract completed~~RJStevensMusicPresentationCreator.Program~0000002596
2024-12-14 22:09:20.3715~DEBUG~<- ExtractAllFromFile(zipFileName = "C:\Users\cofc_\AppData\Local\Temp\tmp78AD.tmp\rjsec556.ZIP", decompressedFolder = "C:\Users\cofc_\AppData\Local\Temp\tmp79D6.tmp", message = "rjsec556")~~RJStevensMusicPresentationCreator.Program~0000002597
2024-12-14 22:09:20.4615~DEBUG~-> DownloadFile(url = "https://faas-nyc1-2ef2e6cc.doserverless.co/api/v1/web/fn-dd7f8f6a-d32a-4f5e-ae7b-870dfb7963f3/downloads/bundle?id=000000000000566", filename = "C:\Users\cofc_\AppData\Local\Temp\tmp7B8D.tmp\rjsec558.ZIP", message = "rjsec558")~~RJStevensMusicPresentationCreator.Program~0000002598
2024-12-14 22:09:20.6815~DEBUG~download completed~~RJStevensMusicPresentationCreator.Program~0000002599
2024-12-14 22:09:20.6815~DEBUG~<- DownloadFile(url = "https://faas-nyc1-2ef2e6cc.doserverless.co/api/v1/web/fn-dd7f8f6a-d32a-4f5e-ae7b-870dfb7963f3/downloads/bundle?id=000000000000566", filename = "C:\Users\cofc_\AppData\Local\Temp\tmp7B8D.tmp\rjsec558.ZIP", message = "rjsec558")~~RJStevensMusicPresentationCreator.Program~0000002600
2024-12-14 22:09:20.6965~DEBUG~-> ExtractAllFromFile(zipFileName = "C:\Users\cofc_\AppData\Local\Temp\tmp7B8D.tmp\rjsec558.ZIP", decompressedFolder = "C:\Users\cofc_\AppData\Local\Temp\tmp7C78.tmp", message = "rjsec558")~~RJStevensMusicPresentationCreator.Program~0000002601
2024-12-14 22:09:21.0055~DEBUG~extract completed~~RJStevensMusicPresentationCreator.Program~0000002602
2024-12-14 22:09:21.0055~DEBUG~<- ExtractAllFromFile(zipFileName = "C:\Users\cofc_\AppData\Local\Temp\tmp7B8D.tmp\rjsec558.ZIP", decompressedFolder = "C:\Users\cofc_\AppData\Local\Temp\tmp7C78.tmp", message = "rjsec558")~~RJStevensMusicPresentationCreator.Program~0000002603
2024-12-14 22:09:21.0875~DEBUG~-> DownloadFile(url = "https://faas-nyc1-2ef2e6cc.doserverless.co/api/v1/web/fn-dd7f8f6a-d32a-4f5e-ae7b-870dfb7963f3/downloads/bundle?id=000000000000567", filename = "C:\Users\cofc_\AppData\Local\Temp\tmp7E00.tmp\rjsec559.ZIP", message = "rjsec559")~~RJStevensMusicPresentationCreator.Program~0000002604
2024-12-14 22:09:21.3045~DEBUG~download completed~~RJStevensMusicPresentationCreator.Program~0000002605
2024-12-14 22:09:21.3045~DEBUG~<- DownloadFile(url = "https://faas-nyc1-2ef2e6cc.doserverless.co/api/v1/web/fn-dd7f8f6a-d32a-4f5e-ae7b-870dfb7963f3/downloads/bundle?id=000000000000567", filename = "C:\Users\cofc_\AppData\Local\Temp\tmp7E00.tmp\rjsec559.ZIP", message = "rjsec559")~~RJStevensMusicPresentationCreator.Program~0000002606
2024-12-14 22:09:21.3185~DEBUG~-> ExtractAllFromFile(zipFileName = "C:\Users\cofc_\AppData\Local\Temp\tmp7E00.tmp\rjsec559.ZIP", decompressedFolder = "C:\Users\cofc_\AppData\Local\Temp\tmp7EEB.tmp", message = "rjsec559")~~RJStevensMusicPresentationCreator.Program~0000002607
2024-12-14 22:09:21.5745~DEBUG~extract completed~~RJStevensMusicPresentationCreator.Program~0000002608
2024-12-14 22:09:21.5825~DEBUG~<- ExtractAllFromFile(zipFileName = "C:\Users\cofc_\AppData\Local\Temp\tmp7E00.tmp\rjsec559.ZIP", decompressedFolder = "C:\Users\cofc_\AppData\Local\Temp\tmp7EEB.tmp", message = "rjsec559")~~RJStevensMusicPresentationCreator.Program~0000002609
2024-12-14 22:09:21.6986~DEBUG~-> DownloadFile(url = "https://faas-nyc1-2ef2e6cc.doserverless.co/api/v1/web/fn-dd7f8f6a-d32a-4f5e-ae7b-870dfb7963f3/downloads/bundle?id=000000000000568", filename = "C:\Users\cofc_\AppData\Local\Temp\tmp8063.tmp\rjsec560.ZIP", message = "rjsec560")~~RJStevensMusicPresentationCreator.Program~0000002610
2024-12-14 22:09:21.9556~DEBUG~download completed~~RJStevensMusicPresentationCreator.Program~0000002611
2024-12-14 22:09:21.9556~DEBUG~<- DownloadFile(url = "https://faas-nyc1-2ef2e6cc.doserverless.co/api/v1/web/fn-dd7f8f6a-d32a-4f5e-ae7b-870dfb7963f3/downloads/bundle?id=000000000000568", filename = "C:\Users\cofc_\AppData\Local\Temp\tmp8063.tmp\rjsec560.ZIP", message = "rjsec560")~~RJStevensMusicPresentationCreator.Program~0000002612
2024-12-14 22:09:21.9786~DEBUG~-> ExtractAllFromFile(zipFileName = "C:\Users\cofc_\AppData\Local\Temp\tmp8063.tmp\rjsec560.ZIP", decompressedFolder = "C:\Users\cofc_\AppData\Local\Temp\tmp817E.tmp", message = "rjsec560")~~RJStevensMusicPresentationCreator.Program~0000002613
2024-12-14 22:09:22.4586~DEBUG~extract completed~~RJStevensMusicPresentationCreator.Program~0000002614
2024-12-14 22:09:22.4586~DEBUG~<- ExtractAllFromFile(zipFileName = "C:\Users\cofc_\AppData\Local\Temp\tmp8063.tmp\rjsec560.ZIP", decompressedFolder = "C:\Users\cofc_\AppData\Local\Temp\tmp817E.tmp", message = "rjsec560")~~RJStevensMusicPresentationCreator.Program~0000002615
2024-12-14 22:09:22.5676~DEBUG~-> DownloadFile(url = "https://faas-nyc1-2ef2e6cc.doserverless.co/api/v1/web/fn-dd7f8f6a-d32a-4f5e-ae7b-870dfb7963f3/downloads/bundle?id=000000000000569", filename = "C:\Users\cofc_\AppData\Local\Temp\tmp83D0.tmp\rjsec561.ZIP", message = "rjsec561")~~RJStevensMusicPresentationCreator.Program~0000002616
2024-12-14 22:09:22.7746~DEBUG~download completed~~RJStevensMusicPresentationCreator.Program~0000002617
2024-12-14 22:09:22.7746~DEBUG~<- DownloadFile(url = "https://faas-nyc1-2ef2e6cc.doserverless.co/api/v1/web/fn-dd7f8f6a-d32a-4f5e-ae7b-870dfb7963f3/downloads/bundle?id=000000000000569", filename = "C:\Users\cofc_\AppData\Local\Temp\tmp83D0.tmp\rjsec561.ZIP", message = "rjsec561")~~RJStevensMusicPresentationCreator.Program~0000002618
2024-12-14 22:09:22.7846~DEBUG~-> ExtractAllFromFile(zipFileName = "C:\Users\cofc_\AppData\Local\Temp\tmp83D0.tmp\rjsec561.ZIP", decompressedFolder = "C:\Users\cofc_\AppData\Local\Temp\tmp84AC.tmp", message = "rjsec561")~~RJStevensMusicPresentationCreator.Program~0000002619
2024-12-14 22:09:22.9366~DEBUG~extract completed~~RJStevensMusicPresentationCreator.Program~0000002620
2024-12-14 22:09:22.9406~DEBUG~<- ExtractAllFromFile(zipFileName = "C:\Users\cofc_\AppData\Local\Temp\tmp83D0.tmp\rjsec561.ZIP", decompressedFolder = "C:\Users\cofc_\AppData\Local\Temp\tmp84AC.tmp", message = "rjsec561")~~RJStevensMusicPresentationCreator.Program~0000002621
2024-12-14 22:09:23.0046~DEBUG~-> DownloadFile(url = "https://faas-nyc1-2ef2e6cc.doserverless.co/api/v1/web/fn-dd7f8f6a-d32a-4f5e-ae7b-870dfb7963f3/downloads/bundle?id=000000000000573", filename = "C:\Users\cofc_\AppData\Local\Temp\tmp8588.tmp\rjsec565.ZIP", message = "rjsec565")~~RJStevensMusicPresentationCreator.Program~0000002622
2024-12-14 22:09:23.2787~DEBUG~download completed~~RJStevensMusicPresentationCreator.Program~0000002623
2024-12-14 22:09:23.2787~DEBUG~<- DownloadFile(url = "https://faas-nyc1-2ef2e6cc.doserverless.co/api/v1/web/fn-dd7f8f6a-d32a-4f5e-ae7b-870dfb7963f3/downloads/bundle?id=000000000000573", filename = "C:\Users\cofc_\AppData\Local\Temp\tmp8588.tmp\rjsec565.ZIP", message = "rjsec565")~~RJStevensMusicPresentationCreator.Program~0000002624
2024-12-14 22:09:23.2887~DEBUG~-> ExtractAllFromFile(zipFileName = "C:\Users\cofc_\AppData\Local\Temp\tmp8588.tmp\rjsec565.ZIP", decompressedFolder = "C:\Users\cofc_\AppData\Local\Temp\tmp86A2.tmp", message = "rjsec565")~~RJStevensMusicPresentationCreator.Program~0000002625
2024-12-14 22:09:23.4037~DEBUG~extract completed~~RJStevensMusicPresentationCreator.Program~0000002626
2024-12-14 22:09:23.4037~DEBUG~<- ExtractAllFromFile(zipFileName = "C:\Users\cofc_\AppData\Local\Temp\tmp8588.tmp\rjsec565.ZIP", decompressedFolder = "C:\Users\cofc_\AppData\Local\Temp\tmp86A2.tmp", message = "rjsec565")~~RJStevensMusicPresentationCreator.Program~0000002627
2024-12-14 22:09:23.4627~DEBUG~-> DownloadFile(url = "https://faas-nyc1-2ef2e6cc.doserverless.co/api/v1/web/fn-dd7f8f6a-d32a-4f5e-ae7b-870dfb7963f3/downloads/bundle?id=000000000000574", filename = "C:\Users\cofc_\AppData\Local\Temp\tmp874F.tmp\rjsec566.ZIP", message = "rjsec566")~~RJStevensMusicPresentationCreator.Program~0000002628
2024-12-14 22:09:23.7407~DEBUG~download completed~~RJStevensMusicPresentationCreator.Program~0000002629
2024-12-14 22:09:23.7407~DEBUG~<- DownloadFile(url = "https://faas-nyc1-2ef2e6cc.doserverless.co/api/v1/web/fn-dd7f8f6a-d32a-4f5e-ae7b-870dfb7963f3/downloads/bundle?id=000000000000574", filename = "C:\Users\cofc_\AppData\Local\Temp\tmp874F.tmp\rjsec566.ZIP", message = "rjsec566")~~RJStevensMusicPresentationCreator.Program~0000002630
2024-12-14 22:09:23.7567~DEBUG~-> ExtractAllFromFile(zipFileName = "C:\Users\cofc_\AppData\Local\Temp\tmp874F.tmp\rjsec566.ZIP", decompressedFolder = "C:\Users\cofc_\AppData\Local\Temp\tmp8879.tmp", message = "rjsec566")~~RJStevensMusicPresentationCreator.Program~0000002631
2024-12-14 22:09:24.0847~DEBUG~extract completed~~RJStevensMusicPresentationCreator.Program~0000002632
2024-12-14 22:09:24.0847~DEBUG~<- ExtractAllFromFile(zipFileName = "C:\Users\cofc_\AppData\Local\Temp\tmp874F.tmp\rjsec566.ZIP", decompressedFolder = "C:\Users\cofc_\AppData\Local\Temp\tmp8879.tmp", message = "rjsec566")~~RJStevensMusicPresentationCreator.Program~0000002633
2024-12-14 22:09:24.1857~DEBUG~-> DownloadFile(url = "https://faas-nyc1-2ef2e6cc.doserverless.co/api/v1/web/fn-dd7f8f6a-d32a-4f5e-ae7b-870dfb7963f3/downloads/bundle?id=000000000000576", filename = "C:\Users\cofc_\AppData\Local\Temp\tmp8A20.tmp\rjsec568.ZIP", message = "rjsec568")~~RJStevensMusicPresentationCreator.Program~0000002634
2024-12-14 22:09:24.4108~DEBUG~download completed~~RJStevensMusicPresentationCreator.Program~0000002635
2024-12-14 22:09:24.4108~DEBUG~<- DownloadFile(url = "https://faas-nyc1-2ef2e6cc.doserverless.co/api/v1/web/fn-dd7f8f6a-d32a-4f5e-ae7b-870dfb7963f3/downloads/bundle?id=000000000000576", filename = "C:\Users\cofc_\AppData\Local\Temp\tmp8A20.tmp\rjsec568.ZIP", message = "rjsec568")~~RJStevensMusicPresentationCreator.Program~0000002636
2024-12-14 22:09:24.4108~DEBUG~-> ExtractAllFromFile(zipFileName = "C:\Users\cofc_\AppData\Local\Temp\tmp8A20.tmp\rjsec568.ZIP", decompressedFolder = "C:\Users\cofc_\AppData\Local\Temp\tmp8B0B.tmp", message = "rjsec568")~~RJStevensMusicPresentationCreator.Program~0000002637
2024-12-14 22:09:24.7278~DEBUG~extract completed~~RJStevensMusicPresentationCreator.Program~0000002638
2024-12-14 22:09:24.7278~DEBUG~<- ExtractAllFromFile(zipFileName = "C:\Users\cofc_\AppData\Local\Temp\tmp8A20.tmp\rjsec568.ZIP", decompressedFolder = "C:\Users\cofc_\AppData\Local\Temp\tmp8B0B.tmp", message = "rjsec568")~~RJStevensMusicPresentationCreator.Program~0000002639
2024-12-14 22:09:24.8118~DEBUG~-> DownloadFile(url = "https://faas-nyc1-2ef2e6cc.doserverless.co/api/v1/web/fn-dd7f8f6a-d32a-4f5e-ae7b-870dfb7963f3/downloads/bundle?id=000000000000577", filename = "C:\Users\cofc_\AppData\Local\Temp\tmp8C93.tmp\rjsec569.ZIP", message = "rjsec569")~~RJStevensMusicPresentationCreator.Program~0000002640
2024-12-14 22:09:25.0588~DEBUG~download completed~~RJStevensMusicPresentationCreator.Program~0000002641
2024-12-14 22:09:25.0588~DEBUG~<- DownloadFile(url = "https://faas-nyc1-2ef2e6cc.doserverless.co/api/v1/web/fn-dd7f8f6a-d32a-4f5e-ae7b-870dfb7963f3/downloads/bundle?id=000000000000577", filename = "C:\Users\cofc_\AppData\Local\Temp\tmp8C93.tmp\rjsec569.ZIP", message = "rjsec569")~~RJStevensMusicPresentationCreator.Program~0000002642
2024-12-14 22:09:25.0758~DEBUG~-> ExtractAllFromFile(zipFileName = "C:\Users\cofc_\AppData\Local\Temp\tmp8C93.tmp\rjsec569.ZIP", decompressedFolder = "C:\Users\cofc_\AppData\Local\Temp\tmp8D9D.tmp", message = "rjsec569")~~RJStevensMusicPresentationCreator.Program~0000002643
2024-12-14 22:09:25.6558~DEBUG~extract completed~~RJStevensMusicPresentationCreator.Program~0000002644
2024-12-14 22:09:25.6618~DEBUG~<- ExtractAllFromFile(zipFileName = "C:\Users\cofc_\AppData\Local\Temp\tmp8C93.tmp\rjsec569.ZIP", decompressedFolder = "C:\Users\cofc_\AppData\Local\Temp\tmp8D9D.tmp", message = "rjsec569")~~RJStevensMusicPresentationCreator.Program~0000002645
2024-12-14 22:09:25.7709~DEBUG~-> DownloadFile(url = "https://faas-nyc1-2ef2e6cc.doserverless.co/api/v1/web/fn-dd7f8f6a-d32a-4f5e-ae7b-870dfb7963f3/downloads/bundle?id=000000000000578", filename = "C:\Users\cofc_\AppData\Local\Temp\tmp905D.tmp\rjsec570.ZIP", message = "rjsec570")~~RJStevensMusicPresentationCreator.Program~0000002646
2024-12-14 22:09:26.0319~DEBUG~download completed~~RJStevensMusicPresentationCreator.Program~0000002647
2024-12-14 22:09:26.0319~DEBUG~<- DownloadFile(url = "https://faas-nyc1-2ef2e6cc.doserverless.co/api/v1/web/fn-dd7f8f6a-d32a-4f5e-ae7b-870dfb7963f3/downloads/bundle?id=000000000000578", filename = "C:\Users\cofc_\AppData\Local\Temp\tmp905D.tmp\rjsec570.ZIP", message = "rjsec570")~~RJStevensMusicPresentationCreator.Program~0000002648
2024-12-14 22:09:26.0559~DEBUG~-> ExtractAllFromFile(zipFileName = "C:\Users\cofc_\AppData\Local\Temp\tmp905D.tmp\rjsec570.ZIP", decompressedFolder = "C:\Users\cofc_\AppData\Local\Temp\tmp9178.tmp", message = "rjsec570")~~RJStevensMusicPresentationCreator.Program~0000002649
2024-12-14 22:09:26.4419~DEBUG~extract completed~~RJStevensMusicPresentationCreator.Program~0000002650
2024-12-14 22:09:26.4419~DEBUG~<- ExtractAllFromFile(zipFileName = "C:\Users\cofc_\AppData\Local\Temp\tmp905D.tmp\rjsec570.ZIP", decompressedFolder = "C:\Users\cofc_\AppData\Local\Temp\tmp9178.tmp", message = "rjsec570")~~RJStevensMusicPresentationCreator.Program~0000002651
2024-12-14 22:09:26.5479~DEBUG~-> DownloadFile(url = "https://faas-nyc1-2ef2e6cc.doserverless.co/api/v1/web/fn-dd7f8f6a-d32a-4f5e-ae7b-870dfb7963f3/downloads/bundle?id=000000000000579", filename = "C:\Users\cofc_\AppData\Local\Temp\tmp935D.tmp\rjsec571.ZIP", message = "rjsec571")~~RJStevensMusicPresentationCreator.Program~0000002652
2024-12-14 22:09:26.7759~DEBUG~download completed~~RJStevensMusicPresentationCreator.Program~0000002653
2024-12-14 22:09:26.7759~DEBUG~<- DownloadFile(url = "https://faas-nyc1-2ef2e6cc.doserverless.co/api/v1/web/fn-dd7f8f6a-d32a-4f5e-ae7b-870dfb7963f3/downloads/bundle?id=000000000000579", filename = "C:\Users\cofc_\AppData\Local\Temp\tmp935D.tmp\rjsec571.ZIP", message = "rjsec571")~~RJStevensMusicPresentationCreator.Program~0000002654
2024-12-14 22:09:26.7909~DEBUG~-> ExtractAllFromFile(zipFileName = "C:\Users\cofc_\AppData\Local\Temp\tmp935D.tmp\rjsec571.ZIP", decompressedFolder = "C:\Users\cofc_\AppData\Local\Temp\tmp9458.tmp", message = "rjsec571")~~RJStevensMusicPresentationCreator.Program~0000002655
2024-12-14 22:09:27.0349~DEBUG~extract completed~~RJStevensMusicPresentationCreator.Program~0000002656
2024-12-14 22:09:27.0349~DEBUG~<- ExtractAllFromFile(zipFileName = "C:\Users\cofc_\AppData\Local\Temp\tmp935D.tmp\rjsec571.ZIP", decompressedFolder = "C:\Users\cofc_\AppData\Local\Temp\tmp9458.tmp", message = "rjsec571")~~RJStevensMusicPresentationCreator.Program~0000002657
2024-12-14 22:09:27.1059~DEBUG~-> DownloadFile(url = "https://faas-nyc1-2ef2e6cc.doserverless.co/api/v1/web/fn-dd7f8f6a-d32a-4f5e-ae7b-870dfb7963f3/downloads/bundle?id=000000000000581", filename = "C:\Users\cofc_\AppData\Local\Temp\tmp9592.tmp\rjsec573.ZIP", message = "rjsec573")~~RJStevensMusicPresentationCreator.Program~0000002658
2024-12-14 22:09:27.3730~DEBUG~download completed~~RJStevensMusicPresentationCreator.Program~0000002659
2024-12-14 22:09:27.3730~DEBUG~<- DownloadFile(url = "https://faas-nyc1-2ef2e6cc.doserverless.co/api/v1/web/fn-dd7f8f6a-d32a-4f5e-ae7b-870dfb7963f3/downloads/bundle?id=000000000000581", filename = "C:\Users\cofc_\AppData\Local\Temp\tmp9592.tmp\rjsec573.ZIP", message = "rjsec573")~~RJStevensMusicPresentationCreator.Program~0000002660
2024-12-14 22:09:27.3910~DEBUG~-> ExtractAllFromFile(zipFileName = "C:\Users\cofc_\AppData\Local\Temp\tmp9592.tmp\rjsec573.ZIP", decompressedFolder = "C:\Users\cofc_\AppData\Local\Temp\tmp96AC.tmp", message = "rjsec573")~~RJStevensMusicPresentationCreator.Program~0000002661
2024-12-14 22:09:27.6510~DEBUG~extract completed~~RJStevensMusicPresentationCreator.Program~0000002662
2024-12-14 22:09:27.6510~DEBUG~<- ExtractAllFromFile(zipFileName = "C:\Users\cofc_\AppData\Local\Temp\tmp9592.tmp\rjsec573.ZIP", decompressedFolder = "C:\Users\cofc_\AppData\Local\Temp\tmp96AC.tmp", message = "rjsec573")~~RJStevensMusicPresentationCreator.Program~0000002663
2024-12-14 22:09:27.7450~DEBUG~-> DownloadFile(url = "https://faas-nyc1-2ef2e6cc.doserverless.co/api/v1/web/fn-dd7f8f6a-d32a-4f5e-ae7b-870dfb7963f3/downloads/bundle?id=000000000000582", filename = "C:\Users\cofc_\AppData\Local\Temp\tmp9814.tmp\rjsec574.ZIP", message = "rjsec574")~~RJStevensMusicPresentationCreator.Program~0000002664
2024-12-14 22:09:28.1287~DEBUG~download completed~~RJStevensMusicPresentationCreator.Program~0000002665
2024-12-14 22:09:28.1287~DEBUG~<- DownloadFile(url = "https://faas-nyc1-2ef2e6cc.doserverless.co/api/v1/web/fn-dd7f8f6a-d32a-4f5e-ae7b-870dfb7963f3/downloads/bundle?id=000000000000582", filename = "C:\Users\cofc_\AppData\Local\Temp\tmp9814.tmp\rjsec574.ZIP", message = "rjsec574")~~RJStevensMusicPresentationCreator.Program~0000002666
2024-12-14 22:09:28.1447~DEBUG~-> ExtractAllFromFile(zipFileName = "C:\Users\cofc_\AppData\Local\Temp\tmp9814.tmp\rjsec574.ZIP", decompressedFolder = "C:\Users\cofc_\AppData\Local\Temp\tmp99AB.tmp", message = "rjsec574")~~RJStevensMusicPresentationCreator.Program~0000002667
2024-12-14 22:09:28.4878~DEBUG~extract completed~~RJStevensMusicPresentationCreator.Program~0000002668
2024-12-14 22:09:28.4878~DEBUG~<- ExtractAllFromFile(zipFileName = "C:\Users\cofc_\AppData\Local\Temp\tmp9814.tmp\rjsec574.ZIP", decompressedFolder = "C:\Users\cofc_\AppData\Local\Temp\tmp99AB.tmp", message = "rjsec574")~~RJStevensMusicPresentationCreator.Program~0000002669
2024-12-14 22:09:28.6358~DEBUG~-> DownloadFile(url = "https://faas-nyc1-2ef2e6cc.doserverless.co/api/v1/web/fn-dd7f8f6a-d32a-4f5e-ae7b-870dfb7963f3/downloads/bundle?id=000000000000584", filename = "C:\Users\cofc_\AppData\Local\Temp\tmp9B91.tmp\rjsec576.ZIP", message = "rjsec576")~~RJStevensMusicPresentationCreator.Program~0000002670
2024-12-14 22:09:28.8998~DEBUG~download completed~~RJStevensMusicPresentationCreator.Program~0000002671
2024-12-14 22:09:28.8998~DEBUG~<- DownloadFile(url = "https://faas-nyc1-2ef2e6cc.doserverless.co/api/v1/web/fn-dd7f8f6a-d32a-4f5e-ae7b-870dfb7963f3/downloads/bundle?id=000000000000584", filename = "C:\Users\cofc_\AppData\Local\Temp\tmp9B91.tmp\rjsec576.ZIP", message = "rjsec576")~~RJStevensMusicPresentationCreator.Program~0000002672
2024-12-14 22:09:28.9148~DEBUG~-> ExtractAllFromFile(zipFileName = "C:\Users\cofc_\AppData\Local\Temp\tmp9B91.tmp\rjsec576.ZIP", decompressedFolder = "C:\Users\cofc_\AppData\Local\Temp\tmp9CAB.tmp", message = "rjsec576")~~RJStevensMusicPresentationCreator.Program~0000002673
2024-12-14 22:09:29.3588~DEBUG~extract completed~~RJStevensMusicPresentationCreator.Program~0000002674
2024-12-14 22:09:29.3618~DEBUG~<- ExtractAllFromFile(zipFileName = "C:\Users\cofc_\AppData\Local\Temp\tmp9B91.tmp\rjsec576.ZIP", decompressedFolder = "C:\Users\cofc_\AppData\Local\Temp\tmp9CAB.tmp", message = "rjsec576")~~RJStevensMusicPresentationCreator.Program~0000002675
2024-12-14 22:09:29.4548~DEBUG~-> DownloadFile(url = "https://faas-nyc1-2ef2e6cc.doserverless.co/api/v1/web/fn-dd7f8f6a-d32a-4f5e-ae7b-870dfb7963f3/downloads/bundle?id=000000000000585", filename = "C:\Users\cofc_\AppData\Local\Temp\tmp9ECF.tmp\rjsec577.ZIP", message = "rjsec577")~~RJStevensMusicPresentationCreator.Program~0000002676
2024-12-14 22:09:29.6989~DEBUG~download completed~~RJStevensMusicPresentationCreator.Program~0000002677
2024-12-14 22:09:29.6989~DEBUG~<- DownloadFile(url = "https://faas-nyc1-2ef2e6cc.doserverless.co/api/v1/web/fn-dd7f8f6a-d32a-4f5e-ae7b-870dfb7963f3/downloads/bundle?id=000000000000585", filename = "C:\Users\cofc_\AppData\Local\Temp\tmp9ECF.tmp\rjsec577.ZIP", message = "rjsec577")~~RJStevensMusicPresentationCreator.Program~0000002678
2024-12-14 22:09:29.7150~DEBUG~-> ExtractAllFromFile(zipFileName = "C:\Users\cofc_\AppData\Local\Temp\tmp9ECF.tmp\rjsec577.ZIP", decompressedFolder = "C:\Users\cofc_\AppData\Local\Temp\tmp9FCA.tmp", message = "rjsec577")~~RJStevensMusicPresentationCreator.Program~0000002679
2024-12-14 22:09:29.9620~DEBUG~extract completed~~RJStevensMusicPresentationCreator.Program~0000002680
2024-12-14 22:09:29.9620~DEBUG~<- ExtractAllFromFile(zipFileName = "C:\Users\cofc_\AppData\Local\Temp\tmp9ECF.tmp\rjsec577.ZIP", decompressedFolder = "C:\Users\cofc_\AppData\Local\Temp\tmp9FCA.tmp", message = "rjsec577")~~RJStevensMusicPresentationCreator.Program~0000002681
2024-12-14 22:09:30.0310~DEBUG~-> DownloadFile(url = "https://faas-nyc1-2ef2e6cc.doserverless.co/api/v1/web/fn-dd7f8f6a-d32a-4f5e-ae7b-870dfb7963f3/downloads/bundle?id=000000000000586", filename = "C:\Users\cofc_\AppData\Local\Temp\tmpA103.tmp\rjsec578.ZIP", message = "rjsec578")~~RJStevensMusicPresentationCreator.Program~0000002682
2024-12-14 22:09:30.3170~DEBUG~download completed~~RJStevensMusicPresentationCreator.Program~0000002683
2024-12-14 22:09:30.3170~DEBUG~<- DownloadFile(url = "https://faas-nyc1-2ef2e6cc.doserverless.co/api/v1/web/fn-dd7f8f6a-d32a-4f5e-ae7b-870dfb7963f3/downloads/bundle?id=000000000000586", filename = "C:\Users\cofc_\AppData\Local\Temp\tmpA103.tmp\rjsec578.ZIP", message = "rjsec578")~~RJStevensMusicPresentationCreator.Program~0000002684
2024-12-14 22:09:30.3320~DEBUG~-> ExtractAllFromFile(zipFileName = "C:\Users\cofc_\AppData\Local\Temp\tmpA103.tmp\rjsec578.ZIP", decompressedFolder = "C:\Users\cofc_\AppData\Local\Temp\tmpA23D.tmp", message = "rjsec578")~~RJStevensMusicPresentationCreator.Program~0000002685
2024-12-14 22:09:30.6670~DEBUG~extract completed~~RJStevensMusicPresentationCreator.Program~0000002686
2024-12-14 22:09:30.6670~DEBUG~<- ExtractAllFromFile(zipFileName = "C:\Users\cofc_\AppData\Local\Temp\tmpA103.tmp\rjsec578.ZIP", decompressedFolder = "C:\Users\cofc_\AppData\Local\Temp\tmpA23D.tmp", message = "rjsec578")~~RJStevensMusicPresentationCreator.Program~0000002687
2024-12-14 22:09:30.7530~DEBUG~-> DownloadFile(url = "https://faas-nyc1-2ef2e6cc.doserverless.co/api/v1/web/fn-dd7f8f6a-d32a-4f5e-ae7b-870dfb7963f3/downloads/bundle?id=000000000000587", filename = "C:\Users\cofc_\AppData\Local\Temp\tmpA3E4.tmp\rjsec578.16.ZIP", message = "rjsec578.16")~~RJStevensMusicPresentationCreator.Program~0000002688
2024-12-14 22:09:31.0150~DEBUG~download completed~~RJStevensMusicPresentationCreator.Program~0000002689
2024-12-14 22:09:31.0150~DEBUG~<- DownloadFile(url = "https://faas-nyc1-2ef2e6cc.doserverless.co/api/v1/web/fn-dd7f8f6a-d32a-4f5e-ae7b-870dfb7963f3/downloads/bundle?id=000000000000587", filename = "C:\Users\cofc_\AppData\Local\Temp\tmpA3E4.tmp\rjsec578.16.ZIP", message = "rjsec578.16")~~RJStevensMusicPresentationCreator.Program~0000002690
2024-12-14 22:09:31.0303~DEBUG~-> ExtractAllFromFile(zipFileName = "C:\Users\cofc_\AppData\Local\Temp\tmpA3E4.tmp\rjsec578.16.ZIP", decompressedFolder = "C:\Users\cofc_\AppData\Local\Temp\tmpA4EE.tmp", message = "rjsec578.16")~~RJStevensMusicPresentationCreator.Program~0000002691
2024-12-14 22:09:31.3863~DEBUG~extract completed~~RJStevensMusicPresentationCreator.Program~0000002692
2024-12-14 22:09:31.3863~DEBUG~<- ExtractAllFromFile(zipFileName = "C:\Users\cofc_\AppData\Local\Temp\tmpA3E4.tmp\rjsec578.16.ZIP", decompressedFolder = "C:\Users\cofc_\AppData\Local\Temp\tmpA4EE.tmp", message = "rjsec578.16")~~RJStevensMusicPresentationCreator.Program~0000002693
2024-12-14 22:09:31.4753~DEBUG~-> DownloadFile(url = "https://faas-nyc1-2ef2e6cc.doserverless.co/api/v1/web/fn-dd7f8f6a-d32a-4f5e-ae7b-870dfb7963f3/downloads/bundle?id=000000000000588", filename = "C:\Users\cofc_\AppData\Local\Temp\tmpA6B5.tmp\rjsec579.ZIP", message = "rjsec579")~~RJStevensMusicPresentationCreator.Program~0000002694
2024-12-14 22:09:31.6814~DEBUG~download completed~~RJStevensMusicPresentationCreator.Program~0000002695
2024-12-14 22:09:31.6814~DEBUG~<- DownloadFile(url = "https://faas-nyc1-2ef2e6cc.doserverless.co/api/v1/web/fn-dd7f8f6a-d32a-4f5e-ae7b-870dfb7963f3/downloads/bundle?id=000000000000588", filename = "C:\Users\cofc_\AppData\Local\Temp\tmpA6B5.tmp\rjsec579.ZIP", message = "rjsec579")~~RJStevensMusicPresentationCreator.Program~0000002696
2024-12-14 22:09:31.6964~DEBUG~-> ExtractAllFromFile(zipFileName = "C:\Users\cofc_\AppData\Local\Temp\tmpA6B5.tmp\rjsec579.ZIP", decompressedFolder = "C:\Users\cofc_\AppData\Local\Temp\tmpA790.tmp", message = "rjsec579")~~RJStevensMusicPresentationCreator.Program~0000002697
2024-12-14 22:09:31.9164~DEBUG~extract completed~~RJStevensMusicPresentationCreator.Program~0000002698
2024-12-14 22:09:31.9164~DEBUG~<- ExtractAllFromFile(zipFileName = "C:\Users\cofc_\AppData\Local\Temp\tmpA6B5.tmp\rjsec579.ZIP", decompressedFolder = "C:\Users\cofc_\AppData\Local\Temp\tmpA790.tmp", message = "rjsec579")~~RJStevensMusicPresentationCreator.Program~0000002699
2024-12-14 22:09:31.9994~DEBUG~-> DownloadFile(url = "https://faas-nyc1-2ef2e6cc.doserverless.co/api/v1/web/fn-dd7f8f6a-d32a-4f5e-ae7b-870dfb7963f3/downloads/bundle?id=000000000000590", filename = "C:\Users\cofc_\AppData\Local\Temp\tmpA8BA.tmp\rjsec581.ZIP", message = "rjsec581")~~RJStevensMusicPresentationCreator.Program~0000002700
2024-12-14 22:09:32.2134~DEBUG~download completed~~RJStevensMusicPresentationCreator.Program~0000002701
2024-12-14 22:09:32.2134~DEBUG~<- DownloadFile(url = "https://faas-nyc1-2ef2e6cc.doserverless.co/api/v1/web/fn-dd7f8f6a-d32a-4f5e-ae7b-870dfb7963f3/downloads/bundle?id=000000000000590", filename = "C:\Users\cofc_\AppData\Local\Temp\tmpA8BA.tmp\rjsec581.ZIP", message = "rjsec581")~~RJStevensMusicPresentationCreator.Program~0000002702
2024-12-14 22:09:32.2344~DEBUG~-> ExtractAllFromFile(zipFileName = "C:\Users\cofc_\AppData\Local\Temp\tmpA8BA.tmp\rjsec581.ZIP", decompressedFolder = "C:\Users\cofc_\AppData\Local\Temp\tmpA9A6.tmp", message = "rjsec581")~~RJStevensMusicPresentationCreator.Program~0000002703
2024-12-14 22:09:32.5574~DEBUG~extract completed~~RJStevensMusicPresentationCreator.Program~0000002704
2024-12-14 22:09:32.5664~DEBUG~<- ExtractAllFromFile(zipFileName = "C:\Users\cofc_\AppData\Local\Temp\tmpA8BA.tmp\rjsec581.ZIP", decompressedFolder = "C:\Users\cofc_\AppData\Local\Temp\tmpA9A6.tmp", message = "rjsec581")~~RJStevensMusicPresentationCreator.Program~0000002705
2024-12-14 22:09:32.6564~DEBUG~-> DownloadFile(url = "https://faas-nyc1-2ef2e6cc.doserverless.co/api/v1/web/fn-dd7f8f6a-d32a-4f5e-ae7b-870dfb7963f3/downloads/bundle?id=000000000000591", filename = "C:\Users\cofc_\AppData\Local\Temp\tmpAB4C.tmp\rjsec582.ZIP", message = "rjsec582")~~RJStevensMusicPresentationCreator.Program~0000002706
2024-12-14 22:09:32.9124~DEBUG~download completed~~RJStevensMusicPresentationCreator.Program~0000002707
2024-12-14 22:09:32.9124~DEBUG~<- DownloadFile(url = "https://faas-nyc1-2ef2e6cc.doserverless.co/api/v1/web/fn-dd7f8f6a-d32a-4f5e-ae7b-870dfb7963f3/downloads/bundle?id=000000000000591", filename = "C:\Users\cofc_\AppData\Local\Temp\tmpAB4C.tmp\rjsec582.ZIP", message = "rjsec582")~~RJStevensMusicPresentationCreator.Program~0000002708
2024-12-14 22:09:32.9364~DEBUG~-> ExtractAllFromFile(zipFileName = "C:\Users\cofc_\AppData\Local\Temp\tmpAB4C.tmp\rjsec582.ZIP", decompressedFolder = "C:\Users\cofc_\AppData\Local\Temp\tmpAC67.tmp", message = "rjsec582")~~RJStevensMusicPresentationCreator.Program~0000002709
2024-12-14 22:09:33.2905~DEBUG~extract completed~~RJStevensMusicPresentationCreator.Program~0000002710
2024-12-14 22:09:33.2905~DEBUG~<- ExtractAllFromFile(zipFileName = "C:\Users\cofc_\AppData\Local\Temp\tmpAB4C.tmp\rjsec582.ZIP", decompressedFolder = "C:\Users\cofc_\AppData\Local\Temp\tmpAC67.tmp", message = "rjsec582")~~RJStevensMusicPresentationCreator.Program~0000002711
2024-12-14 22:09:33.3835~DEBUG~-> DownloadFile(url = "https://faas-nyc1-2ef2e6cc.doserverless.co/api/v1/web/fn-dd7f8f6a-d32a-4f5e-ae7b-870dfb7963f3/downloads/bundle?id=000000000000592", filename = "C:\Users\cofc_\AppData\Local\Temp\tmpAE2D.tmp\rjsec583.ZIP", message = "rjsec583")~~RJStevensMusicPresentationCreator.Program~0000002712
2024-12-14 22:09:33.6335~DEBUG~download completed~~RJStevensMusicPresentationCreator.Program~0000002713
2024-12-14 22:09:33.6335~DEBUG~<- DownloadFile(url = "https://faas-nyc1-2ef2e6cc.doserverless.co/api/v1/web/fn-dd7f8f6a-d32a-4f5e-ae7b-870dfb7963f3/downloads/bundle?id=000000000000592", filename = "C:\Users\cofc_\AppData\Local\Temp\tmpAE2D.tmp\rjsec583.ZIP", message = "rjsec583")~~RJStevensMusicPresentationCreator.Program~0000002714
2024-12-14 22:09:33.6495~DEBUG~-> ExtractAllFromFile(zipFileName = "C:\Users\cofc_\AppData\Local\Temp\tmpAE2D.tmp\rjsec583.ZIP", decompressedFolder = "C:\Users\cofc_\AppData\Local\Temp\tmpAF37.tmp", message = "rjsec583")~~RJStevensMusicPresentationCreator.Program~0000002715
2024-12-14 22:09:33.9345~DEBUG~extract completed~~RJStevensMusicPresentationCreator.Program~0000002716
2024-12-14 22:09:33.9345~DEBUG~<- ExtractAllFromFile(zipFileName = "C:\Users\cofc_\AppData\Local\Temp\tmpAE2D.tmp\rjsec583.ZIP", decompressedFolder = "C:\Users\cofc_\AppData\Local\Temp\tmpAF37.tmp", message = "rjsec583")~~RJStevensMusicPresentationCreator.Program~0000002717
2024-12-14 22:09:34.0205~DEBUG~-> DownloadFile(url = "https://faas-nyc1-2ef2e6cc.doserverless.co/api/v1/web/fn-dd7f8f6a-d32a-4f5e-ae7b-870dfb7963f3/downloads/bundle?id=000000000000594", filename = "C:\Users\cofc_\AppData\Local\Temp\tmpB0AF.tmp\rjsec585.ZIP", message = "rjsec585")~~RJStevensMusicPresentationCreator.Program~0000002718
2024-12-14 22:09:34.2335~DEBUG~download completed~~RJStevensMusicPresentationCreator.Program~0000002719
2024-12-14 22:09:34.2335~DEBUG~<- DownloadFile(url = "https://faas-nyc1-2ef2e6cc.doserverless.co/api/v1/web/fn-dd7f8f6a-d32a-4f5e-ae7b-870dfb7963f3/downloads/bundle?id=000000000000594", filename = "C:\Users\cofc_\AppData\Local\Temp\tmpB0AF.tmp\rjsec585.ZIP", message = "rjsec585")~~RJStevensMusicPresentationCreator.Program~0000002720
2024-12-14 22:09:34.2465~DEBUG~-> ExtractAllFromFile(zipFileName = "C:\Users\cofc_\AppData\Local\Temp\tmpB0AF.tmp\rjsec585.ZIP", decompressedFolder = "C:\Users\cofc_\AppData\Local\Temp\tmpB18B.tmp", message = "rjsec585")~~RJStevensMusicPresentationCreator.Program~0000002721
2024-12-14 22:09:34.5435~DEBUG~extract completed~~RJStevensMusicPresentationCreator.Program~0000002722
2024-12-14 22:09:34.5435~DEBUG~<- ExtractAllFromFile(zipFileName = "C:\Users\cofc_\AppData\Local\Temp\tmpB0AF.tmp\rjsec585.ZIP", decompressedFolder = "C:\Users\cofc_\AppData\Local\Temp\tmpB18B.tmp", message = "rjsec585")~~RJStevensMusicPresentationCreator.Program~0000002723
2024-12-14 22:09:34.6195~DEBUG~-> DownloadFile(url = "https://faas-nyc1-2ef2e6cc.doserverless.co/api/v1/web/fn-dd7f8f6a-d32a-4f5e-ae7b-870dfb7963f3/downloads/bundle?id=000000000000596", filename = "C:\Users\cofc_\AppData\Local\Temp\tmpB303.tmp\rjsec587.ZIP", message = "rjsec587")~~RJStevensMusicPresentationCreator.Program~0000002724
2024-12-14 22:09:34.8346~DEBUG~download completed~~RJStevensMusicPresentationCreator.Program~0000002725
2024-12-14 22:09:34.8346~DEBUG~<- DownloadFile(url = "https://faas-nyc1-2ef2e6cc.doserverless.co/api/v1/web/fn-dd7f8f6a-d32a-4f5e-ae7b-870dfb7963f3/downloads/bundle?id=000000000000596", filename = "C:\Users\cofc_\AppData\Local\Temp\tmpB303.tmp\rjsec587.ZIP", message = "rjsec587")~~RJStevensMusicPresentationCreator.Program~0000002726
2024-12-14 22:09:34.8466~DEBUG~-> ExtractAllFromFile(zipFileName = "C:\Users\cofc_\AppData\Local\Temp\tmpB303.tmp\rjsec587.ZIP", decompressedFolder = "C:\Users\cofc_\AppData\Local\Temp\tmpB3EF.tmp", message = "rjsec587")~~RJStevensMusicPresentationCreator.Program~0000002727
2024-12-14 22:09:35.0231~DEBUG~extract completed~~RJStevensMusicPresentationCreator.Program~0000002728
2024-12-14 22:09:35.0231~DEBUG~<- ExtractAllFromFile(zipFileName = "C:\Users\cofc_\AppData\Local\Temp\tmpB303.tmp\rjsec587.ZIP", decompressedFolder = "C:\Users\cofc_\AppData\Local\Temp\tmpB3EF.tmp", message = "rjsec587")~~RJStevensMusicPresentationCreator.Program~0000002729
2024-12-14 22:09:35.1301~DEBUG~-> DownloadFile(url = "https://faas-nyc1-2ef2e6cc.doserverless.co/api/v1/web/fn-dd7f8f6a-d32a-4f5e-ae7b-870dfb7963f3/downloads/bundle?id=000000000000597", filename = "C:\Users\cofc_\AppData\Local\Temp\tmpB509.tmp\rjsec588.ZIP", message = "rjsec588")~~RJStevensMusicPresentationCreator.Program~0000002730
2024-12-14 22:09:35.3701~DEBUG~download completed~~RJStevensMusicPresentationCreator.Program~0000002731
2024-12-14 22:09:35.3701~DEBUG~<- DownloadFile(url = "https://faas-nyc1-2ef2e6cc.doserverless.co/api/v1/web/fn-dd7f8f6a-d32a-4f5e-ae7b-870dfb7963f3/downloads/bundle?id=000000000000597", filename = "C:\Users\cofc_\AppData\Local\Temp\tmpB509.tmp\rjsec588.ZIP", message = "rjsec588")~~RJStevensMusicPresentationCreator.Program~0000002732
2024-12-14 22:09:35.3971~DEBUG~-> ExtractAllFromFile(zipFileName = "C:\Users\cofc_\AppData\Local\Temp\tmpB509.tmp\rjsec588.ZIP", decompressedFolder = "C:\Users\cofc_\AppData\Local\Temp\tmpB613.tmp", message = "rjsec588")~~RJStevensMusicPresentationCreator.Program~0000002733
2024-12-14 22:09:35.8913~DEBUG~extract completed~~RJStevensMusicPresentationCreator.Program~0000002734
2024-12-14 22:09:35.8913~DEBUG~<- ExtractAllFromFile(zipFileName = "C:\Users\cofc_\AppData\Local\Temp\tmpB509.tmp\rjsec588.ZIP", decompressedFolder = "C:\Users\cofc_\AppData\Local\Temp\tmpB613.tmp", message = "rjsec588")~~RJStevensMusicPresentationCreator.Program~0000002735
2024-12-14 22:09:36.0184~DEBUG~-> DownloadFile(url = "https://faas-nyc1-2ef2e6cc.doserverless.co/api/v1/web/fn-dd7f8f6a-d32a-4f5e-ae7b-870dfb7963f3/downloads/bundle?id=000000000000602", filename = "C:\Users\cofc_\AppData\Local\Temp\tmpB885.tmp\rjsec593.ZIP", message = "rjsec593")~~RJStevensMusicPresentationCreator.Program~0000002736
2024-12-14 22:09:36.2574~DEBUG~download completed~~RJStevensMusicPresentationCreator.Program~0000002737
2024-12-14 22:09:36.2574~DEBUG~<- DownloadFile(url = "https://faas-nyc1-2ef2e6cc.doserverless.co/api/v1/web/fn-dd7f8f6a-d32a-4f5e-ae7b-870dfb7963f3/downloads/bundle?id=000000000000602", filename = "C:\Users\cofc_\AppData\Local\Temp\tmpB885.tmp\rjsec593.ZIP", message = "rjsec593")~~RJStevensMusicPresentationCreator.Program~0000002738
2024-12-14 22:09:36.2704~DEBUG~-> ExtractAllFromFile(zipFileName = "C:\Users\cofc_\AppData\Local\Temp\tmpB885.tmp\rjsec593.ZIP", decompressedFolder = "C:\Users\cofc_\AppData\Local\Temp\tmpB980.tmp", message = "rjsec593")~~RJStevensMusicPresentationCreator.Program~0000002739
2024-12-14 22:09:36.5406~DEBUG~extract completed~~RJStevensMusicPresentationCreator.Program~0000002740
2024-12-14 22:09:36.5406~DEBUG~<- ExtractAllFromFile(zipFileName = "C:\Users\cofc_\AppData\Local\Temp\tmpB885.tmp\rjsec593.ZIP", decompressedFolder = "C:\Users\cofc_\AppData\Local\Temp\tmpB980.tmp", message = "rjsec593")~~RJStevensMusicPresentationCreator.Program~0000002741
2024-12-14 22:09:36.6116~DEBUG~-> DownloadFile(url = "https://faas-nyc1-2ef2e6cc.doserverless.co/api/v1/web/fn-dd7f8f6a-d32a-4f5e-ae7b-870dfb7963f3/downloads/bundle?id=000000000000603", filename = "C:\Users\cofc_\AppData\Local\Temp\tmpBAD9.tmp\rjsec594.ZIP", message = "rjsec594")~~RJStevensMusicPresentationCreator.Program~0000002742
2024-12-14 22:09:36.8706~DEBUG~download completed~~RJStevensMusicPresentationCreator.Program~0000002743
2024-12-14 22:09:36.8706~DEBUG~<- DownloadFile(url = "https://faas-nyc1-2ef2e6cc.doserverless.co/api/v1/web/fn-dd7f8f6a-d32a-4f5e-ae7b-870dfb7963f3/downloads/bundle?id=000000000000603", filename = "C:\Users\cofc_\AppData\Local\Temp\tmpBAD9.tmp\rjsec594.ZIP", message = "rjsec594")~~RJStevensMusicPresentationCreator.Program~0000002744
2024-12-14 22:09:36.8886~DEBUG~-> ExtractAllFromFile(zipFileName = "C:\Users\cofc_\AppData\Local\Temp\tmpBAD9.tmp\rjsec594.ZIP", decompressedFolder = "C:\Users\cofc_\AppData\Local\Temp\tmpBBE4.tmp", message = "rjsec594")~~RJStevensMusicPresentationCreator.Program~0000002745
2024-12-14 22:09:37.2622~DEBUG~extract completed~~RJStevensMusicPresentationCreator.Program~0000002746
2024-12-14 22:09:37.2622~DEBUG~<- ExtractAllFromFile(zipFileName = "C:\Users\cofc_\AppData\Local\Temp\tmpBAD9.tmp\rjsec594.ZIP", decompressedFolder = "C:\Users\cofc_\AppData\Local\Temp\tmpBBE4.tmp", message = "rjsec594")~~RJStevensMusicPresentationCreator.Program~0000002747
2024-12-14 22:09:37.3562~DEBUG~-> DownloadFile(url = "https://faas-nyc1-2ef2e6cc.doserverless.co/api/v1/web/fn-dd7f8f6a-d32a-4f5e-ae7b-870dfb7963f3/downloads/bundle?id=000000000000604", filename = "C:\Users\cofc_\AppData\Local\Temp\tmpBDBA.tmp\rjsec595.ZIP", message = "rjsec595")~~RJStevensMusicPresentationCreator.Program~0000002748
2024-12-14 22:09:37.5862~DEBUG~download completed~~RJStevensMusicPresentationCreator.Program~0000002749
2024-12-14 22:09:37.5862~DEBUG~<- DownloadFile(url = "https://faas-nyc1-2ef2e6cc.doserverless.co/api/v1/web/fn-dd7f8f6a-d32a-4f5e-ae7b-870dfb7963f3/downloads/bundle?id=000000000000604", filename = "C:\Users\cofc_\AppData\Local\Temp\tmpBDBA.tmp\rjsec595.ZIP", message = "rjsec595")~~RJStevensMusicPresentationCreator.Program~0000002750
2024-12-14 22:09:37.6042~DEBUG~-> ExtractAllFromFile(zipFileName = "C:\Users\cofc_\AppData\Local\Temp\tmpBDBA.tmp\rjsec595.ZIP", decompressedFolder = "C:\Users\cofc_\AppData\Local\Temp\tmpBEB5.tmp", message = "rjsec595")~~RJStevensMusicPresentationCreator.Program~0000002751
2024-12-14 22:09:37.9527~DEBUG~extract completed~~RJStevensMusicPresentationCreator.Program~0000002752
2024-12-14 22:09:37.9557~DEBUG~<- ExtractAllFromFile(zipFileName = "C:\Users\cofc_\AppData\Local\Temp\tmpBDBA.tmp\rjsec595.ZIP", decompressedFolder = "C:\Users\cofc_\AppData\Local\Temp\tmpBEB5.tmp", message = "rjsec595")~~RJStevensMusicPresentationCreator.Program~0000002753
2024-12-14 22:09:38.0397~DEBUG~-> DownloadFile(url = "https://faas-nyc1-2ef2e6cc.doserverless.co/api/v1/web/fn-dd7f8f6a-d32a-4f5e-ae7b-870dfb7963f3/downloads/bundle?id=000000000000606", filename = "C:\Users\cofc_\AppData\Local\Temp\tmpC06B.tmp\rjsec597.ZIP", message = "rjsec597")~~RJStevensMusicPresentationCreator.Program~0000002754
2024-12-14 22:09:38.2658~DEBUG~download completed~~RJStevensMusicPresentationCreator.Program~0000002755
2024-12-14 22:09:38.2668~DEBUG~<- DownloadFile(url = "https://faas-nyc1-2ef2e6cc.doserverless.co/api/v1/web/fn-dd7f8f6a-d32a-4f5e-ae7b-870dfb7963f3/downloads/bundle?id=000000000000606", filename = "C:\Users\cofc_\AppData\Local\Temp\tmpC06B.tmp\rjsec597.ZIP", message = "rjsec597")~~RJStevensMusicPresentationCreator.Program~0000002756
2024-12-14 22:09:38.2948~DEBUG~-> ExtractAllFromFile(zipFileName = "C:\Users\cofc_\AppData\Local\Temp\tmpC06B.tmp\rjsec597.ZIP", decompressedFolder = "C:\Users\cofc_\AppData\Local\Temp\tmpC166.tmp", message = "rjsec597")~~RJStevensMusicPresentationCreator.Program~0000002757
2024-12-14 22:09:38.7187~DEBUG~extract completed~~RJStevensMusicPresentationCreator.Program~0000002758
2024-12-14 22:09:38.7237~DEBUG~<- ExtractAllFromFile(zipFileName = "C:\Users\cofc_\AppData\Local\Temp\tmpC06B.tmp\rjsec597.ZIP", decompressedFolder = "C:\Users\cofc_\AppData\Local\Temp\tmpC166.tmp", message = "rjsec597")~~RJStevensMusicPresentationCreator.Program~0000002759
2024-12-14 22:09:38.8137~DEBUG~-> DownloadFile(url = "https://faas-nyc1-2ef2e6cc.doserverless.co/api/v1/web/fn-dd7f8f6a-d32a-4f5e-ae7b-870dfb7963f3/downloads/bundle?id=000000000000607", filename = "C:\Users\cofc_\AppData\Local\Temp\tmpC36B.tmp\rjsec598.ZIP", message = "rjsec598")~~RJStevensMusicPresentationCreator.Program~0000002760
2024-12-14 22:09:39.0387~DEBUG~download completed~~RJStevensMusicPresentationCreator.Program~0000002761
2024-12-14 22:09:39.0387~DEBUG~<- DownloadFile(url = "https://faas-nyc1-2ef2e6cc.doserverless.co/api/v1/web/fn-dd7f8f6a-d32a-4f5e-ae7b-870dfb7963f3/downloads/bundle?id=000000000000607", filename = "C:\Users\cofc_\AppData\Local\Temp\tmpC36B.tmp\rjsec598.ZIP", message = "rjsec598")~~RJStevensMusicPresentationCreator.Program~0000002762
2024-12-14 22:09:39.0537~DEBUG~-> ExtractAllFromFile(zipFileName = "C:\Users\cofc_\AppData\Local\Temp\tmpC36B.tmp\rjsec598.ZIP", decompressedFolder = "C:\Users\cofc_\AppData\Local\Temp\tmpC466.tmp", message = "rjsec598")~~RJStevensMusicPresentationCreator.Program~0000002763
2024-12-14 22:09:39.4080~DEBUG~extract completed~~RJStevensMusicPresentationCreator.Program~0000002764
2024-12-14 22:09:39.4080~DEBUG~<- ExtractAllFromFile(zipFileName = "C:\Users\cofc_\AppData\Local\Temp\tmpC36B.tmp\rjsec598.ZIP", decompressedFolder = "C:\Users\cofc_\AppData\Local\Temp\tmpC466.tmp", message = "rjsec598")~~RJStevensMusicPresentationCreator.Program~0000002765
2024-12-14 22:09:39.5070~DEBUG~-> DownloadFile(url = "https://faas-nyc1-2ef2e6cc.doserverless.co/api/v1/web/fn-dd7f8f6a-d32a-4f5e-ae7b-870dfb7963f3/downloads/bundle?id=000000000000610", filename = "C:\Users\cofc_\AppData\Local\Temp\tmpC62C.tmp\rjsec601.ZIP", message = "rjsec601")~~RJStevensMusicPresentationCreator.Program~0000002766
2024-12-14 22:09:39.7180~DEBUG~download completed~~RJStevensMusicPresentationCreator.Program~0000002767
2024-12-14 22:09:39.7180~DEBUG~<- DownloadFile(url = "https://faas-nyc1-2ef2e6cc.doserverless.co/api/v1/web/fn-dd7f8f6a-d32a-4f5e-ae7b-870dfb7963f3/downloads/bundle?id=000000000000610", filename = "C:\Users\cofc_\AppData\Local\Temp\tmpC62C.tmp\rjsec601.ZIP", message = "rjsec601")~~RJStevensMusicPresentationCreator.Program~0000002768
2024-12-14 22:09:39.7300~DEBUG~-> ExtractAllFromFile(zipFileName = "C:\Users\cofc_\AppData\Local\Temp\tmpC62C.tmp\rjsec601.ZIP", decompressedFolder = "C:\Users\cofc_\AppData\Local\Temp\tmpC708.tmp", message = "rjsec601")~~RJStevensMusicPresentationCreator.Program~0000002769
2024-12-14 22:09:39.9800~DEBUG~extract completed~~RJStevensMusicPresentationCreator.Program~0000002770
2024-12-14 22:09:39.9800~DEBUG~<- ExtractAllFromFile(zipFileName = "C:\Users\cofc_\AppData\Local\Temp\tmpC62C.tmp\rjsec601.ZIP", decompressedFolder = "C:\Users\cofc_\AppData\Local\Temp\tmpC708.tmp", message = "rjsec601")~~RJStevensMusicPresentationCreator.Program~0000002771
2024-12-14 22:09:40.0590~DEBUG~-> DownloadFile(url = "https://faas-nyc1-2ef2e6cc.doserverless.co/api/v1/web/fn-dd7f8f6a-d32a-4f5e-ae7b-870dfb7963f3/downloads/bundle?id=000000000000616", filename = "C:\Users\cofc_\AppData\Local\Temp\tmpC851.tmp\rjsec607.ZIP", message = "rjsec607")~~RJStevensMusicPresentationCreator.Program~0000002772
2024-12-14 22:09:40.2860~DEBUG~download completed~~RJStevensMusicPresentationCreator.Program~0000002773
2024-12-14 22:09:40.2860~DEBUG~<- DownloadFile(url = "https://faas-nyc1-2ef2e6cc.doserverless.co/api/v1/web/fn-dd7f8f6a-d32a-4f5e-ae7b-870dfb7963f3/downloads/bundle?id=000000000000616", filename = "C:\Users\cofc_\AppData\Local\Temp\tmpC851.tmp\rjsec607.ZIP", message = "rjsec607")~~RJStevensMusicPresentationCreator.Program~0000002774
2024-12-14 22:09:40.3150~DEBUG~-> ExtractAllFromFile(zipFileName = "C:\Users\cofc_\AppData\Local\Temp\tmpC851.tmp\rjsec607.ZIP", decompressedFolder = "C:\Users\cofc_\AppData\Local\Temp\tmpC95B.tmp", message = "rjsec607")~~RJStevensMusicPresentationCreator.Program~0000002775
2024-12-14 22:09:40.7531~DEBUG~extract completed~~RJStevensMusicPresentationCreator.Program~0000002776
2024-12-14 22:09:40.7531~DEBUG~<- ExtractAllFromFile(zipFileName = "C:\Users\cofc_\AppData\Local\Temp\tmpC851.tmp\rjsec607.ZIP", decompressedFolder = "C:\Users\cofc_\AppData\Local\Temp\tmpC95B.tmp", message = "rjsec607")~~RJStevensMusicPresentationCreator.Program~0000002777
2024-12-14 22:09:40.8441~DEBUG~-> DownloadFile(url = "https://faas-nyc1-2ef2e6cc.doserverless.co/api/v1/web/fn-dd7f8f6a-d32a-4f5e-ae7b-870dfb7963f3/downloads/bundle?id=000000000000618", filename = "C:\Users\cofc_\AppData\Local\Temp\tmpCB60.tmp\rjsec609.ZIP", message = "rjsec609")~~RJStevensMusicPresentationCreator.Program~0000002778
2024-12-14 22:09:41.0531~DEBUG~download completed~~RJStevensMusicPresentationCreator.Program~0000002779
2024-12-14 22:09:41.0531~DEBUG~<- DownloadFile(url = "https://faas-nyc1-2ef2e6cc.doserverless.co/api/v1/web/fn-dd7f8f6a-d32a-4f5e-ae7b-870dfb7963f3/downloads/bundle?id=000000000000618", filename = "C:\Users\cofc_\AppData\Local\Temp\tmpCB60.tmp\rjsec609.ZIP", message = "rjsec609")~~RJStevensMusicPresentationCreator.Program~0000002780
2024-12-14 22:09:41.0531~DEBUG~-> ExtractAllFromFile(zipFileName = "C:\Users\cofc_\AppData\Local\Temp\tmpCB60.tmp\rjsec609.ZIP", decompressedFolder = "C:\Users\cofc_\AppData\Local\Temp\tmpCC3C.tmp", message = "rjsec609")~~RJStevensMusicPresentationCreator.Program~0000002781
2024-12-14 22:09:41.3811~DEBUG~extract completed~~RJStevensMusicPresentationCreator.Program~0000002782
2024-12-14 22:09:41.3811~DEBUG~<- ExtractAllFromFile(zipFileName = "C:\Users\cofc_\AppData\Local\Temp\tmpCB60.tmp\rjsec609.ZIP", decompressedFolder = "C:\Users\cofc_\AppData\Local\Temp\tmpCC3C.tmp", message = "rjsec609")~~RJStevensMusicPresentationCreator.Program~0000002783
2024-12-14 22:09:41.4551~DEBUG~-> DownloadFile(url = "https://faas-nyc1-2ef2e6cc.doserverless.co/api/v1/web/fn-dd7f8f6a-d32a-4f5e-ae7b-870dfb7963f3/downloads/bundle?id=000000000000620", filename = "C:\Users\cofc_\AppData\Local\Temp\tmpCDC3.tmp\rjsec611.ZIP", message = "rjsec611")~~RJStevensMusicPresentationCreator.Program~0000002784
2024-12-14 22:09:41.6561~DEBUG~download completed~~RJStevensMusicPresentationCreator.Program~0000002785
2024-12-14 22:09:41.6571~DEBUG~<- DownloadFile(url = "https://faas-nyc1-2ef2e6cc.doserverless.co/api/v1/web/fn-dd7f8f6a-d32a-4f5e-ae7b-870dfb7963f3/downloads/bundle?id=000000000000620", filename = "C:\Users\cofc_\AppData\Local\Temp\tmpCDC3.tmp\rjsec611.ZIP", message = "rjsec611")~~RJStevensMusicPresentationCreator.Program~0000002786
2024-12-14 22:09:41.6891~DEBUG~-> ExtractAllFromFile(zipFileName = "C:\Users\cofc_\AppData\Local\Temp\tmpCDC3.tmp\rjsec611.ZIP", decompressedFolder = "C:\Users\cofc_\AppData\Local\Temp\tmpCEBE.tmp", message = "rjsec611")~~RJStevensMusicPresentationCreator.Program~0000002787
2024-12-14 22:09:41.8482~DEBUG~extract completed~~RJStevensMusicPresentationCreator.Program~0000002788
2024-12-14 22:09:41.8482~DEBUG~<- ExtractAllFromFile(zipFileName = "C:\Users\cofc_\AppData\Local\Temp\tmpCDC3.tmp\rjsec611.ZIP", decompressedFolder = "C:\Users\cofc_\AppData\Local\Temp\tmpCEBE.tmp", message = "rjsec611")~~RJStevensMusicPresentationCreator.Program~0000002789
2024-12-14 22:09:41.9112~DEBUG~-> DownloadFile(url = "https://faas-nyc1-2ef2e6cc.doserverless.co/api/v1/web/fn-dd7f8f6a-d32a-4f5e-ae7b-870dfb7963f3/downloads/bundle?id=000000000000621", filename = "C:\Users\cofc_\AppData\Local\Temp\tmpCF9A.tmp\rjsec612.ZIP", message = "rjsec612")~~RJStevensMusicPresentationCreator.Program~0000002790
2024-12-14 22:09:42.1382~DEBUG~download completed~~RJStevensMusicPresentationCreator.Program~0000002791
2024-12-14 22:09:42.1382~DEBUG~<- DownloadFile(url = "https://faas-nyc1-2ef2e6cc.doserverless.co/api/v1/web/fn-dd7f8f6a-d32a-4f5e-ae7b-870dfb7963f3/downloads/bundle?id=000000000000621", filename = "C:\Users\cofc_\AppData\Local\Temp\tmpCF9A.tmp\rjsec612.ZIP", message = "rjsec612")~~RJStevensMusicPresentationCreator.Program~0000002792
2024-12-14 22:09:42.1502~DEBUG~-> ExtractAllFromFile(zipFileName = "C:\Users\cofc_\AppData\Local\Temp\tmpCF9A.tmp\rjsec612.ZIP", decompressedFolder = "C:\Users\cofc_\AppData\Local\Temp\tmpD085.tmp", message = "rjsec612")~~RJStevensMusicPresentationCreator.Program~0000002793
2024-12-14 22:09:42.4162~DEBUG~extract completed~~RJStevensMusicPresentationCreator.Program~0000002794
2024-12-14 22:09:42.4162~DEBUG~<- ExtractAllFromFile(zipFileName = "C:\Users\cofc_\AppData\Local\Temp\tmpCF9A.tmp\rjsec612.ZIP", decompressedFolder = "C:\Users\cofc_\AppData\Local\Temp\tmpD085.tmp", message = "rjsec612")~~RJStevensMusicPresentationCreator.Program~0000002795
2024-12-14 22:09:42.4972~DEBUG~-> DownloadFile(url = "https://faas-nyc1-2ef2e6cc.doserverless.co/api/v1/web/fn-dd7f8f6a-d32a-4f5e-ae7b-870dfb7963f3/downloads/bundle?id=000000000000625", filename = "C:\Users\cofc_\AppData\Local\Temp\tmpD1DE.tmp\rjsec616.ZIP", message = "rjsec616")~~RJStevensMusicPresentationCreator.Program~0000002796
2024-12-14 22:09:42.7552~DEBUG~download completed~~RJStevensMusicPresentationCreator.Program~0000002797
2024-12-14 22:09:42.7552~DEBUG~<- DownloadFile(url = "https://faas-nyc1-2ef2e6cc.doserverless.co/api/v1/web/fn-dd7f8f6a-d32a-4f5e-ae7b-870dfb7963f3/downloads/bundle?id=000000000000625", filename = "C:\Users\cofc_\AppData\Local\Temp\tmpD1DE.tmp\rjsec616.ZIP", message = "rjsec616")~~RJStevensMusicPresentationCreator.Program~0000002798
2024-12-14 22:09:42.7672~DEBUG~-> ExtractAllFromFile(zipFileName = "C:\Users\cofc_\AppData\Local\Temp\tmpD1DE.tmp\rjsec616.ZIP", decompressedFolder = "C:\Users\cofc_\AppData\Local\Temp\tmpD2F8.tmp", message = "rjsec616")~~RJStevensMusicPresentationCreator.Program~0000002799
2024-12-14 22:09:43.0381~DEBUG~extract completed~~RJStevensMusicPresentationCreator.Program~0000002800
2024-12-14 22:09:43.0381~DEBUG~<- ExtractAllFromFile(zipFileName = "C:\Users\cofc_\AppData\Local\Temp\tmpD1DE.tmp\rjsec616.ZIP", decompressedFolder = "C:\Users\cofc_\AppData\Local\Temp\tmpD2F8.tmp", message = "rjsec616")~~RJStevensMusicPresentationCreator.Program~0000002801
2024-12-14 22:09:43.1831~DEBUG~-> DownloadFile(url = "https://faas-nyc1-2ef2e6cc.doserverless.co/api/v1/web/fn-dd7f8f6a-d32a-4f5e-ae7b-870dfb7963f3/downloads/bundle?id=000000000000626", filename = "C:\Users\cofc_\AppData\Local\Temp\tmpD490.tmp\rjsec617.ZIP", message = "rjsec617")~~RJStevensMusicPresentationCreator.Program~0000002802
2024-12-14 22:09:43.4051~DEBUG~download completed~~RJStevensMusicPresentationCreator.Program~0000002803
2024-12-14 22:09:43.4051~DEBUG~<- DownloadFile(url = "https://faas-nyc1-2ef2e6cc.doserverless.co/api/v1/web/fn-dd7f8f6a-d32a-4f5e-ae7b-870dfb7963f3/downloads/bundle?id=000000000000626", filename = "C:\Users\cofc_\AppData\Local\Temp\tmpD490.tmp\rjsec617.ZIP", message = "rjsec617")~~RJStevensMusicPresentationCreator.Program~0000002804
2024-12-14 22:09:43.4251~DEBUG~-> ExtractAllFromFile(zipFileName = "C:\Users\cofc_\AppData\Local\Temp\tmpD490.tmp\rjsec617.ZIP", decompressedFolder = "C:\Users\cofc_\AppData\Local\Temp\tmpD58B.tmp", message = "rjsec617")~~RJStevensMusicPresentationCreator.Program~0000002805
2024-12-14 22:09:43.8681~DEBUG~extract completed~~RJStevensMusicPresentationCreator.Program~0000002806
2024-12-14 22:09:43.8681~DEBUG~<- ExtractAllFromFile(zipFileName = "C:\Users\cofc_\AppData\Local\Temp\tmpD490.tmp\rjsec617.ZIP", decompressedFolder = "C:\Users\cofc_\AppData\Local\Temp\tmpD58B.tmp", message = "rjsec617")~~RJStevensMusicPresentationCreator.Program~0000002807
2024-12-14 22:09:43.9491~DEBUG~-> DownloadFile(url = "https://faas-nyc1-2ef2e6cc.doserverless.co/api/v1/web/fn-dd7f8f6a-d32a-4f5e-ae7b-870dfb7963f3/downloads/bundle?id=000000000000628", filename = "C:\Users\cofc_\AppData\Local\Temp\tmpD78F.tmp\rjsec619.ZIP", message = "rjsec619")~~RJStevensMusicPresentationCreator.Program~0000002808
2024-12-14 22:09:44.1561~DEBUG~download completed~~RJStevensMusicPresentationCreator.Program~0000002809
2024-12-14 22:09:44.1571~DEBUG~<- DownloadFile(url = "https://faas-nyc1-2ef2e6cc.doserverless.co/api/v1/web/fn-dd7f8f6a-d32a-4f5e-ae7b-870dfb7963f3/downloads/bundle?id=000000000000628", filename = "C:\Users\cofc_\AppData\Local\Temp\tmpD78F.tmp\rjsec619.ZIP", message = "rjsec619")~~RJStevensMusicPresentationCreator.Program~0000002810
2024-12-14 22:09:44.1771~DEBUG~-> ExtractAllFromFile(zipFileName = "C:\Users\cofc_\AppData\Local\Temp\tmpD78F.tmp\rjsec619.ZIP", decompressedFolder = "C:\Users\cofc_\AppData\Local\Temp\tmpD87B.tmp", message = "rjsec619")~~RJStevensMusicPresentationCreator.Program~0000002811
2024-12-14 22:09:44.4912~DEBUG~extract completed~~RJStevensMusicPresentationCreator.Program~0000002812
2024-12-14 22:09:44.4912~DEBUG~<- ExtractAllFromFile(zipFileName = "C:\Users\cofc_\AppData\Local\Temp\tmpD78F.tmp\rjsec619.ZIP", decompressedFolder = "C:\Users\cofc_\AppData\Local\Temp\tmpD87B.tmp", message = "rjsec619")~~RJStevensMusicPresentationCreator.Program~0000002813
2024-12-14 22:09:44.5752~DEBUG~-> DownloadFile(url = "https://faas-nyc1-2ef2e6cc.doserverless.co/api/v1/web/fn-dd7f8f6a-d32a-4f5e-ae7b-870dfb7963f3/downloads/bundle?id=000000000000631", filename = "C:\Users\cofc_\AppData\Local\Temp\tmpDA02.tmp\rjsec622.ZIP", message = "rjsec622")~~RJStevensMusicPresentationCreator.Program~0000002814
2024-12-14 22:09:44.8152~DEBUG~download completed~~RJStevensMusicPresentationCreator.Program~0000002815
2024-12-14 22:09:44.8152~DEBUG~<- DownloadFile(url = "https://faas-nyc1-2ef2e6cc.doserverless.co/api/v1/web/fn-dd7f8f6a-d32a-4f5e-ae7b-870dfb7963f3/downloads/bundle?id=000000000000631", filename = "C:\Users\cofc_\AppData\Local\Temp\tmpDA02.tmp\rjsec622.ZIP", message = "rjsec622")~~RJStevensMusicPresentationCreator.Program~0000002816
2024-12-14 22:09:44.8152~DEBUG~-> ExtractAllFromFile(zipFileName = "C:\Users\cofc_\AppData\Local\Temp\tmpDA02.tmp\rjsec622.ZIP", decompressedFolder = "C:\Users\cofc_\AppData\Local\Temp\tmpDAFD.tmp", message = "rjsec622")~~RJStevensMusicPresentationCreator.Program~0000002817
2024-12-14 22:09:45.1232~DEBUG~extract completed~~RJStevensMusicPresentationCreator.Program~0000002818
2024-12-14 22:09:45.1292~DEBUG~<- ExtractAllFromFile(zipFileName = "C:\Users\cofc_\AppData\Local\Temp\tmpDA02.tmp\rjsec622.ZIP", decompressedFolder = "C:\Users\cofc_\AppData\Local\Temp\tmpDAFD.tmp", message = "rjsec622")~~RJStevensMusicPresentationCreator.Program~0000002819
2024-12-14 22:09:45.2052~DEBUG~-> DownloadFile(url = "https://faas-nyc1-2ef2e6cc.doserverless.co/api/v1/web/fn-dd7f8f6a-d32a-4f5e-ae7b-870dfb7963f3/downloads/bundle?id=000000000000632", filename = "C:\Users\cofc_\AppData\Local\Temp\tmpDC85.tmp\rjsec623.ZIP", message = "rjsec623")~~RJStevensMusicPresentationCreator.Program~0000002820
2024-12-14 22:09:45.4122~DEBUG~download completed~~RJStevensMusicPresentationCreator.Program~0000002821
2024-12-14 22:09:45.4122~DEBUG~<- DownloadFile(url = "https://faas-nyc1-2ef2e6cc.doserverless.co/api/v1/web/fn-dd7f8f6a-d32a-4f5e-ae7b-870dfb7963f3/downloads/bundle?id=000000000000632", filename = "C:\Users\cofc_\AppData\Local\Temp\tmpDC85.tmp\rjsec623.ZIP", message = "rjsec623")~~RJStevensMusicPresentationCreator.Program~0000002822
2024-12-14 22:09:45.4252~DEBUG~-> ExtractAllFromFile(zipFileName = "C:\Users\cofc_\AppData\Local\Temp\tmpDC85.tmp\rjsec623.ZIP", decompressedFolder = "C:\Users\cofc_\AppData\Local\Temp\tmpDD61.tmp", message = "rjsec623")~~RJStevensMusicPresentationCreator.Program~0000002823
2024-12-14 22:09:45.6312~DEBUG~extract completed~~RJStevensMusicPresentationCreator.Program~0000002824
2024-12-14 22:09:45.6312~DEBUG~<- ExtractAllFromFile(zipFileName = "C:\Users\cofc_\AppData\Local\Temp\tmpDC85.tmp\rjsec623.ZIP", decompressedFolder = "C:\Users\cofc_\AppData\Local\Temp\tmpDD61.tmp", message = "rjsec623")~~RJStevensMusicPresentationCreator.Program~0000002825
2024-12-14 22:09:45.7153~DEBUG~-> DownloadFile(url = "https://faas-nyc1-2ef2e6cc.doserverless.co/api/v1/web/fn-dd7f8f6a-d32a-4f5e-ae7b-870dfb7963f3/downloads/bundle?id=000000000000633", filename = "C:\Users\cofc_\AppData\Local\Temp\tmpDE7B.tmp\rjsec624.ZIP", message = "rjsec624")~~RJStevensMusicPresentationCreator.Program~0000002826
2024-12-14 22:09:45.9633~DEBUG~download completed~~RJStevensMusicPresentationCreator.Program~0000002827
2024-12-14 22:09:45.9633~DEBUG~<- DownloadFile(url = "https://faas-nyc1-2ef2e6cc.doserverless.co/api/v1/web/fn-dd7f8f6a-d32a-4f5e-ae7b-870dfb7963f3/downloads/bundle?id=000000000000633", filename = "C:\Users\cofc_\AppData\Local\Temp\tmpDE7B.tmp\rjsec624.ZIP", message = "rjsec624")~~RJStevensMusicPresentationCreator.Program~0000002828
2024-12-14 22:09:45.9823~DEBUG~-> ExtractAllFromFile(zipFileName = "C:\Users\cofc_\AppData\Local\Temp\tmpDE7B.tmp\rjsec624.ZIP", decompressedFolder = "C:\Users\cofc_\AppData\Local\Temp\tmpDF86.tmp", message = "rjsec624")~~RJStevensMusicPresentationCreator.Program~0000002829
2024-12-14 22:09:46.3433~DEBUG~extract completed~~RJStevensMusicPresentationCreator.Program~0000002830
2024-12-14 22:09:46.3473~DEBUG~<- ExtractAllFromFile(zipFileName = "C:\Users\cofc_\AppData\Local\Temp\tmpDE7B.tmp\rjsec624.ZIP", decompressedFolder = "C:\Users\cofc_\AppData\Local\Temp\tmpDF86.tmp", message = "rjsec624")~~RJStevensMusicPresentationCreator.Program~0000002831
2024-12-14 22:09:46.4683~DEBUG~-> DownloadFile(url = "https://faas-nyc1-2ef2e6cc.doserverless.co/api/v1/web/fn-dd7f8f6a-d32a-4f5e-ae7b-870dfb7963f3/downloads/bundle?id=000000000000634", filename = "C:\Users\cofc_\AppData\Local\Temp\tmpE16B.tmp\rjsec625.ZIP", message = "rjsec625")~~RJStevensMusicPresentationCreator.Program~0000002832
2024-12-14 22:09:46.7633~DEBUG~download completed~~RJStevensMusicPresentationCreator.Program~0000002833
2024-12-14 22:09:46.7633~DEBUG~<- DownloadFile(url = "https://faas-nyc1-2ef2e6cc.doserverless.co/api/v1/web/fn-dd7f8f6a-d32a-4f5e-ae7b-870dfb7963f3/downloads/bundle?id=000000000000634", filename = "C:\Users\cofc_\AppData\Local\Temp\tmpE16B.tmp\rjsec625.ZIP", message = "rjsec625")~~RJStevensMusicPresentationCreator.Program~0000002834
2024-12-14 22:09:46.7753~DEBUG~-> ExtractAllFromFile(zipFileName = "C:\Users\cofc_\AppData\Local\Temp\tmpE16B.tmp\rjsec625.ZIP", decompressedFolder = "C:\Users\cofc_\AppData\Local\Temp\tmpE2A4.tmp", message = "rjsec625")~~RJStevensMusicPresentationCreator.Program~0000002835
2024-12-14 22:09:47.1524~DEBUG~extract completed~~RJStevensMusicPresentationCreator.Program~0000002836
2024-12-14 22:09:47.1524~DEBUG~<- ExtractAllFromFile(zipFileName = "C:\Users\cofc_\AppData\Local\Temp\tmpE16B.tmp\rjsec625.ZIP", decompressedFolder = "C:\Users\cofc_\AppData\Local\Temp\tmpE2A4.tmp", message = "rjsec625")~~RJStevensMusicPresentationCreator.Program~0000002837
2024-12-14 22:09:47.2424~DEBUG~-> DownloadFile(url = "https://faas-nyc1-2ef2e6cc.doserverless.co/api/v1/web/fn-dd7f8f6a-d32a-4f5e-ae7b-870dfb7963f3/downloads/bundle?id=000000000000635", filename = "C:\Users\cofc_\AppData\Local\Temp\tmpE47A.tmp\rjsec626.ZIP", message = "rjsec626")~~RJStevensMusicPresentationCreator.Program~0000002838
2024-12-14 22:09:47.5374~DEBUG~download completed~~RJStevensMusicPresentationCreator.Program~0000002839
2024-12-14 22:09:47.5374~DEBUG~<- DownloadFile(url = "https://faas-nyc1-2ef2e6cc.doserverless.co/api/v1/web/fn-dd7f8f6a-d32a-4f5e-ae7b-870dfb7963f3/downloads/bundle?id=000000000000635", filename = "C:\Users\cofc_\AppData\Local\Temp\tmpE47A.tmp\rjsec626.ZIP", message = "rjsec626")~~RJStevensMusicPresentationCreator.Program~0000002840
2024-12-14 22:09:47.5514~DEBUG~-> ExtractAllFromFile(zipFileName = "C:\Users\cofc_\AppData\Local\Temp\tmpE47A.tmp\rjsec626.ZIP", decompressedFolder = "C:\Users\cofc_\AppData\Local\Temp\tmpE5B4.tmp", message = "rjsec626")~~RJStevensMusicPresentationCreator.Program~0000002841
2024-12-14 22:09:47.9797~DEBUG~extract completed~~RJStevensMusicPresentationCreator.Program~0000002842
2024-12-14 22:09:47.9797~DEBUG~<- ExtractAllFromFile(zipFileName = "C:\Users\cofc_\AppData\Local\Temp\tmpE47A.tmp\rjsec626.ZIP", decompressedFolder = "C:\Users\cofc_\AppData\Local\Temp\tmpE5B4.tmp", message = "rjsec626")~~RJStevensMusicPresentationCreator.Program~0000002843
2024-12-14 22:09:48.0637~DEBUG~-> DownloadFile(url = "https://faas-nyc1-2ef2e6cc.doserverless.co/api/v1/web/fn-dd7f8f6a-d32a-4f5e-ae7b-870dfb7963f3/downloads/bundle?id=000000000000639", filename = "C:\Users\cofc_\AppData\Local\Temp\tmpE7A9.tmp\rjsec630.ZIP", message = "rjsec630")~~RJStevensMusicPresentationCreator.Program~0000002844
2024-12-14 22:09:48.3357~DEBUG~download completed~~RJStevensMusicPresentationCreator.Program~0000002845
2024-12-14 22:09:48.3357~DEBUG~<- DownloadFile(url = "https://faas-nyc1-2ef2e6cc.doserverless.co/api/v1/web/fn-dd7f8f6a-d32a-4f5e-ae7b-870dfb7963f3/downloads/bundle?id=000000000000639", filename = "C:\Users\cofc_\AppData\Local\Temp\tmpE7A9.tmp\rjsec630.ZIP", message = "rjsec630")~~RJStevensMusicPresentationCreator.Program~0000002846
2024-12-14 22:09:48.3557~DEBUG~-> ExtractAllFromFile(zipFileName = "C:\Users\cofc_\AppData\Local\Temp\tmpE7A9.tmp\rjsec630.ZIP", decompressedFolder = "C:\Users\cofc_\AppData\Local\Temp\tmpE8D3.tmp", message = "rjsec630")~~RJStevensMusicPresentationCreator.Program~0000002847
2024-12-14 22:09:48.6387~DEBUG~extract completed~~RJStevensMusicPresentationCreator.Program~0000002848
2024-12-14 22:09:48.6427~DEBUG~<- ExtractAllFromFile(zipFileName = "C:\Users\cofc_\AppData\Local\Temp\tmpE7A9.tmp\rjsec630.ZIP", decompressedFolder = "C:\Users\cofc_\AppData\Local\Temp\tmpE8D3.tmp", message = "rjsec630")~~RJStevensMusicPresentationCreator.Program~0000002849
2024-12-14 22:09:48.7157~DEBUG~-> DownloadFile(url = "https://faas-nyc1-2ef2e6cc.doserverless.co/api/v1/web/fn-dd7f8f6a-d32a-4f5e-ae7b-870dfb7963f3/downloads/bundle?id=000000000000640", filename = "C:\Users\cofc_\AppData\Local\Temp\tmpEA3B.tmp\rjsec631.ZIP", message = "rjsec631")~~RJStevensMusicPresentationCreator.Program~0000002850
2024-12-14 22:09:48.9268~DEBUG~download completed~~RJStevensMusicPresentationCreator.Program~0000002851
2024-12-14 22:09:48.9268~DEBUG~<- DownloadFile(url = "https://faas-nyc1-2ef2e6cc.doserverless.co/api/v1/web/fn-dd7f8f6a-d32a-4f5e-ae7b-870dfb7963f3/downloads/bundle?id=000000000000640", filename = "C:\Users\cofc_\AppData\Local\Temp\tmpEA3B.tmp\rjsec631.ZIP", message = "rjsec631")~~RJStevensMusicPresentationCreator.Program~0000002852
2024-12-14 22:09:48.9397~DEBUG~-> ExtractAllFromFile(zipFileName = "C:\Users\cofc_\AppData\Local\Temp\tmpEA3B.tmp\rjsec631.ZIP", decompressedFolder = "C:\Users\cofc_\AppData\Local\Temp\tmpEB26.tmp", message = "rjsec631")~~RJStevensMusicPresentationCreator.Program~0000002853
2024-12-14 22:09:49.1468~DEBUG~extract completed~~RJStevensMusicPresentationCreator.Program~0000002854
2024-12-14 22:09:49.1468~DEBUG~<- ExtractAllFromFile(zipFileName = "C:\Users\cofc_\AppData\Local\Temp\tmpEA3B.tmp\rjsec631.ZIP", decompressedFolder = "C:\Users\cofc_\AppData\Local\Temp\tmpEB26.tmp", message = "rjsec631")~~RJStevensMusicPresentationCreator.Program~0000002855
2024-12-14 22:09:49.2148~DEBUG~-> DownloadFile(url = "https://faas-nyc1-2ef2e6cc.doserverless.co/api/v1/web/fn-dd7f8f6a-d32a-4f5e-ae7b-870dfb7963f3/downloads/bundle?id=000000000000641", filename = "C:\Users\cofc_\AppData\Local\Temp\tmpEC31.tmp\rjsec632.ZIP", message = "rjsec632")~~RJStevensMusicPresentationCreator.Program~0000002856
2024-12-14 22:09:49.4388~DEBUG~download completed~~RJStevensMusicPresentationCreator.Program~0000002857
2024-12-14 22:09:49.4388~DEBUG~<- DownloadFile(url = "https://faas-nyc1-2ef2e6cc.doserverless.co/api/v1/web/fn-dd7f8f6a-d32a-4f5e-ae7b-870dfb7963f3/downloads/bundle?id=000000000000641", filename = "C:\Users\cofc_\AppData\Local\Temp\tmpEC31.tmp\rjsec632.ZIP", message = "rjsec632")~~RJStevensMusicPresentationCreator.Program~0000002858
2024-12-14 22:09:49.4538~DEBUG~-> ExtractAllFromFile(zipFileName = "C:\Users\cofc_\AppData\Local\Temp\tmpEC31.tmp\rjsec632.ZIP", decompressedFolder = "C:\Users\cofc_\AppData\Local\Temp\tmpED1C.tmp", message = "rjsec632")~~RJStevensMusicPresentationCreator.Program~0000002859
2024-12-14 22:09:49.7773~DEBUG~extract completed~~RJStevensMusicPresentationCreator.Program~0000002860
2024-12-14 22:09:49.7773~DEBUG~<- ExtractAllFromFile(zipFileName = "C:\Users\cofc_\AppData\Local\Temp\tmpEC31.tmp\rjsec632.ZIP", decompressedFolder = "C:\Users\cofc_\AppData\Local\Temp\tmpED1C.tmp", message = "rjsec632")~~RJStevensMusicPresentationCreator.Program~0000002861
2024-12-14 22:09:49.8693~DEBUG~-> DownloadFile(url = "https://faas-nyc1-2ef2e6cc.doserverless.co/api/v1/web/fn-dd7f8f6a-d32a-4f5e-ae7b-870dfb7963f3/downloads/bundle?id=000000000000645", filename = "C:\Users\cofc_\AppData\Local\Temp\tmpEEC3.tmp\rjsec636.ZIP", message = "rjsec636")~~RJStevensMusicPresentationCreator.Program~0000002862
2024-12-14 22:09:50.1203~DEBUG~download completed~~RJStevensMusicPresentationCreator.Program~0000002863
2024-12-14 22:09:50.1203~DEBUG~<- DownloadFile(url = "https://faas-nyc1-2ef2e6cc.doserverless.co/api/v1/web/fn-dd7f8f6a-d32a-4f5e-ae7b-870dfb7963f3/downloads/bundle?id=000000000000645", filename = "C:\Users\cofc_\AppData\Local\Temp\tmpEEC3.tmp\rjsec636.ZIP", message = "rjsec636")~~RJStevensMusicPresentationCreator.Program~0000002864
2024-12-14 22:09:50.1343~DEBUG~-> ExtractAllFromFile(zipFileName = "C:\Users\cofc_\AppData\Local\Temp\tmpEEC3.tmp\rjsec636.ZIP", decompressedFolder = "C:\Users\cofc_\AppData\Local\Temp\tmpEFCE.tmp", message = "rjsec636")~~RJStevensMusicPresentationCreator.Program~0000002865
2024-12-14 22:09:50.6683~DEBUG~extract completed~~RJStevensMusicPresentationCreator.Program~0000002866
2024-12-14 22:09:50.6763~DEBUG~<- ExtractAllFromFile(zipFileName = "C:\Users\cofc_\AppData\Local\Temp\tmpEEC3.tmp\rjsec636.ZIP", decompressedFolder = "C:\Users\cofc_\AppData\Local\Temp\tmpEFCE.tmp", message = "rjsec636")~~RJStevensMusicPresentationCreator.Program~0000002867
2024-12-14 22:09:50.7983~DEBUG~-> DownloadFile(url = "https://faas-nyc1-2ef2e6cc.doserverless.co/api/v1/web/fn-dd7f8f6a-d32a-4f5e-ae7b-870dfb7963f3/downloads/bundle?id=000000000000646", filename = "C:\Users\cofc_\AppData\Local\Temp\tmpF25F.tmp\rjsec637.ZIP", message = "rjsec637")~~RJStevensMusicPresentationCreator.Program~0000002868
2024-12-14 22:09:51.1364~DEBUG~download completed~~RJStevensMusicPresentationCreator.Program~0000002869
2024-12-14 22:09:51.1364~DEBUG~<- DownloadFile(url = "https://faas-nyc1-2ef2e6cc.doserverless.co/api/v1/web/fn-dd7f8f6a-d32a-4f5e-ae7b-870dfb7963f3/downloads/bundle?id=000000000000646", filename = "C:\Users\cofc_\AppData\Local\Temp\tmpF25F.tmp\rjsec637.ZIP", message = "rjsec637")~~RJStevensMusicPresentationCreator.Program~0000002870
2024-12-14 22:09:51.1544~DEBUG~-> ExtractAllFromFile(zipFileName = "C:\Users\cofc_\AppData\Local\Temp\tmpF25F.tmp\rjsec637.ZIP", decompressedFolder = "C:\Users\cofc_\AppData\Local\Temp\tmpF3C7.tmp", message = "rjsec637")~~RJStevensMusicPresentationCreator.Program~0000002871
2024-12-14 22:09:51.6152~DEBUG~extract completed~~RJStevensMusicPresentationCreator.Program~0000002872
2024-12-14 22:09:51.6152~DEBUG~<- ExtractAllFromFile(zipFileName = "C:\Users\cofc_\AppData\Local\Temp\tmpF25F.tmp\rjsec637.ZIP", decompressedFolder = "C:\Users\cofc_\AppData\Local\Temp\tmpF3C7.tmp", message = "rjsec637")~~RJStevensMusicPresentationCreator.Program~0000002873
2024-12-14 22:09:51.7172~DEBUG~-> DownloadFile(url = "https://faas-nyc1-2ef2e6cc.doserverless.co/api/v1/web/fn-dd7f8f6a-d32a-4f5e-ae7b-870dfb7963f3/downloads/bundle?id=000000000000647", filename = "C:\Users\cofc_\AppData\Local\Temp\tmpF5FB.tmp\rjsec638.ZIP", message = "rjsec638")~~RJStevensMusicPresentationCreator.Program~0000002874
2024-12-14 22:09:51.9902~DEBUG~download completed~~RJStevensMusicPresentationCreator.Program~0000002875
2024-12-14 22:09:51.9902~DEBUG~<- DownloadFile(url = "https://faas-nyc1-2ef2e6cc.doserverless.co/api/v1/web/fn-dd7f8f6a-d32a-4f5e-ae7b-870dfb7963f3/downloads/bundle?id=000000000000647", filename = "C:\Users\cofc_\AppData\Local\Temp\tmpF5FB.tmp\rjsec638.ZIP", message = "rjsec638")~~RJStevensMusicPresentationCreator.Program~0000002876
2024-12-14 22:09:52.0062~DEBUG~-> ExtractAllFromFile(zipFileName = "C:\Users\cofc_\AppData\Local\Temp\tmpF5FB.tmp\rjsec638.ZIP", decompressedFolder = "C:\Users\cofc_\AppData\Local\Temp\tmpF725.tmp", message = "rjsec638")~~RJStevensMusicPresentationCreator.Program~0000002877
2024-12-14 22:09:52.4024~DEBUG~extract completed~~RJStevensMusicPresentationCreator.Program~0000002878
2024-12-14 22:09:52.4024~DEBUG~<- ExtractAllFromFile(zipFileName = "C:\Users\cofc_\AppData\Local\Temp\tmpF5FB.tmp\rjsec638.ZIP", decompressedFolder = "C:\Users\cofc_\AppData\Local\Temp\tmpF725.tmp", message = "rjsec638")~~RJStevensMusicPresentationCreator.Program~0000002879
2024-12-14 22:09:52.5134~DEBUG~-> DownloadFile(url = "https://faas-nyc1-2ef2e6cc.doserverless.co/api/v1/web/fn-dd7f8f6a-d32a-4f5e-ae7b-870dfb7963f3/downloads/bundle?id=000000000000648", filename = "C:\Users\cofc_\AppData\Local\Temp\tmpF91A.tmp\rjsec639.ZIP", message = "rjsec639")~~RJStevensMusicPresentationCreator.Program~0000002880
2024-12-14 22:09:52.7364~DEBUG~download completed~~RJStevensMusicPresentationCreator.Program~0000002881
2024-12-14 22:09:52.7364~DEBUG~<- DownloadFile(url = "https://faas-nyc1-2ef2e6cc.doserverless.co/api/v1/web/fn-dd7f8f6a-d32a-4f5e-ae7b-870dfb7963f3/downloads/bundle?id=000000000000648", filename = "C:\Users\cofc_\AppData\Local\Temp\tmpF91A.tmp\rjsec639.ZIP", message = "rjsec639")~~RJStevensMusicPresentationCreator.Program~0000002882
2024-12-14 22:09:52.7364~DEBUG~-> ExtractAllFromFile(zipFileName = "C:\Users\cofc_\AppData\Local\Temp\tmpF91A.tmp\rjsec639.ZIP", decompressedFolder = "C:\Users\cofc_\AppData\Local\Temp\tmpFA05.tmp", message = "rjsec639")~~RJStevensMusicPresentationCreator.Program~0000002883
2024-12-14 22:09:53.1486~DEBUG~extract completed~~RJStevensMusicPresentationCreator.Program~0000002884
2024-12-14 22:09:53.1486~DEBUG~<- ExtractAllFromFile(zipFileName = "C:\Users\cofc_\AppData\Local\Temp\tmpF91A.tmp\rjsec639.ZIP", decompressedFolder = "C:\Users\cofc_\AppData\Local\Temp\tmpFA05.tmp", message = "rjsec639")~~RJStevensMusicPresentationCreator.Program~0000002885
2024-12-14 22:09:53.2636~DEBUG~-> DownloadFile(url = "https://faas-nyc1-2ef2e6cc.doserverless.co/api/v1/web/fn-dd7f8f6a-d32a-4f5e-ae7b-870dfb7963f3/downloads/bundle?id=000000000000650", filename = "C:\Users\cofc_\AppData\Local\Temp\tmpFC0A.tmp\rjsec641.ZIP", message = "rjsec641")~~RJStevensMusicPresentationCreator.Program~0000002886
2024-12-14 22:09:53.6006~DEBUG~download completed~~RJStevensMusicPresentationCreator.Program~0000002887
2024-12-14 22:09:53.6006~DEBUG~<- DownloadFile(url = "https://faas-nyc1-2ef2e6cc.doserverless.co/api/v1/web/fn-dd7f8f6a-d32a-4f5e-ae7b-870dfb7963f3/downloads/bundle?id=000000000000650", filename = "C:\Users\cofc_\AppData\Local\Temp\tmpFC0A.tmp\rjsec641.ZIP", message = "rjsec641")~~RJStevensMusicPresentationCreator.Program~0000002888
2024-12-14 22:09:53.6126~DEBUG~-> ExtractAllFromFile(zipFileName = "C:\Users\cofc_\AppData\Local\Temp\tmpFC0A.tmp\rjsec641.ZIP", decompressedFolder = "C:\Users\cofc_\AppData\Local\Temp\tmpFD72.tmp", message = "rjsec641")~~RJStevensMusicPresentationCreator.Program~0000002889
2024-12-14 22:09:54.1090~DEBUG~extract completed~~RJStevensMusicPresentationCreator.Program~0000002890
2024-12-14 22:09:54.1170~DEBUG~<- ExtractAllFromFile(zipFileName = "C:\Users\cofc_\AppData\Local\Temp\tmpFC0A.tmp\rjsec641.ZIP", decompressedFolder = "C:\Users\cofc_\AppData\Local\Temp\tmpFD72.tmp", message = "rjsec641")~~RJStevensMusicPresentationCreator.Program~0000002891
2024-12-14 22:09:54.2550~DEBUG~-> DownloadFile(url = "https://faas-nyc1-2ef2e6cc.doserverless.co/api/v1/web/fn-dd7f8f6a-d32a-4f5e-ae7b-870dfb7963f3/downloads/bundle?id=000000000000651", filename = "C:\Users\cofc_\AppData\Local\Temp\tmpFFF4.tmp\rjsec642.ZIP", message = "rjsec642")~~RJStevensMusicPresentationCreator.Program~0000002892
2024-12-14 22:09:54.5040~DEBUG~download completed~~RJStevensMusicPresentationCreator.Program~0000002893
2024-12-14 22:09:54.5040~DEBUG~<- DownloadFile(url = "https://faas-nyc1-2ef2e6cc.doserverless.co/api/v1/web/fn-dd7f8f6a-d32a-4f5e-ae7b-870dfb7963f3/downloads/bundle?id=000000000000651", filename = "C:\Users\cofc_\AppData\Local\Temp\tmpFFF4.tmp\rjsec642.ZIP", message = "rjsec642")~~RJStevensMusicPresentationCreator.Program~0000002894
2024-12-14 22:09:54.5220~DEBUG~-> ExtractAllFromFile(zipFileName = "C:\Users\cofc_\AppData\Local\Temp\tmpFFF4.tmp\rjsec642.ZIP", decompressedFolder = "C:\Users\cofc_\AppData\Local\Temp\tmpFE.tmp", message = "rjsec642")~~RJStevensMusicPresentationCreator.Program~0000002895
2024-12-14 22:09:54.7340~DEBUG~extract completed~~RJStevensMusicPresentationCreator.Program~0000002896
2024-12-14 22:09:54.7380~DEBUG~<- ExtractAllFromFile(zipFileName = "C:\Users\cofc_\AppData\Local\Temp\tmpFFF4.tmp\rjsec642.ZIP", decompressedFolder = "C:\Users\cofc_\AppData\Local\Temp\tmpFE.tmp", message = "rjsec642")~~RJStevensMusicPresentationCreator.Program~0000002897
2024-12-14 22:09:54.8040~DEBUG~-> DownloadFile(url = "https://faas-nyc1-2ef2e6cc.doserverless.co/api/v1/web/fn-dd7f8f6a-d32a-4f5e-ae7b-870dfb7963f3/downloads/bundle?id=000000000000653", filename = "C:\Users\cofc_\AppData\Local\Temp\tmp219.tmp\rjsec644.ZIP", message = "rjsec644")~~RJStevensMusicPresentationCreator.Program~0000002898
2024-12-14 22:09:55.0640~DEBUG~download completed~~RJStevensMusicPresentationCreator.Program~0000002899
2024-12-14 22:09:55.0640~DEBUG~<- DownloadFile(url = "https://faas-nyc1-2ef2e6cc.doserverless.co/api/v1/web/fn-dd7f8f6a-d32a-4f5e-ae7b-870dfb7963f3/downloads/bundle?id=000000000000653", filename = "C:\Users\cofc_\AppData\Local\Temp\tmp219.tmp\rjsec644.ZIP", message = "rjsec644")~~RJStevensMusicPresentationCreator.Program~0000002900
2024-12-14 22:09:55.0790~DEBUG~-> ExtractAllFromFile(zipFileName = "C:\Users\cofc_\AppData\Local\Temp\tmp219.tmp\rjsec644.ZIP", decompressedFolder = "C:\Users\cofc_\AppData\Local\Temp\tmp323.tmp", message = "rjsec644")~~RJStevensMusicPresentationCreator.Program~0000002901
2024-12-14 22:09:55.2573~DEBUG~extract completed~~RJStevensMusicPresentationCreator.Program~0000002902
2024-12-14 22:09:55.2573~DEBUG~<- ExtractAllFromFile(zipFileName = "C:\Users\cofc_\AppData\Local\Temp\tmp219.tmp\rjsec644.ZIP", decompressedFolder = "C:\Users\cofc_\AppData\Local\Temp\tmp323.tmp", message = "rjsec644")~~RJStevensMusicPresentationCreator.Program~0000002903
2024-12-14 22:09:55.3263~DEBUG~-> DownloadFile(url = "https://faas-nyc1-2ef2e6cc.doserverless.co/api/v1/web/fn-dd7f8f6a-d32a-4f5e-ae7b-870dfb7963f3/downloads/bundle?id=000000000000654", filename = "C:\Users\cofc_\AppData\Local\Temp\tmp41E.tmp\rjsec645.ZIP", message = "rjsec645")~~RJStevensMusicPresentationCreator.Program~0000002904
2024-12-14 22:09:55.6123~DEBUG~download completed~~RJStevensMusicPresentationCreator.Program~0000002905
2024-12-14 22:09:55.6123~DEBUG~<- DownloadFile(url = "https://faas-nyc1-2ef2e6cc.doserverless.co/api/v1/web/fn-dd7f8f6a-d32a-4f5e-ae7b-870dfb7963f3/downloads/bundle?id=000000000000654", filename = "C:\Users\cofc_\AppData\Local\Temp\tmp41E.tmp\rjsec645.ZIP", message = "rjsec645")~~RJStevensMusicPresentationCreator.Program~0000002906
2024-12-14 22:09:55.6123~DEBUG~-> ExtractAllFromFile(zipFileName = "C:\Users\cofc_\AppData\Local\Temp\tmp41E.tmp\rjsec645.ZIP", decompressedFolder = "C:\Users\cofc_\AppData\Local\Temp\tmp548.tmp", message = "rjsec645")~~RJStevensMusicPresentationCreator.Program~0000002907
2024-12-14 22:09:56.1293~DEBUG~extract completed~~RJStevensMusicPresentationCreator.Program~0000002908
2024-12-14 22:09:56.1293~DEBUG~<- ExtractAllFromFile(zipFileName = "C:\Users\cofc_\AppData\Local\Temp\tmp41E.tmp\rjsec645.ZIP", decompressedFolder = "C:\Users\cofc_\AppData\Local\Temp\tmp548.tmp", message = "rjsec645")~~RJStevensMusicPresentationCreator.Program~0000002909
2024-12-14 22:09:56.2993~DEBUG~-> DownloadFile(url = "https://faas-nyc1-2ef2e6cc.doserverless.co/api/v1/web/fn-dd7f8f6a-d32a-4f5e-ae7b-870dfb7963f3/downloads/bundle?id=000000000000655", filename = "C:\Users\cofc_\AppData\Local\Temp\tmp7F9.tmp\rjsec646.ZIP", message = "rjsec646")~~RJStevensMusicPresentationCreator.Program~0000002910
2024-12-14 22:09:56.5054~DEBUG~download completed~~RJStevensMusicPresentationCreator.Program~0000002911
2024-12-14 22:09:56.5054~DEBUG~<- DownloadFile(url = "https://faas-nyc1-2ef2e6cc.doserverless.co/api/v1/web/fn-dd7f8f6a-d32a-4f5e-ae7b-870dfb7963f3/downloads/bundle?id=000000000000655", filename = "C:\Users\cofc_\AppData\Local\Temp\tmp7F9.tmp\rjsec646.ZIP", message = "rjsec646")~~RJStevensMusicPresentationCreator.Program~0000002912
2024-12-14 22:09:56.5274~DEBUG~-> ExtractAllFromFile(zipFileName = "C:\Users\cofc_\AppData\Local\Temp\tmp7F9.tmp\rjsec646.ZIP", decompressedFolder = "C:\Users\cofc_\AppData\Local\Temp\tmp8D4.tmp", message = "rjsec646")~~RJStevensMusicPresentationCreator.Program~0000002913
2024-12-14 22:09:56.7814~DEBUG~extract completed~~RJStevensMusicPresentationCreator.Program~0000002914
2024-12-14 22:09:56.7854~DEBUG~<- ExtractAllFromFile(zipFileName = "C:\Users\cofc_\AppData\Local\Temp\tmp7F9.tmp\rjsec646.ZIP", decompressedFolder = "C:\Users\cofc_\AppData\Local\Temp\tmp8D4.tmp", message = "rjsec646")~~RJStevensMusicPresentationCreator.Program~0000002915
2024-12-14 22:09:56.8654~DEBUG~-> DownloadFile(url = "https://faas-nyc1-2ef2e6cc.doserverless.co/api/v1/web/fn-dd7f8f6a-d32a-4f5e-ae7b-870dfb7963f3/downloads/bundle?id=000000000000657", filename = "C:\Users\cofc_\AppData\Local\Temp\tmpA2D.tmp\rjsec648.ZIP", message = "rjsec648")~~RJStevensMusicPresentationCreator.Program~0000002916
2024-12-14 22:09:57.0854~DEBUG~download completed~~RJStevensMusicPresentationCreator.Program~0000002917
2024-12-14 22:09:57.0854~DEBUG~<- DownloadFile(url = "https://faas-nyc1-2ef2e6cc.doserverless.co/api/v1/web/fn-dd7f8f6a-d32a-4f5e-ae7b-870dfb7963f3/downloads/bundle?id=000000000000657", filename = "C:\Users\cofc_\AppData\Local\Temp\tmpA2D.tmp\rjsec648.ZIP", message = "rjsec648")~~RJStevensMusicPresentationCreator.Program~0000002918
2024-12-14 22:09:57.1074~DEBUG~-> ExtractAllFromFile(zipFileName = "C:\Users\cofc_\AppData\Local\Temp\tmpA2D.tmp\rjsec648.ZIP", decompressedFolder = "C:\Users\cofc_\AppData\Local\Temp\tmpB19.tmp", message = "rjsec648")~~RJStevensMusicPresentationCreator.Program~0000002919
2024-12-14 22:09:57.3744~DEBUG~extract completed~~RJStevensMusicPresentationCreator.Program~0000002920
2024-12-14 22:09:57.3794~DEBUG~<- ExtractAllFromFile(zipFileName = "C:\Users\cofc_\AppData\Local\Temp\tmpA2D.tmp\rjsec648.ZIP", decompressedFolder = "C:\Users\cofc_\AppData\Local\Temp\tmpB19.tmp", message = "rjsec648")~~RJStevensMusicPresentationCreator.Program~0000002921
2024-12-14 22:09:57.4634~DEBUG~-> DownloadFile(url = "https://faas-nyc1-2ef2e6cc.doserverless.co/api/v1/web/fn-dd7f8f6a-d32a-4f5e-ae7b-870dfb7963f3/downloads/bundle?id=000000000000658", filename = "C:\Users\cofc_\AppData\Local\Temp\tmpC81.tmp\rjsec649.ZIP", message = "rjsec649")~~RJStevensMusicPresentationCreator.Program~0000002922
2024-12-14 22:09:57.6954~DEBUG~download completed~~RJStevensMusicPresentationCreator.Program~0000002923
2024-12-14 22:09:57.6954~DEBUG~<- DownloadFile(url = "https://faas-nyc1-2ef2e6cc.doserverless.co/api/v1/web/fn-dd7f8f6a-d32a-4f5e-ae7b-870dfb7963f3/downloads/bundle?id=000000000000658", filename = "C:\Users\cofc_\AppData\Local\Temp\tmpC81.tmp\rjsec649.ZIP", message = "rjsec649")~~RJStevensMusicPresentationCreator.Program~0000002924
2024-12-14 22:09:57.7074~DEBUG~-> ExtractAllFromFile(zipFileName = "C:\Users\cofc_\AppData\Local\Temp\tmpC81.tmp\rjsec649.ZIP", decompressedFolder = "C:\Users\cofc_\AppData\Local\Temp\tmpD7C.tmp", message = "rjsec649")~~RJStevensMusicPresentationCreator.Program~0000002925
2024-12-14 22:09:58.0545~DEBUG~extract completed~~RJStevensMusicPresentationCreator.Program~0000002926
2024-12-14 22:09:58.0545~DEBUG~<- ExtractAllFromFile(zipFileName = "C:\Users\cofc_\AppData\Local\Temp\tmpC81.tmp\rjsec649.ZIP", decompressedFolder = "C:\Users\cofc_\AppData\Local\Temp\tmpD7C.tmp", message = "rjsec649")~~RJStevensMusicPresentationCreator.Program~0000002927
2024-12-14 22:09:58.1695~DEBUG~-> DownloadFile(url = "https://faas-nyc1-2ef2e6cc.doserverless.co/api/v1/web/fn-dd7f8f6a-d32a-4f5e-ae7b-870dfb7963f3/downloads/bundle?id=000000000000662", filename = "C:\Users\cofc_\AppData\Local\Temp\tmpF42.tmp\rjsec653.ZIP", message = "rjsec653")~~RJStevensMusicPresentationCreator.Program~0000002928
2024-12-14 22:09:58.5165~DEBUG~download completed~~RJStevensMusicPresentationCreator.Program~0000002929
2024-12-14 22:09:58.5165~DEBUG~<- DownloadFile(url = "https://faas-nyc1-2ef2e6cc.doserverless.co/api/v1/web/fn-dd7f8f6a-d32a-4f5e-ae7b-870dfb7963f3/downloads/bundle?id=000000000000662", filename = "C:\Users\cofc_\AppData\Local\Temp\tmpF42.tmp\rjsec653.ZIP", message = "rjsec653")~~RJStevensMusicPresentationCreator.Program~0000002930
2024-12-14 22:09:58.5165~DEBUG~-> ExtractAllFromFile(zipFileName = "C:\Users\cofc_\AppData\Local\Temp\tmpF42.tmp\rjsec653.ZIP", decompressedFolder = "C:\Users\cofc_\AppData\Local\Temp\tmp10AA.tmp", message = "rjsec653")~~RJStevensMusicPresentationCreator.Program~0000002931
2024-12-14 22:09:58.9385~DEBUG~extract completed~~RJStevensMusicPresentationCreator.Program~0000002932
2024-12-14 22:09:58.9385~DEBUG~<- ExtractAllFromFile(zipFileName = "C:\Users\cofc_\AppData\Local\Temp\tmpF42.tmp\rjsec653.ZIP", decompressedFolder = "C:\Users\cofc_\AppData\Local\Temp\tmp10AA.tmp", message = "rjsec653")~~RJStevensMusicPresentationCreator.Program~0000002933
2024-12-14 22:09:59.0665~DEBUG~-> DownloadFile(url = "https://faas-nyc1-2ef2e6cc.doserverless.co/api/v1/web/fn-dd7f8f6a-d32a-4f5e-ae7b-870dfb7963f3/downloads/bundle?id=000000000000668", filename = "C:\Users\cofc_\AppData\Local\Temp\tmp12CE.tmp\rjsec659.ZIP", message = "rjsec659")~~RJStevensMusicPresentationCreator.Program~0000002934
2024-12-14 22:09:59.3146~DEBUG~download completed~~RJStevensMusicPresentationCreator.Program~0000002935
2024-12-14 22:09:59.3146~DEBUG~<- DownloadFile(url = "https://faas-nyc1-2ef2e6cc.doserverless.co/api/v1/web/fn-dd7f8f6a-d32a-4f5e-ae7b-870dfb7963f3/downloads/bundle?id=000000000000668", filename = "C:\Users\cofc_\AppData\Local\Temp\tmp12CE.tmp\rjsec659.ZIP", message = "rjsec659")~~RJStevensMusicPresentationCreator.Program~0000002936
2024-12-14 22:09:59.3146~DEBUG~-> ExtractAllFromFile(zipFileName = "C:\Users\cofc_\AppData\Local\Temp\tmp12CE.tmp\rjsec659.ZIP", decompressedFolder = "C:\Users\cofc_\AppData\Local\Temp\tmp13C9.tmp", message = "rjsec659")~~RJStevensMusicPresentationCreator.Program~0000002937
2024-12-14 22:09:59.6316~DEBUG~extract completed~~RJStevensMusicPresentationCreator.Program~0000002938
2024-12-14 22:09:59.6316~DEBUG~<- ExtractAllFromFile(zipFileName = "C:\Users\cofc_\AppData\Local\Temp\tmp12CE.tmp\rjsec659.ZIP", decompressedFolder = "C:\Users\cofc_\AppData\Local\Temp\tmp13C9.tmp", message = "rjsec659")~~RJStevensMusicPresentationCreator.Program~0000002939
2024-12-14 22:09:59.7126~DEBUG~-> DownloadFile(url = "https://faas-nyc1-2ef2e6cc.doserverless.co/api/v1/web/fn-dd7f8f6a-d32a-4f5e-ae7b-870dfb7963f3/downloads/bundle?id=000000000000669", filename = "C:\Users\cofc_\AppData\Local\Temp\tmp1551.tmp\rjsec660.ZIP", message = "rjsec660")~~RJStevensMusicPresentationCreator.Program~0000002940
2024-12-14 22:09:59.9496~DEBUG~download completed~~RJStevensMusicPresentationCreator.Program~0000002941
2024-12-14 22:09:59.9496~DEBUG~<- DownloadFile(url = "https://faas-nyc1-2ef2e6cc.doserverless.co/api/v1/web/fn-dd7f8f6a-d32a-4f5e-ae7b-870dfb7963f3/downloads/bundle?id=000000000000669", filename = "C:\Users\cofc_\AppData\Local\Temp\tmp1551.tmp\rjsec660.ZIP", message = "rjsec660")~~RJStevensMusicPresentationCreator.Program~0000002942
2024-12-14 22:09:59.9666~DEBUG~-> ExtractAllFromFile(zipFileName = "C:\Users\cofc_\AppData\Local\Temp\tmp1551.tmp\rjsec660.ZIP", decompressedFolder = "C:\Users\cofc_\AppData\Local\Temp\tmp164C.tmp", message = "rjsec660")~~RJStevensMusicPresentationCreator.Program~0000002943
2024-12-14 22:10:00.1704~DEBUG~extract completed~~RJStevensMusicPresentationCreator.Program~0000002944
2024-12-14 22:10:00.1734~DEBUG~<- ExtractAllFromFile(zipFileName = "C:\Users\cofc_\AppData\Local\Temp\tmp1551.tmp\rjsec660.ZIP", decompressedFolder = "C:\Users\cofc_\AppData\Local\Temp\tmp164C.tmp", message = "rjsec660")~~RJStevensMusicPresentationCreator.Program~0000002945
2024-12-14 22:10:00.2414~DEBUG~-> DownloadFile(url = "https://faas-nyc1-2ef2e6cc.doserverless.co/api/v1/web/fn-dd7f8f6a-d32a-4f5e-ae7b-870dfb7963f3/downloads/bundle?id=000000000000670", filename = "C:\Users\cofc_\AppData\Local\Temp\tmp1766.tmp\rjsec661.ZIP", message = "rjsec661")~~RJStevensMusicPresentationCreator.Program~0000002946
2024-12-14 22:10:00.4854~DEBUG~download completed~~RJStevensMusicPresentationCreator.Program~0000002947
2024-12-14 22:10:00.4854~DEBUG~<- DownloadFile(url = "https://faas-nyc1-2ef2e6cc.doserverless.co/api/v1/web/fn-dd7f8f6a-d32a-4f5e-ae7b-870dfb7963f3/downloads/bundle?id=000000000000670", filename = "C:\Users\cofc_\AppData\Local\Temp\tmp1766.tmp\rjsec661.ZIP", message = "rjsec661")~~RJStevensMusicPresentationCreator.Program~0000002948
2024-12-14 22:10:00.5024~DEBUG~-> ExtractAllFromFile(zipFileName = "C:\Users\cofc_\AppData\Local\Temp\tmp1766.tmp\rjsec661.ZIP", decompressedFolder = "C:\Users\cofc_\AppData\Local\Temp\tmp1871.tmp", message = "rjsec661")~~RJStevensMusicPresentationCreator.Program~0000002949
2024-12-14 22:10:00.8464~DEBUG~extract completed~~RJStevensMusicPresentationCreator.Program~0000002950
2024-12-14 22:10:00.8464~DEBUG~<- ExtractAllFromFile(zipFileName = "C:\Users\cofc_\AppData\Local\Temp\tmp1766.tmp\rjsec661.ZIP", decompressedFolder = "C:\Users\cofc_\AppData\Local\Temp\tmp1871.tmp", message = "rjsec661")~~RJStevensMusicPresentationCreator.Program~0000002951
2024-12-14 22:10:00.9384~DEBUG~-> DownloadFile(url = "https://faas-nyc1-2ef2e6cc.doserverless.co/api/v1/web/fn-dd7f8f6a-d32a-4f5e-ae7b-870dfb7963f3/downloads/bundle?id=000000000000672", filename = "C:\Users\cofc_\AppData\Local\Temp\tmp1A18.tmp\rjsec663.ZIP", message = "rjsec663")~~RJStevensMusicPresentationCreator.Program~0000002952
2024-12-14 22:10:01.1804~DEBUG~download completed~~RJStevensMusicPresentationCreator.Program~0000002953
2024-12-14 22:10:01.1804~DEBUG~<- DownloadFile(url = "https://faas-nyc1-2ef2e6cc.doserverless.co/api/v1/web/fn-dd7f8f6a-d32a-4f5e-ae7b-870dfb7963f3/downloads/bundle?id=000000000000672", filename = "C:\Users\cofc_\AppData\Local\Temp\tmp1A18.tmp\rjsec663.ZIP", message = "rjsec663")~~RJStevensMusicPresentationCreator.Program~0000002954
2024-12-14 22:10:01.1974~DEBUG~-> ExtractAllFromFile(zipFileName = "C:\Users\cofc_\AppData\Local\Temp\tmp1A18.tmp\rjsec663.ZIP", decompressedFolder = "C:\Users\cofc_\AppData\Local\Temp\tmp1B22.tmp", message = "rjsec663")~~RJStevensMusicPresentationCreator.Program~0000002955
2024-12-14 22:10:01.5535~DEBUG~extract completed~~RJStevensMusicPresentationCreator.Program~0000002956
2024-12-14 22:10:01.5535~DEBUG~<- ExtractAllFromFile(zipFileName = "C:\Users\cofc_\AppData\Local\Temp\tmp1A18.tmp\rjsec663.ZIP", decompressedFolder = "C:\Users\cofc_\AppData\Local\Temp\tmp1B22.tmp", message = "rjsec663")~~RJStevensMusicPresentationCreator.Program~0000002957
2024-12-14 22:10:01.7345~DEBUG~-> DownloadFile(url = "https://faas-nyc1-2ef2e6cc.doserverless.co/api/v1/web/fn-dd7f8f6a-d32a-4f5e-ae7b-870dfb7963f3/downloads/bundle?id=000000000000678", filename = "C:\Users\cofc_\AppData\Local\Temp\tmp1D37.tmp\rjsec669.ZIP", message = "rjsec669")~~RJStevensMusicPresentationCreator.Program~0000002958
2024-12-14 22:10:01.9635~DEBUG~download completed~~RJStevensMusicPresentationCreator.Program~0000002959
2024-12-14 22:10:01.9635~DEBUG~<- DownloadFile(url = "https://faas-nyc1-2ef2e6cc.doserverless.co/api/v1/web/fn-dd7f8f6a-d32a-4f5e-ae7b-870dfb7963f3/downloads/bundle?id=000000000000678", filename = "C:\Users\cofc_\AppData\Local\Temp\tmp1D37.tmp\rjsec669.ZIP", message = "rjsec669")~~RJStevensMusicPresentationCreator.Program~0000002960
2024-12-14 22:10:01.9805~DEBUG~-> ExtractAllFromFile(zipFileName = "C:\Users\cofc_\AppData\Local\Temp\tmp1D37.tmp\rjsec669.ZIP", decompressedFolder = "C:\Users\cofc_\AppData\Local\Temp\tmp1E32.tmp", message = "rjsec669")~~RJStevensMusicPresentationCreator.Program~0000002961
2024-12-14 22:10:02.1895~DEBUG~extract completed~~RJStevensMusicPresentationCreator.Program~0000002962
2024-12-14 22:10:02.1895~DEBUG~<- ExtractAllFromFile(zipFileName = "C:\Users\cofc_\AppData\Local\Temp\tmp1D37.tmp\rjsec669.ZIP", decompressedFolder = "C:\Users\cofc_\AppData\Local\Temp\tmp1E32.tmp", message = "rjsec669")~~RJStevensMusicPresentationCreator.Program~0000002963
2024-12-14 22:10:02.3136~DEBUG~-> DownloadFile(url = "https://faas-nyc1-2ef2e6cc.doserverless.co/api/v1/web/fn-dd7f8f6a-d32a-4f5e-ae7b-870dfb7963f3/downloads/bundle?id=000000000000679", filename = "C:\Users\cofc_\AppData\Local\Temp\tmp1F7B.tmp\rjsec670.ZIP", message = "rjsec670")~~RJStevensMusicPresentationCreator.Program~0000002964
2024-12-14 22:10:02.5646~DEBUG~download completed~~RJStevensMusicPresentationCreator.Program~0000002965
2024-12-14 22:10:02.5646~DEBUG~<- DownloadFile(url = "https://faas-nyc1-2ef2e6cc.doserverless.co/api/v1/web/fn-dd7f8f6a-d32a-4f5e-ae7b-870dfb7963f3/downloads/bundle?id=000000000000679", filename = "C:\Users\cofc_\AppData\Local\Temp\tmp1F7B.tmp\rjsec670.ZIP", message = "rjsec670")~~RJStevensMusicPresentationCreator.Program~0000002966
2024-12-14 22:10:02.5646~DEBUG~-> ExtractAllFromFile(zipFileName = "C:\Users\cofc_\AppData\Local\Temp\tmp1F7B.tmp\rjsec670.ZIP", decompressedFolder = "C:\Users\cofc_\AppData\Local\Temp\tmp2085.tmp", message = "rjsec670")~~RJStevensMusicPresentationCreator.Program~0000002967
2024-12-14 22:10:02.8066~DEBUG~extract completed~~RJStevensMusicPresentationCreator.Program~0000002968
2024-12-14 22:10:02.8066~DEBUG~<- ExtractAllFromFile(zipFileName = "C:\Users\cofc_\AppData\Local\Temp\tmp1F7B.tmp\rjsec670.ZIP", decompressedFolder = "C:\Users\cofc_\AppData\Local\Temp\tmp2085.tmp", message = "rjsec670")~~RJStevensMusicPresentationCreator.Program~0000002969
2024-12-14 22:10:02.8906~DEBUG~-> DownloadFile(url = "https://faas-nyc1-2ef2e6cc.doserverless.co/api/v1/web/fn-dd7f8f6a-d32a-4f5e-ae7b-870dfb7963f3/downloads/bundle?id=000000000000680", filename = "C:\Users\cofc_\AppData\Local\Temp\tmp21BF.tmp\rjsec670.7.ZIP", message = "rjsec670.7")~~RJStevensMusicPresentationCreator.Program~0000002970
2024-12-14 22:10:03.1426~DEBUG~download completed~~RJStevensMusicPresentationCreator.Program~0000002971
2024-12-14 22:10:03.1426~DEBUG~<- DownloadFile(url = "https://faas-nyc1-2ef2e6cc.doserverless.co/api/v1/web/fn-dd7f8f6a-d32a-4f5e-ae7b-870dfb7963f3/downloads/bundle?id=000000000000680", filename = "C:\Users\cofc_\AppData\Local\Temp\tmp21BF.tmp\rjsec670.7.ZIP", message = "rjsec670.7")~~RJStevensMusicPresentationCreator.Program~0000002972
2024-12-14 22:10:03.1616~DEBUG~-> ExtractAllFromFile(zipFileName = "C:\Users\cofc_\AppData\Local\Temp\tmp21BF.tmp\rjsec670.7.ZIP", decompressedFolder = "C:\Users\cofc_\AppData\Local\Temp\tmp22D9.tmp", message = "rjsec670.7")~~RJStevensMusicPresentationCreator.Program~0000002973
2024-12-14 22:10:03.4301~DEBUG~extract completed~~RJStevensMusicPresentationCreator.Program~0000002974
2024-12-14 22:10:03.4301~DEBUG~<- ExtractAllFromFile(zipFileName = "C:\Users\cofc_\AppData\Local\Temp\tmp21BF.tmp\rjsec670.7.ZIP", decompressedFolder = "C:\Users\cofc_\AppData\Local\Temp\tmp22D9.tmp", message = "rjsec670.7")~~RJStevensMusicPresentationCreator.Program~0000002975
2024-12-14 22:10:03.5171~DEBUG~-> DownloadFile(url = "https://faas-nyc1-2ef2e6cc.doserverless.co/api/v1/web/fn-dd7f8f6a-d32a-4f5e-ae7b-870dfb7963f3/downloads/bundle?id=000000000000686", filename = "C:\Users\cofc_\AppData\Local\Temp\tmp2432.tmp\rjsec676.ZIP", message = "rjsec676")~~RJStevensMusicPresentationCreator.Program~0000002976
2024-12-14 22:10:03.7731~DEBUG~download completed~~RJStevensMusicPresentationCreator.Program~0000002977
2024-12-14 22:10:03.7731~DEBUG~<- DownloadFile(url = "https://faas-nyc1-2ef2e6cc.doserverless.co/api/v1/web/fn-dd7f8f6a-d32a-4f5e-ae7b-870dfb7963f3/downloads/bundle?id=000000000000686", filename = "C:\Users\cofc_\AppData\Local\Temp\tmp2432.tmp\rjsec676.ZIP", message = "rjsec676")~~RJStevensMusicPresentationCreator.Program~0000002978
2024-12-14 22:10:03.7921~DEBUG~-> ExtractAllFromFile(zipFileName = "C:\Users\cofc_\AppData\Local\Temp\tmp2432.tmp\rjsec676.ZIP", decompressedFolder = "C:\Users\cofc_\AppData\Local\Temp\tmp254C.tmp", message = "rjsec676")~~RJStevensMusicPresentationCreator.Program~0000002979
2024-12-14 22:10:04.1421~DEBUG~extract completed~~RJStevensMusicPresentationCreator.Program~0000002980
2024-12-14 22:10:04.1421~DEBUG~<- ExtractAllFromFile(zipFileName = "C:\Users\cofc_\AppData\Local\Temp\tmp2432.tmp\rjsec676.ZIP", decompressedFolder = "C:\Users\cofc_\AppData\Local\Temp\tmp254C.tmp", message = "rjsec676")~~RJStevensMusicPresentationCreator.Program~0000002981
2024-12-14 22:10:04.2961~DEBUG~-> DownloadFile(url = "https://faas-nyc1-2ef2e6cc.doserverless.co/api/v1/web/fn-dd7f8f6a-d32a-4f5e-ae7b-870dfb7963f3/downloads/bundle?id=000000000000687", filename = "C:\Users\cofc_\AppData\Local\Temp\tmp2741.tmp\rjsec677.ZIP", message = "rjsec677")~~RJStevensMusicPresentationCreator.Program~0000002982
2024-12-14 22:10:04.5911~DEBUG~download completed~~RJStevensMusicPresentationCreator.Program~0000002983
2024-12-14 22:10:04.5911~DEBUG~<- DownloadFile(url = "https://faas-nyc1-2ef2e6cc.doserverless.co/api/v1/web/fn-dd7f8f6a-d32a-4f5e-ae7b-870dfb7963f3/downloads/bundle?id=000000000000687", filename = "C:\Users\cofc_\AppData\Local\Temp\tmp2741.tmp\rjsec677.ZIP", message = "rjsec677")~~RJStevensMusicPresentationCreator.Program~0000002984
2024-12-14 22:10:04.6051~DEBUG~-> ExtractAllFromFile(zipFileName = "C:\Users\cofc_\AppData\Local\Temp\tmp2741.tmp\rjsec677.ZIP", decompressedFolder = "C:\Users\cofc_\AppData\Local\Temp\tmp287B.tmp", message = "rjsec677")~~RJStevensMusicPresentationCreator.Program~0000002985
2024-12-14 22:10:05.0992~DEBUG~extract completed~~RJStevensMusicPresentationCreator.Program~0000002986
2024-12-14 22:10:05.0992~DEBUG~<- ExtractAllFromFile(zipFileName = "C:\Users\cofc_\AppData\Local\Temp\tmp2741.tmp\rjsec677.ZIP", decompressedFolder = "C:\Users\cofc_\AppData\Local\Temp\tmp287B.tmp", message = "rjsec677")~~RJStevensMusicPresentationCreator.Program~0000002987
2024-12-14 22:10:05.2222~DEBUG~-> DownloadFile(url = "https://faas-nyc1-2ef2e6cc.doserverless.co/api/v1/web/fn-dd7f8f6a-d32a-4f5e-ae7b-870dfb7963f3/downloads/bundle?id=000000000000694", filename = "C:\Users\cofc_\AppData\Local\Temp\tmp2AED.tmp\rjsec684.ZIP", message = "rjsec684")~~RJStevensMusicPresentationCreator.Program~0000002988
2024-12-14 22:10:05.5072~DEBUG~download completed~~RJStevensMusicPresentationCreator.Program~0000002989
2024-12-14 22:10:05.5072~DEBUG~<- DownloadFile(url = "https://faas-nyc1-2ef2e6cc.doserverless.co/api/v1/web/fn-dd7f8f6a-d32a-4f5e-ae7b-870dfb7963f3/downloads/bundle?id=000000000000694", filename = "C:\Users\cofc_\AppData\Local\Temp\tmp2AED.tmp\rjsec684.ZIP", message = "rjsec684")~~RJStevensMusicPresentationCreator.Program~0000002990
2024-12-14 22:10:05.5262~DEBUG~-> ExtractAllFromFile(zipFileName = "C:\Users\cofc_\AppData\Local\Temp\tmp2AED.tmp\rjsec684.ZIP", decompressedFolder = "C:\Users\cofc_\AppData\Local\Temp\tmp2C16.tmp", message = "rjsec684")~~RJStevensMusicPresentationCreator.Program~0000002991
2024-12-14 22:10:05.9563~DEBUG~extract completed~~RJStevensMusicPresentationCreator.Program~0000002992
2024-12-14 22:10:05.9563~DEBUG~<- ExtractAllFromFile(zipFileName = "C:\Users\cofc_\AppData\Local\Temp\tmp2AED.tmp\rjsec684.ZIP", decompressedFolder = "C:\Users\cofc_\AppData\Local\Temp\tmp2C16.tmp", message = "rjsec684")~~RJStevensMusicPresentationCreator.Program~0000002993
2024-12-14 22:10:06.0613~DEBUG~-> DownloadFile(url = "https://faas-nyc1-2ef2e6cc.doserverless.co/api/v1/web/fn-dd7f8f6a-d32a-4f5e-ae7b-870dfb7963f3/downloads/bundle?id=000000000000695", filename = "C:\Users\cofc_\AppData\Local\Temp\tmp2E2B.tmp\rjsec685.ZIP", message = "rjsec685")~~RJStevensMusicPresentationCreator.Program~0000002994
2024-12-14 22:10:06.3333~DEBUG~download completed~~RJStevensMusicPresentationCreator.Program~0000002995
2024-12-14 22:10:06.3333~DEBUG~<- DownloadFile(url = "https://faas-nyc1-2ef2e6cc.doserverless.co/api/v1/web/fn-dd7f8f6a-d32a-4f5e-ae7b-870dfb7963f3/downloads/bundle?id=000000000000695", filename = "C:\Users\cofc_\AppData\Local\Temp\tmp2E2B.tmp\rjsec685.ZIP", message = "rjsec685")~~RJStevensMusicPresentationCreator.Program~0000002996
2024-12-14 22:10:06.3513~DEBUG~-> ExtractAllFromFile(zipFileName = "C:\Users\cofc_\AppData\Local\Temp\tmp2E2B.tmp\rjsec685.ZIP", decompressedFolder = "C:\Users\cofc_\AppData\Local\Temp\tmp2F55.tmp", message = "rjsec685")~~RJStevensMusicPresentationCreator.Program~0000002997
2024-12-14 22:10:06.8103~DEBUG~extract completed~~RJStevensMusicPresentationCreator.Program~0000002998
2024-12-14 22:10:06.8183~DEBUG~<- ExtractAllFromFile(zipFileName = "C:\Users\cofc_\AppData\Local\Temp\tmp2E2B.tmp\rjsec685.ZIP", decompressedFolder = "C:\Users\cofc_\AppData\Local\Temp\tmp2F55.tmp", message = "rjsec685")~~RJStevensMusicPresentationCreator.Program~0000002999
2024-12-14 22:10:06.9293~DEBUG~-> DownloadFile(url = "https://faas-nyc1-2ef2e6cc.doserverless.co/api/v1/web/fn-dd7f8f6a-d32a-4f5e-ae7b-870dfb7963f3/downloads/bundle?id=000000000000699", filename = "C:\Users\cofc_\AppData\Local\Temp\tmp3198.tmp\rjsec689.ZIP", message = "rjsec689")~~RJStevensMusicPresentationCreator.Program~0000003000
2024-12-14 22:10:07.2834~DEBUG~download completed~~RJStevensMusicPresentationCreator.Program~0000003001
2024-12-14 22:10:07.2834~DEBUG~<- DownloadFile(url = "https://faas-nyc1-2ef2e6cc.doserverless.co/api/v1/web/fn-dd7f8f6a-d32a-4f5e-ae7b-870dfb7963f3/downloads/bundle?id=000000000000699", filename = "C:\Users\cofc_\AppData\Local\Temp\tmp3198.tmp\rjsec689.ZIP", message = "rjsec689")~~RJStevensMusicPresentationCreator.Program~0000003002
2024-12-14 22:10:07.3064~DEBUG~-> ExtractAllFromFile(zipFileName = "C:\Users\cofc_\AppData\Local\Temp\tmp3198.tmp\rjsec689.ZIP", decompressedFolder = "C:\Users\cofc_\AppData\Local\Temp\tmp3310.tmp", message = "rjsec689")~~RJStevensMusicPresentationCreator.Program~0000003003
2024-12-14 22:10:07.8944~DEBUG~extract completed~~RJStevensMusicPresentationCreator.Program~0000003004
2024-12-14 22:10:07.8944~DEBUG~<- ExtractAllFromFile(zipFileName = "C:\Users\cofc_\AppData\Local\Temp\tmp3198.tmp\rjsec689.ZIP", decompressedFolder = "C:\Users\cofc_\AppData\Local\Temp\tmp3310.tmp", message = "rjsec689")~~RJStevensMusicPresentationCreator.Program~0000003005
2024-12-14 22:10:07.9984~DEBUG~-> DownloadFile(url = "https://faas-nyc1-2ef2e6cc.doserverless.co/api/v1/web/fn-dd7f8f6a-d32a-4f5e-ae7b-870dfb7963f3/downloads/bundle?id=000000000000700", filename = "C:\Users\cofc_\AppData\Local\Temp\tmp35C0.tmp\rjsec690.ZIP", message = "rjsec690")~~RJStevensMusicPresentationCreator.Program~0000003006
2024-12-14 22:10:08.2524~DEBUG~download completed~~RJStevensMusicPresentationCreator.Program~0000003007
2024-12-14 22:10:08.2524~DEBUG~<- DownloadFile(url = "https://faas-nyc1-2ef2e6cc.doserverless.co/api/v1/web/fn-dd7f8f6a-d32a-4f5e-ae7b-870dfb7963f3/downloads/bundle?id=000000000000700", filename = "C:\Users\cofc_\AppData\Local\Temp\tmp35C0.tmp\rjsec690.ZIP", message = "rjsec690")~~RJStevensMusicPresentationCreator.Program~0000003008
2024-12-14 22:10:08.2726~DEBUG~-> ExtractAllFromFile(zipFileName = "C:\Users\cofc_\AppData\Local\Temp\tmp35C0.tmp\rjsec690.ZIP", decompressedFolder = "C:\Users\cofc_\AppData\Local\Temp\tmp36DA.tmp", message = "rjsec690")~~RJStevensMusicPresentationCreator.Program~0000003009
2024-12-14 22:10:08.6186~DEBUG~extract completed~~RJStevensMusicPresentationCreator.Program~0000003010
2024-12-14 22:10:08.6186~DEBUG~<- ExtractAllFromFile(zipFileName = "C:\Users\cofc_\AppData\Local\Temp\tmp35C0.tmp\rjsec690.ZIP", decompressedFolder = "C:\Users\cofc_\AppData\Local\Temp\tmp36DA.tmp", message = "rjsec690")~~RJStevensMusicPresentationCreator.Program~0000003011
2024-12-14 22:10:08.7116~DEBUG~-> DownloadFile(url = "https://faas-nyc1-2ef2e6cc.doserverless.co/api/v1/web/fn-dd7f8f6a-d32a-4f5e-ae7b-870dfb7963f3/downloads/bundle?id=000000000000701", filename = "C:\Users\cofc_\AppData\Local\Temp\tmp3891.tmp\rjsec691.ZIP", message = "rjsec691")~~RJStevensMusicPresentationCreator.Program~0000003012
2024-12-14 22:10:08.9806~DEBUG~download completed~~RJStevensMusicPresentationCreator.Program~0000003013
2024-12-14 22:10:08.9806~DEBUG~<- DownloadFile(url = "https://faas-nyc1-2ef2e6cc.doserverless.co/api/v1/web/fn-dd7f8f6a-d32a-4f5e-ae7b-870dfb7963f3/downloads/bundle?id=000000000000701", filename = "C:\Users\cofc_\AppData\Local\Temp\tmp3891.tmp\rjsec691.ZIP", message = "rjsec691")~~RJStevensMusicPresentationCreator.Program~0000003014
2024-12-14 22:10:08.9956~DEBUG~-> ExtractAllFromFile(zipFileName = "C:\Users\cofc_\AppData\Local\Temp\tmp3891.tmp\rjsec691.ZIP", decompressedFolder = "C:\Users\cofc_\AppData\Local\Temp\tmp39AB.tmp", message = "rjsec691")~~RJStevensMusicPresentationCreator.Program~0000003015
2024-12-14 22:10:09.3988~DEBUG~extract completed~~RJStevensMusicPresentationCreator.Program~0000003016
2024-12-14 22:10:09.3988~DEBUG~<- ExtractAllFromFile(zipFileName = "C:\Users\cofc_\AppData\Local\Temp\tmp3891.tmp\rjsec691.ZIP", decompressedFolder = "C:\Users\cofc_\AppData\Local\Temp\tmp39AB.tmp", message = "rjsec691")~~RJStevensMusicPresentationCreator.Program~0000003017
2024-12-14 22:10:09.5108~DEBUG~-> DownloadFile(url = "https://faas-nyc1-2ef2e6cc.doserverless.co/api/v1/web/fn-dd7f8f6a-d32a-4f5e-ae7b-870dfb7963f3/downloads/bundle?id=000000000000703", filename = "C:\Users\cofc_\AppData\Local\Temp\tmp3BB0.tmp\rjsec693.ZIP", message = "rjsec693")~~RJStevensMusicPresentationCreator.Program~0000003018
2024-12-14 22:10:09.7848~DEBUG~download completed~~RJStevensMusicPresentationCreator.Program~0000003019
2024-12-14 22:10:09.7848~DEBUG~<- DownloadFile(url = "https://faas-nyc1-2ef2e6cc.doserverless.co/api/v1/web/fn-dd7f8f6a-d32a-4f5e-ae7b-870dfb7963f3/downloads/bundle?id=000000000000703", filename = "C:\Users\cofc_\AppData\Local\Temp\tmp3BB0.tmp\rjsec693.ZIP", message = "rjsec693")~~RJStevensMusicPresentationCreator.Program~0000003020
2024-12-14 22:10:09.8078~DEBUG~-> ExtractAllFromFile(zipFileName = "C:\Users\cofc_\AppData\Local\Temp\tmp3BB0.tmp\rjsec693.ZIP", decompressedFolder = "C:\Users\cofc_\AppData\Local\Temp\tmp3CDA.tmp", message = "rjsec693")~~RJStevensMusicPresentationCreator.Program~0000003021
2024-12-14 22:10:10.1995~DEBUG~extract completed~~RJStevensMusicPresentationCreator.Program~0000003022
2024-12-14 22:10:10.2035~DEBUG~<- ExtractAllFromFile(zipFileName = "C:\Users\cofc_\AppData\Local\Temp\tmp3BB0.tmp\rjsec693.ZIP", decompressedFolder = "C:\Users\cofc_\AppData\Local\Temp\tmp3CDA.tmp", message = "rjsec693")~~RJStevensMusicPresentationCreator.Program~0000003023
2024-12-14 22:10:10.3975~DEBUG~-> DownloadFile(url = "https://faas-nyc1-2ef2e6cc.doserverless.co/api/v1/web/fn-dd7f8f6a-d32a-4f5e-ae7b-870dfb7963f3/downloads/bundle?id=000000000000704", filename = "C:\Users\cofc_\AppData\Local\Temp\tmp3F1D.tmp\rjsec694.ZIP", message = "rjsec694")~~RJStevensMusicPresentationCreator.Program~0000003024
2024-12-14 22:10:10.6835~DEBUG~download completed~~RJStevensMusicPresentationCreator.Program~0000003025
2024-12-14 22:10:10.6835~DEBUG~<- DownloadFile(url = "https://faas-nyc1-2ef2e6cc.doserverless.co/api/v1/web/fn-dd7f8f6a-d32a-4f5e-ae7b-870dfb7963f3/downloads/bundle?id=000000000000704", filename = "C:\Users\cofc_\AppData\Local\Temp\tmp3F1D.tmp\rjsec694.ZIP", message = "rjsec694")~~RJStevensMusicPresentationCreator.Program~0000003026
2024-12-14 22:10:10.6945~DEBUG~-> ExtractAllFromFile(zipFileName = "C:\Users\cofc_\AppData\Local\Temp\tmp3F1D.tmp\rjsec694.ZIP", decompressedFolder = "C:\Users\cofc_\AppData\Local\Temp\tmp4056.tmp", message = "rjsec694")~~RJStevensMusicPresentationCreator.Program~0000003027
2024-12-14 22:10:11.0025~DEBUG~extract completed~~RJStevensMusicPresentationCreator.Program~0000003028
2024-12-14 22:10:11.0025~DEBUG~<- ExtractAllFromFile(zipFileName = "C:\Users\cofc_\AppData\Local\Temp\tmp3F1D.tmp\rjsec694.ZIP", decompressedFolder = "C:\Users\cofc_\AppData\Local\Temp\tmp4056.tmp", message = "rjsec694")~~RJStevensMusicPresentationCreator.Program~0000003029
2024-12-14 22:10:11.1236~DEBUG~-> DownloadFile(url = "https://faas-nyc1-2ef2e6cc.doserverless.co/api/v1/web/fn-dd7f8f6a-d32a-4f5e-ae7b-870dfb7963f3/downloads/bundle?id=000000000000705", filename = "C:\Users\cofc_\AppData\Local\Temp\tmp41FD.tmp\rjsec695.ZIP", message = "rjsec695")~~RJStevensMusicPresentationCreator.Program~0000003030
2024-12-14 22:10:11.3696~DEBUG~download completed~~RJStevensMusicPresentationCreator.Program~0000003031
2024-12-14 22:10:11.3696~DEBUG~<- DownloadFile(url = "https://faas-nyc1-2ef2e6cc.doserverless.co/api/v1/web/fn-dd7f8f6a-d32a-4f5e-ae7b-870dfb7963f3/downloads/bundle?id=000000000000705", filename = "C:\Users\cofc_\AppData\Local\Temp\tmp41FD.tmp\rjsec695.ZIP", message = "rjsec695")~~RJStevensMusicPresentationCreator.Program~0000003032
2024-12-14 22:10:11.3846~DEBUG~-> ExtractAllFromFile(zipFileName = "C:\Users\cofc_\AppData\Local\Temp\tmp41FD.tmp\rjsec695.ZIP", decompressedFolder = "C:\Users\cofc_\AppData\Local\Temp\tmp4308.tmp", message = "rjsec695")~~RJStevensMusicPresentationCreator.Program~0000003033
2024-12-14 22:10:11.6142~DEBUG~extract completed~~RJStevensMusicPresentationCreator.Program~0000003034
2024-12-14 22:10:11.6142~DEBUG~<- ExtractAllFromFile(zipFileName = "C:\Users\cofc_\AppData\Local\Temp\tmp41FD.tmp\rjsec695.ZIP", decompressedFolder = "C:\Users\cofc_\AppData\Local\Temp\tmp4308.tmp", message = "rjsec695")~~RJStevensMusicPresentationCreator.Program~0000003035
2024-12-14 22:10:11.6832~DEBUG~-> DownloadFile(url = "https://faas-nyc1-2ef2e6cc.doserverless.co/api/v1/web/fn-dd7f8f6a-d32a-4f5e-ae7b-870dfb7963f3/downloads/bundle?id=000000000000706", filename = "C:\Users\cofc_\AppData\Local\Temp\tmp4432.tmp\rjsec696.ZIP", message = "rjsec696")~~RJStevensMusicPresentationCreator.Program~0000003036
2024-12-14 22:10:11.9052~DEBUG~download completed~~RJStevensMusicPresentationCreator.Program~0000003037
2024-12-14 22:10:11.9052~DEBUG~<- DownloadFile(url = "https://faas-nyc1-2ef2e6cc.doserverless.co/api/v1/web/fn-dd7f8f6a-d32a-4f5e-ae7b-870dfb7963f3/downloads/bundle?id=000000000000706", filename = "C:\Users\cofc_\AppData\Local\Temp\tmp4432.tmp\rjsec696.ZIP", message = "rjsec696")~~RJStevensMusicPresentationCreator.Program~0000003038
2024-12-14 22:10:11.9162~DEBUG~-> ExtractAllFromFile(zipFileName = "C:\Users\cofc_\AppData\Local\Temp\tmp4432.tmp\rjsec696.ZIP", decompressedFolder = "C:\Users\cofc_\AppData\Local\Temp\tmp451D.tmp", message = "rjsec696")~~RJStevensMusicPresentationCreator.Program~0000003039
2024-12-14 22:10:12.1232~DEBUG~extract completed~~RJStevensMusicPresentationCreator.Program~0000003040
2024-12-14 22:10:12.1262~DEBUG~<- ExtractAllFromFile(zipFileName = "C:\Users\cofc_\AppData\Local\Temp\tmp4432.tmp\rjsec696.ZIP", decompressedFolder = "C:\Users\cofc_\AppData\Local\Temp\tmp451D.tmp", message = "rjsec696")~~RJStevensMusicPresentationCreator.Program~0000003041
2024-12-14 22:10:12.9838~ INFO~AllHymnals Length: 4~~RJStevensMusicPresentationCreator.Program~0000003042
2024-12-14 22:10:12.9948~TRACE~-> AddTemplates()~~RJStevensMusicPresentationCreator.frmSelector~0000003043
2024-12-14 22:10:12.9948~TRACE~<- AddTemplates()~~RJStevensMusicPresentationCreator.frmSelector~0000003044
2024-12-14 22:10:12.9948~FATAL~License Mode: Licensed~~RJStevensMusicPresentationCreator.Program~0000003045
2024-12-14 22:10:12.9948~FATAL~Override to License Mode: Licensed~~RJStevensMusicPresentationCreator.Program~0000003046
2024-12-14 22:10:13.3548~TRACE~-> RunOneTimeUpdates()~~RJStevensMusicPresentationCreator.Program~0000003047
2024-12-14 22:10:13.3548~ INFO~Product Version: 2.3.8843.25471~~RJStevensMusicPresentationCreator.Program~0000003048
2024-12-14 22:10:13.3548~ INFO~Deployment Version: 2.2.0.7~~RJStevensMusicPresentationCreator.Program~0000003049
2024-12-14 22:10:13.3598~TRACE~LastExecutedDeploymentVersion: 0.0.0.0~~RJStevensMusicPresentationCreator.Program~0000003050
2024-12-14 22:10:13.3598~TRACE~<- RunOneTimeUpdates()~~RJStevensMusicPresentationCreator.Program~0000003051
2024-12-14 22:11:29.4774~TRACE~<- Main()~~RJStevensMusicPresentationCreator.Program~0000003052
