EventDateTime~EventLevel~EventMsg~EventException~EventLogger~EventID
2024-12-18 21:53:46.8575~TRACE~-> Main()~~RJStevensMusicPresentationCreator.Program~0000000001
2024-12-18 21:53:46.8865~TRACE~   .Net Framework Version: 4.8~~RJStevensMusicPresentationCreator.Program~0000000002
2024-12-18 21:53:46.8865~TRACE~   OS Version: Windows 10 Enterprise Release 2009 (Build 19045.5247)  64-bit~~RJStevensMusicPresentationCreator.Program~0000000003
2024-12-18 21:53:46.8865~TRACE~   Total RAM Memory: 8.00 GB physical RAM memory~~RJStevensMusicPresentationCreator.Program~0000000004
2024-12-18 21:53:46.9015~ WARN~System.UnauthorizedAccessException: Access to the registry key 'HKEY_LOCAL_MACHINE\Software\R.J. Stevens Music\Hymns for Worship Electronic Edition\2.3.8843.25471' is denied.%CRLF%   at Microsoft.Win32.RegistryKey.Win32Error(Int32 errorCode, String str)%CRLF%   at Microsoft.Win32.RegistryKey.CreateSubKeyInternal(String subkey, RegistryKeyPermissionCheck permissionCheck, Object registrySecurityObj, RegistryOptions registryOptions)%CRLF%   at Microsoft.Win32.RegistryKey.CreateSubKey(String subkey)%CRLF%   at RJStevensMusicPresentationCreator.Program.Main() in D:\Repos\RJSM\Presentation Creator Application\Applications\PresentationCreator15\Program.cs:line 151~System.UnauthorizedAccessException: Access to the registry key 'HKEY_LOCAL_MACHINE\Software\R.J. Stevens Music\Hymns for Worship Electronic Edition\2.3.8843.25471' is denied.%CRLF%   at Microsoft.Win32.RegistryKey.Win32Error(Int32 errorCode, String str)%CRLF%   at Microsoft.Win32.RegistryKey.CreateSubKeyInternal(String subkey, RegistryKeyPermissionCheck permissionCheck, Object registrySecurityObj, RegistryOptions registryOptions)%CRLF%   at Microsoft.Win32.RegistryKey.CreateSubKey(String subkey)%CRLF%   at RJStevensMusicPresentationCreator.Program.Main() in D:\Repos\RJSM\Presentation Creator Application\Applications\PresentationCreator15\Program.cs:line 151~RJStevensMusicPresentationCreator.Program~0000000005
2024-12-18 21:53:46.9165~ INFO~UserRegKey: HKEY_CURRENT_USER\Software\R.J. Stevens Music\Hymns for Worship Electronic Edition~~RJStevensMusicPresentationCreator.Program~0000000006
2024-12-18 21:53:46.9165~ INFO~HymnalInformationFile: C:\ProgramData\Application Data\R.J. Stevens Music\Hymns for Worship Electronic Edition\Information.hixml~~RJStevensMusicPresentationCreator.Program~0000000007
2024-12-18 21:53:46.9165~ INFO~RegKey: HKEY_CURRENT_USER\Software\R.J. Stevens Music\Hymns for Worship Electronic Edition~~RJStevensMusicPresentationCreator.RJSMRegistry~0000000008
2024-12-18 21:53:46.9165~ INFO~ProductApplicationDataFolder: C:\ProgramData\Application Data\R.J. Stevens Music\Hymns for Worship Electronic Edition~~RJStevensMusicPresentationCreator.RJSMRegistry~0000000009
2024-12-18 21:53:46.9165~ INFO~HymnalInformationFolder: C:\ProgramData\Application Data\R.J. Stevens Music\Hymns for Worship Electronic Edition~~RJStevensMusicPresentationCreator.RJSMRegistry~0000000010
2024-12-18 21:53:46.9165~ INFO~SlideTemplateFolder: C:\ProgramData\Application Data\R.J. Stevens Music\Hymns for Worship Electronic Edition\Templates~~RJStevensMusicPresentationCreator.RJSMRegistry~0000000011
2024-12-18 21:53:46.9165~ INFO~LastExecutedDeploymentVersion: 0.0.0.0~~RJStevensMusicPresentationCreator.RJSMRegistry~0000000012
2024-12-18 21:53:46.9165~ INFO~SelectedHymnal: <All>~~RJStevensMusicPresentationCreator.RJSMRegistry~0000000013
2024-12-18 21:53:46.9165~ INFO~SelectedTemplate: Single Slide Template (Fast Transition)~~RJStevensMusicPresentationCreator.RJSMRegistry~0000000014
2024-12-18 21:53:46.9375~ INFO~LastImportFolder: C:\ProgramData\Application Data\R.J. Stevens Music\Hymns for Worship Electronic Edition~~RJStevensMusicPresentationCreator.RJSMRegistry~0000000015
2024-12-18 21:53:46.9375~ INFO~DisplayTools: True~~RJStevensMusicPresentationCreator.RJSMRegistry~0000000016
2024-12-18 21:53:46.9375~ INFO~HymnList: True~~RJStevensMusicPresentationCreator.RJSMRegistry~0000000017
2024-12-18 21:53:46.9375~ INFO~HymnText: True~~RJStevensMusicPresentationCreator.RJSMRegistry~0000000018
2024-12-18 21:53:46.9375~ INFO~HymnalSelection: True~~RJStevensMusicPresentationCreator.RJSMRegistry~0000000019
2024-12-18 21:53:46.9375~ INFO~TemplateSelection: True~~RJStevensMusicPresentationCreator.RJSMRegistry~0000000020
2024-12-18 21:53:46.9375~ INFO~FillWindow: True~~RJStevensMusicPresentationCreator.RJSMRegistry~0000000021
2024-12-18 21:53:46.9375~ INFO~PresenterImage: True~~RJStevensMusicPresentationCreator.RJSMRegistry~0000000022
2024-12-18 21:53:46.9375~ INFO~SelectorWindowPosition: Normal,361,116,1064,798~~RJStevensMusicPresentationCreator.RJSMRegistry~0000000023
2024-12-18 21:53:46.9375~ INFO~SlideWindowPosition: Normal,0,0,0,0~~RJStevensMusicPresentationCreator.RJSMRegistry~0000000024
2024-12-18 21:53:46.9375~ INFO~ViewSplitPosition: 0.0238549618320610687022900763~~RJStevensMusicPresentationCreator.RJSMRegistry~0000000025
2024-12-18 21:53:46.9375~ INFO~HymnsSplitPosition: 0.662037037037037037037037037~~RJStevensMusicPresentationCreator.RJSMRegistry~0000000026
2024-12-18 21:53:46.9375~ INFO~HymnsListSplitPosition: 0.7529137529137529137529137529~~RJStevensMusicPresentationCreator.RJSMRegistry~0000000027
2024-12-18 21:53:46.9375~ INFO~InternalViewerSplitPosition: 0.15~~RJStevensMusicPresentationCreator.RJSMRegistry~0000000028
2024-12-18 21:53:46.9475~ INFO~DateOfFirstLicenseCheck: 3/15/2020 12:00:00 AM~~RJStevensMusicPresentationCreator.RJSMRegistry~0000000029
2024-12-18 21:53:46.9475~ INFO~ProductImprovementConsent: True~~RJStevensMusicPresentationCreator.RJSMRegistry~0000000030
2024-12-18 21:53:46.9475~ INFO~RevisedPrinting: (Latest)~~RJStevensMusicPresentationCreator.RJSMRegistry~0000000031
2024-12-18 21:53:46.9475~TRACE~   Is fast disk? True~~RJStevensMusicPresentationCreator.Program~0000000032
2024-12-18 21:53:47.5000~ WARN~More than one hymn exists with "20214" as the number.~~RJStevensMusicPresentationCreator.Program~0000000033
2024-12-18 21:53:47.5000~ WARN~More than one hymn exists with "20731" as the number.~~RJStevensMusicPresentationCreator.Program~0000000034
2024-12-18 21:53:47.5000~ WARN~More than one hymn exists with "21339" as the number.~~RJStevensMusicPresentationCreator.Program~0000000035
2024-12-18 21:54:21.2684~DEBUG~-> DownloadFile(url = "https://faas-nyc1-2ef2e6cc.doserverless.co/api/v1/web/fn-dd7f8f6a-d32a-4f5e-ae7b-870dfb7963f3/downloads/bundle?id=000000000000003", filename = "C:\Users\cofc_\AppData\Local\Temp\tmp5151.tmp\rjsec001.ZIP", message = "rjsec001")~~RJStevensMusicPresentationCreator.Program~0000000036
2024-12-18 21:54:22.9256~DEBUG~download completed~~RJStevensMusicPresentationCreator.Program~0000000037
2024-12-18 21:54:22.9256~DEBUG~<- DownloadFile(url = "https://faas-nyc1-2ef2e6cc.doserverless.co/api/v1/web/fn-dd7f8f6a-d32a-4f5e-ae7b-870dfb7963f3/downloads/bundle?id=000000000000003", filename = "C:\Users\cofc_\AppData\Local\Temp\tmp5151.tmp\rjsec001.ZIP", message = "rjsec001")~~RJStevensMusicPresentationCreator.Program~0000000038
2024-12-18 21:54:23.0886~DEBUG~-> ExtractAllFromFile(zipFileName = "C:\Users\cofc_\AppData\Local\Temp\tmp5151.tmp\rjsec001.ZIP", decompressedFolder = "C:\Users\cofc_\AppData\Local\Temp\tmp57DA.tmp", message = "rjsec001")~~RJStevensMusicPresentationCreator.Program~0000000039
2024-12-18 21:54:23.4086~DEBUG~extract completed~~RJStevensMusicPresentationCreator.Program~0000000040
2024-12-18 21:54:23.4086~DEBUG~<- ExtractAllFromFile(zipFileName = "C:\Users\cofc_\AppData\Local\Temp\tmp5151.tmp\rjsec001.ZIP", decompressedFolder = "C:\Users\cofc_\AppData\Local\Temp\tmp57DA.tmp", message = "rjsec001")~~RJStevensMusicPresentationCreator.Program~0000000041
2024-12-18 21:54:23.4806~DEBUG~-> DownloadFile(url = "https://faas-nyc1-2ef2e6cc.doserverless.co/api/v1/web/fn-dd7f8f6a-d32a-4f5e-ae7b-870dfb7963f3/downloads/bundle?id=000000000000004", filename = "C:\Users\cofc_\AppData\Local\Temp\tmp59FE.tmp\rjsec002.ZIP", message = "rjsec002")~~RJStevensMusicPresentationCreator.Program~0000000042
2024-12-18 21:54:23.9927~DEBUG~download completed~~RJStevensMusicPresentationCreator.Program~0000000043
2024-12-18 21:54:23.9927~DEBUG~<- DownloadFile(url = "https://faas-nyc1-2ef2e6cc.doserverless.co/api/v1/web/fn-dd7f8f6a-d32a-4f5e-ae7b-870dfb7963f3/downloads/bundle?id=000000000000004", filename = "C:\Users\cofc_\AppData\Local\Temp\tmp59FE.tmp\rjsec002.ZIP", message = "rjsec002")~~RJStevensMusicPresentationCreator.Program~0000000044
2024-12-18 21:54:24.0137~DEBUG~-> ExtractAllFromFile(zipFileName = "C:\Users\cofc_\AppData\Local\Temp\tmp59FE.tmp\rjsec002.ZIP", decompressedFolder = "C:\Users\cofc_\AppData\Local\Temp\tmp5C12.tmp", message = "rjsec002")~~RJStevensMusicPresentationCreator.Program~0000000045
2024-12-18 21:54:24.2897~DEBUG~extract completed~~RJStevensMusicPresentationCreator.Program~0000000046
2024-12-18 21:54:24.2917~DEBUG~<- ExtractAllFromFile(zipFileName = "C:\Users\cofc_\AppData\Local\Temp\tmp59FE.tmp\rjsec002.ZIP", decompressedFolder = "C:\Users\cofc_\AppData\Local\Temp\tmp5C12.tmp", message = "rjsec002")~~RJStevensMusicPresentationCreator.Program~0000000047
2024-12-18 21:54:24.3567~DEBUG~-> DownloadFile(url = "https://faas-nyc1-2ef2e6cc.doserverless.co/api/v1/web/fn-dd7f8f6a-d32a-4f5e-ae7b-870dfb7963f3/downloads/bundle?id=000000000000006", filename = "C:\Users\cofc_\AppData\Local\Temp\tmp5D6B.tmp\rjsec004.ZIP", message = "rjsec004")~~RJStevensMusicPresentationCreator.Program~0000000048
2024-12-18 21:54:24.7988~DEBUG~download completed~~RJStevensMusicPresentationCreator.Program~0000000049
2024-12-18 21:54:24.7988~DEBUG~<- DownloadFile(url = "https://faas-nyc1-2ef2e6cc.doserverless.co/api/v1/web/fn-dd7f8f6a-d32a-4f5e-ae7b-870dfb7963f3/downloads/bundle?id=000000000000006", filename = "C:\Users\cofc_\AppData\Local\Temp\tmp5D6B.tmp\rjsec004.ZIP", message = "rjsec004")~~RJStevensMusicPresentationCreator.Program~0000000050
2024-12-18 21:54:24.8118~DEBUG~-> ExtractAllFromFile(zipFileName = "C:\Users\cofc_\AppData\Local\Temp\tmp5D6B.tmp\rjsec004.ZIP", decompressedFolder = "C:\Users\cofc_\AppData\Local\Temp\tmp5F31.tmp", message = "rjsec004")~~RJStevensMusicPresentationCreator.Program~0000000051
2024-12-18 21:54:25.0028~DEBUG~extract completed~~RJStevensMusicPresentationCreator.Program~0000000052
2024-12-18 21:54:25.0028~DEBUG~<- ExtractAllFromFile(zipFileName = "C:\Users\cofc_\AppData\Local\Temp\tmp5D6B.tmp\rjsec004.ZIP", decompressedFolder = "C:\Users\cofc_\AppData\Local\Temp\tmp5F31.tmp", message = "rjsec004")~~RJStevensMusicPresentationCreator.Program~0000000053
2024-12-18 21:54:25.0558~DEBUG~-> DownloadFile(url = "https://faas-nyc1-2ef2e6cc.doserverless.co/api/v1/web/fn-dd7f8f6a-d32a-4f5e-ae7b-870dfb7963f3/downloads/bundle?id=000000000000008", filename = "C:\Users\cofc_\AppData\Local\Temp\tmp601C.tmp\rjsec006.ZIP", message = "rjsec006")~~RJStevensMusicPresentationCreator.Program~0000000054
2024-12-18 21:54:25.4938~DEBUG~download completed~~RJStevensMusicPresentationCreator.Program~0000000055
2024-12-18 21:54:25.4938~DEBUG~<- DownloadFile(url = "https://faas-nyc1-2ef2e6cc.doserverless.co/api/v1/web/fn-dd7f8f6a-d32a-4f5e-ae7b-870dfb7963f3/downloads/bundle?id=000000000000008", filename = "C:\Users\cofc_\AppData\Local\Temp\tmp601C.tmp\rjsec006.ZIP", message = "rjsec006")~~RJStevensMusicPresentationCreator.Program~0000000056
2024-12-18 21:54:25.5128~DEBUG~-> ExtractAllFromFile(zipFileName = "C:\Users\cofc_\AppData\Local\Temp\tmp601C.tmp\rjsec006.ZIP", decompressedFolder = "C:\Users\cofc_\AppData\Local\Temp\tmp61F2.tmp", message = "rjsec006")~~RJStevensMusicPresentationCreator.Program~0000000057
2024-12-18 21:54:25.6958~DEBUG~extract completed~~RJStevensMusicPresentationCreator.Program~0000000058
2024-12-18 21:54:25.6988~DEBUG~<- ExtractAllFromFile(zipFileName = "C:\Users\cofc_\AppData\Local\Temp\tmp601C.tmp\rjsec006.ZIP", decompressedFolder = "C:\Users\cofc_\AppData\Local\Temp\tmp61F2.tmp", message = "rjsec006")~~RJStevensMusicPresentationCreator.Program~0000000059
2024-12-18 21:54:25.7498~DEBUG~-> DownloadFile(url = "https://faas-nyc1-2ef2e6cc.doserverless.co/api/v1/web/fn-dd7f8f6a-d32a-4f5e-ae7b-870dfb7963f3/downloads/bundle?id=000000000000010", filename = "C:\Users\cofc_\AppData\Local\Temp\tmp62DD.tmp\rjsec008.ZIP", message = "rjsec008")~~RJStevensMusicPresentationCreator.Program~0000000060
2024-12-18 21:54:26.2279~DEBUG~download completed~~RJStevensMusicPresentationCreator.Program~0000000061
2024-12-18 21:54:26.2289~DEBUG~<- DownloadFile(url = "https://faas-nyc1-2ef2e6cc.doserverless.co/api/v1/web/fn-dd7f8f6a-d32a-4f5e-ae7b-870dfb7963f3/downloads/bundle?id=000000000000010", filename = "C:\Users\cofc_\AppData\Local\Temp\tmp62DD.tmp\rjsec008.ZIP", message = "rjsec008")~~RJStevensMusicPresentationCreator.Program~0000000062
2024-12-18 21:54:26.2289~DEBUG~-> ExtractAllFromFile(zipFileName = "C:\Users\cofc_\AppData\Local\Temp\tmp62DD.tmp\rjsec008.ZIP", decompressedFolder = "C:\Users\cofc_\AppData\Local\Temp\tmp64C3.tmp", message = "rjsec008")~~RJStevensMusicPresentationCreator.Program~0000000063
2024-12-18 21:54:26.4592~DEBUG~extract completed~~RJStevensMusicPresentationCreator.Program~0000000064
2024-12-18 21:54:26.4642~DEBUG~<- ExtractAllFromFile(zipFileName = "C:\Users\cofc_\AppData\Local\Temp\tmp62DD.tmp\rjsec008.ZIP", decompressedFolder = "C:\Users\cofc_\AppData\Local\Temp\tmp64C3.tmp", message = "rjsec008")~~RJStevensMusicPresentationCreator.Program~0000000065
2024-12-18 21:54:26.5172~DEBUG~-> DownloadFile(url = "https://faas-nyc1-2ef2e6cc.doserverless.co/api/v1/web/fn-dd7f8f6a-d32a-4f5e-ae7b-870dfb7963f3/downloads/bundle?id=000000000002089", filename = "C:\Users\cofc_\AppData\Local\Temp\tmp65DD.tmp\rjsec008.15.ZIP", message = "rjsec008.15")~~RJStevensMusicPresentationCreator.Program~0000000066
2024-12-18 21:54:26.9493~DEBUG~download completed~~RJStevensMusicPresentationCreator.Program~0000000067
2024-12-18 21:54:26.9493~DEBUG~<- DownloadFile(url = "https://faas-nyc1-2ef2e6cc.doserverless.co/api/v1/web/fn-dd7f8f6a-d32a-4f5e-ae7b-870dfb7963f3/downloads/bundle?id=000000000002089", filename = "C:\Users\cofc_\AppData\Local\Temp\tmp65DD.tmp\rjsec008.15.ZIP", message = "rjsec008.15")~~RJStevensMusicPresentationCreator.Program~0000000068
2024-12-18 21:54:26.9653~DEBUG~-> ExtractAllFromFile(zipFileName = "C:\Users\cofc_\AppData\Local\Temp\tmp65DD.tmp\rjsec008.15.ZIP", decompressedFolder = "C:\Users\cofc_\AppData\Local\Temp\tmp67A3.tmp", message = "rjsec008.15")~~RJStevensMusicPresentationCreator.Program~0000000069
2024-12-18 21:54:27.1542~DEBUG~extract completed~~RJStevensMusicPresentationCreator.Program~0000000070
2024-12-18 21:54:27.1542~DEBUG~<- ExtractAllFromFile(zipFileName = "C:\Users\cofc_\AppData\Local\Temp\tmp65DD.tmp\rjsec008.15.ZIP", decompressedFolder = "C:\Users\cofc_\AppData\Local\Temp\tmp67A3.tmp", message = "rjsec008.15")~~RJStevensMusicPresentationCreator.Program~0000000071
2024-12-18 21:54:27.2082~DEBUG~-> DownloadFile(url = "https://faas-nyc1-2ef2e6cc.doserverless.co/api/v1/web/fn-dd7f8f6a-d32a-4f5e-ae7b-870dfb7963f3/downloads/bundle?id=000000000002090", filename = "C:\Users\cofc_\AppData\Local\Temp\tmp688F.tmp\rjsec008.16.ZIP", message = "rjsec008.16")~~RJStevensMusicPresentationCreator.Program~0000000072
2024-12-18 21:54:27.6673~DEBUG~download completed~~RJStevensMusicPresentationCreator.Program~0000000073
2024-12-18 21:54:27.6673~DEBUG~<- DownloadFile(url = "https://faas-nyc1-2ef2e6cc.doserverless.co/api/v1/web/fn-dd7f8f6a-d32a-4f5e-ae7b-870dfb7963f3/downloads/bundle?id=000000000002090", filename = "C:\Users\cofc_\AppData\Local\Temp\tmp688F.tmp\rjsec008.16.ZIP", message = "rjsec008.16")~~RJStevensMusicPresentationCreator.Program~0000000074
2024-12-18 21:54:27.6823~DEBUG~-> ExtractAllFromFile(zipFileName = "C:\Users\cofc_\AppData\Local\Temp\tmp688F.tmp\rjsec008.16.ZIP", decompressedFolder = "C:\Users\cofc_\AppData\Local\Temp\tmp6A74.tmp", message = "rjsec008.16")~~RJStevensMusicPresentationCreator.Program~0000000075
2024-12-18 21:54:27.8991~DEBUG~extract completed~~RJStevensMusicPresentationCreator.Program~0000000076
2024-12-18 21:54:27.9021~DEBUG~<- ExtractAllFromFile(zipFileName = "C:\Users\cofc_\AppData\Local\Temp\tmp688F.tmp\rjsec008.16.ZIP", decompressedFolder = "C:\Users\cofc_\AppData\Local\Temp\tmp6A74.tmp", message = "rjsec008.16")~~RJStevensMusicPresentationCreator.Program~0000000077
2024-12-18 21:54:27.9592~DEBUG~-> DownloadFile(url = "https://faas-nyc1-2ef2e6cc.doserverless.co/api/v1/web/fn-dd7f8f6a-d32a-4f5e-ae7b-870dfb7963f3/downloads/bundle?id=000000000000012", filename = "C:\Users\cofc_\AppData\Local\Temp\tmp6B7F.tmp\rjsec010.ZIP", message = "rjsec010")~~RJStevensMusicPresentationCreator.Program~0000000078
2024-12-18 21:54:28.4442~DEBUG~download completed~~RJStevensMusicPresentationCreator.Program~0000000079
2024-12-18 21:54:28.4442~DEBUG~<- DownloadFile(url = "https://faas-nyc1-2ef2e6cc.doserverless.co/api/v1/web/fn-dd7f8f6a-d32a-4f5e-ae7b-870dfb7963f3/downloads/bundle?id=000000000000012", filename = "C:\Users\cofc_\AppData\Local\Temp\tmp6B7F.tmp\rjsec010.ZIP", message = "rjsec010")~~RJStevensMusicPresentationCreator.Program~0000000080
2024-12-18 21:54:28.4612~DEBUG~-> ExtractAllFromFile(zipFileName = "C:\Users\cofc_\AppData\Local\Temp\tmp6B7F.tmp\rjsec010.ZIP", decompressedFolder = "C:\Users\cofc_\AppData\Local\Temp\tmp6D74.tmp", message = "rjsec010")~~RJStevensMusicPresentationCreator.Program~0000000081
2024-12-18 21:54:28.6365~DEBUG~extract completed~~RJStevensMusicPresentationCreator.Program~0000000082
2024-12-18 21:54:28.6365~DEBUG~<- ExtractAllFromFile(zipFileName = "C:\Users\cofc_\AppData\Local\Temp\tmp6B7F.tmp\rjsec010.ZIP", decompressedFolder = "C:\Users\cofc_\AppData\Local\Temp\tmp6D74.tmp", message = "rjsec010")~~RJStevensMusicPresentationCreator.Program~0000000083
2024-12-18 21:54:28.6915~DEBUG~-> DownloadFile(url = "https://faas-nyc1-2ef2e6cc.doserverless.co/api/v1/web/fn-dd7f8f6a-d32a-4f5e-ae7b-870dfb7963f3/downloads/bundle?id=000000000000013", filename = "C:\Users\cofc_\AppData\Local\Temp\tmp6E5F.tmp\rjsec011.ZIP", message = "rjsec011")~~RJStevensMusicPresentationCreator.Program~0000000084
2024-12-18 21:54:29.4396~DEBUG~download completed~~RJStevensMusicPresentationCreator.Program~0000000085
2024-12-18 21:54:29.4396~DEBUG~<- DownloadFile(url = "https://faas-nyc1-2ef2e6cc.doserverless.co/api/v1/web/fn-dd7f8f6a-d32a-4f5e-ae7b-870dfb7963f3/downloads/bundle?id=000000000000013", filename = "C:\Users\cofc_\AppData\Local\Temp\tmp6E5F.tmp\rjsec011.ZIP", message = "rjsec011")~~RJStevensMusicPresentationCreator.Program~0000000086
2024-12-18 21:54:29.4556~DEBUG~-> ExtractAllFromFile(zipFileName = "C:\Users\cofc_\AppData\Local\Temp\tmp6E5F.tmp\rjsec011.ZIP", decompressedFolder = "C:\Users\cofc_\AppData\Local\Temp\tmp715E.tmp", message = "rjsec011")~~RJStevensMusicPresentationCreator.Program~0000000087
2024-12-18 21:54:29.7435~DEBUG~extract completed~~RJStevensMusicPresentationCreator.Program~0000000088
2024-12-18 21:54:29.7475~DEBUG~<- ExtractAllFromFile(zipFileName = "C:\Users\cofc_\AppData\Local\Temp\tmp6E5F.tmp\rjsec011.ZIP", decompressedFolder = "C:\Users\cofc_\AppData\Local\Temp\tmp715E.tmp", message = "rjsec011")~~RJStevensMusicPresentationCreator.Program~0000000089
2024-12-18 21:54:29.8175~DEBUG~-> DownloadFile(url = "https://faas-nyc1-2ef2e6cc.doserverless.co/api/v1/web/fn-dd7f8f6a-d32a-4f5e-ae7b-870dfb7963f3/downloads/bundle?id=000000000000014", filename = "C:\Users\cofc_\AppData\Local\Temp\tmp72C6.tmp\rjsec012.ZIP", message = "rjsec012")~~RJStevensMusicPresentationCreator.Program~0000000090
2024-12-18 21:54:30.2745~DEBUG~download completed~~RJStevensMusicPresentationCreator.Program~0000000091
2024-12-18 21:54:30.2755~DEBUG~<- DownloadFile(url = "https://faas-nyc1-2ef2e6cc.doserverless.co/api/v1/web/fn-dd7f8f6a-d32a-4f5e-ae7b-870dfb7963f3/downloads/bundle?id=000000000000014", filename = "C:\Users\cofc_\AppData\Local\Temp\tmp72C6.tmp\rjsec012.ZIP", message = "rjsec012")~~RJStevensMusicPresentationCreator.Program~0000000092
2024-12-18 21:54:30.2755~DEBUG~-> ExtractAllFromFile(zipFileName = "C:\Users\cofc_\AppData\Local\Temp\tmp72C6.tmp\rjsec012.ZIP", decompressedFolder = "C:\Users\cofc_\AppData\Local\Temp\tmp749C.tmp", message = "rjsec012")~~RJStevensMusicPresentationCreator.Program~0000000093
2024-12-18 21:54:30.5049~DEBUG~extract completed~~RJStevensMusicPresentationCreator.Program~0000000094
2024-12-18 21:54:30.5049~DEBUG~<- ExtractAllFromFile(zipFileName = "C:\Users\cofc_\AppData\Local\Temp\tmp72C6.tmp\rjsec012.ZIP", decompressedFolder = "C:\Users\cofc_\AppData\Local\Temp\tmp749C.tmp", message = "rjsec012")~~RJStevensMusicPresentationCreator.Program~0000000095
2024-12-18 21:54:30.5589~DEBUG~-> DownloadFile(url = "https://faas-nyc1-2ef2e6cc.doserverless.co/api/v1/web/fn-dd7f8f6a-d32a-4f5e-ae7b-870dfb7963f3/downloads/bundle?id=000000000000017", filename = "C:\Users\cofc_\AppData\Local\Temp\tmp75B6.tmp\rjsec014.ZIP", message = "rjsec014")~~RJStevensMusicPresentationCreator.Program~0000000096
2024-12-18 21:54:30.9939~DEBUG~download completed~~RJStevensMusicPresentationCreator.Program~0000000097
2024-12-18 21:54:30.9939~DEBUG~<- DownloadFile(url = "https://faas-nyc1-2ef2e6cc.doserverless.co/api/v1/web/fn-dd7f8f6a-d32a-4f5e-ae7b-870dfb7963f3/downloads/bundle?id=000000000000017", filename = "C:\Users\cofc_\AppData\Local\Temp\tmp75B6.tmp\rjsec014.ZIP", message = "rjsec014")~~RJStevensMusicPresentationCreator.Program~0000000098
2024-12-18 21:54:31.0119~DEBUG~-> ExtractAllFromFile(zipFileName = "C:\Users\cofc_\AppData\Local\Temp\tmp75B6.tmp\rjsec014.ZIP", decompressedFolder = "C:\Users\cofc_\AppData\Local\Temp\tmp777C.tmp", message = "rjsec014")~~RJStevensMusicPresentationCreator.Program~0000000099
2024-12-18 21:54:31.2279~DEBUG~extract completed~~RJStevensMusicPresentationCreator.Program~0000000100
2024-12-18 21:54:31.2299~DEBUG~<- ExtractAllFromFile(zipFileName = "C:\Users\cofc_\AppData\Local\Temp\tmp75B6.tmp\rjsec014.ZIP", decompressedFolder = "C:\Users\cofc_\AppData\Local\Temp\tmp777C.tmp", message = "rjsec014")~~RJStevensMusicPresentationCreator.Program~0000000101
2024-12-18 21:54:31.2899~DEBUG~-> DownloadFile(url = "https://faas-nyc1-2ef2e6cc.doserverless.co/api/v1/web/fn-dd7f8f6a-d32a-4f5e-ae7b-870dfb7963f3/downloads/bundle?id=000000000000019", filename = "C:\Users\cofc_\AppData\Local\Temp\tmp7887.tmp\rjsec016.ZIP", message = "rjsec016")~~RJStevensMusicPresentationCreator.Program~0000000102
2024-12-18 21:54:31.8060~DEBUG~download completed~~RJStevensMusicPresentationCreator.Program~0000000103
2024-12-18 21:54:31.8060~DEBUG~<- DownloadFile(url = "https://faas-nyc1-2ef2e6cc.doserverless.co/api/v1/web/fn-dd7f8f6a-d32a-4f5e-ae7b-870dfb7963f3/downloads/bundle?id=000000000000019", filename = "C:\Users\cofc_\AppData\Local\Temp\tmp7887.tmp\rjsec016.ZIP", message = "rjsec016")~~RJStevensMusicPresentationCreator.Program~0000000104
2024-12-18 21:54:31.8260~DEBUG~-> ExtractAllFromFile(zipFileName = "C:\Users\cofc_\AppData\Local\Temp\tmp7887.tmp\rjsec016.ZIP", decompressedFolder = "C:\Users\cofc_\AppData\Local\Temp\tmp7AAB.tmp", message = "rjsec016")~~RJStevensMusicPresentationCreator.Program~0000000105
2024-12-18 21:54:32.0954~DEBUG~extract completed~~RJStevensMusicPresentationCreator.Program~0000000106
2024-12-18 21:54:32.0954~DEBUG~<- ExtractAllFromFile(zipFileName = "C:\Users\cofc_\AppData\Local\Temp\tmp7887.tmp\rjsec016.ZIP", decompressedFolder = "C:\Users\cofc_\AppData\Local\Temp\tmp7AAB.tmp", message = "rjsec016")~~RJStevensMusicPresentationCreator.Program~0000000107
2024-12-18 21:54:32.1625~DEBUG~-> DownloadFile(url = "https://faas-nyc1-2ef2e6cc.doserverless.co/api/v1/web/fn-dd7f8f6a-d32a-4f5e-ae7b-870dfb7963f3/downloads/bundle?id=000000000000020", filename = "C:\Users\cofc_\AppData\Local\Temp\tmp7BF4.tmp\rjsec017.ZIP", message = "rjsec017")~~RJStevensMusicPresentationCreator.Program~0000000108
2024-12-18 21:54:32.5945~DEBUG~download completed~~RJStevensMusicPresentationCreator.Program~0000000109
2024-12-18 21:54:32.5945~DEBUG~<- DownloadFile(url = "https://faas-nyc1-2ef2e6cc.doserverless.co/api/v1/web/fn-dd7f8f6a-d32a-4f5e-ae7b-870dfb7963f3/downloads/bundle?id=000000000000020", filename = "C:\Users\cofc_\AppData\Local\Temp\tmp7BF4.tmp\rjsec017.ZIP", message = "rjsec017")~~RJStevensMusicPresentationCreator.Program~0000000110
2024-12-18 21:54:32.6095~DEBUG~-> ExtractAllFromFile(zipFileName = "C:\Users\cofc_\AppData\Local\Temp\tmp7BF4.tmp\rjsec017.ZIP", decompressedFolder = "C:\Users\cofc_\AppData\Local\Temp\tmp7DBA.tmp", message = "rjsec017")~~RJStevensMusicPresentationCreator.Program~0000000111
2024-12-18 21:54:32.7925~DEBUG~extract completed~~RJStevensMusicPresentationCreator.Program~0000000112
2024-12-18 21:54:32.7925~DEBUG~<- ExtractAllFromFile(zipFileName = "C:\Users\cofc_\AppData\Local\Temp\tmp7BF4.tmp\rjsec017.ZIP", decompressedFolder = "C:\Users\cofc_\AppData\Local\Temp\tmp7DBA.tmp", message = "rjsec017")~~RJStevensMusicPresentationCreator.Program~0000000113
2024-12-18 21:54:32.8475~DEBUG~-> DownloadFile(url = "https://faas-nyc1-2ef2e6cc.doserverless.co/api/v1/web/fn-dd7f8f6a-d32a-4f5e-ae7b-870dfb7963f3/downloads/bundle?id=000000000000021", filename = "C:\Users\cofc_\AppData\Local\Temp\tmp7EA5.tmp\rjsec018.ZIP", message = "rjsec018")~~RJStevensMusicPresentationCreator.Program~0000000114
2024-12-18 21:54:33.3145~DEBUG~download completed~~RJStevensMusicPresentationCreator.Program~0000000115
2024-12-18 21:54:33.3145~DEBUG~<- DownloadFile(url = "https://faas-nyc1-2ef2e6cc.doserverless.co/api/v1/web/fn-dd7f8f6a-d32a-4f5e-ae7b-870dfb7963f3/downloads/bundle?id=000000000000021", filename = "C:\Users\cofc_\AppData\Local\Temp\tmp7EA5.tmp\rjsec018.ZIP", message = "rjsec018")~~RJStevensMusicPresentationCreator.Program~0000000116
2024-12-18 21:54:33.3315~DEBUG~-> ExtractAllFromFile(zipFileName = "C:\Users\cofc_\AppData\Local\Temp\tmp7EA5.tmp\rjsec018.ZIP", decompressedFolder = "C:\Users\cofc_\AppData\Local\Temp\tmp808B.tmp", message = "rjsec018")~~RJStevensMusicPresentationCreator.Program~0000000117
2024-12-18 21:54:33.6506~DEBUG~extract completed~~RJStevensMusicPresentationCreator.Program~0000000118
2024-12-18 21:54:33.6506~DEBUG~<- ExtractAllFromFile(zipFileName = "C:\Users\cofc_\AppData\Local\Temp\tmp7EA5.tmp\rjsec018.ZIP", decompressedFolder = "C:\Users\cofc_\AppData\Local\Temp\tmp808B.tmp", message = "rjsec018")~~RJStevensMusicPresentationCreator.Program~0000000119
2024-12-18 21:54:33.7266~DEBUG~-> DownloadFile(url = "https://faas-nyc1-2ef2e6cc.doserverless.co/api/v1/web/fn-dd7f8f6a-d32a-4f5e-ae7b-870dfb7963f3/downloads/bundle?id=000000000000022", filename = "C:\Users\cofc_\AppData\Local\Temp\tmp8212.tmp\rjsec019.ZIP", message = "rjsec019")~~RJStevensMusicPresentationCreator.Program~0000000120
2024-12-18 21:54:34.1853~DEBUG~download completed~~RJStevensMusicPresentationCreator.Program~0000000121
2024-12-18 21:54:34.1853~DEBUG~<- DownloadFile(url = "https://faas-nyc1-2ef2e6cc.doserverless.co/api/v1/web/fn-dd7f8f6a-d32a-4f5e-ae7b-870dfb7963f3/downloads/bundle?id=000000000000022", filename = "C:\Users\cofc_\AppData\Local\Temp\tmp8212.tmp\rjsec019.ZIP", message = "rjsec019")~~RJStevensMusicPresentationCreator.Program~0000000122
2024-12-18 21:54:34.2023~DEBUG~-> ExtractAllFromFile(zipFileName = "C:\Users\cofc_\AppData\Local\Temp\tmp8212.tmp\rjsec019.ZIP", decompressedFolder = "C:\Users\cofc_\AppData\Local\Temp\tmp83F8.tmp", message = "rjsec019")~~RJStevensMusicPresentationCreator.Program~0000000123
2024-12-18 21:54:34.4403~DEBUG~extract completed~~RJStevensMusicPresentationCreator.Program~0000000124
2024-12-18 21:54:34.4403~DEBUG~<- ExtractAllFromFile(zipFileName = "C:\Users\cofc_\AppData\Local\Temp\tmp8212.tmp\rjsec019.ZIP", decompressedFolder = "C:\Users\cofc_\AppData\Local\Temp\tmp83F8.tmp", message = "rjsec019")~~RJStevensMusicPresentationCreator.Program~0000000125
2024-12-18 21:54:34.5013~DEBUG~-> DownloadFile(url = "https://faas-nyc1-2ef2e6cc.doserverless.co/api/v1/web/fn-dd7f8f6a-d32a-4f5e-ae7b-870dfb7963f3/downloads/bundle?id=000000000000023", filename = "C:\Users\cofc_\AppData\Local\Temp\tmp8521.tmp\rjsec020.ZIP", message = "rjsec020")~~RJStevensMusicPresentationCreator.Program~0000000126
2024-12-18 21:54:34.9233~DEBUG~download completed~~RJStevensMusicPresentationCreator.Program~0000000127
2024-12-18 21:54:34.9233~DEBUG~<- DownloadFile(url = "https://faas-nyc1-2ef2e6cc.doserverless.co/api/v1/web/fn-dd7f8f6a-d32a-4f5e-ae7b-870dfb7963f3/downloads/bundle?id=000000000000023", filename = "C:\Users\cofc_\AppData\Local\Temp\tmp8521.tmp\rjsec020.ZIP", message = "rjsec020")~~RJStevensMusicPresentationCreator.Program~0000000128
2024-12-18 21:54:34.9353~DEBUG~-> ExtractAllFromFile(zipFileName = "C:\Users\cofc_\AppData\Local\Temp\tmp8521.tmp\rjsec020.ZIP", decompressedFolder = "C:\Users\cofc_\AppData\Local\Temp\tmp86D8.tmp", message = "rjsec020")~~RJStevensMusicPresentationCreator.Program~0000000129
2024-12-18 21:54:35.1153~DEBUG~extract completed~~RJStevensMusicPresentationCreator.Program~0000000130
2024-12-18 21:54:35.1153~DEBUG~<- ExtractAllFromFile(zipFileName = "C:\Users\cofc_\AppData\Local\Temp\tmp8521.tmp\rjsec020.ZIP", decompressedFolder = "C:\Users\cofc_\AppData\Local\Temp\tmp86D8.tmp", message = "rjsec020")~~RJStevensMusicPresentationCreator.Program~0000000131
2024-12-18 21:54:35.1693~DEBUG~-> DownloadFile(url = "https://faas-nyc1-2ef2e6cc.doserverless.co/api/v1/web/fn-dd7f8f6a-d32a-4f5e-ae7b-870dfb7963f3/downloads/bundle?id=000000000000024", filename = "C:\Users\cofc_\AppData\Local\Temp\tmp87C3.tmp\rjsec021.ZIP", message = "rjsec021")~~RJStevensMusicPresentationCreator.Program~0000000132
2024-12-18 21:54:35.7184~DEBUG~download completed~~RJStevensMusicPresentationCreator.Program~0000000133
2024-12-18 21:54:35.7184~DEBUG~<- DownloadFile(url = "https://faas-nyc1-2ef2e6cc.doserverless.co/api/v1/web/fn-dd7f8f6a-d32a-4f5e-ae7b-870dfb7963f3/downloads/bundle?id=000000000000024", filename = "C:\Users\cofc_\AppData\Local\Temp\tmp87C3.tmp\rjsec021.ZIP", message = "rjsec021")~~RJStevensMusicPresentationCreator.Program~0000000134
2024-12-18 21:54:35.7364~DEBUG~-> ExtractAllFromFile(zipFileName = "C:\Users\cofc_\AppData\Local\Temp\tmp87C3.tmp\rjsec021.ZIP", decompressedFolder = "C:\Users\cofc_\AppData\Local\Temp\tmp89F7.tmp", message = "rjsec021")~~RJStevensMusicPresentationCreator.Program~0000000135
2024-12-18 21:54:35.9791~DEBUG~extract completed~~RJStevensMusicPresentationCreator.Program~0000000136
2024-12-18 21:54:35.9791~DEBUG~<- ExtractAllFromFile(zipFileName = "C:\Users\cofc_\AppData\Local\Temp\tmp87C3.tmp\rjsec021.ZIP", decompressedFolder = "C:\Users\cofc_\AppData\Local\Temp\tmp89F7.tmp", message = "rjsec021")~~RJStevensMusicPresentationCreator.Program~0000000137
2024-12-18 21:54:36.0451~DEBUG~-> DownloadFile(url = "https://faas-nyc1-2ef2e6cc.doserverless.co/api/v1/web/fn-dd7f8f6a-d32a-4f5e-ae7b-870dfb7963f3/downloads/bundle?id=000000000000027", filename = "C:\Users\cofc_\AppData\Local\Temp\tmp8B30.tmp\rjsec024.ZIP", message = "rjsec024")~~RJStevensMusicPresentationCreator.Program~0000000138
2024-12-18 21:54:36.4602~DEBUG~download completed~~RJStevensMusicPresentationCreator.Program~0000000139
2024-12-18 21:54:36.4602~DEBUG~<- DownloadFile(url = "https://faas-nyc1-2ef2e6cc.doserverless.co/api/v1/web/fn-dd7f8f6a-d32a-4f5e-ae7b-870dfb7963f3/downloads/bundle?id=000000000000027", filename = "C:\Users\cofc_\AppData\Local\Temp\tmp8B30.tmp\rjsec024.ZIP", message = "rjsec024")~~RJStevensMusicPresentationCreator.Program~0000000140
2024-12-18 21:54:36.4772~DEBUG~-> ExtractAllFromFile(zipFileName = "C:\Users\cofc_\AppData\Local\Temp\tmp8B30.tmp\rjsec024.ZIP", decompressedFolder = "C:\Users\cofc_\AppData\Local\Temp\tmp8CD7.tmp", message = "rjsec024")~~RJStevensMusicPresentationCreator.Program~0000000141
2024-12-18 21:54:36.6632~DEBUG~extract completed~~RJStevensMusicPresentationCreator.Program~0000000142
2024-12-18 21:54:36.6632~DEBUG~<- ExtractAllFromFile(zipFileName = "C:\Users\cofc_\AppData\Local\Temp\tmp8B30.tmp\rjsec024.ZIP", decompressedFolder = "C:\Users\cofc_\AppData\Local\Temp\tmp8CD7.tmp", message = "rjsec024")~~RJStevensMusicPresentationCreator.Program~0000000143
2024-12-18 21:54:36.7182~DEBUG~-> DownloadFile(url = "https://faas-nyc1-2ef2e6cc.doserverless.co/api/v1/web/fn-dd7f8f6a-d32a-4f5e-ae7b-870dfb7963f3/downloads/bundle?id=000000000000028", filename = "C:\Users\cofc_\AppData\Local\Temp\tmp8DD2.tmp\rjsec025.ZIP", message = "rjsec025")~~RJStevensMusicPresentationCreator.Program~0000000144
2024-12-18 21:54:38.5596~DEBUG~download completed~~RJStevensMusicPresentationCreator.Program~0000000145
2024-12-18 21:54:38.5596~DEBUG~<- DownloadFile(url = "https://faas-nyc1-2ef2e6cc.doserverless.co/api/v1/web/fn-dd7f8f6a-d32a-4f5e-ae7b-870dfb7963f3/downloads/bundle?id=000000000000028", filename = "C:\Users\cofc_\AppData\Local\Temp\tmp8DD2.tmp\rjsec025.ZIP", message = "rjsec025")~~RJStevensMusicPresentationCreator.Program~0000000146
2024-12-18 21:54:38.5727~DEBUG~-> ExtractAllFromFile(zipFileName = "C:\Users\cofc_\AppData\Local\Temp\tmp8DD2.tmp\rjsec025.ZIP", decompressedFolder = "C:\Users\cofc_\AppData\Local\Temp\tmp9517.tmp", message = "rjsec025")~~RJStevensMusicPresentationCreator.Program~0000000147
2024-12-18 21:54:38.7777~DEBUG~extract completed~~RJStevensMusicPresentationCreator.Program~0000000148
2024-12-18 21:54:38.7777~DEBUG~<- ExtractAllFromFile(zipFileName = "C:\Users\cofc_\AppData\Local\Temp\tmp8DD2.tmp\rjsec025.ZIP", decompressedFolder = "C:\Users\cofc_\AppData\Local\Temp\tmp9517.tmp", message = "rjsec025")~~RJStevensMusicPresentationCreator.Program~0000000149
2024-12-18 21:54:38.8327~DEBUG~-> DownloadFile(url = "https://faas-nyc1-2ef2e6cc.doserverless.co/api/v1/web/fn-dd7f8f6a-d32a-4f5e-ae7b-870dfb7963f3/downloads/bundle?id=000000000000029", filename = "C:\Users\cofc_\AppData\Local\Temp\tmp9612.tmp\rjsec026.ZIP", message = "rjsec026")~~RJStevensMusicPresentationCreator.Program~0000000150
2024-12-18 21:54:39.4768~DEBUG~download completed~~RJStevensMusicPresentationCreator.Program~0000000151
2024-12-18 21:54:39.4768~DEBUG~<- DownloadFile(url = "https://faas-nyc1-2ef2e6cc.doserverless.co/api/v1/web/fn-dd7f8f6a-d32a-4f5e-ae7b-870dfb7963f3/downloads/bundle?id=000000000000029", filename = "C:\Users\cofc_\AppData\Local\Temp\tmp9612.tmp\rjsec026.ZIP", message = "rjsec026")~~RJStevensMusicPresentationCreator.Program~0000000152
2024-12-18 21:54:39.4918~DEBUG~-> ExtractAllFromFile(zipFileName = "C:\Users\cofc_\AppData\Local\Temp\tmp9612.tmp\rjsec026.ZIP", decompressedFolder = "C:\Users\cofc_\AppData\Local\Temp\tmp98A3.tmp", message = "rjsec026")~~RJStevensMusicPresentationCreator.Program~0000000153
2024-12-18 21:54:39.6838~DEBUG~extract completed~~RJStevensMusicPresentationCreator.Program~0000000154
2024-12-18 21:54:39.6838~DEBUG~<- ExtractAllFromFile(zipFileName = "C:\Users\cofc_\AppData\Local\Temp\tmp9612.tmp\rjsec026.ZIP", decompressedFolder = "C:\Users\cofc_\AppData\Local\Temp\tmp98A3.tmp", message = "rjsec026")~~RJStevensMusicPresentationCreator.Program~0000000155
2024-12-18 21:54:39.7378~DEBUG~-> DownloadFile(url = "https://faas-nyc1-2ef2e6cc.doserverless.co/api/v1/web/fn-dd7f8f6a-d32a-4f5e-ae7b-870dfb7963f3/downloads/bundle?id=000000000000030", filename = "C:\Users\cofc_\AppData\Local\Temp\tmp999E.tmp\rjsec027.ZIP", message = "rjsec027")~~RJStevensMusicPresentationCreator.Program~0000000156
2024-12-18 21:54:40.1938~DEBUG~download completed~~RJStevensMusicPresentationCreator.Program~0000000157
2024-12-18 21:54:40.1938~DEBUG~<- DownloadFile(url = "https://faas-nyc1-2ef2e6cc.doserverless.co/api/v1/web/fn-dd7f8f6a-d32a-4f5e-ae7b-870dfb7963f3/downloads/bundle?id=000000000000030", filename = "C:\Users\cofc_\AppData\Local\Temp\tmp999E.tmp\rjsec027.ZIP", message = "rjsec027")~~RJStevensMusicPresentationCreator.Program~0000000158
2024-12-18 21:54:40.2088~DEBUG~-> ExtractAllFromFile(zipFileName = "C:\Users\cofc_\AppData\Local\Temp\tmp999E.tmp\rjsec027.ZIP", decompressedFolder = "C:\Users\cofc_\AppData\Local\Temp\tmp9B74.tmp", message = "rjsec027")~~RJStevensMusicPresentationCreator.Program~0000000159
2024-12-18 21:54:40.4798~DEBUG~extract completed~~RJStevensMusicPresentationCreator.Program~0000000160
2024-12-18 21:54:40.4798~DEBUG~<- ExtractAllFromFile(zipFileName = "C:\Users\cofc_\AppData\Local\Temp\tmp999E.tmp\rjsec027.ZIP", decompressedFolder = "C:\Users\cofc_\AppData\Local\Temp\tmp9B74.tmp", message = "rjsec027")~~RJStevensMusicPresentationCreator.Program~0000000161
2024-12-18 21:54:40.5478~DEBUG~-> DownloadFile(url = "https://faas-nyc1-2ef2e6cc.doserverless.co/api/v1/web/fn-dd7f8f6a-d32a-4f5e-ae7b-870dfb7963f3/downloads/bundle?id=000000000000031", filename = "C:\Users\cofc_\AppData\Local\Temp\tmp9CCC.tmp\rjsec028.ZIP", message = "rjsec028")~~RJStevensMusicPresentationCreator.Program~0000000162
2024-12-18 21:54:41.3549~DEBUG~download completed~~RJStevensMusicPresentationCreator.Program~0000000163
2024-12-18 21:54:41.3549~DEBUG~<- DownloadFile(url = "https://faas-nyc1-2ef2e6cc.doserverless.co/api/v1/web/fn-dd7f8f6a-d32a-4f5e-ae7b-870dfb7963f3/downloads/bundle?id=000000000000031", filename = "C:\Users\cofc_\AppData\Local\Temp\tmp9CCC.tmp\rjsec028.ZIP", message = "rjsec028")~~RJStevensMusicPresentationCreator.Program~0000000164
2024-12-18 21:54:41.3699~DEBUG~-> ExtractAllFromFile(zipFileName = "C:\Users\cofc_\AppData\Local\Temp\tmp9CCC.tmp\rjsec028.ZIP", decompressedFolder = "C:\Users\cofc_\AppData\Local\Temp\tmpA009.tmp", message = "rjsec028")~~RJStevensMusicPresentationCreator.Program~0000000165
2024-12-18 21:54:41.5839~DEBUG~extract completed~~RJStevensMusicPresentationCreator.Program~0000000166
2024-12-18 21:54:41.5879~DEBUG~<- ExtractAllFromFile(zipFileName = "C:\Users\cofc_\AppData\Local\Temp\tmp9CCC.tmp\rjsec028.ZIP", decompressedFolder = "C:\Users\cofc_\AppData\Local\Temp\tmpA009.tmp", message = "rjsec028")~~RJStevensMusicPresentationCreator.Program~0000000167
2024-12-18 21:54:41.6409~DEBUG~-> DownloadFile(url = "https://faas-nyc1-2ef2e6cc.doserverless.co/api/v1/web/fn-dd7f8f6a-d32a-4f5e-ae7b-870dfb7963f3/downloads/bundle?id=000000000000033", filename = "C:\Users\cofc_\AppData\Local\Temp\tmpA114.tmp\rjsec030.ZIP", message = "rjsec030")~~RJStevensMusicPresentationCreator.Program~0000000168
2024-12-18 21:54:42.3920~DEBUG~download completed~~RJStevensMusicPresentationCreator.Program~0000000169
2024-12-18 21:54:42.3920~DEBUG~<- DownloadFile(url = "https://faas-nyc1-2ef2e6cc.doserverless.co/api/v1/web/fn-dd7f8f6a-d32a-4f5e-ae7b-870dfb7963f3/downloads/bundle?id=000000000000033", filename = "C:\Users\cofc_\AppData\Local\Temp\tmpA114.tmp\rjsec030.ZIP", message = "rjsec030")~~RJStevensMusicPresentationCreator.Program~0000000170
2024-12-18 21:54:42.4120~DEBUG~-> ExtractAllFromFile(zipFileName = "C:\Users\cofc_\AppData\Local\Temp\tmpA114.tmp\rjsec030.ZIP", decompressedFolder = "C:\Users\cofc_\AppData\Local\Temp\tmpA413.tmp", message = "rjsec030")~~RJStevensMusicPresentationCreator.Program~0000000171
2024-12-18 21:54:42.6102~DEBUG~extract completed~~RJStevensMusicPresentationCreator.Program~0000000172
2024-12-18 21:54:42.6102~DEBUG~<- ExtractAllFromFile(zipFileName = "C:\Users\cofc_\AppData\Local\Temp\tmpA114.tmp\rjsec030.ZIP", decompressedFolder = "C:\Users\cofc_\AppData\Local\Temp\tmpA413.tmp", message = "rjsec030")~~RJStevensMusicPresentationCreator.Program~0000000173
2024-12-18 21:54:42.6702~DEBUG~-> DownloadFile(url = "https://faas-nyc1-2ef2e6cc.doserverless.co/api/v1/web/fn-dd7f8f6a-d32a-4f5e-ae7b-870dfb7963f3/downloads/bundle?id=000000000000035", filename = "C:\Users\cofc_\AppData\Local\Temp\tmpA51D.tmp\rjsec032.ZIP", message = "rjsec032")~~RJStevensMusicPresentationCreator.Program~0000000174
2024-12-18 21:54:43.1243~DEBUG~download completed~~RJStevensMusicPresentationCreator.Program~0000000175
2024-12-18 21:54:43.1243~DEBUG~<- DownloadFile(url = "https://faas-nyc1-2ef2e6cc.doserverless.co/api/v1/web/fn-dd7f8f6a-d32a-4f5e-ae7b-870dfb7963f3/downloads/bundle?id=000000000000035", filename = "C:\Users\cofc_\AppData\Local\Temp\tmpA51D.tmp\rjsec032.ZIP", message = "rjsec032")~~RJStevensMusicPresentationCreator.Program~0000000176
2024-12-18 21:54:43.1383~DEBUG~-> ExtractAllFromFile(zipFileName = "C:\Users\cofc_\AppData\Local\Temp\tmpA51D.tmp\rjsec032.ZIP", decompressedFolder = "C:\Users\cofc_\AppData\Local\Temp\tmpA6F3.tmp", message = "rjsec032")~~RJStevensMusicPresentationCreator.Program~0000000177
2024-12-18 21:54:43.3183~DEBUG~extract completed~~RJStevensMusicPresentationCreator.Program~0000000178
2024-12-18 21:54:43.3183~DEBUG~<- ExtractAllFromFile(zipFileName = "C:\Users\cofc_\AppData\Local\Temp\tmpA51D.tmp\rjsec032.ZIP", decompressedFolder = "C:\Users\cofc_\AppData\Local\Temp\tmpA6F3.tmp", message = "rjsec032")~~RJStevensMusicPresentationCreator.Program~0000000179
2024-12-18 21:54:43.3713~DEBUG~-> DownloadFile(url = "https://faas-nyc1-2ef2e6cc.doserverless.co/api/v1/web/fn-dd7f8f6a-d32a-4f5e-ae7b-870dfb7963f3/downloads/bundle?id=000000000000038", filename = "C:\Users\cofc_\AppData\Local\Temp\tmpA7DE.tmp\rjsec035.ZIP", message = "rjsec035")~~RJStevensMusicPresentationCreator.Program~0000000180
2024-12-18 21:54:44.1043~DEBUG~download completed~~RJStevensMusicPresentationCreator.Program~0000000181
2024-12-18 21:54:44.1043~DEBUG~<- DownloadFile(url = "https://faas-nyc1-2ef2e6cc.doserverless.co/api/v1/web/fn-dd7f8f6a-d32a-4f5e-ae7b-870dfb7963f3/downloads/bundle?id=000000000000038", filename = "C:\Users\cofc_\AppData\Local\Temp\tmpA7DE.tmp\rjsec035.ZIP", message = "rjsec035")~~RJStevensMusicPresentationCreator.Program~0000000182
2024-12-18 21:54:44.1043~DEBUG~-> ExtractAllFromFile(zipFileName = "C:\Users\cofc_\AppData\Local\Temp\tmpA7DE.tmp\rjsec035.ZIP", decompressedFolder = "C:\Users\cofc_\AppData\Local\Temp\tmpAABE.tmp", message = "rjsec035")~~RJStevensMusicPresentationCreator.Program~0000000183
2024-12-18 21:54:44.3098~DEBUG~extract completed~~RJStevensMusicPresentationCreator.Program~0000000184
2024-12-18 21:54:44.3098~DEBUG~<- ExtractAllFromFile(zipFileName = "C:\Users\cofc_\AppData\Local\Temp\tmpA7DE.tmp\rjsec035.ZIP", decompressedFolder = "C:\Users\cofc_\AppData\Local\Temp\tmpAABE.tmp", message = "rjsec035")~~RJStevensMusicPresentationCreator.Program~0000000185
2024-12-18 21:54:44.3669~DEBUG~-> DownloadFile(url = "https://faas-nyc1-2ef2e6cc.doserverless.co/api/v1/web/fn-dd7f8f6a-d32a-4f5e-ae7b-870dfb7963f3/downloads/bundle?id=000000000000040", filename = "C:\Users\cofc_\AppData\Local\Temp\tmpABB9.tmp\rjsec037.ZIP", message = "rjsec037")~~RJStevensMusicPresentationCreator.Program~0000000186
2024-12-18 21:54:44.9839~DEBUG~download completed~~RJStevensMusicPresentationCreator.Program~0000000187
2024-12-18 21:54:44.9839~DEBUG~<- DownloadFile(url = "https://faas-nyc1-2ef2e6cc.doserverless.co/api/v1/web/fn-dd7f8f6a-d32a-4f5e-ae7b-870dfb7963f3/downloads/bundle?id=000000000000040", filename = "C:\Users\cofc_\AppData\Local\Temp\tmpABB9.tmp\rjsec037.ZIP", message = "rjsec037")~~RJStevensMusicPresentationCreator.Program~0000000188
2024-12-18 21:54:44.9959~DEBUG~-> ExtractAllFromFile(zipFileName = "C:\Users\cofc_\AppData\Local\Temp\tmpABB9.tmp\rjsec037.ZIP", decompressedFolder = "C:\Users\cofc_\AppData\Local\Temp\tmpAE3A.tmp", message = "rjsec037")~~RJStevensMusicPresentationCreator.Program~0000000189
2024-12-18 21:54:45.1859~DEBUG~extract completed~~RJStevensMusicPresentationCreator.Program~0000000190
2024-12-18 21:54:45.1859~DEBUG~<- ExtractAllFromFile(zipFileName = "C:\Users\cofc_\AppData\Local\Temp\tmpABB9.tmp\rjsec037.ZIP", decompressedFolder = "C:\Users\cofc_\AppData\Local\Temp\tmpAE3A.tmp", message = "rjsec037")~~RJStevensMusicPresentationCreator.Program~0000000191
2024-12-18 21:54:45.2409~DEBUG~-> DownloadFile(url = "https://faas-nyc1-2ef2e6cc.doserverless.co/api/v1/web/fn-dd7f8f6a-d32a-4f5e-ae7b-870dfb7963f3/downloads/bundle?id=000000000000042", filename = "C:\Users\cofc_\AppData\Local\Temp\tmpAF26.tmp\rjsec039.ZIP", message = "rjsec039")~~RJStevensMusicPresentationCreator.Program~0000000192
2024-12-18 21:54:45.7040~DEBUG~download completed~~RJStevensMusicPresentationCreator.Program~0000000193
2024-12-18 21:54:45.7040~DEBUG~<- DownloadFile(url = "https://faas-nyc1-2ef2e6cc.doserverless.co/api/v1/web/fn-dd7f8f6a-d32a-4f5e-ae7b-870dfb7963f3/downloads/bundle?id=000000000000042", filename = "C:\Users\cofc_\AppData\Local\Temp\tmpAF26.tmp\rjsec039.ZIP", message = "rjsec039")~~RJStevensMusicPresentationCreator.Program~0000000194
2024-12-18 21:54:45.7280~DEBUG~-> ExtractAllFromFile(zipFileName = "C:\Users\cofc_\AppData\Local\Temp\tmpAF26.tmp\rjsec039.ZIP", decompressedFolder = "C:\Users\cofc_\AppData\Local\Temp\tmpB10B.tmp", message = "rjsec039")~~RJStevensMusicPresentationCreator.Program~0000000195
2024-12-18 21:54:45.9695~DEBUG~extract completed~~RJStevensMusicPresentationCreator.Program~0000000196
2024-12-18 21:54:45.9695~DEBUG~<- ExtractAllFromFile(zipFileName = "C:\Users\cofc_\AppData\Local\Temp\tmpAF26.tmp\rjsec039.ZIP", decompressedFolder = "C:\Users\cofc_\AppData\Local\Temp\tmpB10B.tmp", message = "rjsec039")~~RJStevensMusicPresentationCreator.Program~0000000197
2024-12-18 21:54:46.0376~DEBUG~-> DownloadFile(url = "https://faas-nyc1-2ef2e6cc.doserverless.co/api/v1/web/fn-dd7f8f6a-d32a-4f5e-ae7b-870dfb7963f3/downloads/bundle?id=000000000000043", filename = "C:\Users\cofc_\AppData\Local\Temp\tmpB245.tmp\rjsec039.15.ZIP", message = "rjsec039.15")~~RJStevensMusicPresentationCreator.Program~0000000198
2024-12-18 21:54:46.8556~DEBUG~download completed~~RJStevensMusicPresentationCreator.Program~0000000199
2024-12-18 21:54:46.8556~DEBUG~<- DownloadFile(url = "https://faas-nyc1-2ef2e6cc.doserverless.co/api/v1/web/fn-dd7f8f6a-d32a-4f5e-ae7b-870dfb7963f3/downloads/bundle?id=000000000000043", filename = "C:\Users\cofc_\AppData\Local\Temp\tmpB245.tmp\rjsec039.15.ZIP", message = "rjsec039.15")~~RJStevensMusicPresentationCreator.Program~0000000200
2024-12-18 21:54:46.8696~DEBUG~-> ExtractAllFromFile(zipFileName = "C:\Users\cofc_\AppData\Local\Temp\tmpB245.tmp\rjsec039.15.ZIP", decompressedFolder = "C:\Users\cofc_\AppData\Local\Temp\tmpB582.tmp", message = "rjsec039.15")~~RJStevensMusicPresentationCreator.Program~0000000201
2024-12-18 21:54:47.1566~DEBUG~extract completed~~RJStevensMusicPresentationCreator.Program~0000000202
2024-12-18 21:54:47.1566~DEBUG~<- ExtractAllFromFile(zipFileName = "C:\Users\cofc_\AppData\Local\Temp\tmpB245.tmp\rjsec039.15.ZIP", decompressedFolder = "C:\Users\cofc_\AppData\Local\Temp\tmpB582.tmp", message = "rjsec039.15")~~RJStevensMusicPresentationCreator.Program~0000000203
2024-12-18 21:54:47.2487~DEBUG~-> DownloadFile(url = "https://faas-nyc1-2ef2e6cc.doserverless.co/api/v1/web/fn-dd7f8f6a-d32a-4f5e-ae7b-870dfb7963f3/downloads/bundle?id=000000000000045", filename = "C:\Users\cofc_\AppData\Local\Temp\tmpB709.tmp\rjsec041.ZIP", message = "rjsec041")~~RJStevensMusicPresentationCreator.Program~0000000204
2024-12-18 21:54:47.6887~DEBUG~download completed~~RJStevensMusicPresentationCreator.Program~0000000205
2024-12-18 21:54:47.6887~DEBUG~<- DownloadFile(url = "https://faas-nyc1-2ef2e6cc.doserverless.co/api/v1/web/fn-dd7f8f6a-d32a-4f5e-ae7b-870dfb7963f3/downloads/bundle?id=000000000000045", filename = "C:\Users\cofc_\AppData\Local\Temp\tmpB709.tmp\rjsec041.ZIP", message = "rjsec041")~~RJStevensMusicPresentationCreator.Program~0000000206
2024-12-18 21:54:47.7047~DEBUG~-> ExtractAllFromFile(zipFileName = "C:\Users\cofc_\AppData\Local\Temp\tmpB709.tmp\rjsec041.ZIP", decompressedFolder = "C:\Users\cofc_\AppData\Local\Temp\tmpB8D0.tmp", message = "rjsec041")~~RJStevensMusicPresentationCreator.Program~0000000207
2024-12-18 21:54:47.8909~DEBUG~extract completed~~RJStevensMusicPresentationCreator.Program~0000000208
2024-12-18 21:54:47.8909~DEBUG~<- ExtractAllFromFile(zipFileName = "C:\Users\cofc_\AppData\Local\Temp\tmpB709.tmp\rjsec041.ZIP", decompressedFolder = "C:\Users\cofc_\AppData\Local\Temp\tmpB8D0.tmp", message = "rjsec041")~~RJStevensMusicPresentationCreator.Program~0000000209
2024-12-18 21:54:47.9489~DEBUG~-> DownloadFile(url = "https://faas-nyc1-2ef2e6cc.doserverless.co/api/v1/web/fn-dd7f8f6a-d32a-4f5e-ae7b-870dfb7963f3/downloads/bundle?id=000000000000046", filename = "C:\Users\cofc_\AppData\Local\Temp\tmpB9CB.tmp\rjsec041.15.ZIP", message = "rjsec041.15")~~RJStevensMusicPresentationCreator.Program~0000000210
2024-12-18 21:54:48.3760~DEBUG~download completed~~RJStevensMusicPresentationCreator.Program~0000000211
2024-12-18 21:54:48.3760~DEBUG~<- DownloadFile(url = "https://faas-nyc1-2ef2e6cc.doserverless.co/api/v1/web/fn-dd7f8f6a-d32a-4f5e-ae7b-870dfb7963f3/downloads/bundle?id=000000000000046", filename = "C:\Users\cofc_\AppData\Local\Temp\tmpB9CB.tmp\rjsec041.15.ZIP", message = "rjsec041.15")~~RJStevensMusicPresentationCreator.Program~0000000212
2024-12-18 21:54:48.3930~DEBUG~-> ExtractAllFromFile(zipFileName = "C:\Users\cofc_\AppData\Local\Temp\tmpB9CB.tmp\rjsec041.15.ZIP", decompressedFolder = "C:\Users\cofc_\AppData\Local\Temp\tmpBB81.tmp", message = "rjsec041.15")~~RJStevensMusicPresentationCreator.Program~0000000213
2024-12-18 21:54:48.6289~DEBUG~extract completed~~RJStevensMusicPresentationCreator.Program~0000000214
2024-12-18 21:54:48.6289~DEBUG~<- ExtractAllFromFile(zipFileName = "C:\Users\cofc_\AppData\Local\Temp\tmpB9CB.tmp\rjsec041.15.ZIP", decompressedFolder = "C:\Users\cofc_\AppData\Local\Temp\tmpBB81.tmp", message = "rjsec041.15")~~RJStevensMusicPresentationCreator.Program~0000000215
2024-12-18 21:54:48.7020~DEBUG~-> DownloadFile(url = "https://faas-nyc1-2ef2e6cc.doserverless.co/api/v1/web/fn-dd7f8f6a-d32a-4f5e-ae7b-870dfb7963f3/downloads/bundle?id=000000000000048", filename = "C:\Users\cofc_\AppData\Local\Temp\tmpBCBB.tmp\rjsec043.ZIP", message = "rjsec043")~~RJStevensMusicPresentationCreator.Program~0000000216
2024-12-18 21:54:49.1360~DEBUG~download completed~~RJStevensMusicPresentationCreator.Program~0000000217
2024-12-18 21:54:49.1360~DEBUG~<- DownloadFile(url = "https://faas-nyc1-2ef2e6cc.doserverless.co/api/v1/web/fn-dd7f8f6a-d32a-4f5e-ae7b-870dfb7963f3/downloads/bundle?id=000000000000048", filename = "C:\Users\cofc_\AppData\Local\Temp\tmpBCBB.tmp\rjsec043.ZIP", message = "rjsec043")~~RJStevensMusicPresentationCreator.Program~0000000218
2024-12-18 21:54:49.1360~DEBUG~-> ExtractAllFromFile(zipFileName = "C:\Users\cofc_\AppData\Local\Temp\tmpBCBB.tmp\rjsec043.ZIP", decompressedFolder = "C:\Users\cofc_\AppData\Local\Temp\tmpBE71.tmp", message = "rjsec043")~~RJStevensMusicPresentationCreator.Program~0000000219
2024-12-18 21:54:49.3400~DEBUG~extract completed~~RJStevensMusicPresentationCreator.Program~0000000220
2024-12-18 21:54:49.3400~DEBUG~<- ExtractAllFromFile(zipFileName = "C:\Users\cofc_\AppData\Local\Temp\tmpBCBB.tmp\rjsec043.ZIP", decompressedFolder = "C:\Users\cofc_\AppData\Local\Temp\tmpBE71.tmp", message = "rjsec043")~~RJStevensMusicPresentationCreator.Program~0000000221
2024-12-18 21:54:49.3970~DEBUG~-> DownloadFile(url = "https://faas-nyc1-2ef2e6cc.doserverless.co/api/v1/web/fn-dd7f8f6a-d32a-4f5e-ae7b-870dfb7963f3/downloads/bundle?id=000000000000049", filename = "C:\Users\cofc_\AppData\Local\Temp\tmpBF6C.tmp\rjsec044.ZIP", message = "rjsec044")~~RJStevensMusicPresentationCreator.Program~0000000222
2024-12-18 21:54:49.9610~DEBUG~download completed~~RJStevensMusicPresentationCreator.Program~0000000223
2024-12-18 21:54:49.9610~DEBUG~<- DownloadFile(url = "https://faas-nyc1-2ef2e6cc.doserverless.co/api/v1/web/fn-dd7f8f6a-d32a-4f5e-ae7b-870dfb7963f3/downloads/bundle?id=000000000000049", filename = "C:\Users\cofc_\AppData\Local\Temp\tmpBF6C.tmp\rjsec044.ZIP", message = "rjsec044")~~RJStevensMusicPresentationCreator.Program~0000000224
2024-12-18 21:54:49.9810~DEBUG~-> ExtractAllFromFile(zipFileName = "C:\Users\cofc_\AppData\Local\Temp\tmpBF6C.tmp\rjsec044.ZIP", decompressedFolder = "C:\Users\cofc_\AppData\Local\Temp\tmpC1BF.tmp", message = "rjsec044")~~RJStevensMusicPresentationCreator.Program~0000000225
2024-12-18 21:54:50.2750~DEBUG~extract completed~~RJStevensMusicPresentationCreator.Program~0000000226
2024-12-18 21:54:50.2750~DEBUG~<- ExtractAllFromFile(zipFileName = "C:\Users\cofc_\AppData\Local\Temp\tmpBF6C.tmp\rjsec044.ZIP", decompressedFolder = "C:\Users\cofc_\AppData\Local\Temp\tmpC1BF.tmp", message = "rjsec044")~~RJStevensMusicPresentationCreator.Program~0000000227
2024-12-18 21:54:50.3470~DEBUG~-> DownloadFile(url = "https://faas-nyc1-2ef2e6cc.doserverless.co/api/v1/web/fn-dd7f8f6a-d32a-4f5e-ae7b-870dfb7963f3/downloads/bundle?id=000000000000050", filename = "C:\Users\cofc_\AppData\Local\Temp\tmpC327.tmp\rjsec045.ZIP", message = "rjsec045")~~RJStevensMusicPresentationCreator.Program~0000000228
2024-12-18 21:54:50.7920~DEBUG~download completed~~RJStevensMusicPresentationCreator.Program~0000000229
2024-12-18 21:54:50.7920~DEBUG~<- DownloadFile(url = "https://faas-nyc1-2ef2e6cc.doserverless.co/api/v1/web/fn-dd7f8f6a-d32a-4f5e-ae7b-870dfb7963f3/downloads/bundle?id=000000000000050", filename = "C:\Users\cofc_\AppData\Local\Temp\tmpC327.tmp\rjsec045.ZIP", message = "rjsec045")~~RJStevensMusicPresentationCreator.Program~0000000230
2024-12-18 21:54:50.7920~DEBUG~-> ExtractAllFromFile(zipFileName = "C:\Users\cofc_\AppData\Local\Temp\tmpC327.tmp\rjsec045.ZIP", decompressedFolder = "C:\Users\cofc_\AppData\Local\Temp\tmpC4ED.tmp", message = "rjsec045")~~RJStevensMusicPresentationCreator.Program~0000000231
2024-12-18 21:54:50.9883~DEBUG~extract completed~~RJStevensMusicPresentationCreator.Program~0000000232
2024-12-18 21:54:50.9883~DEBUG~<- ExtractAllFromFile(zipFileName = "C:\Users\cofc_\AppData\Local\Temp\tmpC327.tmp\rjsec045.ZIP", decompressedFolder = "C:\Users\cofc_\AppData\Local\Temp\tmpC4ED.tmp", message = "rjsec045")~~RJStevensMusicPresentationCreator.Program~0000000233
2024-12-18 21:54:51.0433~DEBUG~-> DownloadFile(url = "https://faas-nyc1-2ef2e6cc.doserverless.co/api/v1/web/fn-dd7f8f6a-d32a-4f5e-ae7b-870dfb7963f3/downloads/bundle?id=000000000000051", filename = "C:\Users\cofc_\AppData\Local\Temp\tmpC5E8.tmp\rjsec046.ZIP", message = "rjsec046")~~RJStevensMusicPresentationCreator.Program~0000000234
2024-12-18 21:54:51.5174~DEBUG~download completed~~RJStevensMusicPresentationCreator.Program~0000000235
2024-12-18 21:54:51.5174~DEBUG~<- DownloadFile(url = "https://faas-nyc1-2ef2e6cc.doserverless.co/api/v1/web/fn-dd7f8f6a-d32a-4f5e-ae7b-870dfb7963f3/downloads/bundle?id=000000000000051", filename = "C:\Users\cofc_\AppData\Local\Temp\tmpC5E8.tmp\rjsec046.ZIP", message = "rjsec046")~~RJStevensMusicPresentationCreator.Program~0000000236
2024-12-18 21:54:51.5304~DEBUG~-> ExtractAllFromFile(zipFileName = "C:\Users\cofc_\AppData\Local\Temp\tmpC5E8.tmp\rjsec046.ZIP", decompressedFolder = "C:\Users\cofc_\AppData\Local\Temp\tmpC7CE.tmp", message = "rjsec046")~~RJStevensMusicPresentationCreator.Program~0000000237
2024-12-18 21:54:51.7908~DEBUG~extract completed~~RJStevensMusicPresentationCreator.Program~0000000238
2024-12-18 21:54:51.7908~DEBUG~<- ExtractAllFromFile(zipFileName = "C:\Users\cofc_\AppData\Local\Temp\tmpC5E8.tmp\rjsec046.ZIP", decompressedFolder = "C:\Users\cofc_\AppData\Local\Temp\tmpC7CE.tmp", message = "rjsec046")~~RJStevensMusicPresentationCreator.Program~0000000239
2024-12-18 21:54:51.8608~DEBUG~-> DownloadFile(url = "https://faas-nyc1-2ef2e6cc.doserverless.co/api/v1/web/fn-dd7f8f6a-d32a-4f5e-ae7b-870dfb7963f3/downloads/bundle?id=000000000000052", filename = "C:\Users\cofc_\AppData\Local\Temp\tmpC917.tmp\rjsec047.ZIP", message = "rjsec047")~~RJStevensMusicPresentationCreator.Program~0000000240
2024-12-18 21:54:52.2959~DEBUG~download completed~~RJStevensMusicPresentationCreator.Program~0000000241
2024-12-18 21:54:52.2959~DEBUG~<- DownloadFile(url = "https://faas-nyc1-2ef2e6cc.doserverless.co/api/v1/web/fn-dd7f8f6a-d32a-4f5e-ae7b-870dfb7963f3/downloads/bundle?id=000000000000052", filename = "C:\Users\cofc_\AppData\Local\Temp\tmpC917.tmp\rjsec047.ZIP", message = "rjsec047")~~RJStevensMusicPresentationCreator.Program~0000000242
2024-12-18 21:54:52.3089~DEBUG~-> ExtractAllFromFile(zipFileName = "C:\Users\cofc_\AppData\Local\Temp\tmpC917.tmp\rjsec047.ZIP", decompressedFolder = "C:\Users\cofc_\AppData\Local\Temp\tmpCADD.tmp", message = "rjsec047")~~RJStevensMusicPresentationCreator.Program~0000000243
2024-12-18 21:54:52.4627~DEBUG~extract completed~~RJStevensMusicPresentationCreator.Program~0000000244
2024-12-18 21:54:52.4627~DEBUG~<- ExtractAllFromFile(zipFileName = "C:\Users\cofc_\AppData\Local\Temp\tmpC917.tmp\rjsec047.ZIP", decompressedFolder = "C:\Users\cofc_\AppData\Local\Temp\tmpCADD.tmp", message = "rjsec047")~~RJStevensMusicPresentationCreator.Program~0000000245
2024-12-18 21:54:52.5097~DEBUG~-> DownloadFile(url = "https://faas-nyc1-2ef2e6cc.doserverless.co/api/v1/web/fn-dd7f8f6a-d32a-4f5e-ae7b-870dfb7963f3/downloads/bundle?id=000000000000053", filename = "C:\Users\cofc_\AppData\Local\Temp\tmpCB99.tmp\rjsec048.ZIP", message = "rjsec048")~~RJStevensMusicPresentationCreator.Program~0000000246
2024-12-18 21:54:52.9928~DEBUG~download completed~~RJStevensMusicPresentationCreator.Program~0000000247
2024-12-18 21:54:52.9938~DEBUG~<- DownloadFile(url = "https://faas-nyc1-2ef2e6cc.doserverless.co/api/v1/web/fn-dd7f8f6a-d32a-4f5e-ae7b-870dfb7963f3/downloads/bundle?id=000000000000053", filename = "C:\Users\cofc_\AppData\Local\Temp\tmpCB99.tmp\rjsec048.ZIP", message = "rjsec048")~~RJStevensMusicPresentationCreator.Program~0000000248
2024-12-18 21:54:52.9938~DEBUG~-> ExtractAllFromFile(zipFileName = "C:\Users\cofc_\AppData\Local\Temp\tmpCB99.tmp\rjsec048.ZIP", decompressedFolder = "C:\Users\cofc_\AppData\Local\Temp\tmpCD8E.tmp", message = "rjsec048")~~RJStevensMusicPresentationCreator.Program~0000000249
2024-12-18 21:54:53.2547~DEBUG~extract completed~~RJStevensMusicPresentationCreator.Program~0000000250
2024-12-18 21:54:53.2547~DEBUG~<- ExtractAllFromFile(zipFileName = "C:\Users\cofc_\AppData\Local\Temp\tmpCB99.tmp\rjsec048.ZIP", decompressedFolder = "C:\Users\cofc_\AppData\Local\Temp\tmpCD8E.tmp", message = "rjsec048")~~RJStevensMusicPresentationCreator.Program~0000000251
2024-12-18 21:54:53.3207~DEBUG~-> DownloadFile(url = "https://faas-nyc1-2ef2e6cc.doserverless.co/api/v1/web/fn-dd7f8f6a-d32a-4f5e-ae7b-870dfb7963f3/downloads/bundle?id=000000000000054", filename = "C:\Users\cofc_\AppData\Local\Temp\tmpCEC8.tmp\rjsec049.ZIP", message = "rjsec049")~~RJStevensMusicPresentationCreator.Program~0000000252
2024-12-18 21:54:53.7768~DEBUG~download completed~~RJStevensMusicPresentationCreator.Program~0000000253
2024-12-18 21:54:53.7768~DEBUG~<- DownloadFile(url = "https://faas-nyc1-2ef2e6cc.doserverless.co/api/v1/web/fn-dd7f8f6a-d32a-4f5e-ae7b-870dfb7963f3/downloads/bundle?id=000000000000054", filename = "C:\Users\cofc_\AppData\Local\Temp\tmpCEC8.tmp\rjsec049.ZIP", message = "rjsec049")~~RJStevensMusicPresentationCreator.Program~0000000254
2024-12-18 21:54:53.7968~DEBUG~-> ExtractAllFromFile(zipFileName = "C:\Users\cofc_\AppData\Local\Temp\tmpCEC8.tmp\rjsec049.ZIP", decompressedFolder = "C:\Users\cofc_\AppData\Local\Temp\tmpD0AD.tmp", message = "rjsec049")~~RJStevensMusicPresentationCreator.Program~0000000255
2024-12-18 21:54:54.0088~DEBUG~extract completed~~RJStevensMusicPresentationCreator.Program~0000000256
2024-12-18 21:54:54.0108~DEBUG~<- ExtractAllFromFile(zipFileName = "C:\Users\cofc_\AppData\Local\Temp\tmpCEC8.tmp\rjsec049.ZIP", decompressedFolder = "C:\Users\cofc_\AppData\Local\Temp\tmpD0AD.tmp", message = "rjsec049")~~RJStevensMusicPresentationCreator.Program~0000000257
2024-12-18 21:54:54.0678~DEBUG~-> DownloadFile(url = "https://faas-nyc1-2ef2e6cc.doserverless.co/api/v1/web/fn-dd7f8f6a-d32a-4f5e-ae7b-870dfb7963f3/downloads/bundle?id=000000000000059", filename = "C:\Users\cofc_\AppData\Local\Temp\tmpD1B8.tmp\rjsec053.ZIP", message = "rjsec053")~~RJStevensMusicPresentationCreator.Program~0000000258
2024-12-18 21:54:54.8442~DEBUG~download completed~~RJStevensMusicPresentationCreator.Program~0000000259
2024-12-18 21:54:54.8442~DEBUG~<- DownloadFile(url = "https://faas-nyc1-2ef2e6cc.doserverless.co/api/v1/web/fn-dd7f8f6a-d32a-4f5e-ae7b-870dfb7963f3/downloads/bundle?id=000000000000059", filename = "C:\Users\cofc_\AppData\Local\Temp\tmpD1B8.tmp\rjsec053.ZIP", message = "rjsec053")~~RJStevensMusicPresentationCreator.Program~0000000260
2024-12-18 21:54:54.8612~DEBUG~-> ExtractAllFromFile(zipFileName = "C:\Users\cofc_\AppData\Local\Temp\tmpD1B8.tmp\rjsec053.ZIP", decompressedFolder = "C:\Users\cofc_\AppData\Local\Temp\tmpD4D6.tmp", message = "rjsec053")~~RJStevensMusicPresentationCreator.Program~0000000261
2024-12-18 21:54:55.0852~DEBUG~extract completed~~RJStevensMusicPresentationCreator.Program~0000000262
2024-12-18 21:54:55.0852~DEBUG~<- ExtractAllFromFile(zipFileName = "C:\Users\cofc_\AppData\Local\Temp\tmpD1B8.tmp\rjsec053.ZIP", decompressedFolder = "C:\Users\cofc_\AppData\Local\Temp\tmpD4D6.tmp", message = "rjsec053")~~RJStevensMusicPresentationCreator.Program~0000000263
2024-12-18 21:54:55.1472~DEBUG~-> DownloadFile(url = "https://faas-nyc1-2ef2e6cc.doserverless.co/api/v1/web/fn-dd7f8f6a-d32a-4f5e-ae7b-870dfb7963f3/downloads/bundle?id=000000000000060", filename = "C:\Users\cofc_\AppData\Local\Temp\tmpD5F0.tmp\rjsec054.ZIP", message = "rjsec054")~~RJStevensMusicPresentationCreator.Program~0000000264
2024-12-18 21:54:55.9160~DEBUG~download completed~~RJStevensMusicPresentationCreator.Program~0000000265
2024-12-18 21:54:55.9160~DEBUG~<- DownloadFile(url = "https://faas-nyc1-2ef2e6cc.doserverless.co/api/v1/web/fn-dd7f8f6a-d32a-4f5e-ae7b-870dfb7963f3/downloads/bundle?id=000000000000060", filename = "C:\Users\cofc_\AppData\Local\Temp\tmpD5F0.tmp\rjsec054.ZIP", message = "rjsec054")~~RJStevensMusicPresentationCreator.Program~0000000266
2024-12-18 21:54:55.9330~DEBUG~-> ExtractAllFromFile(zipFileName = "C:\Users\cofc_\AppData\Local\Temp\tmpD5F0.tmp\rjsec054.ZIP", decompressedFolder = "C:\Users\cofc_\AppData\Local\Temp\tmpD90E.tmp", message = "rjsec054")~~RJStevensMusicPresentationCreator.Program~0000000267
2024-12-18 21:54:56.1910~DEBUG~extract completed~~RJStevensMusicPresentationCreator.Program~0000000268
2024-12-18 21:54:56.1910~DEBUG~<- ExtractAllFromFile(zipFileName = "C:\Users\cofc_\AppData\Local\Temp\tmpD5F0.tmp\rjsec054.ZIP", decompressedFolder = "C:\Users\cofc_\AppData\Local\Temp\tmpD90E.tmp", message = "rjsec054")~~RJStevensMusicPresentationCreator.Program~0000000269
2024-12-18 21:54:56.2590~DEBUG~-> DownloadFile(url = "https://faas-nyc1-2ef2e6cc.doserverless.co/api/v1/web/fn-dd7f8f6a-d32a-4f5e-ae7b-870dfb7963f3/downloads/bundle?id=000000000000061", filename = "C:\Users\cofc_\AppData\Local\Temp\tmpDA47.tmp\rjsec055.ZIP", message = "rjsec055")~~RJStevensMusicPresentationCreator.Program~0000000270
2024-12-18 21:54:57.0240~DEBUG~download completed~~RJStevensMusicPresentationCreator.Program~0000000271
2024-12-18 21:54:57.0250~DEBUG~<- DownloadFile(url = "https://faas-nyc1-2ef2e6cc.doserverless.co/api/v1/web/fn-dd7f8f6a-d32a-4f5e-ae7b-870dfb7963f3/downloads/bundle?id=000000000000061", filename = "C:\Users\cofc_\AppData\Local\Temp\tmpDA47.tmp\rjsec055.ZIP", message = "rjsec055")~~RJStevensMusicPresentationCreator.Program~0000000272
2024-12-18 21:54:57.0250~DEBUG~-> ExtractAllFromFile(zipFileName = "C:\Users\cofc_\AppData\Local\Temp\tmpDA47.tmp\rjsec055.ZIP", decompressedFolder = "C:\Users\cofc_\AppData\Local\Temp\tmpDD56.tmp", message = "rjsec055")~~RJStevensMusicPresentationCreator.Program~0000000273
2024-12-18 21:54:57.1437~DEBUG~extract completed~~RJStevensMusicPresentationCreator.Program~0000000274
2024-12-18 21:54:57.1437~DEBUG~<- ExtractAllFromFile(zipFileName = "C:\Users\cofc_\AppData\Local\Temp\tmpDA47.tmp\rjsec055.ZIP", decompressedFolder = "C:\Users\cofc_\AppData\Local\Temp\tmpDD56.tmp", message = "rjsec055")~~RJStevensMusicPresentationCreator.Program~0000000275
2024-12-18 21:54:57.1868~DEBUG~-> DownloadFile(url = "https://faas-nyc1-2ef2e6cc.doserverless.co/api/v1/web/fn-dd7f8f6a-d32a-4f5e-ae7b-870dfb7963f3/downloads/bundle?id=000000000000062", filename = "C:\Users\cofc_\AppData\Local\Temp\tmpDDF3.tmp\rjsec056.ZIP", message = "rjsec056")~~RJStevensMusicPresentationCreator.Program~0000000276
2024-12-18 21:54:57.6778~DEBUG~download completed~~RJStevensMusicPresentationCreator.Program~0000000277
2024-12-18 21:54:57.6778~DEBUG~<- DownloadFile(url = "https://faas-nyc1-2ef2e6cc.doserverless.co/api/v1/web/fn-dd7f8f6a-d32a-4f5e-ae7b-870dfb7963f3/downloads/bundle?id=000000000000062", filename = "C:\Users\cofc_\AppData\Local\Temp\tmpDDF3.tmp\rjsec056.ZIP", message = "rjsec056")~~RJStevensMusicPresentationCreator.Program~0000000278
2024-12-18 21:54:57.6958~DEBUG~-> ExtractAllFromFile(zipFileName = "C:\Users\cofc_\AppData\Local\Temp\tmpDDF3.tmp\rjsec056.ZIP", decompressedFolder = "C:\Users\cofc_\AppData\Local\Temp\tmpDFE8.tmp", message = "rjsec056")~~RJStevensMusicPresentationCreator.Program~0000000279
2024-12-18 21:54:58.0591~DEBUG~extract completed~~RJStevensMusicPresentationCreator.Program~0000000280
2024-12-18 21:54:58.0591~DEBUG~<- ExtractAllFromFile(zipFileName = "C:\Users\cofc_\AppData\Local\Temp\tmpDDF3.tmp\rjsec056.ZIP", decompressedFolder = "C:\Users\cofc_\AppData\Local\Temp\tmpDFE8.tmp", message = "rjsec056")~~RJStevensMusicPresentationCreator.Program~0000000281
2024-12-18 21:54:58.1461~DEBUG~-> DownloadFile(url = "https://faas-nyc1-2ef2e6cc.doserverless.co/api/v1/web/fn-dd7f8f6a-d32a-4f5e-ae7b-870dfb7963f3/downloads/bundle?id=000000000000063", filename = "C:\Users\cofc_\AppData\Local\Temp\tmpE1AE.tmp\rjsec057.ZIP", message = "rjsec057")~~RJStevensMusicPresentationCreator.Program~0000000282
2024-12-18 21:54:58.5961~DEBUG~download completed~~RJStevensMusicPresentationCreator.Program~0000000283
2024-12-18 21:54:58.5961~DEBUG~<- DownloadFile(url = "https://faas-nyc1-2ef2e6cc.doserverless.co/api/v1/web/fn-dd7f8f6a-d32a-4f5e-ae7b-870dfb7963f3/downloads/bundle?id=000000000000063", filename = "C:\Users\cofc_\AppData\Local\Temp\tmpE1AE.tmp\rjsec057.ZIP", message = "rjsec057")~~RJStevensMusicPresentationCreator.Program~0000000284
2024-12-18 21:54:58.6131~DEBUG~-> ExtractAllFromFile(zipFileName = "C:\Users\cofc_\AppData\Local\Temp\tmpE1AE.tmp\rjsec057.ZIP", decompressedFolder = "C:\Users\cofc_\AppData\Local\Temp\tmpE384.tmp", message = "rjsec057")~~RJStevensMusicPresentationCreator.Program~0000000285
2024-12-18 21:54:58.8102~DEBUG~extract completed~~RJStevensMusicPresentationCreator.Program~0000000286
2024-12-18 21:54:58.8102~DEBUG~<- ExtractAllFromFile(zipFileName = "C:\Users\cofc_\AppData\Local\Temp\tmpE1AE.tmp\rjsec057.ZIP", decompressedFolder = "C:\Users\cofc_\AppData\Local\Temp\tmpE384.tmp", message = "rjsec057")~~RJStevensMusicPresentationCreator.Program~0000000287
2024-12-18 21:54:58.8671~DEBUG~-> DownloadFile(url = "https://faas-nyc1-2ef2e6cc.doserverless.co/api/v1/web/fn-dd7f8f6a-d32a-4f5e-ae7b-870dfb7963f3/downloads/bundle?id=000000000000065", filename = "C:\Users\cofc_\AppData\Local\Temp\tmpE47F.tmp\rjsec059.ZIP", message = "rjsec059")~~RJStevensMusicPresentationCreator.Program~0000000288
2024-12-18 21:54:59.3012~DEBUG~download completed~~RJStevensMusicPresentationCreator.Program~0000000289
2024-12-18 21:54:59.3012~DEBUG~<- DownloadFile(url = "https://faas-nyc1-2ef2e6cc.doserverless.co/api/v1/web/fn-dd7f8f6a-d32a-4f5e-ae7b-870dfb7963f3/downloads/bundle?id=000000000000065", filename = "C:\Users\cofc_\AppData\Local\Temp\tmpE47F.tmp\rjsec059.ZIP", message = "rjsec059")~~RJStevensMusicPresentationCreator.Program~0000000290
2024-12-18 21:54:59.3162~DEBUG~-> ExtractAllFromFile(zipFileName = "C:\Users\cofc_\AppData\Local\Temp\tmpE47F.tmp\rjsec059.ZIP", decompressedFolder = "C:\Users\cofc_\AppData\Local\Temp\tmpE645.tmp", message = "rjsec059")~~RJStevensMusicPresentationCreator.Program~0000000291
2024-12-18 21:54:59.5402~DEBUG~extract completed~~RJStevensMusicPresentationCreator.Program~0000000292
2024-12-18 21:54:59.5442~DEBUG~<- ExtractAllFromFile(zipFileName = "C:\Users\cofc_\AppData\Local\Temp\tmpE47F.tmp\rjsec059.ZIP", decompressedFolder = "C:\Users\cofc_\AppData\Local\Temp\tmpE645.tmp", message = "rjsec059")~~RJStevensMusicPresentationCreator.Program~0000000293
2024-12-18 21:54:59.5992~DEBUG~-> DownloadFile(url = "https://faas-nyc1-2ef2e6cc.doserverless.co/api/v1/web/fn-dd7f8f6a-d32a-4f5e-ae7b-870dfb7963f3/downloads/bundle?id=000000000000066", filename = "C:\Users\cofc_\AppData\Local\Temp\tmpE75F.tmp\rjsec060.ZIP", message = "rjsec060")~~RJStevensMusicPresentationCreator.Program~0000000294
2024-12-18 21:55:00.0732~DEBUG~download completed~~RJStevensMusicPresentationCreator.Program~0000000295
2024-12-18 21:55:00.0732~DEBUG~<- DownloadFile(url = "https://faas-nyc1-2ef2e6cc.doserverless.co/api/v1/web/fn-dd7f8f6a-d32a-4f5e-ae7b-870dfb7963f3/downloads/bundle?id=000000000000066", filename = "C:\Users\cofc_\AppData\Local\Temp\tmpE75F.tmp\rjsec060.ZIP", message = "rjsec060")~~RJStevensMusicPresentationCreator.Program~0000000296
2024-12-18 21:55:00.0902~DEBUG~-> ExtractAllFromFile(zipFileName = "C:\Users\cofc_\AppData\Local\Temp\tmpE75F.tmp\rjsec060.ZIP", decompressedFolder = "C:\Users\cofc_\AppData\Local\Temp\tmpE954.tmp", message = "rjsec060")~~RJStevensMusicPresentationCreator.Program~0000000297
2024-12-18 21:55:00.3542~DEBUG~extract completed~~RJStevensMusicPresentationCreator.Program~0000000298
2024-12-18 21:55:00.3542~DEBUG~<- ExtractAllFromFile(zipFileName = "C:\Users\cofc_\AppData\Local\Temp\tmpE75F.tmp\rjsec060.ZIP", decompressedFolder = "C:\Users\cofc_\AppData\Local\Temp\tmpE954.tmp", message = "rjsec060")~~RJStevensMusicPresentationCreator.Program~0000000299
2024-12-18 21:55:00.4262~DEBUG~-> DownloadFile(url = "https://faas-nyc1-2ef2e6cc.doserverless.co/api/v1/web/fn-dd7f8f6a-d32a-4f5e-ae7b-870dfb7963f3/downloads/bundle?id=000000000000067", filename = "C:\Users\cofc_\AppData\Local\Temp\tmpEA9D.tmp\rjsec061.ZIP", message = "rjsec061")~~RJStevensMusicPresentationCreator.Program~0000000300
2024-12-18 21:55:00.8778~DEBUG~download completed~~RJStevensMusicPresentationCreator.Program~0000000301
2024-12-18 21:55:00.8778~DEBUG~<- DownloadFile(url = "https://faas-nyc1-2ef2e6cc.doserverless.co/api/v1/web/fn-dd7f8f6a-d32a-4f5e-ae7b-870dfb7963f3/downloads/bundle?id=000000000000067", filename = "C:\Users\cofc_\AppData\Local\Temp\tmpEA9D.tmp\rjsec061.ZIP", message = "rjsec061")~~RJStevensMusicPresentationCreator.Program~0000000302
2024-12-18 21:55:00.8958~DEBUG~-> ExtractAllFromFile(zipFileName = "C:\Users\cofc_\AppData\Local\Temp\tmpEA9D.tmp\rjsec061.ZIP", decompressedFolder = "C:\Users\cofc_\AppData\Local\Temp\tmpEC73.tmp", message = "rjsec061")~~RJStevensMusicPresentationCreator.Program~0000000303
2024-12-18 21:55:01.1348~DEBUG~extract completed~~RJStevensMusicPresentationCreator.Program~0000000304
2024-12-18 21:55:01.1348~DEBUG~<- ExtractAllFromFile(zipFileName = "C:\Users\cofc_\AppData\Local\Temp\tmpEA9D.tmp\rjsec061.ZIP", decompressedFolder = "C:\Users\cofc_\AppData\Local\Temp\tmpEC73.tmp", message = "rjsec061")~~RJStevensMusicPresentationCreator.Program~0000000305
2024-12-18 21:55:01.2018~DEBUG~-> DownloadFile(url = "https://faas-nyc1-2ef2e6cc.doserverless.co/api/v1/web/fn-dd7f8f6a-d32a-4f5e-ae7b-870dfb7963f3/downloads/bundle?id=000000000000068", filename = "C:\Users\cofc_\AppData\Local\Temp\tmpEDAD.tmp\rjsec062.ZIP", message = "rjsec062")~~RJStevensMusicPresentationCreator.Program~0000000306
2024-12-18 21:55:01.6798~DEBUG~download completed~~RJStevensMusicPresentationCreator.Program~0000000307
2024-12-18 21:55:01.6798~DEBUG~<- DownloadFile(url = "https://faas-nyc1-2ef2e6cc.doserverless.co/api/v1/web/fn-dd7f8f6a-d32a-4f5e-ae7b-870dfb7963f3/downloads/bundle?id=000000000000068", filename = "C:\Users\cofc_\AppData\Local\Temp\tmpEDAD.tmp\rjsec062.ZIP", message = "rjsec062")~~RJStevensMusicPresentationCreator.Program~0000000308
2024-12-18 21:55:01.6948~DEBUG~-> ExtractAllFromFile(zipFileName = "C:\Users\cofc_\AppData\Local\Temp\tmpEDAD.tmp\rjsec062.ZIP", decompressedFolder = "C:\Users\cofc_\AppData\Local\Temp\tmpEF92.tmp", message = "rjsec062")~~RJStevensMusicPresentationCreator.Program~0000000309
2024-12-18 21:55:01.9052~DEBUG~extract completed~~RJStevensMusicPresentationCreator.Program~0000000310
2024-12-18 21:55:01.9052~DEBUG~<- ExtractAllFromFile(zipFileName = "C:\Users\cofc_\AppData\Local\Temp\tmpEDAD.tmp\rjsec062.ZIP", decompressedFolder = "C:\Users\cofc_\AppData\Local\Temp\tmpEF92.tmp", message = "rjsec062")~~RJStevensMusicPresentationCreator.Program~0000000311
2024-12-18 21:55:01.9642~DEBUG~-> DownloadFile(url = "https://faas-nyc1-2ef2e6cc.doserverless.co/api/v1/web/fn-dd7f8f6a-d32a-4f5e-ae7b-870dfb7963f3/downloads/bundle?id=000000000000069", filename = "C:\Users\cofc_\AppData\Local\Temp\tmpF0AC.tmp\rjsec063.ZIP", message = "rjsec063")~~RJStevensMusicPresentationCreator.Program~0000000312
2024-12-18 21:55:02.3992~DEBUG~download completed~~RJStevensMusicPresentationCreator.Program~0000000313
2024-12-18 21:55:02.3992~DEBUG~<- DownloadFile(url = "https://faas-nyc1-2ef2e6cc.doserverless.co/api/v1/web/fn-dd7f8f6a-d32a-4f5e-ae7b-870dfb7963f3/downloads/bundle?id=000000000000069", filename = "C:\Users\cofc_\AppData\Local\Temp\tmpF0AC.tmp\rjsec063.ZIP", message = "rjsec063")~~RJStevensMusicPresentationCreator.Program~0000000314
2024-12-18 21:55:02.4152~DEBUG~-> ExtractAllFromFile(zipFileName = "C:\Users\cofc_\AppData\Local\Temp\tmpF0AC.tmp\rjsec063.ZIP", decompressedFolder = "C:\Users\cofc_\AppData\Local\Temp\tmpF263.tmp", message = "rjsec063")~~RJStevensMusicPresentationCreator.Program~0000000315
2024-12-18 21:55:02.6503~DEBUG~extract completed~~RJStevensMusicPresentationCreator.Program~0000000316
2024-12-18 21:55:02.6503~DEBUG~<- ExtractAllFromFile(zipFileName = "C:\Users\cofc_\AppData\Local\Temp\tmpF0AC.tmp\rjsec063.ZIP", decompressedFolder = "C:\Users\cofc_\AppData\Local\Temp\tmpF263.tmp", message = "rjsec063")~~RJStevensMusicPresentationCreator.Program~0000000317
2024-12-18 21:55:02.7162~DEBUG~-> DownloadFile(url = "https://faas-nyc1-2ef2e6cc.doserverless.co/api/v1/web/fn-dd7f8f6a-d32a-4f5e-ae7b-870dfb7963f3/downloads/bundle?id=000000000000071", filename = "C:\Users\cofc_\AppData\Local\Temp\tmpF39C.tmp\rjsec065.ZIP", message = "rjsec065")~~RJStevensMusicPresentationCreator.Program~0000000318
2024-12-18 21:55:03.1453~DEBUG~download completed~~RJStevensMusicPresentationCreator.Program~0000000319
2024-12-18 21:55:03.1453~DEBUG~<- DownloadFile(url = "https://faas-nyc1-2ef2e6cc.doserverless.co/api/v1/web/fn-dd7f8f6a-d32a-4f5e-ae7b-870dfb7963f3/downloads/bundle?id=000000000000071", filename = "C:\Users\cofc_\AppData\Local\Temp\tmpF39C.tmp\rjsec065.ZIP", message = "rjsec065")~~RJStevensMusicPresentationCreator.Program~0000000320
2024-12-18 21:55:03.1623~DEBUG~-> ExtractAllFromFile(zipFileName = "C:\Users\cofc_\AppData\Local\Temp\tmpF39C.tmp\rjsec065.ZIP", decompressedFolder = "C:\Users\cofc_\AppData\Local\Temp\tmpF553.tmp", message = "rjsec065")~~RJStevensMusicPresentationCreator.Program~0000000321
2024-12-18 21:55:03.3703~DEBUG~extract completed~~RJStevensMusicPresentationCreator.Program~0000000322
2024-12-18 21:55:03.3703~DEBUG~<- ExtractAllFromFile(zipFileName = "C:\Users\cofc_\AppData\Local\Temp\tmpF39C.tmp\rjsec065.ZIP", decompressedFolder = "C:\Users\cofc_\AppData\Local\Temp\tmpF553.tmp", message = "rjsec065")~~RJStevensMusicPresentationCreator.Program~0000000323
2024-12-18 21:55:03.4303~DEBUG~-> DownloadFile(url = "https://faas-nyc1-2ef2e6cc.doserverless.co/api/v1/web/fn-dd7f8f6a-d32a-4f5e-ae7b-870dfb7963f3/downloads/bundle?id=000000000000074", filename = "C:\Users\cofc_\AppData\Local\Temp\tmpF65D.tmp\rjsec068.ZIP", message = "rjsec068")~~RJStevensMusicPresentationCreator.Program~0000000324
2024-12-18 21:55:03.8473~DEBUG~download completed~~RJStevensMusicPresentationCreator.Program~0000000325
2024-12-18 21:55:03.8473~DEBUG~<- DownloadFile(url = "https://faas-nyc1-2ef2e6cc.doserverless.co/api/v1/web/fn-dd7f8f6a-d32a-4f5e-ae7b-870dfb7963f3/downloads/bundle?id=000000000000074", filename = "C:\Users\cofc_\AppData\Local\Temp\tmpF65D.tmp\rjsec068.ZIP", message = "rjsec068")~~RJStevensMusicPresentationCreator.Program~0000000326
2024-12-18 21:55:03.8603~DEBUG~-> ExtractAllFromFile(zipFileName = "C:\Users\cofc_\AppData\Local\Temp\tmpF65D.tmp\rjsec068.ZIP", decompressedFolder = "C:\Users\cofc_\AppData\Local\Temp\tmpF814.tmp", message = "rjsec068")~~RJStevensMusicPresentationCreator.Program~0000000327
2024-12-18 21:55:04.0622~DEBUG~extract completed~~RJStevensMusicPresentationCreator.Program~0000000328
2024-12-18 21:55:04.0622~DEBUG~<- ExtractAllFromFile(zipFileName = "C:\Users\cofc_\AppData\Local\Temp\tmpF65D.tmp\rjsec068.ZIP", decompressedFolder = "C:\Users\cofc_\AppData\Local\Temp\tmpF814.tmp", message = "rjsec068")~~RJStevensMusicPresentationCreator.Program~0000000329
2024-12-18 21:55:04.1203~DEBUG~-> DownloadFile(url = "https://faas-nyc1-2ef2e6cc.doserverless.co/api/v1/web/fn-dd7f8f6a-d32a-4f5e-ae7b-870dfb7963f3/downloads/bundle?id=000000000000075", filename = "C:\Users\cofc_\AppData\Local\Temp\tmpF91E.tmp\rjsec069.ZIP", message = "rjsec069")~~RJStevensMusicPresentationCreator.Program~0000000330
2024-12-18 21:55:04.5783~DEBUG~download completed~~RJStevensMusicPresentationCreator.Program~0000000331
2024-12-18 21:55:04.5783~DEBUG~<- DownloadFile(url = "https://faas-nyc1-2ef2e6cc.doserverless.co/api/v1/web/fn-dd7f8f6a-d32a-4f5e-ae7b-870dfb7963f3/downloads/bundle?id=000000000000075", filename = "C:\Users\cofc_\AppData\Local\Temp\tmpF91E.tmp\rjsec069.ZIP", message = "rjsec069")~~RJStevensMusicPresentationCreator.Program~0000000332
2024-12-18 21:55:04.5943~DEBUG~-> ExtractAllFromFile(zipFileName = "C:\Users\cofc_\AppData\Local\Temp\tmpF91E.tmp\rjsec069.ZIP", decompressedFolder = "C:\Users\cofc_\AppData\Local\Temp\tmpFAF4.tmp", message = "rjsec069")~~RJStevensMusicPresentationCreator.Program~0000000333
2024-12-18 21:55:04.8338~DEBUG~extract completed~~RJStevensMusicPresentationCreator.Program~0000000334
2024-12-18 21:55:04.8338~DEBUG~<- ExtractAllFromFile(zipFileName = "C:\Users\cofc_\AppData\Local\Temp\tmpF91E.tmp\rjsec069.ZIP", decompressedFolder = "C:\Users\cofc_\AppData\Local\Temp\tmpFAF4.tmp", message = "rjsec069")~~RJStevensMusicPresentationCreator.Program~0000000335
2024-12-18 21:55:04.9188~DEBUG~-> DownloadFile(url = "https://faas-nyc1-2ef2e6cc.doserverless.co/api/v1/web/fn-dd7f8f6a-d32a-4f5e-ae7b-870dfb7963f3/downloads/bundle?id=000000000000076", filename = "C:\Users\cofc_\AppData\Local\Temp\tmpFC2E.tmp\rjsec070.ZIP", message = "rjsec070")~~RJStevensMusicPresentationCreator.Program~0000000336
2024-12-18 21:55:05.3659~DEBUG~download completed~~RJStevensMusicPresentationCreator.Program~0000000337
2024-12-18 21:55:05.3659~DEBUG~<- DownloadFile(url = "https://faas-nyc1-2ef2e6cc.doserverless.co/api/v1/web/fn-dd7f8f6a-d32a-4f5e-ae7b-870dfb7963f3/downloads/bundle?id=000000000000076", filename = "C:\Users\cofc_\AppData\Local\Temp\tmpFC2E.tmp\rjsec070.ZIP", message = "rjsec070")~~RJStevensMusicPresentationCreator.Program~0000000338
2024-12-18 21:55:05.3809~DEBUG~-> ExtractAllFromFile(zipFileName = "C:\Users\cofc_\AppData\Local\Temp\tmpFC2E.tmp\rjsec070.ZIP", decompressedFolder = "C:\Users\cofc_\AppData\Local\Temp\tmpFE03.tmp", message = "rjsec070")~~RJStevensMusicPresentationCreator.Program~0000000339
2024-12-18 21:55:05.5707~DEBUG~extract completed~~RJStevensMusicPresentationCreator.Program~0000000340
2024-12-18 21:55:05.5747~DEBUG~<- ExtractAllFromFile(zipFileName = "C:\Users\cofc_\AppData\Local\Temp\tmpFC2E.tmp\rjsec070.ZIP", decompressedFolder = "C:\Users\cofc_\AppData\Local\Temp\tmpFE03.tmp", message = "rjsec070")~~RJStevensMusicPresentationCreator.Program~0000000341
2024-12-18 21:55:05.6267~DEBUG~-> DownloadFile(url = "https://faas-nyc1-2ef2e6cc.doserverless.co/api/v1/web/fn-dd7f8f6a-d32a-4f5e-ae7b-870dfb7963f3/downloads/bundle?id=000000000000079", filename = "C:\Users\cofc_\AppData\Local\Temp\tmpFEFE.tmp\rjsec073.ZIP", message = "rjsec073")~~RJStevensMusicPresentationCreator.Program~0000000342
2024-12-18 21:55:06.1297~DEBUG~download completed~~RJStevensMusicPresentationCreator.Program~0000000343
2024-12-18 21:55:06.1297~DEBUG~<- DownloadFile(url = "https://faas-nyc1-2ef2e6cc.doserverless.co/api/v1/web/fn-dd7f8f6a-d32a-4f5e-ae7b-870dfb7963f3/downloads/bundle?id=000000000000079", filename = "C:\Users\cofc_\AppData\Local\Temp\tmpFEFE.tmp\rjsec073.ZIP", message = "rjsec073")~~RJStevensMusicPresentationCreator.Program~0000000344
2024-12-18 21:55:06.1477~DEBUG~-> ExtractAllFromFile(zipFileName = "C:\Users\cofc_\AppData\Local\Temp\tmpFEFE.tmp\rjsec073.ZIP", decompressedFolder = "C:\Users\cofc_\AppData\Local\Temp\tmp103.tmp", message = "rjsec073")~~RJStevensMusicPresentationCreator.Program~0000000345
2024-12-18 21:55:06.3853~DEBUG~extract completed~~RJStevensMusicPresentationCreator.Program~0000000346
2024-12-18 21:55:06.3853~DEBUG~<- ExtractAllFromFile(zipFileName = "C:\Users\cofc_\AppData\Local\Temp\tmpFEFE.tmp\rjsec073.ZIP", decompressedFolder = "C:\Users\cofc_\AppData\Local\Temp\tmp103.tmp", message = "rjsec073")~~RJStevensMusicPresentationCreator.Program~0000000347
2024-12-18 21:55:06.4583~DEBUG~-> DownloadFile(url = "https://faas-nyc1-2ef2e6cc.doserverless.co/api/v1/web/fn-dd7f8f6a-d32a-4f5e-ae7b-870dfb7963f3/downloads/bundle?id=000000000000080", filename = "C:\Users\cofc_\AppData\Local\Temp\tmp23D.tmp\rjsec074.ZIP", message = "rjsec074")~~RJStevensMusicPresentationCreator.Program~0000000348
2024-12-18 21:55:06.8923~DEBUG~download completed~~RJStevensMusicPresentationCreator.Program~0000000349
2024-12-18 21:55:06.8923~DEBUG~<- DownloadFile(url = "https://faas-nyc1-2ef2e6cc.doserverless.co/api/v1/web/fn-dd7f8f6a-d32a-4f5e-ae7b-870dfb7963f3/downloads/bundle?id=000000000000080", filename = "C:\Users\cofc_\AppData\Local\Temp\tmp23D.tmp\rjsec074.ZIP", message = "rjsec074")~~RJStevensMusicPresentationCreator.Program~0000000350
2024-12-18 21:55:06.9093~DEBUG~-> ExtractAllFromFile(zipFileName = "C:\Users\cofc_\AppData\Local\Temp\tmp23D.tmp\rjsec074.ZIP", decompressedFolder = "C:\Users\cofc_\AppData\Local\Temp\tmp403.tmp", message = "rjsec074")~~RJStevensMusicPresentationCreator.Program~0000000351
2024-12-18 21:55:07.0838~DEBUG~extract completed~~RJStevensMusicPresentationCreator.Program~0000000352
2024-12-18 21:55:07.0838~DEBUG~<- ExtractAllFromFile(zipFileName = "C:\Users\cofc_\AppData\Local\Temp\tmp23D.tmp\rjsec074.ZIP", decompressedFolder = "C:\Users\cofc_\AppData\Local\Temp\tmp403.tmp", message = "rjsec074")~~RJStevensMusicPresentationCreator.Program~0000000353
2024-12-18 21:55:07.1348~DEBUG~-> DownloadFile(url = "https://faas-nyc1-2ef2e6cc.doserverless.co/api/v1/web/fn-dd7f8f6a-d32a-4f5e-ae7b-870dfb7963f3/downloads/bundle?id=000000000000081", filename = "C:\Users\cofc_\AppData\Local\Temp\tmp4DE.tmp\rjsec075.ZIP", message = "rjsec075")~~RJStevensMusicPresentationCreator.Program~0000000354
2024-12-18 21:55:07.5758~DEBUG~download completed~~RJStevensMusicPresentationCreator.Program~0000000355
2024-12-18 21:55:07.5758~DEBUG~<- DownloadFile(url = "https://faas-nyc1-2ef2e6cc.doserverless.co/api/v1/web/fn-dd7f8f6a-d32a-4f5e-ae7b-870dfb7963f3/downloads/bundle?id=000000000000081", filename = "C:\Users\cofc_\AppData\Local\Temp\tmp4DE.tmp\rjsec075.ZIP", message = "rjsec075")~~RJStevensMusicPresentationCreator.Program~0000000356
2024-12-18 21:55:07.5938~DEBUG~-> ExtractAllFromFile(zipFileName = "C:\Users\cofc_\AppData\Local\Temp\tmp4DE.tmp\rjsec075.ZIP", decompressedFolder = "C:\Users\cofc_\AppData\Local\Temp\tmp6B4.tmp", message = "rjsec075")~~RJStevensMusicPresentationCreator.Program~0000000357
2024-12-18 21:55:07.8228~DEBUG~extract completed~~RJStevensMusicPresentationCreator.Program~0000000358
2024-12-18 21:55:07.8228~DEBUG~<- ExtractAllFromFile(zipFileName = "C:\Users\cofc_\AppData\Local\Temp\tmp4DE.tmp\rjsec075.ZIP", decompressedFolder = "C:\Users\cofc_\AppData\Local\Temp\tmp6B4.tmp", message = "rjsec075")~~RJStevensMusicPresentationCreator.Program~0000000359
2024-12-18 21:55:07.8798~DEBUG~-> DownloadFile(url = "https://faas-nyc1-2ef2e6cc.doserverless.co/api/v1/web/fn-dd7f8f6a-d32a-4f5e-ae7b-870dfb7963f3/downloads/bundle?id=000000000000082", filename = "C:\Users\cofc_\AppData\Local\Temp\tmp7CE.tmp\rjsec076.ZIP", message = "rjsec076")~~RJStevensMusicPresentationCreator.Program~0000000360
2024-12-18 21:55:08.2838~DEBUG~download completed~~RJStevensMusicPresentationCreator.Program~0000000361
2024-12-18 21:55:08.2838~DEBUG~<- DownloadFile(url = "https://faas-nyc1-2ef2e6cc.doserverless.co/api/v1/web/fn-dd7f8f6a-d32a-4f5e-ae7b-870dfb7963f3/downloads/bundle?id=000000000000082", filename = "C:\Users\cofc_\AppData\Local\Temp\tmp7CE.tmp\rjsec076.ZIP", message = "rjsec076")~~RJStevensMusicPresentationCreator.Program~0000000362
2024-12-18 21:55:08.3019~DEBUG~-> ExtractAllFromFile(zipFileName = "C:\Users\cofc_\AppData\Local\Temp\tmp7CE.tmp\rjsec076.ZIP", decompressedFolder = "C:\Users\cofc_\AppData\Local\Temp\tmp975.tmp", message = "rjsec076")~~RJStevensMusicPresentationCreator.Program~0000000363
2024-12-18 21:55:08.4861~DEBUG~extract completed~~RJStevensMusicPresentationCreator.Program~0000000364
2024-12-18 21:55:08.4861~DEBUG~<- ExtractAllFromFile(zipFileName = "C:\Users\cofc_\AppData\Local\Temp\tmp7CE.tmp\rjsec076.ZIP", decompressedFolder = "C:\Users\cofc_\AppData\Local\Temp\tmp975.tmp", message = "rjsec076")~~RJStevensMusicPresentationCreator.Program~0000000365
2024-12-18 21:55:08.5471~DEBUG~-> DownloadFile(url = "https://faas-nyc1-2ef2e6cc.doserverless.co/api/v1/web/fn-dd7f8f6a-d32a-4f5e-ae7b-870dfb7963f3/downloads/bundle?id=000000000000083", filename = "C:\Users\cofc_\AppData\Local\Temp\tmpA70.tmp\rjsec077.ZIP", message = "rjsec077")~~RJStevensMusicPresentationCreator.Program~0000000366
2024-12-18 21:55:09.0238~DEBUG~download completed~~RJStevensMusicPresentationCreator.Program~0000000367
2024-12-18 21:55:09.0238~DEBUG~<- DownloadFile(url = "https://faas-nyc1-2ef2e6cc.doserverless.co/api/v1/web/fn-dd7f8f6a-d32a-4f5e-ae7b-870dfb7963f3/downloads/bundle?id=000000000000083", filename = "C:\Users\cofc_\AppData\Local\Temp\tmpA70.tmp\rjsec077.ZIP", message = "rjsec077")~~RJStevensMusicPresentationCreator.Program~0000000368
2024-12-18 21:55:09.0398~DEBUG~-> ExtractAllFromFile(zipFileName = "C:\Users\cofc_\AppData\Local\Temp\tmpA70.tmp\rjsec077.ZIP", decompressedFolder = "C:\Users\cofc_\AppData\Local\Temp\tmpC56.tmp", message = "rjsec077")~~RJStevensMusicPresentationCreator.Program~0000000369
2024-12-18 21:55:09.2828~DEBUG~extract completed~~RJStevensMusicPresentationCreator.Program~0000000370
2024-12-18 21:55:09.2828~DEBUG~<- ExtractAllFromFile(zipFileName = "C:\Users\cofc_\AppData\Local\Temp\tmpA70.tmp\rjsec077.ZIP", decompressedFolder = "C:\Users\cofc_\AppData\Local\Temp\tmpC56.tmp", message = "rjsec077")~~RJStevensMusicPresentationCreator.Program~0000000371
2024-12-18 21:55:09.3518~DEBUG~-> DownloadFile(url = "https://faas-nyc1-2ef2e6cc.doserverless.co/api/v1/web/fn-dd7f8f6a-d32a-4f5e-ae7b-870dfb7963f3/downloads/bundle?id=000000000000084", filename = "C:\Users\cofc_\AppData\Local\Temp\tmpD8F.tmp\rjsec078.ZIP", message = "rjsec078")~~RJStevensMusicPresentationCreator.Program~0000000372
2024-12-18 21:55:10.0488~DEBUG~download completed~~RJStevensMusicPresentationCreator.Program~0000000373
2024-12-18 21:55:10.0488~DEBUG~<- DownloadFile(url = "https://faas-nyc1-2ef2e6cc.doserverless.co/api/v1/web/fn-dd7f8f6a-d32a-4f5e-ae7b-870dfb7963f3/downloads/bundle?id=000000000000084", filename = "C:\Users\cofc_\AppData\Local\Temp\tmpD8F.tmp\rjsec078.ZIP", message = "rjsec078")~~RJStevensMusicPresentationCreator.Program~0000000374
2024-12-18 21:55:10.0658~DEBUG~-> ExtractAllFromFile(zipFileName = "C:\Users\cofc_\AppData\Local\Temp\tmpD8F.tmp\rjsec078.ZIP", decompressedFolder = "C:\Users\cofc_\AppData\Local\Temp\tmp105F.tmp", message = "rjsec078")~~RJStevensMusicPresentationCreator.Program~0000000375
2024-12-18 21:55:10.2734~DEBUG~extract completed~~RJStevensMusicPresentationCreator.Program~0000000376
2024-12-18 21:55:10.2754~DEBUG~<- ExtractAllFromFile(zipFileName = "C:\Users\cofc_\AppData\Local\Temp\tmpD8F.tmp\rjsec078.ZIP", decompressedFolder = "C:\Users\cofc_\AppData\Local\Temp\tmp105F.tmp", message = "rjsec078")~~RJStevensMusicPresentationCreator.Program~0000000377
2024-12-18 21:55:10.3294~DEBUG~-> DownloadFile(url = "https://faas-nyc1-2ef2e6cc.doserverless.co/api/v1/web/fn-dd7f8f6a-d32a-4f5e-ae7b-870dfb7963f3/downloads/bundle?id=000000000000085", filename = "C:\Users\cofc_\AppData\Local\Temp\tmp116A.tmp\rjsec079.ZIP", message = "rjsec079")~~RJStevensMusicPresentationCreator.Program~0000000378
2024-12-18 21:55:10.8444~DEBUG~download completed~~RJStevensMusicPresentationCreator.Program~0000000379
2024-12-18 21:55:10.8444~DEBUG~<- DownloadFile(url = "https://faas-nyc1-2ef2e6cc.doserverless.co/api/v1/web/fn-dd7f8f6a-d32a-4f5e-ae7b-870dfb7963f3/downloads/bundle?id=000000000000085", filename = "C:\Users\cofc_\AppData\Local\Temp\tmp116A.tmp\rjsec079.ZIP", message = "rjsec079")~~RJStevensMusicPresentationCreator.Program~0000000380
2024-12-18 21:55:10.8604~DEBUG~-> ExtractAllFromFile(zipFileName = "C:\Users\cofc_\AppData\Local\Temp\tmp116A.tmp\rjsec079.ZIP", decompressedFolder = "C:\Users\cofc_\AppData\Local\Temp\tmp137E.tmp", message = "rjsec079")~~RJStevensMusicPresentationCreator.Program~0000000381
2024-12-18 21:55:11.1118~DEBUG~extract completed~~RJStevensMusicPresentationCreator.Program~0000000382
2024-12-18 21:55:11.1118~DEBUG~<- ExtractAllFromFile(zipFileName = "C:\Users\cofc_\AppData\Local\Temp\tmp116A.tmp\rjsec079.ZIP", decompressedFolder = "C:\Users\cofc_\AppData\Local\Temp\tmp137E.tmp", message = "rjsec079")~~RJStevensMusicPresentationCreator.Program~0000000383
2024-12-18 21:55:11.1758~DEBUG~-> DownloadFile(url = "https://faas-nyc1-2ef2e6cc.doserverless.co/api/v1/web/fn-dd7f8f6a-d32a-4f5e-ae7b-870dfb7963f3/downloads/bundle?id=000000000000086", filename = "C:\Users\cofc_\AppData\Local\Temp\tmp14B7.tmp\rjsec080.ZIP", message = "rjsec080")~~RJStevensMusicPresentationCreator.Program~0000000384
2024-12-18 21:55:11.6009~DEBUG~download completed~~RJStevensMusicPresentationCreator.Program~0000000385
2024-12-18 21:55:11.6009~DEBUG~<- DownloadFile(url = "https://faas-nyc1-2ef2e6cc.doserverless.co/api/v1/web/fn-dd7f8f6a-d32a-4f5e-ae7b-870dfb7963f3/downloads/bundle?id=000000000000086", filename = "C:\Users\cofc_\AppData\Local\Temp\tmp14B7.tmp\rjsec080.ZIP", message = "rjsec080")~~RJStevensMusicPresentationCreator.Program~0000000386
2024-12-18 21:55:11.6149~DEBUG~-> ExtractAllFromFile(zipFileName = "C:\Users\cofc_\AppData\Local\Temp\tmp14B7.tmp\rjsec080.ZIP", decompressedFolder = "C:\Users\cofc_\AppData\Local\Temp\tmp166E.tmp", message = "rjsec080")~~RJStevensMusicPresentationCreator.Program~0000000387
2024-12-18 21:55:11.8350~DEBUG~extract completed~~RJStevensMusicPresentationCreator.Program~0000000388
2024-12-18 21:55:11.8380~DEBUG~<- ExtractAllFromFile(zipFileName = "C:\Users\cofc_\AppData\Local\Temp\tmp14B7.tmp\rjsec080.ZIP", decompressedFolder = "C:\Users\cofc_\AppData\Local\Temp\tmp166E.tmp", message = "rjsec080")~~RJStevensMusicPresentationCreator.Program~0000000389
2024-12-18 21:55:11.8960~DEBUG~-> DownloadFile(url = "https://faas-nyc1-2ef2e6cc.doserverless.co/api/v1/web/fn-dd7f8f6a-d32a-4f5e-ae7b-870dfb7963f3/downloads/bundle?id=000000000000087", filename = "C:\Users\cofc_\AppData\Local\Temp\tmp1788.tmp\rjsec081.ZIP", message = "rjsec081")~~RJStevensMusicPresentationCreator.Program~0000000390
2024-12-18 21:55:12.3441~DEBUG~download completed~~RJStevensMusicPresentationCreator.Program~0000000391
2024-12-18 21:55:12.3441~DEBUG~<- DownloadFile(url = "https://faas-nyc1-2ef2e6cc.doserverless.co/api/v1/web/fn-dd7f8f6a-d32a-4f5e-ae7b-870dfb7963f3/downloads/bundle?id=000000000000087", filename = "C:\Users\cofc_\AppData\Local\Temp\tmp1788.tmp\rjsec081.ZIP", message = "rjsec081")~~RJStevensMusicPresentationCreator.Program~0000000392
2024-12-18 21:55:12.3591~DEBUG~-> ExtractAllFromFile(zipFileName = "C:\Users\cofc_\AppData\Local\Temp\tmp1788.tmp\rjsec081.ZIP", decompressedFolder = "C:\Users\cofc_\AppData\Local\Temp\tmp195E.tmp", message = "rjsec081")~~RJStevensMusicPresentationCreator.Program~0000000393
2024-12-18 21:55:12.5824~DEBUG~extract completed~~RJStevensMusicPresentationCreator.Program~0000000394
2024-12-18 21:55:12.5824~DEBUG~<- ExtractAllFromFile(zipFileName = "C:\Users\cofc_\AppData\Local\Temp\tmp1788.tmp\rjsec081.ZIP", decompressedFolder = "C:\Users\cofc_\AppData\Local\Temp\tmp195E.tmp", message = "rjsec081")~~RJStevensMusicPresentationCreator.Program~0000000395
2024-12-18 21:55:12.6434~DEBUG~-> DownloadFile(url = "https://faas-nyc1-2ef2e6cc.doserverless.co/api/v1/web/fn-dd7f8f6a-d32a-4f5e-ae7b-870dfb7963f3/downloads/bundle?id=000000000000089", filename = "C:\Users\cofc_\AppData\Local\Temp\tmp1A78.tmp\rjsec083.ZIP", message = "rjsec083")~~RJStevensMusicPresentationCreator.Program~0000000396
2024-12-18 21:55:13.0964~DEBUG~download completed~~RJStevensMusicPresentationCreator.Program~0000000397
2024-12-18 21:55:13.0964~DEBUG~<- DownloadFile(url = "https://faas-nyc1-2ef2e6cc.doserverless.co/api/v1/web/fn-dd7f8f6a-d32a-4f5e-ae7b-870dfb7963f3/downloads/bundle?id=000000000000089", filename = "C:\Users\cofc_\AppData\Local\Temp\tmp1A78.tmp\rjsec083.ZIP", message = "rjsec083")~~RJStevensMusicPresentationCreator.Program~0000000398
2024-12-18 21:55:13.1114~DEBUG~-> ExtractAllFromFile(zipFileName = "C:\Users\cofc_\AppData\Local\Temp\tmp1A78.tmp\rjsec083.ZIP", decompressedFolder = "C:\Users\cofc_\AppData\Local\Temp\tmp1C4E.tmp", message = "rjsec083")~~RJStevensMusicPresentationCreator.Program~0000000399
2024-12-18 21:55:13.3074~DEBUG~extract completed~~RJStevensMusicPresentationCreator.Program~0000000400
2024-12-18 21:55:13.3074~DEBUG~<- ExtractAllFromFile(zipFileName = "C:\Users\cofc_\AppData\Local\Temp\tmp1A78.tmp\rjsec083.ZIP", decompressedFolder = "C:\Users\cofc_\AppData\Local\Temp\tmp1C4E.tmp", message = "rjsec083")~~RJStevensMusicPresentationCreator.Program~0000000401
2024-12-18 21:55:13.3734~DEBUG~-> DownloadFile(url = "https://faas-nyc1-2ef2e6cc.doserverless.co/api/v1/web/fn-dd7f8f6a-d32a-4f5e-ae7b-870dfb7963f3/downloads/bundle?id=000000000000090", filename = "C:\Users\cofc_\AppData\Local\Temp\tmp1D58.tmp\rjsec084.ZIP", message = "rjsec084")~~RJStevensMusicPresentationCreator.Program~0000000402
2024-12-18 21:55:14.1295~DEBUG~download completed~~RJStevensMusicPresentationCreator.Program~0000000403
2024-12-18 21:55:14.1295~DEBUG~<- DownloadFile(url = "https://faas-nyc1-2ef2e6cc.doserverless.co/api/v1/web/fn-dd7f8f6a-d32a-4f5e-ae7b-870dfb7963f3/downloads/bundle?id=000000000000090", filename = "C:\Users\cofc_\AppData\Local\Temp\tmp1D58.tmp\rjsec084.ZIP", message = "rjsec084")~~RJStevensMusicPresentationCreator.Program~0000000404
2024-12-18 21:55:14.1435~DEBUG~-> ExtractAllFromFile(zipFileName = "C:\Users\cofc_\AppData\Local\Temp\tmp1D58.tmp\rjsec084.ZIP", decompressedFolder = "C:\Users\cofc_\AppData\Local\Temp\tmp2057.tmp", message = "rjsec084")~~RJStevensMusicPresentationCreator.Program~0000000405
2024-12-18 21:55:14.3417~DEBUG~extract completed~~RJStevensMusicPresentationCreator.Program~0000000406
2024-12-18 21:55:14.3417~DEBUG~<- ExtractAllFromFile(zipFileName = "C:\Users\cofc_\AppData\Local\Temp\tmp1D58.tmp\rjsec084.ZIP", decompressedFolder = "C:\Users\cofc_\AppData\Local\Temp\tmp2057.tmp", message = "rjsec084")~~RJStevensMusicPresentationCreator.Program~0000000407
2024-12-18 21:55:14.3947~DEBUG~-> DownloadFile(url = "https://faas-nyc1-2ef2e6cc.doserverless.co/api/v1/web/fn-dd7f8f6a-d32a-4f5e-ae7b-870dfb7963f3/downloads/bundle?id=000000000000091", filename = "C:\Users\cofc_\AppData\Local\Temp\tmp2152.tmp\rjsec085.ZIP", message = "rjsec085")~~RJStevensMusicPresentationCreator.Program~0000000408
2024-12-18 21:55:14.9237~DEBUG~download completed~~RJStevensMusicPresentationCreator.Program~0000000409
2024-12-18 21:55:14.9237~DEBUG~<- DownloadFile(url = "https://faas-nyc1-2ef2e6cc.doserverless.co/api/v1/web/fn-dd7f8f6a-d32a-4f5e-ae7b-870dfb7963f3/downloads/bundle?id=000000000000091", filename = "C:\Users\cofc_\AppData\Local\Temp\tmp2152.tmp\rjsec085.ZIP", message = "rjsec085")~~RJStevensMusicPresentationCreator.Program~0000000410
2024-12-18 21:55:14.9427~DEBUG~-> ExtractAllFromFile(zipFileName = "C:\Users\cofc_\AppData\Local\Temp\tmp2152.tmp\rjsec085.ZIP", decompressedFolder = "C:\Users\cofc_\AppData\Local\Temp\tmp2376.tmp", message = "rjsec085")~~RJStevensMusicPresentationCreator.Program~0000000411
2024-12-18 21:55:15.2116~DEBUG~extract completed~~RJStevensMusicPresentationCreator.Program~0000000412
2024-12-18 21:55:15.2156~DEBUG~<- ExtractAllFromFile(zipFileName = "C:\Users\cofc_\AppData\Local\Temp\tmp2152.tmp\rjsec085.ZIP", decompressedFolder = "C:\Users\cofc_\AppData\Local\Temp\tmp2376.tmp", message = "rjsec085")~~RJStevensMusicPresentationCreator.Program~0000000413
2024-12-18 21:55:15.2866~DEBUG~-> DownloadFile(url = "https://faas-nyc1-2ef2e6cc.doserverless.co/api/v1/web/fn-dd7f8f6a-d32a-4f5e-ae7b-870dfb7963f3/downloads/bundle?id=000000000000093", filename = "C:\Users\cofc_\AppData\Local\Temp\tmp24CF.tmp\rjsec087.ZIP", message = "rjsec087")~~RJStevensMusicPresentationCreator.Program~0000000414
2024-12-18 21:55:15.7948~DEBUG~download completed~~RJStevensMusicPresentationCreator.Program~0000000415
2024-12-18 21:55:15.7948~DEBUG~<- DownloadFile(url = "https://faas-nyc1-2ef2e6cc.doserverless.co/api/v1/web/fn-dd7f8f6a-d32a-4f5e-ae7b-870dfb7963f3/downloads/bundle?id=000000000000093", filename = "C:\Users\cofc_\AppData\Local\Temp\tmp24CF.tmp\rjsec087.ZIP", message = "rjsec087")~~RJStevensMusicPresentationCreator.Program~0000000416
2024-12-18 21:55:15.8098~DEBUG~-> ExtractAllFromFile(zipFileName = "C:\Users\cofc_\AppData\Local\Temp\tmp24CF.tmp\rjsec087.ZIP", decompressedFolder = "C:\Users\cofc_\AppData\Local\Temp\tmp26E3.tmp", message = "rjsec087")~~RJStevensMusicPresentationCreator.Program~0000000417
2024-12-18 21:55:16.1077~DEBUG~extract completed~~RJStevensMusicPresentationCreator.Program~0000000418
2024-12-18 21:55:16.1077~DEBUG~<- ExtractAllFromFile(zipFileName = "C:\Users\cofc_\AppData\Local\Temp\tmp24CF.tmp\rjsec087.ZIP", decompressedFolder = "C:\Users\cofc_\AppData\Local\Temp\tmp26E3.tmp", message = "rjsec087")~~RJStevensMusicPresentationCreator.Program~0000000419
2024-12-18 21:55:16.1837~DEBUG~-> DownloadFile(url = "https://faas-nyc1-2ef2e6cc.doserverless.co/api/v1/web/fn-dd7f8f6a-d32a-4f5e-ae7b-870dfb7963f3/downloads/bundle?id=000000000000095", filename = "C:\Users\cofc_\AppData\Local\Temp\tmp285B.tmp\rjsec089.ZIP", message = "rjsec089")~~RJStevensMusicPresentationCreator.Program~0000000420
2024-12-18 21:55:16.6867~DEBUG~download completed~~RJStevensMusicPresentationCreator.Program~0000000421
2024-12-18 21:55:16.6867~DEBUG~<- DownloadFile(url = "https://faas-nyc1-2ef2e6cc.doserverless.co/api/v1/web/fn-dd7f8f6a-d32a-4f5e-ae7b-870dfb7963f3/downloads/bundle?id=000000000000095", filename = "C:\Users\cofc_\AppData\Local\Temp\tmp285B.tmp\rjsec089.ZIP", message = "rjsec089")~~RJStevensMusicPresentationCreator.Program~0000000422
2024-12-18 21:55:16.7067~DEBUG~-> ExtractAllFromFile(zipFileName = "C:\Users\cofc_\AppData\Local\Temp\tmp285B.tmp\rjsec089.ZIP", decompressedFolder = "C:\Users\cofc_\AppData\Local\Temp\tmp2A60.tmp", message = "rjsec089")~~RJStevensMusicPresentationCreator.Program~0000000423
2024-12-18 21:55:16.9208~DEBUG~extract completed~~RJStevensMusicPresentationCreator.Program~0000000424
2024-12-18 21:55:16.9208~DEBUG~<- ExtractAllFromFile(zipFileName = "C:\Users\cofc_\AppData\Local\Temp\tmp285B.tmp\rjsec089.ZIP", decompressedFolder = "C:\Users\cofc_\AppData\Local\Temp\tmp2A60.tmp", message = "rjsec089")~~RJStevensMusicPresentationCreator.Program~0000000425
2024-12-18 21:55:16.9859~DEBUG~-> DownloadFile(url = "https://faas-nyc1-2ef2e6cc.doserverless.co/api/v1/web/fn-dd7f8f6a-d32a-4f5e-ae7b-870dfb7963f3/downloads/bundle?id=000000000000098", filename = "C:\Users\cofc_\AppData\Local\Temp\tmp2B7A.tmp\rjsec092.ZIP", message = "rjsec092")~~RJStevensMusicPresentationCreator.Program~0000000426
2024-12-18 21:55:17.4399~DEBUG~download completed~~RJStevensMusicPresentationCreator.Program~0000000427
2024-12-18 21:55:17.4399~DEBUG~<- DownloadFile(url = "https://faas-nyc1-2ef2e6cc.doserverless.co/api/v1/web/fn-dd7f8f6a-d32a-4f5e-ae7b-870dfb7963f3/downloads/bundle?id=000000000000098", filename = "C:\Users\cofc_\AppData\Local\Temp\tmp2B7A.tmp\rjsec092.ZIP", message = "rjsec092")~~RJStevensMusicPresentationCreator.Program~0000000428
2024-12-18 21:55:17.4549~DEBUG~-> ExtractAllFromFile(zipFileName = "C:\Users\cofc_\AppData\Local\Temp\tmp2B7A.tmp\rjsec092.ZIP", decompressedFolder = "C:\Users\cofc_\AppData\Local\Temp\tmp2D50.tmp", message = "rjsec092")~~RJStevensMusicPresentationCreator.Program~0000000429
2024-12-18 21:55:17.6629~DEBUG~extract completed~~RJStevensMusicPresentationCreator.Program~0000000430
2024-12-18 21:55:17.6669~DEBUG~<- ExtractAllFromFile(zipFileName = "C:\Users\cofc_\AppData\Local\Temp\tmp2B7A.tmp\rjsec092.ZIP", decompressedFolder = "C:\Users\cofc_\AppData\Local\Temp\tmp2D50.tmp", message = "rjsec092")~~RJStevensMusicPresentationCreator.Program~0000000431
2024-12-18 21:55:17.7239~DEBUG~-> DownloadFile(url = "https://faas-nyc1-2ef2e6cc.doserverless.co/api/v1/web/fn-dd7f8f6a-d32a-4f5e-ae7b-870dfb7963f3/downloads/bundle?id=000000000000099", filename = "C:\Users\cofc_\AppData\Local\Temp\tmp2E5A.tmp\rjsec092.15.ZIP", message = "rjsec092.15")~~RJStevensMusicPresentationCreator.Program~0000000432
2024-12-18 21:55:18.1539~DEBUG~download completed~~RJStevensMusicPresentationCreator.Program~0000000433
2024-12-18 21:55:18.1539~DEBUG~<- DownloadFile(url = "https://faas-nyc1-2ef2e6cc.doserverless.co/api/v1/web/fn-dd7f8f6a-d32a-4f5e-ae7b-870dfb7963f3/downloads/bundle?id=000000000000099", filename = "C:\Users\cofc_\AppData\Local\Temp\tmp2E5A.tmp\rjsec092.15.ZIP", message = "rjsec092.15")~~RJStevensMusicPresentationCreator.Program~0000000434
2024-12-18 21:55:18.1719~DEBUG~-> ExtractAllFromFile(zipFileName = "C:\Users\cofc_\AppData\Local\Temp\tmp2E5A.tmp\rjsec092.15.ZIP", decompressedFolder = "C:\Users\cofc_\AppData\Local\Temp\tmp3020.tmp", message = "rjsec092.15")~~RJStevensMusicPresentationCreator.Program~0000000435
2024-12-18 21:55:18.3980~DEBUG~extract completed~~RJStevensMusicPresentationCreator.Program~0000000436
2024-12-18 21:55:18.4020~DEBUG~<- ExtractAllFromFile(zipFileName = "C:\Users\cofc_\AppData\Local\Temp\tmp2E5A.tmp\rjsec092.15.ZIP", decompressedFolder = "C:\Users\cofc_\AppData\Local\Temp\tmp3020.tmp", message = "rjsec092.15")~~RJStevensMusicPresentationCreator.Program~0000000437
2024-12-18 21:55:18.4660~DEBUG~-> DownloadFile(url = "https://faas-nyc1-2ef2e6cc.doserverless.co/api/v1/web/fn-dd7f8f6a-d32a-4f5e-ae7b-870dfb7963f3/downloads/bundle?id=000000000000101", filename = "C:\Users\cofc_\AppData\Local\Temp\tmp314A.tmp\rjsec094.ZIP", message = "rjsec094")~~RJStevensMusicPresentationCreator.Program~0000000438
2024-12-18 21:55:18.9190~DEBUG~download completed~~RJStevensMusicPresentationCreator.Program~0000000439
2024-12-18 21:55:18.9190~DEBUG~<- DownloadFile(url = "https://faas-nyc1-2ef2e6cc.doserverless.co/api/v1/web/fn-dd7f8f6a-d32a-4f5e-ae7b-870dfb7963f3/downloads/bundle?id=000000000000101", filename = "C:\Users\cofc_\AppData\Local\Temp\tmp314A.tmp\rjsec094.ZIP", message = "rjsec094")~~RJStevensMusicPresentationCreator.Program~0000000440
2024-12-18 21:55:18.9340~DEBUG~-> ExtractAllFromFile(zipFileName = "C:\Users\cofc_\AppData\Local\Temp\tmp314A.tmp\rjsec094.ZIP", decompressedFolder = "C:\Users\cofc_\AppData\Local\Temp\tmp3320.tmp", message = "rjsec094")~~RJStevensMusicPresentationCreator.Program~0000000441
2024-12-18 21:55:19.1426~DEBUG~extract completed~~RJStevensMusicPresentationCreator.Program~0000000442
2024-12-18 21:55:19.1426~DEBUG~<- ExtractAllFromFile(zipFileName = "C:\Users\cofc_\AppData\Local\Temp\tmp314A.tmp\rjsec094.ZIP", decompressedFolder = "C:\Users\cofc_\AppData\Local\Temp\tmp3320.tmp", message = "rjsec094")~~RJStevensMusicPresentationCreator.Program~0000000443
2024-12-18 21:55:19.2016~DEBUG~-> DownloadFile(url = "https://faas-nyc1-2ef2e6cc.doserverless.co/api/v1/web/fn-dd7f8f6a-d32a-4f5e-ae7b-870dfb7963f3/downloads/bundle?id=000000000000102", filename = "C:\Users\cofc_\AppData\Local\Temp\tmp342B.tmp\rjsec095.ZIP", message = "rjsec095")~~RJStevensMusicPresentationCreator.Program~0000000444
2024-12-18 21:55:19.6776~DEBUG~download completed~~RJStevensMusicPresentationCreator.Program~0000000445
2024-12-18 21:55:19.6776~DEBUG~<- DownloadFile(url = "https://faas-nyc1-2ef2e6cc.doserverless.co/api/v1/web/fn-dd7f8f6a-d32a-4f5e-ae7b-870dfb7963f3/downloads/bundle?id=000000000000102", filename = "C:\Users\cofc_\AppData\Local\Temp\tmp342B.tmp\rjsec095.ZIP", message = "rjsec095")~~RJStevensMusicPresentationCreator.Program~0000000446
2024-12-18 21:55:19.6966~DEBUG~-> ExtractAllFromFile(zipFileName = "C:\Users\cofc_\AppData\Local\Temp\tmp342B.tmp\rjsec095.ZIP", decompressedFolder = "C:\Users\cofc_\AppData\Local\Temp\tmp3610.tmp", message = "rjsec095")~~RJStevensMusicPresentationCreator.Program~0000000447
2024-12-18 21:55:19.9577~DEBUG~extract completed~~RJStevensMusicPresentationCreator.Program~0000000448
2024-12-18 21:55:19.9577~DEBUG~<- ExtractAllFromFile(zipFileName = "C:\Users\cofc_\AppData\Local\Temp\tmp342B.tmp\rjsec095.ZIP", decompressedFolder = "C:\Users\cofc_\AppData\Local\Temp\tmp3610.tmp", message = "rjsec095")~~RJStevensMusicPresentationCreator.Program~0000000449
2024-12-18 21:55:20.0287~DEBUG~-> DownloadFile(url = "https://faas-nyc1-2ef2e6cc.doserverless.co/api/v1/web/fn-dd7f8f6a-d32a-4f5e-ae7b-870dfb7963f3/downloads/bundle?id=000000000000104", filename = "C:\Users\cofc_\AppData\Local\Temp\tmp3769.tmp\rjsec097.ZIP", message = "rjsec097")~~RJStevensMusicPresentationCreator.Program~0000000450
2024-12-18 21:55:20.7943~DEBUG~download completed~~RJStevensMusicPresentationCreator.Program~0000000451
2024-12-18 21:55:20.7943~DEBUG~<- DownloadFile(url = "https://faas-nyc1-2ef2e6cc.doserverless.co/api/v1/web/fn-dd7f8f6a-d32a-4f5e-ae7b-870dfb7963f3/downloads/bundle?id=000000000000104", filename = "C:\Users\cofc_\AppData\Local\Temp\tmp3769.tmp\rjsec097.ZIP", message = "rjsec097")~~RJStevensMusicPresentationCreator.Program~0000000452
2024-12-18 21:55:20.8083~DEBUG~-> ExtractAllFromFile(zipFileName = "C:\Users\cofc_\AppData\Local\Temp\tmp3769.tmp\rjsec097.ZIP", decompressedFolder = "C:\Users\cofc_\AppData\Local\Temp\tmp3A77.tmp", message = "rjsec097")~~RJStevensMusicPresentationCreator.Program~0000000453
2024-12-18 21:55:21.0602~DEBUG~extract completed~~RJStevensMusicPresentationCreator.Program~0000000454
2024-12-18 21:55:21.0602~DEBUG~<- ExtractAllFromFile(zipFileName = "C:\Users\cofc_\AppData\Local\Temp\tmp3769.tmp\rjsec097.ZIP", decompressedFolder = "C:\Users\cofc_\AppData\Local\Temp\tmp3A77.tmp", message = "rjsec097")~~RJStevensMusicPresentationCreator.Program~0000000455
2024-12-18 21:55:21.1302~DEBUG~-> DownloadFile(url = "https://faas-nyc1-2ef2e6cc.doserverless.co/api/v1/web/fn-dd7f8f6a-d32a-4f5e-ae7b-870dfb7963f3/downloads/bundle?id=000000000000105", filename = "C:\Users\cofc_\AppData\Local\Temp\tmp3BB0.tmp\rjsec098.ZIP", message = "rjsec098")~~RJStevensMusicPresentationCreator.Program~0000000456
2024-12-18 21:55:21.6242~DEBUG~download completed~~RJStevensMusicPresentationCreator.Program~0000000457
2024-12-18 21:55:21.6242~DEBUG~<- DownloadFile(url = "https://faas-nyc1-2ef2e6cc.doserverless.co/api/v1/web/fn-dd7f8f6a-d32a-4f5e-ae7b-870dfb7963f3/downloads/bundle?id=000000000000105", filename = "C:\Users\cofc_\AppData\Local\Temp\tmp3BB0.tmp\rjsec098.ZIP", message = "rjsec098")~~RJStevensMusicPresentationCreator.Program~0000000458
2024-12-18 21:55:21.6392~DEBUG~-> ExtractAllFromFile(zipFileName = "C:\Users\cofc_\AppData\Local\Temp\tmp3BB0.tmp\rjsec098.ZIP", decompressedFolder = "C:\Users\cofc_\AppData\Local\Temp\tmp3DB5.tmp", message = "rjsec098")~~RJStevensMusicPresentationCreator.Program~0000000459
2024-12-18 21:55:21.8652~DEBUG~extract completed~~RJStevensMusicPresentationCreator.Program~0000000460
2024-12-18 21:55:21.8652~DEBUG~<- ExtractAllFromFile(zipFileName = "C:\Users\cofc_\AppData\Local\Temp\tmp3BB0.tmp\rjsec098.ZIP", decompressedFolder = "C:\Users\cofc_\AppData\Local\Temp\tmp3DB5.tmp", message = "rjsec098")~~RJStevensMusicPresentationCreator.Program~0000000461
2024-12-18 21:55:21.9232~DEBUG~-> DownloadFile(url = "https://faas-nyc1-2ef2e6cc.doserverless.co/api/v1/web/fn-dd7f8f6a-d32a-4f5e-ae7b-870dfb7963f3/downloads/bundle?id=000000000000106", filename = "C:\Users\cofc_\AppData\Local\Temp\tmp3ECF.tmp\rjsec099.ZIP", message = "rjsec099")~~RJStevensMusicPresentationCreator.Program~0000000462
2024-12-18 21:55:22.3933~DEBUG~download completed~~RJStevensMusicPresentationCreator.Program~0000000463
2024-12-18 21:55:22.3933~DEBUG~<- DownloadFile(url = "https://faas-nyc1-2ef2e6cc.doserverless.co/api/v1/web/fn-dd7f8f6a-d32a-4f5e-ae7b-870dfb7963f3/downloads/bundle?id=000000000000106", filename = "C:\Users\cofc_\AppData\Local\Temp\tmp3ECF.tmp\rjsec099.ZIP", message = "rjsec099")~~RJStevensMusicPresentationCreator.Program~0000000464
2024-12-18 21:55:22.4083~DEBUG~-> ExtractAllFromFile(zipFileName = "C:\Users\cofc_\AppData\Local\Temp\tmp3ECF.tmp\rjsec099.ZIP", decompressedFolder = "C:\Users\cofc_\AppData\Local\Temp\tmp40BD.tmp", message = "rjsec099")~~RJStevensMusicPresentationCreator.Program~0000000465
2024-12-18 21:55:22.6865~DEBUG~extract completed~~RJStevensMusicPresentationCreator.Program~0000000466
2024-12-18 21:55:22.6865~DEBUG~<- ExtractAllFromFile(zipFileName = "C:\Users\cofc_\AppData\Local\Temp\tmp3ECF.tmp\rjsec099.ZIP", decompressedFolder = "C:\Users\cofc_\AppData\Local\Temp\tmp40BD.tmp", message = "rjsec099")~~RJStevensMusicPresentationCreator.Program~0000000467
2024-12-18 21:55:22.7455~DEBUG~-> DownloadFile(url = "https://faas-nyc1-2ef2e6cc.doserverless.co/api/v1/web/fn-dd7f8f6a-d32a-4f5e-ae7b-870dfb7963f3/downloads/bundle?id=000000000000107", filename = "C:\Users\cofc_\AppData\Local\Temp\tmp420D.tmp\rjsec100.ZIP", message = "rjsec100")~~RJStevensMusicPresentationCreator.Program~0000000468
2024-12-18 21:55:23.1735~DEBUG~download completed~~RJStevensMusicPresentationCreator.Program~0000000469
2024-12-18 21:55:23.1735~DEBUG~<- DownloadFile(url = "https://faas-nyc1-2ef2e6cc.doserverless.co/api/v1/web/fn-dd7f8f6a-d32a-4f5e-ae7b-870dfb7963f3/downloads/bundle?id=000000000000107", filename = "C:\Users\cofc_\AppData\Local\Temp\tmp420D.tmp\rjsec100.ZIP", message = "rjsec100")~~RJStevensMusicPresentationCreator.Program~0000000470
2024-12-18 21:55:23.1895~DEBUG~-> ExtractAllFromFile(zipFileName = "C:\Users\cofc_\AppData\Local\Temp\tmp420D.tmp\rjsec100.ZIP", decompressedFolder = "C:\Users\cofc_\AppData\Local\Temp\tmp43C4.tmp", message = "rjsec100")~~RJStevensMusicPresentationCreator.Program~0000000471
2024-12-18 21:55:23.3629~DEBUG~extract completed~~RJStevensMusicPresentationCreator.Program~0000000472
2024-12-18 21:55:23.3629~DEBUG~<- ExtractAllFromFile(zipFileName = "C:\Users\cofc_\AppData\Local\Temp\tmp420D.tmp\rjsec100.ZIP", decompressedFolder = "C:\Users\cofc_\AppData\Local\Temp\tmp43C4.tmp", message = "rjsec100")~~RJStevensMusicPresentationCreator.Program~0000000473
2024-12-18 21:55:23.4179~DEBUG~-> DownloadFile(url = "https://faas-nyc1-2ef2e6cc.doserverless.co/api/v1/web/fn-dd7f8f6a-d32a-4f5e-ae7b-870dfb7963f3/downloads/bundle?id=000000000000108", filename = "C:\Users\cofc_\AppData\Local\Temp\tmp44AF.tmp\rjsec101.ZIP", message = "rjsec101")~~RJStevensMusicPresentationCreator.Program~0000000474
2024-12-18 21:55:23.8780~DEBUG~download completed~~RJStevensMusicPresentationCreator.Program~0000000475
2024-12-18 21:55:23.8780~DEBUG~<- DownloadFile(url = "https://faas-nyc1-2ef2e6cc.doserverless.co/api/v1/web/fn-dd7f8f6a-d32a-4f5e-ae7b-870dfb7963f3/downloads/bundle?id=000000000000108", filename = "C:\Users\cofc_\AppData\Local\Temp\tmp44AF.tmp\rjsec101.ZIP", message = "rjsec101")~~RJStevensMusicPresentationCreator.Program~0000000476
2024-12-18 21:55:23.8950~DEBUG~-> ExtractAllFromFile(zipFileName = "C:\Users\cofc_\AppData\Local\Temp\tmp44AF.tmp\rjsec101.ZIP", decompressedFolder = "C:\Users\cofc_\AppData\Local\Temp\tmp4685.tmp", message = "rjsec101")~~RJStevensMusicPresentationCreator.Program~0000000477
2024-12-18 21:55:24.2006~DEBUG~extract completed~~RJStevensMusicPresentationCreator.Program~0000000478
2024-12-18 21:55:24.2006~DEBUG~<- ExtractAllFromFile(zipFileName = "C:\Users\cofc_\AppData\Local\Temp\tmp44AF.tmp\rjsec101.ZIP", decompressedFolder = "C:\Users\cofc_\AppData\Local\Temp\tmp4685.tmp", message = "rjsec101")~~RJStevensMusicPresentationCreator.Program~0000000479
2024-12-18 21:55:24.2786~DEBUG~-> DownloadFile(url = "https://faas-nyc1-2ef2e6cc.doserverless.co/api/v1/web/fn-dd7f8f6a-d32a-4f5e-ae7b-870dfb7963f3/downloads/bundle?id=000000000000744", filename = "C:\Users\cofc_\AppData\Local\Temp\tmp480D.tmp\rjsec1031.ZIP", message = "rjsec1031")~~RJStevensMusicPresentationCreator.Program~0000000480
2024-12-18 21:55:24.7346~DEBUG~download completed~~RJStevensMusicPresentationCreator.Program~0000000481
2024-12-18 21:55:24.7346~DEBUG~<- DownloadFile(url = "https://faas-nyc1-2ef2e6cc.doserverless.co/api/v1/web/fn-dd7f8f6a-d32a-4f5e-ae7b-870dfb7963f3/downloads/bundle?id=000000000000744", filename = "C:\Users\cofc_\AppData\Local\Temp\tmp480D.tmp\rjsec1031.ZIP", message = "rjsec1031")~~RJStevensMusicPresentationCreator.Program~0000000482
2024-12-18 21:55:24.7496~DEBUG~-> ExtractAllFromFile(zipFileName = "C:\Users\cofc_\AppData\Local\Temp\tmp480D.tmp\rjsec1031.ZIP", decompressedFolder = "C:\Users\cofc_\AppData\Local\Temp\tmp49E2.tmp", message = "rjsec1031")~~RJStevensMusicPresentationCreator.Program~0000000483
2024-12-18 21:55:24.9950~DEBUG~extract completed~~RJStevensMusicPresentationCreator.Program~0000000484
2024-12-18 21:55:24.9950~DEBUG~<- ExtractAllFromFile(zipFileName = "C:\Users\cofc_\AppData\Local\Temp\tmp480D.tmp\rjsec1031.ZIP", decompressedFolder = "C:\Users\cofc_\AppData\Local\Temp\tmp49E2.tmp", message = "rjsec1031")~~RJStevensMusicPresentationCreator.Program~0000000485
2024-12-18 21:55:25.0630~DEBUG~-> DownloadFile(url = "https://faas-nyc1-2ef2e6cc.doserverless.co/api/v1/web/fn-dd7f8f6a-d32a-4f5e-ae7b-870dfb7963f3/downloads/bundle?id=000000000000112", filename = "C:\Users\cofc_\AppData\Local\Temp\tmp4B1C.tmp\rjsec105.ZIP", message = "rjsec105")~~RJStevensMusicPresentationCreator.Program~0000000486
2024-12-18 21:55:25.5110~DEBUG~download completed~~RJStevensMusicPresentationCreator.Program~0000000487
2024-12-18 21:55:25.5110~DEBUG~<- DownloadFile(url = "https://faas-nyc1-2ef2e6cc.doserverless.co/api/v1/web/fn-dd7f8f6a-d32a-4f5e-ae7b-870dfb7963f3/downloads/bundle?id=000000000000112", filename = "C:\Users\cofc_\AppData\Local\Temp\tmp4B1C.tmp\rjsec105.ZIP", message = "rjsec105")~~RJStevensMusicPresentationCreator.Program~0000000488
2024-12-18 21:55:25.5270~DEBUG~-> ExtractAllFromFile(zipFileName = "C:\Users\cofc_\AppData\Local\Temp\tmp4B1C.tmp\rjsec105.ZIP", decompressedFolder = "C:\Users\cofc_\AppData\Local\Temp\tmp4CF2.tmp", message = "rjsec105")~~RJStevensMusicPresentationCreator.Program~0000000489
2024-12-18 21:55:25.7630~DEBUG~extract completed~~RJStevensMusicPresentationCreator.Program~0000000490
2024-12-18 21:55:25.7630~DEBUG~<- ExtractAllFromFile(zipFileName = "C:\Users\cofc_\AppData\Local\Temp\tmp4B1C.tmp\rjsec105.ZIP", decompressedFolder = "C:\Users\cofc_\AppData\Local\Temp\tmp4CF2.tmp", message = "rjsec105")~~RJStevensMusicPresentationCreator.Program~0000000491
2024-12-18 21:55:25.8240~DEBUG~-> DownloadFile(url = "https://faas-nyc1-2ef2e6cc.doserverless.co/api/v1/web/fn-dd7f8f6a-d32a-4f5e-ae7b-870dfb7963f3/downloads/bundle?id=000000000000113", filename = "C:\Users\cofc_\AppData\Local\Temp\tmp4E1C.tmp\rjsec106.ZIP", message = "rjsec106")~~RJStevensMusicPresentationCreator.Program~0000000492
2024-12-18 21:55:26.2721~DEBUG~download completed~~RJStevensMusicPresentationCreator.Program~0000000493
2024-12-18 21:55:26.2721~DEBUG~<- DownloadFile(url = "https://faas-nyc1-2ef2e6cc.doserverless.co/api/v1/web/fn-dd7f8f6a-d32a-4f5e-ae7b-870dfb7963f3/downloads/bundle?id=000000000000113", filename = "C:\Users\cofc_\AppData\Local\Temp\tmp4E1C.tmp\rjsec106.ZIP", message = "rjsec106")~~RJStevensMusicPresentationCreator.Program~0000000494
2024-12-18 21:55:26.2881~DEBUG~-> ExtractAllFromFile(zipFileName = "C:\Users\cofc_\AppData\Local\Temp\tmp4E1C.tmp\rjsec106.ZIP", decompressedFolder = "C:\Users\cofc_\AppData\Local\Temp\tmp4FE2.tmp", message = "rjsec106")~~RJStevensMusicPresentationCreator.Program~0000000495
2024-12-18 21:55:26.4601~DEBUG~extract completed~~RJStevensMusicPresentationCreator.Program~0000000496
2024-12-18 21:55:26.4641~DEBUG~<- ExtractAllFromFile(zipFileName = "C:\Users\cofc_\AppData\Local\Temp\tmp4E1C.tmp\rjsec106.ZIP", decompressedFolder = "C:\Users\cofc_\AppData\Local\Temp\tmp4FE2.tmp", message = "rjsec106")~~RJStevensMusicPresentationCreator.Program~0000000497
2024-12-18 21:55:26.5171~DEBUG~-> DownloadFile(url = "https://faas-nyc1-2ef2e6cc.doserverless.co/api/v1/web/fn-dd7f8f6a-d32a-4f5e-ae7b-870dfb7963f3/downloads/bundle?id=000000000000774", filename = "C:\Users\cofc_\AppData\Local\Temp\tmp50CD.tmp\rjsec1061.ZIP", message = "rjsec1061")~~RJStevensMusicPresentationCreator.Program~0000000498
2024-12-18 21:55:26.9168~DEBUG~download completed~~RJStevensMusicPresentationCreator.Program~0000000499
2024-12-18 21:55:26.9168~DEBUG~<- DownloadFile(url = "https://faas-nyc1-2ef2e6cc.doserverless.co/api/v1/web/fn-dd7f8f6a-d32a-4f5e-ae7b-870dfb7963f3/downloads/bundle?id=000000000000774", filename = "C:\Users\cofc_\AppData\Local\Temp\tmp50CD.tmp\rjsec1061.ZIP", message = "rjsec1061")~~RJStevensMusicPresentationCreator.Program~0000000500
2024-12-18 21:55:26.9168~DEBUG~-> ExtractAllFromFile(zipFileName = "C:\Users\cofc_\AppData\Local\Temp\tmp50CD.tmp\rjsec1061.ZIP", decompressedFolder = "C:\Users\cofc_\AppData\Local\Temp\tmp5264.tmp", message = "rjsec1061")~~RJStevensMusicPresentationCreator.Program~0000000501
2024-12-18 21:55:27.0668~DEBUG~extract completed~~RJStevensMusicPresentationCreator.Program~0000000502
2024-12-18 21:55:27.0668~DEBUG~<- ExtractAllFromFile(zipFileName = "C:\Users\cofc_\AppData\Local\Temp\tmp50CD.tmp\rjsec1061.ZIP", decompressedFolder = "C:\Users\cofc_\AppData\Local\Temp\tmp5264.tmp", message = "rjsec1061")~~RJStevensMusicPresentationCreator.Program~0000000503
2024-12-18 21:55:27.1128~DEBUG~-> DownloadFile(url = "https://faas-nyc1-2ef2e6cc.doserverless.co/api/v1/web/fn-dd7f8f6a-d32a-4f5e-ae7b-870dfb7963f3/downloads/bundle?id=000000000000777", filename = "C:\Users\cofc_\AppData\Local\Temp\tmp5321.tmp\rjsec1064.ZIP", message = "rjsec1064")~~RJStevensMusicPresentationCreator.Program~0000000504
2024-12-18 21:55:27.5758~DEBUG~download completed~~RJStevensMusicPresentationCreator.Program~0000000505
2024-12-18 21:55:27.5758~DEBUG~<- DownloadFile(url = "https://faas-nyc1-2ef2e6cc.doserverless.co/api/v1/web/fn-dd7f8f6a-d32a-4f5e-ae7b-870dfb7963f3/downloads/bundle?id=000000000000777", filename = "C:\Users\cofc_\AppData\Local\Temp\tmp5321.tmp\rjsec1064.ZIP", message = "rjsec1064")~~RJStevensMusicPresentationCreator.Program~0000000506
2024-12-18 21:55:27.5928~DEBUG~-> ExtractAllFromFile(zipFileName = "C:\Users\cofc_\AppData\Local\Temp\tmp5321.tmp\rjsec1064.ZIP", decompressedFolder = "C:\Users\cofc_\AppData\Local\Temp\tmp5506.tmp", message = "rjsec1064")~~RJStevensMusicPresentationCreator.Program~0000000507
2024-12-18 21:55:27.8636~DEBUG~extract completed~~RJStevensMusicPresentationCreator.Program~0000000508
2024-12-18 21:55:27.8636~DEBUG~<- ExtractAllFromFile(zipFileName = "C:\Users\cofc_\AppData\Local\Temp\tmp5321.tmp\rjsec1064.ZIP", decompressedFolder = "C:\Users\cofc_\AppData\Local\Temp\tmp5506.tmp", message = "rjsec1064")~~RJStevensMusicPresentationCreator.Program~0000000509
2024-12-18 21:55:27.9326~DEBUG~-> DownloadFile(url = "https://faas-nyc1-2ef2e6cc.doserverless.co/api/v1/web/fn-dd7f8f6a-d32a-4f5e-ae7b-870dfb7963f3/downloads/bundle?id=000000000000779", filename = "C:\Users\cofc_\AppData\Local\Temp\tmp565F.tmp\rjsec1066.ZIP", message = "rjsec1066")~~RJStevensMusicPresentationCreator.Program~0000000510
2024-12-18 21:55:28.4027~DEBUG~download completed~~RJStevensMusicPresentationCreator.Program~0000000511
2024-12-18 21:55:28.4027~DEBUG~<- DownloadFile(url = "https://faas-nyc1-2ef2e6cc.doserverless.co/api/v1/web/fn-dd7f8f6a-d32a-4f5e-ae7b-870dfb7963f3/downloads/bundle?id=000000000000779", filename = "C:\Users\cofc_\AppData\Local\Temp\tmp565F.tmp\rjsec1066.ZIP", message = "rjsec1066")~~RJStevensMusicPresentationCreator.Program~0000000512
2024-12-18 21:55:28.4167~DEBUG~-> ExtractAllFromFile(zipFileName = "C:\Users\cofc_\AppData\Local\Temp\tmp565F.tmp\rjsec1066.ZIP", decompressedFolder = "C:\Users\cofc_\AppData\Local\Temp\tmp5844.tmp", message = "rjsec1066")~~RJStevensMusicPresentationCreator.Program~0000000513
2024-12-18 21:55:28.6717~DEBUG~extract completed~~RJStevensMusicPresentationCreator.Program~0000000514
2024-12-18 21:55:28.6717~DEBUG~<- ExtractAllFromFile(zipFileName = "C:\Users\cofc_\AppData\Local\Temp\tmp565F.tmp\rjsec1066.ZIP", decompressedFolder = "C:\Users\cofc_\AppData\Local\Temp\tmp5844.tmp", message = "rjsec1066")~~RJStevensMusicPresentationCreator.Program~0000000515
2024-12-18 21:55:28.7417~DEBUG~-> DownloadFile(url = "https://faas-nyc1-2ef2e6cc.doserverless.co/api/v1/web/fn-dd7f8f6a-d32a-4f5e-ae7b-870dfb7963f3/downloads/bundle?id=000000000000114", filename = "C:\Users\cofc_\AppData\Local\Temp\tmp597E.tmp\rjsec107.ZIP", message = "rjsec107")~~RJStevensMusicPresentationCreator.Program~0000000516
2024-12-18 21:55:29.2667~DEBUG~download completed~~RJStevensMusicPresentationCreator.Program~0000000517
2024-12-18 21:55:29.2667~DEBUG~<- DownloadFile(url = "https://faas-nyc1-2ef2e6cc.doserverless.co/api/v1/web/fn-dd7f8f6a-d32a-4f5e-ae7b-870dfb7963f3/downloads/bundle?id=000000000000114", filename = "C:\Users\cofc_\AppData\Local\Temp\tmp597E.tmp\rjsec107.ZIP", message = "rjsec107")~~RJStevensMusicPresentationCreator.Program~0000000518
2024-12-18 21:55:29.2877~DEBUG~-> ExtractAllFromFile(zipFileName = "C:\Users\cofc_\AppData\Local\Temp\tmp597E.tmp\rjsec107.ZIP", decompressedFolder = "C:\Users\cofc_\AppData\Local\Temp\tmp5BA2.tmp", message = "rjsec107")~~RJStevensMusicPresentationCreator.Program~0000000519
2024-12-18 21:55:29.5763~DEBUG~extract completed~~RJStevensMusicPresentationCreator.Program~0000000520
2024-12-18 21:55:29.5763~DEBUG~<- ExtractAllFromFile(zipFileName = "C:\Users\cofc_\AppData\Local\Temp\tmp597E.tmp\rjsec107.ZIP", decompressedFolder = "C:\Users\cofc_\AppData\Local\Temp\tmp5BA2.tmp", message = "rjsec107")~~RJStevensMusicPresentationCreator.Program~0000000521
2024-12-18 21:55:29.6503~DEBUG~-> DownloadFile(url = "https://faas-nyc1-2ef2e6cc.doserverless.co/api/v1/web/fn-dd7f8f6a-d32a-4f5e-ae7b-870dfb7963f3/downloads/bundle?id=000000000000115", filename = "C:\Users\cofc_\AppData\Local\Temp\tmp5D0A.tmp\rjsec108.ZIP", message = "rjsec108")~~RJStevensMusicPresentationCreator.Program~0000000522
2024-12-18 21:55:30.1663~DEBUG~download completed~~RJStevensMusicPresentationCreator.Program~0000000523
2024-12-18 21:55:30.1663~DEBUG~<- DownloadFile(url = "https://faas-nyc1-2ef2e6cc.doserverless.co/api/v1/web/fn-dd7f8f6a-d32a-4f5e-ae7b-870dfb7963f3/downloads/bundle?id=000000000000115", filename = "C:\Users\cofc_\AppData\Local\Temp\tmp5D0A.tmp\rjsec108.ZIP", message = "rjsec108")~~RJStevensMusicPresentationCreator.Program~0000000524
2024-12-18 21:55:30.1813~DEBUG~-> ExtractAllFromFile(zipFileName = "C:\Users\cofc_\AppData\Local\Temp\tmp5D0A.tmp\rjsec108.ZIP", decompressedFolder = "C:\Users\cofc_\AppData\Local\Temp\tmp5F1E.tmp", message = "rjsec108")~~RJStevensMusicPresentationCreator.Program~0000000525
2024-12-18 21:55:30.3873~DEBUG~extract completed~~RJStevensMusicPresentationCreator.Program~0000000526
2024-12-18 21:55:30.3873~DEBUG~<- ExtractAllFromFile(zipFileName = "C:\Users\cofc_\AppData\Local\Temp\tmp5D0A.tmp\rjsec108.ZIP", decompressedFolder = "C:\Users\cofc_\AppData\Local\Temp\tmp5F1E.tmp", message = "rjsec108")~~RJStevensMusicPresentationCreator.Program~0000000527
2024-12-18 21:55:30.4473~DEBUG~-> DownloadFile(url = "https://faas-nyc1-2ef2e6cc.doserverless.co/api/v1/web/fn-dd7f8f6a-d32a-4f5e-ae7b-870dfb7963f3/downloads/bundle?id=000000000000116", filename = "C:\Users\cofc_\AppData\Local\Temp\tmp6029.tmp\rjsec109.ZIP", message = "rjsec109")~~RJStevensMusicPresentationCreator.Program~0000000528
2024-12-18 21:55:30.8894~DEBUG~download completed~~RJStevensMusicPresentationCreator.Program~0000000529
2024-12-18 21:55:30.8894~DEBUG~<- DownloadFile(url = "https://faas-nyc1-2ef2e6cc.doserverless.co/api/v1/web/fn-dd7f8f6a-d32a-4f5e-ae7b-870dfb7963f3/downloads/bundle?id=000000000000116", filename = "C:\Users\cofc_\AppData\Local\Temp\tmp6029.tmp\rjsec109.ZIP", message = "rjsec109")~~RJStevensMusicPresentationCreator.Program~0000000530
2024-12-18 21:55:30.9064~DEBUG~-> ExtractAllFromFile(zipFileName = "C:\Users\cofc_\AppData\Local\Temp\tmp6029.tmp\rjsec109.ZIP", decompressedFolder = "C:\Users\cofc_\AppData\Local\Temp\tmp61FF.tmp", message = "rjsec109")~~RJStevensMusicPresentationCreator.Program~0000000531
2024-12-18 21:55:31.2244~DEBUG~extract completed~~RJStevensMusicPresentationCreator.Program~0000000532
2024-12-18 21:55:31.2324~DEBUG~<- ExtractAllFromFile(zipFileName = "C:\Users\cofc_\AppData\Local\Temp\tmp6029.tmp\rjsec109.ZIP", decompressedFolder = "C:\Users\cofc_\AppData\Local\Temp\tmp61FF.tmp", message = "rjsec109")~~RJStevensMusicPresentationCreator.Program~0000000533
2024-12-18 21:55:31.3284~DEBUG~-> DownloadFile(url = "https://faas-nyc1-2ef2e6cc.doserverless.co/api/v1/web/fn-dd7f8f6a-d32a-4f5e-ae7b-870dfb7963f3/downloads/bundle?id=000000000000117", filename = "C:\Users\cofc_\AppData\Local\Temp\tmp63A6.tmp\rjsec110.ZIP", message = "rjsec110")~~RJStevensMusicPresentationCreator.Program~0000000534
2024-12-18 21:55:31.7894~DEBUG~download completed~~RJStevensMusicPresentationCreator.Program~0000000535
2024-12-18 21:55:31.7894~DEBUG~<- DownloadFile(url = "https://faas-nyc1-2ef2e6cc.doserverless.co/api/v1/web/fn-dd7f8f6a-d32a-4f5e-ae7b-870dfb7963f3/downloads/bundle?id=000000000000117", filename = "C:\Users\cofc_\AppData\Local\Temp\tmp63A6.tmp\rjsec110.ZIP", message = "rjsec110")~~RJStevensMusicPresentationCreator.Program~0000000536
2024-12-18 21:55:31.8114~DEBUG~-> ExtractAllFromFile(zipFileName = "C:\Users\cofc_\AppData\Local\Temp\tmp63A6.tmp\rjsec110.ZIP", decompressedFolder = "C:\Users\cofc_\AppData\Local\Temp\tmp658B.tmp", message = "rjsec110")~~RJStevensMusicPresentationCreator.Program~0000000537
2024-12-18 21:55:32.5081~DEBUG~extract completed~~RJStevensMusicPresentationCreator.Program~0000000538
2024-12-18 21:55:32.5141~DEBUG~<- ExtractAllFromFile(zipFileName = "C:\Users\cofc_\AppData\Local\Temp\tmp63A6.tmp\rjsec110.ZIP", decompressedFolder = "C:\Users\cofc_\AppData\Local\Temp\tmp658B.tmp", message = "rjsec110")~~RJStevensMusicPresentationCreator.Program~0000000539
2024-12-18 21:55:32.6212~DEBUG~-> DownloadFile(url = "https://faas-nyc1-2ef2e6cc.doserverless.co/api/v1/web/fn-dd7f8f6a-d32a-4f5e-ae7b-870dfb7963f3/downloads/bundle?id=000000000000822", filename = "C:\Users\cofc_\AppData\Local\Temp\tmp68B8.tmp\rjsec1109.ZIP", message = "rjsec1109")~~RJStevensMusicPresentationCreator.Program~0000000540
2024-12-18 21:55:33.3782~DEBUG~download completed~~RJStevensMusicPresentationCreator.Program~0000000541
2024-12-18 21:55:33.3782~DEBUG~<- DownloadFile(url = "https://faas-nyc1-2ef2e6cc.doserverless.co/api/v1/web/fn-dd7f8f6a-d32a-4f5e-ae7b-870dfb7963f3/downloads/bundle?id=000000000000822", filename = "C:\Users\cofc_\AppData\Local\Temp\tmp68B8.tmp\rjsec1109.ZIP", message = "rjsec1109")~~RJStevensMusicPresentationCreator.Program~0000000542
2024-12-18 21:55:33.3982~DEBUG~-> ExtractAllFromFile(zipFileName = "C:\Users\cofc_\AppData\Local\Temp\tmp68B8.tmp\rjsec1109.ZIP", decompressedFolder = "C:\Users\cofc_\AppData\Local\Temp\tmp6BB7.tmp", message = "rjsec1109")~~RJStevensMusicPresentationCreator.Program~0000000543
2024-12-18 21:55:33.7612~DEBUG~extract completed~~RJStevensMusicPresentationCreator.Program~0000000544
2024-12-18 21:55:33.7612~DEBUG~<- ExtractAllFromFile(zipFileName = "C:\Users\cofc_\AppData\Local\Temp\tmp68B8.tmp\rjsec1109.ZIP", decompressedFolder = "C:\Users\cofc_\AppData\Local\Temp\tmp6BB7.tmp", message = "rjsec1109")~~RJStevensMusicPresentationCreator.Program~0000000545
2024-12-18 21:55:33.8492~DEBUG~-> DownloadFile(url = "https://faas-nyc1-2ef2e6cc.doserverless.co/api/v1/web/fn-dd7f8f6a-d32a-4f5e-ae7b-870dfb7963f3/downloads/bundle?id=000000000000119", filename = "C:\Users\cofc_\AppData\Local\Temp\tmp6D7D.tmp\rjsec112.ZIP", message = "rjsec112")~~RJStevensMusicPresentationCreator.Program~0000000546
2024-12-18 21:55:34.3023~DEBUG~download completed~~RJStevensMusicPresentationCreator.Program~0000000547
2024-12-18 21:55:34.3023~DEBUG~<- DownloadFile(url = "https://faas-nyc1-2ef2e6cc.doserverless.co/api/v1/web/fn-dd7f8f6a-d32a-4f5e-ae7b-870dfb7963f3/downloads/bundle?id=000000000000119", filename = "C:\Users\cofc_\AppData\Local\Temp\tmp6D7D.tmp\rjsec112.ZIP", message = "rjsec112")~~RJStevensMusicPresentationCreator.Program~0000000548
2024-12-18 21:55:34.3163~DEBUG~-> ExtractAllFromFile(zipFileName = "C:\Users\cofc_\AppData\Local\Temp\tmp6D7D.tmp\rjsec112.ZIP", decompressedFolder = "C:\Users\cofc_\AppData\Local\Temp\tmp6F53.tmp", message = "rjsec112")~~RJStevensMusicPresentationCreator.Program~0000000549
2024-12-18 21:55:34.6083~DEBUG~extract completed~~RJStevensMusicPresentationCreator.Program~0000000550
2024-12-18 21:55:34.6083~DEBUG~<- ExtractAllFromFile(zipFileName = "C:\Users\cofc_\AppData\Local\Temp\tmp6D7D.tmp\rjsec112.ZIP", decompressedFolder = "C:\Users\cofc_\AppData\Local\Temp\tmp6F53.tmp", message = "rjsec112")~~RJStevensMusicPresentationCreator.Program~0000000551
2024-12-18 21:55:34.6963~DEBUG~-> DownloadFile(url = "https://faas-nyc1-2ef2e6cc.doserverless.co/api/v1/web/fn-dd7f8f6a-d32a-4f5e-ae7b-870dfb7963f3/downloads/bundle?id=000000000000121", filename = "C:\Users\cofc_\AppData\Local\Temp\tmp70CB.tmp\rjsec114.ZIP", message = "rjsec114")~~RJStevensMusicPresentationCreator.Program~0000000552
2024-12-18 21:55:35.1534~DEBUG~download completed~~RJStevensMusicPresentationCreator.Program~0000000553
2024-12-18 21:55:35.1534~DEBUG~<- DownloadFile(url = "https://faas-nyc1-2ef2e6cc.doserverless.co/api/v1/web/fn-dd7f8f6a-d32a-4f5e-ae7b-870dfb7963f3/downloads/bundle?id=000000000000121", filename = "C:\Users\cofc_\AppData\Local\Temp\tmp70CB.tmp\rjsec114.ZIP", message = "rjsec114")~~RJStevensMusicPresentationCreator.Program~0000000554
2024-12-18 21:55:35.1534~DEBUG~-> ExtractAllFromFile(zipFileName = "C:\Users\cofc_\AppData\Local\Temp\tmp70CB.tmp\rjsec114.ZIP", decompressedFolder = "C:\Users\cofc_\AppData\Local\Temp\tmp72A1.tmp", message = "rjsec114")~~RJStevensMusicPresentationCreator.Program~0000000555
2024-12-18 21:55:35.4264~DEBUG~extract completed~~RJStevensMusicPresentationCreator.Program~0000000556
2024-12-18 21:55:35.4264~DEBUG~<- ExtractAllFromFile(zipFileName = "C:\Users\cofc_\AppData\Local\Temp\tmp70CB.tmp\rjsec114.ZIP", decompressedFolder = "C:\Users\cofc_\AppData\Local\Temp\tmp72A1.tmp", message = "rjsec114")~~RJStevensMusicPresentationCreator.Program~0000000557
2024-12-18 21:55:35.4994~DEBUG~-> DownloadFile(url = "https://faas-nyc1-2ef2e6cc.doserverless.co/api/v1/web/fn-dd7f8f6a-d32a-4f5e-ae7b-870dfb7963f3/downloads/bundle?id=000000000000122", filename = "C:\Users\cofc_\AppData\Local\Temp\tmp73F9.tmp\rjsec115.ZIP", message = "rjsec115")~~RJStevensMusicPresentationCreator.Program~0000000558
2024-12-18 21:55:36.1122~DEBUG~download completed~~RJStevensMusicPresentationCreator.Program~0000000559
2024-12-18 21:55:36.1122~DEBUG~<- DownloadFile(url = "https://faas-nyc1-2ef2e6cc.doserverless.co/api/v1/web/fn-dd7f8f6a-d32a-4f5e-ae7b-870dfb7963f3/downloads/bundle?id=000000000000122", filename = "C:\Users\cofc_\AppData\Local\Temp\tmp73F9.tmp\rjsec115.ZIP", message = "rjsec115")~~RJStevensMusicPresentationCreator.Program~0000000560
2024-12-18 21:55:36.1292~DEBUG~-> ExtractAllFromFile(zipFileName = "C:\Users\cofc_\AppData\Local\Temp\tmp73F9.tmp\rjsec115.ZIP", decompressedFolder = "C:\Users\cofc_\AppData\Local\Temp\tmp766B.tmp", message = "rjsec115")~~RJStevensMusicPresentationCreator.Program~0000000561
2024-12-18 21:55:36.3942~DEBUG~extract completed~~RJStevensMusicPresentationCreator.Program~0000000562
2024-12-18 21:55:36.3942~DEBUG~<- ExtractAllFromFile(zipFileName = "C:\Users\cofc_\AppData\Local\Temp\tmp73F9.tmp\rjsec115.ZIP", decompressedFolder = "C:\Users\cofc_\AppData\Local\Temp\tmp766B.tmp", message = "rjsec115")~~RJStevensMusicPresentationCreator.Program~0000000563
2024-12-18 21:55:36.4642~DEBUG~-> DownloadFile(url = "https://faas-nyc1-2ef2e6cc.doserverless.co/api/v1/web/fn-dd7f8f6a-d32a-4f5e-ae7b-870dfb7963f3/downloads/bundle?id=000000000000123", filename = "C:\Users\cofc_\AppData\Local\Temp\tmp77C4.tmp\rjsec116.ZIP", message = "rjsec116")~~RJStevensMusicPresentationCreator.Program~0000000564
2024-12-18 21:55:36.9142~DEBUG~download completed~~RJStevensMusicPresentationCreator.Program~0000000565
2024-12-18 21:55:36.9142~DEBUG~<- DownloadFile(url = "https://faas-nyc1-2ef2e6cc.doserverless.co/api/v1/web/fn-dd7f8f6a-d32a-4f5e-ae7b-870dfb7963f3/downloads/bundle?id=000000000000123", filename = "C:\Users\cofc_\AppData\Local\Temp\tmp77C4.tmp\rjsec116.ZIP", message = "rjsec116")~~RJStevensMusicPresentationCreator.Program~0000000566
2024-12-18 21:55:36.9302~DEBUG~-> ExtractAllFromFile(zipFileName = "C:\Users\cofc_\AppData\Local\Temp\tmp77C4.tmp\rjsec116.ZIP", decompressedFolder = "C:\Users\cofc_\AppData\Local\Temp\tmp798A.tmp", message = "rjsec116")~~RJStevensMusicPresentationCreator.Program~0000000567
2024-12-18 21:55:37.1743~DEBUG~extract completed~~RJStevensMusicPresentationCreator.Program~0000000568
2024-12-18 21:55:37.1743~DEBUG~<- ExtractAllFromFile(zipFileName = "C:\Users\cofc_\AppData\Local\Temp\tmp77C4.tmp\rjsec116.ZIP", decompressedFolder = "C:\Users\cofc_\AppData\Local\Temp\tmp798A.tmp", message = "rjsec116")~~RJStevensMusicPresentationCreator.Program~0000000569
2024-12-18 21:55:37.2473~DEBUG~-> DownloadFile(url = "https://faas-nyc1-2ef2e6cc.doserverless.co/api/v1/web/fn-dd7f8f6a-d32a-4f5e-ae7b-870dfb7963f3/downloads/bundle?id=000000000000124", filename = "C:\Users\cofc_\AppData\Local\Temp\tmp7AD3.tmp\rjsec117.ZIP", message = "rjsec117")~~RJStevensMusicPresentationCreator.Program~0000000570
2024-12-18 21:55:37.7070~DEBUG~download completed~~RJStevensMusicPresentationCreator.Program~0000000571
2024-12-18 21:55:37.7070~DEBUG~<- DownloadFile(url = "https://faas-nyc1-2ef2e6cc.doserverless.co/api/v1/web/fn-dd7f8f6a-d32a-4f5e-ae7b-870dfb7963f3/downloads/bundle?id=000000000000124", filename = "C:\Users\cofc_\AppData\Local\Temp\tmp7AD3.tmp\rjsec117.ZIP", message = "rjsec117")~~RJStevensMusicPresentationCreator.Program~0000000572
2024-12-18 21:55:37.7240~DEBUG~-> ExtractAllFromFile(zipFileName = "C:\Users\cofc_\AppData\Local\Temp\tmp7AD3.tmp\rjsec117.ZIP", decompressedFolder = "C:\Users\cofc_\AppData\Local\Temp\tmp7CA9.tmp", message = "rjsec117")~~RJStevensMusicPresentationCreator.Program~0000000573
2024-12-18 21:55:37.9560~DEBUG~extract completed~~RJStevensMusicPresentationCreator.Program~0000000574
2024-12-18 21:55:37.9560~DEBUG~<- ExtractAllFromFile(zipFileName = "C:\Users\cofc_\AppData\Local\Temp\tmp7AD3.tmp\rjsec117.ZIP", decompressedFolder = "C:\Users\cofc_\AppData\Local\Temp\tmp7CA9.tmp", message = "rjsec117")~~RJStevensMusicPresentationCreator.Program~0000000575
2024-12-18 21:55:38.0260~DEBUG~-> DownloadFile(url = "https://faas-nyc1-2ef2e6cc.doserverless.co/api/v1/web/fn-dd7f8f6a-d32a-4f5e-ae7b-870dfb7963f3/downloads/bundle?id=000000000000125", filename = "C:\Users\cofc_\AppData\Local\Temp\tmp7DE3.tmp\rjsec118.ZIP", message = "rjsec118")~~RJStevensMusicPresentationCreator.Program~0000000576
2024-12-18 21:55:38.4800~DEBUG~download completed~~RJStevensMusicPresentationCreator.Program~0000000577
2024-12-18 21:55:38.4800~DEBUG~<- DownloadFile(url = "https://faas-nyc1-2ef2e6cc.doserverless.co/api/v1/web/fn-dd7f8f6a-d32a-4f5e-ae7b-870dfb7963f3/downloads/bundle?id=000000000000125", filename = "C:\Users\cofc_\AppData\Local\Temp\tmp7DE3.tmp\rjsec118.ZIP", message = "rjsec118")~~RJStevensMusicPresentationCreator.Program~0000000578
2024-12-18 21:55:38.4990~DEBUG~-> ExtractAllFromFile(zipFileName = "C:\Users\cofc_\AppData\Local\Temp\tmp7DE3.tmp\rjsec118.ZIP", decompressedFolder = "C:\Users\cofc_\AppData\Local\Temp\tmp7FB8.tmp", message = "rjsec118")~~RJStevensMusicPresentationCreator.Program~0000000579
2024-12-18 21:55:38.7010~DEBUG~extract completed~~RJStevensMusicPresentationCreator.Program~0000000580
2024-12-18 21:55:38.7010~DEBUG~<- ExtractAllFromFile(zipFileName = "C:\Users\cofc_\AppData\Local\Temp\tmp7DE3.tmp\rjsec118.ZIP", decompressedFolder = "C:\Users\cofc_\AppData\Local\Temp\tmp7FB8.tmp", message = "rjsec118")~~RJStevensMusicPresentationCreator.Program~0000000581
2024-12-18 21:55:38.7590~DEBUG~-> DownloadFile(url = "https://faas-nyc1-2ef2e6cc.doserverless.co/api/v1/web/fn-dd7f8f6a-d32a-4f5e-ae7b-870dfb7963f3/downloads/bundle?id=000000000000126", filename = "C:\Users\cofc_\AppData\Local\Temp\tmp80B3.tmp\rjsec119.ZIP", message = "rjsec119")~~RJStevensMusicPresentationCreator.Program~0000000582
2024-12-18 21:55:39.2321~DEBUG~download completed~~RJStevensMusicPresentationCreator.Program~0000000583
2024-12-18 21:55:39.2321~DEBUG~<- DownloadFile(url = "https://faas-nyc1-2ef2e6cc.doserverless.co/api/v1/web/fn-dd7f8f6a-d32a-4f5e-ae7b-870dfb7963f3/downloads/bundle?id=000000000000126", filename = "C:\Users\cofc_\AppData\Local\Temp\tmp80B3.tmp\rjsec119.ZIP", message = "rjsec119")~~RJStevensMusicPresentationCreator.Program~0000000584
2024-12-18 21:55:39.2501~DEBUG~-> ExtractAllFromFile(zipFileName = "C:\Users\cofc_\AppData\Local\Temp\tmp80B3.tmp\rjsec119.ZIP", decompressedFolder = "C:\Users\cofc_\AppData\Local\Temp\tmp82A8.tmp", message = "rjsec119")~~RJStevensMusicPresentationCreator.Program~0000000585
2024-12-18 21:55:39.4997~DEBUG~extract completed~~RJStevensMusicPresentationCreator.Program~0000000586
2024-12-18 21:55:39.4997~DEBUG~<- ExtractAllFromFile(zipFileName = "C:\Users\cofc_\AppData\Local\Temp\tmp80B3.tmp\rjsec119.ZIP", decompressedFolder = "C:\Users\cofc_\AppData\Local\Temp\tmp82A8.tmp", message = "rjsec119")~~RJStevensMusicPresentationCreator.Program~0000000587
2024-12-18 21:55:39.5677~DEBUG~-> DownloadFile(url = "https://faas-nyc1-2ef2e6cc.doserverless.co/api/v1/web/fn-dd7f8f6a-d32a-4f5e-ae7b-870dfb7963f3/downloads/bundle?id=000000000000127", filename = "C:\Users\cofc_\AppData\Local\Temp\tmp83E2.tmp\rjsec120.ZIP", message = "rjsec120")~~RJStevensMusicPresentationCreator.Program~0000000588
2024-12-18 21:55:39.9987~DEBUG~download completed~~RJStevensMusicPresentationCreator.Program~0000000589
2024-12-18 21:55:39.9987~DEBUG~<- DownloadFile(url = "https://faas-nyc1-2ef2e6cc.doserverless.co/api/v1/web/fn-dd7f8f6a-d32a-4f5e-ae7b-870dfb7963f3/downloads/bundle?id=000000000000127", filename = "C:\Users\cofc_\AppData\Local\Temp\tmp83E2.tmp\rjsec120.ZIP", message = "rjsec120")~~RJStevensMusicPresentationCreator.Program~0000000590
2024-12-18 21:55:40.0117~DEBUG~-> ExtractAllFromFile(zipFileName = "C:\Users\cofc_\AppData\Local\Temp\tmp83E2.tmp\rjsec120.ZIP", decompressedFolder = "C:\Users\cofc_\AppData\Local\Temp\tmp85A8.tmp", message = "rjsec120")~~RJStevensMusicPresentationCreator.Program~0000000591
2024-12-18 21:55:40.1865~DEBUG~extract completed~~RJStevensMusicPresentationCreator.Program~0000000592
2024-12-18 21:55:40.1865~DEBUG~<- ExtractAllFromFile(zipFileName = "C:\Users\cofc_\AppData\Local\Temp\tmp83E2.tmp\rjsec120.ZIP", decompressedFolder = "C:\Users\cofc_\AppData\Local\Temp\tmp85A8.tmp", message = "rjsec120")~~RJStevensMusicPresentationCreator.Program~0000000593
2024-12-18 21:55:40.2455~DEBUG~-> DownloadFile(url = "https://faas-nyc1-2ef2e6cc.doserverless.co/api/v1/web/fn-dd7f8f6a-d32a-4f5e-ae7b-870dfb7963f3/downloads/bundle?id=000000000000128", filename = "C:\Users\cofc_\AppData\Local\Temp\tmp8693.tmp\rjsec121.ZIP", message = "rjsec121")~~RJStevensMusicPresentationCreator.Program~0000000594
2024-12-18 21:55:41.0706~DEBUG~download completed~~RJStevensMusicPresentationCreator.Program~0000000595
2024-12-18 21:55:41.0706~DEBUG~<- DownloadFile(url = "https://faas-nyc1-2ef2e6cc.doserverless.co/api/v1/web/fn-dd7f8f6a-d32a-4f5e-ae7b-870dfb7963f3/downloads/bundle?id=000000000000128", filename = "C:\Users\cofc_\AppData\Local\Temp\tmp8693.tmp\rjsec121.ZIP", message = "rjsec121")~~RJStevensMusicPresentationCreator.Program~0000000596
2024-12-18 21:55:41.0896~DEBUG~-> ExtractAllFromFile(zipFileName = "C:\Users\cofc_\AppData\Local\Temp\tmp8693.tmp\rjsec121.ZIP", decompressedFolder = "C:\Users\cofc_\AppData\Local\Temp\tmp89E0.tmp", message = "rjsec121")~~RJStevensMusicPresentationCreator.Program~0000000597
2024-12-18 21:55:41.4086~DEBUG~extract completed~~RJStevensMusicPresentationCreator.Program~0000000598
2024-12-18 21:55:41.4086~DEBUG~<- ExtractAllFromFile(zipFileName = "C:\Users\cofc_\AppData\Local\Temp\tmp8693.tmp\rjsec121.ZIP", decompressedFolder = "C:\Users\cofc_\AppData\Local\Temp\tmp89E0.tmp", message = "rjsec121")~~RJStevensMusicPresentationCreator.Program~0000000599
2024-12-18 21:55:41.4876~DEBUG~-> DownloadFile(url = "https://faas-nyc1-2ef2e6cc.doserverless.co/api/v1/web/fn-dd7f8f6a-d32a-4f5e-ae7b-870dfb7963f3/downloads/bundle?id=000000000000129", filename = "C:\Users\cofc_\AppData\Local\Temp\tmp8B68.tmp\rjsec122.ZIP", message = "rjsec122")~~RJStevensMusicPresentationCreator.Program~0000000600
2024-12-18 21:55:41.9637~DEBUG~download completed~~RJStevensMusicPresentationCreator.Program~0000000601
2024-12-18 21:55:41.9637~DEBUG~<- DownloadFile(url = "https://faas-nyc1-2ef2e6cc.doserverless.co/api/v1/web/fn-dd7f8f6a-d32a-4f5e-ae7b-870dfb7963f3/downloads/bundle?id=000000000000129", filename = "C:\Users\cofc_\AppData\Local\Temp\tmp8B68.tmp\rjsec122.ZIP", message = "rjsec122")~~RJStevensMusicPresentationCreator.Program~0000000602
2024-12-18 21:55:41.9637~DEBUG~-> ExtractAllFromFile(zipFileName = "C:\Users\cofc_\AppData\Local\Temp\tmp8B68.tmp\rjsec122.ZIP", decompressedFolder = "C:\Users\cofc_\AppData\Local\Temp\tmp8D4D.tmp", message = "rjsec122")~~RJStevensMusicPresentationCreator.Program~0000000603
2024-12-18 21:55:42.2547~DEBUG~extract completed~~RJStevensMusicPresentationCreator.Program~0000000604
2024-12-18 21:55:42.2547~DEBUG~<- ExtractAllFromFile(zipFileName = "C:\Users\cofc_\AppData\Local\Temp\tmp8B68.tmp\rjsec122.ZIP", decompressedFolder = "C:\Users\cofc_\AppData\Local\Temp\tmp8D4D.tmp", message = "rjsec122")~~RJStevensMusicPresentationCreator.Program~0000000605
2024-12-18 21:55:42.3337~DEBUG~-> DownloadFile(url = "https://faas-nyc1-2ef2e6cc.doserverless.co/api/v1/web/fn-dd7f8f6a-d32a-4f5e-ae7b-870dfb7963f3/downloads/bundle?id=000000000000130", filename = "C:\Users\cofc_\AppData\Local\Temp\tmp8EB6.tmp\rjsec123.ZIP", message = "rjsec123")~~RJStevensMusicPresentationCreator.Program~0000000606
2024-12-18 21:55:42.8637~DEBUG~download completed~~RJStevensMusicPresentationCreator.Program~0000000607
2024-12-18 21:55:42.8637~DEBUG~<- DownloadFile(url = "https://faas-nyc1-2ef2e6cc.doserverless.co/api/v1/web/fn-dd7f8f6a-d32a-4f5e-ae7b-870dfb7963f3/downloads/bundle?id=000000000000130", filename = "C:\Users\cofc_\AppData\Local\Temp\tmp8EB6.tmp\rjsec123.ZIP", message = "rjsec123")~~RJStevensMusicPresentationCreator.Program~0000000608
2024-12-18 21:55:42.8907~DEBUG~-> ExtractAllFromFile(zipFileName = "C:\Users\cofc_\AppData\Local\Temp\tmp8EB6.tmp\rjsec123.ZIP", decompressedFolder = "C:\Users\cofc_\AppData\Local\Temp\tmp90E9.tmp", message = "rjsec123")~~RJStevensMusicPresentationCreator.Program~0000000609
2024-12-18 21:55:43.2623~DEBUG~extract completed~~RJStevensMusicPresentationCreator.Program~0000000610
2024-12-18 21:55:43.2623~DEBUG~<- ExtractAllFromFile(zipFileName = "C:\Users\cofc_\AppData\Local\Temp\tmp8EB6.tmp\rjsec123.ZIP", decompressedFolder = "C:\Users\cofc_\AppData\Local\Temp\tmp90E9.tmp", message = "rjsec123")~~RJStevensMusicPresentationCreator.Program~0000000611
2024-12-18 21:55:43.3483~DEBUG~-> DownloadFile(url = "https://faas-nyc1-2ef2e6cc.doserverless.co/api/v1/web/fn-dd7f8f6a-d32a-4f5e-ae7b-870dfb7963f3/downloads/bundle?id=000000000000131", filename = "C:\Users\cofc_\AppData\Local\Temp\tmp92AF.tmp\rjsec124.ZIP", message = "rjsec124")~~RJStevensMusicPresentationCreator.Program~0000000612
2024-12-18 21:55:43.8003~DEBUG~download completed~~RJStevensMusicPresentationCreator.Program~0000000613
2024-12-18 21:55:43.8003~DEBUG~<- DownloadFile(url = "https://faas-nyc1-2ef2e6cc.doserverless.co/api/v1/web/fn-dd7f8f6a-d32a-4f5e-ae7b-870dfb7963f3/downloads/bundle?id=000000000000131", filename = "C:\Users\cofc_\AppData\Local\Temp\tmp92AF.tmp\rjsec124.ZIP", message = "rjsec124")~~RJStevensMusicPresentationCreator.Program~0000000614
2024-12-18 21:55:43.8193~DEBUG~-> ExtractAllFromFile(zipFileName = "C:\Users\cofc_\AppData\Local\Temp\tmp92AF.tmp\rjsec124.ZIP", decompressedFolder = "C:\Users\cofc_\AppData\Local\Temp\tmp9485.tmp", message = "rjsec124")~~RJStevensMusicPresentationCreator.Program~0000000615
2024-12-18 21:55:44.0185~DEBUG~extract completed~~RJStevensMusicPresentationCreator.Program~0000000616
2024-12-18 21:55:44.0185~DEBUG~<- ExtractAllFromFile(zipFileName = "C:\Users\cofc_\AppData\Local\Temp\tmp92AF.tmp\rjsec124.ZIP", decompressedFolder = "C:\Users\cofc_\AppData\Local\Temp\tmp9485.tmp", message = "rjsec124")~~RJStevensMusicPresentationCreator.Program~0000000617
2024-12-18 21:55:44.0805~DEBUG~-> DownloadFile(url = "https://faas-nyc1-2ef2e6cc.doserverless.co/api/v1/web/fn-dd7f8f6a-d32a-4f5e-ae7b-870dfb7963f3/downloads/bundle?id=000000000000132", filename = "C:\Users\cofc_\AppData\Local\Temp\tmp9590.tmp\rjsec125.ZIP", message = "rjsec125")~~RJStevensMusicPresentationCreator.Program~0000000618
2024-12-18 21:55:44.5255~DEBUG~download completed~~RJStevensMusicPresentationCreator.Program~0000000619
2024-12-18 21:55:44.5255~DEBUG~<- DownloadFile(url = "https://faas-nyc1-2ef2e6cc.doserverless.co/api/v1/web/fn-dd7f8f6a-d32a-4f5e-ae7b-870dfb7963f3/downloads/bundle?id=000000000000132", filename = "C:\Users\cofc_\AppData\Local\Temp\tmp9590.tmp\rjsec125.ZIP", message = "rjsec125")~~RJStevensMusicPresentationCreator.Program~0000000620
2024-12-18 21:55:44.5415~DEBUG~-> ExtractAllFromFile(zipFileName = "C:\Users\cofc_\AppData\Local\Temp\tmp9590.tmp\rjsec125.ZIP", decompressedFolder = "C:\Users\cofc_\AppData\Local\Temp\tmp9756.tmp", message = "rjsec125")~~RJStevensMusicPresentationCreator.Program~0000000621
2024-12-18 21:55:44.7886~DEBUG~extract completed~~RJStevensMusicPresentationCreator.Program~0000000622
2024-12-18 21:55:44.7936~DEBUG~<- ExtractAllFromFile(zipFileName = "C:\Users\cofc_\AppData\Local\Temp\tmp9590.tmp\rjsec125.ZIP", decompressedFolder = "C:\Users\cofc_\AppData\Local\Temp\tmp9756.tmp", message = "rjsec125")~~RJStevensMusicPresentationCreator.Program~0000000623
2024-12-18 21:55:44.8596~DEBUG~-> DownloadFile(url = "https://faas-nyc1-2ef2e6cc.doserverless.co/api/v1/web/fn-dd7f8f6a-d32a-4f5e-ae7b-870dfb7963f3/downloads/bundle?id=000000000000133", filename = "C:\Users\cofc_\AppData\Local\Temp\tmp989F.tmp\rjsec126.ZIP", message = "rjsec126")~~RJStevensMusicPresentationCreator.Program~0000000624
2024-12-18 21:55:45.3076~DEBUG~download completed~~RJStevensMusicPresentationCreator.Program~0000000625
2024-12-18 21:55:45.3076~DEBUG~<- DownloadFile(url = "https://faas-nyc1-2ef2e6cc.doserverless.co/api/v1/web/fn-dd7f8f6a-d32a-4f5e-ae7b-870dfb7963f3/downloads/bundle?id=000000000000133", filename = "C:\Users\cofc_\AppData\Local\Temp\tmp989F.tmp\rjsec126.ZIP", message = "rjsec126")~~RJStevensMusicPresentationCreator.Program~0000000626
2024-12-18 21:55:45.3236~DEBUG~-> ExtractAllFromFile(zipFileName = "C:\Users\cofc_\AppData\Local\Temp\tmp989F.tmp\rjsec126.ZIP", decompressedFolder = "C:\Users\cofc_\AppData\Local\Temp\tmp9A75.tmp", message = "rjsec126")~~RJStevensMusicPresentationCreator.Program~0000000627
2024-12-18 21:55:45.5736~DEBUG~extract completed~~RJStevensMusicPresentationCreator.Program~0000000628
2024-12-18 21:55:45.5736~DEBUG~<- ExtractAllFromFile(zipFileName = "C:\Users\cofc_\AppData\Local\Temp\tmp989F.tmp\rjsec126.ZIP", decompressedFolder = "C:\Users\cofc_\AppData\Local\Temp\tmp9A75.tmp", message = "rjsec126")~~RJStevensMusicPresentationCreator.Program~0000000629
2024-12-18 21:55:45.6486~DEBUG~-> DownloadFile(url = "https://faas-nyc1-2ef2e6cc.doserverless.co/api/v1/web/fn-dd7f8f6a-d32a-4f5e-ae7b-870dfb7963f3/downloads/bundle?id=000000000000134", filename = "C:\Users\cofc_\AppData\Local\Temp\tmp9BAE.tmp\rjsec127.ZIP", message = "rjsec127")~~RJStevensMusicPresentationCreator.Program~0000000630
2024-12-18 21:55:46.0827~DEBUG~download completed~~RJStevensMusicPresentationCreator.Program~0000000631
2024-12-18 21:55:46.0827~DEBUG~<- DownloadFile(url = "https://faas-nyc1-2ef2e6cc.doserverless.co/api/v1/web/fn-dd7f8f6a-d32a-4f5e-ae7b-870dfb7963f3/downloads/bundle?id=000000000000134", filename = "C:\Users\cofc_\AppData\Local\Temp\tmp9BAE.tmp\rjsec127.ZIP", message = "rjsec127")~~RJStevensMusicPresentationCreator.Program~0000000632
2024-12-18 21:55:46.1017~DEBUG~-> ExtractAllFromFile(zipFileName = "C:\Users\cofc_\AppData\Local\Temp\tmp9BAE.tmp\rjsec127.ZIP", decompressedFolder = "C:\Users\cofc_\AppData\Local\Temp\tmp9D74.tmp", message = "rjsec127")~~RJStevensMusicPresentationCreator.Program~0000000633
2024-12-18 21:55:46.3707~DEBUG~extract completed~~RJStevensMusicPresentationCreator.Program~0000000634
2024-12-18 21:55:46.3707~DEBUG~<- ExtractAllFromFile(zipFileName = "C:\Users\cofc_\AppData\Local\Temp\tmp9BAE.tmp\rjsec127.ZIP", decompressedFolder = "C:\Users\cofc_\AppData\Local\Temp\tmp9D74.tmp", message = "rjsec127")~~RJStevensMusicPresentationCreator.Program~0000000635
2024-12-18 21:55:46.4407~DEBUG~-> DownloadFile(url = "https://faas-nyc1-2ef2e6cc.doserverless.co/api/v1/web/fn-dd7f8f6a-d32a-4f5e-ae7b-870dfb7963f3/downloads/bundle?id=000000000000135", filename = "C:\Users\cofc_\AppData\Local\Temp\tmp9ECD.tmp\rjsec128.ZIP", message = "rjsec128")~~RJStevensMusicPresentationCreator.Program~0000000636
2024-12-18 21:55:46.8727~DEBUG~download completed~~RJStevensMusicPresentationCreator.Program~0000000637
2024-12-18 21:55:46.8727~DEBUG~<- DownloadFile(url = "https://faas-nyc1-2ef2e6cc.doserverless.co/api/v1/web/fn-dd7f8f6a-d32a-4f5e-ae7b-870dfb7963f3/downloads/bundle?id=000000000000135", filename = "C:\Users\cofc_\AppData\Local\Temp\tmp9ECD.tmp\rjsec128.ZIP", message = "rjsec128")~~RJStevensMusicPresentationCreator.Program~0000000638
2024-12-18 21:55:46.8857~DEBUG~-> ExtractAllFromFile(zipFileName = "C:\Users\cofc_\AppData\Local\Temp\tmp9ECD.tmp\rjsec128.ZIP", decompressedFolder = "C:\Users\cofc_\AppData\Local\Temp\tmpA093.tmp", message = "rjsec128")~~RJStevensMusicPresentationCreator.Program~0000000639
2024-12-18 21:55:47.0567~DEBUG~extract completed~~RJStevensMusicPresentationCreator.Program~0000000640
2024-12-18 21:55:47.0567~DEBUG~<- ExtractAllFromFile(zipFileName = "C:\Users\cofc_\AppData\Local\Temp\tmp9ECD.tmp\rjsec128.ZIP", decompressedFolder = "C:\Users\cofc_\AppData\Local\Temp\tmpA093.tmp", message = "rjsec128")~~RJStevensMusicPresentationCreator.Program~0000000641
2024-12-18 21:55:47.1078~DEBUG~-> DownloadFile(url = "https://faas-nyc1-2ef2e6cc.doserverless.co/api/v1/web/fn-dd7f8f6a-d32a-4f5e-ae7b-870dfb7963f3/downloads/bundle?id=000000000000136", filename = "C:\Users\cofc_\AppData\Local\Temp\tmpA16F.tmp\rjsec129.ZIP", message = "rjsec129")~~RJStevensMusicPresentationCreator.Program~0000000642
2024-12-18 21:55:47.6048~DEBUG~download completed~~RJStevensMusicPresentationCreator.Program~0000000643
2024-12-18 21:55:47.6048~DEBUG~<- DownloadFile(url = "https://faas-nyc1-2ef2e6cc.doserverless.co/api/v1/web/fn-dd7f8f6a-d32a-4f5e-ae7b-870dfb7963f3/downloads/bundle?id=000000000000136", filename = "C:\Users\cofc_\AppData\Local\Temp\tmpA16F.tmp\rjsec129.ZIP", message = "rjsec129")~~RJStevensMusicPresentationCreator.Program~0000000644
2024-12-18 21:55:47.6248~DEBUG~-> ExtractAllFromFile(zipFileName = "C:\Users\cofc_\AppData\Local\Temp\tmpA16F.tmp\rjsec129.ZIP", decompressedFolder = "C:\Users\cofc_\AppData\Local\Temp\tmpA373.tmp", message = "rjsec129")~~RJStevensMusicPresentationCreator.Program~0000000645
2024-12-18 21:55:47.9259~DEBUG~extract completed~~RJStevensMusicPresentationCreator.Program~0000000646
2024-12-18 21:55:47.9259~DEBUG~<- ExtractAllFromFile(zipFileName = "C:\Users\cofc_\AppData\Local\Temp\tmpA16F.tmp\rjsec129.ZIP", decompressedFolder = "C:\Users\cofc_\AppData\Local\Temp\tmpA373.tmp", message = "rjsec129")~~RJStevensMusicPresentationCreator.Program~0000000647
2024-12-18 21:55:48.0049~DEBUG~-> DownloadFile(url = "https://faas-nyc1-2ef2e6cc.doserverless.co/api/v1/web/fn-dd7f8f6a-d32a-4f5e-ae7b-870dfb7963f3/downloads/bundle?id=000000000000137", filename = "C:\Users\cofc_\AppData\Local\Temp\tmpA4EB.tmp\rjsec130.ZIP", message = "rjsec130")~~RJStevensMusicPresentationCreator.Program~0000000648
2024-12-18 21:55:48.5839~DEBUG~download completed~~RJStevensMusicPresentationCreator.Program~0000000649
2024-12-18 21:55:48.5839~DEBUG~<- DownloadFile(url = "https://faas-nyc1-2ef2e6cc.doserverless.co/api/v1/web/fn-dd7f8f6a-d32a-4f5e-ae7b-870dfb7963f3/downloads/bundle?id=000000000000137", filename = "C:\Users\cofc_\AppData\Local\Temp\tmpA4EB.tmp\rjsec130.ZIP", message = "rjsec130")~~RJStevensMusicPresentationCreator.Program~0000000650
2024-12-18 21:55:48.6029~DEBUG~-> ExtractAllFromFile(zipFileName = "C:\Users\cofc_\AppData\Local\Temp\tmpA4EB.tmp\rjsec130.ZIP", decompressedFolder = "C:\Users\cofc_\AppData\Local\Temp\tmpA73E.tmp", message = "rjsec130")~~RJStevensMusicPresentationCreator.Program~0000000651
2024-12-18 21:55:48.7959~DEBUG~extract completed~~RJStevensMusicPresentationCreator.Program~0000000652
2024-12-18 21:55:48.7959~DEBUG~<- ExtractAllFromFile(zipFileName = "C:\Users\cofc_\AppData\Local\Temp\tmpA4EB.tmp\rjsec130.ZIP", decompressedFolder = "C:\Users\cofc_\AppData\Local\Temp\tmpA73E.tmp", message = "rjsec130")~~RJStevensMusicPresentationCreator.Program~0000000653
2024-12-18 21:55:48.8549~DEBUG~-> DownloadFile(url = "https://faas-nyc1-2ef2e6cc.doserverless.co/api/v1/web/fn-dd7f8f6a-d32a-4f5e-ae7b-870dfb7963f3/downloads/bundle?id=000000000000138", filename = "C:\Users\cofc_\AppData\Local\Temp\tmpA849.tmp\rjsec131.ZIP", message = "rjsec131")~~RJStevensMusicPresentationCreator.Program~0000000654
2024-12-18 21:55:49.3600~DEBUG~download completed~~RJStevensMusicPresentationCreator.Program~0000000655
2024-12-18 21:55:49.3600~DEBUG~<- DownloadFile(url = "https://faas-nyc1-2ef2e6cc.doserverless.co/api/v1/web/fn-dd7f8f6a-d32a-4f5e-ae7b-870dfb7963f3/downloads/bundle?id=000000000000138", filename = "C:\Users\cofc_\AppData\Local\Temp\tmpA849.tmp\rjsec131.ZIP", message = "rjsec131")~~RJStevensMusicPresentationCreator.Program~0000000656
2024-12-18 21:55:49.3760~DEBUG~-> ExtractAllFromFile(zipFileName = "C:\Users\cofc_\AppData\Local\Temp\tmpA849.tmp\rjsec131.ZIP", decompressedFolder = "C:\Users\cofc_\AppData\Local\Temp\tmpAA4D.tmp", message = "rjsec131")~~RJStevensMusicPresentationCreator.Program~0000000657
2024-12-18 21:55:49.6430~DEBUG~extract completed~~RJStevensMusicPresentationCreator.Program~0000000658
2024-12-18 21:55:49.6430~DEBUG~<- ExtractAllFromFile(zipFileName = "C:\Users\cofc_\AppData\Local\Temp\tmpA849.tmp\rjsec131.ZIP", decompressedFolder = "C:\Users\cofc_\AppData\Local\Temp\tmpAA4D.tmp", message = "rjsec131")~~RJStevensMusicPresentationCreator.Program~0000000659
2024-12-18 21:55:49.7420~DEBUG~-> DownloadFile(url = "https://faas-nyc1-2ef2e6cc.doserverless.co/api/v1/web/fn-dd7f8f6a-d32a-4f5e-ae7b-870dfb7963f3/downloads/bundle?id=000000000000139", filename = "C:\Users\cofc_\AppData\Local\Temp\tmpABB6.tmp\rjsec132.ZIP", message = "rjsec132")~~RJStevensMusicPresentationCreator.Program~0000000660
2024-12-18 21:55:50.1821~DEBUG~download completed~~RJStevensMusicPresentationCreator.Program~0000000661
2024-12-18 21:55:50.1821~DEBUG~<- DownloadFile(url = "https://faas-nyc1-2ef2e6cc.doserverless.co/api/v1/web/fn-dd7f8f6a-d32a-4f5e-ae7b-870dfb7963f3/downloads/bundle?id=000000000000139", filename = "C:\Users\cofc_\AppData\Local\Temp\tmpABB6.tmp\rjsec132.ZIP", message = "rjsec132")~~RJStevensMusicPresentationCreator.Program~0000000662
2024-12-18 21:55:50.2021~DEBUG~-> ExtractAllFromFile(zipFileName = "C:\Users\cofc_\AppData\Local\Temp\tmpABB6.tmp\rjsec132.ZIP", decompressedFolder = "C:\Users\cofc_\AppData\Local\Temp\tmpAD8C.tmp", message = "rjsec132")~~RJStevensMusicPresentationCreator.Program~0000000663
2024-12-18 21:55:50.4341~DEBUG~extract completed~~RJStevensMusicPresentationCreator.Program~0000000664
2024-12-18 21:55:50.4341~DEBUG~<- ExtractAllFromFile(zipFileName = "C:\Users\cofc_\AppData\Local\Temp\tmpABB6.tmp\rjsec132.ZIP", decompressedFolder = "C:\Users\cofc_\AppData\Local\Temp\tmpAD8C.tmp", message = "rjsec132")~~RJStevensMusicPresentationCreator.Program~0000000665
2024-12-18 21:55:50.5051~DEBUG~-> DownloadFile(url = "https://faas-nyc1-2ef2e6cc.doserverless.co/api/v1/web/fn-dd7f8f6a-d32a-4f5e-ae7b-870dfb7963f3/downloads/bundle?id=000000000000140", filename = "C:\Users\cofc_\AppData\Local\Temp\tmpAEB5.tmp\rjsec133.ZIP", message = "rjsec133")~~RJStevensMusicPresentationCreator.Program~0000000666
2024-12-18 21:55:50.9539~DEBUG~download completed~~RJStevensMusicPresentationCreator.Program~0000000667
2024-12-18 21:55:50.9539~DEBUG~<- DownloadFile(url = "https://faas-nyc1-2ef2e6cc.doserverless.co/api/v1/web/fn-dd7f8f6a-d32a-4f5e-ae7b-870dfb7963f3/downloads/bundle?id=000000000000140", filename = "C:\Users\cofc_\AppData\Local\Temp\tmpAEB5.tmp\rjsec133.ZIP", message = "rjsec133")~~RJStevensMusicPresentationCreator.Program~0000000668
2024-12-18 21:55:50.9719~DEBUG~-> ExtractAllFromFile(zipFileName = "C:\Users\cofc_\AppData\Local\Temp\tmpAEB5.tmp\rjsec133.ZIP", decompressedFolder = "C:\Users\cofc_\AppData\Local\Temp\tmpB08B.tmp", message = "rjsec133")~~RJStevensMusicPresentationCreator.Program~0000000669
2024-12-18 21:55:51.1990~DEBUG~extract completed~~RJStevensMusicPresentationCreator.Program~0000000670
2024-12-18 21:55:51.1990~DEBUG~<- ExtractAllFromFile(zipFileName = "C:\Users\cofc_\AppData\Local\Temp\tmpAEB5.tmp\rjsec133.ZIP", decompressedFolder = "C:\Users\cofc_\AppData\Local\Temp\tmpB08B.tmp", message = "rjsec133")~~RJStevensMusicPresentationCreator.Program~0000000671
2024-12-18 21:55:51.2620~DEBUG~-> DownloadFile(url = "https://faas-nyc1-2ef2e6cc.doserverless.co/api/v1/web/fn-dd7f8f6a-d32a-4f5e-ae7b-870dfb7963f3/downloads/bundle?id=000000000000141", filename = "C:\Users\cofc_\AppData\Local\Temp\tmpB1B5.tmp\rjsec134.ZIP", message = "rjsec134")~~RJStevensMusicPresentationCreator.Program~0000000672
2024-12-18 21:55:51.7500~DEBUG~download completed~~RJStevensMusicPresentationCreator.Program~0000000673
2024-12-18 21:55:51.7500~DEBUG~<- DownloadFile(url = "https://faas-nyc1-2ef2e6cc.doserverless.co/api/v1/web/fn-dd7f8f6a-d32a-4f5e-ae7b-870dfb7963f3/downloads/bundle?id=000000000000141", filename = "C:\Users\cofc_\AppData\Local\Temp\tmpB1B5.tmp\rjsec134.ZIP", message = "rjsec134")~~RJStevensMusicPresentationCreator.Program~0000000674
2024-12-18 21:55:51.7640~DEBUG~-> ExtractAllFromFile(zipFileName = "C:\Users\cofc_\AppData\Local\Temp\tmpB1B5.tmp\rjsec134.ZIP", decompressedFolder = "C:\Users\cofc_\AppData\Local\Temp\tmpB3AA.tmp", message = "rjsec134")~~RJStevensMusicPresentationCreator.Program~0000000675
2024-12-18 21:55:51.9570~DEBUG~extract completed~~RJStevensMusicPresentationCreator.Program~0000000676
2024-12-18 21:55:51.9570~DEBUG~<- ExtractAllFromFile(zipFileName = "C:\Users\cofc_\AppData\Local\Temp\tmpB1B5.tmp\rjsec134.ZIP", decompressedFolder = "C:\Users\cofc_\AppData\Local\Temp\tmpB3AA.tmp", message = "rjsec134")~~RJStevensMusicPresentationCreator.Program~0000000677
2024-12-18 21:55:52.0140~DEBUG~-> DownloadFile(url = "https://faas-nyc1-2ef2e6cc.doserverless.co/api/v1/web/fn-dd7f8f6a-d32a-4f5e-ae7b-870dfb7963f3/downloads/bundle?id=000000000000142", filename = "C:\Users\cofc_\AppData\Local\Temp\tmpB4A5.tmp\rjsec135.ZIP", message = "rjsec135")~~RJStevensMusicPresentationCreator.Program~0000000678
2024-12-18 21:55:52.5210~DEBUG~download completed~~RJStevensMusicPresentationCreator.Program~0000000679
2024-12-18 21:55:52.5210~DEBUG~<- DownloadFile(url = "https://faas-nyc1-2ef2e6cc.doserverless.co/api/v1/web/fn-dd7f8f6a-d32a-4f5e-ae7b-870dfb7963f3/downloads/bundle?id=000000000000142", filename = "C:\Users\cofc_\AppData\Local\Temp\tmpB4A5.tmp\rjsec135.ZIP", message = "rjsec135")~~RJStevensMusicPresentationCreator.Program~0000000680
2024-12-18 21:55:52.5380~DEBUG~-> ExtractAllFromFile(zipFileName = "C:\Users\cofc_\AppData\Local\Temp\tmpB4A5.tmp\rjsec135.ZIP", decompressedFolder = "C:\Users\cofc_\AppData\Local\Temp\tmpB6AA.tmp", message = "rjsec135")~~RJStevensMusicPresentationCreator.Program~0000000681
2024-12-18 21:55:52.7390~DEBUG~extract completed~~RJStevensMusicPresentationCreator.Program~0000000682
2024-12-18 21:55:52.7390~DEBUG~<- ExtractAllFromFile(zipFileName = "C:\Users\cofc_\AppData\Local\Temp\tmpB4A5.tmp\rjsec135.ZIP", decompressedFolder = "C:\Users\cofc_\AppData\Local\Temp\tmpB6AA.tmp", message = "rjsec135")~~RJStevensMusicPresentationCreator.Program~0000000683
2024-12-18 21:55:52.7970~DEBUG~-> DownloadFile(url = "https://faas-nyc1-2ef2e6cc.doserverless.co/api/v1/web/fn-dd7f8f6a-d32a-4f5e-ae7b-870dfb7963f3/downloads/bundle?id=000000000000143", filename = "C:\Users\cofc_\AppData\Local\Temp\tmpB7B4.tmp\rjsec136.ZIP", message = "rjsec136")~~RJStevensMusicPresentationCreator.Program~0000000684
2024-12-18 21:55:53.2671~DEBUG~download completed~~RJStevensMusicPresentationCreator.Program~0000000685
2024-12-18 21:55:53.2671~DEBUG~<- DownloadFile(url = "https://faas-nyc1-2ef2e6cc.doserverless.co/api/v1/web/fn-dd7f8f6a-d32a-4f5e-ae7b-870dfb7963f3/downloads/bundle?id=000000000000143", filename = "C:\Users\cofc_\AppData\Local\Temp\tmpB7B4.tmp\rjsec136.ZIP", message = "rjsec136")~~RJStevensMusicPresentationCreator.Program~0000000686
2024-12-18 21:55:53.2851~DEBUG~-> ExtractAllFromFile(zipFileName = "C:\Users\cofc_\AppData\Local\Temp\tmpB7B4.tmp\rjsec136.ZIP", decompressedFolder = "C:\Users\cofc_\AppData\Local\Temp\tmpB99A.tmp", message = "rjsec136")~~RJStevensMusicPresentationCreator.Program~0000000687
2024-12-18 21:55:53.4857~DEBUG~extract completed~~RJStevensMusicPresentationCreator.Program~0000000688
2024-12-18 21:55:53.4857~DEBUG~<- ExtractAllFromFile(zipFileName = "C:\Users\cofc_\AppData\Local\Temp\tmpB7B4.tmp\rjsec136.ZIP", decompressedFolder = "C:\Users\cofc_\AppData\Local\Temp\tmpB99A.tmp", message = "rjsec136")~~RJStevensMusicPresentationCreator.Program~0000000689
2024-12-18 21:55:53.5467~DEBUG~-> DownloadFile(url = "https://faas-nyc1-2ef2e6cc.doserverless.co/api/v1/web/fn-dd7f8f6a-d32a-4f5e-ae7b-870dfb7963f3/downloads/bundle?id=000000000000144", filename = "C:\Users\cofc_\AppData\Local\Temp\tmpBAA4.tmp\rjsec137.ZIP", message = "rjsec137")~~RJStevensMusicPresentationCreator.Program~0000000690
2024-12-18 21:55:54.0534~DEBUG~download completed~~RJStevensMusicPresentationCreator.Program~0000000691
2024-12-18 21:55:54.0534~DEBUG~<- DownloadFile(url = "https://faas-nyc1-2ef2e6cc.doserverless.co/api/v1/web/fn-dd7f8f6a-d32a-4f5e-ae7b-870dfb7963f3/downloads/bundle?id=000000000000144", filename = "C:\Users\cofc_\AppData\Local\Temp\tmpBAA4.tmp\rjsec137.ZIP", message = "rjsec137")~~RJStevensMusicPresentationCreator.Program~0000000692
2024-12-18 21:55:54.0714~DEBUG~-> ExtractAllFromFile(zipFileName = "C:\Users\cofc_\AppData\Local\Temp\tmpBAA4.tmp\rjsec137.ZIP", decompressedFolder = "C:\Users\cofc_\AppData\Local\Temp\tmpBCA9.tmp", message = "rjsec137")~~RJStevensMusicPresentationCreator.Program~0000000693
2024-12-18 21:55:54.3584~DEBUG~extract completed~~RJStevensMusicPresentationCreator.Program~0000000694
2024-12-18 21:55:54.3584~DEBUG~<- ExtractAllFromFile(zipFileName = "C:\Users\cofc_\AppData\Local\Temp\tmpBAA4.tmp\rjsec137.ZIP", decompressedFolder = "C:\Users\cofc_\AppData\Local\Temp\tmpBCA9.tmp", message = "rjsec137")~~RJStevensMusicPresentationCreator.Program~0000000695
2024-12-18 21:55:54.4354~DEBUG~-> DownloadFile(url = "https://faas-nyc1-2ef2e6cc.doserverless.co/api/v1/web/fn-dd7f8f6a-d32a-4f5e-ae7b-870dfb7963f3/downloads/bundle?id=000000000000145", filename = "C:\Users\cofc_\AppData\Local\Temp\tmpBE21.tmp\rjsec138.ZIP", message = "rjsec138")~~RJStevensMusicPresentationCreator.Program~0000000696
2024-12-18 21:55:54.8774~DEBUG~download completed~~RJStevensMusicPresentationCreator.Program~0000000697
2024-12-18 21:55:54.8774~DEBUG~<- DownloadFile(url = "https://faas-nyc1-2ef2e6cc.doserverless.co/api/v1/web/fn-dd7f8f6a-d32a-4f5e-ae7b-870dfb7963f3/downloads/bundle?id=000000000000145", filename = "C:\Users\cofc_\AppData\Local\Temp\tmpBE21.tmp\rjsec138.ZIP", message = "rjsec138")~~RJStevensMusicPresentationCreator.Program~0000000698
2024-12-18 21:55:54.8914~DEBUG~-> ExtractAllFromFile(zipFileName = "C:\Users\cofc_\AppData\Local\Temp\tmpBE21.tmp\rjsec138.ZIP", decompressedFolder = "C:\Users\cofc_\AppData\Local\Temp\tmpBFE7.tmp", message = "rjsec138")~~RJStevensMusicPresentationCreator.Program~0000000699
2024-12-18 21:55:55.1181~DEBUG~extract completed~~RJStevensMusicPresentationCreator.Program~0000000700
2024-12-18 21:55:55.1221~DEBUG~<- ExtractAllFromFile(zipFileName = "C:\Users\cofc_\AppData\Local\Temp\tmpBE21.tmp\rjsec138.ZIP", decompressedFolder = "C:\Users\cofc_\AppData\Local\Temp\tmpBFE7.tmp", message = "rjsec138")~~RJStevensMusicPresentationCreator.Program~0000000701
2024-12-18 21:55:55.1811~DEBUG~-> DownloadFile(url = "https://faas-nyc1-2ef2e6cc.doserverless.co/api/v1/web/fn-dd7f8f6a-d32a-4f5e-ae7b-870dfb7963f3/downloads/bundle?id=000000000000146", filename = "C:\Users\cofc_\AppData\Local\Temp\tmpC101.tmp\rjsec139.ZIP", message = "rjsec139")~~RJStevensMusicPresentationCreator.Program~0000000702
2024-12-18 21:55:55.6733~DEBUG~download completed~~RJStevensMusicPresentationCreator.Program~0000000703
2024-12-18 21:55:55.6733~DEBUG~<- DownloadFile(url = "https://faas-nyc1-2ef2e6cc.doserverless.co/api/v1/web/fn-dd7f8f6a-d32a-4f5e-ae7b-870dfb7963f3/downloads/bundle?id=000000000000146", filename = "C:\Users\cofc_\AppData\Local\Temp\tmpC101.tmp\rjsec139.ZIP", message = "rjsec139")~~RJStevensMusicPresentationCreator.Program~0000000704
2024-12-18 21:55:55.6913~DEBUG~-> ExtractAllFromFile(zipFileName = "C:\Users\cofc_\AppData\Local\Temp\tmpC101.tmp\rjsec139.ZIP", decompressedFolder = "C:\Users\cofc_\AppData\Local\Temp\tmpC306.tmp", message = "rjsec139")~~RJStevensMusicPresentationCreator.Program~0000000705
2024-12-18 21:55:55.9463~DEBUG~extract completed~~RJStevensMusicPresentationCreator.Program~0000000706
2024-12-18 21:55:55.9483~DEBUG~<- ExtractAllFromFile(zipFileName = "C:\Users\cofc_\AppData\Local\Temp\tmpC101.tmp\rjsec139.ZIP", decompressedFolder = "C:\Users\cofc_\AppData\Local\Temp\tmpC306.tmp", message = "rjsec139")~~RJStevensMusicPresentationCreator.Program~0000000707
2024-12-18 21:55:56.0193~DEBUG~-> DownloadFile(url = "https://faas-nyc1-2ef2e6cc.doserverless.co/api/v1/web/fn-dd7f8f6a-d32a-4f5e-ae7b-870dfb7963f3/downloads/bundle?id=000000000000148", filename = "C:\Users\cofc_\AppData\Local\Temp\tmpC44F.tmp\rjsec141.ZIP", message = "rjsec141")~~RJStevensMusicPresentationCreator.Program~0000000708
2024-12-18 21:55:56.5923~DEBUG~download completed~~RJStevensMusicPresentationCreator.Program~0000000709
2024-12-18 21:55:56.5923~DEBUG~<- DownloadFile(url = "https://faas-nyc1-2ef2e6cc.doserverless.co/api/v1/web/fn-dd7f8f6a-d32a-4f5e-ae7b-870dfb7963f3/downloads/bundle?id=000000000000148", filename = "C:\Users\cofc_\AppData\Local\Temp\tmpC44F.tmp\rjsec141.ZIP", message = "rjsec141")~~RJStevensMusicPresentationCreator.Program~0000000710
2024-12-18 21:55:56.6113~DEBUG~-> ExtractAllFromFile(zipFileName = "C:\Users\cofc_\AppData\Local\Temp\tmpC44F.tmp\rjsec141.ZIP", decompressedFolder = "C:\Users\cofc_\AppData\Local\Temp\tmpC6A2.tmp", message = "rjsec141")~~RJStevensMusicPresentationCreator.Program~0000000711
2024-12-18 21:55:56.8744~DEBUG~extract completed~~RJStevensMusicPresentationCreator.Program~0000000712
2024-12-18 21:55:56.8744~DEBUG~<- ExtractAllFromFile(zipFileName = "C:\Users\cofc_\AppData\Local\Temp\tmpC44F.tmp\rjsec141.ZIP", decompressedFolder = "C:\Users\cofc_\AppData\Local\Temp\tmpC6A2.tmp", message = "rjsec141")~~RJStevensMusicPresentationCreator.Program~0000000713
2024-12-18 21:55:56.9424~DEBUG~-> DownloadFile(url = "https://faas-nyc1-2ef2e6cc.doserverless.co/api/v1/web/fn-dd7f8f6a-d32a-4f5e-ae7b-870dfb7963f3/downloads/bundle?id=000000000000149", filename = "C:\Users\cofc_\AppData\Local\Temp\tmpC7EB.tmp\rjsec142.ZIP", message = "rjsec142")~~RJStevensMusicPresentationCreator.Program~0000000714
2024-12-18 21:55:57.3944~DEBUG~download completed~~RJStevensMusicPresentationCreator.Program~0000000715
2024-12-18 21:55:57.3944~DEBUG~<- DownloadFile(url = "https://faas-nyc1-2ef2e6cc.doserverless.co/api/v1/web/fn-dd7f8f6a-d32a-4f5e-ae7b-870dfb7963f3/downloads/bundle?id=000000000000149", filename = "C:\Users\cofc_\AppData\Local\Temp\tmpC7EB.tmp\rjsec142.ZIP", message = "rjsec142")~~RJStevensMusicPresentationCreator.Program~0000000716
2024-12-18 21:55:57.4074~DEBUG~-> ExtractAllFromFile(zipFileName = "C:\Users\cofc_\AppData\Local\Temp\tmpC7EB.tmp\rjsec142.ZIP", decompressedFolder = "C:\Users\cofc_\AppData\Local\Temp\tmpC9C1.tmp", message = "rjsec142")~~RJStevensMusicPresentationCreator.Program~0000000717
2024-12-18 21:55:57.6384~DEBUG~extract completed~~RJStevensMusicPresentationCreator.Program~0000000718
2024-12-18 21:55:57.6384~DEBUG~<- ExtractAllFromFile(zipFileName = "C:\Users\cofc_\AppData\Local\Temp\tmpC7EB.tmp\rjsec142.ZIP", decompressedFolder = "C:\Users\cofc_\AppData\Local\Temp\tmpC9C1.tmp", message = "rjsec142")~~RJStevensMusicPresentationCreator.Program~0000000719
2024-12-18 21:55:57.7064~DEBUG~-> DownloadFile(url = "https://faas-nyc1-2ef2e6cc.doserverless.co/api/v1/web/fn-dd7f8f6a-d32a-4f5e-ae7b-870dfb7963f3/downloads/bundle?id=000000000000150", filename = "C:\Users\cofc_\AppData\Local\Temp\tmpCAEB.tmp\rjsec143.ZIP", message = "rjsec143")~~RJStevensMusicPresentationCreator.Program~0000000720
2024-12-18 21:55:58.1714~DEBUG~download completed~~RJStevensMusicPresentationCreator.Program~0000000721
2024-12-18 21:55:58.1714~DEBUG~<- DownloadFile(url = "https://faas-nyc1-2ef2e6cc.doserverless.co/api/v1/web/fn-dd7f8f6a-d32a-4f5e-ae7b-870dfb7963f3/downloads/bundle?id=000000000000150", filename = "C:\Users\cofc_\AppData\Local\Temp\tmpCAEB.tmp\rjsec143.ZIP", message = "rjsec143")~~RJStevensMusicPresentationCreator.Program~0000000722
2024-12-18 21:55:58.1864~DEBUG~-> ExtractAllFromFile(zipFileName = "C:\Users\cofc_\AppData\Local\Temp\tmpCAEB.tmp\rjsec143.ZIP", decompressedFolder = "C:\Users\cofc_\AppData\Local\Temp\tmpCCD0.tmp", message = "rjsec143")~~RJStevensMusicPresentationCreator.Program~0000000723
2024-12-18 21:55:58.4265~DEBUG~extract completed~~RJStevensMusicPresentationCreator.Program~0000000724
2024-12-18 21:55:58.4265~DEBUG~<- ExtractAllFromFile(zipFileName = "C:\Users\cofc_\AppData\Local\Temp\tmpCAEB.tmp\rjsec143.ZIP", decompressedFolder = "C:\Users\cofc_\AppData\Local\Temp\tmpCCD0.tmp", message = "rjsec143")~~RJStevensMusicPresentationCreator.Program~0000000725
2024-12-18 21:55:58.4935~DEBUG~-> DownloadFile(url = "https://faas-nyc1-2ef2e6cc.doserverless.co/api/v1/web/fn-dd7f8f6a-d32a-4f5e-ae7b-870dfb7963f3/downloads/bundle?id=000000000000151", filename = "C:\Users\cofc_\AppData\Local\Temp\tmpCDFA.tmp\rjsec144.ZIP", message = "rjsec144")~~RJStevensMusicPresentationCreator.Program~0000000726
2024-12-18 21:55:58.8935~DEBUG~download completed~~RJStevensMusicPresentationCreator.Program~0000000727
2024-12-18 21:55:58.8935~DEBUG~<- DownloadFile(url = "https://faas-nyc1-2ef2e6cc.doserverless.co/api/v1/web/fn-dd7f8f6a-d32a-4f5e-ae7b-870dfb7963f3/downloads/bundle?id=000000000000151", filename = "C:\Users\cofc_\AppData\Local\Temp\tmpCDFA.tmp\rjsec144.ZIP", message = "rjsec144")~~RJStevensMusicPresentationCreator.Program~0000000728
2024-12-18 21:55:58.9075~DEBUG~-> ExtractAllFromFile(zipFileName = "C:\Users\cofc_\AppData\Local\Temp\tmpCDFA.tmp\rjsec144.ZIP", decompressedFolder = "C:\Users\cofc_\AppData\Local\Temp\tmpCFA1.tmp", message = "rjsec144")~~RJStevensMusicPresentationCreator.Program~0000000729
2024-12-18 21:55:59.1135~DEBUG~extract completed~~RJStevensMusicPresentationCreator.Program~0000000730
2024-12-18 21:55:59.1135~DEBUG~<- ExtractAllFromFile(zipFileName = "C:\Users\cofc_\AppData\Local\Temp\tmpCDFA.tmp\rjsec144.ZIP", decompressedFolder = "C:\Users\cofc_\AppData\Local\Temp\tmpCFA1.tmp", message = "rjsec144")~~RJStevensMusicPresentationCreator.Program~0000000731
2024-12-18 21:55:59.1785~DEBUG~-> DownloadFile(url = "https://faas-nyc1-2ef2e6cc.doserverless.co/api/v1/web/fn-dd7f8f6a-d32a-4f5e-ae7b-870dfb7963f3/downloads/bundle?id=000000000000153", filename = "C:\Users\cofc_\AppData\Local\Temp\tmpD0AB.tmp\rjsec146.ZIP", message = "rjsec146")~~RJStevensMusicPresentationCreator.Program~0000000732
2024-12-18 21:55:59.5882~DEBUG~download completed~~RJStevensMusicPresentationCreator.Program~0000000733
2024-12-18 21:55:59.5882~DEBUG~<- DownloadFile(url = "https://faas-nyc1-2ef2e6cc.doserverless.co/api/v1/web/fn-dd7f8f6a-d32a-4f5e-ae7b-870dfb7963f3/downloads/bundle?id=000000000000153", filename = "C:\Users\cofc_\AppData\Local\Temp\tmpD0AB.tmp\rjsec146.ZIP", message = "rjsec146")~~RJStevensMusicPresentationCreator.Program~0000000734
2024-12-18 21:55:59.6042~DEBUG~-> ExtractAllFromFile(zipFileName = "C:\Users\cofc_\AppData\Local\Temp\tmpD0AB.tmp\rjsec146.ZIP", decompressedFolder = "C:\Users\cofc_\AppData\Local\Temp\tmpD262.tmp", message = "rjsec146")~~RJStevensMusicPresentationCreator.Program~0000000735
2024-12-18 21:55:59.8072~DEBUG~extract completed~~RJStevensMusicPresentationCreator.Program~0000000736
2024-12-18 21:55:59.8072~DEBUG~<- ExtractAllFromFile(zipFileName = "C:\Users\cofc_\AppData\Local\Temp\tmpD0AB.tmp\rjsec146.ZIP", decompressedFolder = "C:\Users\cofc_\AppData\Local\Temp\tmpD262.tmp", message = "rjsec146")~~RJStevensMusicPresentationCreator.Program~0000000737
2024-12-18 21:55:59.8652~DEBUG~-> DownloadFile(url = "https://faas-nyc1-2ef2e6cc.doserverless.co/api/v1/web/fn-dd7f8f6a-d32a-4f5e-ae7b-870dfb7963f3/downloads/bundle?id=000000000000154", filename = "C:\Users\cofc_\AppData\Local\Temp\tmpD35D.tmp\rjsec147.ZIP", message = "rjsec147")~~RJStevensMusicPresentationCreator.Program~0000000738
2024-12-18 21:56:00.3502~DEBUG~download completed~~RJStevensMusicPresentationCreator.Program~0000000739
2024-12-18 21:56:00.3502~DEBUG~<- DownloadFile(url = "https://faas-nyc1-2ef2e6cc.doserverless.co/api/v1/web/fn-dd7f8f6a-d32a-4f5e-ae7b-870dfb7963f3/downloads/bundle?id=000000000000154", filename = "C:\Users\cofc_\AppData\Local\Temp\tmpD35D.tmp\rjsec147.ZIP", message = "rjsec147")~~RJStevensMusicPresentationCreator.Program~0000000740
2024-12-18 21:56:00.3682~DEBUG~-> ExtractAllFromFile(zipFileName = "C:\Users\cofc_\AppData\Local\Temp\tmpD35D.tmp\rjsec147.ZIP", decompressedFolder = "C:\Users\cofc_\AppData\Local\Temp\tmpD552.tmp", message = "rjsec147")~~RJStevensMusicPresentationCreator.Program~0000000741
2024-12-18 21:56:00.7457~DEBUG~extract completed~~RJStevensMusicPresentationCreator.Program~0000000742
2024-12-18 21:56:00.7457~DEBUG~<- ExtractAllFromFile(zipFileName = "C:\Users\cofc_\AppData\Local\Temp\tmpD35D.tmp\rjsec147.ZIP", decompressedFolder = "C:\Users\cofc_\AppData\Local\Temp\tmpD552.tmp", message = "rjsec147")~~RJStevensMusicPresentationCreator.Program~0000000743
2024-12-18 21:56:00.8427~DEBUG~-> DownloadFile(url = "https://faas-nyc1-2ef2e6cc.doserverless.co/api/v1/web/fn-dd7f8f6a-d32a-4f5e-ae7b-870dfb7963f3/downloads/bundle?id=000000000000155", filename = "C:\Users\cofc_\AppData\Local\Temp\tmpD737.tmp\rjsec148.ZIP", message = "rjsec148")~~RJStevensMusicPresentationCreator.Program~0000000744
2024-12-18 21:56:01.2896~DEBUG~download completed~~RJStevensMusicPresentationCreator.Program~0000000745
2024-12-18 21:56:01.2906~DEBUG~<- DownloadFile(url = "https://faas-nyc1-2ef2e6cc.doserverless.co/api/v1/web/fn-dd7f8f6a-d32a-4f5e-ae7b-870dfb7963f3/downloads/bundle?id=000000000000155", filename = "C:\Users\cofc_\AppData\Local\Temp\tmpD737.tmp\rjsec148.ZIP", message = "rjsec148")~~RJStevensMusicPresentationCreator.Program~0000000746
2024-12-18 21:56:01.2906~DEBUG~-> ExtractAllFromFile(zipFileName = "C:\Users\cofc_\AppData\Local\Temp\tmpD737.tmp\rjsec148.ZIP", decompressedFolder = "C:\Users\cofc_\AppData\Local\Temp\tmpD8FD.tmp", message = "rjsec148")~~RJStevensMusicPresentationCreator.Program~0000000747
2024-12-18 21:56:01.4766~DEBUG~extract completed~~RJStevensMusicPresentationCreator.Program~0000000748
2024-12-18 21:56:01.4796~DEBUG~<- ExtractAllFromFile(zipFileName = "C:\Users\cofc_\AppData\Local\Temp\tmpD737.tmp\rjsec148.ZIP", decompressedFolder = "C:\Users\cofc_\AppData\Local\Temp\tmpD8FD.tmp", message = "rjsec148")~~RJStevensMusicPresentationCreator.Program~0000000749
2024-12-18 21:56:01.5327~DEBUG~-> DownloadFile(url = "https://faas-nyc1-2ef2e6cc.doserverless.co/api/v1/web/fn-dd7f8f6a-d32a-4f5e-ae7b-870dfb7963f3/downloads/bundle?id=000000000000156", filename = "C:\Users\cofc_\AppData\Local\Temp\tmpD9E9.tmp\rjsec149.ZIP", message = "rjsec149")~~RJStevensMusicPresentationCreator.Program~0000000750
2024-12-18 21:56:02.0807~DEBUG~download completed~~RJStevensMusicPresentationCreator.Program~0000000751
2024-12-18 21:56:02.0807~DEBUG~<- DownloadFile(url = "https://faas-nyc1-2ef2e6cc.doserverless.co/api/v1/web/fn-dd7f8f6a-d32a-4f5e-ae7b-870dfb7963f3/downloads/bundle?id=000000000000156", filename = "C:\Users\cofc_\AppData\Local\Temp\tmpD9E9.tmp\rjsec149.ZIP", message = "rjsec149")~~RJStevensMusicPresentationCreator.Program~0000000752
2024-12-18 21:56:02.0947~DEBUG~-> ExtractAllFromFile(zipFileName = "C:\Users\cofc_\AppData\Local\Temp\tmpD9E9.tmp\rjsec149.ZIP", decompressedFolder = "C:\Users\cofc_\AppData\Local\Temp\tmpDC1C.tmp", message = "rjsec149")~~RJStevensMusicPresentationCreator.Program~0000000753
2024-12-18 21:56:02.3569~DEBUG~extract completed~~RJStevensMusicPresentationCreator.Program~0000000754
2024-12-18 21:56:02.3569~DEBUG~<- ExtractAllFromFile(zipFileName = "C:\Users\cofc_\AppData\Local\Temp\tmpD9E9.tmp\rjsec149.ZIP", decompressedFolder = "C:\Users\cofc_\AppData\Local\Temp\tmpDC1C.tmp", message = "rjsec149")~~RJStevensMusicPresentationCreator.Program~0000000755
2024-12-18 21:56:02.4209~DEBUG~-> DownloadFile(url = "https://faas-nyc1-2ef2e6cc.doserverless.co/api/v1/web/fn-dd7f8f6a-d32a-4f5e-ae7b-870dfb7963f3/downloads/bundle?id=000000000000157", filename = "C:\Users\cofc_\AppData\Local\Temp\tmpDD65.tmp\rjsec150.ZIP", message = "rjsec150")~~RJStevensMusicPresentationCreator.Program~0000000756
2024-12-18 21:56:02.8440~DEBUG~download completed~~RJStevensMusicPresentationCreator.Program~0000000757
2024-12-18 21:56:02.8440~DEBUG~<- DownloadFile(url = "https://faas-nyc1-2ef2e6cc.doserverless.co/api/v1/web/fn-dd7f8f6a-d32a-4f5e-ae7b-870dfb7963f3/downloads/bundle?id=000000000000157", filename = "C:\Users\cofc_\AppData\Local\Temp\tmpDD65.tmp\rjsec150.ZIP", message = "rjsec150")~~RJStevensMusicPresentationCreator.Program~0000000758
2024-12-18 21:56:02.8620~DEBUG~-> ExtractAllFromFile(zipFileName = "C:\Users\cofc_\AppData\Local\Temp\tmpDD65.tmp\rjsec150.ZIP", decompressedFolder = "C:\Users\cofc_\AppData\Local\Temp\tmpDF1C.tmp", message = "rjsec150")~~RJStevensMusicPresentationCreator.Program~0000000759
2024-12-18 21:56:03.0631~DEBUG~extract completed~~RJStevensMusicPresentationCreator.Program~0000000760
2024-12-18 21:56:03.0631~DEBUG~<- ExtractAllFromFile(zipFileName = "C:\Users\cofc_\AppData\Local\Temp\tmpDD65.tmp\rjsec150.ZIP", decompressedFolder = "C:\Users\cofc_\AppData\Local\Temp\tmpDF1C.tmp", message = "rjsec150")~~RJStevensMusicPresentationCreator.Program~0000000761
2024-12-18 21:56:03.1271~DEBUG~-> DownloadFile(url = "https://faas-nyc1-2ef2e6cc.doserverless.co/api/v1/web/fn-dd7f8f6a-d32a-4f5e-ae7b-870dfb7963f3/downloads/bundle?id=000000000000158", filename = "C:\Users\cofc_\AppData\Local\Temp\tmpE026.tmp\rjsec151.ZIP", message = "rjsec151")~~RJStevensMusicPresentationCreator.Program~0000000762
2024-12-18 21:56:03.5401~DEBUG~download completed~~RJStevensMusicPresentationCreator.Program~0000000763
2024-12-18 21:56:03.5411~DEBUG~<- DownloadFile(url = "https://faas-nyc1-2ef2e6cc.doserverless.co/api/v1/web/fn-dd7f8f6a-d32a-4f5e-ae7b-870dfb7963f3/downloads/bundle?id=000000000000158", filename = "C:\Users\cofc_\AppData\Local\Temp\tmpE026.tmp\rjsec151.ZIP", message = "rjsec151")~~RJStevensMusicPresentationCreator.Program~0000000764
2024-12-18 21:56:03.5411~DEBUG~-> ExtractAllFromFile(zipFileName = "C:\Users\cofc_\AppData\Local\Temp\tmpE026.tmp\rjsec151.ZIP", decompressedFolder = "C:\Users\cofc_\AppData\Local\Temp\tmpE1CD.tmp", message = "rjsec151")~~RJStevensMusicPresentationCreator.Program~0000000765
2024-12-18 21:56:03.6831~DEBUG~extract completed~~RJStevensMusicPresentationCreator.Program~0000000766
2024-12-18 21:56:03.6831~DEBUG~<- ExtractAllFromFile(zipFileName = "C:\Users\cofc_\AppData\Local\Temp\tmpE026.tmp\rjsec151.ZIP", decompressedFolder = "C:\Users\cofc_\AppData\Local\Temp\tmpE1CD.tmp", message = "rjsec151")~~RJStevensMusicPresentationCreator.Program~0000000767
2024-12-18 21:56:03.7351~DEBUG~-> DownloadFile(url = "https://faas-nyc1-2ef2e6cc.doserverless.co/api/v1/web/fn-dd7f8f6a-d32a-4f5e-ae7b-870dfb7963f3/downloads/bundle?id=000000000000159", filename = "C:\Users\cofc_\AppData\Local\Temp\tmpE28A.tmp\rjsec152.ZIP", message = "rjsec152")~~RJStevensMusicPresentationCreator.Program~0000000768
2024-12-18 21:56:04.1782~DEBUG~download completed~~RJStevensMusicPresentationCreator.Program~0000000769
2024-12-18 21:56:04.1782~DEBUG~<- DownloadFile(url = "https://faas-nyc1-2ef2e6cc.doserverless.co/api/v1/web/fn-dd7f8f6a-d32a-4f5e-ae7b-870dfb7963f3/downloads/bundle?id=000000000000159", filename = "C:\Users\cofc_\AppData\Local\Temp\tmpE28A.tmp\rjsec152.ZIP", message = "rjsec152")~~RJStevensMusicPresentationCreator.Program~0000000770
2024-12-18 21:56:04.1978~DEBUG~-> ExtractAllFromFile(zipFileName = "C:\Users\cofc_\AppData\Local\Temp\tmpE28A.tmp\rjsec152.ZIP", decompressedFolder = "C:\Users\cofc_\AppData\Local\Temp\tmpE450.tmp", message = "rjsec152")~~RJStevensMusicPresentationCreator.Program~0000000771
2024-12-18 21:56:04.3648~DEBUG~extract completed~~RJStevensMusicPresentationCreator.Program~0000000772
2024-12-18 21:56:04.3648~DEBUG~<- ExtractAllFromFile(zipFileName = "C:\Users\cofc_\AppData\Local\Temp\tmpE28A.tmp\rjsec152.ZIP", decompressedFolder = "C:\Users\cofc_\AppData\Local\Temp\tmpE450.tmp", message = "rjsec152")~~RJStevensMusicPresentationCreator.Program~0000000773
2024-12-18 21:56:04.4188~DEBUG~-> DownloadFile(url = "https://faas-nyc1-2ef2e6cc.doserverless.co/api/v1/web/fn-dd7f8f6a-d32a-4f5e-ae7b-870dfb7963f3/downloads/bundle?id=000000000000161", filename = "C:\Users\cofc_\AppData\Local\Temp\tmpE53B.tmp\rjsec154.ZIP", message = "rjsec154")~~RJStevensMusicPresentationCreator.Program~0000000774
2024-12-18 21:56:04.8758~DEBUG~download completed~~RJStevensMusicPresentationCreator.Program~0000000775
2024-12-18 21:56:04.8758~DEBUG~<- DownloadFile(url = "https://faas-nyc1-2ef2e6cc.doserverless.co/api/v1/web/fn-dd7f8f6a-d32a-4f5e-ae7b-870dfb7963f3/downloads/bundle?id=000000000000161", filename = "C:\Users\cofc_\AppData\Local\Temp\tmpE53B.tmp\rjsec154.ZIP", message = "rjsec154")~~RJStevensMusicPresentationCreator.Program~0000000776
2024-12-18 21:56:04.8995~DEBUG~-> ExtractAllFromFile(zipFileName = "C:\Users\cofc_\AppData\Local\Temp\tmpE53B.tmp\rjsec154.ZIP", decompressedFolder = "C:\Users\cofc_\AppData\Local\Temp\tmpE711.tmp", message = "rjsec154")~~RJStevensMusicPresentationCreator.Program~0000000777
2024-12-18 21:56:05.1225~DEBUG~extract completed~~RJStevensMusicPresentationCreator.Program~0000000778
2024-12-18 21:56:05.1225~DEBUG~<- ExtractAllFromFile(zipFileName = "C:\Users\cofc_\AppData\Local\Temp\tmpE53B.tmp\rjsec154.ZIP", decompressedFolder = "C:\Users\cofc_\AppData\Local\Temp\tmpE711.tmp", message = "rjsec154")~~RJStevensMusicPresentationCreator.Program~0000000779
2024-12-18 21:56:05.1825~DEBUG~-> DownloadFile(url = "https://faas-nyc1-2ef2e6cc.doserverless.co/api/v1/web/fn-dd7f8f6a-d32a-4f5e-ae7b-870dfb7963f3/downloads/bundle?id=000000000000162", filename = "C:\Users\cofc_\AppData\Local\Temp\tmpE83B.tmp\rjsec155.ZIP", message = "rjsec155")~~RJStevensMusicPresentationCreator.Program~0000000780
2024-12-18 21:56:05.7545~DEBUG~download completed~~RJStevensMusicPresentationCreator.Program~0000000781
2024-12-18 21:56:05.7545~DEBUG~<- DownloadFile(url = "https://faas-nyc1-2ef2e6cc.doserverless.co/api/v1/web/fn-dd7f8f6a-d32a-4f5e-ae7b-870dfb7963f3/downloads/bundle?id=000000000000162", filename = "C:\Users\cofc_\AppData\Local\Temp\tmpE83B.tmp\rjsec155.ZIP", message = "rjsec155")~~RJStevensMusicPresentationCreator.Program~0000000782
2024-12-18 21:56:05.7715~DEBUG~-> ExtractAllFromFile(zipFileName = "C:\Users\cofc_\AppData\Local\Temp\tmpE83B.tmp\rjsec155.ZIP", decompressedFolder = "C:\Users\cofc_\AppData\Local\Temp\tmpEA7E.tmp", message = "rjsec155")~~RJStevensMusicPresentationCreator.Program~0000000783
2024-12-18 21:56:05.9825~DEBUG~extract completed~~RJStevensMusicPresentationCreator.Program~0000000784
2024-12-18 21:56:05.9825~DEBUG~<- ExtractAllFromFile(zipFileName = "C:\Users\cofc_\AppData\Local\Temp\tmpE83B.tmp\rjsec155.ZIP", decompressedFolder = "C:\Users\cofc_\AppData\Local\Temp\tmpEA7E.tmp", message = "rjsec155")~~RJStevensMusicPresentationCreator.Program~0000000785
2024-12-18 21:56:06.0445~DEBUG~-> DownloadFile(url = "https://faas-nyc1-2ef2e6cc.doserverless.co/api/v1/web/fn-dd7f8f6a-d32a-4f5e-ae7b-870dfb7963f3/downloads/bundle?id=000000000000163", filename = "C:\Users\cofc_\AppData\Local\Temp\tmpEB98.tmp\rjsec156.ZIP", message = "rjsec156")~~RJStevensMusicPresentationCreator.Program~0000000786
2024-12-18 21:56:06.5325~DEBUG~download completed~~RJStevensMusicPresentationCreator.Program~0000000787
2024-12-18 21:56:06.5325~DEBUG~<- DownloadFile(url = "https://faas-nyc1-2ef2e6cc.doserverless.co/api/v1/web/fn-dd7f8f6a-d32a-4f5e-ae7b-870dfb7963f3/downloads/bundle?id=000000000000163", filename = "C:\Users\cofc_\AppData\Local\Temp\tmpEB98.tmp\rjsec156.ZIP", message = "rjsec156")~~RJStevensMusicPresentationCreator.Program~0000000788
2024-12-18 21:56:06.5475~DEBUG~-> ExtractAllFromFile(zipFileName = "C:\Users\cofc_\AppData\Local\Temp\tmpEB98.tmp\rjsec156.ZIP", decompressedFolder = "C:\Users\cofc_\AppData\Local\Temp\tmpED8D.tmp", message = "rjsec156")~~RJStevensMusicPresentationCreator.Program~0000000789
2024-12-18 21:56:06.8422~DEBUG~extract completed~~RJStevensMusicPresentationCreator.Program~0000000790
2024-12-18 21:56:06.8422~DEBUG~<- ExtractAllFromFile(zipFileName = "C:\Users\cofc_\AppData\Local\Temp\tmpEB98.tmp\rjsec156.ZIP", decompressedFolder = "C:\Users\cofc_\AppData\Local\Temp\tmpED8D.tmp", message = "rjsec156")~~RJStevensMusicPresentationCreator.Program~0000000791
2024-12-18 21:56:06.9182~DEBUG~-> DownloadFile(url = "https://faas-nyc1-2ef2e6cc.doserverless.co/api/v1/web/fn-dd7f8f6a-d32a-4f5e-ae7b-870dfb7963f3/downloads/bundle?id=000000000000164", filename = "C:\Users\cofc_\AppData\Local\Temp\tmpEF05.tmp\rjsec157.ZIP", message = "rjsec157")~~RJStevensMusicPresentationCreator.Program~0000000792
2024-12-18 21:56:07.4132~DEBUG~download completed~~RJStevensMusicPresentationCreator.Program~0000000793
2024-12-18 21:56:07.4132~DEBUG~<- DownloadFile(url = "https://faas-nyc1-2ef2e6cc.doserverless.co/api/v1/web/fn-dd7f8f6a-d32a-4f5e-ae7b-870dfb7963f3/downloads/bundle?id=000000000000164", filename = "C:\Users\cofc_\AppData\Local\Temp\tmpEF05.tmp\rjsec157.ZIP", message = "rjsec157")~~RJStevensMusicPresentationCreator.Program~0000000794
2024-12-18 21:56:07.4282~DEBUG~-> ExtractAllFromFile(zipFileName = "C:\Users\cofc_\AppData\Local\Temp\tmpEF05.tmp\rjsec157.ZIP", decompressedFolder = "C:\Users\cofc_\AppData\Local\Temp\tmpF0FA.tmp", message = "rjsec157")~~RJStevensMusicPresentationCreator.Program~0000000795
2024-12-18 21:56:07.6931~DEBUG~extract completed~~RJStevensMusicPresentationCreator.Program~0000000796
2024-12-18 21:56:07.6931~DEBUG~<- ExtractAllFromFile(zipFileName = "C:\Users\cofc_\AppData\Local\Temp\tmpEF05.tmp\rjsec157.ZIP", decompressedFolder = "C:\Users\cofc_\AppData\Local\Temp\tmpF0FA.tmp", message = "rjsec157")~~RJStevensMusicPresentationCreator.Program~0000000797
2024-12-18 21:56:07.7632~DEBUG~-> DownloadFile(url = "https://faas-nyc1-2ef2e6cc.doserverless.co/api/v1/web/fn-dd7f8f6a-d32a-4f5e-ae7b-870dfb7963f3/downloads/bundle?id=000000000000165", filename = "C:\Users\cofc_\AppData\Local\Temp\tmpF253.tmp\rjsec158.ZIP", message = "rjsec158")~~RJStevensMusicPresentationCreator.Program~0000000798
2024-12-18 21:56:08.2682~DEBUG~download completed~~RJStevensMusicPresentationCreator.Program~0000000799
2024-12-18 21:56:08.2682~DEBUG~<- DownloadFile(url = "https://faas-nyc1-2ef2e6cc.doserverless.co/api/v1/web/fn-dd7f8f6a-d32a-4f5e-ae7b-870dfb7963f3/downloads/bundle?id=000000000000165", filename = "C:\Users\cofc_\AppData\Local\Temp\tmpF253.tmp\rjsec158.ZIP", message = "rjsec158")~~RJStevensMusicPresentationCreator.Program~0000000800
2024-12-18 21:56:08.2862~DEBUG~-> ExtractAllFromFile(zipFileName = "C:\Users\cofc_\AppData\Local\Temp\tmpF253.tmp\rjsec158.ZIP", decompressedFolder = "C:\Users\cofc_\AppData\Local\Temp\tmpF458.tmp", message = "rjsec158")~~RJStevensMusicPresentationCreator.Program~0000000801
2024-12-18 21:56:08.5925~DEBUG~extract completed~~RJStevensMusicPresentationCreator.Program~0000000802
2024-12-18 21:56:08.5925~DEBUG~<- ExtractAllFromFile(zipFileName = "C:\Users\cofc_\AppData\Local\Temp\tmpF253.tmp\rjsec158.ZIP", decompressedFolder = "C:\Users\cofc_\AppData\Local\Temp\tmpF458.tmp", message = "rjsec158")~~RJStevensMusicPresentationCreator.Program~0000000803
2024-12-18 21:56:08.6725~DEBUG~-> DownloadFile(url = "https://faas-nyc1-2ef2e6cc.doserverless.co/api/v1/web/fn-dd7f8f6a-d32a-4f5e-ae7b-870dfb7963f3/downloads/bundle?id=000000000000166", filename = "C:\Users\cofc_\AppData\Local\Temp\tmpF5DF.tmp\rjsec159.ZIP", message = "rjsec159")~~RJStevensMusicPresentationCreator.Program~0000000804
2024-12-18 21:56:09.0956~DEBUG~download completed~~RJStevensMusicPresentationCreator.Program~0000000805
2024-12-18 21:56:09.0956~DEBUG~<- DownloadFile(url = "https://faas-nyc1-2ef2e6cc.doserverless.co/api/v1/web/fn-dd7f8f6a-d32a-4f5e-ae7b-870dfb7963f3/downloads/bundle?id=000000000000166", filename = "C:\Users\cofc_\AppData\Local\Temp\tmpF5DF.tmp\rjsec159.ZIP", message = "rjsec159")~~RJStevensMusicPresentationCreator.Program~0000000806
2024-12-18 21:56:09.1186~DEBUG~-> ExtractAllFromFile(zipFileName = "C:\Users\cofc_\AppData\Local\Temp\tmpF5DF.tmp\rjsec159.ZIP", decompressedFolder = "C:\Users\cofc_\AppData\Local\Temp\tmpF796.tmp", message = "rjsec159")~~RJStevensMusicPresentationCreator.Program~0000000807
2024-12-18 21:56:09.3526~DEBUG~extract completed~~RJStevensMusicPresentationCreator.Program~0000000808
2024-12-18 21:56:09.3556~DEBUG~<- ExtractAllFromFile(zipFileName = "C:\Users\cofc_\AppData\Local\Temp\tmpF5DF.tmp\rjsec159.ZIP", decompressedFolder = "C:\Users\cofc_\AppData\Local\Temp\tmpF796.tmp", message = "rjsec159")~~RJStevensMusicPresentationCreator.Program~0000000809
2024-12-18 21:56:09.4166~DEBUG~-> DownloadFile(url = "https://faas-nyc1-2ef2e6cc.doserverless.co/api/v1/web/fn-dd7f8f6a-d32a-4f5e-ae7b-870dfb7963f3/downloads/bundle?id=000000000000167", filename = "C:\Users\cofc_\AppData\Local\Temp\tmpF8CF.tmp\rjsec160.ZIP", message = "rjsec160")~~RJStevensMusicPresentationCreator.Program~0000000810
2024-12-18 21:56:09.9200~DEBUG~download completed~~RJStevensMusicPresentationCreator.Program~0000000811
2024-12-18 21:56:09.9200~DEBUG~<- DownloadFile(url = "https://faas-nyc1-2ef2e6cc.doserverless.co/api/v1/web/fn-dd7f8f6a-d32a-4f5e-ae7b-870dfb7963f3/downloads/bundle?id=000000000000167", filename = "C:\Users\cofc_\AppData\Local\Temp\tmpF8CF.tmp\rjsec160.ZIP", message = "rjsec160")~~RJStevensMusicPresentationCreator.Program~0000000812
2024-12-18 21:56:09.9380~DEBUG~-> ExtractAllFromFile(zipFileName = "C:\Users\cofc_\AppData\Local\Temp\tmpF8CF.tmp\rjsec160.ZIP", decompressedFolder = "C:\Users\cofc_\AppData\Local\Temp\tmpFAD4.tmp", message = "rjsec160")~~RJStevensMusicPresentationCreator.Program~0000000813
2024-12-18 21:56:10.2970~DEBUG~extract completed~~RJStevensMusicPresentationCreator.Program~0000000814
2024-12-18 21:56:10.2970~DEBUG~<- ExtractAllFromFile(zipFileName = "C:\Users\cofc_\AppData\Local\Temp\tmpF8CF.tmp\rjsec160.ZIP", decompressedFolder = "C:\Users\cofc_\AppData\Local\Temp\tmpFAD4.tmp", message = "rjsec160")~~RJStevensMusicPresentationCreator.Program~0000000815
2024-12-18 21:56:10.3811~DEBUG~-> DownloadFile(url = "https://faas-nyc1-2ef2e6cc.doserverless.co/api/v1/web/fn-dd7f8f6a-d32a-4f5e-ae7b-870dfb7963f3/downloads/bundle?id=000000000000168", filename = "C:\Users\cofc_\AppData\Local\Temp\tmpFC8A.tmp\rjsec161.ZIP", message = "rjsec161")~~RJStevensMusicPresentationCreator.Program~0000000816
2024-12-18 21:56:10.8491~DEBUG~download completed~~RJStevensMusicPresentationCreator.Program~0000000817
2024-12-18 21:56:10.8491~DEBUG~<- DownloadFile(url = "https://faas-nyc1-2ef2e6cc.doserverless.co/api/v1/web/fn-dd7f8f6a-d32a-4f5e-ae7b-870dfb7963f3/downloads/bundle?id=000000000000168", filename = "C:\Users\cofc_\AppData\Local\Temp\tmpFC8A.tmp\rjsec161.ZIP", message = "rjsec161")~~RJStevensMusicPresentationCreator.Program~0000000818
2024-12-18 21:56:10.8631~DEBUG~-> ExtractAllFromFile(zipFileName = "C:\Users\cofc_\AppData\Local\Temp\tmpFC8A.tmp\rjsec161.ZIP", decompressedFolder = "C:\Users\cofc_\AppData\Local\Temp\tmpFE70.tmp", message = "rjsec161")~~RJStevensMusicPresentationCreator.Program~0000000819
2024-12-18 21:56:11.1050~DEBUG~extract completed~~RJStevensMusicPresentationCreator.Program~0000000820
2024-12-18 21:56:11.1050~DEBUG~<- ExtractAllFromFile(zipFileName = "C:\Users\cofc_\AppData\Local\Temp\tmpFC8A.tmp\rjsec161.ZIP", decompressedFolder = "C:\Users\cofc_\AppData\Local\Temp\tmpFE70.tmp", message = "rjsec161")~~RJStevensMusicPresentationCreator.Program~0000000821
2024-12-18 21:56:11.1650~DEBUG~-> DownloadFile(url = "https://faas-nyc1-2ef2e6cc.doserverless.co/api/v1/web/fn-dd7f8f6a-d32a-4f5e-ae7b-870dfb7963f3/downloads/bundle?id=000000000000169", filename = "C:\Users\cofc_\AppData\Local\Temp\tmpFF9A.tmp\rjsec162.ZIP", message = "rjsec162")~~RJStevensMusicPresentationCreator.Program~0000000822
2024-12-18 21:56:11.6411~DEBUG~download completed~~RJStevensMusicPresentationCreator.Program~0000000823
2024-12-18 21:56:11.6411~DEBUG~<- DownloadFile(url = "https://faas-nyc1-2ef2e6cc.doserverless.co/api/v1/web/fn-dd7f8f6a-d32a-4f5e-ae7b-870dfb7963f3/downloads/bundle?id=000000000000169", filename = "C:\Users\cofc_\AppData\Local\Temp\tmpFF9A.tmp\rjsec162.ZIP", message = "rjsec162")~~RJStevensMusicPresentationCreator.Program~0000000824
2024-12-18 21:56:11.6531~DEBUG~-> ExtractAllFromFile(zipFileName = "C:\Users\cofc_\AppData\Local\Temp\tmpFF9A.tmp\rjsec162.ZIP", decompressedFolder = "C:\Users\cofc_\AppData\Local\Temp\tmp18F.tmp", message = "rjsec162")~~RJStevensMusicPresentationCreator.Program~0000000825
2024-12-18 21:56:11.8905~DEBUG~extract completed~~RJStevensMusicPresentationCreator.Program~0000000826
2024-12-18 21:56:11.8905~DEBUG~<- ExtractAllFromFile(zipFileName = "C:\Users\cofc_\AppData\Local\Temp\tmpFF9A.tmp\rjsec162.ZIP", decompressedFolder = "C:\Users\cofc_\AppData\Local\Temp\tmp18F.tmp", message = "rjsec162")~~RJStevensMusicPresentationCreator.Program~0000000827
2024-12-18 21:56:11.9595~DEBUG~-> DownloadFile(url = "https://faas-nyc1-2ef2e6cc.doserverless.co/api/v1/web/fn-dd7f8f6a-d32a-4f5e-ae7b-870dfb7963f3/downloads/bundle?id=000000000000170", filename = "C:\Users\cofc_\AppData\Local\Temp\tmp2B9.tmp\rjsec163.ZIP", message = "rjsec163")~~RJStevensMusicPresentationCreator.Program~0000000828
2024-12-18 21:56:12.4112~DEBUG~download completed~~RJStevensMusicPresentationCreator.Program~0000000829
2024-12-18 21:56:12.4112~DEBUG~<- DownloadFile(url = "https://faas-nyc1-2ef2e6cc.doserverless.co/api/v1/web/fn-dd7f8f6a-d32a-4f5e-ae7b-870dfb7963f3/downloads/bundle?id=000000000000170", filename = "C:\Users\cofc_\AppData\Local\Temp\tmp2B9.tmp\rjsec163.ZIP", message = "rjsec163")~~RJStevensMusicPresentationCreator.Program~0000000830
2024-12-18 21:56:12.4272~DEBUG~-> ExtractAllFromFile(zipFileName = "C:\Users\cofc_\AppData\Local\Temp\tmp2B9.tmp\rjsec163.ZIP", decompressedFolder = "C:\Users\cofc_\AppData\Local\Temp\tmp48E.tmp", message = "rjsec163")~~RJStevensMusicPresentationCreator.Program~0000000831
2024-12-18 21:56:12.6593~DEBUG~extract completed~~RJStevensMusicPresentationCreator.Program~0000000832
2024-12-18 21:56:12.6593~DEBUG~<- ExtractAllFromFile(zipFileName = "C:\Users\cofc_\AppData\Local\Temp\tmp2B9.tmp\rjsec163.ZIP", decompressedFolder = "C:\Users\cofc_\AppData\Local\Temp\tmp48E.tmp", message = "rjsec163")~~RJStevensMusicPresentationCreator.Program~0000000833
2024-12-18 21:56:12.7183~DEBUG~-> DownloadFile(url = "https://faas-nyc1-2ef2e6cc.doserverless.co/api/v1/web/fn-dd7f8f6a-d32a-4f5e-ae7b-870dfb7963f3/downloads/bundle?id=000000000000171", filename = "C:\Users\cofc_\AppData\Local\Temp\tmp5B8.tmp\rjsec164.ZIP", message = "rjsec164")~~RJStevensMusicPresentationCreator.Program~0000000834
2024-12-18 21:56:13.1889~DEBUG~download completed~~RJStevensMusicPresentationCreator.Program~0000000835
2024-12-18 21:56:13.1889~DEBUG~<- DownloadFile(url = "https://faas-nyc1-2ef2e6cc.doserverless.co/api/v1/web/fn-dd7f8f6a-d32a-4f5e-ae7b-870dfb7963f3/downloads/bundle?id=000000000000171", filename = "C:\Users\cofc_\AppData\Local\Temp\tmp5B8.tmp\rjsec164.ZIP", message = "rjsec164")~~RJStevensMusicPresentationCreator.Program~0000000836
2024-12-18 21:56:13.2039~DEBUG~-> ExtractAllFromFile(zipFileName = "C:\Users\cofc_\AppData\Local\Temp\tmp5B8.tmp\rjsec164.ZIP", decompressedFolder = "C:\Users\cofc_\AppData\Local\Temp\tmp79E.tmp", message = "rjsec164")~~RJStevensMusicPresentationCreator.Program~0000000837
2024-12-18 21:56:13.4320~DEBUG~extract completed~~RJStevensMusicPresentationCreator.Program~0000000838
2024-12-18 21:56:13.4320~DEBUG~<- ExtractAllFromFile(zipFileName = "C:\Users\cofc_\AppData\Local\Temp\tmp5B8.tmp\rjsec164.ZIP", decompressedFolder = "C:\Users\cofc_\AppData\Local\Temp\tmp79E.tmp", message = "rjsec164")~~RJStevensMusicPresentationCreator.Program~0000000839
2024-12-18 21:56:13.5060~DEBUG~-> DownloadFile(url = "https://faas-nyc1-2ef2e6cc.doserverless.co/api/v1/web/fn-dd7f8f6a-d32a-4f5e-ae7b-870dfb7963f3/downloads/bundle?id=000000000000173", filename = "C:\Users\cofc_\AppData\Local\Temp\tmp8C7.tmp\rjsec166.ZIP", message = "rjsec166")~~RJStevensMusicPresentationCreator.Program~0000000840
2024-12-18 21:56:13.9247~DEBUG~download completed~~RJStevensMusicPresentationCreator.Program~0000000841
2024-12-18 21:56:13.9247~DEBUG~<- DownloadFile(url = "https://faas-nyc1-2ef2e6cc.doserverless.co/api/v1/web/fn-dd7f8f6a-d32a-4f5e-ae7b-870dfb7963f3/downloads/bundle?id=000000000000173", filename = "C:\Users\cofc_\AppData\Local\Temp\tmp8C7.tmp\rjsec166.ZIP", message = "rjsec166")~~RJStevensMusicPresentationCreator.Program~0000000842
2024-12-18 21:56:13.9417~DEBUG~-> ExtractAllFromFile(zipFileName = "C:\Users\cofc_\AppData\Local\Temp\tmp8C7.tmp\rjsec166.ZIP", decompressedFolder = "C:\Users\cofc_\AppData\Local\Temp\tmpA7E.tmp", message = "rjsec166")~~RJStevensMusicPresentationCreator.Program~0000000843
2024-12-18 21:56:14.1367~DEBUG~extract completed~~RJStevensMusicPresentationCreator.Program~0000000844
2024-12-18 21:56:14.1367~DEBUG~<- ExtractAllFromFile(zipFileName = "C:\Users\cofc_\AppData\Local\Temp\tmp8C7.tmp\rjsec166.ZIP", decompressedFolder = "C:\Users\cofc_\AppData\Local\Temp\tmpA7E.tmp", message = "rjsec166")~~RJStevensMusicPresentationCreator.Program~0000000845
2024-12-18 21:56:14.1927~DEBUG~-> DownloadFile(url = "https://faas-nyc1-2ef2e6cc.doserverless.co/api/v1/web/fn-dd7f8f6a-d32a-4f5e-ae7b-870dfb7963f3/downloads/bundle?id=000000000000174", filename = "C:\Users\cofc_\AppData\Local\Temp\tmpB79.tmp\rjsec167.ZIP", message = "rjsec167")~~RJStevensMusicPresentationCreator.Program~0000000846
2024-12-18 21:56:14.6527~DEBUG~download completed~~RJStevensMusicPresentationCreator.Program~0000000847
2024-12-18 21:56:14.6527~DEBUG~<- DownloadFile(url = "https://faas-nyc1-2ef2e6cc.doserverless.co/api/v1/web/fn-dd7f8f6a-d32a-4f5e-ae7b-870dfb7963f3/downloads/bundle?id=000000000000174", filename = "C:\Users\cofc_\AppData\Local\Temp\tmpB79.tmp\rjsec167.ZIP", message = "rjsec167")~~RJStevensMusicPresentationCreator.Program~0000000848
2024-12-18 21:56:14.6687~DEBUG~-> ExtractAllFromFile(zipFileName = "C:\Users\cofc_\AppData\Local\Temp\tmpB79.tmp\rjsec167.ZIP", decompressedFolder = "C:\Users\cofc_\AppData\Local\Temp\tmpD5E.tmp", message = "rjsec167")~~RJStevensMusicPresentationCreator.Program~0000000849
2024-12-18 21:56:14.9706~DEBUG~extract completed~~RJStevensMusicPresentationCreator.Program~0000000850
2024-12-18 21:56:14.9706~DEBUG~<- ExtractAllFromFile(zipFileName = "C:\Users\cofc_\AppData\Local\Temp\tmpB79.tmp\rjsec167.ZIP", decompressedFolder = "C:\Users\cofc_\AppData\Local\Temp\tmpD5E.tmp", message = "rjsec167")~~RJStevensMusicPresentationCreator.Program~0000000851
2024-12-18 21:56:15.0516~DEBUG~-> DownloadFile(url = "https://faas-nyc1-2ef2e6cc.doserverless.co/api/v1/web/fn-dd7f8f6a-d32a-4f5e-ae7b-870dfb7963f3/downloads/bundle?id=000000000000175", filename = "C:\Users\cofc_\AppData\Local\Temp\tmpED6.tmp\rjsec168.ZIP", message = "rjsec168")~~RJStevensMusicPresentationCreator.Program~0000000852
2024-12-18 21:56:15.5406~DEBUG~download completed~~RJStevensMusicPresentationCreator.Program~0000000853
2024-12-18 21:56:15.5406~DEBUG~<- DownloadFile(url = "https://faas-nyc1-2ef2e6cc.doserverless.co/api/v1/web/fn-dd7f8f6a-d32a-4f5e-ae7b-870dfb7963f3/downloads/bundle?id=000000000000175", filename = "C:\Users\cofc_\AppData\Local\Temp\tmpED6.tmp\rjsec168.ZIP", message = "rjsec168")~~RJStevensMusicPresentationCreator.Program~0000000854
2024-12-18 21:56:15.5587~DEBUG~-> ExtractAllFromFile(zipFileName = "C:\Users\cofc_\AppData\Local\Temp\tmpED6.tmp\rjsec168.ZIP", decompressedFolder = "C:\Users\cofc_\AppData\Local\Temp\tmp10DB.tmp", message = "rjsec168")~~RJStevensMusicPresentationCreator.Program~0000000855
2024-12-18 21:56:15.7966~DEBUG~extract completed~~RJStevensMusicPresentationCreator.Program~0000000856
2024-12-18 21:56:15.7966~DEBUG~<- ExtractAllFromFile(zipFileName = "C:\Users\cofc_\AppData\Local\Temp\tmpED6.tmp\rjsec168.ZIP", decompressedFolder = "C:\Users\cofc_\AppData\Local\Temp\tmp10DB.tmp", message = "rjsec168")~~RJStevensMusicPresentationCreator.Program~0000000857
2024-12-18 21:56:15.8706~DEBUG~-> DownloadFile(url = "https://faas-nyc1-2ef2e6cc.doserverless.co/api/v1/web/fn-dd7f8f6a-d32a-4f5e-ae7b-870dfb7963f3/downloads/bundle?id=000000000000176", filename = "C:\Users\cofc_\AppData\Local\Temp\tmp1214.tmp\rjsec169.ZIP", message = "rjsec169")~~RJStevensMusicPresentationCreator.Program~0000000858
2024-12-18 21:56:16.3127~DEBUG~download completed~~RJStevensMusicPresentationCreator.Program~0000000859
2024-12-18 21:56:16.3127~DEBUG~<- DownloadFile(url = "https://faas-nyc1-2ef2e6cc.doserverless.co/api/v1/web/fn-dd7f8f6a-d32a-4f5e-ae7b-870dfb7963f3/downloads/bundle?id=000000000000176", filename = "C:\Users\cofc_\AppData\Local\Temp\tmp1214.tmp\rjsec169.ZIP", message = "rjsec169")~~RJStevensMusicPresentationCreator.Program~0000000860
2024-12-18 21:56:16.3277~DEBUG~-> ExtractAllFromFile(zipFileName = "C:\Users\cofc_\AppData\Local\Temp\tmp1214.tmp\rjsec169.ZIP", decompressedFolder = "C:\Users\cofc_\AppData\Local\Temp\tmp13DB.tmp", message = "rjsec169")~~RJStevensMusicPresentationCreator.Program~0000000861
2024-12-18 21:56:16.5307~DEBUG~extract completed~~RJStevensMusicPresentationCreator.Program~0000000862
2024-12-18 21:56:16.5307~DEBUG~<- ExtractAllFromFile(zipFileName = "C:\Users\cofc_\AppData\Local\Temp\tmp1214.tmp\rjsec169.ZIP", decompressedFolder = "C:\Users\cofc_\AppData\Local\Temp\tmp13DB.tmp", message = "rjsec169")~~RJStevensMusicPresentationCreator.Program~0000000863
2024-12-18 21:56:16.5867~DEBUG~-> DownloadFile(url = "https://faas-nyc1-2ef2e6cc.doserverless.co/api/v1/web/fn-dd7f8f6a-d32a-4f5e-ae7b-870dfb7963f3/downloads/bundle?id=000000000000177", filename = "C:\Users\cofc_\AppData\Local\Temp\tmp14D6.tmp\rjsec170.ZIP", message = "rjsec170")~~RJStevensMusicPresentationCreator.Program~0000000864
2024-12-18 21:56:17.3197~DEBUG~download completed~~RJStevensMusicPresentationCreator.Program~0000000865
2024-12-18 21:56:17.3197~DEBUG~<- DownloadFile(url = "https://faas-nyc1-2ef2e6cc.doserverless.co/api/v1/web/fn-dd7f8f6a-d32a-4f5e-ae7b-870dfb7963f3/downloads/bundle?id=000000000000177", filename = "C:\Users\cofc_\AppData\Local\Temp\tmp14D6.tmp\rjsec170.ZIP", message = "rjsec170")~~RJStevensMusicPresentationCreator.Program~0000000866
2024-12-18 21:56:17.3437~DEBUG~-> ExtractAllFromFile(zipFileName = "C:\Users\cofc_\AppData\Local\Temp\tmp14D6.tmp\rjsec170.ZIP", decompressedFolder = "C:\Users\cofc_\AppData\Local\Temp\tmp17D4.tmp", message = "rjsec170")~~RJStevensMusicPresentationCreator.Program~0000000867
2024-12-18 21:56:17.7148~DEBUG~extract completed~~RJStevensMusicPresentationCreator.Program~0000000868
2024-12-18 21:56:17.7148~DEBUG~<- ExtractAllFromFile(zipFileName = "C:\Users\cofc_\AppData\Local\Temp\tmp14D6.tmp\rjsec170.ZIP", decompressedFolder = "C:\Users\cofc_\AppData\Local\Temp\tmp17D4.tmp", message = "rjsec170")~~RJStevensMusicPresentationCreator.Program~0000000869
2024-12-18 21:56:17.7978~DEBUG~-> DownloadFile(url = "https://faas-nyc1-2ef2e6cc.doserverless.co/api/v1/web/fn-dd7f8f6a-d32a-4f5e-ae7b-870dfb7963f3/downloads/bundle?id=000000000000178", filename = "C:\Users\cofc_\AppData\Local\Temp\tmp199A.tmp\rjsec171.ZIP", message = "rjsec171")~~RJStevensMusicPresentationCreator.Program~0000000870
2024-12-18 21:56:18.2598~DEBUG~download completed~~RJStevensMusicPresentationCreator.Program~0000000871
2024-12-18 21:56:18.2598~DEBUG~<- DownloadFile(url = "https://faas-nyc1-2ef2e6cc.doserverless.co/api/v1/web/fn-dd7f8f6a-d32a-4f5e-ae7b-870dfb7963f3/downloads/bundle?id=000000000000178", filename = "C:\Users\cofc_\AppData\Local\Temp\tmp199A.tmp\rjsec171.ZIP", message = "rjsec171")~~RJStevensMusicPresentationCreator.Program~0000000872
2024-12-18 21:56:18.2788~DEBUG~-> ExtractAllFromFile(zipFileName = "C:\Users\cofc_\AppData\Local\Temp\tmp199A.tmp\rjsec171.ZIP", decompressedFolder = "C:\Users\cofc_\AppData\Local\Temp\tmp1B80.tmp", message = "rjsec171")~~RJStevensMusicPresentationCreator.Program~0000000873
2024-12-18 21:56:18.4658~DEBUG~extract completed~~RJStevensMusicPresentationCreator.Program~0000000874
2024-12-18 21:56:18.4658~DEBUG~<- ExtractAllFromFile(zipFileName = "C:\Users\cofc_\AppData\Local\Temp\tmp199A.tmp\rjsec171.ZIP", decompressedFolder = "C:\Users\cofc_\AppData\Local\Temp\tmp1B80.tmp", message = "rjsec171")~~RJStevensMusicPresentationCreator.Program~0000000875
2024-12-18 21:56:18.5248~DEBUG~-> DownloadFile(url = "https://faas-nyc1-2ef2e6cc.doserverless.co/api/v1/web/fn-dd7f8f6a-d32a-4f5e-ae7b-870dfb7963f3/downloads/bundle?id=000000000000181", filename = "C:\Users\cofc_\AppData\Local\Temp\tmp1C6B.tmp\rjsec174.ZIP", message = "rjsec174")~~RJStevensMusicPresentationCreator.Program~0000000876
2024-12-18 21:56:18.9779~DEBUG~download completed~~RJStevensMusicPresentationCreator.Program~0000000877
2024-12-18 21:56:18.9789~DEBUG~<- DownloadFile(url = "https://faas-nyc1-2ef2e6cc.doserverless.co/api/v1/web/fn-dd7f8f6a-d32a-4f5e-ae7b-870dfb7963f3/downloads/bundle?id=000000000000181", filename = "C:\Users\cofc_\AppData\Local\Temp\tmp1C6B.tmp\rjsec174.ZIP", message = "rjsec174")~~RJStevensMusicPresentationCreator.Program~0000000878
2024-12-18 21:56:18.9949~DEBUG~-> ExtractAllFromFile(zipFileName = "C:\Users\cofc_\AppData\Local\Temp\tmp1C6B.tmp\rjsec174.ZIP", decompressedFolder = "C:\Users\cofc_\AppData\Local\Temp\tmp1E50.tmp", message = "rjsec174")~~RJStevensMusicPresentationCreator.Program~0000000879
2024-12-18 21:56:19.2099~DEBUG~extract completed~~RJStevensMusicPresentationCreator.Program~0000000880
2024-12-18 21:56:19.2129~DEBUG~<- ExtractAllFromFile(zipFileName = "C:\Users\cofc_\AppData\Local\Temp\tmp1C6B.tmp\rjsec174.ZIP", decompressedFolder = "C:\Users\cofc_\AppData\Local\Temp\tmp1E50.tmp", message = "rjsec174")~~RJStevensMusicPresentationCreator.Program~0000000881
2024-12-18 21:56:19.2639~DEBUG~-> DownloadFile(url = "https://faas-nyc1-2ef2e6cc.doserverless.co/api/v1/web/fn-dd7f8f6a-d32a-4f5e-ae7b-870dfb7963f3/downloads/bundle?id=000000000000185", filename = "C:\Users\cofc_\AppData\Local\Temp\tmp1F5B.tmp\rjsec178.ZIP", message = "rjsec178")~~RJStevensMusicPresentationCreator.Program~0000000882
2024-12-18 21:56:19.7789~DEBUG~download completed~~RJStevensMusicPresentationCreator.Program~0000000883
2024-12-18 21:56:19.7789~DEBUG~<- DownloadFile(url = "https://faas-nyc1-2ef2e6cc.doserverless.co/api/v1/web/fn-dd7f8f6a-d32a-4f5e-ae7b-870dfb7963f3/downloads/bundle?id=000000000000185", filename = "C:\Users\cofc_\AppData\Local\Temp\tmp1F5B.tmp\rjsec178.ZIP", message = "rjsec178")~~RJStevensMusicPresentationCreator.Program~0000000884
2024-12-18 21:56:19.7959~DEBUG~-> ExtractAllFromFile(zipFileName = "C:\Users\cofc_\AppData\Local\Temp\tmp1F5B.tmp\rjsec178.ZIP", decompressedFolder = "C:\Users\cofc_\AppData\Local\Temp\tmp216F.tmp", message = "rjsec178")~~RJStevensMusicPresentationCreator.Program~0000000885
2024-12-18 21:56:20.0210~DEBUG~extract completed~~RJStevensMusicPresentationCreator.Program~0000000886
2024-12-18 21:56:20.0210~DEBUG~<- ExtractAllFromFile(zipFileName = "C:\Users\cofc_\AppData\Local\Temp\tmp1F5B.tmp\rjsec178.ZIP", decompressedFolder = "C:\Users\cofc_\AppData\Local\Temp\tmp216F.tmp", message = "rjsec178")~~RJStevensMusicPresentationCreator.Program~0000000887
2024-12-18 21:56:20.0900~DEBUG~-> DownloadFile(url = "https://faas-nyc1-2ef2e6cc.doserverless.co/api/v1/web/fn-dd7f8f6a-d32a-4f5e-ae7b-870dfb7963f3/downloads/bundle?id=000000000000186", filename = "C:\Users\cofc_\AppData\Local\Temp\tmp2299.tmp\rjsec179.ZIP", message = "rjsec179")~~RJStevensMusicPresentationCreator.Program~0000000888
2024-12-18 21:56:20.6341~DEBUG~download completed~~RJStevensMusicPresentationCreator.Program~0000000889
2024-12-18 21:56:20.6341~DEBUG~<- DownloadFile(url = "https://faas-nyc1-2ef2e6cc.doserverless.co/api/v1/web/fn-dd7f8f6a-d32a-4f5e-ae7b-870dfb7963f3/downloads/bundle?id=000000000000186", filename = "C:\Users\cofc_\AppData\Local\Temp\tmp2299.tmp\rjsec179.ZIP", message = "rjsec179")~~RJStevensMusicPresentationCreator.Program~0000000890
2024-12-18 21:56:20.6571~DEBUG~-> ExtractAllFromFile(zipFileName = "C:\Users\cofc_\AppData\Local\Temp\tmp2299.tmp\rjsec179.ZIP", decompressedFolder = "C:\Users\cofc_\AppData\Local\Temp\tmp24CD.tmp", message = "rjsec179")~~RJStevensMusicPresentationCreator.Program~0000000891
2024-12-18 21:56:20.9331~DEBUG~extract completed~~RJStevensMusicPresentationCreator.Program~0000000892
2024-12-18 21:56:20.9331~DEBUG~<- ExtractAllFromFile(zipFileName = "C:\Users\cofc_\AppData\Local\Temp\tmp2299.tmp\rjsec179.ZIP", decompressedFolder = "C:\Users\cofc_\AppData\Local\Temp\tmp24CD.tmp", message = "rjsec179")~~RJStevensMusicPresentationCreator.Program~0000000893
2024-12-18 21:56:21.0041~DEBUG~-> DownloadFile(url = "https://faas-nyc1-2ef2e6cc.doserverless.co/api/v1/web/fn-dd7f8f6a-d32a-4f5e-ae7b-870dfb7963f3/downloads/bundle?id=000000000000187", filename = "C:\Users\cofc_\AppData\Local\Temp\tmp2625.tmp\rjsec180.ZIP", message = "rjsec180")~~RJStevensMusicPresentationCreator.Program~0000000894
2024-12-18 21:56:21.4648~DEBUG~download completed~~RJStevensMusicPresentationCreator.Program~0000000895
2024-12-18 21:56:21.4648~DEBUG~<- DownloadFile(url = "https://faas-nyc1-2ef2e6cc.doserverless.co/api/v1/web/fn-dd7f8f6a-d32a-4f5e-ae7b-870dfb7963f3/downloads/bundle?id=000000000000187", filename = "C:\Users\cofc_\AppData\Local\Temp\tmp2625.tmp\rjsec180.ZIP", message = "rjsec180")~~RJStevensMusicPresentationCreator.Program~0000000896
2024-12-18 21:56:21.4828~DEBUG~-> ExtractAllFromFile(zipFileName = "C:\Users\cofc_\AppData\Local\Temp\tmp2625.tmp\rjsec180.ZIP", decompressedFolder = "C:\Users\cofc_\AppData\Local\Temp\tmp280B.tmp", message = "rjsec180")~~RJStevensMusicPresentationCreator.Program~0000000897
2024-12-18 21:56:21.7648~DEBUG~extract completed~~RJStevensMusicPresentationCreator.Program~0000000898
2024-12-18 21:56:21.7648~DEBUG~<- ExtractAllFromFile(zipFileName = "C:\Users\cofc_\AppData\Local\Temp\tmp2625.tmp\rjsec180.ZIP", decompressedFolder = "C:\Users\cofc_\AppData\Local\Temp\tmp280B.tmp", message = "rjsec180")~~RJStevensMusicPresentationCreator.Program~0000000899
2024-12-18 21:56:21.8468~DEBUG~-> DownloadFile(url = "https://faas-nyc1-2ef2e6cc.doserverless.co/api/v1/web/fn-dd7f8f6a-d32a-4f5e-ae7b-870dfb7963f3/downloads/bundle?id=000000000000188", filename = "C:\Users\cofc_\AppData\Local\Temp\tmp2973.tmp\rjsec181.ZIP", message = "rjsec181")~~RJStevensMusicPresentationCreator.Program~0000000900
2024-12-18 21:56:22.3039~DEBUG~download completed~~RJStevensMusicPresentationCreator.Program~0000000901
2024-12-18 21:56:22.3039~DEBUG~<- DownloadFile(url = "https://faas-nyc1-2ef2e6cc.doserverless.co/api/v1/web/fn-dd7f8f6a-d32a-4f5e-ae7b-870dfb7963f3/downloads/bundle?id=000000000000188", filename = "C:\Users\cofc_\AppData\Local\Temp\tmp2973.tmp\rjsec181.ZIP", message = "rjsec181")~~RJStevensMusicPresentationCreator.Program~0000000902
2024-12-18 21:56:22.3189~DEBUG~-> ExtractAllFromFile(zipFileName = "C:\Users\cofc_\AppData\Local\Temp\tmp2973.tmp\rjsec181.ZIP", decompressedFolder = "C:\Users\cofc_\AppData\Local\Temp\tmp2B49.tmp", message = "rjsec181")~~RJStevensMusicPresentationCreator.Program~0000000903
2024-12-18 21:56:22.4974~DEBUG~extract completed~~RJStevensMusicPresentationCreator.Program~0000000904
2024-12-18 21:56:22.4974~DEBUG~<- ExtractAllFromFile(zipFileName = "C:\Users\cofc_\AppData\Local\Temp\tmp2973.tmp\rjsec181.ZIP", decompressedFolder = "C:\Users\cofc_\AppData\Local\Temp\tmp2B49.tmp", message = "rjsec181")~~RJStevensMusicPresentationCreator.Program~0000000905
2024-12-18 21:56:22.5514~DEBUG~-> DownloadFile(url = "https://faas-nyc1-2ef2e6cc.doserverless.co/api/v1/web/fn-dd7f8f6a-d32a-4f5e-ae7b-870dfb7963f3/downloads/bundle?id=000000000000190", filename = "C:\Users\cofc_\AppData\Local\Temp\tmp2C34.tmp\rjsec183.ZIP", message = "rjsec183")~~RJStevensMusicPresentationCreator.Program~0000000906
2024-12-18 21:56:22.9974~DEBUG~download completed~~RJStevensMusicPresentationCreator.Program~0000000907
2024-12-18 21:56:22.9974~DEBUG~<- DownloadFile(url = "https://faas-nyc1-2ef2e6cc.doserverless.co/api/v1/web/fn-dd7f8f6a-d32a-4f5e-ae7b-870dfb7963f3/downloads/bundle?id=000000000000190", filename = "C:\Users\cofc_\AppData\Local\Temp\tmp2C34.tmp\rjsec183.ZIP", message = "rjsec183")~~RJStevensMusicPresentationCreator.Program~0000000908
2024-12-18 21:56:23.0144~DEBUG~-> ExtractAllFromFile(zipFileName = "C:\Users\cofc_\AppData\Local\Temp\tmp2C34.tmp\rjsec183.ZIP", decompressedFolder = "C:\Users\cofc_\AppData\Local\Temp\tmp2E0A.tmp", message = "rjsec183")~~RJStevensMusicPresentationCreator.Program~0000000909
2024-12-18 21:56:23.1860~DEBUG~extract completed~~RJStevensMusicPresentationCreator.Program~0000000910
2024-12-18 21:56:23.1860~DEBUG~<- ExtractAllFromFile(zipFileName = "C:\Users\cofc_\AppData\Local\Temp\tmp2C34.tmp\rjsec183.ZIP", decompressedFolder = "C:\Users\cofc_\AppData\Local\Temp\tmp2E0A.tmp", message = "rjsec183")~~RJStevensMusicPresentationCreator.Program~0000000911
2024-12-18 21:56:23.2410~DEBUG~-> DownloadFile(url = "https://faas-nyc1-2ef2e6cc.doserverless.co/api/v1/web/fn-dd7f8f6a-d32a-4f5e-ae7b-870dfb7963f3/downloads/bundle?id=000000000000193", filename = "C:\Users\cofc_\AppData\Local\Temp\tmp2EE6.tmp\rjsec186.ZIP", message = "rjsec186")~~RJStevensMusicPresentationCreator.Program~0000000912
2024-12-18 21:56:23.7641~DEBUG~download completed~~RJStevensMusicPresentationCreator.Program~0000000913
2024-12-18 21:56:23.7641~DEBUG~<- DownloadFile(url = "https://faas-nyc1-2ef2e6cc.doserverless.co/api/v1/web/fn-dd7f8f6a-d32a-4f5e-ae7b-870dfb7963f3/downloads/bundle?id=000000000000193", filename = "C:\Users\cofc_\AppData\Local\Temp\tmp2EE6.tmp\rjsec186.ZIP", message = "rjsec186")~~RJStevensMusicPresentationCreator.Program~0000000914
2024-12-18 21:56:23.7781~DEBUG~-> ExtractAllFromFile(zipFileName = "C:\Users\cofc_\AppData\Local\Temp\tmp2EE6.tmp\rjsec186.ZIP", decompressedFolder = "C:\Users\cofc_\AppData\Local\Temp\tmp310A.tmp", message = "rjsec186")~~RJStevensMusicPresentationCreator.Program~0000000915
2024-12-18 21:56:24.0401~DEBUG~extract completed~~RJStevensMusicPresentationCreator.Program~0000000916
2024-12-18 21:56:24.0431~DEBUG~<- ExtractAllFromFile(zipFileName = "C:\Users\cofc_\AppData\Local\Temp\tmp2EE6.tmp\rjsec186.ZIP", decompressedFolder = "C:\Users\cofc_\AppData\Local\Temp\tmp310A.tmp", message = "rjsec186")~~RJStevensMusicPresentationCreator.Program~0000000917
2024-12-18 21:56:24.1061~DEBUG~-> DownloadFile(url = "https://faas-nyc1-2ef2e6cc.doserverless.co/api/v1/web/fn-dd7f8f6a-d32a-4f5e-ae7b-870dfb7963f3/downloads/bundle?id=000000000000195", filename = "C:\Users\cofc_\AppData\Local\Temp\tmp3253.tmp\rjsec188.ZIP", message = "rjsec188")~~RJStevensMusicPresentationCreator.Program~0000000918
2024-12-18 21:56:24.8492~DEBUG~download completed~~RJStevensMusicPresentationCreator.Program~0000000919
2024-12-18 21:56:24.8492~DEBUG~<- DownloadFile(url = "https://faas-nyc1-2ef2e6cc.doserverless.co/api/v1/web/fn-dd7f8f6a-d32a-4f5e-ae7b-870dfb7963f3/downloads/bundle?id=000000000000195", filename = "C:\Users\cofc_\AppData\Local\Temp\tmp3253.tmp\rjsec188.ZIP", message = "rjsec188")~~RJStevensMusicPresentationCreator.Program~0000000920
2024-12-18 21:56:24.8632~DEBUG~-> ExtractAllFromFile(zipFileName = "C:\Users\cofc_\AppData\Local\Temp\tmp3253.tmp\rjsec188.ZIP", decompressedFolder = "C:\Users\cofc_\AppData\Local\Temp\tmp3542.tmp", message = "rjsec188")~~RJStevensMusicPresentationCreator.Program~0000000921
2024-12-18 21:56:25.0904~DEBUG~extract completed~~RJStevensMusicPresentationCreator.Program~0000000922
2024-12-18 21:56:25.0904~DEBUG~<- ExtractAllFromFile(zipFileName = "C:\Users\cofc_\AppData\Local\Temp\tmp3253.tmp\rjsec188.ZIP", decompressedFolder = "C:\Users\cofc_\AppData\Local\Temp\tmp3542.tmp", message = "rjsec188")~~RJStevensMusicPresentationCreator.Program~0000000923
2024-12-18 21:56:25.1484~DEBUG~-> DownloadFile(url = "https://faas-nyc1-2ef2e6cc.doserverless.co/api/v1/web/fn-dd7f8f6a-d32a-4f5e-ae7b-870dfb7963f3/downloads/bundle?id=000000000000196", filename = "C:\Users\cofc_\AppData\Local\Temp\tmp365C.tmp\rjsec189.ZIP", message = "rjsec189")~~RJStevensMusicPresentationCreator.Program~0000000924
2024-12-18 21:56:25.9205~DEBUG~download completed~~RJStevensMusicPresentationCreator.Program~0000000925
2024-12-18 21:56:25.9205~DEBUG~<- DownloadFile(url = "https://faas-nyc1-2ef2e6cc.doserverless.co/api/v1/web/fn-dd7f8f6a-d32a-4f5e-ae7b-870dfb7963f3/downloads/bundle?id=000000000000196", filename = "C:\Users\cofc_\AppData\Local\Temp\tmp365C.tmp\rjsec189.ZIP", message = "rjsec189")~~RJStevensMusicPresentationCreator.Program~0000000926
2024-12-18 21:56:25.9385~DEBUG~-> ExtractAllFromFile(zipFileName = "C:\Users\cofc_\AppData\Local\Temp\tmp365C.tmp\rjsec189.ZIP", decompressedFolder = "C:\Users\cofc_\AppData\Local\Temp\tmp397A.tmp", message = "rjsec189")~~RJStevensMusicPresentationCreator.Program~0000000927
2024-12-18 21:56:26.1685~DEBUG~extract completed~~RJStevensMusicPresentationCreator.Program~0000000928
2024-12-18 21:56:26.1685~DEBUG~<- ExtractAllFromFile(zipFileName = "C:\Users\cofc_\AppData\Local\Temp\tmp365C.tmp\rjsec189.ZIP", decompressedFolder = "C:\Users\cofc_\AppData\Local\Temp\tmp397A.tmp", message = "rjsec189")~~RJStevensMusicPresentationCreator.Program~0000000929
2024-12-18 21:56:26.2245~DEBUG~-> DownloadFile(url = "https://faas-nyc1-2ef2e6cc.doserverless.co/api/v1/web/fn-dd7f8f6a-d32a-4f5e-ae7b-870dfb7963f3/downloads/bundle?id=000000000000197", filename = "C:\Users\cofc_\AppData\Local\Temp\tmp3A94.tmp\rjsec190.ZIP", message = "rjsec190")~~RJStevensMusicPresentationCreator.Program~0000000930
2024-12-18 21:56:26.7364~DEBUG~download completed~~RJStevensMusicPresentationCreator.Program~0000000931
2024-12-18 21:56:26.7364~DEBUG~<- DownloadFile(url = "https://faas-nyc1-2ef2e6cc.doserverless.co/api/v1/web/fn-dd7f8f6a-d32a-4f5e-ae7b-870dfb7963f3/downloads/bundle?id=000000000000197", filename = "C:\Users\cofc_\AppData\Local\Temp\tmp3A94.tmp\rjsec190.ZIP", message = "rjsec190")~~RJStevensMusicPresentationCreator.Program~0000000932
2024-12-18 21:56:26.7554~DEBUG~-> ExtractAllFromFile(zipFileName = "C:\Users\cofc_\AppData\Local\Temp\tmp3A94.tmp\rjsec190.ZIP", decompressedFolder = "C:\Users\cofc_\AppData\Local\Temp\tmp3CA8.tmp", message = "rjsec190")~~RJStevensMusicPresentationCreator.Program~0000000933
2024-12-18 21:56:26.9994~DEBUG~extract completed~~RJStevensMusicPresentationCreator.Program~0000000934
2024-12-18 21:56:26.9994~DEBUG~<- ExtractAllFromFile(zipFileName = "C:\Users\cofc_\AppData\Local\Temp\tmp3A94.tmp\rjsec190.ZIP", decompressedFolder = "C:\Users\cofc_\AppData\Local\Temp\tmp3CA8.tmp", message = "rjsec190")~~RJStevensMusicPresentationCreator.Program~0000000935
2024-12-18 21:56:27.0734~DEBUG~-> DownloadFile(url = "https://faas-nyc1-2ef2e6cc.doserverless.co/api/v1/web/fn-dd7f8f6a-d32a-4f5e-ae7b-870dfb7963f3/downloads/bundle?id=000000000000198", filename = "C:\Users\cofc_\AppData\Local\Temp\tmp3DF2.tmp\rjsec191.ZIP", message = "rjsec191")~~RJStevensMusicPresentationCreator.Program~0000000936
2024-12-18 21:56:27.5685~DEBUG~download completed~~RJStevensMusicPresentationCreator.Program~0000000937
2024-12-18 21:56:27.5685~DEBUG~<- DownloadFile(url = "https://faas-nyc1-2ef2e6cc.doserverless.co/api/v1/web/fn-dd7f8f6a-d32a-4f5e-ae7b-870dfb7963f3/downloads/bundle?id=000000000000198", filename = "C:\Users\cofc_\AppData\Local\Temp\tmp3DF2.tmp\rjsec191.ZIP", message = "rjsec191")~~RJStevensMusicPresentationCreator.Program~0000000938
2024-12-18 21:56:27.5845~DEBUG~-> ExtractAllFromFile(zipFileName = "C:\Users\cofc_\AppData\Local\Temp\tmp3DF2.tmp\rjsec191.ZIP", decompressedFolder = "C:\Users\cofc_\AppData\Local\Temp\tmp3FE7.tmp", message = "rjsec191")~~RJStevensMusicPresentationCreator.Program~0000000939
2024-12-18 21:56:27.7991~DEBUG~extract completed~~RJStevensMusicPresentationCreator.Program~0000000940
2024-12-18 21:56:27.7991~DEBUG~<- ExtractAllFromFile(zipFileName = "C:\Users\cofc_\AppData\Local\Temp\tmp3DF2.tmp\rjsec191.ZIP", decompressedFolder = "C:\Users\cofc_\AppData\Local\Temp\tmp3FE7.tmp", message = "rjsec191")~~RJStevensMusicPresentationCreator.Program~0000000941
2024-12-18 21:56:27.8661~DEBUG~-> DownloadFile(url = "https://faas-nyc1-2ef2e6cc.doserverless.co/api/v1/web/fn-dd7f8f6a-d32a-4f5e-ae7b-870dfb7963f3/downloads/bundle?id=000000000000200", filename = "C:\Users\cofc_\AppData\Local\Temp\tmp4101.tmp\rjsec193.ZIP", message = "rjsec193")~~RJStevensMusicPresentationCreator.Program~0000000942
2024-12-18 21:56:28.3341~DEBUG~download completed~~RJStevensMusicPresentationCreator.Program~0000000943
2024-12-18 21:56:28.3341~DEBUG~<- DownloadFile(url = "https://faas-nyc1-2ef2e6cc.doserverless.co/api/v1/web/fn-dd7f8f6a-d32a-4f5e-ae7b-870dfb7963f3/downloads/bundle?id=000000000000200", filename = "C:\Users\cofc_\AppData\Local\Temp\tmp4101.tmp\rjsec193.ZIP", message = "rjsec193")~~RJStevensMusicPresentationCreator.Program~0000000944
2024-12-18 21:56:28.3521~DEBUG~-> ExtractAllFromFile(zipFileName = "C:\Users\cofc_\AppData\Local\Temp\tmp4101.tmp\rjsec193.ZIP", decompressedFolder = "C:\Users\cofc_\AppData\Local\Temp\tmp42E6.tmp", message = "rjsec193")~~RJStevensMusicPresentationCreator.Program~0000000945
2024-12-18 21:56:28.5571~DEBUG~extract completed~~RJStevensMusicPresentationCreator.Program~0000000946
2024-12-18 21:56:28.5571~DEBUG~<- ExtractAllFromFile(zipFileName = "C:\Users\cofc_\AppData\Local\Temp\tmp4101.tmp\rjsec193.ZIP", decompressedFolder = "C:\Users\cofc_\AppData\Local\Temp\tmp42E6.tmp", message = "rjsec193")~~RJStevensMusicPresentationCreator.Program~0000000947
2024-12-18 21:56:28.6101~DEBUG~-> DownloadFile(url = "https://faas-nyc1-2ef2e6cc.doserverless.co/api/v1/web/fn-dd7f8f6a-d32a-4f5e-ae7b-870dfb7963f3/downloads/bundle?id=000000000000201", filename = "C:\Users\cofc_\AppData\Local\Temp\tmp43F1.tmp\rjsec194.ZIP", message = "rjsec194")~~RJStevensMusicPresentationCreator.Program~0000000948
2024-12-18 21:56:29.0651~DEBUG~download completed~~RJStevensMusicPresentationCreator.Program~0000000949
2024-12-18 21:56:29.0651~DEBUG~<- DownloadFile(url = "https://faas-nyc1-2ef2e6cc.doserverless.co/api/v1/web/fn-dd7f8f6a-d32a-4f5e-ae7b-870dfb7963f3/downloads/bundle?id=000000000000201", filename = "C:\Users\cofc_\AppData\Local\Temp\tmp43F1.tmp\rjsec194.ZIP", message = "rjsec194")~~RJStevensMusicPresentationCreator.Program~0000000950
2024-12-18 21:56:29.0811~DEBUG~-> ExtractAllFromFile(zipFileName = "C:\Users\cofc_\AppData\Local\Temp\tmp43F1.tmp\rjsec194.ZIP", decompressedFolder = "C:\Users\cofc_\AppData\Local\Temp\tmp45C7.tmp", message = "rjsec194")~~RJStevensMusicPresentationCreator.Program~0000000951
2024-12-18 21:56:29.3381~DEBUG~extract completed~~RJStevensMusicPresentationCreator.Program~0000000952
2024-12-18 21:56:29.3381~DEBUG~<- ExtractAllFromFile(zipFileName = "C:\Users\cofc_\AppData\Local\Temp\tmp43F1.tmp\rjsec194.ZIP", decompressedFolder = "C:\Users\cofc_\AppData\Local\Temp\tmp45C7.tmp", message = "rjsec194")~~RJStevensMusicPresentationCreator.Program~0000000953
2024-12-18 21:56:29.4041~DEBUG~-> DownloadFile(url = "https://faas-nyc1-2ef2e6cc.doserverless.co/api/v1/web/fn-dd7f8f6a-d32a-4f5e-ae7b-870dfb7963f3/downloads/bundle?id=000000000000203", filename = "C:\Users\cofc_\AppData\Local\Temp\tmp4710.tmp\rjsec196.ZIP", message = "rjsec196")~~RJStevensMusicPresentationCreator.Program~0000000954
2024-12-18 21:56:29.9432~DEBUG~download completed~~RJStevensMusicPresentationCreator.Program~0000000955
2024-12-18 21:56:29.9432~DEBUG~<- DownloadFile(url = "https://faas-nyc1-2ef2e6cc.doserverless.co/api/v1/web/fn-dd7f8f6a-d32a-4f5e-ae7b-870dfb7963f3/downloads/bundle?id=000000000000203", filename = "C:\Users\cofc_\AppData\Local\Temp\tmp4710.tmp\rjsec196.ZIP", message = "rjsec196")~~RJStevensMusicPresentationCreator.Program~0000000956
2024-12-18 21:56:29.9592~DEBUG~-> ExtractAllFromFile(zipFileName = "C:\Users\cofc_\AppData\Local\Temp\tmp4710.tmp\rjsec196.ZIP", decompressedFolder = "C:\Users\cofc_\AppData\Local\Temp\tmp4934.tmp", message = "rjsec196")~~RJStevensMusicPresentationCreator.Program~0000000957
2024-12-18 21:56:30.1800~DEBUG~extract completed~~RJStevensMusicPresentationCreator.Program~0000000958
2024-12-18 21:56:30.1830~DEBUG~<- ExtractAllFromFile(zipFileName = "C:\Users\cofc_\AppData\Local\Temp\tmp4710.tmp\rjsec196.ZIP", decompressedFolder = "C:\Users\cofc_\AppData\Local\Temp\tmp4934.tmp", message = "rjsec196")~~RJStevensMusicPresentationCreator.Program~0000000959
2024-12-18 21:56:30.2420~DEBUG~-> DownloadFile(url = "https://faas-nyc1-2ef2e6cc.doserverless.co/api/v1/web/fn-dd7f8f6a-d32a-4f5e-ae7b-870dfb7963f3/downloads/bundle?id=000000000000204", filename = "C:\Users\cofc_\AppData\Local\Temp\tmp4A4E.tmp\rjsec197.ZIP", message = "rjsec197")~~RJStevensMusicPresentationCreator.Program~0000000960
2024-12-18 21:56:30.6981~DEBUG~download completed~~RJStevensMusicPresentationCreator.Program~0000000961
2024-12-18 21:56:30.6981~DEBUG~<- DownloadFile(url = "https://faas-nyc1-2ef2e6cc.doserverless.co/api/v1/web/fn-dd7f8f6a-d32a-4f5e-ae7b-870dfb7963f3/downloads/bundle?id=000000000000204", filename = "C:\Users\cofc_\AppData\Local\Temp\tmp4A4E.tmp\rjsec197.ZIP", message = "rjsec197")~~RJStevensMusicPresentationCreator.Program~0000000962
2024-12-18 21:56:30.7131~DEBUG~-> ExtractAllFromFile(zipFileName = "C:\Users\cofc_\AppData\Local\Temp\tmp4A4E.tmp\rjsec197.ZIP", decompressedFolder = "C:\Users\cofc_\AppData\Local\Temp\tmp4C24.tmp", message = "rjsec197")~~RJStevensMusicPresentationCreator.Program~0000000963
2024-12-18 21:56:30.9320~DEBUG~extract completed~~RJStevensMusicPresentationCreator.Program~0000000964
2024-12-18 21:56:30.9320~DEBUG~<- ExtractAllFromFile(zipFileName = "C:\Users\cofc_\AppData\Local\Temp\tmp4A4E.tmp\rjsec197.ZIP", decompressedFolder = "C:\Users\cofc_\AppData\Local\Temp\tmp4C24.tmp", message = "rjsec197")~~RJStevensMusicPresentationCreator.Program~0000000965
2024-12-18 21:56:31.0000~DEBUG~-> DownloadFile(url = "https://faas-nyc1-2ef2e6cc.doserverless.co/api/v1/web/fn-dd7f8f6a-d32a-4f5e-ae7b-870dfb7963f3/downloads/bundle?id=000000000000207", filename = "C:\Users\cofc_\AppData\Local\Temp\tmp4D4D.tmp\rjsec200.ZIP", message = "rjsec200")~~RJStevensMusicPresentationCreator.Program~0000000966
2024-12-18 21:56:31.4561~DEBUG~download completed~~RJStevensMusicPresentationCreator.Program~0000000967
2024-12-18 21:56:31.4561~DEBUG~<- DownloadFile(url = "https://faas-nyc1-2ef2e6cc.doserverless.co/api/v1/web/fn-dd7f8f6a-d32a-4f5e-ae7b-870dfb7963f3/downloads/bundle?id=000000000000207", filename = "C:\Users\cofc_\AppData\Local\Temp\tmp4D4D.tmp\rjsec200.ZIP", message = "rjsec200")~~RJStevensMusicPresentationCreator.Program~0000000968
2024-12-18 21:56:31.4731~DEBUG~-> ExtractAllFromFile(zipFileName = "C:\Users\cofc_\AppData\Local\Temp\tmp4D4D.tmp\rjsec200.ZIP", decompressedFolder = "C:\Users\cofc_\AppData\Local\Temp\tmp4F23.tmp", message = "rjsec200")~~RJStevensMusicPresentationCreator.Program~0000000969
2024-12-18 21:56:31.7343~DEBUG~extract completed~~RJStevensMusicPresentationCreator.Program~0000000970
2024-12-18 21:56:31.7343~DEBUG~<- ExtractAllFromFile(zipFileName = "C:\Users\cofc_\AppData\Local\Temp\tmp4D4D.tmp\rjsec200.ZIP", decompressedFolder = "C:\Users\cofc_\AppData\Local\Temp\tmp4F23.tmp", message = "rjsec200")~~RJStevensMusicPresentationCreator.Program~0000000971
2024-12-18 21:56:31.8063~DEBUG~-> DownloadFile(url = "https://faas-nyc1-2ef2e6cc.doserverless.co/api/v1/web/fn-dd7f8f6a-d32a-4f5e-ae7b-870dfb7963f3/downloads/bundle?id=000000000000208", filename = "C:\Users\cofc_\AppData\Local\Temp\tmp506C.tmp\rjsec201.ZIP", message = "rjsec201")~~RJStevensMusicPresentationCreator.Program~0000000972
2024-12-18 21:56:32.5446~DEBUG~download completed~~RJStevensMusicPresentationCreator.Program~0000000973
2024-12-18 21:56:32.5446~DEBUG~<- DownloadFile(url = "https://faas-nyc1-2ef2e6cc.doserverless.co/api/v1/web/fn-dd7f8f6a-d32a-4f5e-ae7b-870dfb7963f3/downloads/bundle?id=000000000000208", filename = "C:\Users\cofc_\AppData\Local\Temp\tmp506C.tmp\rjsec201.ZIP", message = "rjsec201")~~RJStevensMusicPresentationCreator.Program~0000000974
2024-12-18 21:56:32.5636~DEBUG~-> ExtractAllFromFile(zipFileName = "C:\Users\cofc_\AppData\Local\Temp\tmp506C.tmp\rjsec201.ZIP", decompressedFolder = "C:\Users\cofc_\AppData\Local\Temp\tmp536B.tmp", message = "rjsec201")~~RJStevensMusicPresentationCreator.Program~0000000975
2024-12-18 21:56:32.7606~DEBUG~extract completed~~RJStevensMusicPresentationCreator.Program~0000000976
2024-12-18 21:56:32.7606~DEBUG~<- ExtractAllFromFile(zipFileName = "C:\Users\cofc_\AppData\Local\Temp\tmp506C.tmp\rjsec201.ZIP", decompressedFolder = "C:\Users\cofc_\AppData\Local\Temp\tmp536B.tmp", message = "rjsec201")~~RJStevensMusicPresentationCreator.Program~0000000977
2024-12-18 21:56:32.8156~DEBUG~-> DownloadFile(url = "https://faas-nyc1-2ef2e6cc.doserverless.co/api/v1/web/fn-dd7f8f6a-d32a-4f5e-ae7b-870dfb7963f3/downloads/bundle?id=000000000000209", filename = "C:\Users\cofc_\AppData\Local\Temp\tmp5466.tmp\rjsec202.ZIP", message = "rjsec202")~~RJStevensMusicPresentationCreator.Program~0000000978
2024-12-18 21:56:33.2497~DEBUG~download completed~~RJStevensMusicPresentationCreator.Program~0000000979
2024-12-18 21:56:33.2497~DEBUG~<- DownloadFile(url = "https://faas-nyc1-2ef2e6cc.doserverless.co/api/v1/web/fn-dd7f8f6a-d32a-4f5e-ae7b-870dfb7963f3/downloads/bundle?id=000000000000209", filename = "C:\Users\cofc_\AppData\Local\Temp\tmp5466.tmp\rjsec202.ZIP", message = "rjsec202")~~RJStevensMusicPresentationCreator.Program~0000000980
2024-12-18 21:56:33.2687~DEBUG~-> ExtractAllFromFile(zipFileName = "C:\Users\cofc_\AppData\Local\Temp\tmp5466.tmp\rjsec202.ZIP", decompressedFolder = "C:\Users\cofc_\AppData\Local\Temp\tmp562C.tmp", message = "rjsec202")~~RJStevensMusicPresentationCreator.Program~0000000981
2024-12-18 21:56:33.5012~DEBUG~extract completed~~RJStevensMusicPresentationCreator.Program~0000000982
2024-12-18 21:56:33.5012~DEBUG~<- ExtractAllFromFile(zipFileName = "C:\Users\cofc_\AppData\Local\Temp\tmp5466.tmp\rjsec202.ZIP", decompressedFolder = "C:\Users\cofc_\AppData\Local\Temp\tmp562C.tmp", message = "rjsec202")~~RJStevensMusicPresentationCreator.Program~0000000983
2024-12-18 21:56:33.5702~DEBUG~-> DownloadFile(url = "https://faas-nyc1-2ef2e6cc.doserverless.co/api/v1/web/fn-dd7f8f6a-d32a-4f5e-ae7b-870dfb7963f3/downloads/bundle?id=000000000000210", filename = "C:\Users\cofc_\AppData\Local\Temp\tmp5756.tmp\rjsec203.ZIP", message = "rjsec203")~~RJStevensMusicPresentationCreator.Program~0000000984
2024-12-18 21:56:34.0303~DEBUG~download completed~~RJStevensMusicPresentationCreator.Program~0000000985
2024-12-18 21:56:34.0303~DEBUG~<- DownloadFile(url = "https://faas-nyc1-2ef2e6cc.doserverless.co/api/v1/web/fn-dd7f8f6a-d32a-4f5e-ae7b-870dfb7963f3/downloads/bundle?id=000000000000210", filename = "C:\Users\cofc_\AppData\Local\Temp\tmp5756.tmp\rjsec203.ZIP", message = "rjsec203")~~RJStevensMusicPresentationCreator.Program~0000000986
2024-12-18 21:56:34.0503~DEBUG~-> ExtractAllFromFile(zipFileName = "C:\Users\cofc_\AppData\Local\Temp\tmp5756.tmp\rjsec203.ZIP", decompressedFolder = "C:\Users\cofc_\AppData\Local\Temp\tmp593B.tmp", message = "rjsec203")~~RJStevensMusicPresentationCreator.Program~0000000987
2024-12-18 21:56:34.2713~DEBUG~extract completed~~RJStevensMusicPresentationCreator.Program~0000000988
2024-12-18 21:56:34.2713~DEBUG~<- ExtractAllFromFile(zipFileName = "C:\Users\cofc_\AppData\Local\Temp\tmp5756.tmp\rjsec203.ZIP", decompressedFolder = "C:\Users\cofc_\AppData\Local\Temp\tmp593B.tmp", message = "rjsec203")~~RJStevensMusicPresentationCreator.Program~0000000989
2024-12-18 21:56:34.3333~DEBUG~-> DownloadFile(url = "https://faas-nyc1-2ef2e6cc.doserverless.co/api/v1/web/fn-dd7f8f6a-d32a-4f5e-ae7b-870dfb7963f3/downloads/bundle?id=000000000000211", filename = "C:\Users\cofc_\AppData\Local\Temp\tmp5A56.tmp\rjsec204.ZIP", message = "rjsec204")~~RJStevensMusicPresentationCreator.Program~0000000990
2024-12-18 21:56:34.7784~DEBUG~download completed~~RJStevensMusicPresentationCreator.Program~0000000991
2024-12-18 21:56:34.7784~DEBUG~<- DownloadFile(url = "https://faas-nyc1-2ef2e6cc.doserverless.co/api/v1/web/fn-dd7f8f6a-d32a-4f5e-ae7b-870dfb7963f3/downloads/bundle?id=000000000000211", filename = "C:\Users\cofc_\AppData\Local\Temp\tmp5A56.tmp\rjsec204.ZIP", message = "rjsec204")~~RJStevensMusicPresentationCreator.Program~0000000992
2024-12-18 21:56:34.7964~DEBUG~-> ExtractAllFromFile(zipFileName = "C:\Users\cofc_\AppData\Local\Temp\tmp5A56.tmp\rjsec204.ZIP", decompressedFolder = "C:\Users\cofc_\AppData\Local\Temp\tmp5C2B.tmp", message = "rjsec204")~~RJStevensMusicPresentationCreator.Program~0000000993
2024-12-18 21:56:35.0354~DEBUG~extract completed~~RJStevensMusicPresentationCreator.Program~0000000994
2024-12-18 21:56:35.0354~DEBUG~<- ExtractAllFromFile(zipFileName = "C:\Users\cofc_\AppData\Local\Temp\tmp5A56.tmp\rjsec204.ZIP", decompressedFolder = "C:\Users\cofc_\AppData\Local\Temp\tmp5C2B.tmp", message = "rjsec204")~~RJStevensMusicPresentationCreator.Program~0000000995
2024-12-18 21:56:35.1004~DEBUG~-> DownloadFile(url = "https://faas-nyc1-2ef2e6cc.doserverless.co/api/v1/web/fn-dd7f8f6a-d32a-4f5e-ae7b-870dfb7963f3/downloads/bundle?id=000000000000212", filename = "C:\Users\cofc_\AppData\Local\Temp\tmp5D55.tmp\rjsec205.ZIP", message = "rjsec205")~~RJStevensMusicPresentationCreator.Program~0000000996
2024-12-18 21:56:35.5534~DEBUG~download completed~~RJStevensMusicPresentationCreator.Program~0000000997
2024-12-18 21:56:35.5534~DEBUG~<- DownloadFile(url = "https://faas-nyc1-2ef2e6cc.doserverless.co/api/v1/web/fn-dd7f8f6a-d32a-4f5e-ae7b-870dfb7963f3/downloads/bundle?id=000000000000212", filename = "C:\Users\cofc_\AppData\Local\Temp\tmp5D55.tmp\rjsec205.ZIP", message = "rjsec205")~~RJStevensMusicPresentationCreator.Program~0000000998
2024-12-18 21:56:35.5724~DEBUG~-> ExtractAllFromFile(zipFileName = "C:\Users\cofc_\AppData\Local\Temp\tmp5D55.tmp\rjsec205.ZIP", decompressedFolder = "C:\Users\cofc_\AppData\Local\Temp\tmp5F2B.tmp", message = "rjsec205")~~RJStevensMusicPresentationCreator.Program~0000000999
2024-12-18 21:56:35.7994~DEBUG~extract completed~~RJStevensMusicPresentationCreator.Program~0000001000
2024-12-18 21:56:35.7994~DEBUG~<- ExtractAllFromFile(zipFileName = "C:\Users\cofc_\AppData\Local\Temp\tmp5D55.tmp\rjsec205.ZIP", decompressedFolder = "C:\Users\cofc_\AppData\Local\Temp\tmp5F2B.tmp", message = "rjsec205")~~RJStevensMusicPresentationCreator.Program~0000001001
2024-12-18 21:56:35.8624~DEBUG~-> DownloadFile(url = "https://faas-nyc1-2ef2e6cc.doserverless.co/api/v1/web/fn-dd7f8f6a-d32a-4f5e-ae7b-870dfb7963f3/downloads/bundle?id=000000000000213", filename = "C:\Users\cofc_\AppData\Local\Temp\tmp6055.tmp\rjsec206.ZIP", message = "rjsec206")~~RJStevensMusicPresentationCreator.Program~0000001002
2024-12-18 21:56:36.3133~DEBUG~download completed~~RJStevensMusicPresentationCreator.Program~0000001003
2024-12-18 21:56:36.3133~DEBUG~<- DownloadFile(url = "https://faas-nyc1-2ef2e6cc.doserverless.co/api/v1/web/fn-dd7f8f6a-d32a-4f5e-ae7b-870dfb7963f3/downloads/bundle?id=000000000000213", filename = "C:\Users\cofc_\AppData\Local\Temp\tmp6055.tmp\rjsec206.ZIP", message = "rjsec206")~~RJStevensMusicPresentationCreator.Program~0000001004
2024-12-18 21:56:36.3293~DEBUG~-> ExtractAllFromFile(zipFileName = "C:\Users\cofc_\AppData\Local\Temp\tmp6055.tmp\rjsec206.ZIP", decompressedFolder = "C:\Users\cofc_\AppData\Local\Temp\tmp622B.tmp", message = "rjsec206")~~RJStevensMusicPresentationCreator.Program~0000001005
2024-12-18 21:56:36.5974~DEBUG~extract completed~~RJStevensMusicPresentationCreator.Program~0000001006
2024-12-18 21:56:36.5974~DEBUG~<- ExtractAllFromFile(zipFileName = "C:\Users\cofc_\AppData\Local\Temp\tmp6055.tmp\rjsec206.ZIP", decompressedFolder = "C:\Users\cofc_\AppData\Local\Temp\tmp622B.tmp", message = "rjsec206")~~RJStevensMusicPresentationCreator.Program~0000001007
2024-12-18 21:56:36.6654~DEBUG~-> DownloadFile(url = "https://faas-nyc1-2ef2e6cc.doserverless.co/api/v1/web/fn-dd7f8f6a-d32a-4f5e-ae7b-870dfb7963f3/downloads/bundle?id=000000000000214", filename = "C:\Users\cofc_\AppData\Local\Temp\tmp6374.tmp\rjsec207.ZIP", message = "rjsec207")~~RJStevensMusicPresentationCreator.Program~0000001008
2024-12-18 21:56:37.1044~DEBUG~download completed~~RJStevensMusicPresentationCreator.Program~0000001009
2024-12-18 21:56:37.1044~DEBUG~<- DownloadFile(url = "https://faas-nyc1-2ef2e6cc.doserverless.co/api/v1/web/fn-dd7f8f6a-d32a-4f5e-ae7b-870dfb7963f3/downloads/bundle?id=000000000000214", filename = "C:\Users\cofc_\AppData\Local\Temp\tmp6374.tmp\rjsec207.ZIP", message = "rjsec207")~~RJStevensMusicPresentationCreator.Program~0000001010
2024-12-18 21:56:37.1214~DEBUG~-> ExtractAllFromFile(zipFileName = "C:\Users\cofc_\AppData\Local\Temp\tmp6374.tmp\rjsec207.ZIP", decompressedFolder = "C:\Users\cofc_\AppData\Local\Temp\tmp6549.tmp", message = "rjsec207")~~RJStevensMusicPresentationCreator.Program~0000001011
2024-12-18 21:56:37.2967~DEBUG~extract completed~~RJStevensMusicPresentationCreator.Program~0000001012
2024-12-18 21:56:37.2967~DEBUG~<- ExtractAllFromFile(zipFileName = "C:\Users\cofc_\AppData\Local\Temp\tmp6374.tmp\rjsec207.ZIP", decompressedFolder = "C:\Users\cofc_\AppData\Local\Temp\tmp6549.tmp", message = "rjsec207")~~RJStevensMusicPresentationCreator.Program~0000001013
2024-12-18 21:56:37.3537~DEBUG~-> DownloadFile(url = "https://faas-nyc1-2ef2e6cc.doserverless.co/api/v1/web/fn-dd7f8f6a-d32a-4f5e-ae7b-870dfb7963f3/downloads/bundle?id=000000000000215", filename = "C:\Users\cofc_\AppData\Local\Temp\tmp6625.tmp\rjsec208.ZIP", message = "rjsec208")~~RJStevensMusicPresentationCreator.Program~0000001014
2024-12-18 21:56:37.8964~DEBUG~download completed~~RJStevensMusicPresentationCreator.Program~0000001015
2024-12-18 21:56:37.8964~DEBUG~<- DownloadFile(url = "https://faas-nyc1-2ef2e6cc.doserverless.co/api/v1/web/fn-dd7f8f6a-d32a-4f5e-ae7b-870dfb7963f3/downloads/bundle?id=000000000000215", filename = "C:\Users\cofc_\AppData\Local\Temp\tmp6625.tmp\rjsec208.ZIP", message = "rjsec208")~~RJStevensMusicPresentationCreator.Program~0000001016
2024-12-18 21:56:37.9164~DEBUG~-> ExtractAllFromFile(zipFileName = "C:\Users\cofc_\AppData\Local\Temp\tmp6625.tmp\rjsec208.ZIP", decompressedFolder = "C:\Users\cofc_\AppData\Local\Temp\tmp6859.tmp", message = "rjsec208")~~RJStevensMusicPresentationCreator.Program~0000001017
2024-12-18 21:56:38.1839~DEBUG~extract completed~~RJStevensMusicPresentationCreator.Program~0000001018
2024-12-18 21:56:38.1839~DEBUG~<- ExtractAllFromFile(zipFileName = "C:\Users\cofc_\AppData\Local\Temp\tmp6625.tmp\rjsec208.ZIP", decompressedFolder = "C:\Users\cofc_\AppData\Local\Temp\tmp6859.tmp", message = "rjsec208")~~RJStevensMusicPresentationCreator.Program~0000001019
2024-12-18 21:56:38.2579~DEBUG~-> DownloadFile(url = "https://faas-nyc1-2ef2e6cc.doserverless.co/api/v1/web/fn-dd7f8f6a-d32a-4f5e-ae7b-870dfb7963f3/downloads/bundle?id=000000000000216", filename = "C:\Users\cofc_\AppData\Local\Temp\tmp69B1.tmp\rjsec209.ZIP", message = "rjsec209")~~RJStevensMusicPresentationCreator.Program~0000001020
2024-12-18 21:56:38.7439~DEBUG~download completed~~RJStevensMusicPresentationCreator.Program~0000001021
2024-12-18 21:56:38.7439~DEBUG~<- DownloadFile(url = "https://faas-nyc1-2ef2e6cc.doserverless.co/api/v1/web/fn-dd7f8f6a-d32a-4f5e-ae7b-870dfb7963f3/downloads/bundle?id=000000000000216", filename = "C:\Users\cofc_\AppData\Local\Temp\tmp69B1.tmp\rjsec209.ZIP", message = "rjsec209")~~RJStevensMusicPresentationCreator.Program~0000001022
2024-12-18 21:56:38.7599~DEBUG~-> ExtractAllFromFile(zipFileName = "C:\Users\cofc_\AppData\Local\Temp\tmp69B1.tmp\rjsec209.ZIP", decompressedFolder = "C:\Users\cofc_\AppData\Local\Temp\tmp6BA6.tmp", message = "rjsec209")~~RJStevensMusicPresentationCreator.Program~0000001023
2024-12-18 21:56:38.9752~DEBUG~extract completed~~RJStevensMusicPresentationCreator.Program~0000001024
2024-12-18 21:56:38.9782~DEBUG~<- ExtractAllFromFile(zipFileName = "C:\Users\cofc_\AppData\Local\Temp\tmp69B1.tmp\rjsec209.ZIP", decompressedFolder = "C:\Users\cofc_\AppData\Local\Temp\tmp6BA6.tmp", message = "rjsec209")~~RJStevensMusicPresentationCreator.Program~0000001025
2024-12-18 21:56:39.0392~DEBUG~-> DownloadFile(url = "https://faas-nyc1-2ef2e6cc.doserverless.co/api/v1/web/fn-dd7f8f6a-d32a-4f5e-ae7b-870dfb7963f3/downloads/bundle?id=000000000000217", filename = "C:\Users\cofc_\AppData\Local\Temp\tmp6CC1.tmp\rjsec210.ZIP", message = "rjsec210")~~RJStevensMusicPresentationCreator.Program~0000001026
2024-12-18 21:56:39.5032~DEBUG~download completed~~RJStevensMusicPresentationCreator.Program~0000001027
2024-12-18 21:56:39.5032~DEBUG~<- DownloadFile(url = "https://faas-nyc1-2ef2e6cc.doserverless.co/api/v1/web/fn-dd7f8f6a-d32a-4f5e-ae7b-870dfb7963f3/downloads/bundle?id=000000000000217", filename = "C:\Users\cofc_\AppData\Local\Temp\tmp6CC1.tmp\rjsec210.ZIP", message = "rjsec210")~~RJStevensMusicPresentationCreator.Program~0000001028
2024-12-18 21:56:39.5232~DEBUG~-> ExtractAllFromFile(zipFileName = "C:\Users\cofc_\AppData\Local\Temp\tmp6CC1.tmp\rjsec210.ZIP", decompressedFolder = "C:\Users\cofc_\AppData\Local\Temp\tmp6EA8.tmp", message = "rjsec210")~~RJStevensMusicPresentationCreator.Program~0000001029
2024-12-18 21:56:39.8213~DEBUG~extract completed~~RJStevensMusicPresentationCreator.Program~0000001030
2024-12-18 21:56:39.8243~DEBUG~<- ExtractAllFromFile(zipFileName = "C:\Users\cofc_\AppData\Local\Temp\tmp6CC1.tmp\rjsec210.ZIP", decompressedFolder = "C:\Users\cofc_\AppData\Local\Temp\tmp6EA8.tmp", message = "rjsec210")~~RJStevensMusicPresentationCreator.Program~0000001031
2024-12-18 21:56:39.8933~DEBUG~-> DownloadFile(url = "https://faas-nyc1-2ef2e6cc.doserverless.co/api/v1/web/fn-dd7f8f6a-d32a-4f5e-ae7b-870dfb7963f3/downloads/bundle?id=000000000000218", filename = "C:\Users\cofc_\AppData\Local\Temp\tmp701E.tmp\rjsec211.ZIP", message = "rjsec211")~~RJStevensMusicPresentationCreator.Program~0000001032
2024-12-18 21:56:40.6093~DEBUG~download completed~~RJStevensMusicPresentationCreator.Program~0000001033
2024-12-18 21:56:40.6093~DEBUG~<- DownloadFile(url = "https://faas-nyc1-2ef2e6cc.doserverless.co/api/v1/web/fn-dd7f8f6a-d32a-4f5e-ae7b-870dfb7963f3/downloads/bundle?id=000000000000218", filename = "C:\Users\cofc_\AppData\Local\Temp\tmp701E.tmp\rjsec211.ZIP", message = "rjsec211")~~RJStevensMusicPresentationCreator.Program~0000001034
2024-12-18 21:56:40.6203~DEBUG~-> ExtractAllFromFile(zipFileName = "C:\Users\cofc_\AppData\Local\Temp\tmp701E.tmp\rjsec211.ZIP", decompressedFolder = "C:\Users\cofc_\AppData\Local\Temp\tmp72FD.tmp", message = "rjsec211")~~RJStevensMusicPresentationCreator.Program~0000001035
2024-12-18 21:56:40.8403~DEBUG~extract completed~~RJStevensMusicPresentationCreator.Program~0000001036
2024-12-18 21:56:40.8403~DEBUG~<- ExtractAllFromFile(zipFileName = "C:\Users\cofc_\AppData\Local\Temp\tmp701E.tmp\rjsec211.ZIP", decompressedFolder = "C:\Users\cofc_\AppData\Local\Temp\tmp72FD.tmp", message = "rjsec211")~~RJStevensMusicPresentationCreator.Program~0000001037
2024-12-18 21:56:40.8933~DEBUG~-> DownloadFile(url = "https://faas-nyc1-2ef2e6cc.doserverless.co/api/v1/web/fn-dd7f8f6a-d32a-4f5e-ae7b-870dfb7963f3/downloads/bundle?id=000000000000219", filename = "C:\Users\cofc_\AppData\Local\Temp\tmp7408.tmp\rjsec212.ZIP", message = "rjsec212")~~RJStevensMusicPresentationCreator.Program~0000001038
2024-12-18 21:56:41.4544~DEBUG~download completed~~RJStevensMusicPresentationCreator.Program~0000001039
2024-12-18 21:56:41.4544~DEBUG~<- DownloadFile(url = "https://faas-nyc1-2ef2e6cc.doserverless.co/api/v1/web/fn-dd7f8f6a-d32a-4f5e-ae7b-870dfb7963f3/downloads/bundle?id=000000000000219", filename = "C:\Users\cofc_\AppData\Local\Temp\tmp7408.tmp\rjsec212.ZIP", message = "rjsec212")~~RJStevensMusicPresentationCreator.Program~0000001040
2024-12-18 21:56:41.4694~DEBUG~-> ExtractAllFromFile(zipFileName = "C:\Users\cofc_\AppData\Local\Temp\tmp7408.tmp\rjsec212.ZIP", decompressedFolder = "C:\Users\cofc_\AppData\Local\Temp\tmp764B.tmp", message = "rjsec212")~~RJStevensMusicPresentationCreator.Program~0000001041
2024-12-18 21:56:41.6954~DEBUG~extract completed~~RJStevensMusicPresentationCreator.Program~0000001042
2024-12-18 21:56:41.6984~DEBUG~<- ExtractAllFromFile(zipFileName = "C:\Users\cofc_\AppData\Local\Temp\tmp7408.tmp\rjsec212.ZIP", decompressedFolder = "C:\Users\cofc_\AppData\Local\Temp\tmp764B.tmp", message = "rjsec212")~~RJStevensMusicPresentationCreator.Program~0000001043
2024-12-18 21:56:41.7564~DEBUG~-> DownloadFile(url = "https://faas-nyc1-2ef2e6cc.doserverless.co/api/v1/web/fn-dd7f8f6a-d32a-4f5e-ae7b-870dfb7963f3/downloads/bundle?id=000000000000220", filename = "C:\Users\cofc_\AppData\Local\Temp\tmp7765.tmp\rjsec213.ZIP", message = "rjsec213")~~RJStevensMusicPresentationCreator.Program~0000001044
2024-12-18 21:56:42.5447~DEBUG~download completed~~RJStevensMusicPresentationCreator.Program~0000001045
2024-12-18 21:56:42.5447~DEBUG~<- DownloadFile(url = "https://faas-nyc1-2ef2e6cc.doserverless.co/api/v1/web/fn-dd7f8f6a-d32a-4f5e-ae7b-870dfb7963f3/downloads/bundle?id=000000000000220", filename = "C:\Users\cofc_\AppData\Local\Temp\tmp7765.tmp\rjsec213.ZIP", message = "rjsec213")~~RJStevensMusicPresentationCreator.Program~0000001046
2024-12-18 21:56:42.5607~DEBUG~-> ExtractAllFromFile(zipFileName = "C:\Users\cofc_\AppData\Local\Temp\tmp7765.tmp\rjsec213.ZIP", decompressedFolder = "C:\Users\cofc_\AppData\Local\Temp\tmp7A93.tmp", message = "rjsec213")~~RJStevensMusicPresentationCreator.Program~0000001047
2024-12-18 21:56:42.8000~DEBUG~extract completed~~RJStevensMusicPresentationCreator.Program~0000001048
2024-12-18 21:56:42.8000~DEBUG~<- ExtractAllFromFile(zipFileName = "C:\Users\cofc_\AppData\Local\Temp\tmp7765.tmp\rjsec213.ZIP", decompressedFolder = "C:\Users\cofc_\AppData\Local\Temp\tmp7A93.tmp", message = "rjsec213")~~RJStevensMusicPresentationCreator.Program~0000001049
2024-12-18 21:56:42.8730~DEBUG~-> DownloadFile(url = "https://faas-nyc1-2ef2e6cc.doserverless.co/api/v1/web/fn-dd7f8f6a-d32a-4f5e-ae7b-870dfb7963f3/downloads/bundle?id=000000000000223", filename = "C:\Users\cofc_\AppData\Local\Temp\tmp7BCC.tmp\rjsec216.ZIP", message = "rjsec216")~~RJStevensMusicPresentationCreator.Program~0000001050
2024-12-18 21:56:43.3170~DEBUG~download completed~~RJStevensMusicPresentationCreator.Program~0000001051
2024-12-18 21:56:43.3170~DEBUG~<- DownloadFile(url = "https://faas-nyc1-2ef2e6cc.doserverless.co/api/v1/web/fn-dd7f8f6a-d32a-4f5e-ae7b-870dfb7963f3/downloads/bundle?id=000000000000223", filename = "C:\Users\cofc_\AppData\Local\Temp\tmp7BCC.tmp\rjsec216.ZIP", message = "rjsec216")~~RJStevensMusicPresentationCreator.Program~0000001052
2024-12-18 21:56:43.3320~DEBUG~-> ExtractAllFromFile(zipFileName = "C:\Users\cofc_\AppData\Local\Temp\tmp7BCC.tmp\rjsec216.ZIP", decompressedFolder = "C:\Users\cofc_\AppData\Local\Temp\tmp7D93.tmp", message = "rjsec216")~~RJStevensMusicPresentationCreator.Program~0000001053
2024-12-18 21:56:43.5477~DEBUG~extract completed~~RJStevensMusicPresentationCreator.Program~0000001054
2024-12-18 21:56:43.5477~DEBUG~<- ExtractAllFromFile(zipFileName = "C:\Users\cofc_\AppData\Local\Temp\tmp7BCC.tmp\rjsec216.ZIP", decompressedFolder = "C:\Users\cofc_\AppData\Local\Temp\tmp7D93.tmp", message = "rjsec216")~~RJStevensMusicPresentationCreator.Program~0000001055
2024-12-18 21:56:43.6047~DEBUG~-> DownloadFile(url = "https://faas-nyc1-2ef2e6cc.doserverless.co/api/v1/web/fn-dd7f8f6a-d32a-4f5e-ae7b-870dfb7963f3/downloads/bundle?id=000000000000225", filename = "C:\Users\cofc_\AppData\Local\Temp\tmp7EAD.tmp\rjsec218.ZIP", message = "rjsec218")~~RJStevensMusicPresentationCreator.Program~0000001056
2024-12-18 21:56:44.0587~DEBUG~download completed~~RJStevensMusicPresentationCreator.Program~0000001057
2024-12-18 21:56:44.0587~DEBUG~<- DownloadFile(url = "https://faas-nyc1-2ef2e6cc.doserverless.co/api/v1/web/fn-dd7f8f6a-d32a-4f5e-ae7b-870dfb7963f3/downloads/bundle?id=000000000000225", filename = "C:\Users\cofc_\AppData\Local\Temp\tmp7EAD.tmp\rjsec218.ZIP", message = "rjsec218")~~RJStevensMusicPresentationCreator.Program~0000001058
2024-12-18 21:56:44.0757~DEBUG~-> ExtractAllFromFile(zipFileName = "C:\Users\cofc_\AppData\Local\Temp\tmp7EAD.tmp\rjsec218.ZIP", decompressedFolder = "C:\Users\cofc_\AppData\Local\Temp\tmp8083.tmp", message = "rjsec218")~~RJStevensMusicPresentationCreator.Program~0000001059
2024-12-18 21:56:44.3228~DEBUG~extract completed~~RJStevensMusicPresentationCreator.Program~0000001060
2024-12-18 21:56:44.3228~DEBUG~<- ExtractAllFromFile(zipFileName = "C:\Users\cofc_\AppData\Local\Temp\tmp7EAD.tmp\rjsec218.ZIP", decompressedFolder = "C:\Users\cofc_\AppData\Local\Temp\tmp8083.tmp", message = "rjsec218")~~RJStevensMusicPresentationCreator.Program~0000001061
2024-12-18 21:56:44.3808~DEBUG~-> DownloadFile(url = "https://faas-nyc1-2ef2e6cc.doserverless.co/api/v1/web/fn-dd7f8f6a-d32a-4f5e-ae7b-870dfb7963f3/downloads/bundle?id=000000000000226", filename = "C:\Users\cofc_\AppData\Local\Temp\tmp81AC.tmp\rjsec219.ZIP", message = "rjsec219")~~RJStevensMusicPresentationCreator.Program~0000001062
2024-12-18 21:56:44.8168~DEBUG~download completed~~RJStevensMusicPresentationCreator.Program~0000001063
2024-12-18 21:56:44.8168~DEBUG~<- DownloadFile(url = "https://faas-nyc1-2ef2e6cc.doserverless.co/api/v1/web/fn-dd7f8f6a-d32a-4f5e-ae7b-870dfb7963f3/downloads/bundle?id=000000000000226", filename = "C:\Users\cofc_\AppData\Local\Temp\tmp81AC.tmp\rjsec219.ZIP", message = "rjsec219")~~RJStevensMusicPresentationCreator.Program~0000001064
2024-12-18 21:56:44.8308~DEBUG~-> ExtractAllFromFile(zipFileName = "C:\Users\cofc_\AppData\Local\Temp\tmp81AC.tmp\rjsec219.ZIP", decompressedFolder = "C:\Users\cofc_\AppData\Local\Temp\tmp8374.tmp", message = "rjsec219")~~RJStevensMusicPresentationCreator.Program~0000001065
2024-12-18 21:56:45.0618~DEBUG~extract completed~~RJStevensMusicPresentationCreator.Program~0000001066
2024-12-18 21:56:45.0618~DEBUG~<- ExtractAllFromFile(zipFileName = "C:\Users\cofc_\AppData\Local\Temp\tmp81AC.tmp\rjsec219.ZIP", decompressedFolder = "C:\Users\cofc_\AppData\Local\Temp\tmp8374.tmp", message = "rjsec219")~~RJStevensMusicPresentationCreator.Program~0000001067
2024-12-18 21:56:45.1268~DEBUG~-> DownloadFile(url = "https://faas-nyc1-2ef2e6cc.doserverless.co/api/v1/web/fn-dd7f8f6a-d32a-4f5e-ae7b-870dfb7963f3/downloads/bundle?id=000000000000227", filename = "C:\Users\cofc_\AppData\Local\Temp\tmp849C.tmp\rjsec220.ZIP", message = "rjsec220")~~RJStevensMusicPresentationCreator.Program~0000001068
2024-12-18 21:56:45.6149~DEBUG~download completed~~RJStevensMusicPresentationCreator.Program~0000001069
2024-12-18 21:56:45.6149~DEBUG~<- DownloadFile(url = "https://faas-nyc1-2ef2e6cc.doserverless.co/api/v1/web/fn-dd7f8f6a-d32a-4f5e-ae7b-870dfb7963f3/downloads/bundle?id=000000000000227", filename = "C:\Users\cofc_\AppData\Local\Temp\tmp849C.tmp\rjsec220.ZIP", message = "rjsec220")~~RJStevensMusicPresentationCreator.Program~0000001070
2024-12-18 21:56:45.6349~DEBUG~-> ExtractAllFromFile(zipFileName = "C:\Users\cofc_\AppData\Local\Temp\tmp849C.tmp\rjsec220.ZIP", decompressedFolder = "C:\Users\cofc_\AppData\Local\Temp\tmp8691.tmp", message = "rjsec220")~~RJStevensMusicPresentationCreator.Program~0000001071
2024-12-18 21:56:45.8548~DEBUG~extract completed~~RJStevensMusicPresentationCreator.Program~0000001072
2024-12-18 21:56:45.8548~DEBUG~<- ExtractAllFromFile(zipFileName = "C:\Users\cofc_\AppData\Local\Temp\tmp849C.tmp\rjsec220.ZIP", decompressedFolder = "C:\Users\cofc_\AppData\Local\Temp\tmp8691.tmp", message = "rjsec220")~~RJStevensMusicPresentationCreator.Program~0000001073
2024-12-18 21:56:45.9208~DEBUG~-> DownloadFile(url = "https://faas-nyc1-2ef2e6cc.doserverless.co/api/v1/web/fn-dd7f8f6a-d32a-4f5e-ae7b-870dfb7963f3/downloads/bundle?id=000000000000228", filename = "C:\Users\cofc_\AppData\Local\Temp\tmp87BB.tmp\rjsec221.ZIP", message = "rjsec221")~~RJStevensMusicPresentationCreator.Program~0000001074
2024-12-18 21:56:46.3748~DEBUG~download completed~~RJStevensMusicPresentationCreator.Program~0000001075
2024-12-18 21:56:46.3748~DEBUG~<- DownloadFile(url = "https://faas-nyc1-2ef2e6cc.doserverless.co/api/v1/web/fn-dd7f8f6a-d32a-4f5e-ae7b-870dfb7963f3/downloads/bundle?id=000000000000228", filename = "C:\Users\cofc_\AppData\Local\Temp\tmp87BB.tmp\rjsec221.ZIP", message = "rjsec221")~~RJStevensMusicPresentationCreator.Program~0000001076
2024-12-18 21:56:46.3918~DEBUG~-> ExtractAllFromFile(zipFileName = "C:\Users\cofc_\AppData\Local\Temp\tmp87BB.tmp\rjsec221.ZIP", decompressedFolder = "C:\Users\cofc_\AppData\Local\Temp\tmp8991.tmp", message = "rjsec221")~~RJStevensMusicPresentationCreator.Program~0000001077
2024-12-18 21:56:46.6654~DEBUG~extract completed~~RJStevensMusicPresentationCreator.Program~0000001078
2024-12-18 21:56:46.6684~DEBUG~<- ExtractAllFromFile(zipFileName = "C:\Users\cofc_\AppData\Local\Temp\tmp87BB.tmp\rjsec221.ZIP", decompressedFolder = "C:\Users\cofc_\AppData\Local\Temp\tmp8991.tmp", message = "rjsec221")~~RJStevensMusicPresentationCreator.Program~0000001079
2024-12-18 21:56:46.7404~DEBUG~-> DownloadFile(url = "https://faas-nyc1-2ef2e6cc.doserverless.co/api/v1/web/fn-dd7f8f6a-d32a-4f5e-ae7b-870dfb7963f3/downloads/bundle?id=000000000000229", filename = "C:\Users\cofc_\AppData\Local\Temp\tmp8AEA.tmp\rjsec222.ZIP", message = "rjsec222")~~RJStevensMusicPresentationCreator.Program~0000001080
2024-12-18 21:56:47.2135~DEBUG~download completed~~RJStevensMusicPresentationCreator.Program~0000001081
2024-12-18 21:56:47.2135~DEBUG~<- DownloadFile(url = "https://faas-nyc1-2ef2e6cc.doserverless.co/api/v1/web/fn-dd7f8f6a-d32a-4f5e-ae7b-870dfb7963f3/downloads/bundle?id=000000000000229", filename = "C:\Users\cofc_\AppData\Local\Temp\tmp8AEA.tmp\rjsec222.ZIP", message = "rjsec222")~~RJStevensMusicPresentationCreator.Program~0000001082
2024-12-18 21:56:47.2305~DEBUG~-> ExtractAllFromFile(zipFileName = "C:\Users\cofc_\AppData\Local\Temp\tmp8AEA.tmp\rjsec222.ZIP", decompressedFolder = "C:\Users\cofc_\AppData\Local\Temp\tmp8CDF.tmp", message = "rjsec222")~~RJStevensMusicPresentationCreator.Program~0000001083
2024-12-18 21:56:47.4765~DEBUG~extract completed~~RJStevensMusicPresentationCreator.Program~0000001084
2024-12-18 21:56:47.4795~DEBUG~<- ExtractAllFromFile(zipFileName = "C:\Users\cofc_\AppData\Local\Temp\tmp8AEA.tmp\rjsec222.ZIP", decompressedFolder = "C:\Users\cofc_\AppData\Local\Temp\tmp8CDF.tmp", message = "rjsec222")~~RJStevensMusicPresentationCreator.Program~0000001085
2024-12-18 21:56:47.5475~DEBUG~-> DownloadFile(url = "https://faas-nyc1-2ef2e6cc.doserverless.co/api/v1/web/fn-dd7f8f6a-d32a-4f5e-ae7b-870dfb7963f3/downloads/bundle?id=000000000000230", filename = "C:\Users\cofc_\AppData\Local\Temp\tmp8E18.tmp\rjsec223.ZIP", message = "rjsec223")~~RJStevensMusicPresentationCreator.Program~0000001086
2024-12-18 21:56:47.9855~DEBUG~download completed~~RJStevensMusicPresentationCreator.Program~0000001087
2024-12-18 21:56:47.9855~DEBUG~<- DownloadFile(url = "https://faas-nyc1-2ef2e6cc.doserverless.co/api/v1/web/fn-dd7f8f6a-d32a-4f5e-ae7b-870dfb7963f3/downloads/bundle?id=000000000000230", filename = "C:\Users\cofc_\AppData\Local\Temp\tmp8E18.tmp\rjsec223.ZIP", message = "rjsec223")~~RJStevensMusicPresentationCreator.Program~0000001088
2024-12-18 21:56:47.9995~DEBUG~-> ExtractAllFromFile(zipFileName = "C:\Users\cofc_\AppData\Local\Temp\tmp8E18.tmp\rjsec223.ZIP", decompressedFolder = "C:\Users\cofc_\AppData\Local\Temp\tmp8FDE.tmp", message = "rjsec223")~~RJStevensMusicPresentationCreator.Program~0000001089
2024-12-18 21:56:48.1736~DEBUG~extract completed~~RJStevensMusicPresentationCreator.Program~0000001090
2024-12-18 21:56:48.1736~DEBUG~<- ExtractAllFromFile(zipFileName = "C:\Users\cofc_\AppData\Local\Temp\tmp8E18.tmp\rjsec223.ZIP", decompressedFolder = "C:\Users\cofc_\AppData\Local\Temp\tmp8FDE.tmp", message = "rjsec223")~~RJStevensMusicPresentationCreator.Program~0000001091
2024-12-18 21:56:48.2236~DEBUG~-> DownloadFile(url = "https://faas-nyc1-2ef2e6cc.doserverless.co/api/v1/web/fn-dd7f8f6a-d32a-4f5e-ae7b-870dfb7963f3/downloads/bundle?id=000000000000232", filename = "C:\Users\cofc_\AppData\Local\Temp\tmp90BA.tmp\rjsec225.ZIP", message = "rjsec225")~~RJStevensMusicPresentationCreator.Program~0000001092
2024-12-18 21:56:48.7246~DEBUG~download completed~~RJStevensMusicPresentationCreator.Program~0000001093
2024-12-18 21:56:48.7246~DEBUG~<- DownloadFile(url = "https://faas-nyc1-2ef2e6cc.doserverless.co/api/v1/web/fn-dd7f8f6a-d32a-4f5e-ae7b-870dfb7963f3/downloads/bundle?id=000000000000232", filename = "C:\Users\cofc_\AppData\Local\Temp\tmp90BA.tmp\rjsec225.ZIP", message = "rjsec225")~~RJStevensMusicPresentationCreator.Program~0000001094
2024-12-18 21:56:48.7406~DEBUG~-> ExtractAllFromFile(zipFileName = "C:\Users\cofc_\AppData\Local\Temp\tmp90BA.tmp\rjsec225.ZIP", decompressedFolder = "C:\Users\cofc_\AppData\Local\Temp\tmp92BF.tmp", message = "rjsec225")~~RJStevensMusicPresentationCreator.Program~0000001095
2024-12-18 21:56:48.9526~DEBUG~extract completed~~RJStevensMusicPresentationCreator.Program~0000001096
2024-12-18 21:56:48.9526~DEBUG~<- ExtractAllFromFile(zipFileName = "C:\Users\cofc_\AppData\Local\Temp\tmp90BA.tmp\rjsec225.ZIP", decompressedFolder = "C:\Users\cofc_\AppData\Local\Temp\tmp92BF.tmp", message = "rjsec225")~~RJStevensMusicPresentationCreator.Program~0000001097
2024-12-18 21:56:49.0176~DEBUG~-> DownloadFile(url = "https://faas-nyc1-2ef2e6cc.doserverless.co/api/v1/web/fn-dd7f8f6a-d32a-4f5e-ae7b-870dfb7963f3/downloads/bundle?id=000000000000233", filename = "C:\Users\cofc_\AppData\Local\Temp\tmp93D9.tmp\rjsec226.ZIP", message = "rjsec226")~~RJStevensMusicPresentationCreator.Program~0000001098
2024-12-18 21:56:49.5287~DEBUG~download completed~~RJStevensMusicPresentationCreator.Program~0000001099
2024-12-18 21:56:49.5287~DEBUG~<- DownloadFile(url = "https://faas-nyc1-2ef2e6cc.doserverless.co/api/v1/web/fn-dd7f8f6a-d32a-4f5e-ae7b-870dfb7963f3/downloads/bundle?id=000000000000233", filename = "C:\Users\cofc_\AppData\Local\Temp\tmp93D9.tmp\rjsec226.ZIP", message = "rjsec226")~~RJStevensMusicPresentationCreator.Program~0000001100
2024-12-18 21:56:49.5477~DEBUG~-> ExtractAllFromFile(zipFileName = "C:\Users\cofc_\AppData\Local\Temp\tmp93D9.tmp\rjsec226.ZIP", decompressedFolder = "C:\Users\cofc_\AppData\Local\Temp\tmp95ED.tmp", message = "rjsec226")~~RJStevensMusicPresentationCreator.Program~0000001101
2024-12-18 21:56:49.7734~DEBUG~extract completed~~RJStevensMusicPresentationCreator.Program~0000001102
2024-12-18 21:56:49.7764~DEBUG~<- ExtractAllFromFile(zipFileName = "C:\Users\cofc_\AppData\Local\Temp\tmp93D9.tmp\rjsec226.ZIP", decompressedFolder = "C:\Users\cofc_\AppData\Local\Temp\tmp95ED.tmp", message = "rjsec226")~~RJStevensMusicPresentationCreator.Program~0000001103
2024-12-18 21:56:49.8384~DEBUG~-> DownloadFile(url = "https://faas-nyc1-2ef2e6cc.doserverless.co/api/v1/web/fn-dd7f8f6a-d32a-4f5e-ae7b-870dfb7963f3/downloads/bundle?id=000000000000234", filename = "C:\Users\cofc_\AppData\Local\Temp\tmp9708.tmp\rjsec227.ZIP", message = "rjsec227")~~RJStevensMusicPresentationCreator.Program~0000001104
2024-12-18 21:56:50.2864~DEBUG~download completed~~RJStevensMusicPresentationCreator.Program~0000001105
2024-12-18 21:56:50.2864~DEBUG~<- DownloadFile(url = "https://faas-nyc1-2ef2e6cc.doserverless.co/api/v1/web/fn-dd7f8f6a-d32a-4f5e-ae7b-870dfb7963f3/downloads/bundle?id=000000000000234", filename = "C:\Users\cofc_\AppData\Local\Temp\tmp9708.tmp\rjsec227.ZIP", message = "rjsec227")~~RJStevensMusicPresentationCreator.Program~0000001106
2024-12-18 21:56:50.3024~DEBUG~-> ExtractAllFromFile(zipFileName = "C:\Users\cofc_\AppData\Local\Temp\tmp9708.tmp\rjsec227.ZIP", decompressedFolder = "C:\Users\cofc_\AppData\Local\Temp\tmp98DD.tmp", message = "rjsec227")~~RJStevensMusicPresentationCreator.Program~0000001107
2024-12-18 21:56:50.5294~DEBUG~extract completed~~RJStevensMusicPresentationCreator.Program~0000001108
2024-12-18 21:56:50.5294~DEBUG~<- ExtractAllFromFile(zipFileName = "C:\Users\cofc_\AppData\Local\Temp\tmp9708.tmp\rjsec227.ZIP", decompressedFolder = "C:\Users\cofc_\AppData\Local\Temp\tmp98DD.tmp", message = "rjsec227")~~RJStevensMusicPresentationCreator.Program~0000001109
2024-12-18 21:56:50.5904~DEBUG~-> DownloadFile(url = "https://faas-nyc1-2ef2e6cc.doserverless.co/api/v1/web/fn-dd7f8f6a-d32a-4f5e-ae7b-870dfb7963f3/downloads/bundle?id=000000000000235", filename = "C:\Users\cofc_\AppData\Local\Temp\tmp9A07.tmp\rjsec228.ZIP", message = "rjsec228")~~RJStevensMusicPresentationCreator.Program~0000001110
2024-12-18 21:56:51.0365~DEBUG~download completed~~RJStevensMusicPresentationCreator.Program~0000001111
2024-12-18 21:56:51.0365~DEBUG~<- DownloadFile(url = "https://faas-nyc1-2ef2e6cc.doserverless.co/api/v1/web/fn-dd7f8f6a-d32a-4f5e-ae7b-870dfb7963f3/downloads/bundle?id=000000000000235", filename = "C:\Users\cofc_\AppData\Local\Temp\tmp9A07.tmp\rjsec228.ZIP", message = "rjsec228")~~RJStevensMusicPresentationCreator.Program~0000001112
2024-12-18 21:56:51.0545~DEBUG~-> ExtractAllFromFile(zipFileName = "C:\Users\cofc_\AppData\Local\Temp\tmp9A07.tmp\rjsec228.ZIP", decompressedFolder = "C:\Users\cofc_\AppData\Local\Temp\tmp9BCD.tmp", message = "rjsec228")~~RJStevensMusicPresentationCreator.Program~0000001113
2024-12-18 21:56:51.2905~DEBUG~extract completed~~RJStevensMusicPresentationCreator.Program~0000001114
2024-12-18 21:56:51.2925~DEBUG~<- ExtractAllFromFile(zipFileName = "C:\Users\cofc_\AppData\Local\Temp\tmp9A07.tmp\rjsec228.ZIP", decompressedFolder = "C:\Users\cofc_\AppData\Local\Temp\tmp9BCD.tmp", message = "rjsec228")~~RJStevensMusicPresentationCreator.Program~0000001115
2024-12-18 21:56:51.3495~DEBUG~-> DownloadFile(url = "https://faas-nyc1-2ef2e6cc.doserverless.co/api/v1/web/fn-dd7f8f6a-d32a-4f5e-ae7b-870dfb7963f3/downloads/bundle?id=000000000000236", filename = "C:\Users\cofc_\AppData\Local\Temp\tmp9CF7.tmp\rjsec229.ZIP", message = "rjsec229")~~RJStevensMusicPresentationCreator.Program~0000001116
2024-12-18 21:56:51.7835~DEBUG~download completed~~RJStevensMusicPresentationCreator.Program~0000001117
2024-12-18 21:56:51.7835~DEBUG~<- DownloadFile(url = "https://faas-nyc1-2ef2e6cc.doserverless.co/api/v1/web/fn-dd7f8f6a-d32a-4f5e-ae7b-870dfb7963f3/downloads/bundle?id=000000000000236", filename = "C:\Users\cofc_\AppData\Local\Temp\tmp9CF7.tmp\rjsec229.ZIP", message = "rjsec229")~~RJStevensMusicPresentationCreator.Program~0000001118
2024-12-18 21:56:51.8005~DEBUG~-> ExtractAllFromFile(zipFileName = "C:\Users\cofc_\AppData\Local\Temp\tmp9CF7.tmp\rjsec229.ZIP", decompressedFolder = "C:\Users\cofc_\AppData\Local\Temp\tmp9EBD.tmp", message = "rjsec229")~~RJStevensMusicPresentationCreator.Program~0000001119
2024-12-18 21:56:51.9975~DEBUG~extract completed~~RJStevensMusicPresentationCreator.Program~0000001120
2024-12-18 21:56:51.9975~DEBUG~<- ExtractAllFromFile(zipFileName = "C:\Users\cofc_\AppData\Local\Temp\tmp9CF7.tmp\rjsec229.ZIP", decompressedFolder = "C:\Users\cofc_\AppData\Local\Temp\tmp9EBD.tmp", message = "rjsec229")~~RJStevensMusicPresentationCreator.Program~0000001121
2024-12-18 21:56:52.0565~DEBUG~-> DownloadFile(url = "https://faas-nyc1-2ef2e6cc.doserverless.co/api/v1/web/fn-dd7f8f6a-d32a-4f5e-ae7b-870dfb7963f3/downloads/bundle?id=000000000000238", filename = "C:\Users\cofc_\AppData\Local\Temp\tmp9FB8.tmp\rjsec231.ZIP", message = "rjsec231")~~RJStevensMusicPresentationCreator.Program~0000001122
2024-12-18 21:56:52.7465~DEBUG~download completed~~RJStevensMusicPresentationCreator.Program~0000001123
2024-12-18 21:56:52.7465~DEBUG~<- DownloadFile(url = "https://faas-nyc1-2ef2e6cc.doserverless.co/api/v1/web/fn-dd7f8f6a-d32a-4f5e-ae7b-870dfb7963f3/downloads/bundle?id=000000000000238", filename = "C:\Users\cofc_\AppData\Local\Temp\tmp9FB8.tmp\rjsec231.ZIP", message = "rjsec231")~~RJStevensMusicPresentationCreator.Program~0000001124
2024-12-18 21:56:52.7635~DEBUG~-> ExtractAllFromFile(zipFileName = "C:\Users\cofc_\AppData\Local\Temp\tmp9FB8.tmp\rjsec231.ZIP", decompressedFolder = "C:\Users\cofc_\AppData\Local\Temp\tmpA288.tmp", message = "rjsec231")~~RJStevensMusicPresentationCreator.Program~0000001125
2024-12-18 21:56:53.0946~DEBUG~extract completed~~RJStevensMusicPresentationCreator.Program~0000001126
2024-12-18 21:56:53.0946~DEBUG~<- ExtractAllFromFile(zipFileName = "C:\Users\cofc_\AppData\Local\Temp\tmp9FB8.tmp\rjsec231.ZIP", decompressedFolder = "C:\Users\cofc_\AppData\Local\Temp\tmpA288.tmp", message = "rjsec231")~~RJStevensMusicPresentationCreator.Program~0000001127
2024-12-18 21:56:53.1686~DEBUG~-> DownloadFile(url = "https://faas-nyc1-2ef2e6cc.doserverless.co/api/v1/web/fn-dd7f8f6a-d32a-4f5e-ae7b-870dfb7963f3/downloads/bundle?id=000000000000241", filename = "C:\Users\cofc_\AppData\Local\Temp\tmpA41F.tmp\rjsec234.ZIP", message = "rjsec234")~~RJStevensMusicPresentationCreator.Program~0000001128
2024-12-18 21:56:53.6791~DEBUG~download completed~~RJStevensMusicPresentationCreator.Program~0000001129
2024-12-18 21:56:53.6791~DEBUG~<- DownloadFile(url = "https://faas-nyc1-2ef2e6cc.doserverless.co/api/v1/web/fn-dd7f8f6a-d32a-4f5e-ae7b-870dfb7963f3/downloads/bundle?id=000000000000241", filename = "C:\Users\cofc_\AppData\Local\Temp\tmpA41F.tmp\rjsec234.ZIP", message = "rjsec234")~~RJStevensMusicPresentationCreator.Program~0000001130
2024-12-18 21:56:53.7002~DEBUG~-> ExtractAllFromFile(zipFileName = "C:\Users\cofc_\AppData\Local\Temp\tmpA41F.tmp\rjsec234.ZIP", decompressedFolder = "C:\Users\cofc_\AppData\Local\Temp\tmpA634.tmp", message = "rjsec234")~~RJStevensMusicPresentationCreator.Program~0000001131
2024-12-18 21:56:53.9692~DEBUG~extract completed~~RJStevensMusicPresentationCreator.Program~0000001132
2024-12-18 21:56:53.9692~DEBUG~<- ExtractAllFromFile(zipFileName = "C:\Users\cofc_\AppData\Local\Temp\tmpA41F.tmp\rjsec234.ZIP", decompressedFolder = "C:\Users\cofc_\AppData\Local\Temp\tmpA634.tmp", message = "rjsec234")~~RJStevensMusicPresentationCreator.Program~0000001133
2024-12-18 21:56:54.0402~DEBUG~-> DownloadFile(url = "https://faas-nyc1-2ef2e6cc.doserverless.co/api/v1/web/fn-dd7f8f6a-d32a-4f5e-ae7b-870dfb7963f3/downloads/bundle?id=000000000000243", filename = "C:\Users\cofc_\AppData\Local\Temp\tmpA77D.tmp\rjsec236.ZIP", message = "rjsec236")~~RJStevensMusicPresentationCreator.Program~0000001134
2024-12-18 21:56:54.5552~DEBUG~download completed~~RJStevensMusicPresentationCreator.Program~0000001135
2024-12-18 21:56:54.5562~DEBUG~<- DownloadFile(url = "https://faas-nyc1-2ef2e6cc.doserverless.co/api/v1/web/fn-dd7f8f6a-d32a-4f5e-ae7b-870dfb7963f3/downloads/bundle?id=000000000000243", filename = "C:\Users\cofc_\AppData\Local\Temp\tmpA77D.tmp\rjsec236.ZIP", message = "rjsec236")~~RJStevensMusicPresentationCreator.Program~0000001136
2024-12-18 21:56:54.5562~DEBUG~-> ExtractAllFromFile(zipFileName = "C:\Users\cofc_\AppData\Local\Temp\tmpA77D.tmp\rjsec236.ZIP", decompressedFolder = "C:\Users\cofc_\AppData\Local\Temp\tmpA991.tmp", message = "rjsec236")~~RJStevensMusicPresentationCreator.Program~0000001137
2024-12-18 21:56:54.8361~DEBUG~extract completed~~RJStevensMusicPresentationCreator.Program~0000001138
2024-12-18 21:56:54.8391~DEBUG~<- ExtractAllFromFile(zipFileName = "C:\Users\cofc_\AppData\Local\Temp\tmpA77D.tmp\rjsec236.ZIP", decompressedFolder = "C:\Users\cofc_\AppData\Local\Temp\tmpA991.tmp", message = "rjsec236")~~RJStevensMusicPresentationCreator.Program~0000001139
2024-12-18 21:56:54.9021~DEBUG~-> DownloadFile(url = "https://faas-nyc1-2ef2e6cc.doserverless.co/api/v1/web/fn-dd7f8f6a-d32a-4f5e-ae7b-870dfb7963f3/downloads/bundle?id=000000000000244", filename = "C:\Users\cofc_\AppData\Local\Temp\tmpAAEA.tmp\rjsec237.ZIP", message = "rjsec237")~~RJStevensMusicPresentationCreator.Program~0000001140
2024-12-18 21:56:55.3788~DEBUG~download completed~~RJStevensMusicPresentationCreator.Program~0000001141
2024-12-18 21:56:55.3788~DEBUG~<- DownloadFile(url = "https://faas-nyc1-2ef2e6cc.doserverless.co/api/v1/web/fn-dd7f8f6a-d32a-4f5e-ae7b-870dfb7963f3/downloads/bundle?id=000000000000244", filename = "C:\Users\cofc_\AppData\Local\Temp\tmpAAEA.tmp\rjsec237.ZIP", message = "rjsec237")~~RJStevensMusicPresentationCreator.Program~0000001142
2024-12-18 21:56:55.3958~DEBUG~-> ExtractAllFromFile(zipFileName = "C:\Users\cofc_\AppData\Local\Temp\tmpAAEA.tmp\rjsec237.ZIP", decompressedFolder = "C:\Users\cofc_\AppData\Local\Temp\tmpACCF.tmp", message = "rjsec237")~~RJStevensMusicPresentationCreator.Program~0000001143
2024-12-18 21:56:55.6188~DEBUG~extract completed~~RJStevensMusicPresentationCreator.Program~0000001144
2024-12-18 21:56:55.6188~DEBUG~<- ExtractAllFromFile(zipFileName = "C:\Users\cofc_\AppData\Local\Temp\tmpAAEA.tmp\rjsec237.ZIP", decompressedFolder = "C:\Users\cofc_\AppData\Local\Temp\tmpACCF.tmp", message = "rjsec237")~~RJStevensMusicPresentationCreator.Program~0000001145
2024-12-18 21:56:55.6838~DEBUG~-> DownloadFile(url = "https://faas-nyc1-2ef2e6cc.doserverless.co/api/v1/web/fn-dd7f8f6a-d32a-4f5e-ae7b-870dfb7963f3/downloads/bundle?id=000000000000246", filename = "C:\Users\cofc_\AppData\Local\Temp\tmpADF9.tmp\rjsec239.ZIP", message = "rjsec239")~~RJStevensMusicPresentationCreator.Program~0000001146
2024-12-18 21:56:56.3774~DEBUG~download completed~~RJStevensMusicPresentationCreator.Program~0000001147
2024-12-18 21:56:56.3774~DEBUG~<- DownloadFile(url = "https://faas-nyc1-2ef2e6cc.doserverless.co/api/v1/web/fn-dd7f8f6a-d32a-4f5e-ae7b-870dfb7963f3/downloads/bundle?id=000000000000246", filename = "C:\Users\cofc_\AppData\Local\Temp\tmpADF9.tmp\rjsec239.ZIP", message = "rjsec239")~~RJStevensMusicPresentationCreator.Program~0000001148
2024-12-18 21:56:56.3944~DEBUG~-> ExtractAllFromFile(zipFileName = "C:\Users\cofc_\AppData\Local\Temp\tmpADF9.tmp\rjsec239.ZIP", decompressedFolder = "C:\Users\cofc_\AppData\Local\Temp\tmpB0B9.tmp", message = "rjsec239")~~RJStevensMusicPresentationCreator.Program~0000001149
2024-12-18 21:56:56.6004~DEBUG~extract completed~~RJStevensMusicPresentationCreator.Program~0000001150
2024-12-18 21:56:56.6004~DEBUG~<- ExtractAllFromFile(zipFileName = "C:\Users\cofc_\AppData\Local\Temp\tmpADF9.tmp\rjsec239.ZIP", decompressedFolder = "C:\Users\cofc_\AppData\Local\Temp\tmpB0B9.tmp", message = "rjsec239")~~RJStevensMusicPresentationCreator.Program~0000001151
2024-12-18 21:56:56.6574~DEBUG~-> DownloadFile(url = "https://faas-nyc1-2ef2e6cc.doserverless.co/api/v1/web/fn-dd7f8f6a-d32a-4f5e-ae7b-870dfb7963f3/downloads/bundle?id=000000000000248", filename = "C:\Users\cofc_\AppData\Local\Temp\tmpB1C4.tmp\rjsec241.ZIP", message = "rjsec241")~~RJStevensMusicPresentationCreator.Program~0000001152
2024-12-18 21:56:57.1495~DEBUG~download completed~~RJStevensMusicPresentationCreator.Program~0000001153
2024-12-18 21:56:57.1495~DEBUG~<- DownloadFile(url = "https://faas-nyc1-2ef2e6cc.doserverless.co/api/v1/web/fn-dd7f8f6a-d32a-4f5e-ae7b-870dfb7963f3/downloads/bundle?id=000000000000248", filename = "C:\Users\cofc_\AppData\Local\Temp\tmpB1C4.tmp\rjsec241.ZIP", message = "rjsec241")~~RJStevensMusicPresentationCreator.Program~0000001154
2024-12-18 21:56:57.1705~DEBUG~-> ExtractAllFromFile(zipFileName = "C:\Users\cofc_\AppData\Local\Temp\tmpB1C4.tmp\rjsec241.ZIP", decompressedFolder = "C:\Users\cofc_\AppData\Local\Temp\tmpB3C8.tmp", message = "rjsec241")~~RJStevensMusicPresentationCreator.Program~0000001155
2024-12-18 21:56:57.3817~DEBUG~extract completed~~RJStevensMusicPresentationCreator.Program~0000001156
2024-12-18 21:56:57.3847~DEBUG~<- ExtractAllFromFile(zipFileName = "C:\Users\cofc_\AppData\Local\Temp\tmpB1C4.tmp\rjsec241.ZIP", decompressedFolder = "C:\Users\cofc_\AppData\Local\Temp\tmpB3C8.tmp", message = "rjsec241")~~RJStevensMusicPresentationCreator.Program~0000001157
2024-12-18 21:56:57.4427~DEBUG~-> DownloadFile(url = "https://faas-nyc1-2ef2e6cc.doserverless.co/api/v1/web/fn-dd7f8f6a-d32a-4f5e-ae7b-870dfb7963f3/downloads/bundle?id=000000000000249", filename = "C:\Users\cofc_\AppData\Local\Temp\tmpB4D3.tmp\rjsec242.ZIP", message = "rjsec242")~~RJStevensMusicPresentationCreator.Program~0000001158
2024-12-18 21:56:57.8947~DEBUG~download completed~~RJStevensMusicPresentationCreator.Program~0000001159
2024-12-18 21:56:57.8947~DEBUG~<- DownloadFile(url = "https://faas-nyc1-2ef2e6cc.doserverless.co/api/v1/web/fn-dd7f8f6a-d32a-4f5e-ae7b-870dfb7963f3/downloads/bundle?id=000000000000249", filename = "C:\Users\cofc_\AppData\Local\Temp\tmpB4D3.tmp\rjsec242.ZIP", message = "rjsec242")~~RJStevensMusicPresentationCreator.Program~0000001160
2024-12-18 21:56:57.9067~DEBUG~-> ExtractAllFromFile(zipFileName = "C:\Users\cofc_\AppData\Local\Temp\tmpB4D3.tmp\rjsec242.ZIP", decompressedFolder = "C:\Users\cofc_\AppData\Local\Temp\tmpB6A9.tmp", message = "rjsec242")~~RJStevensMusicPresentationCreator.Program~0000001161
2024-12-18 21:56:58.1405~DEBUG~extract completed~~RJStevensMusicPresentationCreator.Program~0000001162
2024-12-18 21:56:58.1405~DEBUG~<- ExtractAllFromFile(zipFileName = "C:\Users\cofc_\AppData\Local\Temp\tmpB4D3.tmp\rjsec242.ZIP", decompressedFolder = "C:\Users\cofc_\AppData\Local\Temp\tmpB6A9.tmp", message = "rjsec242")~~RJStevensMusicPresentationCreator.Program~0000001163
2024-12-18 21:56:58.1975~DEBUG~-> DownloadFile(url = "https://faas-nyc1-2ef2e6cc.doserverless.co/api/v1/web/fn-dd7f8f6a-d32a-4f5e-ae7b-870dfb7963f3/downloads/bundle?id=000000000000253", filename = "C:\Users\cofc_\AppData\Local\Temp\tmpB7C3.tmp\rjsec246.ZIP", message = "rjsec246")~~RJStevensMusicPresentationCreator.Program~0000001164
2024-12-18 21:56:58.6435~DEBUG~download completed~~RJStevensMusicPresentationCreator.Program~0000001165
2024-12-18 21:56:58.6435~DEBUG~<- DownloadFile(url = "https://faas-nyc1-2ef2e6cc.doserverless.co/api/v1/web/fn-dd7f8f6a-d32a-4f5e-ae7b-870dfb7963f3/downloads/bundle?id=000000000000253", filename = "C:\Users\cofc_\AppData\Local\Temp\tmpB7C3.tmp\rjsec246.ZIP", message = "rjsec246")~~RJStevensMusicPresentationCreator.Program~0000001166
2024-12-18 21:56:58.6585~DEBUG~-> ExtractAllFromFile(zipFileName = "C:\Users\cofc_\AppData\Local\Temp\tmpB7C3.tmp\rjsec246.ZIP", decompressedFolder = "C:\Users\cofc_\AppData\Local\Temp\tmpB999.tmp", message = "rjsec246")~~RJStevensMusicPresentationCreator.Program~0000001167
2024-12-18 21:56:58.8889~DEBUG~extract completed~~RJStevensMusicPresentationCreator.Program~0000001168
2024-12-18 21:56:58.8889~DEBUG~<- ExtractAllFromFile(zipFileName = "C:\Users\cofc_\AppData\Local\Temp\tmpB7C3.tmp\rjsec246.ZIP", decompressedFolder = "C:\Users\cofc_\AppData\Local\Temp\tmpB999.tmp", message = "rjsec246")~~RJStevensMusicPresentationCreator.Program~0000001169
2024-12-18 21:56:58.9509~DEBUG~-> DownloadFile(url = "https://faas-nyc1-2ef2e6cc.doserverless.co/api/v1/web/fn-dd7f8f6a-d32a-4f5e-ae7b-870dfb7963f3/downloads/bundle?id=000000000000254", filename = "C:\Users\cofc_\AppData\Local\Temp\tmpBAC3.tmp\rjsec247.ZIP", message = "rjsec247")~~RJStevensMusicPresentationCreator.Program~0000001170
2024-12-18 21:56:59.4259~DEBUG~download completed~~RJStevensMusicPresentationCreator.Program~0000001171
2024-12-18 21:56:59.4259~DEBUG~<- DownloadFile(url = "https://faas-nyc1-2ef2e6cc.doserverless.co/api/v1/web/fn-dd7f8f6a-d32a-4f5e-ae7b-870dfb7963f3/downloads/bundle?id=000000000000254", filename = "C:\Users\cofc_\AppData\Local\Temp\tmpBAC3.tmp\rjsec247.ZIP", message = "rjsec247")~~RJStevensMusicPresentationCreator.Program~0000001172
2024-12-18 21:56:59.4429~DEBUG~-> ExtractAllFromFile(zipFileName = "C:\Users\cofc_\AppData\Local\Temp\tmpBAC3.tmp\rjsec247.ZIP", decompressedFolder = "C:\Users\cofc_\AppData\Local\Temp\tmpBCA8.tmp", message = "rjsec247")~~RJStevensMusicPresentationCreator.Program~0000001173
2024-12-18 21:56:59.6779~DEBUG~extract completed~~RJStevensMusicPresentationCreator.Program~0000001174
2024-12-18 21:56:59.6779~DEBUG~<- ExtractAllFromFile(zipFileName = "C:\Users\cofc_\AppData\Local\Temp\tmpBAC3.tmp\rjsec247.ZIP", decompressedFolder = "C:\Users\cofc_\AppData\Local\Temp\tmpBCA8.tmp", message = "rjsec247")~~RJStevensMusicPresentationCreator.Program~0000001175
2024-12-18 21:56:59.7459~DEBUG~-> DownloadFile(url = "https://faas-nyc1-2ef2e6cc.doserverless.co/api/v1/web/fn-dd7f8f6a-d32a-4f5e-ae7b-870dfb7963f3/downloads/bundle?id=000000000000255", filename = "C:\Users\cofc_\AppData\Local\Temp\tmpBDE1.tmp\rjsec248.ZIP", message = "rjsec248")~~RJStevensMusicPresentationCreator.Program~0000001176
2024-12-18 21:57:00.1902~DEBUG~download completed~~RJStevensMusicPresentationCreator.Program~0000001177
2024-12-18 21:57:00.1902~DEBUG~<- DownloadFile(url = "https://faas-nyc1-2ef2e6cc.doserverless.co/api/v1/web/fn-dd7f8f6a-d32a-4f5e-ae7b-870dfb7963f3/downloads/bundle?id=000000000000255", filename = "C:\Users\cofc_\AppData\Local\Temp\tmpBDE1.tmp\rjsec248.ZIP", message = "rjsec248")~~RJStevensMusicPresentationCreator.Program~0000001178
2024-12-18 21:57:00.2062~DEBUG~-> ExtractAllFromFile(zipFileName = "C:\Users\cofc_\AppData\Local\Temp\tmpBDE1.tmp\rjsec248.ZIP", decompressedFolder = "C:\Users\cofc_\AppData\Local\Temp\tmpBFA8.tmp", message = "rjsec248")~~RJStevensMusicPresentationCreator.Program~0000001179
2024-12-18 21:57:00.4322~DEBUG~extract completed~~RJStevensMusicPresentationCreator.Program~0000001180
2024-12-18 21:57:00.4322~DEBUG~<- ExtractAllFromFile(zipFileName = "C:\Users\cofc_\AppData\Local\Temp\tmpBDE1.tmp\rjsec248.ZIP", decompressedFolder = "C:\Users\cofc_\AppData\Local\Temp\tmpBFA8.tmp", message = "rjsec248")~~RJStevensMusicPresentationCreator.Program~0000001181
2024-12-18 21:57:00.4932~DEBUG~-> DownloadFile(url = "https://faas-nyc1-2ef2e6cc.doserverless.co/api/v1/web/fn-dd7f8f6a-d32a-4f5e-ae7b-870dfb7963f3/downloads/bundle?id=000000000000257", filename = "C:\Users\cofc_\AppData\Local\Temp\tmpC0C2.tmp\rjsec250.ZIP", message = "rjsec250")~~RJStevensMusicPresentationCreator.Program~0000001182
2024-12-18 21:57:00.9652~DEBUG~download completed~~RJStevensMusicPresentationCreator.Program~0000001183
2024-12-18 21:57:00.9652~DEBUG~<- DownloadFile(url = "https://faas-nyc1-2ef2e6cc.doserverless.co/api/v1/web/fn-dd7f8f6a-d32a-4f5e-ae7b-870dfb7963f3/downloads/bundle?id=000000000000257", filename = "C:\Users\cofc_\AppData\Local\Temp\tmpC0C2.tmp\rjsec250.ZIP", message = "rjsec250")~~RJStevensMusicPresentationCreator.Program~0000001184
2024-12-18 21:57:00.9832~DEBUG~-> ExtractAllFromFile(zipFileName = "C:\Users\cofc_\AppData\Local\Temp\tmpC0C2.tmp\rjsec250.ZIP", decompressedFolder = "C:\Users\cofc_\AppData\Local\Temp\tmpC2B7.tmp", message = "rjsec250")~~RJStevensMusicPresentationCreator.Program~0000001185
2024-12-18 21:57:01.2667~DEBUG~extract completed~~RJStevensMusicPresentationCreator.Program~0000001186
2024-12-18 21:57:01.2667~DEBUG~<- ExtractAllFromFile(zipFileName = "C:\Users\cofc_\AppData\Local\Temp\tmpC0C2.tmp\rjsec250.ZIP", decompressedFolder = "C:\Users\cofc_\AppData\Local\Temp\tmpC2B7.tmp", message = "rjsec250")~~RJStevensMusicPresentationCreator.Program~0000001187
2024-12-18 21:57:01.3367~DEBUG~-> DownloadFile(url = "https://faas-nyc1-2ef2e6cc.doserverless.co/api/v1/web/fn-dd7f8f6a-d32a-4f5e-ae7b-870dfb7963f3/downloads/bundle?id=000000000000261", filename = "C:\Users\cofc_\AppData\Local\Temp\tmpC410.tmp\rjsec254.ZIP", message = "rjsec254")~~RJStevensMusicPresentationCreator.Program~0000001188
2024-12-18 21:57:02.0768~DEBUG~download completed~~RJStevensMusicPresentationCreator.Program~0000001189
2024-12-18 21:57:02.0768~DEBUG~<- DownloadFile(url = "https://faas-nyc1-2ef2e6cc.doserverless.co/api/v1/web/fn-dd7f8f6a-d32a-4f5e-ae7b-870dfb7963f3/downloads/bundle?id=000000000000261", filename = "C:\Users\cofc_\AppData\Local\Temp\tmpC410.tmp\rjsec254.ZIP", message = "rjsec254")~~RJStevensMusicPresentationCreator.Program~0000001190
2024-12-18 21:57:02.0938~DEBUG~-> ExtractAllFromFile(zipFileName = "C:\Users\cofc_\AppData\Local\Temp\tmpC410.tmp\rjsec254.ZIP", decompressedFolder = "C:\Users\cofc_\AppData\Local\Temp\tmpC70E.tmp", message = "rjsec254")~~RJStevensMusicPresentationCreator.Program~0000001191
2024-12-18 21:57:02.3004~DEBUG~extract completed~~RJStevensMusicPresentationCreator.Program~0000001192
2024-12-18 21:57:02.3004~DEBUG~<- ExtractAllFromFile(zipFileName = "C:\Users\cofc_\AppData\Local\Temp\tmpC410.tmp\rjsec254.ZIP", decompressedFolder = "C:\Users\cofc_\AppData\Local\Temp\tmpC70E.tmp", message = "rjsec254")~~RJStevensMusicPresentationCreator.Program~0000001193
2024-12-18 21:57:02.3574~DEBUG~-> DownloadFile(url = "https://faas-nyc1-2ef2e6cc.doserverless.co/api/v1/web/fn-dd7f8f6a-d32a-4f5e-ae7b-870dfb7963f3/downloads/bundle?id=000000000000262", filename = "C:\Users\cofc_\AppData\Local\Temp\tmpC819.tmp\rjsec255.ZIP", message = "rjsec255")~~RJStevensMusicPresentationCreator.Program~0000001194
2024-12-18 21:57:02.8415~DEBUG~download completed~~RJStevensMusicPresentationCreator.Program~0000001195
2024-12-18 21:57:02.8415~DEBUG~<- DownloadFile(url = "https://faas-nyc1-2ef2e6cc.doserverless.co/api/v1/web/fn-dd7f8f6a-d32a-4f5e-ae7b-870dfb7963f3/downloads/bundle?id=000000000000262", filename = "C:\Users\cofc_\AppData\Local\Temp\tmpC819.tmp\rjsec255.ZIP", message = "rjsec255")~~RJStevensMusicPresentationCreator.Program~0000001196
2024-12-18 21:57:02.8415~DEBUG~-> ExtractAllFromFile(zipFileName = "C:\Users\cofc_\AppData\Local\Temp\tmpC819.tmp\rjsec255.ZIP", decompressedFolder = "C:\Users\cofc_\AppData\Local\Temp\tmpC9FE.tmp", message = "rjsec255")~~RJStevensMusicPresentationCreator.Program~0000001197
2024-12-18 21:57:03.0940~DEBUG~extract completed~~RJStevensMusicPresentationCreator.Program~0000001198
2024-12-18 21:57:03.0940~DEBUG~<- ExtractAllFromFile(zipFileName = "C:\Users\cofc_\AppData\Local\Temp\tmpC819.tmp\rjsec255.ZIP", decompressedFolder = "C:\Users\cofc_\AppData\Local\Temp\tmpC9FE.tmp", message = "rjsec255")~~RJStevensMusicPresentationCreator.Program~0000001199
2024-12-18 21:57:03.1560~DEBUG~-> DownloadFile(url = "https://faas-nyc1-2ef2e6cc.doserverless.co/api/v1/web/fn-dd7f8f6a-d32a-4f5e-ae7b-870dfb7963f3/downloads/bundle?id=000000000000264", filename = "C:\Users\cofc_\AppData\Local\Temp\tmpCB38.tmp\rjsec257.ZIP", message = "rjsec257")~~RJStevensMusicPresentationCreator.Program~0000001200
2024-12-18 21:57:03.6410~DEBUG~download completed~~RJStevensMusicPresentationCreator.Program~0000001201
2024-12-18 21:57:03.6410~DEBUG~<- DownloadFile(url = "https://faas-nyc1-2ef2e6cc.doserverless.co/api/v1/web/fn-dd7f8f6a-d32a-4f5e-ae7b-870dfb7963f3/downloads/bundle?id=000000000000264", filename = "C:\Users\cofc_\AppData\Local\Temp\tmpCB38.tmp\rjsec257.ZIP", message = "rjsec257")~~RJStevensMusicPresentationCreator.Program~0000001202
2024-12-18 21:57:03.6560~DEBUG~-> ExtractAllFromFile(zipFileName = "C:\Users\cofc_\AppData\Local\Temp\tmpCB38.tmp\rjsec257.ZIP", decompressedFolder = "C:\Users\cofc_\AppData\Local\Temp\tmpCD2D.tmp", message = "rjsec257")~~RJStevensMusicPresentationCreator.Program~0000001203
2024-12-18 21:57:03.8730~DEBUG~extract completed~~RJStevensMusicPresentationCreator.Program~0000001204
2024-12-18 21:57:03.8730~DEBUG~<- ExtractAllFromFile(zipFileName = "C:\Users\cofc_\AppData\Local\Temp\tmpCB38.tmp\rjsec257.ZIP", decompressedFolder = "C:\Users\cofc_\AppData\Local\Temp\tmpCD2D.tmp", message = "rjsec257")~~RJStevensMusicPresentationCreator.Program~0000001205
2024-12-18 21:57:03.9350~DEBUG~-> DownloadFile(url = "https://faas-nyc1-2ef2e6cc.doserverless.co/api/v1/web/fn-dd7f8f6a-d32a-4f5e-ae7b-870dfb7963f3/downloads/bundle?id=000000000000265", filename = "C:\Users\cofc_\AppData\Local\Temp\tmpCE47.tmp\rjsec258.ZIP", message = "rjsec258")~~RJStevensMusicPresentationCreator.Program~0000001206
2024-12-18 21:57:04.6811~DEBUG~download completed~~RJStevensMusicPresentationCreator.Program~0000001207
2024-12-18 21:57:04.6821~DEBUG~<- DownloadFile(url = "https://faas-nyc1-2ef2e6cc.doserverless.co/api/v1/web/fn-dd7f8f6a-d32a-4f5e-ae7b-870dfb7963f3/downloads/bundle?id=000000000000265", filename = "C:\Users\cofc_\AppData\Local\Temp\tmpCE47.tmp\rjsec258.ZIP", message = "rjsec258")~~RJStevensMusicPresentationCreator.Program~0000001208
2024-12-18 21:57:04.6821~DEBUG~-> ExtractAllFromFile(zipFileName = "C:\Users\cofc_\AppData\Local\Temp\tmpCE47.tmp\rjsec258.ZIP", decompressedFolder = "C:\Users\cofc_\AppData\Local\Temp\tmpD136.tmp", message = "rjsec258")~~RJStevensMusicPresentationCreator.Program~0000001209
2024-12-18 21:57:04.9463~DEBUG~extract completed~~RJStevensMusicPresentationCreator.Program~0000001210
2024-12-18 21:57:04.9493~DEBUG~<- ExtractAllFromFile(zipFileName = "C:\Users\cofc_\AppData\Local\Temp\tmpCE47.tmp\rjsec258.ZIP", decompressedFolder = "C:\Users\cofc_\AppData\Local\Temp\tmpD136.tmp", message = "rjsec258")~~RJStevensMusicPresentationCreator.Program~0000001211
2024-12-18 21:57:05.0043~DEBUG~-> DownloadFile(url = "https://faas-nyc1-2ef2e6cc.doserverless.co/api/v1/web/fn-dd7f8f6a-d32a-4f5e-ae7b-870dfb7963f3/downloads/bundle?id=000000000000266", filename = "C:\Users\cofc_\AppData\Local\Temp\tmpD26F.tmp\rjsec259.ZIP", message = "rjsec259")~~RJStevensMusicPresentationCreator.Program~0000001212
2024-12-18 21:57:05.4754~DEBUG~download completed~~RJStevensMusicPresentationCreator.Program~0000001213
2024-12-18 21:57:05.4754~DEBUG~<- DownloadFile(url = "https://faas-nyc1-2ef2e6cc.doserverless.co/api/v1/web/fn-dd7f8f6a-d32a-4f5e-ae7b-870dfb7963f3/downloads/bundle?id=000000000000266", filename = "C:\Users\cofc_\AppData\Local\Temp\tmpD26F.tmp\rjsec259.ZIP", message = "rjsec259")~~RJStevensMusicPresentationCreator.Program~0000001214
2024-12-18 21:57:05.4924~DEBUG~-> ExtractAllFromFile(zipFileName = "C:\Users\cofc_\AppData\Local\Temp\tmpD26F.tmp\rjsec259.ZIP", decompressedFolder = "C:\Users\cofc_\AppData\Local\Temp\tmpD455.tmp", message = "rjsec259")~~RJStevensMusicPresentationCreator.Program~0000001215
2024-12-18 21:57:05.7143~DEBUG~extract completed~~RJStevensMusicPresentationCreator.Program~0000001216
2024-12-18 21:57:05.7143~DEBUG~<- ExtractAllFromFile(zipFileName = "C:\Users\cofc_\AppData\Local\Temp\tmpD26F.tmp\rjsec259.ZIP", decompressedFolder = "C:\Users\cofc_\AppData\Local\Temp\tmpD455.tmp", message = "rjsec259")~~RJStevensMusicPresentationCreator.Program~0000001217
2024-12-18 21:57:05.7863~DEBUG~-> DownloadFile(url = "https://faas-nyc1-2ef2e6cc.doserverless.co/api/v1/web/fn-dd7f8f6a-d32a-4f5e-ae7b-870dfb7963f3/downloads/bundle?id=000000000000267", filename = "C:\Users\cofc_\AppData\Local\Temp\tmpD57F.tmp\rjsec260.ZIP", message = "rjsec260")~~RJStevensMusicPresentationCreator.Program~0000001218
2024-12-18 21:57:06.2822~DEBUG~download completed~~RJStevensMusicPresentationCreator.Program~0000001219
2024-12-18 21:57:06.2822~DEBUG~<- DownloadFile(url = "https://faas-nyc1-2ef2e6cc.doserverless.co/api/v1/web/fn-dd7f8f6a-d32a-4f5e-ae7b-870dfb7963f3/downloads/bundle?id=000000000000267", filename = "C:\Users\cofc_\AppData\Local\Temp\tmpD57F.tmp\rjsec260.ZIP", message = "rjsec260")~~RJStevensMusicPresentationCreator.Program~0000001220
2024-12-18 21:57:06.2982~DEBUG~-> ExtractAllFromFile(zipFileName = "C:\Users\cofc_\AppData\Local\Temp\tmpD57F.tmp\rjsec260.ZIP", decompressedFolder = "C:\Users\cofc_\AppData\Local\Temp\tmpD783.tmp", message = "rjsec260")~~RJStevensMusicPresentationCreator.Program~0000001221
2024-12-18 21:57:06.4862~DEBUG~extract completed~~RJStevensMusicPresentationCreator.Program~0000001222
2024-12-18 21:57:06.4862~DEBUG~<- ExtractAllFromFile(zipFileName = "C:\Users\cofc_\AppData\Local\Temp\tmpD57F.tmp\rjsec260.ZIP", decompressedFolder = "C:\Users\cofc_\AppData\Local\Temp\tmpD783.tmp", message = "rjsec260")~~RJStevensMusicPresentationCreator.Program~0000001223
2024-12-18 21:57:06.5492~DEBUG~-> DownloadFile(url = "https://faas-nyc1-2ef2e6cc.doserverless.co/api/v1/web/fn-dd7f8f6a-d32a-4f5e-ae7b-870dfb7963f3/downloads/bundle?id=000000000000268", filename = "C:\Users\cofc_\AppData\Local\Temp\tmpD87E.tmp\rjsec261.ZIP", message = "rjsec261")~~RJStevensMusicPresentationCreator.Program~0000001224
2024-12-18 21:57:07.0752~DEBUG~download completed~~RJStevensMusicPresentationCreator.Program~0000001225
2024-12-18 21:57:07.0752~DEBUG~<- DownloadFile(url = "https://faas-nyc1-2ef2e6cc.doserverless.co/api/v1/web/fn-dd7f8f6a-d32a-4f5e-ae7b-870dfb7963f3/downloads/bundle?id=000000000000268", filename = "C:\Users\cofc_\AppData\Local\Temp\tmpD87E.tmp\rjsec261.ZIP", message = "rjsec261")~~RJStevensMusicPresentationCreator.Program~0000001226
2024-12-18 21:57:07.0912~DEBUG~-> ExtractAllFromFile(zipFileName = "C:\Users\cofc_\AppData\Local\Temp\tmpD87E.tmp\rjsec261.ZIP", decompressedFolder = "C:\Users\cofc_\AppData\Local\Temp\tmpDAA2.tmp", message = "rjsec261")~~RJStevensMusicPresentationCreator.Program~0000001227
2024-12-18 21:57:07.3798~DEBUG~extract completed~~RJStevensMusicPresentationCreator.Program~0000001228
2024-12-18 21:57:07.3798~DEBUG~<- ExtractAllFromFile(zipFileName = "C:\Users\cofc_\AppData\Local\Temp\tmpD87E.tmp\rjsec261.ZIP", decompressedFolder = "C:\Users\cofc_\AppData\Local\Temp\tmpDAA2.tmp", message = "rjsec261")~~RJStevensMusicPresentationCreator.Program~0000001229
2024-12-18 21:57:07.4588~DEBUG~-> DownloadFile(url = "https://faas-nyc1-2ef2e6cc.doserverless.co/api/v1/web/fn-dd7f8f6a-d32a-4f5e-ae7b-870dfb7963f3/downloads/bundle?id=000000000000270", filename = "C:\Users\cofc_\AppData\Local\Temp\tmpDC0B.tmp\rjsec263.ZIP", message = "rjsec263")~~RJStevensMusicPresentationCreator.Program~0000001230
2024-12-18 21:57:07.8979~DEBUG~download completed~~RJStevensMusicPresentationCreator.Program~0000001231
2024-12-18 21:57:07.8979~DEBUG~<- DownloadFile(url = "https://faas-nyc1-2ef2e6cc.doserverless.co/api/v1/web/fn-dd7f8f6a-d32a-4f5e-ae7b-870dfb7963f3/downloads/bundle?id=000000000000270", filename = "C:\Users\cofc_\AppData\Local\Temp\tmpDC0B.tmp\rjsec263.ZIP", message = "rjsec263")~~RJStevensMusicPresentationCreator.Program~0000001232
2024-12-18 21:57:07.9179~DEBUG~-> ExtractAllFromFile(zipFileName = "C:\Users\cofc_\AppData\Local\Temp\tmpDC0B.tmp\rjsec263.ZIP", decompressedFolder = "C:\Users\cofc_\AppData\Local\Temp\tmpDDE0.tmp", message = "rjsec263")~~RJStevensMusicPresentationCreator.Program~0000001233
2024-12-18 21:57:08.1205~DEBUG~extract completed~~RJStevensMusicPresentationCreator.Program~0000001234
2024-12-18 21:57:08.1205~DEBUG~<- ExtractAllFromFile(zipFileName = "C:\Users\cofc_\AppData\Local\Temp\tmpDC0B.tmp\rjsec263.ZIP", decompressedFolder = "C:\Users\cofc_\AppData\Local\Temp\tmpDDE0.tmp", message = "rjsec263")~~RJStevensMusicPresentationCreator.Program~0000001235
2024-12-18 21:57:08.1826~DEBUG~-> DownloadFile(url = "https://faas-nyc1-2ef2e6cc.doserverless.co/api/v1/web/fn-dd7f8f6a-d32a-4f5e-ae7b-870dfb7963f3/downloads/bundle?id=000000000000271", filename = "C:\Users\cofc_\AppData\Local\Temp\tmpDEEB.tmp\rjsec264.ZIP", message = "rjsec264")~~RJStevensMusicPresentationCreator.Program~0000001236
2024-12-18 21:57:08.6726~DEBUG~download completed~~RJStevensMusicPresentationCreator.Program~0000001237
2024-12-18 21:57:08.6726~DEBUG~<- DownloadFile(url = "https://faas-nyc1-2ef2e6cc.doserverless.co/api/v1/web/fn-dd7f8f6a-d32a-4f5e-ae7b-870dfb7963f3/downloads/bundle?id=000000000000271", filename = "C:\Users\cofc_\AppData\Local\Temp\tmpDEEB.tmp\rjsec264.ZIP", message = "rjsec264")~~RJStevensMusicPresentationCreator.Program~0000001238
2024-12-18 21:57:08.6886~DEBUG~-> ExtractAllFromFile(zipFileName = "C:\Users\cofc_\AppData\Local\Temp\tmpDEEB.tmp\rjsec264.ZIP", decompressedFolder = "C:\Users\cofc_\AppData\Local\Temp\tmpE0E0.tmp", message = "rjsec264")~~RJStevensMusicPresentationCreator.Program~0000001239
2024-12-18 21:57:08.9610~DEBUG~extract completed~~RJStevensMusicPresentationCreator.Program~0000001240
2024-12-18 21:57:08.9630~DEBUG~<- ExtractAllFromFile(zipFileName = "C:\Users\cofc_\AppData\Local\Temp\tmpDEEB.tmp\rjsec264.ZIP", decompressedFolder = "C:\Users\cofc_\AppData\Local\Temp\tmpE0E0.tmp", message = "rjsec264")~~RJStevensMusicPresentationCreator.Program~0000001241
2024-12-18 21:57:09.0290~DEBUG~-> DownloadFile(url = "https://faas-nyc1-2ef2e6cc.doserverless.co/api/v1/web/fn-dd7f8f6a-d32a-4f5e-ae7b-870dfb7963f3/downloads/bundle?id=000000000000272", filename = "C:\Users\cofc_\AppData\Local\Temp\tmpE239.tmp\rjsec265.ZIP", message = "rjsec265")~~RJStevensMusicPresentationCreator.Program~0000001242
2024-12-18 21:57:09.4720~DEBUG~download completed~~RJStevensMusicPresentationCreator.Program~0000001243
2024-12-18 21:57:09.4720~DEBUG~<- DownloadFile(url = "https://faas-nyc1-2ef2e6cc.doserverless.co/api/v1/web/fn-dd7f8f6a-d32a-4f5e-ae7b-870dfb7963f3/downloads/bundle?id=000000000000272", filename = "C:\Users\cofc_\AppData\Local\Temp\tmpE239.tmp\rjsec265.ZIP", message = "rjsec265")~~RJStevensMusicPresentationCreator.Program~0000001244
2024-12-18 21:57:09.4870~DEBUG~-> ExtractAllFromFile(zipFileName = "C:\Users\cofc_\AppData\Local\Temp\tmpE239.tmp\rjsec265.ZIP", decompressedFolder = "C:\Users\cofc_\AppData\Local\Temp\tmpE3FF.tmp", message = "rjsec265")~~RJStevensMusicPresentationCreator.Program~0000001245
2024-12-18 21:57:09.6841~DEBUG~extract completed~~RJStevensMusicPresentationCreator.Program~0000001246
2024-12-18 21:57:09.6841~DEBUG~<- ExtractAllFromFile(zipFileName = "C:\Users\cofc_\AppData\Local\Temp\tmpE239.tmp\rjsec265.ZIP", decompressedFolder = "C:\Users\cofc_\AppData\Local\Temp\tmpE3FF.tmp", message = "rjsec265")~~RJStevensMusicPresentationCreator.Program~0000001247
2024-12-18 21:57:09.7431~DEBUG~-> DownloadFile(url = "https://faas-nyc1-2ef2e6cc.doserverless.co/api/v1/web/fn-dd7f8f6a-d32a-4f5e-ae7b-870dfb7963f3/downloads/bundle?id=000000000000274", filename = "C:\Users\cofc_\AppData\Local\Temp\tmpE4FA.tmp\rjsec267.ZIP", message = "rjsec267")~~RJStevensMusicPresentationCreator.Program~0000001248
2024-12-18 21:57:10.1841~DEBUG~download completed~~RJStevensMusicPresentationCreator.Program~0000001249
2024-12-18 21:57:10.1841~DEBUG~<- DownloadFile(url = "https://faas-nyc1-2ef2e6cc.doserverless.co/api/v1/web/fn-dd7f8f6a-d32a-4f5e-ae7b-870dfb7963f3/downloads/bundle?id=000000000000274", filename = "C:\Users\cofc_\AppData\Local\Temp\tmpE4FA.tmp\rjsec267.ZIP", message = "rjsec267")~~RJStevensMusicPresentationCreator.Program~0000001250
2024-12-18 21:57:10.2031~DEBUG~-> ExtractAllFromFile(zipFileName = "C:\Users\cofc_\AppData\Local\Temp\tmpE4FA.tmp\rjsec267.ZIP", decompressedFolder = "C:\Users\cofc_\AppData\Local\Temp\tmpE6D0.tmp", message = "rjsec267")~~RJStevensMusicPresentationCreator.Program~0000001251
2024-12-18 21:57:10.4085~DEBUG~extract completed~~RJStevensMusicPresentationCreator.Program~0000001252
2024-12-18 21:57:10.4085~DEBUG~<- ExtractAllFromFile(zipFileName = "C:\Users\cofc_\AppData\Local\Temp\tmpE4FA.tmp\rjsec267.ZIP", decompressedFolder = "C:\Users\cofc_\AppData\Local\Temp\tmpE6D0.tmp", message = "rjsec267")~~RJStevensMusicPresentationCreator.Program~0000001253
2024-12-18 21:57:10.4615~DEBUG~-> DownloadFile(url = "https://faas-nyc1-2ef2e6cc.doserverless.co/api/v1/web/fn-dd7f8f6a-d32a-4f5e-ae7b-870dfb7963f3/downloads/bundle?id=000000000000275", filename = "C:\Users\cofc_\AppData\Local\Temp\tmpE7CB.tmp\rjsec268.ZIP", message = "rjsec268")~~RJStevensMusicPresentationCreator.Program~0000001254
2024-12-18 21:57:10.9096~DEBUG~download completed~~RJStevensMusicPresentationCreator.Program~0000001255
2024-12-18 21:57:10.9096~DEBUG~<- DownloadFile(url = "https://faas-nyc1-2ef2e6cc.doserverless.co/api/v1/web/fn-dd7f8f6a-d32a-4f5e-ae7b-870dfb7963f3/downloads/bundle?id=000000000000275", filename = "C:\Users\cofc_\AppData\Local\Temp\tmpE7CB.tmp\rjsec268.ZIP", message = "rjsec268")~~RJStevensMusicPresentationCreator.Program~0000001256
2024-12-18 21:57:10.9226~DEBUG~-> ExtractAllFromFile(zipFileName = "C:\Users\cofc_\AppData\Local\Temp\tmpE7CB.tmp\rjsec268.ZIP", decompressedFolder = "C:\Users\cofc_\AppData\Local\Temp\tmpE9A0.tmp", message = "rjsec268")~~RJStevensMusicPresentationCreator.Program~0000001257
2024-12-18 21:57:11.1289~DEBUG~extract completed~~RJStevensMusicPresentationCreator.Program~0000001258
2024-12-18 21:57:11.1289~DEBUG~<- ExtractAllFromFile(zipFileName = "C:\Users\cofc_\AppData\Local\Temp\tmpE7CB.tmp\rjsec268.ZIP", decompressedFolder = "C:\Users\cofc_\AppData\Local\Temp\tmpE9A0.tmp", message = "rjsec268")~~RJStevensMusicPresentationCreator.Program~0000001259
2024-12-18 21:57:11.1879~DEBUG~-> DownloadFile(url = "https://faas-nyc1-2ef2e6cc.doserverless.co/api/v1/web/fn-dd7f8f6a-d32a-4f5e-ae7b-870dfb7963f3/downloads/bundle?id=000000000000276", filename = "C:\Users\cofc_\AppData\Local\Temp\tmpEAAB.tmp\rjsec269.ZIP", message = "rjsec269")~~RJStevensMusicPresentationCreator.Program~0000001260
2024-12-18 21:57:11.6320~DEBUG~download completed~~RJStevensMusicPresentationCreator.Program~0000001261
2024-12-18 21:57:11.6320~DEBUG~<- DownloadFile(url = "https://faas-nyc1-2ef2e6cc.doserverless.co/api/v1/web/fn-dd7f8f6a-d32a-4f5e-ae7b-870dfb7963f3/downloads/bundle?id=000000000000276", filename = "C:\Users\cofc_\AppData\Local\Temp\tmpEAAB.tmp\rjsec269.ZIP", message = "rjsec269")~~RJStevensMusicPresentationCreator.Program~0000001262
2024-12-18 21:57:11.6460~DEBUG~-> ExtractAllFromFile(zipFileName = "C:\Users\cofc_\AppData\Local\Temp\tmpEAAB.tmp\rjsec269.ZIP", decompressedFolder = "C:\Users\cofc_\AppData\Local\Temp\tmpEC71.tmp", message = "rjsec269")~~RJStevensMusicPresentationCreator.Program~0000001263
2024-12-18 21:57:11.8700~DEBUG~extract completed~~RJStevensMusicPresentationCreator.Program~0000001264
2024-12-18 21:57:11.8700~DEBUG~<- ExtractAllFromFile(zipFileName = "C:\Users\cofc_\AppData\Local\Temp\tmpEAAB.tmp\rjsec269.ZIP", decompressedFolder = "C:\Users\cofc_\AppData\Local\Temp\tmpEC71.tmp", message = "rjsec269")~~RJStevensMusicPresentationCreator.Program~0000001265
2024-12-18 21:57:11.9340~DEBUG~-> DownloadFile(url = "https://faas-nyc1-2ef2e6cc.doserverless.co/api/v1/web/fn-dd7f8f6a-d32a-4f5e-ae7b-870dfb7963f3/downloads/bundle?id=gp5fjsicrf12dnz", filename = "C:\Users\cofc_\AppData\Local\Temp\tmpED9B.tmp\rjsec269.16.ZIP", message = "rjsec269.16")~~RJStevensMusicPresentationCreator.Program~0000001266
2024-12-18 21:57:12.3851~DEBUG~download completed~~RJStevensMusicPresentationCreator.Program~0000001267
2024-12-18 21:57:12.3851~DEBUG~<- DownloadFile(url = "https://faas-nyc1-2ef2e6cc.doserverless.co/api/v1/web/fn-dd7f8f6a-d32a-4f5e-ae7b-870dfb7963f3/downloads/bundle?id=gp5fjsicrf12dnz", filename = "C:\Users\cofc_\AppData\Local\Temp\tmpED9B.tmp\rjsec269.16.ZIP", message = "rjsec269.16")~~RJStevensMusicPresentationCreator.Program~0000001268
2024-12-18 21:57:12.4058~DEBUG~-> ExtractAllFromFile(zipFileName = "C:\Users\cofc_\AppData\Local\Temp\tmpED9B.tmp\rjsec269.16.ZIP", decompressedFolder = "C:\Users\cofc_\AppData\Local\Temp\tmpEF71.tmp", message = "rjsec269.16")~~RJStevensMusicPresentationCreator.Program~0000001269
2024-12-18 21:57:12.6528~DEBUG~extract completed~~RJStevensMusicPresentationCreator.Program~0000001270
2024-12-18 21:57:12.6528~DEBUG~<- ExtractAllFromFile(zipFileName = "C:\Users\cofc_\AppData\Local\Temp\tmpED9B.tmp\rjsec269.16.ZIP", decompressedFolder = "C:\Users\cofc_\AppData\Local\Temp\tmpEF71.tmp", message = "rjsec269.16")~~RJStevensMusicPresentationCreator.Program~0000001271
2024-12-18 21:57:12.7228~DEBUG~-> DownloadFile(url = "https://faas-nyc1-2ef2e6cc.doserverless.co/api/v1/web/fn-dd7f8f6a-d32a-4f5e-ae7b-870dfb7963f3/downloads/bundle?id=nsonmj3v2ic9pwo", filename = "C:\Users\cofc_\AppData\Local\Temp\tmpF0AA.tmp\rjsec269.22.ZIP", message = "rjsec269.22")~~RJStevensMusicPresentationCreator.Program~0000001272
2024-12-18 21:57:13.1748~DEBUG~download completed~~RJStevensMusicPresentationCreator.Program~0000001273
2024-12-18 21:57:13.1748~DEBUG~<- DownloadFile(url = "https://faas-nyc1-2ef2e6cc.doserverless.co/api/v1/web/fn-dd7f8f6a-d32a-4f5e-ae7b-870dfb7963f3/downloads/bundle?id=nsonmj3v2ic9pwo", filename = "C:\Users\cofc_\AppData\Local\Temp\tmpF0AA.tmp\rjsec269.22.ZIP", message = "rjsec269.22")~~RJStevensMusicPresentationCreator.Program~0000001274
2024-12-18 21:57:13.1918~DEBUG~-> ExtractAllFromFile(zipFileName = "C:\Users\cofc_\AppData\Local\Temp\tmpF0AA.tmp\rjsec269.22.ZIP", decompressedFolder = "C:\Users\cofc_\AppData\Local\Temp\tmpF280.tmp", message = "rjsec269.22")~~RJStevensMusicPresentationCreator.Program~0000001275
2024-12-18 21:57:13.4299~DEBUG~extract completed~~RJStevensMusicPresentationCreator.Program~0000001276
2024-12-18 21:57:13.4339~DEBUG~<- ExtractAllFromFile(zipFileName = "C:\Users\cofc_\AppData\Local\Temp\tmpF0AA.tmp\rjsec269.22.ZIP", decompressedFolder = "C:\Users\cofc_\AppData\Local\Temp\tmpF280.tmp", message = "rjsec269.22")~~RJStevensMusicPresentationCreator.Program~0000001277
2024-12-18 21:57:13.4989~DEBUG~-> DownloadFile(url = "https://faas-nyc1-2ef2e6cc.doserverless.co/api/v1/web/fn-dd7f8f6a-d32a-4f5e-ae7b-870dfb7963f3/downloads/bundle?id=000000000000277", filename = "C:\Users\cofc_\AppData\Local\Temp\tmpF3B9.tmp\rjsec270.ZIP", message = "rjsec270")~~RJStevensMusicPresentationCreator.Program~0000001278
2024-12-18 21:57:13.9769~DEBUG~download completed~~RJStevensMusicPresentationCreator.Program~0000001279
2024-12-18 21:57:13.9769~DEBUG~<- DownloadFile(url = "https://faas-nyc1-2ef2e6cc.doserverless.co/api/v1/web/fn-dd7f8f6a-d32a-4f5e-ae7b-870dfb7963f3/downloads/bundle?id=000000000000277", filename = "C:\Users\cofc_\AppData\Local\Temp\tmpF3B9.tmp\rjsec270.ZIP", message = "rjsec270")~~RJStevensMusicPresentationCreator.Program~0000001280
2024-12-18 21:57:13.9909~DEBUG~-> ExtractAllFromFile(zipFileName = "C:\Users\cofc_\AppData\Local\Temp\tmpF3B9.tmp\rjsec270.ZIP", decompressedFolder = "C:\Users\cofc_\AppData\Local\Temp\tmpF59F.tmp", message = "rjsec270")~~RJStevensMusicPresentationCreator.Program~0000001281
2024-12-18 21:57:14.2163~DEBUG~extract completed~~RJStevensMusicPresentationCreator.Program~0000001282
2024-12-18 21:57:14.2163~DEBUG~<- ExtractAllFromFile(zipFileName = "C:\Users\cofc_\AppData\Local\Temp\tmpF3B9.tmp\rjsec270.ZIP", decompressedFolder = "C:\Users\cofc_\AppData\Local\Temp\tmpF59F.tmp", message = "rjsec270")~~RJStevensMusicPresentationCreator.Program~0000001283
2024-12-18 21:57:14.2853~DEBUG~-> DownloadFile(url = "https://faas-nyc1-2ef2e6cc.doserverless.co/api/v1/web/fn-dd7f8f6a-d32a-4f5e-ae7b-870dfb7963f3/downloads/bundle?id=000000000000278", filename = "C:\Users\cofc_\AppData\Local\Temp\tmpF6C9.tmp\rjsec271.ZIP", message = "rjsec271")~~RJStevensMusicPresentationCreator.Program~0000001284
2024-12-18 21:57:14.7273~DEBUG~download completed~~RJStevensMusicPresentationCreator.Program~0000001285
2024-12-18 21:57:14.7283~DEBUG~<- DownloadFile(url = "https://faas-nyc1-2ef2e6cc.doserverless.co/api/v1/web/fn-dd7f8f6a-d32a-4f5e-ae7b-870dfb7963f3/downloads/bundle?id=000000000000278", filename = "C:\Users\cofc_\AppData\Local\Temp\tmpF6C9.tmp\rjsec271.ZIP", message = "rjsec271")~~RJStevensMusicPresentationCreator.Program~0000001286
2024-12-18 21:57:14.7283~DEBUG~-> ExtractAllFromFile(zipFileName = "C:\Users\cofc_\AppData\Local\Temp\tmpF6C9.tmp\rjsec271.ZIP", decompressedFolder = "C:\Users\cofc_\AppData\Local\Temp\tmpF88F.tmp", message = "rjsec271")~~RJStevensMusicPresentationCreator.Program~0000001287
2024-12-18 21:57:14.9435~DEBUG~extract completed~~RJStevensMusicPresentationCreator.Program~0000001288
2024-12-18 21:57:14.9435~DEBUG~<- ExtractAllFromFile(zipFileName = "C:\Users\cofc_\AppData\Local\Temp\tmpF6C9.tmp\rjsec271.ZIP", decompressedFolder = "C:\Users\cofc_\AppData\Local\Temp\tmpF88F.tmp", message = "rjsec271")~~RJStevensMusicPresentationCreator.Program~0000001289
2024-12-18 21:57:15.0015~DEBUG~-> DownloadFile(url = "https://faas-nyc1-2ef2e6cc.doserverless.co/api/v1/web/fn-dd7f8f6a-d32a-4f5e-ae7b-870dfb7963f3/downloads/bundle?id=000000000000279", filename = "C:\Users\cofc_\AppData\Local\Temp\tmpF999.tmp\rjsec272.ZIP", message = "rjsec272")~~RJStevensMusicPresentationCreator.Program~0000001290
2024-12-18 21:57:15.5035~DEBUG~download completed~~RJStevensMusicPresentationCreator.Program~0000001291
2024-12-18 21:57:15.5035~DEBUG~<- DownloadFile(url = "https://faas-nyc1-2ef2e6cc.doserverless.co/api/v1/web/fn-dd7f8f6a-d32a-4f5e-ae7b-870dfb7963f3/downloads/bundle?id=000000000000279", filename = "C:\Users\cofc_\AppData\Local\Temp\tmpF999.tmp\rjsec272.ZIP", message = "rjsec272")~~RJStevensMusicPresentationCreator.Program~0000001292
2024-12-18 21:57:15.5245~DEBUG~-> ExtractAllFromFile(zipFileName = "C:\Users\cofc_\AppData\Local\Temp\tmpF999.tmp\rjsec272.ZIP", decompressedFolder = "C:\Users\cofc_\AppData\Local\Temp\tmpFB9E.tmp", message = "rjsec272")~~RJStevensMusicPresentationCreator.Program~0000001293
2024-12-18 21:57:15.8405~DEBUG~extract completed~~RJStevensMusicPresentationCreator.Program~0000001294
2024-12-18 21:57:15.8405~DEBUG~<- ExtractAllFromFile(zipFileName = "C:\Users\cofc_\AppData\Local\Temp\tmpF999.tmp\rjsec272.ZIP", decompressedFolder = "C:\Users\cofc_\AppData\Local\Temp\tmpFB9E.tmp", message = "rjsec272")~~RJStevensMusicPresentationCreator.Program~0000001295
2024-12-18 21:57:15.9156~DEBUG~-> DownloadFile(url = "https://faas-nyc1-2ef2e6cc.doserverless.co/api/v1/web/fn-dd7f8f6a-d32a-4f5e-ae7b-870dfb7963f3/downloads/bundle?id=000000000000280", filename = "C:\Users\cofc_\AppData\Local\Temp\tmpFD26.tmp\rjsec273.ZIP", message = "rjsec273")~~RJStevensMusicPresentationCreator.Program~0000001296
2024-12-18 21:57:16.3606~DEBUG~download completed~~RJStevensMusicPresentationCreator.Program~0000001297
2024-12-18 21:57:16.3606~DEBUG~<- DownloadFile(url = "https://faas-nyc1-2ef2e6cc.doserverless.co/api/v1/web/fn-dd7f8f6a-d32a-4f5e-ae7b-870dfb7963f3/downloads/bundle?id=000000000000280", filename = "C:\Users\cofc_\AppData\Local\Temp\tmpFD26.tmp\rjsec273.ZIP", message = "rjsec273")~~RJStevensMusicPresentationCreator.Program~0000001298
2024-12-18 21:57:16.3756~DEBUG~-> ExtractAllFromFile(zipFileName = "C:\Users\cofc_\AppData\Local\Temp\tmpFD26.tmp\rjsec273.ZIP", decompressedFolder = "C:\Users\cofc_\AppData\Local\Temp\tmpFEFB.tmp", message = "rjsec273")~~RJStevensMusicPresentationCreator.Program~0000001299
2024-12-18 21:57:16.5523~DEBUG~extract completed~~RJStevensMusicPresentationCreator.Program~0000001300
2024-12-18 21:57:16.5563~DEBUG~<- ExtractAllFromFile(zipFileName = "C:\Users\cofc_\AppData\Local\Temp\tmpFD26.tmp\rjsec273.ZIP", decompressedFolder = "C:\Users\cofc_\AppData\Local\Temp\tmpFEFB.tmp", message = "rjsec273")~~RJStevensMusicPresentationCreator.Program~0000001301
2024-12-18 21:57:16.6113~DEBUG~-> DownloadFile(url = "https://faas-nyc1-2ef2e6cc.doserverless.co/api/v1/web/fn-dd7f8f6a-d32a-4f5e-ae7b-870dfb7963f3/downloads/bundle?id=000000000000281", filename = "C:\Users\cofc_\AppData\Local\Temp\tmpFFE7.tmp\rjsec274.ZIP", message = "rjsec274")~~RJStevensMusicPresentationCreator.Program~0000001302
2024-12-18 21:57:17.2512~DEBUG~download completed~~RJStevensMusicPresentationCreator.Program~0000001303
2024-12-18 21:57:17.2512~DEBUG~<- DownloadFile(url = "https://faas-nyc1-2ef2e6cc.doserverless.co/api/v1/web/fn-dd7f8f6a-d32a-4f5e-ae7b-870dfb7963f3/downloads/bundle?id=000000000000281", filename = "C:\Users\cofc_\AppData\Local\Temp\tmpFFE7.tmp\rjsec274.ZIP", message = "rjsec274")~~RJStevensMusicPresentationCreator.Program~0000001304
2024-12-18 21:57:17.2702~DEBUG~-> ExtractAllFromFile(zipFileName = "C:\Users\cofc_\AppData\Local\Temp\tmpFFE7.tmp\rjsec274.ZIP", decompressedFolder = "C:\Users\cofc_\AppData\Local\Temp\tmp278.tmp", message = "rjsec274")~~RJStevensMusicPresentationCreator.Program~0000001305
2024-12-18 21:57:17.5322~DEBUG~extract completed~~RJStevensMusicPresentationCreator.Program~0000001306
2024-12-18 21:57:17.5322~DEBUG~<- ExtractAllFromFile(zipFileName = "C:\Users\cofc_\AppData\Local\Temp\tmpFFE7.tmp\rjsec274.ZIP", decompressedFolder = "C:\Users\cofc_\AppData\Local\Temp\tmp278.tmp", message = "rjsec274")~~RJStevensMusicPresentationCreator.Program~0000001307
2024-12-18 21:57:17.6052~DEBUG~-> DownloadFile(url = "https://faas-nyc1-2ef2e6cc.doserverless.co/api/v1/web/fn-dd7f8f6a-d32a-4f5e-ae7b-870dfb7963f3/downloads/bundle?id=000000000000282", filename = "C:\Users\cofc_\AppData\Local\Temp\tmp3D1.tmp\rjsec275.ZIP", message = "rjsec275")~~RJStevensMusicPresentationCreator.Program~0000001308
2024-12-18 21:57:18.0442~DEBUG~download completed~~RJStevensMusicPresentationCreator.Program~0000001309
2024-12-18 21:57:18.0442~DEBUG~<- DownloadFile(url = "https://faas-nyc1-2ef2e6cc.doserverless.co/api/v1/web/fn-dd7f8f6a-d32a-4f5e-ae7b-870dfb7963f3/downloads/bundle?id=000000000000282", filename = "C:\Users\cofc_\AppData\Local\Temp\tmp3D1.tmp\rjsec275.ZIP", message = "rjsec275")~~RJStevensMusicPresentationCreator.Program~0000001310
2024-12-18 21:57:18.0612~DEBUG~-> ExtractAllFromFile(zipFileName = "C:\Users\cofc_\AppData\Local\Temp\tmp3D1.tmp\rjsec275.ZIP", decompressedFolder = "C:\Users\cofc_\AppData\Local\Temp\tmp597.tmp", message = "rjsec275")~~RJStevensMusicPresentationCreator.Program~0000001311
2024-12-18 21:57:18.2455~DEBUG~extract completed~~RJStevensMusicPresentationCreator.Program~0000001312
2024-12-18 21:57:18.2455~DEBUG~<- ExtractAllFromFile(zipFileName = "C:\Users\cofc_\AppData\Local\Temp\tmp3D1.tmp\rjsec275.ZIP", decompressedFolder = "C:\Users\cofc_\AppData\Local\Temp\tmp597.tmp", message = "rjsec275")~~RJStevensMusicPresentationCreator.Program~0000001313
2024-12-18 21:57:18.3085~DEBUG~-> DownloadFile(url = "https://faas-nyc1-2ef2e6cc.doserverless.co/api/v1/web/fn-dd7f8f6a-d32a-4f5e-ae7b-870dfb7963f3/downloads/bundle?id=000000000000283", filename = "C:\Users\cofc_\AppData\Local\Temp\tmp692.tmp\rjsec276.ZIP", message = "rjsec276")~~RJStevensMusicPresentationCreator.Program~0000001314
2024-12-18 21:57:18.8018~DEBUG~download completed~~RJStevensMusicPresentationCreator.Program~0000001315
2024-12-18 21:57:18.8018~DEBUG~<- DownloadFile(url = "https://faas-nyc1-2ef2e6cc.doserverless.co/api/v1/web/fn-dd7f8f6a-d32a-4f5e-ae7b-870dfb7963f3/downloads/bundle?id=000000000000283", filename = "C:\Users\cofc_\AppData\Local\Temp\tmp692.tmp\rjsec276.ZIP", message = "rjsec276")~~RJStevensMusicPresentationCreator.Program~0000001316
2024-12-18 21:57:18.8178~DEBUG~-> ExtractAllFromFile(zipFileName = "C:\Users\cofc_\AppData\Local\Temp\tmp692.tmp\rjsec276.ZIP", decompressedFolder = "C:\Users\cofc_\AppData\Local\Temp\tmp887.tmp", message = "rjsec276")~~RJStevensMusicPresentationCreator.Program~0000001317
2024-12-18 21:57:19.0238~DEBUG~extract completed~~RJStevensMusicPresentationCreator.Program~0000001318
2024-12-18 21:57:19.0258~DEBUG~<- ExtractAllFromFile(zipFileName = "C:\Users\cofc_\AppData\Local\Temp\tmp692.tmp\rjsec276.ZIP", decompressedFolder = "C:\Users\cofc_\AppData\Local\Temp\tmp887.tmp", message = "rjsec276")~~RJStevensMusicPresentationCreator.Program~0000001319
2024-12-18 21:57:19.0788~DEBUG~-> DownloadFile(url = "https://faas-nyc1-2ef2e6cc.doserverless.co/api/v1/web/fn-dd7f8f6a-d32a-4f5e-ae7b-870dfb7963f3/downloads/bundle?id=000000000000284", filename = "C:\Users\cofc_\AppData\Local\Temp\tmp992.tmp\rjsec277.ZIP", message = "rjsec277")~~RJStevensMusicPresentationCreator.Program~0000001320
2024-12-18 21:57:19.5318~DEBUG~download completed~~RJStevensMusicPresentationCreator.Program~0000001321
2024-12-18 21:57:19.5318~DEBUG~<- DownloadFile(url = "https://faas-nyc1-2ef2e6cc.doserverless.co/api/v1/web/fn-dd7f8f6a-d32a-4f5e-ae7b-870dfb7963f3/downloads/bundle?id=000000000000284", filename = "C:\Users\cofc_\AppData\Local\Temp\tmp992.tmp\rjsec277.ZIP", message = "rjsec277")~~RJStevensMusicPresentationCreator.Program~0000001322
2024-12-18 21:57:19.5498~DEBUG~-> ExtractAllFromFile(zipFileName = "C:\Users\cofc_\AppData\Local\Temp\tmp992.tmp\rjsec277.ZIP", decompressedFolder = "C:\Users\cofc_\AppData\Local\Temp\tmpB67.tmp", message = "rjsec277")~~RJStevensMusicPresentationCreator.Program~0000001323
2024-12-18 21:57:19.7488~DEBUG~extract completed~~RJStevensMusicPresentationCreator.Program~0000001324
2024-12-18 21:57:19.7488~DEBUG~<- ExtractAllFromFile(zipFileName = "C:\Users\cofc_\AppData\Local\Temp\tmp992.tmp\rjsec277.ZIP", decompressedFolder = "C:\Users\cofc_\AppData\Local\Temp\tmpB67.tmp", message = "rjsec277")~~RJStevensMusicPresentationCreator.Program~0000001325
2024-12-18 21:57:19.8098~DEBUG~-> DownloadFile(url = "https://faas-nyc1-2ef2e6cc.doserverless.co/api/v1/web/fn-dd7f8f6a-d32a-4f5e-ae7b-870dfb7963f3/downloads/bundle?id=000000000000285", filename = "C:\Users\cofc_\AppData\Local\Temp\tmpC72.tmp\rjsec278.ZIP", message = "rjsec278")~~RJStevensMusicPresentationCreator.Program~0000001326
2024-12-18 21:57:20.3489~DEBUG~download completed~~RJStevensMusicPresentationCreator.Program~0000001327
2024-12-18 21:57:20.3489~DEBUG~<- DownloadFile(url = "https://faas-nyc1-2ef2e6cc.doserverless.co/api/v1/web/fn-dd7f8f6a-d32a-4f5e-ae7b-870dfb7963f3/downloads/bundle?id=000000000000285", filename = "C:\Users\cofc_\AppData\Local\Temp\tmpC72.tmp\rjsec278.ZIP", message = "rjsec278")~~RJStevensMusicPresentationCreator.Program~0000001328
2024-12-18 21:57:20.3669~DEBUG~-> ExtractAllFromFile(zipFileName = "C:\Users\cofc_\AppData\Local\Temp\tmpC72.tmp\rjsec278.ZIP", decompressedFolder = "C:\Users\cofc_\AppData\Local\Temp\tmpE96.tmp", message = "rjsec278")~~RJStevensMusicPresentationCreator.Program~0000001329
2024-12-18 21:57:20.6817~DEBUG~extract completed~~RJStevensMusicPresentationCreator.Program~0000001330
2024-12-18 21:57:20.6817~DEBUG~<- ExtractAllFromFile(zipFileName = "C:\Users\cofc_\AppData\Local\Temp\tmpC72.tmp\rjsec278.ZIP", decompressedFolder = "C:\Users\cofc_\AppData\Local\Temp\tmpE96.tmp", message = "rjsec278")~~RJStevensMusicPresentationCreator.Program~0000001331
2024-12-18 21:57:20.7527~DEBUG~-> DownloadFile(url = "https://faas-nyc1-2ef2e6cc.doserverless.co/api/v1/web/fn-dd7f8f6a-d32a-4f5e-ae7b-870dfb7963f3/downloads/bundle?id=000000000000286", filename = "C:\Users\cofc_\AppData\Local\Temp\tmp101D.tmp\rjsec279.ZIP", message = "rjsec279")~~RJStevensMusicPresentationCreator.Program~0000001332
2024-12-18 21:57:21.3220~DEBUG~download completed~~RJStevensMusicPresentationCreator.Program~0000001333
2024-12-18 21:57:21.3220~DEBUG~<- DownloadFile(url = "https://faas-nyc1-2ef2e6cc.doserverless.co/api/v1/web/fn-dd7f8f6a-d32a-4f5e-ae7b-870dfb7963f3/downloads/bundle?id=000000000000286", filename = "C:\Users\cofc_\AppData\Local\Temp\tmp101D.tmp\rjsec279.ZIP", message = "rjsec279")~~RJStevensMusicPresentationCreator.Program~0000001334
2024-12-18 21:57:21.3390~DEBUG~-> ExtractAllFromFile(zipFileName = "C:\Users\cofc_\AppData\Local\Temp\tmp101D.tmp\rjsec279.ZIP", decompressedFolder = "C:\Users\cofc_\AppData\Local\Temp\tmp1270.tmp", message = "rjsec279")~~RJStevensMusicPresentationCreator.Program~0000001335
2024-12-18 21:57:21.6020~DEBUG~extract completed~~RJStevensMusicPresentationCreator.Program~0000001336
2024-12-18 21:57:21.6050~DEBUG~<- ExtractAllFromFile(zipFileName = "C:\Users\cofc_\AppData\Local\Temp\tmp101D.tmp\rjsec279.ZIP", decompressedFolder = "C:\Users\cofc_\AppData\Local\Temp\tmp1270.tmp", message = "rjsec279")~~RJStevensMusicPresentationCreator.Program~0000001337
2024-12-18 21:57:21.6670~DEBUG~-> DownloadFile(url = "https://faas-nyc1-2ef2e6cc.doserverless.co/api/v1/web/fn-dd7f8f6a-d32a-4f5e-ae7b-870dfb7963f3/downloads/bundle?id=000000000000289", filename = "C:\Users\cofc_\AppData\Local\Temp\tmp13AA.tmp\rjsec282.ZIP", message = "rjsec282")~~RJStevensMusicPresentationCreator.Program~0000001338
2024-12-18 21:57:22.1000~DEBUG~download completed~~RJStevensMusicPresentationCreator.Program~0000001339
2024-12-18 21:57:22.1000~DEBUG~<- DownloadFile(url = "https://faas-nyc1-2ef2e6cc.doserverless.co/api/v1/web/fn-dd7f8f6a-d32a-4f5e-ae7b-870dfb7963f3/downloads/bundle?id=000000000000289", filename = "C:\Users\cofc_\AppData\Local\Temp\tmp13AA.tmp\rjsec282.ZIP", message = "rjsec282")~~RJStevensMusicPresentationCreator.Program~0000001340
2024-12-18 21:57:22.1180~DEBUG~-> ExtractAllFromFile(zipFileName = "C:\Users\cofc_\AppData\Local\Temp\tmp13AA.tmp\rjsec282.ZIP", decompressedFolder = "C:\Users\cofc_\AppData\Local\Temp\tmp1570.tmp", message = "rjsec282")~~RJStevensMusicPresentationCreator.Program~0000001341
2024-12-18 21:57:22.3404~DEBUG~extract completed~~RJStevensMusicPresentationCreator.Program~0000001342
2024-12-18 21:57:22.3404~DEBUG~<- ExtractAllFromFile(zipFileName = "C:\Users\cofc_\AppData\Local\Temp\tmp13AA.tmp\rjsec282.ZIP", decompressedFolder = "C:\Users\cofc_\AppData\Local\Temp\tmp1570.tmp", message = "rjsec282")~~RJStevensMusicPresentationCreator.Program~0000001343
2024-12-18 21:57:22.4024~DEBUG~-> DownloadFile(url = "https://faas-nyc1-2ef2e6cc.doserverless.co/api/v1/web/fn-dd7f8f6a-d32a-4f5e-ae7b-870dfb7963f3/downloads/bundle?id=000000000000290", filename = "C:\Users\cofc_\AppData\Local\Temp\tmp169A.tmp\rjsec283.ZIP", message = "rjsec283")~~RJStevensMusicPresentationCreator.Program~0000001344
2024-12-18 21:57:22.8332~DEBUG~download completed~~RJStevensMusicPresentationCreator.Program~0000001345
2024-12-18 21:57:22.8332~DEBUG~<- DownloadFile(url = "https://faas-nyc1-2ef2e6cc.doserverless.co/api/v1/web/fn-dd7f8f6a-d32a-4f5e-ae7b-870dfb7963f3/downloads/bundle?id=000000000000290", filename = "C:\Users\cofc_\AppData\Local\Temp\tmp169A.tmp\rjsec283.ZIP", message = "rjsec283")~~RJStevensMusicPresentationCreator.Program~0000001346
2024-12-18 21:57:22.8482~DEBUG~-> ExtractAllFromFile(zipFileName = "C:\Users\cofc_\AppData\Local\Temp\tmp169A.tmp\rjsec283.ZIP", decompressedFolder = "C:\Users\cofc_\AppData\Local\Temp\tmp1850.tmp", message = "rjsec283")~~RJStevensMusicPresentationCreator.Program~0000001347
2024-12-18 21:57:23.0982~DEBUG~extract completed~~RJStevensMusicPresentationCreator.Program~0000001348
2024-12-18 21:57:23.0982~DEBUG~<- ExtractAllFromFile(zipFileName = "C:\Users\cofc_\AppData\Local\Temp\tmp169A.tmp\rjsec283.ZIP", decompressedFolder = "C:\Users\cofc_\AppData\Local\Temp\tmp1850.tmp", message = "rjsec283")~~RJStevensMusicPresentationCreator.Program~0000001349
2024-12-18 21:57:23.1712~DEBUG~-> DownloadFile(url = "https://faas-nyc1-2ef2e6cc.doserverless.co/api/v1/web/fn-dd7f8f6a-d32a-4f5e-ae7b-870dfb7963f3/downloads/bundle?id=000000000000291", filename = "C:\Users\cofc_\AppData\Local\Temp\tmp1999.tmp\rjsec284.ZIP", message = "rjsec284")~~RJStevensMusicPresentationCreator.Program~0000001350
2024-12-18 21:57:23.6822~DEBUG~download completed~~RJStevensMusicPresentationCreator.Program~0000001351
2024-12-18 21:57:23.6822~DEBUG~<- DownloadFile(url = "https://faas-nyc1-2ef2e6cc.doserverless.co/api/v1/web/fn-dd7f8f6a-d32a-4f5e-ae7b-870dfb7963f3/downloads/bundle?id=000000000000291", filename = "C:\Users\cofc_\AppData\Local\Temp\tmp1999.tmp\rjsec284.ZIP", message = "rjsec284")~~RJStevensMusicPresentationCreator.Program~0000001352
2024-12-18 21:57:23.6822~DEBUG~-> ExtractAllFromFile(zipFileName = "C:\Users\cofc_\AppData\Local\Temp\tmp1999.tmp\rjsec284.ZIP", decompressedFolder = "C:\Users\cofc_\AppData\Local\Temp\tmp1B9E.tmp", message = "rjsec284")~~RJStevensMusicPresentationCreator.Program~0000001353
2024-12-18 21:57:23.9171~DEBUG~extract completed~~RJStevensMusicPresentationCreator.Program~0000001354
2024-12-18 21:57:23.9171~DEBUG~<- ExtractAllFromFile(zipFileName = "C:\Users\cofc_\AppData\Local\Temp\tmp1999.tmp\rjsec284.ZIP", decompressedFolder = "C:\Users\cofc_\AppData\Local\Temp\tmp1B9E.tmp", message = "rjsec284")~~RJStevensMusicPresentationCreator.Program~0000001355
2024-12-18 21:57:24.0161~DEBUG~-> DownloadFile(url = "https://faas-nyc1-2ef2e6cc.doserverless.co/api/v1/web/fn-dd7f8f6a-d32a-4f5e-ae7b-870dfb7963f3/downloads/bundle?id=000000000000293", filename = "C:\Users\cofc_\AppData\Local\Temp\tmp1CE7.tmp\rjsec286.ZIP", message = "rjsec286")~~RJStevensMusicPresentationCreator.Program~0000001356
2024-12-18 21:57:24.6472~DEBUG~download completed~~RJStevensMusicPresentationCreator.Program~0000001357
2024-12-18 21:57:24.6472~DEBUG~<- DownloadFile(url = "https://faas-nyc1-2ef2e6cc.doserverless.co/api/v1/web/fn-dd7f8f6a-d32a-4f5e-ae7b-870dfb7963f3/downloads/bundle?id=000000000000293", filename = "C:\Users\cofc_\AppData\Local\Temp\tmp1CE7.tmp\rjsec286.ZIP", message = "rjsec286")~~RJStevensMusicPresentationCreator.Program~0000001358
2024-12-18 21:57:24.6602~DEBUG~-> ExtractAllFromFile(zipFileName = "C:\Users\cofc_\AppData\Local\Temp\tmp1CE7.tmp\rjsec286.ZIP", decompressedFolder = "C:\Users\cofc_\AppData\Local\Temp\tmp1F69.tmp", message = "rjsec286")~~RJStevensMusicPresentationCreator.Program~0000001359
2024-12-18 21:57:24.8571~DEBUG~extract completed~~RJStevensMusicPresentationCreator.Program~0000001360
2024-12-18 21:57:24.8571~DEBUG~<- ExtractAllFromFile(zipFileName = "C:\Users\cofc_\AppData\Local\Temp\tmp1CE7.tmp\rjsec286.ZIP", decompressedFolder = "C:\Users\cofc_\AppData\Local\Temp\tmp1F69.tmp", message = "rjsec286")~~RJStevensMusicPresentationCreator.Program~0000001361
2024-12-18 21:57:24.9041~DEBUG~-> DownloadFile(url = "https://faas-nyc1-2ef2e6cc.doserverless.co/api/v1/web/fn-dd7f8f6a-d32a-4f5e-ae7b-870dfb7963f3/downloads/bundle?id=000000000000294", filename = "C:\Users\cofc_\AppData\Local\Temp\tmp2064.tmp\rjsec287.ZIP", message = "rjsec287")~~RJStevensMusicPresentationCreator.Program~0000001362
2024-12-18 21:57:25.3749~DEBUG~download completed~~RJStevensMusicPresentationCreator.Program~0000001363
2024-12-18 21:57:25.3749~DEBUG~<- DownloadFile(url = "https://faas-nyc1-2ef2e6cc.doserverless.co/api/v1/web/fn-dd7f8f6a-d32a-4f5e-ae7b-870dfb7963f3/downloads/bundle?id=000000000000294", filename = "C:\Users\cofc_\AppData\Local\Temp\tmp2064.tmp\rjsec287.ZIP", message = "rjsec287")~~RJStevensMusicPresentationCreator.Program~0000001364
2024-12-18 21:57:25.3919~DEBUG~-> ExtractAllFromFile(zipFileName = "C:\Users\cofc_\AppData\Local\Temp\tmp2064.tmp\rjsec287.ZIP", decompressedFolder = "C:\Users\cofc_\AppData\Local\Temp\tmp2249.tmp", message = "rjsec287")~~RJStevensMusicPresentationCreator.Program~0000001365
2024-12-18 21:57:25.6020~DEBUG~extract completed~~RJStevensMusicPresentationCreator.Program~0000001366
2024-12-18 21:57:25.6050~DEBUG~<- ExtractAllFromFile(zipFileName = "C:\Users\cofc_\AppData\Local\Temp\tmp2064.tmp\rjsec287.ZIP", decompressedFolder = "C:\Users\cofc_\AppData\Local\Temp\tmp2249.tmp", message = "rjsec287")~~RJStevensMusicPresentationCreator.Program~0000001367
2024-12-18 21:57:25.6600~DEBUG~-> DownloadFile(url = "https://faas-nyc1-2ef2e6cc.doserverless.co/api/v1/web/fn-dd7f8f6a-d32a-4f5e-ae7b-870dfb7963f3/downloads/bundle?id=000000000000295", filename = "C:\Users\cofc_\AppData\Local\Temp\tmp2354.tmp\rjsec288.ZIP", message = "rjsec288")~~RJStevensMusicPresentationCreator.Program~0000001368
2024-12-18 21:57:26.0790~DEBUG~download completed~~RJStevensMusicPresentationCreator.Program~0000001369
2024-12-18 21:57:26.0790~DEBUG~<- DownloadFile(url = "https://faas-nyc1-2ef2e6cc.doserverless.co/api/v1/web/fn-dd7f8f6a-d32a-4f5e-ae7b-870dfb7963f3/downloads/bundle?id=000000000000295", filename = "C:\Users\cofc_\AppData\Local\Temp\tmp2354.tmp\rjsec288.ZIP", message = "rjsec288")~~RJStevensMusicPresentationCreator.Program~0000001370
2024-12-18 21:57:26.0940~DEBUG~-> ExtractAllFromFile(zipFileName = "C:\Users\cofc_\AppData\Local\Temp\tmp2354.tmp\rjsec288.ZIP", decompressedFolder = "C:\Users\cofc_\AppData\Local\Temp\tmp250A.tmp", message = "rjsec288")~~RJStevensMusicPresentationCreator.Program~0000001371
2024-12-18 21:57:26.2795~DEBUG~extract completed~~RJStevensMusicPresentationCreator.Program~0000001372
2024-12-18 21:57:26.2795~DEBUG~<- ExtractAllFromFile(zipFileName = "C:\Users\cofc_\AppData\Local\Temp\tmp2354.tmp\rjsec288.ZIP", decompressedFolder = "C:\Users\cofc_\AppData\Local\Temp\tmp250A.tmp", message = "rjsec288")~~RJStevensMusicPresentationCreator.Program~0000001373
2024-12-18 21:57:26.3325~DEBUG~-> DownloadFile(url = "https://faas-nyc1-2ef2e6cc.doserverless.co/api/v1/web/fn-dd7f8f6a-d32a-4f5e-ae7b-870dfb7963f3/downloads/bundle?id=000000000000296", filename = "C:\Users\cofc_\AppData\Local\Temp\tmp25F6.tmp\rjsec289.ZIP", message = "rjsec289")~~RJStevensMusicPresentationCreator.Program~0000001374
2024-12-18 21:57:26.7860~DEBUG~download completed~~RJStevensMusicPresentationCreator.Program~0000001375
2024-12-18 21:57:26.7860~DEBUG~<- DownloadFile(url = "https://faas-nyc1-2ef2e6cc.doserverless.co/api/v1/web/fn-dd7f8f6a-d32a-4f5e-ae7b-870dfb7963f3/downloads/bundle?id=000000000000296", filename = "C:\Users\cofc_\AppData\Local\Temp\tmp25F6.tmp\rjsec289.ZIP", message = "rjsec289")~~RJStevensMusicPresentationCreator.Program~0000001376
2024-12-18 21:57:26.8060~DEBUG~-> ExtractAllFromFile(zipFileName = "C:\Users\cofc_\AppData\Local\Temp\tmp25F6.tmp\rjsec289.ZIP", decompressedFolder = "C:\Users\cofc_\AppData\Local\Temp\tmp27CB.tmp", message = "rjsec289")~~RJStevensMusicPresentationCreator.Program~0000001377
2024-12-18 21:57:27.0730~DEBUG~extract completed~~RJStevensMusicPresentationCreator.Program~0000001378
2024-12-18 21:57:27.0730~DEBUG~<- ExtractAllFromFile(zipFileName = "C:\Users\cofc_\AppData\Local\Temp\tmp25F6.tmp\rjsec289.ZIP", decompressedFolder = "C:\Users\cofc_\AppData\Local\Temp\tmp27CB.tmp", message = "rjsec289")~~RJStevensMusicPresentationCreator.Program~0000001379
2024-12-18 21:57:27.1460~DEBUG~-> DownloadFile(url = "https://faas-nyc1-2ef2e6cc.doserverless.co/api/v1/web/fn-dd7f8f6a-d32a-4f5e-ae7b-870dfb7963f3/downloads/bundle?id=000000000000297", filename = "C:\Users\cofc_\AppData\Local\Temp\tmp2924.tmp\rjsec290.ZIP", message = "rjsec290")~~RJStevensMusicPresentationCreator.Program~0000001380
2024-12-18 21:57:27.6410~DEBUG~download completed~~RJStevensMusicPresentationCreator.Program~0000001381
2024-12-18 21:57:27.6410~DEBUG~<- DownloadFile(url = "https://faas-nyc1-2ef2e6cc.doserverless.co/api/v1/web/fn-dd7f8f6a-d32a-4f5e-ae7b-870dfb7963f3/downloads/bundle?id=000000000000297", filename = "C:\Users\cofc_\AppData\Local\Temp\tmp2924.tmp\rjsec290.ZIP", message = "rjsec290")~~RJStevensMusicPresentationCreator.Program~0000001382
2024-12-18 21:57:27.6590~DEBUG~-> ExtractAllFromFile(zipFileName = "C:\Users\cofc_\AppData\Local\Temp\tmp2924.tmp\rjsec290.ZIP", decompressedFolder = "C:\Users\cofc_\AppData\Local\Temp\tmp2B29.tmp", message = "rjsec290")~~RJStevensMusicPresentationCreator.Program~0000001383
2024-12-18 21:57:27.8919~DEBUG~extract completed~~RJStevensMusicPresentationCreator.Program~0000001384
2024-12-18 21:57:27.8919~DEBUG~<- ExtractAllFromFile(zipFileName = "C:\Users\cofc_\AppData\Local\Temp\tmp2924.tmp\rjsec290.ZIP", decompressedFolder = "C:\Users\cofc_\AppData\Local\Temp\tmp2B29.tmp", message = "rjsec290")~~RJStevensMusicPresentationCreator.Program~0000001385
2024-12-18 21:57:27.9589~DEBUG~-> DownloadFile(url = "https://faas-nyc1-2ef2e6cc.doserverless.co/api/v1/web/fn-dd7f8f6a-d32a-4f5e-ae7b-870dfb7963f3/downloads/bundle?id=000000000000299", filename = "C:\Users\cofc_\AppData\Local\Temp\tmp2C53.tmp\rjsec292.ZIP", message = "rjsec292")~~RJStevensMusicPresentationCreator.Program~0000001386
2024-12-18 21:57:28.4530~DEBUG~download completed~~RJStevensMusicPresentationCreator.Program~0000001387
2024-12-18 21:57:28.4530~DEBUG~<- DownloadFile(url = "https://faas-nyc1-2ef2e6cc.doserverless.co/api/v1/web/fn-dd7f8f6a-d32a-4f5e-ae7b-870dfb7963f3/downloads/bundle?id=000000000000299", filename = "C:\Users\cofc_\AppData\Local\Temp\tmp2C53.tmp\rjsec292.ZIP", message = "rjsec292")~~RJStevensMusicPresentationCreator.Program~0000001388
2024-12-18 21:57:28.4710~DEBUG~-> ExtractAllFromFile(zipFileName = "C:\Users\cofc_\AppData\Local\Temp\tmp2C53.tmp\rjsec292.ZIP", decompressedFolder = "C:\Users\cofc_\AppData\Local\Temp\tmp2E57.tmp", message = "rjsec292")~~RJStevensMusicPresentationCreator.Program~0000001389
2024-12-18 21:57:28.7278~DEBUG~extract completed~~RJStevensMusicPresentationCreator.Program~0000001390
2024-12-18 21:57:28.7318~DEBUG~<- ExtractAllFromFile(zipFileName = "C:\Users\cofc_\AppData\Local\Temp\tmp2C53.tmp\rjsec292.ZIP", decompressedFolder = "C:\Users\cofc_\AppData\Local\Temp\tmp2E57.tmp", message = "rjsec292")~~RJStevensMusicPresentationCreator.Program~0000001391
2024-12-18 21:57:28.8008~DEBUG~-> DownloadFile(url = "https://faas-nyc1-2ef2e6cc.doserverless.co/api/v1/web/fn-dd7f8f6a-d32a-4f5e-ae7b-870dfb7963f3/downloads/bundle?id=000000000000300", filename = "C:\Users\cofc_\AppData\Local\Temp\tmp2FA0.tmp\rjsec293.ZIP", message = "rjsec293")~~RJStevensMusicPresentationCreator.Program~0000001392
2024-12-18 21:57:29.2448~DEBUG~download completed~~RJStevensMusicPresentationCreator.Program~0000001393
2024-12-18 21:57:29.2448~DEBUG~<- DownloadFile(url = "https://faas-nyc1-2ef2e6cc.doserverless.co/api/v1/web/fn-dd7f8f6a-d32a-4f5e-ae7b-870dfb7963f3/downloads/bundle?id=000000000000300", filename = "C:\Users\cofc_\AppData\Local\Temp\tmp2FA0.tmp\rjsec293.ZIP", message = "rjsec293")~~RJStevensMusicPresentationCreator.Program~0000001394
2024-12-18 21:57:29.2608~DEBUG~-> ExtractAllFromFile(zipFileName = "C:\Users\cofc_\AppData\Local\Temp\tmp2FA0.tmp\rjsec293.ZIP", decompressedFolder = "C:\Users\cofc_\AppData\Local\Temp\tmp3176.tmp", message = "rjsec293")~~RJStevensMusicPresentationCreator.Program~0000001395
2024-12-18 21:57:29.4857~DEBUG~extract completed~~RJStevensMusicPresentationCreator.Program~0000001396
2024-12-18 21:57:29.4857~DEBUG~<- ExtractAllFromFile(zipFileName = "C:\Users\cofc_\AppData\Local\Temp\tmp2FA0.tmp\rjsec293.ZIP", decompressedFolder = "C:\Users\cofc_\AppData\Local\Temp\tmp3176.tmp", message = "rjsec293")~~RJStevensMusicPresentationCreator.Program~0000001397
2024-12-18 21:57:29.5597~DEBUG~-> DownloadFile(url = "https://faas-nyc1-2ef2e6cc.doserverless.co/api/v1/web/fn-dd7f8f6a-d32a-4f5e-ae7b-870dfb7963f3/downloads/bundle?id=000000000000301", filename = "C:\Users\cofc_\AppData\Local\Temp\tmp32A0.tmp\rjsec294.ZIP", message = "rjsec294")~~RJStevensMusicPresentationCreator.Program~0000001398
2024-12-18 21:57:31.4575~DEBUG~download completed~~RJStevensMusicPresentationCreator.Program~0000001399
2024-12-18 21:57:31.4575~DEBUG~<- DownloadFile(url = "https://faas-nyc1-2ef2e6cc.doserverless.co/api/v1/web/fn-dd7f8f6a-d32a-4f5e-ae7b-870dfb7963f3/downloads/bundle?id=000000000000301", filename = "C:\Users\cofc_\AppData\Local\Temp\tmp32A0.tmp\rjsec294.ZIP", message = "rjsec294")~~RJStevensMusicPresentationCreator.Program~0000001400
2024-12-18 21:57:31.4725~DEBUG~-> ExtractAllFromFile(zipFileName = "C:\Users\cofc_\AppData\Local\Temp\tmp32A0.tmp\rjsec294.ZIP", decompressedFolder = "C:\Users\cofc_\AppData\Local\Temp\tmp3A13.tmp", message = "rjsec294")~~RJStevensMusicPresentationCreator.Program~0000001401
2024-12-18 21:57:31.7264~DEBUG~extract completed~~RJStevensMusicPresentationCreator.Program~0000001402
2024-12-18 21:57:31.7294~DEBUG~<- ExtractAllFromFile(zipFileName = "C:\Users\cofc_\AppData\Local\Temp\tmp32A0.tmp\rjsec294.ZIP", decompressedFolder = "C:\Users\cofc_\AppData\Local\Temp\tmp3A13.tmp", message = "rjsec294")~~RJStevensMusicPresentationCreator.Program~0000001403
2024-12-18 21:57:31.7894~DEBUG~-> DownloadFile(url = "https://faas-nyc1-2ef2e6cc.doserverless.co/api/v1/web/fn-dd7f8f6a-d32a-4f5e-ae7b-870dfb7963f3/downloads/bundle?id=000000000000302", filename = "C:\Users\cofc_\AppData\Local\Temp\tmp3B4D.tmp\rjsec295.ZIP", message = "rjsec295")~~RJStevensMusicPresentationCreator.Program~0000001404
2024-12-18 21:57:32.3764~DEBUG~download completed~~RJStevensMusicPresentationCreator.Program~0000001405
2024-12-18 21:57:32.3764~DEBUG~<- DownloadFile(url = "https://faas-nyc1-2ef2e6cc.doserverless.co/api/v1/web/fn-dd7f8f6a-d32a-4f5e-ae7b-870dfb7963f3/downloads/bundle?id=000000000000302", filename = "C:\Users\cofc_\AppData\Local\Temp\tmp3B4D.tmp\rjsec295.ZIP", message = "rjsec295")~~RJStevensMusicPresentationCreator.Program~0000001406
2024-12-18 21:57:32.3954~DEBUG~-> ExtractAllFromFile(zipFileName = "C:\Users\cofc_\AppData\Local\Temp\tmp3B4D.tmp\rjsec295.ZIP", decompressedFolder = "C:\Users\cofc_\AppData\Local\Temp\tmp3DAF.tmp", message = "rjsec295")~~RJStevensMusicPresentationCreator.Program~0000001407
2024-12-18 21:57:32.6524~DEBUG~extract completed~~RJStevensMusicPresentationCreator.Program~0000001408
2024-12-18 21:57:32.6524~DEBUG~<- ExtractAllFromFile(zipFileName = "C:\Users\cofc_\AppData\Local\Temp\tmp3B4D.tmp\rjsec295.ZIP", decompressedFolder = "C:\Users\cofc_\AppData\Local\Temp\tmp3DAF.tmp", message = "rjsec295")~~RJStevensMusicPresentationCreator.Program~0000001409
2024-12-18 21:57:32.7224~DEBUG~-> DownloadFile(url = "https://faas-nyc1-2ef2e6cc.doserverless.co/api/v1/web/fn-dd7f8f6a-d32a-4f5e-ae7b-870dfb7963f3/downloads/bundle?id=000000000000303", filename = "C:\Users\cofc_\AppData\Local\Temp\tmp3EF8.tmp\rjsec296.ZIP", message = "rjsec296")~~RJStevensMusicPresentationCreator.Program~0000001410
2024-12-18 21:57:33.4785~DEBUG~download completed~~RJStevensMusicPresentationCreator.Program~0000001411
2024-12-18 21:57:33.4785~DEBUG~<- DownloadFile(url = "https://faas-nyc1-2ef2e6cc.doserverless.co/api/v1/web/fn-dd7f8f6a-d32a-4f5e-ae7b-870dfb7963f3/downloads/bundle?id=000000000000303", filename = "C:\Users\cofc_\AppData\Local\Temp\tmp3EF8.tmp\rjsec296.ZIP", message = "rjsec296")~~RJStevensMusicPresentationCreator.Program~0000001412
2024-12-18 21:57:33.4972~DEBUG~-> ExtractAllFromFile(zipFileName = "C:\Users\cofc_\AppData\Local\Temp\tmp3EF8.tmp\rjsec296.ZIP", decompressedFolder = "C:\Users\cofc_\AppData\Local\Temp\tmp4206.tmp", message = "rjsec296")~~RJStevensMusicPresentationCreator.Program~0000001413
2024-12-18 21:57:33.7473~DEBUG~extract completed~~RJStevensMusicPresentationCreator.Program~0000001414
2024-12-18 21:57:33.7473~DEBUG~<- ExtractAllFromFile(zipFileName = "C:\Users\cofc_\AppData\Local\Temp\tmp3EF8.tmp\rjsec296.ZIP", decompressedFolder = "C:\Users\cofc_\AppData\Local\Temp\tmp4206.tmp", message = "rjsec296")~~RJStevensMusicPresentationCreator.Program~0000001415
2024-12-18 21:57:33.8213~DEBUG~-> DownloadFile(url = "https://faas-nyc1-2ef2e6cc.doserverless.co/api/v1/web/fn-dd7f8f6a-d32a-4f5e-ae7b-870dfb7963f3/downloads/bundle?id=000000000000304", filename = "C:\Users\cofc_\AppData\Local\Temp\tmp4340.tmp\rjsec297.ZIP", message = "rjsec297")~~RJStevensMusicPresentationCreator.Program~0000001416
2024-12-18 21:57:34.2713~DEBUG~download completed~~RJStevensMusicPresentationCreator.Program~0000001417
2024-12-18 21:57:34.2713~DEBUG~<- DownloadFile(url = "https://faas-nyc1-2ef2e6cc.doserverless.co/api/v1/web/fn-dd7f8f6a-d32a-4f5e-ae7b-870dfb7963f3/downloads/bundle?id=000000000000304", filename = "C:\Users\cofc_\AppData\Local\Temp\tmp4340.tmp\rjsec297.ZIP", message = "rjsec297")~~RJStevensMusicPresentationCreator.Program~0000001418
2024-12-18 21:57:34.2863~DEBUG~-> ExtractAllFromFile(zipFileName = "C:\Users\cofc_\AppData\Local\Temp\tmp4340.tmp\rjsec297.ZIP", decompressedFolder = "C:\Users\cofc_\AppData\Local\Temp\tmp4516.tmp", message = "rjsec297")~~RJStevensMusicPresentationCreator.Program~0000001419
2024-12-18 21:57:34.4968~DEBUG~extract completed~~RJStevensMusicPresentationCreator.Program~0000001420
2024-12-18 21:57:34.4968~DEBUG~<- ExtractAllFromFile(zipFileName = "C:\Users\cofc_\AppData\Local\Temp\tmp4340.tmp\rjsec297.ZIP", decompressedFolder = "C:\Users\cofc_\AppData\Local\Temp\tmp4516.tmp", message = "rjsec297")~~RJStevensMusicPresentationCreator.Program~0000001421
2024-12-18 21:57:34.5608~DEBUG~-> DownloadFile(url = "https://faas-nyc1-2ef2e6cc.doserverless.co/api/v1/web/fn-dd7f8f6a-d32a-4f5e-ae7b-870dfb7963f3/downloads/bundle?id=000000000000305", filename = "C:\Users\cofc_\AppData\Local\Temp\tmp4630.tmp\rjsec298.ZIP", message = "rjsec298")~~RJStevensMusicPresentationCreator.Program~0000001422
2024-12-18 21:57:35.0137~DEBUG~download completed~~RJStevensMusicPresentationCreator.Program~0000001423
2024-12-18 21:57:35.0137~DEBUG~<- DownloadFile(url = "https://faas-nyc1-2ef2e6cc.doserverless.co/api/v1/web/fn-dd7f8f6a-d32a-4f5e-ae7b-870dfb7963f3/downloads/bundle?id=000000000000305", filename = "C:\Users\cofc_\AppData\Local\Temp\tmp4630.tmp\rjsec298.ZIP", message = "rjsec298")~~RJStevensMusicPresentationCreator.Program~0000001424
2024-12-18 21:57:35.0327~DEBUG~-> ExtractAllFromFile(zipFileName = "C:\Users\cofc_\AppData\Local\Temp\tmp4630.tmp\rjsec298.ZIP", decompressedFolder = "C:\Users\cofc_\AppData\Local\Temp\tmp4806.tmp", message = "rjsec298")~~RJStevensMusicPresentationCreator.Program~0000001425
2024-12-18 21:57:35.2617~DEBUG~extract completed~~RJStevensMusicPresentationCreator.Program~0000001426
2024-12-18 21:57:35.2617~DEBUG~<- ExtractAllFromFile(zipFileName = "C:\Users\cofc_\AppData\Local\Temp\tmp4630.tmp\rjsec298.ZIP", decompressedFolder = "C:\Users\cofc_\AppData\Local\Temp\tmp4806.tmp", message = "rjsec298")~~RJStevensMusicPresentationCreator.Program~0000001427
2024-12-18 21:57:35.3327~DEBUG~-> DownloadFile(url = "https://faas-nyc1-2ef2e6cc.doserverless.co/api/v1/web/fn-dd7f8f6a-d32a-4f5e-ae7b-870dfb7963f3/downloads/bundle?id=000000000000307", filename = "C:\Users\cofc_\AppData\Local\Temp\tmp4930.tmp\rjsec300.ZIP", message = "rjsec300")~~RJStevensMusicPresentationCreator.Program~0000001428
2024-12-18 21:57:35.7838~DEBUG~download completed~~RJStevensMusicPresentationCreator.Program~0000001429
2024-12-18 21:57:35.7838~DEBUG~<- DownloadFile(url = "https://faas-nyc1-2ef2e6cc.doserverless.co/api/v1/web/fn-dd7f8f6a-d32a-4f5e-ae7b-870dfb7963f3/downloads/bundle?id=000000000000307", filename = "C:\Users\cofc_\AppData\Local\Temp\tmp4930.tmp\rjsec300.ZIP", message = "rjsec300")~~RJStevensMusicPresentationCreator.Program~0000001430
2024-12-18 21:57:35.7968~DEBUG~-> ExtractAllFromFile(zipFileName = "C:\Users\cofc_\AppData\Local\Temp\tmp4930.tmp\rjsec300.ZIP", decompressedFolder = "C:\Users\cofc_\AppData\Local\Temp\tmp4B05.tmp", message = "rjsec300")~~RJStevensMusicPresentationCreator.Program~0000001431
2024-12-18 21:57:36.0190~DEBUG~extract completed~~RJStevensMusicPresentationCreator.Program~0000001432
2024-12-18 21:57:36.0190~DEBUG~<- ExtractAllFromFile(zipFileName = "C:\Users\cofc_\AppData\Local\Temp\tmp4930.tmp\rjsec300.ZIP", decompressedFolder = "C:\Users\cofc_\AppData\Local\Temp\tmp4B05.tmp", message = "rjsec300")~~RJStevensMusicPresentationCreator.Program~0000001433
2024-12-18 21:57:36.0810~DEBUG~-> DownloadFile(url = "https://faas-nyc1-2ef2e6cc.doserverless.co/api/v1/web/fn-dd7f8f6a-d32a-4f5e-ae7b-870dfb7963f3/downloads/bundle?id=000000000000308", filename = "C:\Users\cofc_\AppData\Local\Temp\tmp4C20.tmp\rjsec301.ZIP", message = "rjsec301")~~RJStevensMusicPresentationCreator.Program~0000001434
2024-12-18 21:57:36.5361~DEBUG~download completed~~RJStevensMusicPresentationCreator.Program~0000001435
2024-12-18 21:57:36.5361~DEBUG~<- DownloadFile(url = "https://faas-nyc1-2ef2e6cc.doserverless.co/api/v1/web/fn-dd7f8f6a-d32a-4f5e-ae7b-870dfb7963f3/downloads/bundle?id=000000000000308", filename = "C:\Users\cofc_\AppData\Local\Temp\tmp4C20.tmp\rjsec301.ZIP", message = "rjsec301")~~RJStevensMusicPresentationCreator.Program~0000001436
2024-12-18 21:57:36.5511~DEBUG~-> ExtractAllFromFile(zipFileName = "C:\Users\cofc_\AppData\Local\Temp\tmp4C20.tmp\rjsec301.ZIP", decompressedFolder = "C:\Users\cofc_\AppData\Local\Temp\tmp4DF5.tmp", message = "rjsec301")~~RJStevensMusicPresentationCreator.Program~0000001437
2024-12-18 21:57:36.7771~DEBUG~extract completed~~RJStevensMusicPresentationCreator.Program~0000001438
2024-12-18 21:57:36.7771~DEBUG~<- ExtractAllFromFile(zipFileName = "C:\Users\cofc_\AppData\Local\Temp\tmp4C20.tmp\rjsec301.ZIP", decompressedFolder = "C:\Users\cofc_\AppData\Local\Temp\tmp4DF5.tmp", message = "rjsec301")~~RJStevensMusicPresentationCreator.Program~0000001439
2024-12-18 21:57:36.8391~DEBUG~-> DownloadFile(url = "https://faas-nyc1-2ef2e6cc.doserverless.co/api/v1/web/fn-dd7f8f6a-d32a-4f5e-ae7b-870dfb7963f3/downloads/bundle?id=000000000000309", filename = "C:\Users\cofc_\AppData\Local\Temp\tmp4F1F.tmp\rjsec302.ZIP", message = "rjsec302")~~RJStevensMusicPresentationCreator.Program~0000001440
2024-12-18 21:57:37.3661~DEBUG~download completed~~RJStevensMusicPresentationCreator.Program~0000001441
2024-12-18 21:57:37.3661~DEBUG~<- DownloadFile(url = "https://faas-nyc1-2ef2e6cc.doserverless.co/api/v1/web/fn-dd7f8f6a-d32a-4f5e-ae7b-870dfb7963f3/downloads/bundle?id=000000000000309", filename = "C:\Users\cofc_\AppData\Local\Temp\tmp4F1F.tmp\rjsec302.ZIP", message = "rjsec302")~~RJStevensMusicPresentationCreator.Program~0000001442
2024-12-18 21:57:37.3831~DEBUG~-> ExtractAllFromFile(zipFileName = "C:\Users\cofc_\AppData\Local\Temp\tmp4F1F.tmp\rjsec302.ZIP", decompressedFolder = "C:\Users\cofc_\AppData\Local\Temp\tmp5133.tmp", message = "rjsec302")~~RJStevensMusicPresentationCreator.Program~0000001443
2024-12-18 21:57:37.6282~DEBUG~extract completed~~RJStevensMusicPresentationCreator.Program~0000001444
2024-12-18 21:57:37.6282~DEBUG~<- ExtractAllFromFile(zipFileName = "C:\Users\cofc_\AppData\Local\Temp\tmp4F1F.tmp\rjsec302.ZIP", decompressedFolder = "C:\Users\cofc_\AppData\Local\Temp\tmp5133.tmp", message = "rjsec302")~~RJStevensMusicPresentationCreator.Program~0000001445
2024-12-18 21:57:37.6932~DEBUG~-> DownloadFile(url = "https://faas-nyc1-2ef2e6cc.doserverless.co/api/v1/web/fn-dd7f8f6a-d32a-4f5e-ae7b-870dfb7963f3/downloads/bundle?id=000000000000310", filename = "C:\Users\cofc_\AppData\Local\Temp\tmp526D.tmp\rjsec303.ZIP", message = "rjsec303")~~RJStevensMusicPresentationCreator.Program~0000001446
2024-12-18 21:57:38.4442~DEBUG~download completed~~RJStevensMusicPresentationCreator.Program~0000001447
2024-12-18 21:57:38.4442~DEBUG~<- DownloadFile(url = "https://faas-nyc1-2ef2e6cc.doserverless.co/api/v1/web/fn-dd7f8f6a-d32a-4f5e-ae7b-870dfb7963f3/downloads/bundle?id=000000000000310", filename = "C:\Users\cofc_\AppData\Local\Temp\tmp526D.tmp\rjsec303.ZIP", message = "rjsec303")~~RJStevensMusicPresentationCreator.Program~0000001448
2024-12-18 21:57:38.4592~DEBUG~-> ExtractAllFromFile(zipFileName = "C:\Users\cofc_\AppData\Local\Temp\tmp526D.tmp\rjsec303.ZIP", decompressedFolder = "C:\Users\cofc_\AppData\Local\Temp\tmp556C.tmp", message = "rjsec303")~~RJStevensMusicPresentationCreator.Program~0000001449
2024-12-18 21:57:38.7091~DEBUG~extract completed~~RJStevensMusicPresentationCreator.Program~0000001450
2024-12-18 21:57:38.7091~DEBUG~<- ExtractAllFromFile(zipFileName = "C:\Users\cofc_\AppData\Local\Temp\tmp526D.tmp\rjsec303.ZIP", decompressedFolder = "C:\Users\cofc_\AppData\Local\Temp\tmp556C.tmp", message = "rjsec303")~~RJStevensMusicPresentationCreator.Program~0000001451
2024-12-18 21:57:38.7881~DEBUG~-> DownloadFile(url = "https://faas-nyc1-2ef2e6cc.doserverless.co/api/v1/web/fn-dd7f8f6a-d32a-4f5e-ae7b-870dfb7963f3/downloads/bundle?id=000000000000311", filename = "C:\Users\cofc_\AppData\Local\Temp\tmp56B5.tmp\rjsec304.ZIP", message = "rjsec304")~~RJStevensMusicPresentationCreator.Program~0000001452
2024-12-18 21:57:39.3132~DEBUG~download completed~~RJStevensMusicPresentationCreator.Program~0000001453
2024-12-18 21:57:39.3132~DEBUG~<- DownloadFile(url = "https://faas-nyc1-2ef2e6cc.doserverless.co/api/v1/web/fn-dd7f8f6a-d32a-4f5e-ae7b-870dfb7963f3/downloads/bundle?id=000000000000311", filename = "C:\Users\cofc_\AppData\Local\Temp\tmp56B5.tmp\rjsec304.ZIP", message = "rjsec304")~~RJStevensMusicPresentationCreator.Program~0000001454
2024-12-18 21:57:39.3302~DEBUG~-> ExtractAllFromFile(zipFileName = "C:\Users\cofc_\AppData\Local\Temp\tmp56B5.tmp\rjsec304.ZIP", decompressedFolder = "C:\Users\cofc_\AppData\Local\Temp\tmp58D9.tmp", message = "rjsec304")~~RJStevensMusicPresentationCreator.Program~0000001455
2024-12-18 21:57:39.5440~DEBUG~extract completed~~RJStevensMusicPresentationCreator.Program~0000001456
2024-12-18 21:57:39.5440~DEBUG~<- ExtractAllFromFile(zipFileName = "C:\Users\cofc_\AppData\Local\Temp\tmp56B5.tmp\rjsec304.ZIP", decompressedFolder = "C:\Users\cofc_\AppData\Local\Temp\tmp58D9.tmp", message = "rjsec304")~~RJStevensMusicPresentationCreator.Program~0000001457
2024-12-18 21:57:39.6130~DEBUG~-> DownloadFile(url = "https://faas-nyc1-2ef2e6cc.doserverless.co/api/v1/web/fn-dd7f8f6a-d32a-4f5e-ae7b-870dfb7963f3/downloads/bundle?id=000000000000312", filename = "C:\Users\cofc_\AppData\Local\Temp\tmp59F3.tmp\rjsec305.ZIP", message = "rjsec305")~~RJStevensMusicPresentationCreator.Program~0000001458
2024-12-18 21:57:40.1981~DEBUG~download completed~~RJStevensMusicPresentationCreator.Program~0000001459
2024-12-18 21:57:40.1981~DEBUG~<- DownloadFile(url = "https://faas-nyc1-2ef2e6cc.doserverless.co/api/v1/web/fn-dd7f8f6a-d32a-4f5e-ae7b-870dfb7963f3/downloads/bundle?id=000000000000312", filename = "C:\Users\cofc_\AppData\Local\Temp\tmp59F3.tmp\rjsec305.ZIP", message = "rjsec305")~~RJStevensMusicPresentationCreator.Program~0000001460
2024-12-18 21:57:40.2251~DEBUG~-> ExtractAllFromFile(zipFileName = "C:\Users\cofc_\AppData\Local\Temp\tmp59F3.tmp\rjsec305.ZIP", decompressedFolder = "C:\Users\cofc_\AppData\Local\Temp\tmp5C55.tmp", message = "rjsec305")~~RJStevensMusicPresentationCreator.Program~0000001461
2024-12-18 21:57:40.5211~DEBUG~extract completed~~RJStevensMusicPresentationCreator.Program~0000001462
2024-12-18 21:57:40.5261~DEBUG~<- ExtractAllFromFile(zipFileName = "C:\Users\cofc_\AppData\Local\Temp\tmp59F3.tmp\rjsec305.ZIP", decompressedFolder = "C:\Users\cofc_\AppData\Local\Temp\tmp5C55.tmp", message = "rjsec305")~~RJStevensMusicPresentationCreator.Program~0000001463
2024-12-18 21:57:40.6061~DEBUG~-> DownloadFile(url = "https://faas-nyc1-2ef2e6cc.doserverless.co/api/v1/web/fn-dd7f8f6a-d32a-4f5e-ae7b-870dfb7963f3/downloads/bundle?id=000000000000313", filename = "C:\Users\cofc_\AppData\Local\Temp\tmp5DDD.tmp\rjsec306.ZIP", message = "rjsec306")~~RJStevensMusicPresentationCreator.Program~0000001464
2024-12-18 21:57:41.0562~DEBUG~download completed~~RJStevensMusicPresentationCreator.Program~0000001465
2024-12-18 21:57:41.0562~DEBUG~<- DownloadFile(url = "https://faas-nyc1-2ef2e6cc.doserverless.co/api/v1/web/fn-dd7f8f6a-d32a-4f5e-ae7b-870dfb7963f3/downloads/bundle?id=000000000000313", filename = "C:\Users\cofc_\AppData\Local\Temp\tmp5DDD.tmp\rjsec306.ZIP", message = "rjsec306")~~RJStevensMusicPresentationCreator.Program~0000001466
2024-12-18 21:57:41.0722~DEBUG~-> ExtractAllFromFile(zipFileName = "C:\Users\cofc_\AppData\Local\Temp\tmp5DDD.tmp\rjsec306.ZIP", decompressedFolder = "C:\Users\cofc_\AppData\Local\Temp\tmp5FB3.tmp", message = "rjsec306")~~RJStevensMusicPresentationCreator.Program~0000001467
2024-12-18 21:57:41.2400~DEBUG~extract completed~~RJStevensMusicPresentationCreator.Program~0000001468
2024-12-18 21:57:41.2450~DEBUG~<- ExtractAllFromFile(zipFileName = "C:\Users\cofc_\AppData\Local\Temp\tmp5DDD.tmp\rjsec306.ZIP", decompressedFolder = "C:\Users\cofc_\AppData\Local\Temp\tmp5FB3.tmp", message = "rjsec306")~~RJStevensMusicPresentationCreator.Program~0000001469
2024-12-18 21:57:41.2910~DEBUG~-> DownloadFile(url = "https://faas-nyc1-2ef2e6cc.doserverless.co/api/v1/web/fn-dd7f8f6a-d32a-4f5e-ae7b-870dfb7963f3/downloads/bundle?id=000000000000314", filename = "C:\Users\cofc_\AppData\Local\Temp\tmp607F.tmp\rjsec307.ZIP", message = "rjsec307")~~RJStevensMusicPresentationCreator.Program~0000001470
2024-12-18 21:57:42.0450~DEBUG~download completed~~RJStevensMusicPresentationCreator.Program~0000001471
2024-12-18 21:57:42.0450~DEBUG~<- DownloadFile(url = "https://faas-nyc1-2ef2e6cc.doserverless.co/api/v1/web/fn-dd7f8f6a-d32a-4f5e-ae7b-870dfb7963f3/downloads/bundle?id=000000000000314", filename = "C:\Users\cofc_\AppData\Local\Temp\tmp607F.tmp\rjsec307.ZIP", message = "rjsec307")~~RJStevensMusicPresentationCreator.Program~0000001472
2024-12-18 21:57:42.0630~DEBUG~-> ExtractAllFromFile(zipFileName = "C:\Users\cofc_\AppData\Local\Temp\tmp607F.tmp\rjsec307.ZIP", decompressedFolder = "C:\Users\cofc_\AppData\Local\Temp\tmp638D.tmp", message = "rjsec307")~~RJStevensMusicPresentationCreator.Program~0000001473
2024-12-18 21:57:42.3669~DEBUG~extract completed~~RJStevensMusicPresentationCreator.Program~0000001474
2024-12-18 21:57:42.3689~DEBUG~<- ExtractAllFromFile(zipFileName = "C:\Users\cofc_\AppData\Local\Temp\tmp607F.tmp\rjsec307.ZIP", decompressedFolder = "C:\Users\cofc_\AppData\Local\Temp\tmp638D.tmp", message = "rjsec307")~~RJStevensMusicPresentationCreator.Program~0000001475
2024-12-18 21:57:42.4410~DEBUG~-> DownloadFile(url = "https://faas-nyc1-2ef2e6cc.doserverless.co/api/v1/web/fn-dd7f8f6a-d32a-4f5e-ae7b-870dfb7963f3/downloads/bundle?id=000000000000316", filename = "C:\Users\cofc_\AppData\Local\Temp\tmp6505.tmp\rjsec309.ZIP", message = "rjsec309")~~RJStevensMusicPresentationCreator.Program~0000001476
2024-12-18 21:57:42.9512~DEBUG~download completed~~RJStevensMusicPresentationCreator.Program~0000001477
2024-12-18 21:57:42.9512~DEBUG~<- DownloadFile(url = "https://faas-nyc1-2ef2e6cc.doserverless.co/api/v1/web/fn-dd7f8f6a-d32a-4f5e-ae7b-870dfb7963f3/downloads/bundle?id=000000000000316", filename = "C:\Users\cofc_\AppData\Local\Temp\tmp6505.tmp\rjsec309.ZIP", message = "rjsec309")~~RJStevensMusicPresentationCreator.Program~0000001478
2024-12-18 21:57:42.9672~DEBUG~-> ExtractAllFromFile(zipFileName = "C:\Users\cofc_\AppData\Local\Temp\tmp6505.tmp\rjsec309.ZIP", decompressedFolder = "C:\Users\cofc_\AppData\Local\Temp\tmp6719.tmp", message = "rjsec309")~~RJStevensMusicPresentationCreator.Program~0000001479
2024-12-18 21:57:43.2672~DEBUG~extract completed~~RJStevensMusicPresentationCreator.Program~0000001480
2024-12-18 21:57:43.2672~DEBUG~<- ExtractAllFromFile(zipFileName = "C:\Users\cofc_\AppData\Local\Temp\tmp6505.tmp\rjsec309.ZIP", decompressedFolder = "C:\Users\cofc_\AppData\Local\Temp\tmp6719.tmp", message = "rjsec309")~~RJStevensMusicPresentationCreator.Program~0000001481
2024-12-18 21:57:43.3472~DEBUG~-> DownloadFile(url = "https://faas-nyc1-2ef2e6cc.doserverless.co/api/v1/web/fn-dd7f8f6a-d32a-4f5e-ae7b-870dfb7963f3/downloads/bundle?id=000000000000317", filename = "C:\Users\cofc_\AppData\Local\Temp\tmp6891.tmp\rjsec310.ZIP", message = "rjsec310")~~RJStevensMusicPresentationCreator.Program~0000001482
2024-12-18 21:57:43.8670~DEBUG~download completed~~RJStevensMusicPresentationCreator.Program~0000001483
2024-12-18 21:57:43.8670~DEBUG~<- DownloadFile(url = "https://faas-nyc1-2ef2e6cc.doserverless.co/api/v1/web/fn-dd7f8f6a-d32a-4f5e-ae7b-870dfb7963f3/downloads/bundle?id=000000000000317", filename = "C:\Users\cofc_\AppData\Local\Temp\tmp6891.tmp\rjsec310.ZIP", message = "rjsec310")~~RJStevensMusicPresentationCreator.Program~0000001484
2024-12-18 21:57:43.8870~DEBUG~-> ExtractAllFromFile(zipFileName = "C:\Users\cofc_\AppData\Local\Temp\tmp6891.tmp\rjsec310.ZIP", decompressedFolder = "C:\Users\cofc_\AppData\Local\Temp\tmp6AB5.tmp", message = "rjsec310")~~RJStevensMusicPresentationCreator.Program~0000001485
2024-12-18 21:57:44.1470~DEBUG~extract completed~~RJStevensMusicPresentationCreator.Program~0000001486
2024-12-18 21:57:44.1500~DEBUG~<- ExtractAllFromFile(zipFileName = "C:\Users\cofc_\AppData\Local\Temp\tmp6891.tmp\rjsec310.ZIP", decompressedFolder = "C:\Users\cofc_\AppData\Local\Temp\tmp6AB5.tmp", message = "rjsec310")~~RJStevensMusicPresentationCreator.Program~0000001487
2024-12-18 21:57:44.2180~DEBUG~-> DownloadFile(url = "https://faas-nyc1-2ef2e6cc.doserverless.co/api/v1/web/fn-dd7f8f6a-d32a-4f5e-ae7b-870dfb7963f3/downloads/bundle?id=000000000000318", filename = "C:\Users\cofc_\AppData\Local\Temp\tmp6BFE.tmp\rjsec311.ZIP", message = "rjsec311")~~RJStevensMusicPresentationCreator.Program~0000001488
2024-12-18 21:57:44.6761~DEBUG~download completed~~RJStevensMusicPresentationCreator.Program~0000001489
2024-12-18 21:57:44.6761~DEBUG~<- DownloadFile(url = "https://faas-nyc1-2ef2e6cc.doserverless.co/api/v1/web/fn-dd7f8f6a-d32a-4f5e-ae7b-870dfb7963f3/downloads/bundle?id=000000000000318", filename = "C:\Users\cofc_\AppData\Local\Temp\tmp6BFE.tmp\rjsec311.ZIP", message = "rjsec311")~~RJStevensMusicPresentationCreator.Program~0000001490
2024-12-18 21:57:44.6931~DEBUG~-> ExtractAllFromFile(zipFileName = "C:\Users\cofc_\AppData\Local\Temp\tmp6BFE.tmp\rjsec311.ZIP", decompressedFolder = "C:\Users\cofc_\AppData\Local\Temp\tmp6DD4.tmp", message = "rjsec311")~~RJStevensMusicPresentationCreator.Program~0000001491
2024-12-18 21:57:44.9361~DEBUG~extract completed~~RJStevensMusicPresentationCreator.Program~0000001492
2024-12-18 21:57:44.9361~DEBUG~<- ExtractAllFromFile(zipFileName = "C:\Users\cofc_\AppData\Local\Temp\tmp6BFE.tmp\rjsec311.ZIP", decompressedFolder = "C:\Users\cofc_\AppData\Local\Temp\tmp6DD4.tmp", message = "rjsec311")~~RJStevensMusicPresentationCreator.Program~0000001493
2024-12-18 21:57:45.0051~DEBUG~-> DownloadFile(url = "https://faas-nyc1-2ef2e6cc.doserverless.co/api/v1/web/fn-dd7f8f6a-d32a-4f5e-ae7b-870dfb7963f3/downloads/bundle?id=000000000000319", filename = "C:\Users\cofc_\AppData\Local\Temp\tmp6F0D.tmp\rjsec312.ZIP", message = "rjsec312")~~RJStevensMusicPresentationCreator.Program~0000001494
2024-12-18 21:57:45.4431~DEBUG~download completed~~RJStevensMusicPresentationCreator.Program~0000001495
2024-12-18 21:57:45.4431~DEBUG~<- DownloadFile(url = "https://faas-nyc1-2ef2e6cc.doserverless.co/api/v1/web/fn-dd7f8f6a-d32a-4f5e-ae7b-870dfb7963f3/downloads/bundle?id=000000000000319", filename = "C:\Users\cofc_\AppData\Local\Temp\tmp6F0D.tmp\rjsec312.ZIP", message = "rjsec312")~~RJStevensMusicPresentationCreator.Program~0000001496
2024-12-18 21:57:45.4581~DEBUG~-> ExtractAllFromFile(zipFileName = "C:\Users\cofc_\AppData\Local\Temp\tmp6F0D.tmp\rjsec312.ZIP", decompressedFolder = "C:\Users\cofc_\AppData\Local\Temp\tmp70D4.tmp", message = "rjsec312")~~RJStevensMusicPresentationCreator.Program~0000001497
2024-12-18 21:57:45.6746~DEBUG~extract completed~~RJStevensMusicPresentationCreator.Program~0000001498
2024-12-18 21:57:45.6746~DEBUG~<- ExtractAllFromFile(zipFileName = "C:\Users\cofc_\AppData\Local\Temp\tmp6F0D.tmp\rjsec312.ZIP", decompressedFolder = "C:\Users\cofc_\AppData\Local\Temp\tmp70D4.tmp", message = "rjsec312")~~RJStevensMusicPresentationCreator.Program~0000001499
2024-12-18 21:57:45.7386~DEBUG~-> DownloadFile(url = "https://faas-nyc1-2ef2e6cc.doserverless.co/api/v1/web/fn-dd7f8f6a-d32a-4f5e-ae7b-870dfb7963f3/downloads/bundle?id=000000000000320", filename = "C:\Users\cofc_\AppData\Local\Temp\tmp71EE.tmp\rjsec313.ZIP", message = "rjsec313")~~RJStevensMusicPresentationCreator.Program~0000001500
2024-12-18 21:57:46.2186~DEBUG~download completed~~RJStevensMusicPresentationCreator.Program~0000001501
2024-12-18 21:57:46.2186~DEBUG~<- DownloadFile(url = "https://faas-nyc1-2ef2e6cc.doserverless.co/api/v1/web/fn-dd7f8f6a-d32a-4f5e-ae7b-870dfb7963f3/downloads/bundle?id=000000000000320", filename = "C:\Users\cofc_\AppData\Local\Temp\tmp71EE.tmp\rjsec313.ZIP", message = "rjsec313")~~RJStevensMusicPresentationCreator.Program~0000001502
2024-12-18 21:57:46.2316~DEBUG~-> ExtractAllFromFile(zipFileName = "C:\Users\cofc_\AppData\Local\Temp\tmp71EE.tmp\rjsec313.ZIP", decompressedFolder = "C:\Users\cofc_\AppData\Local\Temp\tmp73E3.tmp", message = "rjsec313")~~RJStevensMusicPresentationCreator.Program~0000001503
2024-12-18 21:57:46.5073~DEBUG~extract completed~~RJStevensMusicPresentationCreator.Program~0000001504
2024-12-18 21:57:46.5113~DEBUG~<- ExtractAllFromFile(zipFileName = "C:\Users\cofc_\AppData\Local\Temp\tmp71EE.tmp\rjsec313.ZIP", decompressedFolder = "C:\Users\cofc_\AppData\Local\Temp\tmp73E3.tmp", message = "rjsec313")~~RJStevensMusicPresentationCreator.Program~0000001505
2024-12-18 21:57:46.5833~DEBUG~-> DownloadFile(url = "https://faas-nyc1-2ef2e6cc.doserverless.co/api/v1/web/fn-dd7f8f6a-d32a-4f5e-ae7b-870dfb7963f3/downloads/bundle?id=000000000000321", filename = "C:\Users\cofc_\AppData\Local\Temp\tmp753C.tmp\rjsec314.ZIP", message = "rjsec314")~~RJStevensMusicPresentationCreator.Program~0000001506
2024-12-18 21:57:47.0344~DEBUG~download completed~~RJStevensMusicPresentationCreator.Program~0000001507
2024-12-18 21:57:47.0344~DEBUG~<- DownloadFile(url = "https://faas-nyc1-2ef2e6cc.doserverless.co/api/v1/web/fn-dd7f8f6a-d32a-4f5e-ae7b-870dfb7963f3/downloads/bundle?id=000000000000321", filename = "C:\Users\cofc_\AppData\Local\Temp\tmp753C.tmp\rjsec314.ZIP", message = "rjsec314")~~RJStevensMusicPresentationCreator.Program~0000001508
2024-12-18 21:57:47.0484~DEBUG~-> ExtractAllFromFile(zipFileName = "C:\Users\cofc_\AppData\Local\Temp\tmp753C.tmp\rjsec314.ZIP", decompressedFolder = "C:\Users\cofc_\AppData\Local\Temp\tmp7711.tmp", message = "rjsec314")~~RJStevensMusicPresentationCreator.Program~0000001509
2024-12-18 21:57:47.2869~DEBUG~extract completed~~RJStevensMusicPresentationCreator.Program~0000001510
2024-12-18 21:57:47.2909~DEBUG~<- ExtractAllFromFile(zipFileName = "C:\Users\cofc_\AppData\Local\Temp\tmp753C.tmp\rjsec314.ZIP", decompressedFolder = "C:\Users\cofc_\AppData\Local\Temp\tmp7711.tmp", message = "rjsec314")~~RJStevensMusicPresentationCreator.Program~0000001511
2024-12-18 21:57:47.3609~DEBUG~-> DownloadFile(url = "https://faas-nyc1-2ef2e6cc.doserverless.co/api/v1/web/fn-dd7f8f6a-d32a-4f5e-ae7b-870dfb7963f3/downloads/bundle?id=000000000000322", filename = "C:\Users\cofc_\AppData\Local\Temp\tmp784B.tmp\rjsec315.ZIP", message = "rjsec315")~~RJStevensMusicPresentationCreator.Program~0000001512
2024-12-18 21:57:47.7890~DEBUG~download completed~~RJStevensMusicPresentationCreator.Program~0000001513
2024-12-18 21:57:47.7890~DEBUG~<- DownloadFile(url = "https://faas-nyc1-2ef2e6cc.doserverless.co/api/v1/web/fn-dd7f8f6a-d32a-4f5e-ae7b-870dfb7963f3/downloads/bundle?id=000000000000322", filename = "C:\Users\cofc_\AppData\Local\Temp\tmp784B.tmp\rjsec315.ZIP", message = "rjsec315")~~RJStevensMusicPresentationCreator.Program~0000001514
2024-12-18 21:57:47.8030~DEBUG~-> ExtractAllFromFile(zipFileName = "C:\Users\cofc_\AppData\Local\Temp\tmp784B.tmp\rjsec315.ZIP", decompressedFolder = "C:\Users\cofc_\AppData\Local\Temp\tmp7A01.tmp", message = "rjsec315")~~RJStevensMusicPresentationCreator.Program~0000001515
2024-12-18 21:57:48.0255~DEBUG~extract completed~~RJStevensMusicPresentationCreator.Program~0000001516
2024-12-18 21:57:48.0255~DEBUG~<- ExtractAllFromFile(zipFileName = "C:\Users\cofc_\AppData\Local\Temp\tmp784B.tmp\rjsec315.ZIP", decompressedFolder = "C:\Users\cofc_\AppData\Local\Temp\tmp7A01.tmp", message = "rjsec315")~~RJStevensMusicPresentationCreator.Program~0000001517
2024-12-18 21:57:48.0945~DEBUG~-> DownloadFile(url = "https://faas-nyc1-2ef2e6cc.doserverless.co/api/v1/web/fn-dd7f8f6a-d32a-4f5e-ae7b-870dfb7963f3/downloads/bundle?id=000000000000323", filename = "C:\Users\cofc_\AppData\Local\Temp\tmp7B2B.tmp\rjsec316.ZIP", message = "rjsec316")~~RJStevensMusicPresentationCreator.Program~0000001518
2024-12-18 21:57:48.5766~DEBUG~download completed~~RJStevensMusicPresentationCreator.Program~0000001519
2024-12-18 21:57:48.5766~DEBUG~<- DownloadFile(url = "https://faas-nyc1-2ef2e6cc.doserverless.co/api/v1/web/fn-dd7f8f6a-d32a-4f5e-ae7b-870dfb7963f3/downloads/bundle?id=000000000000323", filename = "C:\Users\cofc_\AppData\Local\Temp\tmp7B2B.tmp\rjsec316.ZIP", message = "rjsec316")~~RJStevensMusicPresentationCreator.Program~0000001520
2024-12-18 21:57:48.5896~DEBUG~-> ExtractAllFromFile(zipFileName = "C:\Users\cofc_\AppData\Local\Temp\tmp7B2B.tmp\rjsec316.ZIP", decompressedFolder = "C:\Users\cofc_\AppData\Local\Temp\tmp7D20.tmp", message = "rjsec316")~~RJStevensMusicPresentationCreator.Program~0000001521
2024-12-18 21:57:48.8286~DEBUG~extract completed~~RJStevensMusicPresentationCreator.Program~0000001522
2024-12-18 21:57:48.8286~DEBUG~<- ExtractAllFromFile(zipFileName = "C:\Users\cofc_\AppData\Local\Temp\tmp7B2B.tmp\rjsec316.ZIP", decompressedFolder = "C:\Users\cofc_\AppData\Local\Temp\tmp7D20.tmp", message = "rjsec316")~~RJStevensMusicPresentationCreator.Program~0000001523
2024-12-18 21:57:48.8986~DEBUG~-> DownloadFile(url = "https://faas-nyc1-2ef2e6cc.doserverless.co/api/v1/web/fn-dd7f8f6a-d32a-4f5e-ae7b-870dfb7963f3/downloads/bundle?id=000000000000324", filename = "C:\Users\cofc_\AppData\Local\Temp\tmp7E4A.tmp\rjsec317.ZIP", message = "rjsec317")~~RJStevensMusicPresentationCreator.Program~0000001524
2024-12-18 21:57:49.3444~DEBUG~download completed~~RJStevensMusicPresentationCreator.Program~0000001525
2024-12-18 21:57:49.3444~DEBUG~<- DownloadFile(url = "https://faas-nyc1-2ef2e6cc.doserverless.co/api/v1/web/fn-dd7f8f6a-d32a-4f5e-ae7b-870dfb7963f3/downloads/bundle?id=000000000000324", filename = "C:\Users\cofc_\AppData\Local\Temp\tmp7E4A.tmp\rjsec317.ZIP", message = "rjsec317")~~RJStevensMusicPresentationCreator.Program~0000001526
2024-12-18 21:57:49.3624~DEBUG~-> ExtractAllFromFile(zipFileName = "C:\Users\cofc_\AppData\Local\Temp\tmp7E4A.tmp\rjsec317.ZIP", decompressedFolder = "C:\Users\cofc_\AppData\Local\Temp\tmp8020.tmp", message = "rjsec317")~~RJStevensMusicPresentationCreator.Program~0000001527
2024-12-18 21:57:49.6584~DEBUG~extract completed~~RJStevensMusicPresentationCreator.Program~0000001528
2024-12-18 21:57:49.6584~DEBUG~<- ExtractAllFromFile(zipFileName = "C:\Users\cofc_\AppData\Local\Temp\tmp7E4A.tmp\rjsec317.ZIP", decompressedFolder = "C:\Users\cofc_\AppData\Local\Temp\tmp8020.tmp", message = "rjsec317")~~RJStevensMusicPresentationCreator.Program~0000001529
2024-12-18 21:57:49.7304~DEBUG~-> DownloadFile(url = "https://faas-nyc1-2ef2e6cc.doserverless.co/api/v1/web/fn-dd7f8f6a-d32a-4f5e-ae7b-870dfb7963f3/downloads/bundle?id=000000000000326", filename = "C:\Users\cofc_\AppData\Local\Temp\tmp8198.tmp\rjsec319.ZIP", message = "rjsec319")~~RJStevensMusicPresentationCreator.Program~0000001530
2024-12-18 21:57:50.1675~DEBUG~download completed~~RJStevensMusicPresentationCreator.Program~0000001531
2024-12-18 21:57:50.1675~DEBUG~<- DownloadFile(url = "https://faas-nyc1-2ef2e6cc.doserverless.co/api/v1/web/fn-dd7f8f6a-d32a-4f5e-ae7b-870dfb7963f3/downloads/bundle?id=000000000000326", filename = "C:\Users\cofc_\AppData\Local\Temp\tmp8198.tmp\rjsec319.ZIP", message = "rjsec319")~~RJStevensMusicPresentationCreator.Program~0000001532
2024-12-18 21:57:50.1845~DEBUG~-> ExtractAllFromFile(zipFileName = "C:\Users\cofc_\AppData\Local\Temp\tmp8198.tmp\rjsec319.ZIP", decompressedFolder = "C:\Users\cofc_\AppData\Local\Temp\tmp835E.tmp", message = "rjsec319")~~RJStevensMusicPresentationCreator.Program~0000001533
2024-12-18 21:57:50.4005~DEBUG~extract completed~~RJStevensMusicPresentationCreator.Program~0000001534
2024-12-18 21:57:50.4005~DEBUG~<- ExtractAllFromFile(zipFileName = "C:\Users\cofc_\AppData\Local\Temp\tmp8198.tmp\rjsec319.ZIP", decompressedFolder = "C:\Users\cofc_\AppData\Local\Temp\tmp835E.tmp", message = "rjsec319")~~RJStevensMusicPresentationCreator.Program~0000001535
2024-12-18 21:57:50.4645~DEBUG~-> DownloadFile(url = "https://faas-nyc1-2ef2e6cc.doserverless.co/api/v1/web/fn-dd7f8f6a-d32a-4f5e-ae7b-870dfb7963f3/downloads/bundle?id=000000000000327", filename = "C:\Users\cofc_\AppData\Local\Temp\tmp8478.tmp\rjsec320.ZIP", message = "rjsec320")~~RJStevensMusicPresentationCreator.Program~0000001536
2024-12-18 21:57:50.9225~DEBUG~download completed~~RJStevensMusicPresentationCreator.Program~0000001537
2024-12-18 21:57:50.9225~DEBUG~<- DownloadFile(url = "https://faas-nyc1-2ef2e6cc.doserverless.co/api/v1/web/fn-dd7f8f6a-d32a-4f5e-ae7b-870dfb7963f3/downloads/bundle?id=000000000000327", filename = "C:\Users\cofc_\AppData\Local\Temp\tmp8478.tmp\rjsec320.ZIP", message = "rjsec320")~~RJStevensMusicPresentationCreator.Program~0000001538
2024-12-18 21:57:50.9385~DEBUG~-> ExtractAllFromFile(zipFileName = "C:\Users\cofc_\AppData\Local\Temp\tmp8478.tmp\rjsec320.ZIP", decompressedFolder = "C:\Users\cofc_\AppData\Local\Temp\tmp864E.tmp", message = "rjsec320")~~RJStevensMusicPresentationCreator.Program~0000001539
2024-12-18 21:57:51.1447~DEBUG~extract completed~~RJStevensMusicPresentationCreator.Program~0000001540
2024-12-18 21:57:51.1447~DEBUG~<- ExtractAllFromFile(zipFileName = "C:\Users\cofc_\AppData\Local\Temp\tmp8478.tmp\rjsec320.ZIP", decompressedFolder = "C:\Users\cofc_\AppData\Local\Temp\tmp864E.tmp", message = "rjsec320")~~RJStevensMusicPresentationCreator.Program~0000001541
2024-12-18 21:57:51.2117~DEBUG~-> DownloadFile(url = "https://faas-nyc1-2ef2e6cc.doserverless.co/api/v1/web/fn-dd7f8f6a-d32a-4f5e-ae7b-870dfb7963f3/downloads/bundle?id=000000000000328", filename = "C:\Users\cofc_\AppData\Local\Temp\tmp8759.tmp\rjsec321.ZIP", message = "rjsec321")~~RJStevensMusicPresentationCreator.Program~0000001542
2024-12-18 21:57:51.7467~DEBUG~download completed~~RJStevensMusicPresentationCreator.Program~0000001543
2024-12-18 21:57:51.7467~DEBUG~<- DownloadFile(url = "https://faas-nyc1-2ef2e6cc.doserverless.co/api/v1/web/fn-dd7f8f6a-d32a-4f5e-ae7b-870dfb7963f3/downloads/bundle?id=000000000000328", filename = "C:\Users\cofc_\AppData\Local\Temp\tmp8759.tmp\rjsec321.ZIP", message = "rjsec321")~~RJStevensMusicPresentationCreator.Program~0000001544
2024-12-18 21:57:51.7637~DEBUG~-> ExtractAllFromFile(zipFileName = "C:\Users\cofc_\AppData\Local\Temp\tmp8759.tmp\rjsec321.ZIP", decompressedFolder = "C:\Users\cofc_\AppData\Local\Temp\tmp898C.tmp", message = "rjsec321")~~RJStevensMusicPresentationCreator.Program~0000001545
2024-12-18 21:57:52.0606~DEBUG~extract completed~~RJStevensMusicPresentationCreator.Program~0000001546
2024-12-18 21:57:52.0606~DEBUG~<- ExtractAllFromFile(zipFileName = "C:\Users\cofc_\AppData\Local\Temp\tmp8759.tmp\rjsec321.ZIP", decompressedFolder = "C:\Users\cofc_\AppData\Local\Temp\tmp898C.tmp", message = "rjsec321")~~RJStevensMusicPresentationCreator.Program~0000001547
2024-12-18 21:57:52.1426~DEBUG~-> DownloadFile(url = "https://faas-nyc1-2ef2e6cc.doserverless.co/api/v1/web/fn-dd7f8f6a-d32a-4f5e-ae7b-870dfb7963f3/downloads/bundle?id=000000000000330", filename = "C:\Users\cofc_\AppData\Local\Temp\tmp8B04.tmp\rjsec323.ZIP", message = "rjsec323")~~RJStevensMusicPresentationCreator.Program~0000001548
2024-12-18 21:57:52.9543~DEBUG~download completed~~RJStevensMusicPresentationCreator.Program~0000001549
2024-12-18 21:57:52.9543~DEBUG~<- DownloadFile(url = "https://faas-nyc1-2ef2e6cc.doserverless.co/api/v1/web/fn-dd7f8f6a-d32a-4f5e-ae7b-870dfb7963f3/downloads/bundle?id=000000000000330", filename = "C:\Users\cofc_\AppData\Local\Temp\tmp8B04.tmp\rjsec323.ZIP", message = "rjsec323")~~RJStevensMusicPresentationCreator.Program~0000001550
2024-12-18 21:57:52.9713~DEBUG~-> ExtractAllFromFile(zipFileName = "C:\Users\cofc_\AppData\Local\Temp\tmp8B04.tmp\rjsec323.ZIP", decompressedFolder = "C:\Users\cofc_\AppData\Local\Temp\tmp8E41.tmp", message = "rjsec323")~~RJStevensMusicPresentationCreator.Program~0000001551
2024-12-18 21:57:53.2415~DEBUG~extract completed~~RJStevensMusicPresentationCreator.Program~0000001552
2024-12-18 21:57:53.2445~DEBUG~<- ExtractAllFromFile(zipFileName = "C:\Users\cofc_\AppData\Local\Temp\tmp8B04.tmp\rjsec323.ZIP", decompressedFolder = "C:\Users\cofc_\AppData\Local\Temp\tmp8E41.tmp", message = "rjsec323")~~RJStevensMusicPresentationCreator.Program~0000001553
2024-12-18 21:57:53.3125~DEBUG~-> DownloadFile(url = "https://faas-nyc1-2ef2e6cc.doserverless.co/api/v1/web/fn-dd7f8f6a-d32a-4f5e-ae7b-870dfb7963f3/downloads/bundle?id=000000000000331", filename = "C:\Users\cofc_\AppData\Local\Temp\tmp8F9A.tmp\rjsec324.ZIP", message = "rjsec324")~~RJStevensMusicPresentationCreator.Program~0000001554
2024-12-18 21:57:53.7915~DEBUG~download completed~~RJStevensMusicPresentationCreator.Program~0000001555
2024-12-18 21:57:53.7915~DEBUG~<- DownloadFile(url = "https://faas-nyc1-2ef2e6cc.doserverless.co/api/v1/web/fn-dd7f8f6a-d32a-4f5e-ae7b-870dfb7963f3/downloads/bundle?id=000000000000331", filename = "C:\Users\cofc_\AppData\Local\Temp\tmp8F9A.tmp\rjsec324.ZIP", message = "rjsec324")~~RJStevensMusicPresentationCreator.Program~0000001556
2024-12-18 21:57:53.7915~DEBUG~-> ExtractAllFromFile(zipFileName = "C:\Users\cofc_\AppData\Local\Temp\tmp8F9A.tmp\rjsec324.ZIP", decompressedFolder = "C:\Users\cofc_\AppData\Local\Temp\tmp917F.tmp", message = "rjsec324")~~RJStevensMusicPresentationCreator.Program~0000001557
2024-12-18 21:57:54.0484~DEBUG~extract completed~~RJStevensMusicPresentationCreator.Program~0000001558
2024-12-18 21:57:54.0484~DEBUG~<- ExtractAllFromFile(zipFileName = "C:\Users\cofc_\AppData\Local\Temp\tmp8F9A.tmp\rjsec324.ZIP", decompressedFolder = "C:\Users\cofc_\AppData\Local\Temp\tmp917F.tmp", message = "rjsec324")~~RJStevensMusicPresentationCreator.Program~0000001559
2024-12-18 21:57:54.1234~DEBUG~-> DownloadFile(url = "https://faas-nyc1-2ef2e6cc.doserverless.co/api/v1/web/fn-dd7f8f6a-d32a-4f5e-ae7b-870dfb7963f3/downloads/bundle?id=000000000000332", filename = "C:\Users\cofc_\AppData\Local\Temp\tmp92C8.tmp\rjsec325.ZIP", message = "rjsec325")~~RJStevensMusicPresentationCreator.Program~0000001560
2024-12-18 21:57:54.6764~DEBUG~download completed~~RJStevensMusicPresentationCreator.Program~0000001561
2024-12-18 21:57:54.6764~DEBUG~<- DownloadFile(url = "https://faas-nyc1-2ef2e6cc.doserverless.co/api/v1/web/fn-dd7f8f6a-d32a-4f5e-ae7b-870dfb7963f3/downloads/bundle?id=000000000000332", filename = "C:\Users\cofc_\AppData\Local\Temp\tmp92C8.tmp\rjsec325.ZIP", message = "rjsec325")~~RJStevensMusicPresentationCreator.Program~0000001562
2024-12-18 21:57:54.6914~DEBUG~-> ExtractAllFromFile(zipFileName = "C:\Users\cofc_\AppData\Local\Temp\tmp92C8.tmp\rjsec325.ZIP", decompressedFolder = "C:\Users\cofc_\AppData\Local\Temp\tmp94FC.tmp", message = "rjsec325")~~RJStevensMusicPresentationCreator.Program~0000001563
2024-12-18 21:57:54.9538~DEBUG~extract completed~~RJStevensMusicPresentationCreator.Program~0000001564
2024-12-18 21:57:54.9538~DEBUG~<- ExtractAllFromFile(zipFileName = "C:\Users\cofc_\AppData\Local\Temp\tmp92C8.tmp\rjsec325.ZIP", decompressedFolder = "C:\Users\cofc_\AppData\Local\Temp\tmp94FC.tmp", message = "rjsec325")~~RJStevensMusicPresentationCreator.Program~0000001565
2024-12-18 21:57:55.0288~DEBUG~-> DownloadFile(url = "https://faas-nyc1-2ef2e6cc.doserverless.co/api/v1/web/fn-dd7f8f6a-d32a-4f5e-ae7b-870dfb7963f3/downloads/bundle?id=000000000000333", filename = "C:\Users\cofc_\AppData\Local\Temp\tmp9655.tmp\rjsec326.ZIP", message = "rjsec326")~~RJStevensMusicPresentationCreator.Program~0000001566
2024-12-18 21:57:55.4889~DEBUG~download completed~~RJStevensMusicPresentationCreator.Program~0000001567
2024-12-18 21:57:55.4889~DEBUG~<- DownloadFile(url = "https://faas-nyc1-2ef2e6cc.doserverless.co/api/v1/web/fn-dd7f8f6a-d32a-4f5e-ae7b-870dfb7963f3/downloads/bundle?id=000000000000333", filename = "C:\Users\cofc_\AppData\Local\Temp\tmp9655.tmp\rjsec326.ZIP", message = "rjsec326")~~RJStevensMusicPresentationCreator.Program~0000001568
2024-12-18 21:57:55.5049~DEBUG~-> ExtractAllFromFile(zipFileName = "C:\Users\cofc_\AppData\Local\Temp\tmp9655.tmp\rjsec326.ZIP", decompressedFolder = "C:\Users\cofc_\AppData\Local\Temp\tmp982A.tmp", message = "rjsec326")~~RJStevensMusicPresentationCreator.Program~0000001569
2024-12-18 21:57:55.7689~DEBUG~extract completed~~RJStevensMusicPresentationCreator.Program~0000001570
2024-12-18 21:57:55.7689~DEBUG~<- ExtractAllFromFile(zipFileName = "C:\Users\cofc_\AppData\Local\Temp\tmp9655.tmp\rjsec326.ZIP", decompressedFolder = "C:\Users\cofc_\AppData\Local\Temp\tmp982A.tmp", message = "rjsec326")~~RJStevensMusicPresentationCreator.Program~0000001571
2024-12-18 21:57:55.8399~DEBUG~-> DownloadFile(url = "https://faas-nyc1-2ef2e6cc.doserverless.co/api/v1/web/fn-dd7f8f6a-d32a-4f5e-ae7b-870dfb7963f3/downloads/bundle?id=000000000000334", filename = "C:\Users\cofc_\AppData\Local\Temp\tmp9983.tmp\rjsec327.ZIP", message = "rjsec327")~~RJStevensMusicPresentationCreator.Program~0000001572
2024-12-18 21:57:56.2889~DEBUG~download completed~~RJStevensMusicPresentationCreator.Program~0000001573
2024-12-18 21:57:56.2889~DEBUG~<- DownloadFile(url = "https://faas-nyc1-2ef2e6cc.doserverless.co/api/v1/web/fn-dd7f8f6a-d32a-4f5e-ae7b-870dfb7963f3/downloads/bundle?id=000000000000334", filename = "C:\Users\cofc_\AppData\Local\Temp\tmp9983.tmp\rjsec327.ZIP", message = "rjsec327")~~RJStevensMusicPresentationCreator.Program~0000001574
2024-12-18 21:57:56.3090~DEBUG~-> ExtractAllFromFile(zipFileName = "C:\Users\cofc_\AppData\Local\Temp\tmp9983.tmp\rjsec327.ZIP", decompressedFolder = "C:\Users\cofc_\AppData\Local\Temp\tmp9B59.tmp", message = "rjsec327")~~RJStevensMusicPresentationCreator.Program~0000001575
2024-12-18 21:57:56.5160~DEBUG~extract completed~~RJStevensMusicPresentationCreator.Program~0000001576
2024-12-18 21:57:56.5160~DEBUG~<- ExtractAllFromFile(zipFileName = "C:\Users\cofc_\AppData\Local\Temp\tmp9983.tmp\rjsec327.ZIP", decompressedFolder = "C:\Users\cofc_\AppData\Local\Temp\tmp9B59.tmp", message = "rjsec327")~~RJStevensMusicPresentationCreator.Program~0000001577
2024-12-18 21:57:56.5780~DEBUG~-> DownloadFile(url = "https://faas-nyc1-2ef2e6cc.doserverless.co/api/v1/web/fn-dd7f8f6a-d32a-4f5e-ae7b-870dfb7963f3/downloads/bundle?id=000000000000336", filename = "C:\Users\cofc_\AppData\Local\Temp\tmp9C64.tmp\rjsec329.ZIP", message = "rjsec329")~~RJStevensMusicPresentationCreator.Program~0000001578
2024-12-18 21:57:57.0980~DEBUG~download completed~~RJStevensMusicPresentationCreator.Program~0000001579
2024-12-18 21:57:57.0980~DEBUG~<- DownloadFile(url = "https://faas-nyc1-2ef2e6cc.doserverless.co/api/v1/web/fn-dd7f8f6a-d32a-4f5e-ae7b-870dfb7963f3/downloads/bundle?id=000000000000336", filename = "C:\Users\cofc_\AppData\Local\Temp\tmp9C64.tmp\rjsec329.ZIP", message = "rjsec329")~~RJStevensMusicPresentationCreator.Program~0000001580
2024-12-18 21:57:57.1160~DEBUG~-> ExtractAllFromFile(zipFileName = "C:\Users\cofc_\AppData\Local\Temp\tmp9C64.tmp\rjsec329.ZIP", decompressedFolder = "C:\Users\cofc_\AppData\Local\Temp\tmp9E78.tmp", message = "rjsec329")~~RJStevensMusicPresentationCreator.Program~0000001581
2024-12-18 21:57:57.3827~DEBUG~extract completed~~RJStevensMusicPresentationCreator.Program~0000001582
2024-12-18 21:57:57.3877~DEBUG~<- ExtractAllFromFile(zipFileName = "C:\Users\cofc_\AppData\Local\Temp\tmp9C64.tmp\rjsec329.ZIP", decompressedFolder = "C:\Users\cofc_\AppData\Local\Temp\tmp9E78.tmp", message = "rjsec329")~~RJStevensMusicPresentationCreator.Program~0000001583
2024-12-18 21:57:57.4597~DEBUG~-> DownloadFile(url = "https://faas-nyc1-2ef2e6cc.doserverless.co/api/v1/web/fn-dd7f8f6a-d32a-4f5e-ae7b-870dfb7963f3/downloads/bundle?id=000000000000337", filename = "C:\Users\cofc_\AppData\Local\Temp\tmp9FD1.tmp\rjsec330.ZIP", message = "rjsec330")~~RJStevensMusicPresentationCreator.Program~0000001584
2024-12-18 21:57:57.9617~DEBUG~download completed~~RJStevensMusicPresentationCreator.Program~0000001585
2024-12-18 21:57:57.9628~DEBUG~<- DownloadFile(url = "https://faas-nyc1-2ef2e6cc.doserverless.co/api/v1/web/fn-dd7f8f6a-d32a-4f5e-ae7b-870dfb7963f3/downloads/bundle?id=000000000000337", filename = "C:\Users\cofc_\AppData\Local\Temp\tmp9FD1.tmp\rjsec330.ZIP", message = "rjsec330")~~RJStevensMusicPresentationCreator.Program~0000001586
2024-12-18 21:57:57.9827~DEBUG~-> ExtractAllFromFile(zipFileName = "C:\Users\cofc_\AppData\Local\Temp\tmp9FD1.tmp\rjsec330.ZIP", decompressedFolder = "C:\Users\cofc_\AppData\Local\Temp\tmpA1E5.tmp", message = "rjsec330")~~RJStevensMusicPresentationCreator.Program~0000001587
2024-12-18 21:57:58.2068~DEBUG~extract completed~~RJStevensMusicPresentationCreator.Program~0000001588
2024-12-18 21:57:58.2068~DEBUG~<- ExtractAllFromFile(zipFileName = "C:\Users\cofc_\AppData\Local\Temp\tmp9FD1.tmp\rjsec330.ZIP", decompressedFolder = "C:\Users\cofc_\AppData\Local\Temp\tmpA1E5.tmp", message = "rjsec330")~~RJStevensMusicPresentationCreator.Program~0000001589
2024-12-18 21:57:58.2698~DEBUG~-> DownloadFile(url = "https://faas-nyc1-2ef2e6cc.doserverless.co/api/v1/web/fn-dd7f8f6a-d32a-4f5e-ae7b-870dfb7963f3/downloads/bundle?id=000000000000339", filename = "C:\Users\cofc_\AppData\Local\Temp\tmpA2FF.tmp\rjsec332.ZIP", message = "rjsec332")~~RJStevensMusicPresentationCreator.Program~0000001590
2024-12-18 21:57:58.7755~DEBUG~download completed~~RJStevensMusicPresentationCreator.Program~0000001591
2024-12-18 21:57:58.7755~DEBUG~<- DownloadFile(url = "https://faas-nyc1-2ef2e6cc.doserverless.co/api/v1/web/fn-dd7f8f6a-d32a-4f5e-ae7b-870dfb7963f3/downloads/bundle?id=000000000000339", filename = "C:\Users\cofc_\AppData\Local\Temp\tmpA2FF.tmp\rjsec332.ZIP", message = "rjsec332")~~RJStevensMusicPresentationCreator.Program~0000001592
2024-12-18 21:57:58.7985~DEBUG~-> ExtractAllFromFile(zipFileName = "C:\Users\cofc_\AppData\Local\Temp\tmpA2FF.tmp\rjsec332.ZIP", decompressedFolder = "C:\Users\cofc_\AppData\Local\Temp\tmpA513.tmp", message = "rjsec332")~~RJStevensMusicPresentationCreator.Program~0000001593
2024-12-18 21:57:59.0665~DEBUG~extract completed~~RJStevensMusicPresentationCreator.Program~0000001594
2024-12-18 21:57:59.0665~DEBUG~<- ExtractAllFromFile(zipFileName = "C:\Users\cofc_\AppData\Local\Temp\tmpA2FF.tmp\rjsec332.ZIP", decompressedFolder = "C:\Users\cofc_\AppData\Local\Temp\tmpA513.tmp", message = "rjsec332")~~RJStevensMusicPresentationCreator.Program~0000001595
2024-12-18 21:57:59.1445~DEBUG~-> DownloadFile(url = "https://faas-nyc1-2ef2e6cc.doserverless.co/api/v1/web/fn-dd7f8f6a-d32a-4f5e-ae7b-870dfb7963f3/downloads/bundle?id=000000000000340", filename = "C:\Users\cofc_\AppData\Local\Temp\tmpA66C.tmp\rjsec333.ZIP", message = "rjsec333")~~RJStevensMusicPresentationCreator.Program~0000001596
2024-12-18 21:57:59.5916~DEBUG~download completed~~RJStevensMusicPresentationCreator.Program~0000001597
2024-12-18 21:57:59.5916~DEBUG~<- DownloadFile(url = "https://faas-nyc1-2ef2e6cc.doserverless.co/api/v1/web/fn-dd7f8f6a-d32a-4f5e-ae7b-870dfb7963f3/downloads/bundle?id=000000000000340", filename = "C:\Users\cofc_\AppData\Local\Temp\tmpA66C.tmp\rjsec333.ZIP", message = "rjsec333")~~RJStevensMusicPresentationCreator.Program~0000001598
2024-12-18 21:57:59.6096~DEBUG~-> ExtractAllFromFile(zipFileName = "C:\Users\cofc_\AppData\Local\Temp\tmpA66C.tmp\rjsec333.ZIP", decompressedFolder = "C:\Users\cofc_\AppData\Local\Temp\tmpA842.tmp", message = "rjsec333")~~RJStevensMusicPresentationCreator.Program~0000001599
2024-12-18 21:57:59.8596~DEBUG~extract completed~~RJStevensMusicPresentationCreator.Program~0000001600
2024-12-18 21:57:59.8596~DEBUG~<- ExtractAllFromFile(zipFileName = "C:\Users\cofc_\AppData\Local\Temp\tmpA66C.tmp\rjsec333.ZIP", decompressedFolder = "C:\Users\cofc_\AppData\Local\Temp\tmpA842.tmp", message = "rjsec333")~~RJStevensMusicPresentationCreator.Program~0000001601
2024-12-18 21:57:59.9326~DEBUG~-> DownloadFile(url = "https://faas-nyc1-2ef2e6cc.doserverless.co/api/v1/web/fn-dd7f8f6a-d32a-4f5e-ae7b-870dfb7963f3/downloads/bundle?id=000000000000341", filename = "C:\Users\cofc_\AppData\Local\Temp\tmpA98B.tmp\rjsec334.ZIP", message = "rjsec334")~~RJStevensMusicPresentationCreator.Program~0000001602
2024-12-18 21:58:00.3676~DEBUG~download completed~~RJStevensMusicPresentationCreator.Program~0000001603
2024-12-18 21:58:00.3676~DEBUG~<- DownloadFile(url = "https://faas-nyc1-2ef2e6cc.doserverless.co/api/v1/web/fn-dd7f8f6a-d32a-4f5e-ae7b-870dfb7963f3/downloads/bundle?id=000000000000341", filename = "C:\Users\cofc_\AppData\Local\Temp\tmpA98B.tmp\rjsec334.ZIP", message = "rjsec334")~~RJStevensMusicPresentationCreator.Program~0000001604
2024-12-18 21:58:00.3856~DEBUG~-> ExtractAllFromFile(zipFileName = "C:\Users\cofc_\AppData\Local\Temp\tmpA98B.tmp\rjsec334.ZIP", decompressedFolder = "C:\Users\cofc_\AppData\Local\Temp\tmpAB51.tmp", message = "rjsec334")~~RJStevensMusicPresentationCreator.Program~0000001605
2024-12-18 21:58:00.6238~DEBUG~extract completed~~RJStevensMusicPresentationCreator.Program~0000001606
2024-12-18 21:58:00.6238~DEBUG~<- ExtractAllFromFile(zipFileName = "C:\Users\cofc_\AppData\Local\Temp\tmpA98B.tmp\rjsec334.ZIP", decompressedFolder = "C:\Users\cofc_\AppData\Local\Temp\tmpAB51.tmp", message = "rjsec334")~~RJStevensMusicPresentationCreator.Program~0000001607
2024-12-18 21:58:00.6878~DEBUG~-> DownloadFile(url = "https://faas-nyc1-2ef2e6cc.doserverless.co/api/v1/web/fn-dd7f8f6a-d32a-4f5e-ae7b-870dfb7963f3/downloads/bundle?id=000000000000342", filename = "C:\Users\cofc_\AppData\Local\Temp\tmpAC7B.tmp\rjsec335.ZIP", message = "rjsec335")~~RJStevensMusicPresentationCreator.Program~0000001608
2024-12-18 21:58:01.1509~DEBUG~download completed~~RJStevensMusicPresentationCreator.Program~0000001609
2024-12-18 21:58:01.1509~DEBUG~<- DownloadFile(url = "https://faas-nyc1-2ef2e6cc.doserverless.co/api/v1/web/fn-dd7f8f6a-d32a-4f5e-ae7b-870dfb7963f3/downloads/bundle?id=000000000000342", filename = "C:\Users\cofc_\AppData\Local\Temp\tmpAC7B.tmp\rjsec335.ZIP", message = "rjsec335")~~RJStevensMusicPresentationCreator.Program~0000001610
2024-12-18 21:58:01.1709~DEBUG~-> ExtractAllFromFile(zipFileName = "C:\Users\cofc_\AppData\Local\Temp\tmpAC7B.tmp\rjsec335.ZIP", decompressedFolder = "C:\Users\cofc_\AppData\Local\Temp\tmpAE60.tmp", message = "rjsec335")~~RJStevensMusicPresentationCreator.Program~0000001611
2024-12-18 21:58:01.3759~DEBUG~extract completed~~RJStevensMusicPresentationCreator.Program~0000001612
2024-12-18 21:58:01.3759~DEBUG~<- ExtractAllFromFile(zipFileName = "C:\Users\cofc_\AppData\Local\Temp\tmpAC7B.tmp\rjsec335.ZIP", decompressedFolder = "C:\Users\cofc_\AppData\Local\Temp\tmpAE60.tmp", message = "rjsec335")~~RJStevensMusicPresentationCreator.Program~0000001613
2024-12-18 21:58:01.4439~DEBUG~-> DownloadFile(url = "https://faas-nyc1-2ef2e6cc.doserverless.co/api/v1/web/fn-dd7f8f6a-d32a-4f5e-ae7b-870dfb7963f3/downloads/bundle?id=000000000000343", filename = "C:\Users\cofc_\AppData\Local\Temp\tmpAF6B.tmp\rjsec336.ZIP", message = "rjsec336")~~RJStevensMusicPresentationCreator.Program~0000001614
2024-12-18 21:58:01.9029~DEBUG~download completed~~RJStevensMusicPresentationCreator.Program~0000001615
2024-12-18 21:58:01.9029~DEBUG~<- DownloadFile(url = "https://faas-nyc1-2ef2e6cc.doserverless.co/api/v1/web/fn-dd7f8f6a-d32a-4f5e-ae7b-870dfb7963f3/downloads/bundle?id=000000000000343", filename = "C:\Users\cofc_\AppData\Local\Temp\tmpAF6B.tmp\rjsec336.ZIP", message = "rjsec336")~~RJStevensMusicPresentationCreator.Program~0000001616
2024-12-18 21:58:01.9269~DEBUG~-> ExtractAllFromFile(zipFileName = "C:\Users\cofc_\AppData\Local\Temp\tmpAF6B.tmp\rjsec336.ZIP", decompressedFolder = "C:\Users\cofc_\AppData\Local\Temp\tmpB150.tmp", message = "rjsec336")~~RJStevensMusicPresentationCreator.Program~0000001617
2024-12-18 21:58:02.1569~DEBUG~extract completed~~RJStevensMusicPresentationCreator.Program~0000001618
2024-12-18 21:58:02.1569~DEBUG~<- ExtractAllFromFile(zipFileName = "C:\Users\cofc_\AppData\Local\Temp\tmpAF6B.tmp\rjsec336.ZIP", decompressedFolder = "C:\Users\cofc_\AppData\Local\Temp\tmpB150.tmp", message = "rjsec336")~~RJStevensMusicPresentationCreator.Program~0000001619
2024-12-18 21:58:02.2269~DEBUG~-> DownloadFile(url = "https://faas-nyc1-2ef2e6cc.doserverless.co/api/v1/web/fn-dd7f8f6a-d32a-4f5e-ae7b-870dfb7963f3/downloads/bundle?id=000000000000344", filename = "C:\Users\cofc_\AppData\Local\Temp\tmpB27A.tmp\rjsec337.ZIP", message = "rjsec337")~~RJStevensMusicPresentationCreator.Program~0000001620
2024-12-18 21:58:02.7100~DEBUG~download completed~~RJStevensMusicPresentationCreator.Program~0000001621
2024-12-18 21:58:02.7100~DEBUG~<- DownloadFile(url = "https://faas-nyc1-2ef2e6cc.doserverless.co/api/v1/web/fn-dd7f8f6a-d32a-4f5e-ae7b-870dfb7963f3/downloads/bundle?id=000000000000344", filename = "C:\Users\cofc_\AppData\Local\Temp\tmpB27A.tmp\rjsec337.ZIP", message = "rjsec337")~~RJStevensMusicPresentationCreator.Program~0000001622
2024-12-18 21:58:02.7250~DEBUG~-> ExtractAllFromFile(zipFileName = "C:\Users\cofc_\AppData\Local\Temp\tmpB27A.tmp\rjsec337.ZIP", decompressedFolder = "C:\Users\cofc_\AppData\Local\Temp\tmpB46F.tmp", message = "rjsec337")~~RJStevensMusicPresentationCreator.Program~0000001623
2024-12-18 21:58:02.9610~DEBUG~extract completed~~RJStevensMusicPresentationCreator.Program~0000001624
2024-12-18 21:58:02.9640~DEBUG~<- ExtractAllFromFile(zipFileName = "C:\Users\cofc_\AppData\Local\Temp\tmpB27A.tmp\rjsec337.ZIP", decompressedFolder = "C:\Users\cofc_\AppData\Local\Temp\tmpB46F.tmp", message = "rjsec337")~~RJStevensMusicPresentationCreator.Program~0000001625
2024-12-18 21:58:03.0290~DEBUG~-> DownloadFile(url = "https://faas-nyc1-2ef2e6cc.doserverless.co/api/v1/web/fn-dd7f8f6a-d32a-4f5e-ae7b-870dfb7963f3/downloads/bundle?id=000000000000345", filename = "C:\Users\cofc_\AppData\Local\Temp\tmpB5A9.tmp\rjsec338.ZIP", message = "rjsec338")~~RJStevensMusicPresentationCreator.Program~0000001626
2024-12-18 21:58:03.4959~DEBUG~download completed~~RJStevensMusicPresentationCreator.Program~0000001627
2024-12-18 21:58:03.4959~DEBUG~<- DownloadFile(url = "https://faas-nyc1-2ef2e6cc.doserverless.co/api/v1/web/fn-dd7f8f6a-d32a-4f5e-ae7b-870dfb7963f3/downloads/bundle?id=000000000000345", filename = "C:\Users\cofc_\AppData\Local\Temp\tmpB5A9.tmp\rjsec338.ZIP", message = "rjsec338")~~RJStevensMusicPresentationCreator.Program~0000001628
2024-12-18 21:58:03.5109~DEBUG~-> ExtractAllFromFile(zipFileName = "C:\Users\cofc_\AppData\Local\Temp\tmpB5A9.tmp\rjsec338.ZIP", decompressedFolder = "C:\Users\cofc_\AppData\Local\Temp\tmpB78E.tmp", message = "rjsec338")~~RJStevensMusicPresentationCreator.Program~0000001629
2024-12-18 21:58:03.7299~DEBUG~extract completed~~RJStevensMusicPresentationCreator.Program~0000001630
2024-12-18 21:58:03.7299~DEBUG~<- ExtractAllFromFile(zipFileName = "C:\Users\cofc_\AppData\Local\Temp\tmpB5A9.tmp\rjsec338.ZIP", decompressedFolder = "C:\Users\cofc_\AppData\Local\Temp\tmpB78E.tmp", message = "rjsec338")~~RJStevensMusicPresentationCreator.Program~0000001631
2024-12-18 21:58:03.7959~DEBUG~-> DownloadFile(url = "https://faas-nyc1-2ef2e6cc.doserverless.co/api/v1/web/fn-dd7f8f6a-d32a-4f5e-ae7b-870dfb7963f3/downloads/bundle?id=000000000000346", filename = "C:\Users\cofc_\AppData\Local\Temp\tmpB8A8.tmp\rjsec339.ZIP", message = "rjsec339")~~RJStevensMusicPresentationCreator.Program~0000001632
2024-12-18 21:58:04.2259~DEBUG~download completed~~RJStevensMusicPresentationCreator.Program~0000001633
2024-12-18 21:58:04.2259~DEBUG~<- DownloadFile(url = "https://faas-nyc1-2ef2e6cc.doserverless.co/api/v1/web/fn-dd7f8f6a-d32a-4f5e-ae7b-870dfb7963f3/downloads/bundle?id=000000000000346", filename = "C:\Users\cofc_\AppData\Local\Temp\tmpB8A8.tmp\rjsec339.ZIP", message = "rjsec339")~~RJStevensMusicPresentationCreator.Program~0000001634
2024-12-18 21:58:04.2429~DEBUG~-> ExtractAllFromFile(zipFileName = "C:\Users\cofc_\AppData\Local\Temp\tmpB8A8.tmp\rjsec339.ZIP", decompressedFolder = "C:\Users\cofc_\AppData\Local\Temp\tmpBA5F.tmp", message = "rjsec339")~~RJStevensMusicPresentationCreator.Program~0000001635
2024-12-18 21:58:04.4666~DEBUG~extract completed~~RJStevensMusicPresentationCreator.Program~0000001636
2024-12-18 21:58:04.4666~DEBUG~<- ExtractAllFromFile(zipFileName = "C:\Users\cofc_\AppData\Local\Temp\tmpB8A8.tmp\rjsec339.ZIP", decompressedFolder = "C:\Users\cofc_\AppData\Local\Temp\tmpBA5F.tmp", message = "rjsec339")~~RJStevensMusicPresentationCreator.Program~0000001637
2024-12-18 21:58:04.5296~DEBUG~-> DownloadFile(url = "https://faas-nyc1-2ef2e6cc.doserverless.co/api/v1/web/fn-dd7f8f6a-d32a-4f5e-ae7b-870dfb7963f3/downloads/bundle?id=000000000000347", filename = "C:\Users\cofc_\AppData\Local\Temp\tmpBB89.tmp\rjsec340.ZIP", message = "rjsec340")~~RJStevensMusicPresentationCreator.Program~0000001638
2024-12-18 21:58:05.0237~DEBUG~download completed~~RJStevensMusicPresentationCreator.Program~0000001639
2024-12-18 21:58:05.0237~DEBUG~<- DownloadFile(url = "https://faas-nyc1-2ef2e6cc.doserverless.co/api/v1/web/fn-dd7f8f6a-d32a-4f5e-ae7b-870dfb7963f3/downloads/bundle?id=000000000000347", filename = "C:\Users\cofc_\AppData\Local\Temp\tmpBB89.tmp\rjsec340.ZIP", message = "rjsec340")~~RJStevensMusicPresentationCreator.Program~0000001640
2024-12-18 21:58:05.0407~DEBUG~-> ExtractAllFromFile(zipFileName = "C:\Users\cofc_\AppData\Local\Temp\tmpBB89.tmp\rjsec340.ZIP", decompressedFolder = "C:\Users\cofc_\AppData\Local\Temp\tmpBD7E.tmp", message = "rjsec340")~~RJStevensMusicPresentationCreator.Program~0000001641
2024-12-18 21:58:05.2627~DEBUG~extract completed~~RJStevensMusicPresentationCreator.Program~0000001642
2024-12-18 21:58:05.2627~DEBUG~<- ExtractAllFromFile(zipFileName = "C:\Users\cofc_\AppData\Local\Temp\tmpBB89.tmp\rjsec340.ZIP", decompressedFolder = "C:\Users\cofc_\AppData\Local\Temp\tmpBD7E.tmp", message = "rjsec340")~~RJStevensMusicPresentationCreator.Program~0000001643
2024-12-18 21:58:05.3357~DEBUG~-> DownloadFile(url = "https://faas-nyc1-2ef2e6cc.doserverless.co/api/v1/web/fn-dd7f8f6a-d32a-4f5e-ae7b-870dfb7963f3/downloads/bundle?id=000000000000348", filename = "C:\Users\cofc_\AppData\Local\Temp\tmpBEA8.tmp\rjsec341.ZIP", message = "rjsec341")~~RJStevensMusicPresentationCreator.Program~0000001644
2024-12-18 21:58:06.1227~DEBUG~download completed~~RJStevensMusicPresentationCreator.Program~0000001645
2024-12-18 21:58:06.1227~DEBUG~<- DownloadFile(url = "https://faas-nyc1-2ef2e6cc.doserverless.co/api/v1/web/fn-dd7f8f6a-d32a-4f5e-ae7b-870dfb7963f3/downloads/bundle?id=000000000000348", filename = "C:\Users\cofc_\AppData\Local\Temp\tmpBEA8.tmp\rjsec341.ZIP", message = "rjsec341")~~RJStevensMusicPresentationCreator.Program~0000001646
2024-12-18 21:58:06.1437~DEBUG~-> ExtractAllFromFile(zipFileName = "C:\Users\cofc_\AppData\Local\Temp\tmpBEA8.tmp\rjsec341.ZIP", decompressedFolder = "C:\Users\cofc_\AppData\Local\Temp\tmpC1D5.tmp", message = "rjsec341")~~RJStevensMusicPresentationCreator.Program~0000001647
2024-12-18 21:58:06.3819~DEBUG~extract completed~~RJStevensMusicPresentationCreator.Program~0000001648
2024-12-18 21:58:06.3849~DEBUG~<- ExtractAllFromFile(zipFileName = "C:\Users\cofc_\AppData\Local\Temp\tmpBEA8.tmp\rjsec341.ZIP", decompressedFolder = "C:\Users\cofc_\AppData\Local\Temp\tmpC1D5.tmp", message = "rjsec341")~~RJStevensMusicPresentationCreator.Program~0000001649
2024-12-18 21:58:06.4489~DEBUG~-> DownloadFile(url = "https://faas-nyc1-2ef2e6cc.doserverless.co/api/v1/web/fn-dd7f8f6a-d32a-4f5e-ae7b-870dfb7963f3/downloads/bundle?id=000000000000350", filename = "C:\Users\cofc_\AppData\Local\Temp\tmpC30F.tmp\rjsec343.ZIP", message = "rjsec343")~~RJStevensMusicPresentationCreator.Program~0000001650
2024-12-18 21:58:06.9009~DEBUG~download completed~~RJStevensMusicPresentationCreator.Program~0000001651
2024-12-18 21:58:06.9009~DEBUG~<- DownloadFile(url = "https://faas-nyc1-2ef2e6cc.doserverless.co/api/v1/web/fn-dd7f8f6a-d32a-4f5e-ae7b-870dfb7963f3/downloads/bundle?id=000000000000350", filename = "C:\Users\cofc_\AppData\Local\Temp\tmpC30F.tmp\rjsec343.ZIP", message = "rjsec343")~~RJStevensMusicPresentationCreator.Program~0000001652
2024-12-18 21:58:06.9179~DEBUG~-> ExtractAllFromFile(zipFileName = "C:\Users\cofc_\AppData\Local\Temp\tmpC30F.tmp\rjsec343.ZIP", decompressedFolder = "C:\Users\cofc_\AppData\Local\Temp\tmpC4E4.tmp", message = "rjsec343")~~RJStevensMusicPresentationCreator.Program~0000001653
2024-12-18 21:58:07.2100~DEBUG~extract completed~~RJStevensMusicPresentationCreator.Program~0000001654
2024-12-18 21:58:07.2130~DEBUG~<- ExtractAllFromFile(zipFileName = "C:\Users\cofc_\AppData\Local\Temp\tmpC30F.tmp\rjsec343.ZIP", decompressedFolder = "C:\Users\cofc_\AppData\Local\Temp\tmpC4E4.tmp", message = "rjsec343")~~RJStevensMusicPresentationCreator.Program~0000001655
2024-12-18 21:58:07.2910~DEBUG~-> DownloadFile(url = "https://faas-nyc1-2ef2e6cc.doserverless.co/api/v1/web/fn-dd7f8f6a-d32a-4f5e-ae7b-870dfb7963f3/downloads/bundle?id=000000000000351", filename = "C:\Users\cofc_\AppData\Local\Temp\tmpC64D.tmp\rjsec344.ZIP", message = "rjsec344")~~RJStevensMusicPresentationCreator.Program~0000001656
2024-12-18 21:58:07.7528~DEBUG~download completed~~RJStevensMusicPresentationCreator.Program~0000001657
2024-12-18 21:58:07.7528~DEBUG~<- DownloadFile(url = "https://faas-nyc1-2ef2e6cc.doserverless.co/api/v1/web/fn-dd7f8f6a-d32a-4f5e-ae7b-870dfb7963f3/downloads/bundle?id=000000000000351", filename = "C:\Users\cofc_\AppData\Local\Temp\tmpC64D.tmp\rjsec344.ZIP", message = "rjsec344")~~RJStevensMusicPresentationCreator.Program~0000001658
2024-12-18 21:58:07.7688~DEBUG~-> ExtractAllFromFile(zipFileName = "C:\Users\cofc_\AppData\Local\Temp\tmpC64D.tmp\rjsec344.ZIP", decompressedFolder = "C:\Users\cofc_\AppData\Local\Temp\tmpC832.tmp", message = "rjsec344")~~RJStevensMusicPresentationCreator.Program~0000001659
2024-12-18 21:58:07.9988~DEBUG~extract completed~~RJStevensMusicPresentationCreator.Program~0000001660
2024-12-18 21:58:07.9988~DEBUG~<- ExtractAllFromFile(zipFileName = "C:\Users\cofc_\AppData\Local\Temp\tmpC64D.tmp\rjsec344.ZIP", decompressedFolder = "C:\Users\cofc_\AppData\Local\Temp\tmpC832.tmp", message = "rjsec344")~~RJStevensMusicPresentationCreator.Program~0000001661
2024-12-18 21:58:08.0588~DEBUG~-> DownloadFile(url = "https://faas-nyc1-2ef2e6cc.doserverless.co/api/v1/web/fn-dd7f8f6a-d32a-4f5e-ae7b-870dfb7963f3/downloads/bundle?id=000000000000354", filename = "C:\Users\cofc_\AppData\Local\Temp\tmpC95C.tmp\rjsec347.ZIP", message = "rjsec347")~~RJStevensMusicPresentationCreator.Program~0000001662
2024-12-18 21:58:08.5799~DEBUG~download completed~~RJStevensMusicPresentationCreator.Program~0000001663
2024-12-18 21:58:08.5799~DEBUG~<- DownloadFile(url = "https://faas-nyc1-2ef2e6cc.doserverless.co/api/v1/web/fn-dd7f8f6a-d32a-4f5e-ae7b-870dfb7963f3/downloads/bundle?id=000000000000354", filename = "C:\Users\cofc_\AppData\Local\Temp\tmpC95C.tmp\rjsec347.ZIP", message = "rjsec347")~~RJStevensMusicPresentationCreator.Program~0000001664
2024-12-18 21:58:08.6009~DEBUG~-> ExtractAllFromFile(zipFileName = "C:\Users\cofc_\AppData\Local\Temp\tmpC95C.tmp\rjsec347.ZIP", decompressedFolder = "C:\Users\cofc_\AppData\Local\Temp\tmpCB70.tmp", message = "rjsec347")~~RJStevensMusicPresentationCreator.Program~0000001665
2024-12-18 21:58:08.8759~DEBUG~extract completed~~RJStevensMusicPresentationCreator.Program~0000001666
2024-12-18 21:58:08.8759~DEBUG~<- ExtractAllFromFile(zipFileName = "C:\Users\cofc_\AppData\Local\Temp\tmpC95C.tmp\rjsec347.ZIP", decompressedFolder = "C:\Users\cofc_\AppData\Local\Temp\tmpCB70.tmp", message = "rjsec347")~~RJStevensMusicPresentationCreator.Program~0000001667
2024-12-18 21:58:08.9469~DEBUG~-> DownloadFile(url = "https://faas-nyc1-2ef2e6cc.doserverless.co/api/v1/web/fn-dd7f8f6a-d32a-4f5e-ae7b-870dfb7963f3/downloads/bundle?id=000000000000355", filename = "C:\Users\cofc_\AppData\Local\Temp\tmpCCC9.tmp\rjsec348.ZIP", message = "rjsec348")~~RJStevensMusicPresentationCreator.Program~0000001668
2024-12-18 21:58:09.4899~DEBUG~download completed~~RJStevensMusicPresentationCreator.Program~0000001669
2024-12-18 21:58:09.4899~DEBUG~<- DownloadFile(url = "https://faas-nyc1-2ef2e6cc.doserverless.co/api/v1/web/fn-dd7f8f6a-d32a-4f5e-ae7b-870dfb7963f3/downloads/bundle?id=000000000000355", filename = "C:\Users\cofc_\AppData\Local\Temp\tmpCCC9.tmp\rjsec348.ZIP", message = "rjsec348")~~RJStevensMusicPresentationCreator.Program~0000001670
2024-12-18 21:58:09.5069~DEBUG~-> ExtractAllFromFile(zipFileName = "C:\Users\cofc_\AppData\Local\Temp\tmpCCC9.tmp\rjsec348.ZIP", decompressedFolder = "C:\Users\cofc_\AppData\Local\Temp\tmpCEFC.tmp", message = "rjsec348")~~RJStevensMusicPresentationCreator.Program~0000001671
2024-12-18 21:58:09.7119~DEBUG~extract completed~~RJStevensMusicPresentationCreator.Program~0000001672
2024-12-18 21:58:09.7149~DEBUG~<- ExtractAllFromFile(zipFileName = "C:\Users\cofc_\AppData\Local\Temp\tmpCCC9.tmp\rjsec348.ZIP", decompressedFolder = "C:\Users\cofc_\AppData\Local\Temp\tmpCEFC.tmp", message = "rjsec348")~~RJStevensMusicPresentationCreator.Program~0000001673
2024-12-18 21:58:09.7779~DEBUG~-> DownloadFile(url = "https://faas-nyc1-2ef2e6cc.doserverless.co/api/v1/web/fn-dd7f8f6a-d32a-4f5e-ae7b-870dfb7963f3/downloads/bundle?id=000000000000357", filename = "C:\Users\cofc_\AppData\Local\Temp\tmpD017.tmp\rjsec350.ZIP", message = "rjsec350")~~RJStevensMusicPresentationCreator.Program~0000001674
2024-12-18 21:58:10.5079~DEBUG~download completed~~RJStevensMusicPresentationCreator.Program~0000001675
2024-12-18 21:58:10.5079~DEBUG~<- DownloadFile(url = "https://faas-nyc1-2ef2e6cc.doserverless.co/api/v1/web/fn-dd7f8f6a-d32a-4f5e-ae7b-870dfb7963f3/downloads/bundle?id=000000000000357", filename = "C:\Users\cofc_\AppData\Local\Temp\tmpD017.tmp\rjsec350.ZIP", message = "rjsec350")~~RJStevensMusicPresentationCreator.Program~0000001676
2024-12-18 21:58:10.5279~DEBUG~-> ExtractAllFromFile(zipFileName = "C:\Users\cofc_\AppData\Local\Temp\tmpD017.tmp\rjsec350.ZIP", decompressedFolder = "C:\Users\cofc_\AppData\Local\Temp\tmpD306.tmp", message = "rjsec350")~~RJStevensMusicPresentationCreator.Program~0000001677
2024-12-18 21:58:10.7479~DEBUG~extract completed~~RJStevensMusicPresentationCreator.Program~0000001678
2024-12-18 21:58:10.7479~DEBUG~<- ExtractAllFromFile(zipFileName = "C:\Users\cofc_\AppData\Local\Temp\tmpD017.tmp\rjsec350.ZIP", decompressedFolder = "C:\Users\cofc_\AppData\Local\Temp\tmpD306.tmp", message = "rjsec350")~~RJStevensMusicPresentationCreator.Program~0000001679
2024-12-18 21:58:10.8149~DEBUG~-> DownloadFile(url = "https://faas-nyc1-2ef2e6cc.doserverless.co/api/v1/web/fn-dd7f8f6a-d32a-4f5e-ae7b-870dfb7963f3/downloads/bundle?id=000000000000358", filename = "C:\Users\cofc_\AppData\Local\Temp\tmpD420.tmp\rjsec351.ZIP", message = "rjsec351")~~RJStevensMusicPresentationCreator.Program~0000001680
2024-12-18 21:58:11.5172~DEBUG~download completed~~RJStevensMusicPresentationCreator.Program~0000001681
2024-12-18 21:58:11.5172~DEBUG~<- DownloadFile(url = "https://faas-nyc1-2ef2e6cc.doserverless.co/api/v1/web/fn-dd7f8f6a-d32a-4f5e-ae7b-870dfb7963f3/downloads/bundle?id=000000000000358", filename = "C:\Users\cofc_\AppData\Local\Temp\tmpD420.tmp\rjsec351.ZIP", message = "rjsec351")~~RJStevensMusicPresentationCreator.Program~0000001682
2024-12-18 21:58:11.5352~DEBUG~-> ExtractAllFromFile(zipFileName = "C:\Users\cofc_\AppData\Local\Temp\tmpD420.tmp\rjsec351.ZIP", decompressedFolder = "C:\Users\cofc_\AppData\Local\Temp\tmpD6F0.tmp", message = "rjsec351")~~RJStevensMusicPresentationCreator.Program~0000001683
2024-12-18 21:58:11.8292~DEBUG~extract completed~~RJStevensMusicPresentationCreator.Program~0000001684
2024-12-18 21:58:11.8292~DEBUG~<- ExtractAllFromFile(zipFileName = "C:\Users\cofc_\AppData\Local\Temp\tmpD420.tmp\rjsec351.ZIP", decompressedFolder = "C:\Users\cofc_\AppData\Local\Temp\tmpD6F0.tmp", message = "rjsec351")~~RJStevensMusicPresentationCreator.Program~0000001685
2024-12-18 21:58:11.9192~DEBUG~-> DownloadFile(url = "https://faas-nyc1-2ef2e6cc.doserverless.co/api/v1/web/fn-dd7f8f6a-d32a-4f5e-ae7b-870dfb7963f3/downloads/bundle?id=000000000000359", filename = "C:\Users\cofc_\AppData\Local\Temp\tmpD877.tmp\rjsec352.ZIP", message = "rjsec352")~~RJStevensMusicPresentationCreator.Program~0000001686
2024-12-18 21:58:12.4363~DEBUG~download completed~~RJStevensMusicPresentationCreator.Program~0000001687
2024-12-18 21:58:12.4363~DEBUG~<- DownloadFile(url = "https://faas-nyc1-2ef2e6cc.doserverless.co/api/v1/web/fn-dd7f8f6a-d32a-4f5e-ae7b-870dfb7963f3/downloads/bundle?id=000000000000359", filename = "C:\Users\cofc_\AppData\Local\Temp\tmpD877.tmp\rjsec352.ZIP", message = "rjsec352")~~RJStevensMusicPresentationCreator.Program~0000001688
2024-12-18 21:58:12.4543~DEBUG~-> ExtractAllFromFile(zipFileName = "C:\Users\cofc_\AppData\Local\Temp\tmpD877.tmp\rjsec352.ZIP", decompressedFolder = "C:\Users\cofc_\AppData\Local\Temp\tmpDA8C.tmp", message = "rjsec352")~~RJStevensMusicPresentationCreator.Program~0000001689
2024-12-18 21:58:12.6988~DEBUG~extract completed~~RJStevensMusicPresentationCreator.Program~0000001690
2024-12-18 21:58:12.6988~DEBUG~<- ExtractAllFromFile(zipFileName = "C:\Users\cofc_\AppData\Local\Temp\tmpD877.tmp\rjsec352.ZIP", decompressedFolder = "C:\Users\cofc_\AppData\Local\Temp\tmpDA8C.tmp", message = "rjsec352")~~RJStevensMusicPresentationCreator.Program~0000001691
2024-12-18 21:58:12.7699~DEBUG~-> DownloadFile(url = "https://faas-nyc1-2ef2e6cc.doserverless.co/api/v1/web/fn-dd7f8f6a-d32a-4f5e-ae7b-870dfb7963f3/downloads/bundle?id=000000000000361", filename = "C:\Users\cofc_\AppData\Local\Temp\tmpDBC5.tmp\rjsec354.ZIP", message = "rjsec354")~~RJStevensMusicPresentationCreator.Program~0000001692
2024-12-18 21:58:13.2099~DEBUG~download completed~~RJStevensMusicPresentationCreator.Program~0000001693
2024-12-18 21:58:13.2099~DEBUG~<- DownloadFile(url = "https://faas-nyc1-2ef2e6cc.doserverless.co/api/v1/web/fn-dd7f8f6a-d32a-4f5e-ae7b-870dfb7963f3/downloads/bundle?id=000000000000361", filename = "C:\Users\cofc_\AppData\Local\Temp\tmpDBC5.tmp\rjsec354.ZIP", message = "rjsec354")~~RJStevensMusicPresentationCreator.Program~0000001694
2024-12-18 21:58:13.2219~DEBUG~-> ExtractAllFromFile(zipFileName = "C:\Users\cofc_\AppData\Local\Temp\tmpDBC5.tmp\rjsec354.ZIP", decompressedFolder = "C:\Users\cofc_\AppData\Local\Temp\tmpDD8B.tmp", message = "rjsec354")~~RJStevensMusicPresentationCreator.Program~0000001695
2024-12-18 21:58:13.4739~DEBUG~extract completed~~RJStevensMusicPresentationCreator.Program~0000001696
2024-12-18 21:58:13.4739~DEBUG~<- ExtractAllFromFile(zipFileName = "C:\Users\cofc_\AppData\Local\Temp\tmpDBC5.tmp\rjsec354.ZIP", decompressedFolder = "C:\Users\cofc_\AppData\Local\Temp\tmpDD8B.tmp", message = "rjsec354")~~RJStevensMusicPresentationCreator.Program~0000001697
2024-12-18 21:58:13.5429~DEBUG~-> DownloadFile(url = "https://faas-nyc1-2ef2e6cc.doserverless.co/api/v1/web/fn-dd7f8f6a-d32a-4f5e-ae7b-870dfb7963f3/downloads/bundle?id=000000000000362", filename = "C:\Users\cofc_\AppData\Local\Temp\tmpDED4.tmp\rjsec355.ZIP", message = "rjsec355")~~RJStevensMusicPresentationCreator.Program~0000001698
2024-12-18 21:58:13.9990~DEBUG~download completed~~RJStevensMusicPresentationCreator.Program~0000001699
2024-12-18 21:58:13.9990~DEBUG~<- DownloadFile(url = "https://faas-nyc1-2ef2e6cc.doserverless.co/api/v1/web/fn-dd7f8f6a-d32a-4f5e-ae7b-870dfb7963f3/downloads/bundle?id=000000000000362", filename = "C:\Users\cofc_\AppData\Local\Temp\tmpDED4.tmp\rjsec355.ZIP", message = "rjsec355")~~RJStevensMusicPresentationCreator.Program~0000001700
2024-12-18 21:58:14.0150~DEBUG~-> ExtractAllFromFile(zipFileName = "C:\Users\cofc_\AppData\Local\Temp\tmpDED4.tmp\rjsec355.ZIP", decompressedFolder = "C:\Users\cofc_\AppData\Local\Temp\tmpE0AA.tmp", message = "rjsec355")~~RJStevensMusicPresentationCreator.Program~0000001701
2024-12-18 21:58:14.2019~DEBUG~extract completed~~RJStevensMusicPresentationCreator.Program~0000001702
2024-12-18 21:58:14.2019~DEBUG~<- ExtractAllFromFile(zipFileName = "C:\Users\cofc_\AppData\Local\Temp\tmpDED4.tmp\rjsec355.ZIP", decompressedFolder = "C:\Users\cofc_\AppData\Local\Temp\tmpE0AA.tmp", message = "rjsec355")~~RJStevensMusicPresentationCreator.Program~0000001703
2024-12-18 21:58:14.2629~DEBUG~-> DownloadFile(url = "https://faas-nyc1-2ef2e6cc.doserverless.co/api/v1/web/fn-dd7f8f6a-d32a-4f5e-ae7b-870dfb7963f3/downloads/bundle?id=000000000000363", filename = "C:\Users\cofc_\AppData\Local\Temp\tmpE1A5.tmp\rjsec356.ZIP", message = "rjsec356")~~RJStevensMusicPresentationCreator.Program~0000001704
2024-12-18 21:58:14.7619~DEBUG~download completed~~RJStevensMusicPresentationCreator.Program~0000001705
2024-12-18 21:58:14.7619~DEBUG~<- DownloadFile(url = "https://faas-nyc1-2ef2e6cc.doserverless.co/api/v1/web/fn-dd7f8f6a-d32a-4f5e-ae7b-870dfb7963f3/downloads/bundle?id=000000000000363", filename = "C:\Users\cofc_\AppData\Local\Temp\tmpE1A5.tmp\rjsec356.ZIP", message = "rjsec356")~~RJStevensMusicPresentationCreator.Program~0000001706
2024-12-18 21:58:14.7789~DEBUG~-> ExtractAllFromFile(zipFileName = "C:\Users\cofc_\AppData\Local\Temp\tmpE1A5.tmp\rjsec356.ZIP", decompressedFolder = "C:\Users\cofc_\AppData\Local\Temp\tmpE3AA.tmp", message = "rjsec356")~~RJStevensMusicPresentationCreator.Program~0000001707
2024-12-18 21:58:15.0890~DEBUG~extract completed~~RJStevensMusicPresentationCreator.Program~0000001708
2024-12-18 21:58:15.0890~DEBUG~<- ExtractAllFromFile(zipFileName = "C:\Users\cofc_\AppData\Local\Temp\tmpE1A5.tmp\rjsec356.ZIP", decompressedFolder = "C:\Users\cofc_\AppData\Local\Temp\tmpE3AA.tmp", message = "rjsec356")~~RJStevensMusicPresentationCreator.Program~0000001709
2024-12-18 21:58:15.1710~DEBUG~-> DownloadFile(url = "https://faas-nyc1-2ef2e6cc.doserverless.co/api/v1/web/fn-dd7f8f6a-d32a-4f5e-ae7b-870dfb7963f3/downloads/bundle?id=000000000000364", filename = "C:\Users\cofc_\AppData\Local\Temp\tmpE531.tmp\rjsec357.ZIP", message = "rjsec357")~~RJStevensMusicPresentationCreator.Program~0000001710
2024-12-18 21:58:15.6050~DEBUG~download completed~~RJStevensMusicPresentationCreator.Program~0000001711
2024-12-18 21:58:15.6050~DEBUG~<- DownloadFile(url = "https://faas-nyc1-2ef2e6cc.doserverless.co/api/v1/web/fn-dd7f8f6a-d32a-4f5e-ae7b-870dfb7963f3/downloads/bundle?id=000000000000364", filename = "C:\Users\cofc_\AppData\Local\Temp\tmpE531.tmp\rjsec357.ZIP", message = "rjsec357")~~RJStevensMusicPresentationCreator.Program~0000001712
2024-12-18 21:58:15.6220~DEBUG~-> ExtractAllFromFile(zipFileName = "C:\Users\cofc_\AppData\Local\Temp\tmpE531.tmp\rjsec357.ZIP", decompressedFolder = "C:\Users\cofc_\AppData\Local\Temp\tmpE6F7.tmp", message = "rjsec357")~~RJStevensMusicPresentationCreator.Program~0000001713
2024-12-18 21:58:15.8626~DEBUG~extract completed~~RJStevensMusicPresentationCreator.Program~0000001714
2024-12-18 21:58:15.8626~DEBUG~<- ExtractAllFromFile(zipFileName = "C:\Users\cofc_\AppData\Local\Temp\tmpE531.tmp\rjsec357.ZIP", decompressedFolder = "C:\Users\cofc_\AppData\Local\Temp\tmpE6F7.tmp", message = "rjsec357")~~RJStevensMusicPresentationCreator.Program~0000001715
2024-12-18 21:58:15.9316~DEBUG~-> DownloadFile(url = "https://faas-nyc1-2ef2e6cc.doserverless.co/api/v1/web/fn-dd7f8f6a-d32a-4f5e-ae7b-870dfb7963f3/downloads/bundle?id=000000000000365", filename = "C:\Users\cofc_\AppData\Local\Temp\tmpE821.tmp\rjsec358.ZIP", message = "rjsec358")~~RJStevensMusicPresentationCreator.Program~0000001716
2024-12-18 21:58:16.3506~DEBUG~download completed~~RJStevensMusicPresentationCreator.Program~0000001717
2024-12-18 21:58:16.3506~DEBUG~<- DownloadFile(url = "https://faas-nyc1-2ef2e6cc.doserverless.co/api/v1/web/fn-dd7f8f6a-d32a-4f5e-ae7b-870dfb7963f3/downloads/bundle?id=000000000000365", filename = "C:\Users\cofc_\AppData\Local\Temp\tmpE821.tmp\rjsec358.ZIP", message = "rjsec358")~~RJStevensMusicPresentationCreator.Program~0000001718
2024-12-18 21:58:16.3646~DEBUG~-> ExtractAllFromFile(zipFileName = "C:\Users\cofc_\AppData\Local\Temp\tmpE821.tmp\rjsec358.ZIP", decompressedFolder = "C:\Users\cofc_\AppData\Local\Temp\tmpE9D8.tmp", message = "rjsec358")~~RJStevensMusicPresentationCreator.Program~0000001719
2024-12-18 21:58:16.5386~DEBUG~extract completed~~RJStevensMusicPresentationCreator.Program~0000001720
2024-12-18 21:58:16.5416~DEBUG~<- ExtractAllFromFile(zipFileName = "C:\Users\cofc_\AppData\Local\Temp\tmpE821.tmp\rjsec358.ZIP", decompressedFolder = "C:\Users\cofc_\AppData\Local\Temp\tmpE9D8.tmp", message = "rjsec358")~~RJStevensMusicPresentationCreator.Program~0000001721
2024-12-18 21:58:16.5976~DEBUG~-> DownloadFile(url = "https://faas-nyc1-2ef2e6cc.doserverless.co/api/v1/web/fn-dd7f8f6a-d32a-4f5e-ae7b-870dfb7963f3/downloads/bundle?id=000000000000367", filename = "C:\Users\cofc_\AppData\Local\Temp\tmpEAC3.tmp\rjsec360.ZIP", message = "rjsec360")~~RJStevensMusicPresentationCreator.Program~0000001722
2024-12-18 21:58:17.0627~DEBUG~download completed~~RJStevensMusicPresentationCreator.Program~0000001723
2024-12-18 21:58:17.0627~DEBUG~<- DownloadFile(url = "https://faas-nyc1-2ef2e6cc.doserverless.co/api/v1/web/fn-dd7f8f6a-d32a-4f5e-ae7b-870dfb7963f3/downloads/bundle?id=000000000000367", filename = "C:\Users\cofc_\AppData\Local\Temp\tmpEAC3.tmp\rjsec360.ZIP", message = "rjsec360")~~RJStevensMusicPresentationCreator.Program~0000001724
2024-12-18 21:58:17.0777~DEBUG~-> ExtractAllFromFile(zipFileName = "C:\Users\cofc_\AppData\Local\Temp\tmpEAC3.tmp\rjsec360.ZIP", decompressedFolder = "C:\Users\cofc_\AppData\Local\Temp\tmpECA9.tmp", message = "rjsec360")~~RJStevensMusicPresentationCreator.Program~0000001725
2024-12-18 21:58:17.3644~DEBUG~extract completed~~RJStevensMusicPresentationCreator.Program~0000001726
2024-12-18 21:58:17.3644~DEBUG~<- ExtractAllFromFile(zipFileName = "C:\Users\cofc_\AppData\Local\Temp\tmpEAC3.tmp\rjsec360.ZIP", decompressedFolder = "C:\Users\cofc_\AppData\Local\Temp\tmpECA9.tmp", message = "rjsec360")~~RJStevensMusicPresentationCreator.Program~0000001727
2024-12-18 21:58:17.4414~DEBUG~-> DownloadFile(url = "https://faas-nyc1-2ef2e6cc.doserverless.co/api/v1/web/fn-dd7f8f6a-d32a-4f5e-ae7b-870dfb7963f3/downloads/bundle?id=000000000003362", filename = "C:\Users\cofc_\AppData\Local\Temp\tmpEE11.tmp\rjsec360.16.ZIP", message = "rjsec360.16")~~RJStevensMusicPresentationCreator.Program~0000001728
2024-12-18 21:58:17.9265~DEBUG~download completed~~RJStevensMusicPresentationCreator.Program~0000001729
2024-12-18 21:58:17.9265~DEBUG~<- DownloadFile(url = "https://faas-nyc1-2ef2e6cc.doserverless.co/api/v1/web/fn-dd7f8f6a-d32a-4f5e-ae7b-870dfb7963f3/downloads/bundle?id=000000000003362", filename = "C:\Users\cofc_\AppData\Local\Temp\tmpEE11.tmp\rjsec360.16.ZIP", message = "rjsec360.16")~~RJStevensMusicPresentationCreator.Program~0000001730
2024-12-18 21:58:17.9425~DEBUG~-> ExtractAllFromFile(zipFileName = "C:\Users\cofc_\AppData\Local\Temp\tmpEE11.tmp\rjsec360.16.ZIP", decompressedFolder = "C:\Users\cofc_\AppData\Local\Temp\tmpF006.tmp", message = "rjsec360.16")~~RJStevensMusicPresentationCreator.Program~0000001731
2024-12-18 21:58:18.2353~DEBUG~extract completed~~RJStevensMusicPresentationCreator.Program~0000001732
2024-12-18 21:58:18.2353~DEBUG~<- ExtractAllFromFile(zipFileName = "C:\Users\cofc_\AppData\Local\Temp\tmpEE11.tmp\rjsec360.16.ZIP", decompressedFolder = "C:\Users\cofc_\AppData\Local\Temp\tmpF006.tmp", message = "rjsec360.16")~~RJStevensMusicPresentationCreator.Program~0000001733
2024-12-18 21:58:18.3083~DEBUG~-> DownloadFile(url = "https://faas-nyc1-2ef2e6cc.doserverless.co/api/v1/web/fn-dd7f8f6a-d32a-4f5e-ae7b-870dfb7963f3/downloads/bundle?id=000000000000369", filename = "C:\Users\cofc_\AppData\Local\Temp\tmpF17E.tmp\rjsec362.ZIP", message = "rjsec362")~~RJStevensMusicPresentationCreator.Program~0000001734
2024-12-18 21:58:18.8213~DEBUG~download completed~~RJStevensMusicPresentationCreator.Program~0000001735
2024-12-18 21:58:18.8223~DEBUG~<- DownloadFile(url = "https://faas-nyc1-2ef2e6cc.doserverless.co/api/v1/web/fn-dd7f8f6a-d32a-4f5e-ae7b-870dfb7963f3/downloads/bundle?id=000000000000369", filename = "C:\Users\cofc_\AppData\Local\Temp\tmpF17E.tmp\rjsec362.ZIP", message = "rjsec362")~~RJStevensMusicPresentationCreator.Program~0000001736
2024-12-18 21:58:18.8223~DEBUG~-> ExtractAllFromFile(zipFileName = "C:\Users\cofc_\AppData\Local\Temp\tmpF17E.tmp\rjsec362.ZIP", decompressedFolder = "C:\Users\cofc_\AppData\Local\Temp\tmpF383.tmp", message = "rjsec362")~~RJStevensMusicPresentationCreator.Program~0000001737
2024-12-18 21:58:19.1655~DEBUG~extract completed~~RJStevensMusicPresentationCreator.Program~0000001738
2024-12-18 21:58:19.1685~DEBUG~<- ExtractAllFromFile(zipFileName = "C:\Users\cofc_\AppData\Local\Temp\tmpF17E.tmp\rjsec362.ZIP", decompressedFolder = "C:\Users\cofc_\AppData\Local\Temp\tmpF383.tmp", message = "rjsec362")~~RJStevensMusicPresentationCreator.Program~0000001739
2024-12-18 21:58:19.2505~DEBUG~-> DownloadFile(url = "https://faas-nyc1-2ef2e6cc.doserverless.co/api/v1/web/fn-dd7f8f6a-d32a-4f5e-ae7b-870dfb7963f3/downloads/bundle?id=000000000000370", filename = "C:\Users\cofc_\AppData\Local\Temp\tmpF529.tmp\rjsec363.ZIP", message = "rjsec363")~~RJStevensMusicPresentationCreator.Program~0000001740
2024-12-18 21:58:19.7316~DEBUG~download completed~~RJStevensMusicPresentationCreator.Program~0000001741
2024-12-18 21:58:19.7316~DEBUG~<- DownloadFile(url = "https://faas-nyc1-2ef2e6cc.doserverless.co/api/v1/web/fn-dd7f8f6a-d32a-4f5e-ae7b-870dfb7963f3/downloads/bundle?id=000000000000370", filename = "C:\Users\cofc_\AppData\Local\Temp\tmpF529.tmp\rjsec363.ZIP", message = "rjsec363")~~RJStevensMusicPresentationCreator.Program~0000001742
2024-12-18 21:58:19.7466~DEBUG~-> ExtractAllFromFile(zipFileName = "C:\Users\cofc_\AppData\Local\Temp\tmpF529.tmp\rjsec363.ZIP", decompressedFolder = "C:\Users\cofc_\AppData\Local\Temp\tmpF71E.tmp", message = "rjsec363")~~RJStevensMusicPresentationCreator.Program~0000001743
2024-12-18 21:58:19.9926~DEBUG~extract completed~~RJStevensMusicPresentationCreator.Program~0000001744
2024-12-18 21:58:19.9966~DEBUG~<- ExtractAllFromFile(zipFileName = "C:\Users\cofc_\AppData\Local\Temp\tmpF529.tmp\rjsec363.ZIP", decompressedFolder = "C:\Users\cofc_\AppData\Local\Temp\tmpF71E.tmp", message = "rjsec363")~~RJStevensMusicPresentationCreator.Program~0000001745
2024-12-18 21:58:20.0596~DEBUG~-> DownloadFile(url = "https://faas-nyc1-2ef2e6cc.doserverless.co/api/v1/web/fn-dd7f8f6a-d32a-4f5e-ae7b-870dfb7963f3/downloads/bundle?id=000000000000371", filename = "C:\Users\cofc_\AppData\Local\Temp\tmpF858.tmp\rjsec364.ZIP", message = "rjsec364")~~RJStevensMusicPresentationCreator.Program~0000001746
2024-12-18 21:58:20.5327~DEBUG~download completed~~RJStevensMusicPresentationCreator.Program~0000001747
2024-12-18 21:58:20.5327~DEBUG~<- DownloadFile(url = "https://faas-nyc1-2ef2e6cc.doserverless.co/api/v1/web/fn-dd7f8f6a-d32a-4f5e-ae7b-870dfb7963f3/downloads/bundle?id=000000000000371", filename = "C:\Users\cofc_\AppData\Local\Temp\tmpF858.tmp\rjsec364.ZIP", message = "rjsec364")~~RJStevensMusicPresentationCreator.Program~0000001748
2024-12-18 21:58:20.5527~DEBUG~-> ExtractAllFromFile(zipFileName = "C:\Users\cofc_\AppData\Local\Temp\tmpF858.tmp\rjsec364.ZIP", decompressedFolder = "C:\Users\cofc_\AppData\Local\Temp\tmpFA3D.tmp", message = "rjsec364")~~RJStevensMusicPresentationCreator.Program~0000001749
2024-12-18 21:58:20.7937~DEBUG~extract completed~~RJStevensMusicPresentationCreator.Program~0000001750
2024-12-18 21:58:20.7937~DEBUG~<- ExtractAllFromFile(zipFileName = "C:\Users\cofc_\AppData\Local\Temp\tmpF858.tmp\rjsec364.ZIP", decompressedFolder = "C:\Users\cofc_\AppData\Local\Temp\tmpFA3D.tmp", message = "rjsec364")~~RJStevensMusicPresentationCreator.Program~0000001751
2024-12-18 21:58:20.8567~DEBUG~-> DownloadFile(url = "https://faas-nyc1-2ef2e6cc.doserverless.co/api/v1/web/fn-dd7f8f6a-d32a-4f5e-ae7b-870dfb7963f3/downloads/bundle?id=000000000000372", filename = "C:\Users\cofc_\AppData\Local\Temp\tmpFB77.tmp\rjsec365.ZIP", message = "rjsec365")~~RJStevensMusicPresentationCreator.Program~0000001752
2024-12-18 21:58:21.5587~DEBUG~download completed~~RJStevensMusicPresentationCreator.Program~0000001753
2024-12-18 21:58:21.5587~DEBUG~<- DownloadFile(url = "https://faas-nyc1-2ef2e6cc.doserverless.co/api/v1/web/fn-dd7f8f6a-d32a-4f5e-ae7b-870dfb7963f3/downloads/bundle?id=000000000000372", filename = "C:\Users\cofc_\AppData\Local\Temp\tmpFB77.tmp\rjsec365.ZIP", message = "rjsec365")~~RJStevensMusicPresentationCreator.Program~0000001754
2024-12-18 21:58:21.5747~DEBUG~-> ExtractAllFromFile(zipFileName = "C:\Users\cofc_\AppData\Local\Temp\tmpFB77.tmp\rjsec365.ZIP", decompressedFolder = "C:\Users\cofc_\AppData\Local\Temp\tmpFE47.tmp", message = "rjsec365")~~RJStevensMusicPresentationCreator.Program~0000001755
2024-12-18 21:58:21.8476~DEBUG~extract completed~~RJStevensMusicPresentationCreator.Program~0000001756
2024-12-18 21:58:21.8476~DEBUG~<- ExtractAllFromFile(zipFileName = "C:\Users\cofc_\AppData\Local\Temp\tmpFB77.tmp\rjsec365.ZIP", decompressedFolder = "C:\Users\cofc_\AppData\Local\Temp\tmpFE47.tmp", message = "rjsec365")~~RJStevensMusicPresentationCreator.Program~0000001757
2024-12-18 21:58:21.9266~DEBUG~-> DownloadFile(url = "https://faas-nyc1-2ef2e6cc.doserverless.co/api/v1/web/fn-dd7f8f6a-d32a-4f5e-ae7b-870dfb7963f3/downloads/bundle?id=000000000000373", filename = "C:\Users\cofc_\AppData\Local\Temp\tmpFF9F.tmp\rjsec366.ZIP", message = "rjsec366")~~RJStevensMusicPresentationCreator.Program~0000001758
2024-12-18 21:58:22.3811~DEBUG~download completed~~RJStevensMusicPresentationCreator.Program~0000001759
2024-12-18 21:58:22.3811~DEBUG~<- DownloadFile(url = "https://faas-nyc1-2ef2e6cc.doserverless.co/api/v1/web/fn-dd7f8f6a-d32a-4f5e-ae7b-870dfb7963f3/downloads/bundle?id=000000000000373", filename = "C:\Users\cofc_\AppData\Local\Temp\tmpFF9F.tmp\rjsec366.ZIP", message = "rjsec366")~~RJStevensMusicPresentationCreator.Program~0000001760
2024-12-18 21:58:22.4016~DEBUG~-> ExtractAllFromFile(zipFileName = "C:\Users\cofc_\AppData\Local\Temp\tmpFF9F.tmp\rjsec366.ZIP", decompressedFolder = "C:\Users\cofc_\AppData\Local\Temp\tmp185.tmp", message = "rjsec366")~~RJStevensMusicPresentationCreator.Program~0000001761
2024-12-18 21:58:22.6367~DEBUG~extract completed~~RJStevensMusicPresentationCreator.Program~0000001762
2024-12-18 21:58:22.6367~DEBUG~<- ExtractAllFromFile(zipFileName = "C:\Users\cofc_\AppData\Local\Temp\tmpFF9F.tmp\rjsec366.ZIP", decompressedFolder = "C:\Users\cofc_\AppData\Local\Temp\tmp185.tmp", message = "rjsec366")~~RJStevensMusicPresentationCreator.Program~0000001763
2024-12-18 21:58:22.7006~DEBUG~-> DownloadFile(url = "https://faas-nyc1-2ef2e6cc.doserverless.co/api/v1/web/fn-dd7f8f6a-d32a-4f5e-ae7b-870dfb7963f3/downloads/bundle?id=000000000000374", filename = "C:\Users\cofc_\AppData\Local\Temp\tmp2AF.tmp\rjsec367.ZIP", message = "rjsec367")~~RJStevensMusicPresentationCreator.Program~0000001764
2024-12-18 21:58:27.7142~DEBUG~download completed~~RJStevensMusicPresentationCreator.Program~0000001765
2024-12-18 21:58:27.7142~DEBUG~<- DownloadFile(url = "https://faas-nyc1-2ef2e6cc.doserverless.co/api/v1/web/fn-dd7f8f6a-d32a-4f5e-ae7b-870dfb7963f3/downloads/bundle?id=000000000000374", filename = "C:\Users\cofc_\AppData\Local\Temp\tmp2AF.tmp\rjsec367.ZIP", message = "rjsec367")~~RJStevensMusicPresentationCreator.Program~0000001766
2024-12-18 21:58:27.7312~DEBUG~-> ExtractAllFromFile(zipFileName = "C:\Users\cofc_\AppData\Local\Temp\tmp2AF.tmp\rjsec367.ZIP", decompressedFolder = "C:\Users\cofc_\AppData\Local\Temp\tmp1657.tmp", message = "rjsec367")~~RJStevensMusicPresentationCreator.Program~0000001767
2024-12-18 21:58:27.9632~DEBUG~extract completed~~RJStevensMusicPresentationCreator.Program~0000001768
2024-12-18 21:58:27.9632~DEBUG~<- ExtractAllFromFile(zipFileName = "C:\Users\cofc_\AppData\Local\Temp\tmp2AF.tmp\rjsec367.ZIP", decompressedFolder = "C:\Users\cofc_\AppData\Local\Temp\tmp1657.tmp", message = "rjsec367")~~RJStevensMusicPresentationCreator.Program~0000001769
2024-12-18 21:58:28.0322~DEBUG~-> DownloadFile(url = "https://faas-nyc1-2ef2e6cc.doserverless.co/api/v1/web/fn-dd7f8f6a-d32a-4f5e-ae7b-870dfb7963f3/downloads/bundle?id=000000000000375", filename = "C:\Users\cofc_\AppData\Local\Temp\tmp1781.tmp\rjsec368.ZIP", message = "rjsec368")~~RJStevensMusicPresentationCreator.Program~0000001770
2024-12-18 21:58:28.4712~DEBUG~download completed~~RJStevensMusicPresentationCreator.Program~0000001771
2024-12-18 21:58:28.4712~DEBUG~<- DownloadFile(url = "https://faas-nyc1-2ef2e6cc.doserverless.co/api/v1/web/fn-dd7f8f6a-d32a-4f5e-ae7b-870dfb7963f3/downloads/bundle?id=000000000000375", filename = "C:\Users\cofc_\AppData\Local\Temp\tmp1781.tmp\rjsec368.ZIP", message = "rjsec368")~~RJStevensMusicPresentationCreator.Program~0000001772
2024-12-18 21:58:28.4882~DEBUG~-> ExtractAllFromFile(zipFileName = "C:\Users\cofc_\AppData\Local\Temp\tmp1781.tmp\rjsec368.ZIP", decompressedFolder = "C:\Users\cofc_\AppData\Local\Temp\tmp1947.tmp", message = "rjsec368")~~RJStevensMusicPresentationCreator.Program~0000001773
2024-12-18 21:58:28.6800~DEBUG~extract completed~~RJStevensMusicPresentationCreator.Program~0000001774
2024-12-18 21:58:28.6830~DEBUG~<- ExtractAllFromFile(zipFileName = "C:\Users\cofc_\AppData\Local\Temp\tmp1781.tmp\rjsec368.ZIP", decompressedFolder = "C:\Users\cofc_\AppData\Local\Temp\tmp1947.tmp", message = "rjsec368")~~RJStevensMusicPresentationCreator.Program~0000001775
2024-12-18 21:58:28.7410~DEBUG~-> DownloadFile(url = "https://faas-nyc1-2ef2e6cc.doserverless.co/api/v1/web/fn-dd7f8f6a-d32a-4f5e-ae7b-870dfb7963f3/downloads/bundle?id=000000000000378", filename = "C:\Users\cofc_\AppData\Local\Temp\tmp1A42.tmp\rjsec371.ZIP", message = "rjsec371")~~RJStevensMusicPresentationCreator.Program~0000001776
2024-12-18 21:58:29.1811~DEBUG~download completed~~RJStevensMusicPresentationCreator.Program~0000001777
2024-12-18 21:58:29.1811~DEBUG~<- DownloadFile(url = "https://faas-nyc1-2ef2e6cc.doserverless.co/api/v1/web/fn-dd7f8f6a-d32a-4f5e-ae7b-870dfb7963f3/downloads/bundle?id=000000000000378", filename = "C:\Users\cofc_\AppData\Local\Temp\tmp1A42.tmp\rjsec371.ZIP", message = "rjsec371")~~RJStevensMusicPresentationCreator.Program~0000001778
2024-12-18 21:58:29.1991~DEBUG~-> ExtractAllFromFile(zipFileName = "C:\Users\cofc_\AppData\Local\Temp\tmp1A42.tmp\rjsec371.ZIP", decompressedFolder = "C:\Users\cofc_\AppData\Local\Temp\tmp1C18.tmp", message = "rjsec371")~~RJStevensMusicPresentationCreator.Program~0000001779
2024-12-18 21:58:29.5185~DEBUG~extract completed~~RJStevensMusicPresentationCreator.Program~0000001780
2024-12-18 21:58:29.5185~DEBUG~<- ExtractAllFromFile(zipFileName = "C:\Users\cofc_\AppData\Local\Temp\tmp1A42.tmp\rjsec371.ZIP", decompressedFolder = "C:\Users\cofc_\AppData\Local\Temp\tmp1C18.tmp", message = "rjsec371")~~RJStevensMusicPresentationCreator.Program~0000001781
2024-12-18 21:58:29.6016~DEBUG~-> DownloadFile(url = "https://faas-nyc1-2ef2e6cc.doserverless.co/api/v1/web/fn-dd7f8f6a-d32a-4f5e-ae7b-870dfb7963f3/downloads/bundle?id=000000000000380", filename = "C:\Users\cofc_\AppData\Local\Temp\tmp1D9F.tmp\rjsec373.ZIP", message = "rjsec373")~~RJStevensMusicPresentationCreator.Program~0000001782
2024-12-18 21:58:30.0467~DEBUG~download completed~~RJStevensMusicPresentationCreator.Program~0000001783
2024-12-18 21:58:30.0467~DEBUG~<- DownloadFile(url = "https://faas-nyc1-2ef2e6cc.doserverless.co/api/v1/web/fn-dd7f8f6a-d32a-4f5e-ae7b-870dfb7963f3/downloads/bundle?id=000000000000380", filename = "C:\Users\cofc_\AppData\Local\Temp\tmp1D9F.tmp\rjsec373.ZIP", message = "rjsec373")~~RJStevensMusicPresentationCreator.Program~0000001784
2024-12-18 21:58:30.0632~DEBUG~-> ExtractAllFromFile(zipFileName = "C:\Users\cofc_\AppData\Local\Temp\tmp1D9F.tmp\rjsec373.ZIP", decompressedFolder = "C:\Users\cofc_\AppData\Local\Temp\tmp1F75.tmp", message = "rjsec373")~~RJStevensMusicPresentationCreator.Program~0000001785
2024-12-18 21:58:30.3182~DEBUG~extract completed~~RJStevensMusicPresentationCreator.Program~0000001786
2024-12-18 21:58:30.3182~DEBUG~<- ExtractAllFromFile(zipFileName = "C:\Users\cofc_\AppData\Local\Temp\tmp1D9F.tmp\rjsec373.ZIP", decompressedFolder = "C:\Users\cofc_\AppData\Local\Temp\tmp1F75.tmp", message = "rjsec373")~~RJStevensMusicPresentationCreator.Program~0000001787
2024-12-18 21:58:30.3952~DEBUG~-> DownloadFile(url = "https://faas-nyc1-2ef2e6cc.doserverless.co/api/v1/web/fn-dd7f8f6a-d32a-4f5e-ae7b-870dfb7963f3/downloads/bundle?id=000000000000381", filename = "C:\Users\cofc_\AppData\Local\Temp\tmp20BE.tmp\rjsec374.ZIP", message = "rjsec374")~~RJStevensMusicPresentationCreator.Program~0000001788
2024-12-18 21:58:30.8673~DEBUG~download completed~~RJStevensMusicPresentationCreator.Program~0000001789
2024-12-18 21:58:30.8673~DEBUG~<- DownloadFile(url = "https://faas-nyc1-2ef2e6cc.doserverless.co/api/v1/web/fn-dd7f8f6a-d32a-4f5e-ae7b-870dfb7963f3/downloads/bundle?id=000000000000381", filename = "C:\Users\cofc_\AppData\Local\Temp\tmp20BE.tmp\rjsec374.ZIP", message = "rjsec374")~~RJStevensMusicPresentationCreator.Program~0000001790
2024-12-18 21:58:30.8843~DEBUG~-> ExtractAllFromFile(zipFileName = "C:\Users\cofc_\AppData\Local\Temp\tmp20BE.tmp\rjsec374.ZIP", decompressedFolder = "C:\Users\cofc_\AppData\Local\Temp\tmp22A3.tmp", message = "rjsec374")~~RJStevensMusicPresentationCreator.Program~0000001791
2024-12-18 21:58:31.1773~DEBUG~extract completed~~RJStevensMusicPresentationCreator.Program~0000001792
2024-12-18 21:58:31.1773~DEBUG~<- ExtractAllFromFile(zipFileName = "C:\Users\cofc_\AppData\Local\Temp\tmp20BE.tmp\rjsec374.ZIP", decompressedFolder = "C:\Users\cofc_\AppData\Local\Temp\tmp22A3.tmp", message = "rjsec374")~~RJStevensMusicPresentationCreator.Program~0000001793
2024-12-18 21:58:31.2523~DEBUG~-> DownloadFile(url = "https://faas-nyc1-2ef2e6cc.doserverless.co/api/v1/web/fn-dd7f8f6a-d32a-4f5e-ae7b-870dfb7963f3/downloads/bundle?id=000000000000382", filename = "C:\Users\cofc_\AppData\Local\Temp\tmp241B.tmp\rjsec375.ZIP", message = "rjsec375")~~RJStevensMusicPresentationCreator.Program~0000001794
2024-12-18 21:58:31.7124~DEBUG~download completed~~RJStevensMusicPresentationCreator.Program~0000001795
2024-12-18 21:58:31.7134~DEBUG~<- DownloadFile(url = "https://faas-nyc1-2ef2e6cc.doserverless.co/api/v1/web/fn-dd7f8f6a-d32a-4f5e-ae7b-870dfb7963f3/downloads/bundle?id=000000000000382", filename = "C:\Users\cofc_\AppData\Local\Temp\tmp241B.tmp\rjsec375.ZIP", message = "rjsec375")~~RJStevensMusicPresentationCreator.Program~0000001796
2024-12-18 21:58:31.7134~DEBUG~-> ExtractAllFromFile(zipFileName = "C:\Users\cofc_\AppData\Local\Temp\tmp241B.tmp\rjsec375.ZIP", decompressedFolder = "C:\Users\cofc_\AppData\Local\Temp\tmp25F1.tmp", message = "rjsec375")~~RJStevensMusicPresentationCreator.Program~0000001797
2024-12-18 21:58:32.0415~DEBUG~extract completed~~RJStevensMusicPresentationCreator.Program~0000001798
2024-12-18 21:58:32.0415~DEBUG~<- ExtractAllFromFile(zipFileName = "C:\Users\cofc_\AppData\Local\Temp\tmp241B.tmp\rjsec375.ZIP", decompressedFolder = "C:\Users\cofc_\AppData\Local\Temp\tmp25F1.tmp", message = "rjsec375")~~RJStevensMusicPresentationCreator.Program~0000001799
2024-12-18 21:58:32.1205~DEBUG~-> DownloadFile(url = "https://faas-nyc1-2ef2e6cc.doserverless.co/api/v1/web/fn-dd7f8f6a-d32a-4f5e-ae7b-870dfb7963f3/downloads/bundle?id=000000000000383", filename = "C:\Users\cofc_\AppData\Local\Temp\tmp2788.tmp\rjsec376.ZIP", message = "rjsec376")~~RJStevensMusicPresentationCreator.Program~0000001800
2024-12-18 21:58:32.6135~DEBUG~download completed~~RJStevensMusicPresentationCreator.Program~0000001801
2024-12-18 21:58:32.6135~DEBUG~<- DownloadFile(url = "https://faas-nyc1-2ef2e6cc.doserverless.co/api/v1/web/fn-dd7f8f6a-d32a-4f5e-ae7b-870dfb7963f3/downloads/bundle?id=000000000000383", filename = "C:\Users\cofc_\AppData\Local\Temp\tmp2788.tmp\rjsec376.ZIP", message = "rjsec376")~~RJStevensMusicPresentationCreator.Program~0000001802
2024-12-18 21:58:32.6335~DEBUG~-> ExtractAllFromFile(zipFileName = "C:\Users\cofc_\AppData\Local\Temp\tmp2788.tmp\rjsec376.ZIP", decompressedFolder = "C:\Users\cofc_\AppData\Local\Temp\tmp297D.tmp", message = "rjsec376")~~RJStevensMusicPresentationCreator.Program~0000001803
2024-12-18 21:58:32.9045~DEBUG~extract completed~~RJStevensMusicPresentationCreator.Program~0000001804
2024-12-18 21:58:32.9045~DEBUG~<- ExtractAllFromFile(zipFileName = "C:\Users\cofc_\AppData\Local\Temp\tmp2788.tmp\rjsec376.ZIP", decompressedFolder = "C:\Users\cofc_\AppData\Local\Temp\tmp297D.tmp", message = "rjsec376")~~RJStevensMusicPresentationCreator.Program~0000001805
2024-12-18 21:58:32.9745~DEBUG~-> DownloadFile(url = "https://faas-nyc1-2ef2e6cc.doserverless.co/api/v1/web/fn-dd7f8f6a-d32a-4f5e-ae7b-870dfb7963f3/downloads/bundle?id=000000000000385", filename = "C:\Users\cofc_\AppData\Local\Temp\tmp2AD6.tmp\rjsec378.ZIP", message = "rjsec378")~~RJStevensMusicPresentationCreator.Program~0000001806
2024-12-18 21:58:33.4206~DEBUG~download completed~~RJStevensMusicPresentationCreator.Program~0000001807
2024-12-18 21:58:33.4206~DEBUG~<- DownloadFile(url = "https://faas-nyc1-2ef2e6cc.doserverless.co/api/v1/web/fn-dd7f8f6a-d32a-4f5e-ae7b-870dfb7963f3/downloads/bundle?id=000000000000385", filename = "C:\Users\cofc_\AppData\Local\Temp\tmp2AD6.tmp\rjsec378.ZIP", message = "rjsec378")~~RJStevensMusicPresentationCreator.Program~0000001808
2024-12-18 21:58:33.4206~DEBUG~-> ExtractAllFromFile(zipFileName = "C:\Users\cofc_\AppData\Local\Temp\tmp2AD6.tmp\rjsec378.ZIP", decompressedFolder = "C:\Users\cofc_\AppData\Local\Temp\tmp2C9C.tmp", message = "rjsec378")~~RJStevensMusicPresentationCreator.Program~0000001809
2024-12-18 21:58:33.6935~DEBUG~extract completed~~RJStevensMusicPresentationCreator.Program~0000001810
2024-12-18 21:58:33.6935~DEBUG~<- ExtractAllFromFile(zipFileName = "C:\Users\cofc_\AppData\Local\Temp\tmp2AD6.tmp\rjsec378.ZIP", decompressedFolder = "C:\Users\cofc_\AppData\Local\Temp\tmp2C9C.tmp", message = "rjsec378")~~RJStevensMusicPresentationCreator.Program~0000001811
2024-12-18 21:58:33.7615~DEBUG~-> DownloadFile(url = "https://faas-nyc1-2ef2e6cc.doserverless.co/api/v1/web/fn-dd7f8f6a-d32a-4f5e-ae7b-870dfb7963f3/downloads/bundle?id=000000000000386", filename = "C:\Users\cofc_\AppData\Local\Temp\tmp2DF5.tmp\rjsec379.ZIP", message = "rjsec379")~~RJStevensMusicPresentationCreator.Program~0000001812
2024-12-18 21:58:34.1965~DEBUG~download completed~~RJStevensMusicPresentationCreator.Program~0000001813
2024-12-18 21:58:34.1975~DEBUG~<- DownloadFile(url = "https://faas-nyc1-2ef2e6cc.doserverless.co/api/v1/web/fn-dd7f8f6a-d32a-4f5e-ae7b-870dfb7963f3/downloads/bundle?id=000000000000386", filename = "C:\Users\cofc_\AppData\Local\Temp\tmp2DF5.tmp\rjsec379.ZIP", message = "rjsec379")~~RJStevensMusicPresentationCreator.Program~0000001814
2024-12-18 21:58:34.1975~DEBUG~-> ExtractAllFromFile(zipFileName = "C:\Users\cofc_\AppData\Local\Temp\tmp2DF5.tmp\rjsec379.ZIP", decompressedFolder = "C:\Users\cofc_\AppData\Local\Temp\tmp2FAC.tmp", message = "rjsec379")~~RJStevensMusicPresentationCreator.Program~0000001815
2024-12-18 21:58:34.4726~DEBUG~extract completed~~RJStevensMusicPresentationCreator.Program~0000001816
2024-12-18 21:58:34.4726~DEBUG~<- ExtractAllFromFile(zipFileName = "C:\Users\cofc_\AppData\Local\Temp\tmp2DF5.tmp\rjsec379.ZIP", decompressedFolder = "C:\Users\cofc_\AppData\Local\Temp\tmp2FAC.tmp", message = "rjsec379")~~RJStevensMusicPresentationCreator.Program~0000001817
2024-12-18 21:58:34.5446~DEBUG~-> DownloadFile(url = "https://faas-nyc1-2ef2e6cc.doserverless.co/api/v1/web/fn-dd7f8f6a-d32a-4f5e-ae7b-870dfb7963f3/downloads/bundle?id=000000000000388", filename = "C:\Users\cofc_\AppData\Local\Temp\tmp3104.tmp\rjsec381.ZIP", message = "rjsec381")~~RJStevensMusicPresentationCreator.Program~0000001818
2024-12-18 21:58:35.0207~DEBUG~download completed~~RJStevensMusicPresentationCreator.Program~0000001819
2024-12-18 21:58:35.0207~DEBUG~<- DownloadFile(url = "https://faas-nyc1-2ef2e6cc.doserverless.co/api/v1/web/fn-dd7f8f6a-d32a-4f5e-ae7b-870dfb7963f3/downloads/bundle?id=000000000000388", filename = "C:\Users\cofc_\AppData\Local\Temp\tmp3104.tmp\rjsec381.ZIP", message = "rjsec381")~~RJStevensMusicPresentationCreator.Program~0000001820
2024-12-18 21:58:35.0327~DEBUG~-> ExtractAllFromFile(zipFileName = "C:\Users\cofc_\AppData\Local\Temp\tmp3104.tmp\rjsec381.ZIP", decompressedFolder = "C:\Users\cofc_\AppData\Local\Temp\tmp32EA.tmp", message = "rjsec381")~~RJStevensMusicPresentationCreator.Program~0000001821
2024-12-18 21:58:35.2947~DEBUG~extract completed~~RJStevensMusicPresentationCreator.Program~0000001822
2024-12-18 21:58:35.2947~DEBUG~<- ExtractAllFromFile(zipFileName = "C:\Users\cofc_\AppData\Local\Temp\tmp3104.tmp\rjsec381.ZIP", decompressedFolder = "C:\Users\cofc_\AppData\Local\Temp\tmp32EA.tmp", message = "rjsec381")~~RJStevensMusicPresentationCreator.Program~0000001823
2024-12-18 21:58:35.3717~DEBUG~-> DownloadFile(url = "https://faas-nyc1-2ef2e6cc.doserverless.co/api/v1/web/fn-dd7f8f6a-d32a-4f5e-ae7b-870dfb7963f3/downloads/bundle?id=000000000000389", filename = "C:\Users\cofc_\AppData\Local\Temp\tmp3442.tmp\rjsec382.ZIP", message = "rjsec382")~~RJStevensMusicPresentationCreator.Program~0000001824
2024-12-18 21:58:35.8327~DEBUG~download completed~~RJStevensMusicPresentationCreator.Program~0000001825
2024-12-18 21:58:35.8327~DEBUG~<- DownloadFile(url = "https://faas-nyc1-2ef2e6cc.doserverless.co/api/v1/web/fn-dd7f8f6a-d32a-4f5e-ae7b-870dfb7963f3/downloads/bundle?id=000000000000389", filename = "C:\Users\cofc_\AppData\Local\Temp\tmp3442.tmp\rjsec382.ZIP", message = "rjsec382")~~RJStevensMusicPresentationCreator.Program~0000001826
2024-12-18 21:58:35.8497~DEBUG~-> ExtractAllFromFile(zipFileName = "C:\Users\cofc_\AppData\Local\Temp\tmp3442.tmp\rjsec382.ZIP", decompressedFolder = "C:\Users\cofc_\AppData\Local\Temp\tmp3618.tmp", message = "rjsec382")~~RJStevensMusicPresentationCreator.Program~0000001827
2024-12-18 21:58:36.0908~DEBUG~extract completed~~RJStevensMusicPresentationCreator.Program~0000001828
2024-12-18 21:58:36.0908~DEBUG~<- ExtractAllFromFile(zipFileName = "C:\Users\cofc_\AppData\Local\Temp\tmp3442.tmp\rjsec382.ZIP", decompressedFolder = "C:\Users\cofc_\AppData\Local\Temp\tmp3618.tmp", message = "rjsec382")~~RJStevensMusicPresentationCreator.Program~0000001829
2024-12-18 21:58:36.1658~DEBUG~-> DownloadFile(url = "https://faas-nyc1-2ef2e6cc.doserverless.co/api/v1/web/fn-dd7f8f6a-d32a-4f5e-ae7b-870dfb7963f3/downloads/bundle?id=000000000000391", filename = "C:\Users\cofc_\AppData\Local\Temp\tmp3752.tmp\rjsec384.ZIP", message = "rjsec384")~~RJStevensMusicPresentationCreator.Program~0000001830
2024-12-18 21:58:36.6358~DEBUG~download completed~~RJStevensMusicPresentationCreator.Program~0000001831
2024-12-18 21:58:36.6358~DEBUG~<- DownloadFile(url = "https://faas-nyc1-2ef2e6cc.doserverless.co/api/v1/web/fn-dd7f8f6a-d32a-4f5e-ae7b-870dfb7963f3/downloads/bundle?id=000000000000391", filename = "C:\Users\cofc_\AppData\Local\Temp\tmp3752.tmp\rjsec384.ZIP", message = "rjsec384")~~RJStevensMusicPresentationCreator.Program~0000001832
2024-12-18 21:58:36.6518~DEBUG~-> ExtractAllFromFile(zipFileName = "C:\Users\cofc_\AppData\Local\Temp\tmp3752.tmp\rjsec384.ZIP", decompressedFolder = "C:\Users\cofc_\AppData\Local\Temp\tmp3947.tmp", message = "rjsec384")~~RJStevensMusicPresentationCreator.Program~0000001833
2024-12-18 21:58:36.8549~DEBUG~extract completed~~RJStevensMusicPresentationCreator.Program~0000001834
2024-12-18 21:58:36.8549~DEBUG~<- ExtractAllFromFile(zipFileName = "C:\Users\cofc_\AppData\Local\Temp\tmp3752.tmp\rjsec384.ZIP", decompressedFolder = "C:\Users\cofc_\AppData\Local\Temp\tmp3947.tmp", message = "rjsec384")~~RJStevensMusicPresentationCreator.Program~0000001835
2024-12-18 21:58:36.9219~DEBUG~-> DownloadFile(url = "https://faas-nyc1-2ef2e6cc.doserverless.co/api/v1/web/fn-dd7f8f6a-d32a-4f5e-ae7b-870dfb7963f3/downloads/bundle?id=000000000000392", filename = "C:\Users\cofc_\AppData\Local\Temp\tmp3A51.tmp\rjsec385.ZIP", message = "rjsec385")~~RJStevensMusicPresentationCreator.Program~0000001836
2024-12-18 21:58:37.3559~DEBUG~download completed~~RJStevensMusicPresentationCreator.Program~0000001837
2024-12-18 21:58:37.3559~DEBUG~<- DownloadFile(url = "https://faas-nyc1-2ef2e6cc.doserverless.co/api/v1/web/fn-dd7f8f6a-d32a-4f5e-ae7b-870dfb7963f3/downloads/bundle?id=000000000000392", filename = "C:\Users\cofc_\AppData\Local\Temp\tmp3A51.tmp\rjsec385.ZIP", message = "rjsec385")~~RJStevensMusicPresentationCreator.Program~0000001838
2024-12-18 21:58:37.3719~DEBUG~-> ExtractAllFromFile(zipFileName = "C:\Users\cofc_\AppData\Local\Temp\tmp3A51.tmp\rjsec385.ZIP", decompressedFolder = "C:\Users\cofc_\AppData\Local\Temp\tmp3C17.tmp", message = "rjsec385")~~RJStevensMusicPresentationCreator.Program~0000001839
2024-12-18 21:58:37.5909~DEBUG~extract completed~~RJStevensMusicPresentationCreator.Program~0000001840
2024-12-18 21:58:37.5909~DEBUG~<- ExtractAllFromFile(zipFileName = "C:\Users\cofc_\AppData\Local\Temp\tmp3A51.tmp\rjsec385.ZIP", decompressedFolder = "C:\Users\cofc_\AppData\Local\Temp\tmp3C17.tmp", message = "rjsec385")~~RJStevensMusicPresentationCreator.Program~0000001841
2024-12-18 21:58:37.6559~DEBUG~-> DownloadFile(url = "https://faas-nyc1-2ef2e6cc.doserverless.co/api/v1/web/fn-dd7f8f6a-d32a-4f5e-ae7b-870dfb7963f3/downloads/bundle?id=000000000000394", filename = "C:\Users\cofc_\AppData\Local\Temp\tmp3D32.tmp\rjsec387.ZIP", message = "rjsec387")~~RJStevensMusicPresentationCreator.Program~0000001842
2024-12-18 21:58:38.1560~DEBUG~download completed~~RJStevensMusicPresentationCreator.Program~0000001843
2024-12-18 21:58:38.1560~DEBUG~<- DownloadFile(url = "https://faas-nyc1-2ef2e6cc.doserverless.co/api/v1/web/fn-dd7f8f6a-d32a-4f5e-ae7b-870dfb7963f3/downloads/bundle?id=000000000000394", filename = "C:\Users\cofc_\AppData\Local\Temp\tmp3D32.tmp\rjsec387.ZIP", message = "rjsec387")~~RJStevensMusicPresentationCreator.Program~0000001844
2024-12-18 21:58:38.1690~DEBUG~-> ExtractAllFromFile(zipFileName = "C:\Users\cofc_\AppData\Local\Temp\tmp3D32.tmp\rjsec387.ZIP", decompressedFolder = "C:\Users\cofc_\AppData\Local\Temp\tmp3F36.tmp", message = "rjsec387")~~RJStevensMusicPresentationCreator.Program~0000001845
2024-12-18 21:58:38.3940~DEBUG~extract completed~~RJStevensMusicPresentationCreator.Program~0000001846
2024-12-18 21:58:38.3940~DEBUG~<- ExtractAllFromFile(zipFileName = "C:\Users\cofc_\AppData\Local\Temp\tmp3D32.tmp\rjsec387.ZIP", decompressedFolder = "C:\Users\cofc_\AppData\Local\Temp\tmp3F36.tmp", message = "rjsec387")~~RJStevensMusicPresentationCreator.Program~0000001847
2024-12-18 21:58:38.4600~DEBUG~-> DownloadFile(url = "https://faas-nyc1-2ef2e6cc.doserverless.co/api/v1/web/fn-dd7f8f6a-d32a-4f5e-ae7b-870dfb7963f3/downloads/bundle?id=000000000000395", filename = "C:\Users\cofc_\AppData\Local\Temp\tmp4051.tmp\rjsec388.ZIP", message = "rjsec388")~~RJStevensMusicPresentationCreator.Program~0000001848
2024-12-18 21:58:39.0147~DEBUG~download completed~~RJStevensMusicPresentationCreator.Program~0000001849
2024-12-18 21:58:39.0147~DEBUG~<- DownloadFile(url = "https://faas-nyc1-2ef2e6cc.doserverless.co/api/v1/web/fn-dd7f8f6a-d32a-4f5e-ae7b-870dfb7963f3/downloads/bundle?id=000000000000395", filename = "C:\Users\cofc_\AppData\Local\Temp\tmp4051.tmp\rjsec388.ZIP", message = "rjsec388")~~RJStevensMusicPresentationCreator.Program~0000001850
2024-12-18 21:58:39.0367~DEBUG~-> ExtractAllFromFile(zipFileName = "C:\Users\cofc_\AppData\Local\Temp\tmp4051.tmp\rjsec388.ZIP", decompressedFolder = "C:\Users\cofc_\AppData\Local\Temp\tmp4294.tmp", message = "rjsec388")~~RJStevensMusicPresentationCreator.Program~0000001851
2024-12-18 21:58:39.3717~DEBUG~extract completed~~RJStevensMusicPresentationCreator.Program~0000001852
2024-12-18 21:58:39.3717~DEBUG~<- ExtractAllFromFile(zipFileName = "C:\Users\cofc_\AppData\Local\Temp\tmp4051.tmp\rjsec388.ZIP", decompressedFolder = "C:\Users\cofc_\AppData\Local\Temp\tmp4294.tmp", message = "rjsec388")~~RJStevensMusicPresentationCreator.Program~0000001853
2024-12-18 21:58:39.4637~DEBUG~-> DownloadFile(url = "https://faas-nyc1-2ef2e6cc.doserverless.co/api/v1/web/fn-dd7f8f6a-d32a-4f5e-ae7b-870dfb7963f3/downloads/bundle?id=000000000000396", filename = "C:\Users\cofc_\AppData\Local\Temp\tmp444A.tmp\rjsec389.ZIP", message = "rjsec389")~~RJStevensMusicPresentationCreator.Program~0000001854
2024-12-18 21:58:40.3084~DEBUG~download completed~~RJStevensMusicPresentationCreator.Program~0000001855
2024-12-18 21:58:40.3084~DEBUG~<- DownloadFile(url = "https://faas-nyc1-2ef2e6cc.doserverless.co/api/v1/web/fn-dd7f8f6a-d32a-4f5e-ae7b-870dfb7963f3/downloads/bundle?id=000000000000396", filename = "C:\Users\cofc_\AppData\Local\Temp\tmp444A.tmp\rjsec389.ZIP", message = "rjsec389")~~RJStevensMusicPresentationCreator.Program~0000001856
2024-12-18 21:58:40.3254~DEBUG~-> ExtractAllFromFile(zipFileName = "C:\Users\cofc_\AppData\Local\Temp\tmp444A.tmp\rjsec389.ZIP", decompressedFolder = "C:\Users\cofc_\AppData\Local\Temp\tmp47A7.tmp", message = "rjsec389")~~RJStevensMusicPresentationCreator.Program~0000001857
2024-12-18 21:58:40.6474~DEBUG~extract completed~~RJStevensMusicPresentationCreator.Program~0000001858
2024-12-18 21:58:40.6474~DEBUG~<- ExtractAllFromFile(zipFileName = "C:\Users\cofc_\AppData\Local\Temp\tmp444A.tmp\rjsec389.ZIP", decompressedFolder = "C:\Users\cofc_\AppData\Local\Temp\tmp47A7.tmp", message = "rjsec389")~~RJStevensMusicPresentationCreator.Program~0000001859
2024-12-18 21:58:40.7334~DEBUG~-> DownloadFile(url = "https://faas-nyc1-2ef2e6cc.doserverless.co/api/v1/web/fn-dd7f8f6a-d32a-4f5e-ae7b-870dfb7963f3/downloads/bundle?id=000000000000397", filename = "C:\Users\cofc_\AppData\Local\Temp\tmp493E.tmp\rjsec390.ZIP", message = "rjsec390")~~RJStevensMusicPresentationCreator.Program~0000001860
2024-12-18 21:58:41.2115~DEBUG~download completed~~RJStevensMusicPresentationCreator.Program~0000001861
2024-12-18 21:58:41.2115~DEBUG~<- DownloadFile(url = "https://faas-nyc1-2ef2e6cc.doserverless.co/api/v1/web/fn-dd7f8f6a-d32a-4f5e-ae7b-870dfb7963f3/downloads/bundle?id=000000000000397", filename = "C:\Users\cofc_\AppData\Local\Temp\tmp493E.tmp\rjsec390.ZIP", message = "rjsec390")~~RJStevensMusicPresentationCreator.Program~0000001862
2024-12-18 21:58:41.2265~DEBUG~-> ExtractAllFromFile(zipFileName = "C:\Users\cofc_\AppData\Local\Temp\tmp493E.tmp\rjsec390.ZIP", decompressedFolder = "C:\Users\cofc_\AppData\Local\Temp\tmp4B23.tmp", message = "rjsec390")~~RJStevensMusicPresentationCreator.Program~0000001863
2024-12-18 21:58:41.4905~DEBUG~extract completed~~RJStevensMusicPresentationCreator.Program~0000001864
2024-12-18 21:58:41.4905~DEBUG~<- ExtractAllFromFile(zipFileName = "C:\Users\cofc_\AppData\Local\Temp\tmp493E.tmp\rjsec390.ZIP", decompressedFolder = "C:\Users\cofc_\AppData\Local\Temp\tmp4B23.tmp", message = "rjsec390")~~RJStevensMusicPresentationCreator.Program~0000001865
2024-12-18 21:58:41.5685~DEBUG~-> DownloadFile(url = "https://faas-nyc1-2ef2e6cc.doserverless.co/api/v1/web/fn-dd7f8f6a-d32a-4f5e-ae7b-870dfb7963f3/downloads/bundle?id=000000000000398", filename = "C:\Users\cofc_\AppData\Local\Temp\tmp4C7C.tmp\rjsec391.ZIP", message = "rjsec391")~~RJStevensMusicPresentationCreator.Program~0000001866
2024-12-18 21:58:42.0886~DEBUG~download completed~~RJStevensMusicPresentationCreator.Program~0000001867
2024-12-18 21:58:42.0886~DEBUG~<- DownloadFile(url = "https://faas-nyc1-2ef2e6cc.doserverless.co/api/v1/web/fn-dd7f8f6a-d32a-4f5e-ae7b-870dfb7963f3/downloads/bundle?id=000000000000398", filename = "C:\Users\cofc_\AppData\Local\Temp\tmp4C7C.tmp\rjsec391.ZIP", message = "rjsec391")~~RJStevensMusicPresentationCreator.Program~0000001868
2024-12-18 21:58:42.1086~DEBUG~-> ExtractAllFromFile(zipFileName = "C:\Users\cofc_\AppData\Local\Temp\tmp4C7C.tmp\rjsec391.ZIP", decompressedFolder = "C:\Users\cofc_\AppData\Local\Temp\tmp4EA0.tmp", message = "rjsec391")~~RJStevensMusicPresentationCreator.Program~0000001869
2024-12-18 21:58:42.4290~DEBUG~extract completed~~RJStevensMusicPresentationCreator.Program~0000001870
2024-12-18 21:58:42.4330~DEBUG~<- ExtractAllFromFile(zipFileName = "C:\Users\cofc_\AppData\Local\Temp\tmp4C7C.tmp\rjsec391.ZIP", decompressedFolder = "C:\Users\cofc_\AppData\Local\Temp\tmp4EA0.tmp", message = "rjsec391")~~RJStevensMusicPresentationCreator.Program~0000001871
2024-12-18 21:58:42.5160~DEBUG~-> DownloadFile(url = "https://faas-nyc1-2ef2e6cc.doserverless.co/api/v1/web/fn-dd7f8f6a-d32a-4f5e-ae7b-870dfb7963f3/downloads/bundle?id=000000000000399", filename = "C:\Users\cofc_\AppData\Local\Temp\tmp5037.tmp\rjsec392.ZIP", message = "rjsec392")~~RJStevensMusicPresentationCreator.Program~0000001872
2024-12-18 21:58:42.9911~DEBUG~download completed~~RJStevensMusicPresentationCreator.Program~0000001873
2024-12-18 21:58:42.9911~DEBUG~<- DownloadFile(url = "https://faas-nyc1-2ef2e6cc.doserverless.co/api/v1/web/fn-dd7f8f6a-d32a-4f5e-ae7b-870dfb7963f3/downloads/bundle?id=000000000000399", filename = "C:\Users\cofc_\AppData\Local\Temp\tmp5037.tmp\rjsec392.ZIP", message = "rjsec392")~~RJStevensMusicPresentationCreator.Program~0000001874
2024-12-18 21:58:43.0081~DEBUG~-> ExtractAllFromFile(zipFileName = "C:\Users\cofc_\AppData\Local\Temp\tmp5037.tmp\rjsec392.ZIP", decompressedFolder = "C:\Users\cofc_\AppData\Local\Temp\tmp521C.tmp", message = "rjsec392")~~RJStevensMusicPresentationCreator.Program~0000001875
2024-12-18 21:58:43.3287~DEBUG~extract completed~~RJStevensMusicPresentationCreator.Program~0000001876
2024-12-18 21:58:43.3287~DEBUG~<- ExtractAllFromFile(zipFileName = "C:\Users\cofc_\AppData\Local\Temp\tmp5037.tmp\rjsec392.ZIP", decompressedFolder = "C:\Users\cofc_\AppData\Local\Temp\tmp521C.tmp", message = "rjsec392")~~RJStevensMusicPresentationCreator.Program~0000001877
2024-12-18 21:58:43.4117~DEBUG~-> DownloadFile(url = "https://faas-nyc1-2ef2e6cc.doserverless.co/api/v1/web/fn-dd7f8f6a-d32a-4f5e-ae7b-870dfb7963f3/downloads/bundle?id=000000000000400", filename = "C:\Users\cofc_\AppData\Local\Temp\tmp53B4.tmp\rjsec393.ZIP", message = "rjsec393")~~RJStevensMusicPresentationCreator.Program~0000001878
2024-12-18 21:58:43.8798~DEBUG~download completed~~RJStevensMusicPresentationCreator.Program~0000001879
2024-12-18 21:58:43.8798~DEBUG~<- DownloadFile(url = "https://faas-nyc1-2ef2e6cc.doserverless.co/api/v1/web/fn-dd7f8f6a-d32a-4f5e-ae7b-870dfb7963f3/downloads/bundle?id=000000000000400", filename = "C:\Users\cofc_\AppData\Local\Temp\tmp53B4.tmp\rjsec393.ZIP", message = "rjsec393")~~RJStevensMusicPresentationCreator.Program~0000001880
2024-12-18 21:58:43.8948~DEBUG~-> ExtractAllFromFile(zipFileName = "C:\Users\cofc_\AppData\Local\Temp\tmp53B4.tmp\rjsec393.ZIP", decompressedFolder = "C:\Users\cofc_\AppData\Local\Temp\tmp5599.tmp", message = "rjsec393")~~RJStevensMusicPresentationCreator.Program~0000001881
2024-12-18 21:58:44.1699~DEBUG~extract completed~~RJStevensMusicPresentationCreator.Program~0000001882
2024-12-18 21:58:44.1699~DEBUG~<- ExtractAllFromFile(zipFileName = "C:\Users\cofc_\AppData\Local\Temp\tmp53B4.tmp\rjsec393.ZIP", decompressedFolder = "C:\Users\cofc_\AppData\Local\Temp\tmp5599.tmp", message = "rjsec393")~~RJStevensMusicPresentationCreator.Program~0000001883
2024-12-18 21:58:44.2520~DEBUG~-> DownloadFile(url = "https://faas-nyc1-2ef2e6cc.doserverless.co/api/v1/web/fn-dd7f8f6a-d32a-4f5e-ae7b-870dfb7963f3/downloads/bundle?id=000000000000401", filename = "C:\Users\cofc_\AppData\Local\Temp\tmp5701.tmp\rjsec394.ZIP", message = "rjsec394")~~RJStevensMusicPresentationCreator.Program~0000001884
2024-12-18 21:58:44.7180~DEBUG~download completed~~RJStevensMusicPresentationCreator.Program~0000001885
2024-12-18 21:58:44.7180~DEBUG~<- DownloadFile(url = "https://faas-nyc1-2ef2e6cc.doserverless.co/api/v1/web/fn-dd7f8f6a-d32a-4f5e-ae7b-870dfb7963f3/downloads/bundle?id=000000000000401", filename = "C:\Users\cofc_\AppData\Local\Temp\tmp5701.tmp\rjsec394.ZIP", message = "rjsec394")~~RJStevensMusicPresentationCreator.Program~0000001886
2024-12-18 21:58:44.7330~DEBUG~-> ExtractAllFromFile(zipFileName = "C:\Users\cofc_\AppData\Local\Temp\tmp5701.tmp\rjsec394.ZIP", decompressedFolder = "C:\Users\cofc_\AppData\Local\Temp\tmp58E7.tmp", message = "rjsec394")~~RJStevensMusicPresentationCreator.Program~0000001887
2024-12-18 21:58:44.9713~DEBUG~extract completed~~RJStevensMusicPresentationCreator.Program~0000001888
2024-12-18 21:58:44.9713~DEBUG~<- ExtractAllFromFile(zipFileName = "C:\Users\cofc_\AppData\Local\Temp\tmp5701.tmp\rjsec394.ZIP", decompressedFolder = "C:\Users\cofc_\AppData\Local\Temp\tmp58E7.tmp", message = "rjsec394")~~RJStevensMusicPresentationCreator.Program~0000001889
2024-12-18 21:58:45.0423~DEBUG~-> DownloadFile(url = "https://faas-nyc1-2ef2e6cc.doserverless.co/api/v1/web/fn-dd7f8f6a-d32a-4f5e-ae7b-870dfb7963f3/downloads/bundle?id=000000000000402", filename = "C:\Users\cofc_\AppData\Local\Temp\tmp5A20.tmp\rjsec395.ZIP", message = "rjsec395")~~RJStevensMusicPresentationCreator.Program~0000001890
2024-12-18 21:58:45.8564~DEBUG~download completed~~RJStevensMusicPresentationCreator.Program~0000001891
2024-12-18 21:58:45.8564~DEBUG~<- DownloadFile(url = "https://faas-nyc1-2ef2e6cc.doserverless.co/api/v1/web/fn-dd7f8f6a-d32a-4f5e-ae7b-870dfb7963f3/downloads/bundle?id=000000000000402", filename = "C:\Users\cofc_\AppData\Local\Temp\tmp5A20.tmp\rjsec395.ZIP", message = "rjsec395")~~RJStevensMusicPresentationCreator.Program~0000001892
2024-12-18 21:58:45.8804~DEBUG~-> ExtractAllFromFile(zipFileName = "C:\Users\cofc_\AppData\Local\Temp\tmp5A20.tmp\rjsec395.ZIP", decompressedFolder = "C:\Users\cofc_\AppData\Local\Temp\tmp5D5D.tmp", message = "rjsec395")~~RJStevensMusicPresentationCreator.Program~0000001893
2024-12-18 21:58:46.2444~DEBUG~extract completed~~RJStevensMusicPresentationCreator.Program~0000001894
2024-12-18 21:58:46.2444~DEBUG~<- ExtractAllFromFile(zipFileName = "C:\Users\cofc_\AppData\Local\Temp\tmp5A20.tmp\rjsec395.ZIP", decompressedFolder = "C:\Users\cofc_\AppData\Local\Temp\tmp5D5D.tmp", message = "rjsec395")~~RJStevensMusicPresentationCreator.Program~0000001895
2024-12-18 21:58:46.3414~DEBUG~-> DownloadFile(url = "https://faas-nyc1-2ef2e6cc.doserverless.co/api/v1/web/fn-dd7f8f6a-d32a-4f5e-ae7b-870dfb7963f3/downloads/bundle?id=000000000000403", filename = "C:\Users\cofc_\AppData\Local\Temp\tmp5F33.tmp\rjsec396.ZIP", message = "rjsec396")~~RJStevensMusicPresentationCreator.Program~0000001896
2024-12-18 21:58:46.8874~DEBUG~download completed~~RJStevensMusicPresentationCreator.Program~0000001897
2024-12-18 21:58:46.8874~DEBUG~<- DownloadFile(url = "https://faas-nyc1-2ef2e6cc.doserverless.co/api/v1/web/fn-dd7f8f6a-d32a-4f5e-ae7b-870dfb7963f3/downloads/bundle?id=000000000000403", filename = "C:\Users\cofc_\AppData\Local\Temp\tmp5F33.tmp\rjsec396.ZIP", message = "rjsec396")~~RJStevensMusicPresentationCreator.Program~0000001898
2024-12-18 21:58:46.9090~DEBUG~-> ExtractAllFromFile(zipFileName = "C:\Users\cofc_\AppData\Local\Temp\tmp5F33.tmp\rjsec396.ZIP", decompressedFolder = "C:\Users\cofc_\AppData\Local\Temp\tmp6167.tmp", message = "rjsec396")~~RJStevensMusicPresentationCreator.Program~0000001899
2024-12-18 21:58:47.1230~DEBUG~extract completed~~RJStevensMusicPresentationCreator.Program~0000001900
2024-12-18 21:58:47.1230~DEBUG~<- ExtractAllFromFile(zipFileName = "C:\Users\cofc_\AppData\Local\Temp\tmp5F33.tmp\rjsec396.ZIP", decompressedFolder = "C:\Users\cofc_\AppData\Local\Temp\tmp6167.tmp", message = "rjsec396")~~RJStevensMusicPresentationCreator.Program~0000001901
2024-12-18 21:58:47.1830~DEBUG~-> DownloadFile(url = "https://faas-nyc1-2ef2e6cc.doserverless.co/api/v1/web/fn-dd7f8f6a-d32a-4f5e-ae7b-870dfb7963f3/downloads/bundle?id=000000000000404", filename = "C:\Users\cofc_\AppData\Local\Temp\tmp6281.tmp\rjsec397.ZIP", message = "rjsec397")~~RJStevensMusicPresentationCreator.Program~0000001902
2024-12-18 21:58:47.6461~DEBUG~download completed~~RJStevensMusicPresentationCreator.Program~0000001903
2024-12-18 21:58:47.6461~DEBUG~<- DownloadFile(url = "https://faas-nyc1-2ef2e6cc.doserverless.co/api/v1/web/fn-dd7f8f6a-d32a-4f5e-ae7b-870dfb7963f3/downloads/bundle?id=000000000000404", filename = "C:\Users\cofc_\AppData\Local\Temp\tmp6281.tmp\rjsec397.ZIP", message = "rjsec397")~~RJStevensMusicPresentationCreator.Program~0000001904
2024-12-18 21:58:47.6621~DEBUG~-> ExtractAllFromFile(zipFileName = "C:\Users\cofc_\AppData\Local\Temp\tmp6281.tmp\rjsec397.ZIP", decompressedFolder = "C:\Users\cofc_\AppData\Local\Temp\tmp6457.tmp", message = "rjsec397")~~RJStevensMusicPresentationCreator.Program~0000001905
2024-12-18 21:58:47.9505~DEBUG~extract completed~~RJStevensMusicPresentationCreator.Program~0000001906
2024-12-18 21:58:47.9505~DEBUG~<- ExtractAllFromFile(zipFileName = "C:\Users\cofc_\AppData\Local\Temp\tmp6281.tmp\rjsec397.ZIP", decompressedFolder = "C:\Users\cofc_\AppData\Local\Temp\tmp6457.tmp", message = "rjsec397")~~RJStevensMusicPresentationCreator.Program~0000001907
2024-12-18 21:58:48.0275~DEBUG~-> DownloadFile(url = "https://faas-nyc1-2ef2e6cc.doserverless.co/api/v1/web/fn-dd7f8f6a-d32a-4f5e-ae7b-870dfb7963f3/downloads/bundle?id=000000000000405", filename = "C:\Users\cofc_\AppData\Local\Temp\tmp65CF.tmp\rjsec398.ZIP", message = "rjsec398")~~RJStevensMusicPresentationCreator.Program~0000001908
2024-12-18 21:58:48.4691~DEBUG~download completed~~RJStevensMusicPresentationCreator.Program~0000001909
2024-12-18 21:58:48.4691~DEBUG~<- DownloadFile(url = "https://faas-nyc1-2ef2e6cc.doserverless.co/api/v1/web/fn-dd7f8f6a-d32a-4f5e-ae7b-870dfb7963f3/downloads/bundle?id=000000000000405", filename = "C:\Users\cofc_\AppData\Local\Temp\tmp65CF.tmp\rjsec398.ZIP", message = "rjsec398")~~RJStevensMusicPresentationCreator.Program~0000001910
2024-12-18 21:58:48.4861~DEBUG~-> ExtractAllFromFile(zipFileName = "C:\Users\cofc_\AppData\Local\Temp\tmp65CF.tmp\rjsec398.ZIP", decompressedFolder = "C:\Users\cofc_\AppData\Local\Temp\tmp6795.tmp", message = "rjsec398")~~RJStevensMusicPresentationCreator.Program~0000001911
2024-12-18 21:58:48.7402~DEBUG~extract completed~~RJStevensMusicPresentationCreator.Program~0000001912
2024-12-18 21:58:48.7402~DEBUG~<- ExtractAllFromFile(zipFileName = "C:\Users\cofc_\AppData\Local\Temp\tmp65CF.tmp\rjsec398.ZIP", decompressedFolder = "C:\Users\cofc_\AppData\Local\Temp\tmp6795.tmp", message = "rjsec398")~~RJStevensMusicPresentationCreator.Program~0000001913
2024-12-18 21:58:48.8112~DEBUG~-> DownloadFile(url = "https://faas-nyc1-2ef2e6cc.doserverless.co/api/v1/web/fn-dd7f8f6a-d32a-4f5e-ae7b-870dfb7963f3/downloads/bundle?id=000000000000406", filename = "C:\Users\cofc_\AppData\Local\Temp\tmp68DE.tmp\rjsec399.ZIP", message = "rjsec399")~~RJStevensMusicPresentationCreator.Program~0000001914
2024-12-18 21:58:49.5452~DEBUG~download completed~~RJStevensMusicPresentationCreator.Program~0000001915
2024-12-18 21:58:49.5452~DEBUG~<- DownloadFile(url = "https://faas-nyc1-2ef2e6cc.doserverless.co/api/v1/web/fn-dd7f8f6a-d32a-4f5e-ae7b-870dfb7963f3/downloads/bundle?id=000000000000406", filename = "C:\Users\cofc_\AppData\Local\Temp\tmp68DE.tmp\rjsec399.ZIP", message = "rjsec399")~~RJStevensMusicPresentationCreator.Program~0000001916
2024-12-18 21:58:49.5602~DEBUG~-> ExtractAllFromFile(zipFileName = "C:\Users\cofc_\AppData\Local\Temp\tmp68DE.tmp\rjsec399.ZIP", decompressedFolder = "C:\Users\cofc_\AppData\Local\Temp\tmp6BCD.tmp", message = "rjsec399")~~RJStevensMusicPresentationCreator.Program~0000001917
2024-12-18 21:58:49.7730~DEBUG~extract completed~~RJStevensMusicPresentationCreator.Program~0000001918
2024-12-18 21:58:49.7760~DEBUG~<- ExtractAllFromFile(zipFileName = "C:\Users\cofc_\AppData\Local\Temp\tmp68DE.tmp\rjsec399.ZIP", decompressedFolder = "C:\Users\cofc_\AppData\Local\Temp\tmp6BCD.tmp", message = "rjsec399")~~RJStevensMusicPresentationCreator.Program~0000001919
2024-12-18 21:58:49.8390~DEBUG~-> DownloadFile(url = "https://faas-nyc1-2ef2e6cc.doserverless.co/api/v1/web/fn-dd7f8f6a-d32a-4f5e-ae7b-870dfb7963f3/downloads/bundle?id=000000000000407", filename = "C:\Users\cofc_\AppData\Local\Temp\tmp6CE7.tmp\rjsec400.ZIP", message = "rjsec400")~~RJStevensMusicPresentationCreator.Program~0000001920
2024-12-18 21:58:50.3020~DEBUG~download completed~~RJStevensMusicPresentationCreator.Program~0000001921
2024-12-18 21:58:50.3020~DEBUG~<- DownloadFile(url = "https://faas-nyc1-2ef2e6cc.doserverless.co/api/v1/web/fn-dd7f8f6a-d32a-4f5e-ae7b-870dfb7963f3/downloads/bundle?id=000000000000407", filename = "C:\Users\cofc_\AppData\Local\Temp\tmp6CE7.tmp\rjsec400.ZIP", message = "rjsec400")~~RJStevensMusicPresentationCreator.Program~0000001922
2024-12-18 21:58:50.3260~DEBUG~-> ExtractAllFromFile(zipFileName = "C:\Users\cofc_\AppData\Local\Temp\tmp6CE7.tmp\rjsec400.ZIP", decompressedFolder = "C:\Users\cofc_\AppData\Local\Temp\tmp6ECD.tmp", message = "rjsec400")~~RJStevensMusicPresentationCreator.Program~0000001923
2024-12-18 21:58:50.6060~DEBUG~extract completed~~RJStevensMusicPresentationCreator.Program~0000001924
2024-12-18 21:58:50.6060~DEBUG~<- ExtractAllFromFile(zipFileName = "C:\Users\cofc_\AppData\Local\Temp\tmp6CE7.tmp\rjsec400.ZIP", decompressedFolder = "C:\Users\cofc_\AppData\Local\Temp\tmp6ECD.tmp", message = "rjsec400")~~RJStevensMusicPresentationCreator.Program~0000001925
2024-12-18 21:58:50.6880~DEBUG~-> DownloadFile(url = "https://faas-nyc1-2ef2e6cc.doserverless.co/api/v1/web/fn-dd7f8f6a-d32a-4f5e-ae7b-870dfb7963f3/downloads/bundle?id=000000000000408", filename = "C:\Users\cofc_\AppData\Local\Temp\tmp7035.tmp\rjsec401.ZIP", message = "rjsec401")~~RJStevensMusicPresentationCreator.Program~0000001926
2024-12-18 21:58:52.3893~DEBUG~download completed~~RJStevensMusicPresentationCreator.Program~0000001927
2024-12-18 21:58:52.3893~DEBUG~<- DownloadFile(url = "https://faas-nyc1-2ef2e6cc.doserverless.co/api/v1/web/fn-dd7f8f6a-d32a-4f5e-ae7b-870dfb7963f3/downloads/bundle?id=000000000000408", filename = "C:\Users\cofc_\AppData\Local\Temp\tmp7035.tmp\rjsec401.ZIP", message = "rjsec401")~~RJStevensMusicPresentationCreator.Program~0000001928
2024-12-18 21:58:52.4073~DEBUG~-> ExtractAllFromFile(zipFileName = "C:\Users\cofc_\AppData\Local\Temp\tmp7035.tmp\rjsec401.ZIP", decompressedFolder = "C:\Users\cofc_\AppData\Local\Temp\tmp76ED.tmp", message = "rjsec401")~~RJStevensMusicPresentationCreator.Program~0000001929
2024-12-18 21:58:52.6893~DEBUG~extract completed~~RJStevensMusicPresentationCreator.Program~0000001930
2024-12-18 21:58:52.6893~DEBUG~<- ExtractAllFromFile(zipFileName = "C:\Users\cofc_\AppData\Local\Temp\tmp7035.tmp\rjsec401.ZIP", decompressedFolder = "C:\Users\cofc_\AppData\Local\Temp\tmp76ED.tmp", message = "rjsec401")~~RJStevensMusicPresentationCreator.Program~0000001931
2024-12-18 21:58:52.7663~DEBUG~-> DownloadFile(url = "https://faas-nyc1-2ef2e6cc.doserverless.co/api/v1/web/fn-dd7f8f6a-d32a-4f5e-ae7b-870dfb7963f3/downloads/bundle?id=000000000000409", filename = "C:\Users\cofc_\AppData\Local\Temp\tmp7855.tmp\rjsec402.ZIP", message = "rjsec402")~~RJStevensMusicPresentationCreator.Program~0000001932
2024-12-18 21:58:53.1943~DEBUG~download completed~~RJStevensMusicPresentationCreator.Program~0000001933
2024-12-18 21:58:53.1943~DEBUG~<- DownloadFile(url = "https://faas-nyc1-2ef2e6cc.doserverless.co/api/v1/web/fn-dd7f8f6a-d32a-4f5e-ae7b-870dfb7963f3/downloads/bundle?id=000000000000409", filename = "C:\Users\cofc_\AppData\Local\Temp\tmp7855.tmp\rjsec402.ZIP", message = "rjsec402")~~RJStevensMusicPresentationCreator.Program~0000001934
2024-12-18 21:58:53.2113~DEBUG~-> ExtractAllFromFile(zipFileName = "C:\Users\cofc_\AppData\Local\Temp\tmp7855.tmp\rjsec402.ZIP", decompressedFolder = "C:\Users\cofc_\AppData\Local\Temp\tmp7A0C.tmp", message = "rjsec402")~~RJStevensMusicPresentationCreator.Program~0000001935
2024-12-18 21:58:53.4393~DEBUG~extract completed~~RJStevensMusicPresentationCreator.Program~0000001936
2024-12-18 21:58:53.4393~DEBUG~<- ExtractAllFromFile(zipFileName = "C:\Users\cofc_\AppData\Local\Temp\tmp7855.tmp\rjsec402.ZIP", decompressedFolder = "C:\Users\cofc_\AppData\Local\Temp\tmp7A0C.tmp", message = "rjsec402")~~RJStevensMusicPresentationCreator.Program~0000001937
2024-12-18 21:58:53.5143~DEBUG~-> DownloadFile(url = "https://faas-nyc1-2ef2e6cc.doserverless.co/api/v1/web/fn-dd7f8f6a-d32a-4f5e-ae7b-870dfb7963f3/downloads/bundle?id=000000000000410", filename = "C:\Users\cofc_\AppData\Local\Temp\tmp7B45.tmp\rjsec403.ZIP", message = "rjsec403")~~RJStevensMusicPresentationCreator.Program~0000001938
2024-12-18 21:58:53.9744~DEBUG~download completed~~RJStevensMusicPresentationCreator.Program~0000001939
2024-12-18 21:58:53.9744~DEBUG~<- DownloadFile(url = "https://faas-nyc1-2ef2e6cc.doserverless.co/api/v1/web/fn-dd7f8f6a-d32a-4f5e-ae7b-870dfb7963f3/downloads/bundle?id=000000000000410", filename = "C:\Users\cofc_\AppData\Local\Temp\tmp7B45.tmp\rjsec403.ZIP", message = "rjsec403")~~RJStevensMusicPresentationCreator.Program~0000001940
2024-12-18 21:58:53.9924~DEBUG~-> ExtractAllFromFile(zipFileName = "C:\Users\cofc_\AppData\Local\Temp\tmp7B45.tmp\rjsec403.ZIP", decompressedFolder = "C:\Users\cofc_\AppData\Local\Temp\tmp7D1B.tmp", message = "rjsec403")~~RJStevensMusicPresentationCreator.Program~0000001941
2024-12-18 21:58:54.2384~DEBUG~extract completed~~RJStevensMusicPresentationCreator.Program~0000001942
2024-12-18 21:58:54.2384~DEBUG~<- ExtractAllFromFile(zipFileName = "C:\Users\cofc_\AppData\Local\Temp\tmp7B45.tmp\rjsec403.ZIP", decompressedFolder = "C:\Users\cofc_\AppData\Local\Temp\tmp7D1B.tmp", message = "rjsec403")~~RJStevensMusicPresentationCreator.Program~0000001943
2024-12-18 21:58:54.3084~DEBUG~-> DownloadFile(url = "https://faas-nyc1-2ef2e6cc.doserverless.co/api/v1/web/fn-dd7f8f6a-d32a-4f5e-ae7b-870dfb7963f3/downloads/bundle?id=000000000000411", filename = "C:\Users\cofc_\AppData\Local\Temp\tmp7E64.tmp\rjsec404.ZIP", message = "rjsec404")~~RJStevensMusicPresentationCreator.Program~0000001944
2024-12-18 21:58:54.8134~DEBUG~download completed~~RJStevensMusicPresentationCreator.Program~0000001945
2024-12-18 21:58:54.8134~DEBUG~<- DownloadFile(url = "https://faas-nyc1-2ef2e6cc.doserverless.co/api/v1/web/fn-dd7f8f6a-d32a-4f5e-ae7b-870dfb7963f3/downloads/bundle?id=000000000000411", filename = "C:\Users\cofc_\AppData\Local\Temp\tmp7E64.tmp\rjsec404.ZIP", message = "rjsec404")~~RJStevensMusicPresentationCreator.Program~0000001946
2024-12-18 21:58:54.8284~DEBUG~-> ExtractAllFromFile(zipFileName = "C:\Users\cofc_\AppData\Local\Temp\tmp7E64.tmp\rjsec404.ZIP", decompressedFolder = "C:\Users\cofc_\AppData\Local\Temp\tmp8069.tmp", message = "rjsec404")~~RJStevensMusicPresentationCreator.Program~0000001947
2024-12-18 21:58:55.1575~DEBUG~extract completed~~RJStevensMusicPresentationCreator.Program~0000001948
2024-12-18 21:58:55.1575~DEBUG~<- ExtractAllFromFile(zipFileName = "C:\Users\cofc_\AppData\Local\Temp\tmp7E64.tmp\rjsec404.ZIP", decompressedFolder = "C:\Users\cofc_\AppData\Local\Temp\tmp8069.tmp", message = "rjsec404")~~RJStevensMusicPresentationCreator.Program~0000001949
2024-12-18 21:58:55.2355~DEBUG~-> DownloadFile(url = "https://faas-nyc1-2ef2e6cc.doserverless.co/api/v1/web/fn-dd7f8f6a-d32a-4f5e-ae7b-870dfb7963f3/downloads/bundle?id=000000000000412", filename = "C:\Users\cofc_\AppData\Local\Temp\tmp8200.tmp\rjsec405.ZIP", message = "rjsec405")~~RJStevensMusicPresentationCreator.Program~0000001950
2024-12-18 21:58:55.6855~DEBUG~download completed~~RJStevensMusicPresentationCreator.Program~0000001951
2024-12-18 21:58:55.6855~DEBUG~<- DownloadFile(url = "https://faas-nyc1-2ef2e6cc.doserverless.co/api/v1/web/fn-dd7f8f6a-d32a-4f5e-ae7b-870dfb7963f3/downloads/bundle?id=000000000000412", filename = "C:\Users\cofc_\AppData\Local\Temp\tmp8200.tmp\rjsec405.ZIP", message = "rjsec405")~~RJStevensMusicPresentationCreator.Program~0000001952
2024-12-18 21:58:55.7015~DEBUG~-> ExtractAllFromFile(zipFileName = "C:\Users\cofc_\AppData\Local\Temp\tmp8200.tmp\rjsec405.ZIP", decompressedFolder = "C:\Users\cofc_\AppData\Local\Temp\tmp83D6.tmp", message = "rjsec405")~~RJStevensMusicPresentationCreator.Program~0000001953
2024-12-18 21:58:55.9405~DEBUG~extract completed~~RJStevensMusicPresentationCreator.Program~0000001954
2024-12-18 21:58:55.9405~DEBUG~<- ExtractAllFromFile(zipFileName = "C:\Users\cofc_\AppData\Local\Temp\tmp8200.tmp\rjsec405.ZIP", decompressedFolder = "C:\Users\cofc_\AppData\Local\Temp\tmp83D6.tmp", message = "rjsec405")~~RJStevensMusicPresentationCreator.Program~0000001955
2024-12-18 21:58:56.0095~DEBUG~-> DownloadFile(url = "https://faas-nyc1-2ef2e6cc.doserverless.co/api/v1/web/fn-dd7f8f6a-d32a-4f5e-ae7b-870dfb7963f3/downloads/bundle?id=000000000000413", filename = "C:\Users\cofc_\AppData\Local\Temp\tmp84FF.tmp\rjsec406.ZIP", message = "rjsec406")~~RJStevensMusicPresentationCreator.Program~0000001956
2024-12-18 21:58:56.4506~DEBUG~download completed~~RJStevensMusicPresentationCreator.Program~0000001957
2024-12-18 21:58:56.4506~DEBUG~<- DownloadFile(url = "https://faas-nyc1-2ef2e6cc.doserverless.co/api/v1/web/fn-dd7f8f6a-d32a-4f5e-ae7b-870dfb7963f3/downloads/bundle?id=000000000000413", filename = "C:\Users\cofc_\AppData\Local\Temp\tmp84FF.tmp\rjsec406.ZIP", message = "rjsec406")~~RJStevensMusicPresentationCreator.Program~0000001958
2024-12-18 21:58:56.4706~DEBUG~-> ExtractAllFromFile(zipFileName = "C:\Users\cofc_\AppData\Local\Temp\tmp84FF.tmp\rjsec406.ZIP", decompressedFolder = "C:\Users\cofc_\AppData\Local\Temp\tmp86D5.tmp", message = "rjsec406")~~RJStevensMusicPresentationCreator.Program~0000001959
2024-12-18 21:58:56.7259~DEBUG~extract completed~~RJStevensMusicPresentationCreator.Program~0000001960
2024-12-18 21:58:56.7289~DEBUG~<- ExtractAllFromFile(zipFileName = "C:\Users\cofc_\AppData\Local\Temp\tmp84FF.tmp\rjsec406.ZIP", decompressedFolder = "C:\Users\cofc_\AppData\Local\Temp\tmp86D5.tmp", message = "rjsec406")~~RJStevensMusicPresentationCreator.Program~0000001961
2024-12-18 21:58:56.8009~DEBUG~-> DownloadFile(url = "https://faas-nyc1-2ef2e6cc.doserverless.co/api/v1/web/fn-dd7f8f6a-d32a-4f5e-ae7b-870dfb7963f3/downloads/bundle?id=000000000000414", filename = "C:\Users\cofc_\AppData\Local\Temp\tmp881E.tmp\rjsec407.ZIP", message = "rjsec407")~~RJStevensMusicPresentationCreator.Program~0000001962
2024-12-18 21:58:57.2570~DEBUG~download completed~~RJStevensMusicPresentationCreator.Program~0000001963
2024-12-18 21:58:57.2570~DEBUG~<- DownloadFile(url = "https://faas-nyc1-2ef2e6cc.doserverless.co/api/v1/web/fn-dd7f8f6a-d32a-4f5e-ae7b-870dfb7963f3/downloads/bundle?id=000000000000414", filename = "C:\Users\cofc_\AppData\Local\Temp\tmp881E.tmp\rjsec407.ZIP", message = "rjsec407")~~RJStevensMusicPresentationCreator.Program~0000001964
2024-12-18 21:58:57.2720~DEBUG~-> ExtractAllFromFile(zipFileName = "C:\Users\cofc_\AppData\Local\Temp\tmp881E.tmp\rjsec407.ZIP", decompressedFolder = "C:\Users\cofc_\AppData\Local\Temp\tmp89F4.tmp", message = "rjsec407")~~RJStevensMusicPresentationCreator.Program~0000001965
2024-12-18 21:58:57.5074~DEBUG~extract completed~~RJStevensMusicPresentationCreator.Program~0000001966
2024-12-18 21:58:57.5114~DEBUG~<- ExtractAllFromFile(zipFileName = "C:\Users\cofc_\AppData\Local\Temp\tmp881E.tmp\rjsec407.ZIP", decompressedFolder = "C:\Users\cofc_\AppData\Local\Temp\tmp89F4.tmp", message = "rjsec407")~~RJStevensMusicPresentationCreator.Program~0000001967
2024-12-18 21:58:57.5754~DEBUG~-> DownloadFile(url = "https://faas-nyc1-2ef2e6cc.doserverless.co/api/v1/web/fn-dd7f8f6a-d32a-4f5e-ae7b-870dfb7963f3/downloads/bundle?id=000000000000415", filename = "C:\Users\cofc_\AppData\Local\Temp\tmp8B2E.tmp\rjsec408.ZIP", message = "rjsec408")~~RJStevensMusicPresentationCreator.Program~0000001968
2024-12-18 21:58:58.0455~DEBUG~download completed~~RJStevensMusicPresentationCreator.Program~0000001969
2024-12-18 21:58:58.0455~DEBUG~<- DownloadFile(url = "https://faas-nyc1-2ef2e6cc.doserverless.co/api/v1/web/fn-dd7f8f6a-d32a-4f5e-ae7b-870dfb7963f3/downloads/bundle?id=000000000000415", filename = "C:\Users\cofc_\AppData\Local\Temp\tmp8B2E.tmp\rjsec408.ZIP", message = "rjsec408")~~RJStevensMusicPresentationCreator.Program~0000001970
2024-12-18 21:58:58.0625~DEBUG~-> ExtractAllFromFile(zipFileName = "C:\Users\cofc_\AppData\Local\Temp\tmp8B2E.tmp\rjsec408.ZIP", decompressedFolder = "C:\Users\cofc_\AppData\Local\Temp\tmp8D13.tmp", message = "rjsec408")~~RJStevensMusicPresentationCreator.Program~0000001971
2024-12-18 21:58:58.3475~DEBUG~extract completed~~RJStevensMusicPresentationCreator.Program~0000001972
2024-12-18 21:58:58.3475~DEBUG~<- ExtractAllFromFile(zipFileName = "C:\Users\cofc_\AppData\Local\Temp\tmp8B2E.tmp\rjsec408.ZIP", decompressedFolder = "C:\Users\cofc_\AppData\Local\Temp\tmp8D13.tmp", message = "rjsec408")~~RJStevensMusicPresentationCreator.Program~0000001973
2024-12-18 21:58:58.4285~DEBUG~-> DownloadFile(url = "https://faas-nyc1-2ef2e6cc.doserverless.co/api/v1/web/fn-dd7f8f6a-d32a-4f5e-ae7b-870dfb7963f3/downloads/bundle?id=000000000000416", filename = "C:\Users\cofc_\AppData\Local\Temp\tmp8E7B.tmp\rjsec409.ZIP", message = "rjsec409")~~RJStevensMusicPresentationCreator.Program~0000001974
2024-12-18 21:58:58.9386~DEBUG~download completed~~RJStevensMusicPresentationCreator.Program~0000001975
2024-12-18 21:58:58.9386~DEBUG~<- DownloadFile(url = "https://faas-nyc1-2ef2e6cc.doserverless.co/api/v1/web/fn-dd7f8f6a-d32a-4f5e-ae7b-870dfb7963f3/downloads/bundle?id=000000000000416", filename = "C:\Users\cofc_\AppData\Local\Temp\tmp8E7B.tmp\rjsec409.ZIP", message = "rjsec409")~~RJStevensMusicPresentationCreator.Program~0000001976
2024-12-18 21:58:58.9566~DEBUG~-> ExtractAllFromFile(zipFileName = "C:\Users\cofc_\AppData\Local\Temp\tmp8E7B.tmp\rjsec409.ZIP", decompressedFolder = "C:\Users\cofc_\AppData\Local\Temp\tmp9090.tmp", message = "rjsec409")~~RJStevensMusicPresentationCreator.Program~0000001977
2024-12-18 21:58:59.2120~DEBUG~extract completed~~RJStevensMusicPresentationCreator.Program~0000001978
2024-12-18 21:58:59.2160~DEBUG~<- ExtractAllFromFile(zipFileName = "C:\Users\cofc_\AppData\Local\Temp\tmp8E7B.tmp\rjsec409.ZIP", decompressedFolder = "C:\Users\cofc_\AppData\Local\Temp\tmp9090.tmp", message = "rjsec409")~~RJStevensMusicPresentationCreator.Program~0000001979
2024-12-18 21:58:59.2920~DEBUG~-> DownloadFile(url = "https://faas-nyc1-2ef2e6cc.doserverless.co/api/v1/web/fn-dd7f8f6a-d32a-4f5e-ae7b-870dfb7963f3/downloads/bundle?id=000000000000417", filename = "C:\Users\cofc_\AppData\Local\Temp\tmp91E8.tmp\rjsec410.ZIP", message = "rjsec410")~~RJStevensMusicPresentationCreator.Program~0000001980
2024-12-18 21:58:59.8761~DEBUG~download completed~~RJStevensMusicPresentationCreator.Program~0000001981
2024-12-18 21:58:59.8761~DEBUG~<- DownloadFile(url = "https://faas-nyc1-2ef2e6cc.doserverless.co/api/v1/web/fn-dd7f8f6a-d32a-4f5e-ae7b-870dfb7963f3/downloads/bundle?id=000000000000417", filename = "C:\Users\cofc_\AppData\Local\Temp\tmp91E8.tmp\rjsec410.ZIP", message = "rjsec410")~~RJStevensMusicPresentationCreator.Program~0000001982
2024-12-18 21:58:59.8931~DEBUG~-> ExtractAllFromFile(zipFileName = "C:\Users\cofc_\AppData\Local\Temp\tmp91E8.tmp\rjsec410.ZIP", decompressedFolder = "C:\Users\cofc_\AppData\Local\Temp\tmp943B.tmp", message = "rjsec410")~~RJStevensMusicPresentationCreator.Program~0000001983
2024-12-18 21:59:00.1556~DEBUG~extract completed~~RJStevensMusicPresentationCreator.Program~0000001984
2024-12-18 21:59:00.1556~DEBUG~<- ExtractAllFromFile(zipFileName = "C:\Users\cofc_\AppData\Local\Temp\tmp91E8.tmp\rjsec410.ZIP", decompressedFolder = "C:\Users\cofc_\AppData\Local\Temp\tmp943B.tmp", message = "rjsec410")~~RJStevensMusicPresentationCreator.Program~0000001985
2024-12-18 21:59:00.2366~DEBUG~-> DownloadFile(url = "https://faas-nyc1-2ef2e6cc.doserverless.co/api/v1/web/fn-dd7f8f6a-d32a-4f5e-ae7b-870dfb7963f3/downloads/bundle?id=000000000000418", filename = "C:\Users\cofc_\AppData\Local\Temp\tmp9594.tmp\rjsec411.ZIP", message = "rjsec411")~~RJStevensMusicPresentationCreator.Program~0000001986
2024-12-18 21:59:00.9998~DEBUG~download completed~~RJStevensMusicPresentationCreator.Program~0000001987
2024-12-18 21:59:00.9998~DEBUG~<- DownloadFile(url = "https://faas-nyc1-2ef2e6cc.doserverless.co/api/v1/web/fn-dd7f8f6a-d32a-4f5e-ae7b-870dfb7963f3/downloads/bundle?id=000000000000418", filename = "C:\Users\cofc_\AppData\Local\Temp\tmp9594.tmp\rjsec411.ZIP", message = "rjsec411")~~RJStevensMusicPresentationCreator.Program~0000001988
2024-12-18 21:59:01.0128~DEBUG~-> ExtractAllFromFile(zipFileName = "C:\Users\cofc_\AppData\Local\Temp\tmp9594.tmp\rjsec411.ZIP", decompressedFolder = "C:\Users\cofc_\AppData\Local\Temp\tmp98A2.tmp", message = "rjsec411")~~RJStevensMusicPresentationCreator.Program~0000001989
2024-12-18 21:59:01.2368~DEBUG~extract completed~~RJStevensMusicPresentationCreator.Program~0000001990
2024-12-18 21:59:01.2368~DEBUG~<- ExtractAllFromFile(zipFileName = "C:\Users\cofc_\AppData\Local\Temp\tmp9594.tmp\rjsec411.ZIP", decompressedFolder = "C:\Users\cofc_\AppData\Local\Temp\tmp98A2.tmp", message = "rjsec411")~~RJStevensMusicPresentationCreator.Program~0000001991
2024-12-18 21:59:01.3008~DEBUG~-> DownloadFile(url = "https://faas-nyc1-2ef2e6cc.doserverless.co/api/v1/web/fn-dd7f8f6a-d32a-4f5e-ae7b-870dfb7963f3/downloads/bundle?id=000000000000419", filename = "C:\Users\cofc_\AppData\Local\Temp\tmp99BC.tmp\rjsec412.ZIP", message = "rjsec412")~~RJStevensMusicPresentationCreator.Program~0000001992
2024-12-18 21:59:01.7859~DEBUG~download completed~~RJStevensMusicPresentationCreator.Program~0000001993
2024-12-18 21:59:01.7859~DEBUG~<- DownloadFile(url = "https://faas-nyc1-2ef2e6cc.doserverless.co/api/v1/web/fn-dd7f8f6a-d32a-4f5e-ae7b-870dfb7963f3/downloads/bundle?id=000000000000419", filename = "C:\Users\cofc_\AppData\Local\Temp\tmp99BC.tmp\rjsec412.ZIP", message = "rjsec412")~~RJStevensMusicPresentationCreator.Program~0000001994
2024-12-18 21:59:01.8039~DEBUG~-> ExtractAllFromFile(zipFileName = "C:\Users\cofc_\AppData\Local\Temp\tmp99BC.tmp\rjsec412.ZIP", decompressedFolder = "C:\Users\cofc_\AppData\Local\Temp\tmp9BB1.tmp", message = "rjsec412")~~RJStevensMusicPresentationCreator.Program~0000001995
2024-12-18 21:59:02.0575~DEBUG~extract completed~~RJStevensMusicPresentationCreator.Program~0000001996
2024-12-18 21:59:02.0575~DEBUG~<- ExtractAllFromFile(zipFileName = "C:\Users\cofc_\AppData\Local\Temp\tmp99BC.tmp\rjsec412.ZIP", decompressedFolder = "C:\Users\cofc_\AppData\Local\Temp\tmp9BB1.tmp", message = "rjsec412")~~RJStevensMusicPresentationCreator.Program~0000001997
2024-12-18 21:59:02.1315~DEBUG~-> DownloadFile(url = "https://faas-nyc1-2ef2e6cc.doserverless.co/api/v1/web/fn-dd7f8f6a-d32a-4f5e-ae7b-870dfb7963f3/downloads/bundle?id=000000000000421", filename = "C:\Users\cofc_\AppData\Local\Temp\tmp9CFA.tmp\rjsec414.ZIP", message = "rjsec414")~~RJStevensMusicPresentationCreator.Program~0000001998
2024-12-18 21:59:02.6745~DEBUG~download completed~~RJStevensMusicPresentationCreator.Program~0000001999
2024-12-18 21:59:02.6745~DEBUG~<- DownloadFile(url = "https://faas-nyc1-2ef2e6cc.doserverless.co/api/v1/web/fn-dd7f8f6a-d32a-4f5e-ae7b-870dfb7963f3/downloads/bundle?id=000000000000421", filename = "C:\Users\cofc_\AppData\Local\Temp\tmp9CFA.tmp\rjsec414.ZIP", message = "rjsec414")~~RJStevensMusicPresentationCreator.Program~0000002000
2024-12-18 21:59:02.6970~DEBUG~-> ExtractAllFromFile(zipFileName = "C:\Users\cofc_\AppData\Local\Temp\tmp9CFA.tmp\rjsec414.ZIP", decompressedFolder = "C:\Users\cofc_\AppData\Local\Temp\tmp9F2E.tmp", message = "rjsec414")~~RJStevensMusicPresentationCreator.Program~0000002001
2024-12-18 21:59:02.9200~DEBUG~extract completed~~RJStevensMusicPresentationCreator.Program~0000002002
2024-12-18 21:59:02.9200~DEBUG~<- ExtractAllFromFile(zipFileName = "C:\Users\cofc_\AppData\Local\Temp\tmp9CFA.tmp\rjsec414.ZIP", decompressedFolder = "C:\Users\cofc_\AppData\Local\Temp\tmp9F2E.tmp", message = "rjsec414")~~RJStevensMusicPresentationCreator.Program~0000002003
2024-12-18 21:59:02.9880~DEBUG~-> DownloadFile(url = "https://faas-nyc1-2ef2e6cc.doserverless.co/api/v1/web/fn-dd7f8f6a-d32a-4f5e-ae7b-870dfb7963f3/downloads/bundle?id=000000000000422", filename = "C:\Users\cofc_\AppData\Local\Temp\tmpA058.tmp\rjsec415.ZIP", message = "rjsec415")~~RJStevensMusicPresentationCreator.Program~0000002004
2024-12-18 21:59:03.4551~DEBUG~download completed~~RJStevensMusicPresentationCreator.Program~0000002005
2024-12-18 21:59:03.4551~DEBUG~<- DownloadFile(url = "https://faas-nyc1-2ef2e6cc.doserverless.co/api/v1/web/fn-dd7f8f6a-d32a-4f5e-ae7b-870dfb7963f3/downloads/bundle?id=000000000000422", filename = "C:\Users\cofc_\AppData\Local\Temp\tmpA058.tmp\rjsec415.ZIP", message = "rjsec415")~~RJStevensMusicPresentationCreator.Program~0000002006
2024-12-18 21:59:03.4752~DEBUG~-> ExtractAllFromFile(zipFileName = "C:\Users\cofc_\AppData\Local\Temp\tmpA058.tmp\rjsec415.ZIP", decompressedFolder = "C:\Users\cofc_\AppData\Local\Temp\tmpA23D.tmp", message = "rjsec415")~~RJStevensMusicPresentationCreator.Program~0000002007
2024-12-18 21:59:03.7442~DEBUG~extract completed~~RJStevensMusicPresentationCreator.Program~0000002008
2024-12-18 21:59:03.7442~DEBUG~<- ExtractAllFromFile(zipFileName = "C:\Users\cofc_\AppData\Local\Temp\tmpA058.tmp\rjsec415.ZIP", decompressedFolder = "C:\Users\cofc_\AppData\Local\Temp\tmpA23D.tmp", message = "rjsec415")~~RJStevensMusicPresentationCreator.Program~0000002009
2024-12-18 21:59:03.8212~DEBUG~-> DownloadFile(url = "https://faas-nyc1-2ef2e6cc.doserverless.co/api/v1/web/fn-dd7f8f6a-d32a-4f5e-ae7b-870dfb7963f3/downloads/bundle?id=000000000000423", filename = "C:\Users\cofc_\AppData\Local\Temp\tmpA396.tmp\rjsec416.ZIP", message = "rjsec416")~~RJStevensMusicPresentationCreator.Program~0000002010
2024-12-18 21:59:04.2573~DEBUG~download completed~~RJStevensMusicPresentationCreator.Program~0000002011
2024-12-18 21:59:04.2573~DEBUG~<- DownloadFile(url = "https://faas-nyc1-2ef2e6cc.doserverless.co/api/v1/web/fn-dd7f8f6a-d32a-4f5e-ae7b-870dfb7963f3/downloads/bundle?id=000000000000423", filename = "C:\Users\cofc_\AppData\Local\Temp\tmpA396.tmp\rjsec416.ZIP", message = "rjsec416")~~RJStevensMusicPresentationCreator.Program~0000002012
2024-12-18 21:59:04.2753~DEBUG~-> ExtractAllFromFile(zipFileName = "C:\Users\cofc_\AppData\Local\Temp\tmpA396.tmp\rjsec416.ZIP", decompressedFolder = "C:\Users\cofc_\AppData\Local\Temp\tmpA55C.tmp", message = "rjsec416")~~RJStevensMusicPresentationCreator.Program~0000002013
2024-12-18 21:59:04.4954~DEBUG~extract completed~~RJStevensMusicPresentationCreator.Program~0000002014
2024-12-18 21:59:04.4954~DEBUG~<- ExtractAllFromFile(zipFileName = "C:\Users\cofc_\AppData\Local\Temp\tmpA396.tmp\rjsec416.ZIP", decompressedFolder = "C:\Users\cofc_\AppData\Local\Temp\tmpA55C.tmp", message = "rjsec416")~~RJStevensMusicPresentationCreator.Program~0000002015
2024-12-18 21:59:04.5624~DEBUG~-> DownloadFile(url = "https://faas-nyc1-2ef2e6cc.doserverless.co/api/v1/web/fn-dd7f8f6a-d32a-4f5e-ae7b-870dfb7963f3/downloads/bundle?id=000000000000424", filename = "C:\Users\cofc_\AppData\Local\Temp\tmpA686.tmp\rjsec417.ZIP", message = "rjsec417")~~RJStevensMusicPresentationCreator.Program~0000002016
2024-12-18 21:59:05.0114~DEBUG~download completed~~RJStevensMusicPresentationCreator.Program~0000002017
2024-12-18 21:59:05.0114~DEBUG~<- DownloadFile(url = "https://faas-nyc1-2ef2e6cc.doserverless.co/api/v1/web/fn-dd7f8f6a-d32a-4f5e-ae7b-870dfb7963f3/downloads/bundle?id=000000000000424", filename = "C:\Users\cofc_\AppData\Local\Temp\tmpA686.tmp\rjsec417.ZIP", message = "rjsec417")~~RJStevensMusicPresentationCreator.Program~0000002018
2024-12-18 21:59:05.0114~DEBUG~-> ExtractAllFromFile(zipFileName = "C:\Users\cofc_\AppData\Local\Temp\tmpA686.tmp\rjsec417.ZIP", decompressedFolder = "C:\Users\cofc_\AppData\Local\Temp\tmpA84C.tmp", message = "rjsec417")~~RJStevensMusicPresentationCreator.Program~0000002019
2024-12-18 21:59:05.3026~DEBUG~extract completed~~RJStevensMusicPresentationCreator.Program~0000002020
2024-12-18 21:59:05.3086~DEBUG~<- ExtractAllFromFile(zipFileName = "C:\Users\cofc_\AppData\Local\Temp\tmpA686.tmp\rjsec417.ZIP", decompressedFolder = "C:\Users\cofc_\AppData\Local\Temp\tmpA84C.tmp", message = "rjsec417")~~RJStevensMusicPresentationCreator.Program~0000002021
2024-12-18 21:59:05.3806~DEBUG~-> DownloadFile(url = "https://faas-nyc1-2ef2e6cc.doserverless.co/api/v1/web/fn-dd7f8f6a-d32a-4f5e-ae7b-870dfb7963f3/downloads/bundle?id=000000000000425", filename = "C:\Users\cofc_\AppData\Local\Temp\tmpA9B4.tmp\rjsec418.ZIP", message = "rjsec418")~~RJStevensMusicPresentationCreator.Program~0000002022
2024-12-18 21:59:05.8406~DEBUG~download completed~~RJStevensMusicPresentationCreator.Program~0000002023
2024-12-18 21:59:05.8406~DEBUG~<- DownloadFile(url = "https://faas-nyc1-2ef2e6cc.doserverless.co/api/v1/web/fn-dd7f8f6a-d32a-4f5e-ae7b-870dfb7963f3/downloads/bundle?id=000000000000425", filename = "C:\Users\cofc_\AppData\Local\Temp\tmpA9B4.tmp\rjsec418.ZIP", message = "rjsec418")~~RJStevensMusicPresentationCreator.Program~0000002024
2024-12-18 21:59:05.8586~DEBUG~-> ExtractAllFromFile(zipFileName = "C:\Users\cofc_\AppData\Local\Temp\tmpA9B4.tmp\rjsec418.ZIP", decompressedFolder = "C:\Users\cofc_\AppData\Local\Temp\tmpAB9A.tmp", message = "rjsec418")~~RJStevensMusicPresentationCreator.Program~0000002025
2024-12-18 21:59:06.1036~DEBUG~extract completed~~RJStevensMusicPresentationCreator.Program~0000002026
2024-12-18 21:59:06.1036~DEBUG~<- ExtractAllFromFile(zipFileName = "C:\Users\cofc_\AppData\Local\Temp\tmpA9B4.tmp\rjsec418.ZIP", decompressedFolder = "C:\Users\cofc_\AppData\Local\Temp\tmpAB9A.tmp", message = "rjsec418")~~RJStevensMusicPresentationCreator.Program~0000002027
2024-12-18 21:59:06.1766~DEBUG~-> DownloadFile(url = "https://faas-nyc1-2ef2e6cc.doserverless.co/api/v1/web/fn-dd7f8f6a-d32a-4f5e-ae7b-870dfb7963f3/downloads/bundle?id=000000000000426", filename = "C:\Users\cofc_\AppData\Local\Temp\tmpACD3.tmp\rjsec419.ZIP", message = "rjsec419")~~RJStevensMusicPresentationCreator.Program~0000002028
2024-12-18 21:59:06.6387~DEBUG~download completed~~RJStevensMusicPresentationCreator.Program~0000002029
2024-12-18 21:59:06.6387~DEBUG~<- DownloadFile(url = "https://faas-nyc1-2ef2e6cc.doserverless.co/api/v1/web/fn-dd7f8f6a-d32a-4f5e-ae7b-870dfb7963f3/downloads/bundle?id=000000000000426", filename = "C:\Users\cofc_\AppData\Local\Temp\tmpACD3.tmp\rjsec419.ZIP", message = "rjsec419")~~RJStevensMusicPresentationCreator.Program~0000002030
2024-12-18 21:59:06.6527~DEBUG~-> ExtractAllFromFile(zipFileName = "C:\Users\cofc_\AppData\Local\Temp\tmpACD3.tmp\rjsec419.ZIP", decompressedFolder = "C:\Users\cofc_\AppData\Local\Temp\tmpAEB9.tmp", message = "rjsec419")~~RJStevensMusicPresentationCreator.Program~0000002031
2024-12-18 21:59:06.8810~DEBUG~extract completed~~RJStevensMusicPresentationCreator.Program~0000002032
2024-12-18 21:59:06.8810~DEBUG~<- ExtractAllFromFile(zipFileName = "C:\Users\cofc_\AppData\Local\Temp\tmpACD3.tmp\rjsec419.ZIP", decompressedFolder = "C:\Users\cofc_\AppData\Local\Temp\tmpAEB9.tmp", message = "rjsec419")~~RJStevensMusicPresentationCreator.Program~0000002033
2024-12-18 21:59:06.9460~DEBUG~-> DownloadFile(url = "https://faas-nyc1-2ef2e6cc.doserverless.co/api/v1/web/fn-dd7f8f6a-d32a-4f5e-ae7b-870dfb7963f3/downloads/bundle?id=000000000000427", filename = "C:\Users\cofc_\AppData\Local\Temp\tmpAFD3.tmp\rjsec420.ZIP", message = "rjsec420")~~RJStevensMusicPresentationCreator.Program~0000002034
2024-12-18 21:59:07.4341~DEBUG~download completed~~RJStevensMusicPresentationCreator.Program~0000002035
2024-12-18 21:59:07.4341~DEBUG~<- DownloadFile(url = "https://faas-nyc1-2ef2e6cc.doserverless.co/api/v1/web/fn-dd7f8f6a-d32a-4f5e-ae7b-870dfb7963f3/downloads/bundle?id=000000000000427", filename = "C:\Users\cofc_\AppData\Local\Temp\tmpAFD3.tmp\rjsec420.ZIP", message = "rjsec420")~~RJStevensMusicPresentationCreator.Program~0000002036
2024-12-18 21:59:07.4531~DEBUG~-> ExtractAllFromFile(zipFileName = "C:\Users\cofc_\AppData\Local\Temp\tmpAFD3.tmp\rjsec420.ZIP", decompressedFolder = "C:\Users\cofc_\AppData\Local\Temp\tmpB1D8.tmp", message = "rjsec420")~~RJStevensMusicPresentationCreator.Program~0000002037
2024-12-18 21:59:07.7171~DEBUG~extract completed~~RJStevensMusicPresentationCreator.Program~0000002038
2024-12-18 21:59:07.7171~DEBUG~<- ExtractAllFromFile(zipFileName = "C:\Users\cofc_\AppData\Local\Temp\tmpAFD3.tmp\rjsec420.ZIP", decompressedFolder = "C:\Users\cofc_\AppData\Local\Temp\tmpB1D8.tmp", message = "rjsec420")~~RJStevensMusicPresentationCreator.Program~0000002039
2024-12-18 21:59:07.7902~DEBUG~-> DownloadFile(url = "https://faas-nyc1-2ef2e6cc.doserverless.co/api/v1/web/fn-dd7f8f6a-d32a-4f5e-ae7b-870dfb7963f3/downloads/bundle?id=000000000000428", filename = "C:\Users\cofc_\AppData\Local\Temp\tmpB321.tmp\rjsec421.ZIP", message = "rjsec421")~~RJStevensMusicPresentationCreator.Program~0000002040
2024-12-18 21:59:08.2702~DEBUG~download completed~~RJStevensMusicPresentationCreator.Program~0000002041
2024-12-18 21:59:08.2702~DEBUG~<- DownloadFile(url = "https://faas-nyc1-2ef2e6cc.doserverless.co/api/v1/web/fn-dd7f8f6a-d32a-4f5e-ae7b-870dfb7963f3/downloads/bundle?id=000000000000428", filename = "C:\Users\cofc_\AppData\Local\Temp\tmpB321.tmp\rjsec421.ZIP", message = "rjsec421")~~RJStevensMusicPresentationCreator.Program~0000002042
2024-12-18 21:59:08.2882~DEBUG~-> ExtractAllFromFile(zipFileName = "C:\Users\cofc_\AppData\Local\Temp\tmpB321.tmp\rjsec421.ZIP", decompressedFolder = "C:\Users\cofc_\AppData\Local\Temp\tmpB516.tmp", message = "rjsec421")~~RJStevensMusicPresentationCreator.Program~0000002043
2024-12-18 21:59:08.5312~DEBUG~extract completed~~RJStevensMusicPresentationCreator.Program~0000002044
2024-12-18 21:59:08.5312~DEBUG~<- ExtractAllFromFile(zipFileName = "C:\Users\cofc_\AppData\Local\Temp\tmpB321.tmp\rjsec421.ZIP", decompressedFolder = "C:\Users\cofc_\AppData\Local\Temp\tmpB516.tmp", message = "rjsec421")~~RJStevensMusicPresentationCreator.Program~0000002045
2024-12-18 21:59:08.6022~DEBUG~-> DownloadFile(url = "https://faas-nyc1-2ef2e6cc.doserverless.co/api/v1/web/fn-dd7f8f6a-d32a-4f5e-ae7b-870dfb7963f3/downloads/bundle?id=000000000000429", filename = "C:\Users\cofc_\AppData\Local\Temp\tmpB64F.tmp\rjsec422.ZIP", message = "rjsec422")~~RJStevensMusicPresentationCreator.Program~0000002046
2024-12-18 21:59:09.5146~DEBUG~download completed~~RJStevensMusicPresentationCreator.Program~0000002047
2024-12-18 21:59:09.5146~DEBUG~<- DownloadFile(url = "https://faas-nyc1-2ef2e6cc.doserverless.co/api/v1/web/fn-dd7f8f6a-d32a-4f5e-ae7b-870dfb7963f3/downloads/bundle?id=000000000000429", filename = "C:\Users\cofc_\AppData\Local\Temp\tmpB64F.tmp\rjsec422.ZIP", message = "rjsec422")~~RJStevensMusicPresentationCreator.Program~0000002048
2024-12-18 21:59:09.5306~DEBUG~-> ExtractAllFromFile(zipFileName = "C:\Users\cofc_\AppData\Local\Temp\tmpB64F.tmp\rjsec422.ZIP", decompressedFolder = "C:\Users\cofc_\AppData\Local\Temp\tmpB9FA.tmp", message = "rjsec422")~~RJStevensMusicPresentationCreator.Program~0000002049
2024-12-18 21:59:09.8017~DEBUG~extract completed~~RJStevensMusicPresentationCreator.Program~0000002050
2024-12-18 21:59:09.8017~DEBUG~<- ExtractAllFromFile(zipFileName = "C:\Users\cofc_\AppData\Local\Temp\tmpB64F.tmp\rjsec422.ZIP", decompressedFolder = "C:\Users\cofc_\AppData\Local\Temp\tmpB9FA.tmp", message = "rjsec422")~~RJStevensMusicPresentationCreator.Program~0000002051
2024-12-18 21:59:09.8867~DEBUG~-> DownloadFile(url = "https://faas-nyc1-2ef2e6cc.doserverless.co/api/v1/web/fn-dd7f8f6a-d32a-4f5e-ae7b-870dfb7963f3/downloads/bundle?id=000000000000430", filename = "C:\Users\cofc_\AppData\Local\Temp\tmpBB62.tmp\rjsec423.ZIP", message = "rjsec423")~~RJStevensMusicPresentationCreator.Program~0000002052
2024-12-18 21:59:10.3297~DEBUG~download completed~~RJStevensMusicPresentationCreator.Program~0000002053
2024-12-18 21:59:10.3297~DEBUG~<- DownloadFile(url = "https://faas-nyc1-2ef2e6cc.doserverless.co/api/v1/web/fn-dd7f8f6a-d32a-4f5e-ae7b-870dfb7963f3/downloads/bundle?id=000000000000430", filename = "C:\Users\cofc_\AppData\Local\Temp\tmpBB62.tmp\rjsec423.ZIP", message = "rjsec423")~~RJStevensMusicPresentationCreator.Program~0000002054
2024-12-18 21:59:10.3437~DEBUG~-> ExtractAllFromFile(zipFileName = "C:\Users\cofc_\AppData\Local\Temp\tmpBB62.tmp\rjsec423.ZIP", decompressedFolder = "C:\Users\cofc_\AppData\Local\Temp\tmpBD28.tmp", message = "rjsec423")~~RJStevensMusicPresentationCreator.Program~0000002055
2024-12-18 21:59:10.6078~DEBUG~extract completed~~RJStevensMusicPresentationCreator.Program~0000002056
2024-12-18 21:59:10.6078~DEBUG~<- ExtractAllFromFile(zipFileName = "C:\Users\cofc_\AppData\Local\Temp\tmpBB62.tmp\rjsec423.ZIP", decompressedFolder = "C:\Users\cofc_\AppData\Local\Temp\tmpBD28.tmp", message = "rjsec423")~~RJStevensMusicPresentationCreator.Program~0000002057
2024-12-18 21:59:10.6728~DEBUG~-> DownloadFile(url = "https://faas-nyc1-2ef2e6cc.doserverless.co/api/v1/web/fn-dd7f8f6a-d32a-4f5e-ae7b-870dfb7963f3/downloads/bundle?id=000000000000431", filename = "C:\Users\cofc_\AppData\Local\Temp\tmpBE71.tmp\rjsec424.ZIP", message = "rjsec424")~~RJStevensMusicPresentationCreator.Program~0000002058
2024-12-18 21:59:11.1048~DEBUG~download completed~~RJStevensMusicPresentationCreator.Program~0000002059
2024-12-18 21:59:11.1048~DEBUG~<- DownloadFile(url = "https://faas-nyc1-2ef2e6cc.doserverless.co/api/v1/web/fn-dd7f8f6a-d32a-4f5e-ae7b-870dfb7963f3/downloads/bundle?id=000000000000431", filename = "C:\Users\cofc_\AppData\Local\Temp\tmpBE71.tmp\rjsec424.ZIP", message = "rjsec424")~~RJStevensMusicPresentationCreator.Program~0000002060
2024-12-18 21:59:11.1238~DEBUG~-> ExtractAllFromFile(zipFileName = "C:\Users\cofc_\AppData\Local\Temp\tmpBE71.tmp\rjsec424.ZIP", decompressedFolder = "C:\Users\cofc_\AppData\Local\Temp\tmpC037.tmp", message = "rjsec424")~~RJStevensMusicPresentationCreator.Program~0000002061
2024-12-18 21:59:11.3348~DEBUG~extract completed~~RJStevensMusicPresentationCreator.Program~0000002062
2024-12-18 21:59:11.3378~DEBUG~<- ExtractAllFromFile(zipFileName = "C:\Users\cofc_\AppData\Local\Temp\tmpBE71.tmp\rjsec424.ZIP", decompressedFolder = "C:\Users\cofc_\AppData\Local\Temp\tmpC037.tmp", message = "rjsec424")~~RJStevensMusicPresentationCreator.Program~0000002063
2024-12-18 21:59:11.3998~DEBUG~-> DownloadFile(url = "https://faas-nyc1-2ef2e6cc.doserverless.co/api/v1/web/fn-dd7f8f6a-d32a-4f5e-ae7b-870dfb7963f3/downloads/bundle?id=000000000000432", filename = "C:\Users\cofc_\AppData\Local\Temp\tmpC142.tmp\rjsec425.ZIP", message = "rjsec425")~~RJStevensMusicPresentationCreator.Program~0000002064
2024-12-18 21:59:11.8759~DEBUG~download completed~~RJStevensMusicPresentationCreator.Program~0000002065
2024-12-18 21:59:11.8759~DEBUG~<- DownloadFile(url = "https://faas-nyc1-2ef2e6cc.doserverless.co/api/v1/web/fn-dd7f8f6a-d32a-4f5e-ae7b-870dfb7963f3/downloads/bundle?id=000000000000432", filename = "C:\Users\cofc_\AppData\Local\Temp\tmpC142.tmp\rjsec425.ZIP", message = "rjsec425")~~RJStevensMusicPresentationCreator.Program~0000002066
2024-12-18 21:59:11.8939~DEBUG~-> ExtractAllFromFile(zipFileName = "C:\Users\cofc_\AppData\Local\Temp\tmpC142.tmp\rjsec425.ZIP", decompressedFolder = "C:\Users\cofc_\AppData\Local\Temp\tmpC337.tmp", message = "rjsec425")~~RJStevensMusicPresentationCreator.Program~0000002067
2024-12-18 21:59:12.1239~DEBUG~extract completed~~RJStevensMusicPresentationCreator.Program~0000002068
2024-12-18 21:59:12.1239~DEBUG~<- ExtractAllFromFile(zipFileName = "C:\Users\cofc_\AppData\Local\Temp\tmpC142.tmp\rjsec425.ZIP", decompressedFolder = "C:\Users\cofc_\AppData\Local\Temp\tmpC337.tmp", message = "rjsec425")~~RJStevensMusicPresentationCreator.Program~0000002069
2024-12-18 21:59:12.1949~DEBUG~-> DownloadFile(url = "https://faas-nyc1-2ef2e6cc.doserverless.co/api/v1/web/fn-dd7f8f6a-d32a-4f5e-ae7b-870dfb7963f3/downloads/bundle?id=000000000000433", filename = "C:\Users\cofc_\AppData\Local\Temp\tmpC461.tmp\rjsec426.ZIP", message = "rjsec426")~~RJStevensMusicPresentationCreator.Program~0000002070
2024-12-18 21:59:12.6489~DEBUG~download completed~~RJStevensMusicPresentationCreator.Program~0000002071
2024-12-18 21:59:12.6489~DEBUG~<- DownloadFile(url = "https://faas-nyc1-2ef2e6cc.doserverless.co/api/v1/web/fn-dd7f8f6a-d32a-4f5e-ae7b-870dfb7963f3/downloads/bundle?id=000000000000433", filename = "C:\Users\cofc_\AppData\Local\Temp\tmpC461.tmp\rjsec426.ZIP", message = "rjsec426")~~RJStevensMusicPresentationCreator.Program~0000002072
2024-12-18 21:59:12.6639~DEBUG~-> ExtractAllFromFile(zipFileName = "C:\Users\cofc_\AppData\Local\Temp\tmpC461.tmp\rjsec426.ZIP", decompressedFolder = "C:\Users\cofc_\AppData\Local\Temp\tmpC637.tmp", message = "rjsec426")~~RJStevensMusicPresentationCreator.Program~0000002073
2024-12-18 21:59:12.8968~DEBUG~extract completed~~RJStevensMusicPresentationCreator.Program~0000002074
2024-12-18 21:59:12.8968~DEBUG~<- ExtractAllFromFile(zipFileName = "C:\Users\cofc_\AppData\Local\Temp\tmpC461.tmp\rjsec426.ZIP", decompressedFolder = "C:\Users\cofc_\AppData\Local\Temp\tmpC637.tmp", message = "rjsec426")~~RJStevensMusicPresentationCreator.Program~0000002075
2024-12-18 21:59:12.9648~DEBUG~-> DownloadFile(url = "https://faas-nyc1-2ef2e6cc.doserverless.co/api/v1/web/fn-dd7f8f6a-d32a-4f5e-ae7b-870dfb7963f3/downloads/bundle?id=000000000000434", filename = "C:\Users\cofc_\AppData\Local\Temp\tmpC770.tmp\rjsec427.ZIP", message = "rjsec427")~~RJStevensMusicPresentationCreator.Program~0000002076
2024-12-18 21:59:13.4139~DEBUG~download completed~~RJStevensMusicPresentationCreator.Program~0000002077
2024-12-18 21:59:13.4139~DEBUG~<- DownloadFile(url = "https://faas-nyc1-2ef2e6cc.doserverless.co/api/v1/web/fn-dd7f8f6a-d32a-4f5e-ae7b-870dfb7963f3/downloads/bundle?id=000000000000434", filename = "C:\Users\cofc_\AppData\Local\Temp\tmpC770.tmp\rjsec427.ZIP", message = "rjsec427")~~RJStevensMusicPresentationCreator.Program~0000002078
2024-12-18 21:59:13.4299~DEBUG~-> ExtractAllFromFile(zipFileName = "C:\Users\cofc_\AppData\Local\Temp\tmpC770.tmp\rjsec427.ZIP", decompressedFolder = "C:\Users\cofc_\AppData\Local\Temp\tmpC936.tmp", message = "rjsec427")~~RJStevensMusicPresentationCreator.Program~0000002079
2024-12-18 21:59:13.7229~DEBUG~extract completed~~RJStevensMusicPresentationCreator.Program~0000002080
2024-12-18 21:59:13.7229~DEBUG~<- ExtractAllFromFile(zipFileName = "C:\Users\cofc_\AppData\Local\Temp\tmpC770.tmp\rjsec427.ZIP", decompressedFolder = "C:\Users\cofc_\AppData\Local\Temp\tmpC936.tmp", message = "rjsec427")~~RJStevensMusicPresentationCreator.Program~0000002081
2024-12-18 21:59:13.7909~DEBUG~-> DownloadFile(url = "https://faas-nyc1-2ef2e6cc.doserverless.co/api/v1/web/fn-dd7f8f6a-d32a-4f5e-ae7b-870dfb7963f3/downloads/bundle?id=000000000000435", filename = "C:\Users\cofc_\AppData\Local\Temp\tmpCA9F.tmp\rjsec428.ZIP", message = "rjsec428")~~RJStevensMusicPresentationCreator.Program~0000002082
2024-12-18 21:59:14.2319~DEBUG~download completed~~RJStevensMusicPresentationCreator.Program~0000002083
2024-12-18 21:59:14.2319~DEBUG~<- DownloadFile(url = "https://faas-nyc1-2ef2e6cc.doserverless.co/api/v1/web/fn-dd7f8f6a-d32a-4f5e-ae7b-870dfb7963f3/downloads/bundle?id=000000000000435", filename = "C:\Users\cofc_\AppData\Local\Temp\tmpCA9F.tmp\rjsec428.ZIP", message = "rjsec428")~~RJStevensMusicPresentationCreator.Program~0000002084
2024-12-18 21:59:14.2499~DEBUG~-> ExtractAllFromFile(zipFileName = "C:\Users\cofc_\AppData\Local\Temp\tmpCA9F.tmp\rjsec428.ZIP", decompressedFolder = "C:\Users\cofc_\AppData\Local\Temp\tmpCC74.tmp", message = "rjsec428")~~RJStevensMusicPresentationCreator.Program~0000002085
2024-12-18 21:59:14.4604~DEBUG~extract completed~~RJStevensMusicPresentationCreator.Program~0000002086
2024-12-18 21:59:14.4634~DEBUG~<- ExtractAllFromFile(zipFileName = "C:\Users\cofc_\AppData\Local\Temp\tmpCA9F.tmp\rjsec428.ZIP", decompressedFolder = "C:\Users\cofc_\AppData\Local\Temp\tmpCC74.tmp", message = "rjsec428")~~RJStevensMusicPresentationCreator.Program~0000002087
2024-12-18 21:59:14.5204~DEBUG~-> DownloadFile(url = "https://faas-nyc1-2ef2e6cc.doserverless.co/api/v1/web/fn-dd7f8f6a-d32a-4f5e-ae7b-870dfb7963f3/downloads/bundle?id=000000000000436", filename = "C:\Users\cofc_\AppData\Local\Temp\tmpCD7F.tmp\rjsec429.ZIP", message = "rjsec429")~~RJStevensMusicPresentationCreator.Program~0000002088
2024-12-18 21:59:15.0474~DEBUG~download completed~~RJStevensMusicPresentationCreator.Program~0000002089
2024-12-18 21:59:15.0474~DEBUG~<- DownloadFile(url = "https://faas-nyc1-2ef2e6cc.doserverless.co/api/v1/web/fn-dd7f8f6a-d32a-4f5e-ae7b-870dfb7963f3/downloads/bundle?id=000000000000436", filename = "C:\Users\cofc_\AppData\Local\Temp\tmpCD7F.tmp\rjsec429.ZIP", message = "rjsec429")~~RJStevensMusicPresentationCreator.Program~0000002090
2024-12-18 21:59:15.0654~DEBUG~-> ExtractAllFromFile(zipFileName = "C:\Users\cofc_\AppData\Local\Temp\tmpCD7F.tmp\rjsec429.ZIP", decompressedFolder = "C:\Users\cofc_\AppData\Local\Temp\tmpCFA3.tmp", message = "rjsec429")~~RJStevensMusicPresentationCreator.Program~0000002091
2024-12-18 21:59:15.3384~DEBUG~extract completed~~RJStevensMusicPresentationCreator.Program~0000002092
2024-12-18 21:59:15.3384~DEBUG~<- ExtractAllFromFile(zipFileName = "C:\Users\cofc_\AppData\Local\Temp\tmpCD7F.tmp\rjsec429.ZIP", decompressedFolder = "C:\Users\cofc_\AppData\Local\Temp\tmpCFA3.tmp", message = "rjsec429")~~RJStevensMusicPresentationCreator.Program~0000002093
2024-12-18 21:59:15.4124~DEBUG~-> DownloadFile(url = "https://faas-nyc1-2ef2e6cc.doserverless.co/api/v1/web/fn-dd7f8f6a-d32a-4f5e-ae7b-870dfb7963f3/downloads/bundle?id=000000000000437", filename = "C:\Users\cofc_\AppData\Local\Temp\tmpD0FC.tmp\rjsec430.ZIP", message = "rjsec430")~~RJStevensMusicPresentationCreator.Program~0000002094
2024-12-18 21:59:15.8755~DEBUG~download completed~~RJStevensMusicPresentationCreator.Program~0000002095
2024-12-18 21:59:15.8755~DEBUG~<- DownloadFile(url = "https://faas-nyc1-2ef2e6cc.doserverless.co/api/v1/web/fn-dd7f8f6a-d32a-4f5e-ae7b-870dfb7963f3/downloads/bundle?id=000000000000437", filename = "C:\Users\cofc_\AppData\Local\Temp\tmpD0FC.tmp\rjsec430.ZIP", message = "rjsec430")~~RJStevensMusicPresentationCreator.Program~0000002096
2024-12-18 21:59:15.8905~DEBUG~-> ExtractAllFromFile(zipFileName = "C:\Users\cofc_\AppData\Local\Temp\tmpD0FC.tmp\rjsec430.ZIP", decompressedFolder = "C:\Users\cofc_\AppData\Local\Temp\tmpD2E1.tmp", message = "rjsec430")~~RJStevensMusicPresentationCreator.Program~0000002097
2024-12-18 21:59:16.1245~DEBUG~extract completed~~RJStevensMusicPresentationCreator.Program~0000002098
2024-12-18 21:59:16.1245~DEBUG~<- ExtractAllFromFile(zipFileName = "C:\Users\cofc_\AppData\Local\Temp\tmpD0FC.tmp\rjsec430.ZIP", decompressedFolder = "C:\Users\cofc_\AppData\Local\Temp\tmpD2E1.tmp", message = "rjsec430")~~RJStevensMusicPresentationCreator.Program~0000002099
2024-12-18 21:59:16.1925~DEBUG~-> DownloadFile(url = "https://faas-nyc1-2ef2e6cc.doserverless.co/api/v1/web/fn-dd7f8f6a-d32a-4f5e-ae7b-870dfb7963f3/downloads/bundle?id=000000000000438", filename = "C:\Users\cofc_\AppData\Local\Temp\tmpD40B.tmp\rjsec431.ZIP", message = "rjsec431")~~RJStevensMusicPresentationCreator.Program~0000002100
2024-12-18 21:59:16.6906~DEBUG~download completed~~RJStevensMusicPresentationCreator.Program~0000002101
2024-12-18 21:59:16.6906~DEBUG~<- DownloadFile(url = "https://faas-nyc1-2ef2e6cc.doserverless.co/api/v1/web/fn-dd7f8f6a-d32a-4f5e-ae7b-870dfb7963f3/downloads/bundle?id=000000000000438", filename = "C:\Users\cofc_\AppData\Local\Temp\tmpD40B.tmp\rjsec431.ZIP", message = "rjsec431")~~RJStevensMusicPresentationCreator.Program~0000002102
2024-12-18 21:59:16.7076~DEBUG~-> ExtractAllFromFile(zipFileName = "C:\Users\cofc_\AppData\Local\Temp\tmpD40B.tmp\rjsec431.ZIP", decompressedFolder = "C:\Users\cofc_\AppData\Local\Temp\tmpD610.tmp", message = "rjsec431")~~RJStevensMusicPresentationCreator.Program~0000002103
2024-12-18 21:59:16.9969~DEBUG~extract completed~~RJStevensMusicPresentationCreator.Program~0000002104
2024-12-18 21:59:16.9969~DEBUG~<- ExtractAllFromFile(zipFileName = "C:\Users\cofc_\AppData\Local\Temp\tmpD40B.tmp\rjsec431.ZIP", decompressedFolder = "C:\Users\cofc_\AppData\Local\Temp\tmpD610.tmp", message = "rjsec431")~~RJStevensMusicPresentationCreator.Program~0000002105
2024-12-18 21:59:17.0819~DEBUG~-> DownloadFile(url = "https://faas-nyc1-2ef2e6cc.doserverless.co/api/v1/web/fn-dd7f8f6a-d32a-4f5e-ae7b-870dfb7963f3/downloads/bundle?id=000000000000439", filename = "C:\Users\cofc_\AppData\Local\Temp\tmpD788.tmp\rjsec432.ZIP", message = "rjsec432")~~RJStevensMusicPresentationCreator.Program~0000002106
2024-12-18 21:59:17.5159~DEBUG~download completed~~RJStevensMusicPresentationCreator.Program~0000002107
2024-12-18 21:59:17.5159~DEBUG~<- DownloadFile(url = "https://faas-nyc1-2ef2e6cc.doserverless.co/api/v1/web/fn-dd7f8f6a-d32a-4f5e-ae7b-870dfb7963f3/downloads/bundle?id=000000000000439", filename = "C:\Users\cofc_\AppData\Local\Temp\tmpD788.tmp\rjsec432.ZIP", message = "rjsec432")~~RJStevensMusicPresentationCreator.Program~0000002108
2024-12-18 21:59:17.5379~DEBUG~-> ExtractAllFromFile(zipFileName = "C:\Users\cofc_\AppData\Local\Temp\tmpD788.tmp\rjsec432.ZIP", decompressedFolder = "C:\Users\cofc_\AppData\Local\Temp\tmpD94E.tmp", message = "rjsec432")~~RJStevensMusicPresentationCreator.Program~0000002109
2024-12-18 21:59:17.7711~DEBUG~extract completed~~RJStevensMusicPresentationCreator.Program~0000002110
2024-12-18 21:59:17.7761~DEBUG~<- ExtractAllFromFile(zipFileName = "C:\Users\cofc_\AppData\Local\Temp\tmpD788.tmp\rjsec432.ZIP", decompressedFolder = "C:\Users\cofc_\AppData\Local\Temp\tmpD94E.tmp", message = "rjsec432")~~RJStevensMusicPresentationCreator.Program~0000002111
2024-12-18 21:59:17.8371~DEBUG~-> DownloadFile(url = "https://faas-nyc1-2ef2e6cc.doserverless.co/api/v1/web/fn-dd7f8f6a-d32a-4f5e-ae7b-870dfb7963f3/downloads/bundle?id=000000000000440", filename = "C:\Users\cofc_\AppData\Local\Temp\tmpDA78.tmp\rjsec433.ZIP", message = "rjsec433")~~RJStevensMusicPresentationCreator.Program~0000002112
2024-12-18 21:59:18.2821~DEBUG~download completed~~RJStevensMusicPresentationCreator.Program~0000002113
2024-12-18 21:59:18.2821~DEBUG~<- DownloadFile(url = "https://faas-nyc1-2ef2e6cc.doserverless.co/api/v1/web/fn-dd7f8f6a-d32a-4f5e-ae7b-870dfb7963f3/downloads/bundle?id=000000000000440", filename = "C:\Users\cofc_\AppData\Local\Temp\tmpDA78.tmp\rjsec433.ZIP", message = "rjsec433")~~RJStevensMusicPresentationCreator.Program~0000002114
2024-12-18 21:59:18.3001~DEBUG~-> ExtractAllFromFile(zipFileName = "C:\Users\cofc_\AppData\Local\Temp\tmpDA78.tmp\rjsec433.ZIP", decompressedFolder = "C:\Users\cofc_\AppData\Local\Temp\tmpDC4D.tmp", message = "rjsec433")~~RJStevensMusicPresentationCreator.Program~0000002115
2024-12-18 21:59:18.5486~DEBUG~extract completed~~RJStevensMusicPresentationCreator.Program~0000002116
2024-12-18 21:59:18.5486~DEBUG~<- ExtractAllFromFile(zipFileName = "C:\Users\cofc_\AppData\Local\Temp\tmpDA78.tmp\rjsec433.ZIP", decompressedFolder = "C:\Users\cofc_\AppData\Local\Temp\tmpDC4D.tmp", message = "rjsec433")~~RJStevensMusicPresentationCreator.Program~0000002117
2024-12-18 21:59:18.6206~DEBUG~-> DownloadFile(url = "https://faas-nyc1-2ef2e6cc.doserverless.co/api/v1/web/fn-dd7f8f6a-d32a-4f5e-ae7b-870dfb7963f3/downloads/bundle?id=000000000000441", filename = "C:\Users\cofc_\AppData\Local\Temp\tmpDD96.tmp\rjsec434.ZIP", message = "rjsec434")~~RJStevensMusicPresentationCreator.Program~0000002118
2024-12-18 21:59:19.0777~DEBUG~download completed~~RJStevensMusicPresentationCreator.Program~0000002119
2024-12-18 21:59:19.0777~DEBUG~<- DownloadFile(url = "https://faas-nyc1-2ef2e6cc.doserverless.co/api/v1/web/fn-dd7f8f6a-d32a-4f5e-ae7b-870dfb7963f3/downloads/bundle?id=000000000000441", filename = "C:\Users\cofc_\AppData\Local\Temp\tmpDD96.tmp\rjsec434.ZIP", message = "rjsec434")~~RJStevensMusicPresentationCreator.Program~0000002120
2024-12-18 21:59:19.0917~DEBUG~-> ExtractAllFromFile(zipFileName = "C:\Users\cofc_\AppData\Local\Temp\tmpDD96.tmp\rjsec434.ZIP", decompressedFolder = "C:\Users\cofc_\AppData\Local\Temp\tmpDF6C.tmp", message = "rjsec434")~~RJStevensMusicPresentationCreator.Program~0000002121
2024-12-18 21:59:19.3617~DEBUG~extract completed~~RJStevensMusicPresentationCreator.Program~0000002122
2024-12-18 21:59:19.3617~DEBUG~<- ExtractAllFromFile(zipFileName = "C:\Users\cofc_\AppData\Local\Temp\tmpDD96.tmp\rjsec434.ZIP", decompressedFolder = "C:\Users\cofc_\AppData\Local\Temp\tmpDF6C.tmp", message = "rjsec434")~~RJStevensMusicPresentationCreator.Program~0000002123
2024-12-18 21:59:19.4377~DEBUG~-> DownloadFile(url = "https://faas-nyc1-2ef2e6cc.doserverless.co/api/v1/web/fn-dd7f8f6a-d32a-4f5e-ae7b-870dfb7963f3/downloads/bundle?id=000000000000442", filename = "C:\Users\cofc_\AppData\Local\Temp\tmpE0C5.tmp\rjsec435.ZIP", message = "rjsec435")~~RJStevensMusicPresentationCreator.Program~0000002124
2024-12-18 21:59:19.8815~DEBUG~download completed~~RJStevensMusicPresentationCreator.Program~0000002125
2024-12-18 21:59:19.8815~DEBUG~<- DownloadFile(url = "https://faas-nyc1-2ef2e6cc.doserverless.co/api/v1/web/fn-dd7f8f6a-d32a-4f5e-ae7b-870dfb7963f3/downloads/bundle?id=000000000000442", filename = "C:\Users\cofc_\AppData\Local\Temp\tmpE0C5.tmp\rjsec435.ZIP", message = "rjsec435")~~RJStevensMusicPresentationCreator.Program~0000002126
2024-12-18 21:59:19.8985~DEBUG~-> ExtractAllFromFile(zipFileName = "C:\Users\cofc_\AppData\Local\Temp\tmpE0C5.tmp\rjsec435.ZIP", decompressedFolder = "C:\Users\cofc_\AppData\Local\Temp\tmpE28B.tmp", message = "rjsec435")~~RJStevensMusicPresentationCreator.Program~0000002127
2024-12-18 21:59:20.1235~DEBUG~extract completed~~RJStevensMusicPresentationCreator.Program~0000002128
2024-12-18 21:59:20.1235~DEBUG~<- ExtractAllFromFile(zipFileName = "C:\Users\cofc_\AppData\Local\Temp\tmpE0C5.tmp\rjsec435.ZIP", decompressedFolder = "C:\Users\cofc_\AppData\Local\Temp\tmpE28B.tmp", message = "rjsec435")~~RJStevensMusicPresentationCreator.Program~0000002129
2024-12-18 21:59:20.1976~DEBUG~-> DownloadFile(url = "https://faas-nyc1-2ef2e6cc.doserverless.co/api/v1/web/fn-dd7f8f6a-d32a-4f5e-ae7b-870dfb7963f3/downloads/bundle?id=000000000000446", filename = "C:\Users\cofc_\AppData\Local\Temp\tmpE3B5.tmp\rjsec439.ZIP", message = "rjsec439")~~RJStevensMusicPresentationCreator.Program~0000002130
2024-12-18 21:59:20.6296~DEBUG~download completed~~RJStevensMusicPresentationCreator.Program~0000002131
2024-12-18 21:59:20.6296~DEBUG~<- DownloadFile(url = "https://faas-nyc1-2ef2e6cc.doserverless.co/api/v1/web/fn-dd7f8f6a-d32a-4f5e-ae7b-870dfb7963f3/downloads/bundle?id=000000000000446", filename = "C:\Users\cofc_\AppData\Local\Temp\tmpE3B5.tmp\rjsec439.ZIP", message = "rjsec439")~~RJStevensMusicPresentationCreator.Program~0000002132
2024-12-18 21:59:20.6436~DEBUG~-> ExtractAllFromFile(zipFileName = "C:\Users\cofc_\AppData\Local\Temp\tmpE3B5.tmp\rjsec439.ZIP", decompressedFolder = "C:\Users\cofc_\AppData\Local\Temp\tmpE57B.tmp", message = "rjsec439")~~RJStevensMusicPresentationCreator.Program~0000002133
2024-12-18 21:59:20.8632~DEBUG~extract completed~~RJStevensMusicPresentationCreator.Program~0000002134
2024-12-18 21:59:20.8632~DEBUG~<- ExtractAllFromFile(zipFileName = "C:\Users\cofc_\AppData\Local\Temp\tmpE3B5.tmp\rjsec439.ZIP", decompressedFolder = "C:\Users\cofc_\AppData\Local\Temp\tmpE57B.tmp", message = "rjsec439")~~RJStevensMusicPresentationCreator.Program~0000002135
2024-12-18 21:59:20.9322~DEBUG~-> DownloadFile(url = "https://faas-nyc1-2ef2e6cc.doserverless.co/api/v1/web/fn-dd7f8f6a-d32a-4f5e-ae7b-870dfb7963f3/downloads/bundle?id=000000000000447", filename = "C:\Users\cofc_\AppData\Local\Temp\tmpE6A5.tmp\rjsec440.ZIP", message = "rjsec440")~~RJStevensMusicPresentationCreator.Program~0000002136
2024-12-18 21:59:21.3634~DEBUG~download completed~~RJStevensMusicPresentationCreator.Program~0000002137
2024-12-18 21:59:21.3634~DEBUG~<- DownloadFile(url = "https://faas-nyc1-2ef2e6cc.doserverless.co/api/v1/web/fn-dd7f8f6a-d32a-4f5e-ae7b-870dfb7963f3/downloads/bundle?id=000000000000447", filename = "C:\Users\cofc_\AppData\Local\Temp\tmpE6A5.tmp\rjsec440.ZIP", message = "rjsec440")~~RJStevensMusicPresentationCreator.Program~0000002138
2024-12-18 21:59:21.3764~DEBUG~-> ExtractAllFromFile(zipFileName = "C:\Users\cofc_\AppData\Local\Temp\tmpE6A5.tmp\rjsec440.ZIP", decompressedFolder = "C:\Users\cofc_\AppData\Local\Temp\tmpE85B.tmp", message = "rjsec440")~~RJStevensMusicPresentationCreator.Program~0000002139
2024-12-18 21:59:21.6014~DEBUG~extract completed~~RJStevensMusicPresentationCreator.Program~0000002140
2024-12-18 21:59:21.6044~DEBUG~<- ExtractAllFromFile(zipFileName = "C:\Users\cofc_\AppData\Local\Temp\tmpE6A5.tmp\rjsec440.ZIP", decompressedFolder = "C:\Users\cofc_\AppData\Local\Temp\tmpE85B.tmp", message = "rjsec440")~~RJStevensMusicPresentationCreator.Program~0000002141
2024-12-18 21:59:21.6704~DEBUG~-> DownloadFile(url = "https://faas-nyc1-2ef2e6cc.doserverless.co/api/v1/web/fn-dd7f8f6a-d32a-4f5e-ae7b-870dfb7963f3/downloads/bundle?id=000000000000448", filename = "C:\Users\cofc_\AppData\Local\Temp\tmpE985.tmp\rjsec441.ZIP", message = "rjsec441")~~RJStevensMusicPresentationCreator.Program~0000002142
2024-12-18 21:59:22.1335~DEBUG~download completed~~RJStevensMusicPresentationCreator.Program~0000002143
2024-12-18 21:59:22.1345~DEBUG~<- DownloadFile(url = "https://faas-nyc1-2ef2e6cc.doserverless.co/api/v1/web/fn-dd7f8f6a-d32a-4f5e-ae7b-870dfb7963f3/downloads/bundle?id=000000000000448", filename = "C:\Users\cofc_\AppData\Local\Temp\tmpE985.tmp\rjsec441.ZIP", message = "rjsec441")~~RJStevensMusicPresentationCreator.Program~0000002144
2024-12-18 21:59:22.1345~DEBUG~-> ExtractAllFromFile(zipFileName = "C:\Users\cofc_\AppData\Local\Temp\tmpE985.tmp\rjsec441.ZIP", decompressedFolder = "C:\Users\cofc_\AppData\Local\Temp\tmpEB5B.tmp", message = "rjsec441")~~RJStevensMusicPresentationCreator.Program~0000002145
2024-12-18 21:59:22.3645~DEBUG~extract completed~~RJStevensMusicPresentationCreator.Program~0000002146
2024-12-18 21:59:22.3645~DEBUG~<- ExtractAllFromFile(zipFileName = "C:\Users\cofc_\AppData\Local\Temp\tmpE985.tmp\rjsec441.ZIP", decompressedFolder = "C:\Users\cofc_\AppData\Local\Temp\tmpEB5B.tmp", message = "rjsec441")~~RJStevensMusicPresentationCreator.Program~0000002147
2024-12-18 21:59:22.4275~DEBUG~-> DownloadFile(url = "https://faas-nyc1-2ef2e6cc.doserverless.co/api/v1/web/fn-dd7f8f6a-d32a-4f5e-ae7b-870dfb7963f3/downloads/bundle?id=000000000000449", filename = "C:\Users\cofc_\AppData\Local\Temp\tmpEC75.tmp\rjsec442.ZIP", message = "rjsec442")~~RJStevensMusicPresentationCreator.Program~0000002148
2024-12-18 21:59:22.9035~DEBUG~download completed~~RJStevensMusicPresentationCreator.Program~0000002149
2024-12-18 21:59:22.9035~DEBUG~<- DownloadFile(url = "https://faas-nyc1-2ef2e6cc.doserverless.co/api/v1/web/fn-dd7f8f6a-d32a-4f5e-ae7b-870dfb7963f3/downloads/bundle?id=000000000000449", filename = "C:\Users\cofc_\AppData\Local\Temp\tmpEC75.tmp\rjsec442.ZIP", message = "rjsec442")~~RJStevensMusicPresentationCreator.Program~0000002150
2024-12-18 21:59:22.9254~DEBUG~-> ExtractAllFromFile(zipFileName = "C:\Users\cofc_\AppData\Local\Temp\tmpEC75.tmp\rjsec442.ZIP", decompressedFolder = "C:\Users\cofc_\AppData\Local\Temp\tmpEE6A.tmp", message = "rjsec442")~~RJStevensMusicPresentationCreator.Program~0000002151
2024-12-18 21:59:23.2154~DEBUG~extract completed~~RJStevensMusicPresentationCreator.Program~0000002152
2024-12-18 21:59:23.2154~DEBUG~<- ExtractAllFromFile(zipFileName = "C:\Users\cofc_\AppData\Local\Temp\tmpEC75.tmp\rjsec442.ZIP", decompressedFolder = "C:\Users\cofc_\AppData\Local\Temp\tmpEE6A.tmp", message = "rjsec442")~~RJStevensMusicPresentationCreator.Program~0000002153
2024-12-18 21:59:23.3104~DEBUG~-> DownloadFile(url = "https://faas-nyc1-2ef2e6cc.doserverless.co/api/v1/web/fn-dd7f8f6a-d32a-4f5e-ae7b-870dfb7963f3/downloads/bundle?id=000000000000450", filename = "C:\Users\cofc_\AppData\Local\Temp\tmpEFF2.tmp\rjsec443.ZIP", message = "rjsec443")~~RJStevensMusicPresentationCreator.Program~0000002154
2024-12-18 21:59:23.7495~DEBUG~download completed~~RJStevensMusicPresentationCreator.Program~0000002155
2024-12-18 21:59:23.7495~DEBUG~<- DownloadFile(url = "https://faas-nyc1-2ef2e6cc.doserverless.co/api/v1/web/fn-dd7f8f6a-d32a-4f5e-ae7b-870dfb7963f3/downloads/bundle?id=000000000000450", filename = "C:\Users\cofc_\AppData\Local\Temp\tmpEFF2.tmp\rjsec443.ZIP", message = "rjsec443")~~RJStevensMusicPresentationCreator.Program~0000002156
2024-12-18 21:59:23.7675~DEBUG~-> ExtractAllFromFile(zipFileName = "C:\Users\cofc_\AppData\Local\Temp\tmpEFF2.tmp\rjsec443.ZIP", decompressedFolder = "C:\Users\cofc_\AppData\Local\Temp\tmpF1B8.tmp", message = "rjsec443")~~RJStevensMusicPresentationCreator.Program~0000002157
2024-12-18 21:59:24.0552~DEBUG~extract completed~~RJStevensMusicPresentationCreator.Program~0000002158
2024-12-18 21:59:24.0582~DEBUG~<- ExtractAllFromFile(zipFileName = "C:\Users\cofc_\AppData\Local\Temp\tmpEFF2.tmp\rjsec443.ZIP", decompressedFolder = "C:\Users\cofc_\AppData\Local\Temp\tmpF1B8.tmp", message = "rjsec443")~~RJStevensMusicPresentationCreator.Program~0000002159
2024-12-18 21:59:24.1412~DEBUG~-> DownloadFile(url = "https://faas-nyc1-2ef2e6cc.doserverless.co/api/v1/web/fn-dd7f8f6a-d32a-4f5e-ae7b-870dfb7963f3/downloads/bundle?id=000000000000452", filename = "C:\Users\cofc_\AppData\Local\Temp\tmpF330.tmp\rjsec445.ZIP", message = "rjsec445")~~RJStevensMusicPresentationCreator.Program~0000002160
2024-12-18 21:59:24.5842~DEBUG~download completed~~RJStevensMusicPresentationCreator.Program~0000002161
2024-12-18 21:59:24.5842~DEBUG~<- DownloadFile(url = "https://faas-nyc1-2ef2e6cc.doserverless.co/api/v1/web/fn-dd7f8f6a-d32a-4f5e-ae7b-870dfb7963f3/downloads/bundle?id=000000000000452", filename = "C:\Users\cofc_\AppData\Local\Temp\tmpF330.tmp\rjsec445.ZIP", message = "rjsec445")~~RJStevensMusicPresentationCreator.Program~0000002162
2024-12-18 21:59:24.5992~DEBUG~-> ExtractAllFromFile(zipFileName = "C:\Users\cofc_\AppData\Local\Temp\tmpF330.tmp\rjsec445.ZIP", decompressedFolder = "C:\Users\cofc_\AppData\Local\Temp\tmpF4F6.tmp", message = "rjsec445")~~RJStevensMusicPresentationCreator.Program~0000002163
2024-12-18 21:59:24.8875~DEBUG~extract completed~~RJStevensMusicPresentationCreator.Program~0000002164
2024-12-18 21:59:24.8875~DEBUG~<- ExtractAllFromFile(zipFileName = "C:\Users\cofc_\AppData\Local\Temp\tmpF330.tmp\rjsec445.ZIP", decompressedFolder = "C:\Users\cofc_\AppData\Local\Temp\tmpF4F6.tmp", message = "rjsec445")~~RJStevensMusicPresentationCreator.Program~0000002165
2024-12-18 21:59:24.9685~DEBUG~-> DownloadFile(url = "https://faas-nyc1-2ef2e6cc.doserverless.co/api/v1/web/fn-dd7f8f6a-d32a-4f5e-ae7b-870dfb7963f3/downloads/bundle?id=000000000000454", filename = "C:\Users\cofc_\AppData\Local\Temp\tmpF66E.tmp\rjsec447.ZIP", message = "rjsec447")~~RJStevensMusicPresentationCreator.Program~0000002166
2024-12-18 21:59:25.3985~DEBUG~download completed~~RJStevensMusicPresentationCreator.Program~0000002167
2024-12-18 21:59:25.3985~DEBUG~<- DownloadFile(url = "https://faas-nyc1-2ef2e6cc.doserverless.co/api/v1/web/fn-dd7f8f6a-d32a-4f5e-ae7b-870dfb7963f3/downloads/bundle?id=000000000000454", filename = "C:\Users\cofc_\AppData\Local\Temp\tmpF66E.tmp\rjsec447.ZIP", message = "rjsec447")~~RJStevensMusicPresentationCreator.Program~0000002168
2024-12-18 21:59:25.4115~DEBUG~-> ExtractAllFromFile(zipFileName = "C:\Users\cofc_\AppData\Local\Temp\tmpF66E.tmp\rjsec447.ZIP", decompressedFolder = "C:\Users\cofc_\AppData\Local\Temp\tmpF825.tmp", message = "rjsec447")~~RJStevensMusicPresentationCreator.Program~0000002169
2024-12-18 21:59:25.6395~DEBUG~extract completed~~RJStevensMusicPresentationCreator.Program~0000002170
2024-12-18 21:59:25.6395~DEBUG~<- ExtractAllFromFile(zipFileName = "C:\Users\cofc_\AppData\Local\Temp\tmpF66E.tmp\rjsec447.ZIP", decompressedFolder = "C:\Users\cofc_\AppData\Local\Temp\tmpF825.tmp", message = "rjsec447")~~RJStevensMusicPresentationCreator.Program~0000002171
2024-12-18 21:59:25.7125~DEBUG~-> DownloadFile(url = "https://faas-nyc1-2ef2e6cc.doserverless.co/api/v1/web/fn-dd7f8f6a-d32a-4f5e-ae7b-870dfb7963f3/downloads/bundle?id=000000000000458", filename = "C:\Users\cofc_\AppData\Local\Temp\tmpF94F.tmp\rjsec451.ZIP", message = "rjsec451")~~RJStevensMusicPresentationCreator.Program~0000002172
2024-12-18 21:59:26.1786~DEBUG~download completed~~RJStevensMusicPresentationCreator.Program~0000002173
2024-12-18 21:59:26.1786~DEBUG~<- DownloadFile(url = "https://faas-nyc1-2ef2e6cc.doserverless.co/api/v1/web/fn-dd7f8f6a-d32a-4f5e-ae7b-870dfb7963f3/downloads/bundle?id=000000000000458", filename = "C:\Users\cofc_\AppData\Local\Temp\tmpF94F.tmp\rjsec451.ZIP", message = "rjsec451")~~RJStevensMusicPresentationCreator.Program~0000002174
2024-12-18 21:59:26.1946~DEBUG~-> ExtractAllFromFile(zipFileName = "C:\Users\cofc_\AppData\Local\Temp\tmpF94F.tmp\rjsec451.ZIP", decompressedFolder = "C:\Users\cofc_\AppData\Local\Temp\tmpFB34.tmp", message = "rjsec451")~~RJStevensMusicPresentationCreator.Program~0000002175
2024-12-18 21:59:26.5040~DEBUG~extract completed~~RJStevensMusicPresentationCreator.Program~0000002176
2024-12-18 21:59:26.5040~DEBUG~<- ExtractAllFromFile(zipFileName = "C:\Users\cofc_\AppData\Local\Temp\tmpF94F.tmp\rjsec451.ZIP", decompressedFolder = "C:\Users\cofc_\AppData\Local\Temp\tmpFB34.tmp", message = "rjsec451")~~RJStevensMusicPresentationCreator.Program~0000002177
2024-12-18 21:59:26.5880~DEBUG~-> DownloadFile(url = "https://faas-nyc1-2ef2e6cc.doserverless.co/api/v1/web/fn-dd7f8f6a-d32a-4f5e-ae7b-870dfb7963f3/downloads/bundle?id=000000000000459", filename = "C:\Users\cofc_\AppData\Local\Temp\tmpFCBC.tmp\rjsec452.ZIP", message = "rjsec452")~~RJStevensMusicPresentationCreator.Program~0000002178
2024-12-18 21:59:27.0760~DEBUG~download completed~~RJStevensMusicPresentationCreator.Program~0000002179
2024-12-18 21:59:27.0760~DEBUG~<- DownloadFile(url = "https://faas-nyc1-2ef2e6cc.doserverless.co/api/v1/web/fn-dd7f8f6a-d32a-4f5e-ae7b-870dfb7963f3/downloads/bundle?id=000000000000459", filename = "C:\Users\cofc_\AppData\Local\Temp\tmpFCBC.tmp\rjsec452.ZIP", message = "rjsec452")~~RJStevensMusicPresentationCreator.Program~0000002180
2024-12-18 21:59:27.0941~DEBUG~-> ExtractAllFromFile(zipFileName = "C:\Users\cofc_\AppData\Local\Temp\tmpFCBC.tmp\rjsec452.ZIP", decompressedFolder = "C:\Users\cofc_\AppData\Local\Temp\tmpFEC0.tmp", message = "rjsec452")~~RJStevensMusicPresentationCreator.Program~0000002181
2024-12-18 21:59:27.3252~DEBUG~extract completed~~RJStevensMusicPresentationCreator.Program~0000002182
2024-12-18 21:59:27.3252~DEBUG~<- ExtractAllFromFile(zipFileName = "C:\Users\cofc_\AppData\Local\Temp\tmpFCBC.tmp\rjsec452.ZIP", decompressedFolder = "C:\Users\cofc_\AppData\Local\Temp\tmpFEC0.tmp", message = "rjsec452")~~RJStevensMusicPresentationCreator.Program~0000002183
2024-12-18 21:59:27.3962~DEBUG~-> DownloadFile(url = "https://faas-nyc1-2ef2e6cc.doserverless.co/api/v1/web/fn-dd7f8f6a-d32a-4f5e-ae7b-870dfb7963f3/downloads/bundle?id=000000000000460", filename = "C:\Users\cofc_\AppData\Local\Temp\tmpFFEA.tmp\rjsec453.ZIP", message = "rjsec453")~~RJStevensMusicPresentationCreator.Program~0000002184
2024-12-18 21:59:27.8612~DEBUG~download completed~~RJStevensMusicPresentationCreator.Program~0000002185
2024-12-18 21:59:27.8612~DEBUG~<- DownloadFile(url = "https://faas-nyc1-2ef2e6cc.doserverless.co/api/v1/web/fn-dd7f8f6a-d32a-4f5e-ae7b-870dfb7963f3/downloads/bundle?id=000000000000460", filename = "C:\Users\cofc_\AppData\Local\Temp\tmpFFEA.tmp\rjsec453.ZIP", message = "rjsec453")~~RJStevensMusicPresentationCreator.Program~0000002186
2024-12-18 21:59:27.8752~DEBUG~-> ExtractAllFromFile(zipFileName = "C:\Users\cofc_\AppData\Local\Temp\tmpFFEA.tmp\rjsec453.ZIP", decompressedFolder = "C:\Users\cofc_\AppData\Local\Temp\tmp1CF.tmp", message = "rjsec453")~~RJStevensMusicPresentationCreator.Program~0000002187
2024-12-18 21:59:28.1154~DEBUG~extract completed~~RJStevensMusicPresentationCreator.Program~0000002188
2024-12-18 21:59:28.1194~DEBUG~<- ExtractAllFromFile(zipFileName = "C:\Users\cofc_\AppData\Local\Temp\tmpFFEA.tmp\rjsec453.ZIP", decompressedFolder = "C:\Users\cofc_\AppData\Local\Temp\tmp1CF.tmp", message = "rjsec453")~~RJStevensMusicPresentationCreator.Program~0000002189
2024-12-18 21:59:28.1834~DEBUG~-> DownloadFile(url = "https://faas-nyc1-2ef2e6cc.doserverless.co/api/v1/web/fn-dd7f8f6a-d32a-4f5e-ae7b-870dfb7963f3/downloads/bundle?id=000000000000462", filename = "C:\Users\cofc_\AppData\Local\Temp\tmp309.tmp\rjsec455.ZIP", message = "rjsec455")~~RJStevensMusicPresentationCreator.Program~0000002190
2024-12-18 21:59:28.6534~DEBUG~download completed~~RJStevensMusicPresentationCreator.Program~0000002191
2024-12-18 21:59:28.6534~DEBUG~<- DownloadFile(url = "https://faas-nyc1-2ef2e6cc.doserverless.co/api/v1/web/fn-dd7f8f6a-d32a-4f5e-ae7b-870dfb7963f3/downloads/bundle?id=000000000000462", filename = "C:\Users\cofc_\AppData\Local\Temp\tmp309.tmp\rjsec455.ZIP", message = "rjsec455")~~RJStevensMusicPresentationCreator.Program~0000002192
2024-12-18 21:59:28.6724~DEBUG~-> ExtractAllFromFile(zipFileName = "C:\Users\cofc_\AppData\Local\Temp\tmp309.tmp\rjsec455.ZIP", decompressedFolder = "C:\Users\cofc_\AppData\Local\Temp\tmp4EE.tmp", message = "rjsec455")~~RJStevensMusicPresentationCreator.Program~0000002193
2024-12-18 21:59:28.9032~DEBUG~extract completed~~RJStevensMusicPresentationCreator.Program~0000002194
2024-12-18 21:59:28.9032~DEBUG~<- ExtractAllFromFile(zipFileName = "C:\Users\cofc_\AppData\Local\Temp\tmp309.tmp\rjsec455.ZIP", decompressedFolder = "C:\Users\cofc_\AppData\Local\Temp\tmp4EE.tmp", message = "rjsec455")~~RJStevensMusicPresentationCreator.Program~0000002195
2024-12-18 21:59:28.9682~DEBUG~-> DownloadFile(url = "https://faas-nyc1-2ef2e6cc.doserverless.co/api/v1/web/fn-dd7f8f6a-d32a-4f5e-ae7b-870dfb7963f3/downloads/bundle?id=000000000000464", filename = "C:\Users\cofc_\AppData\Local\Temp\tmp618.tmp\rjsec457.ZIP", message = "rjsec457")~~RJStevensMusicPresentationCreator.Program~0000002196
2024-12-18 21:59:29.4222~DEBUG~download completed~~RJStevensMusicPresentationCreator.Program~0000002197
2024-12-18 21:59:29.4222~DEBUG~<- DownloadFile(url = "https://faas-nyc1-2ef2e6cc.doserverless.co/api/v1/web/fn-dd7f8f6a-d32a-4f5e-ae7b-870dfb7963f3/downloads/bundle?id=000000000000464", filename = "C:\Users\cofc_\AppData\Local\Temp\tmp618.tmp\rjsec457.ZIP", message = "rjsec457")~~RJStevensMusicPresentationCreator.Program~0000002198
2024-12-18 21:59:29.4412~DEBUG~-> ExtractAllFromFile(zipFileName = "C:\Users\cofc_\AppData\Local\Temp\tmp618.tmp\rjsec457.ZIP", decompressedFolder = "C:\Users\cofc_\AppData\Local\Temp\tmp7EE.tmp", message = "rjsec457")~~RJStevensMusicPresentationCreator.Program~0000002199
2024-12-18 21:59:29.6733~DEBUG~extract completed~~RJStevensMusicPresentationCreator.Program~0000002200
2024-12-18 21:59:29.6733~DEBUG~<- ExtractAllFromFile(zipFileName = "C:\Users\cofc_\AppData\Local\Temp\tmp618.tmp\rjsec457.ZIP", decompressedFolder = "C:\Users\cofc_\AppData\Local\Temp\tmp7EE.tmp", message = "rjsec457")~~RJStevensMusicPresentationCreator.Program~0000002201
2024-12-18 21:59:29.7503~DEBUG~-> DownloadFile(url = "https://faas-nyc1-2ef2e6cc.doserverless.co/api/v1/web/fn-dd7f8f6a-d32a-4f5e-ae7b-870dfb7963f3/downloads/bundle?id=000000000000465", filename = "C:\Users\cofc_\AppData\Local\Temp\tmp927.tmp\rjsec458.ZIP", message = "rjsec458")~~RJStevensMusicPresentationCreator.Program~0000002202
2024-12-18 21:59:30.2013~DEBUG~download completed~~RJStevensMusicPresentationCreator.Program~0000002203
2024-12-18 21:59:30.2013~DEBUG~<- DownloadFile(url = "https://faas-nyc1-2ef2e6cc.doserverless.co/api/v1/web/fn-dd7f8f6a-d32a-4f5e-ae7b-870dfb7963f3/downloads/bundle?id=000000000000465", filename = "C:\Users\cofc_\AppData\Local\Temp\tmp927.tmp\rjsec458.ZIP", message = "rjsec458")~~RJStevensMusicPresentationCreator.Program~0000002204
2024-12-18 21:59:30.2193~DEBUG~-> ExtractAllFromFile(zipFileName = "C:\Users\cofc_\AppData\Local\Temp\tmp927.tmp\rjsec458.ZIP", decompressedFolder = "C:\Users\cofc_\AppData\Local\Temp\tmpAFD.tmp", message = "rjsec458")~~RJStevensMusicPresentationCreator.Program~0000002205
2024-12-18 21:59:30.4427~DEBUG~extract completed~~RJStevensMusicPresentationCreator.Program~0000002206
2024-12-18 21:59:30.4427~DEBUG~<- ExtractAllFromFile(zipFileName = "C:\Users\cofc_\AppData\Local\Temp\tmp927.tmp\rjsec458.ZIP", decompressedFolder = "C:\Users\cofc_\AppData\Local\Temp\tmpAFD.tmp", message = "rjsec458")~~RJStevensMusicPresentationCreator.Program~0000002207
2024-12-18 21:59:30.5087~DEBUG~-> DownloadFile(url = "https://faas-nyc1-2ef2e6cc.doserverless.co/api/v1/web/fn-dd7f8f6a-d32a-4f5e-ae7b-870dfb7963f3/downloads/bundle?id=000000000000467", filename = "C:\Users\cofc_\AppData\Local\Temp\tmpC17.tmp\rjsec460.ZIP", message = "rjsec460")~~RJStevensMusicPresentationCreator.Program~0000002208
2024-12-18 21:59:30.9348~DEBUG~download completed~~RJStevensMusicPresentationCreator.Program~0000002209
2024-12-18 21:59:30.9348~DEBUG~<- DownloadFile(url = "https://faas-nyc1-2ef2e6cc.doserverless.co/api/v1/web/fn-dd7f8f6a-d32a-4f5e-ae7b-870dfb7963f3/downloads/bundle?id=000000000000467", filename = "C:\Users\cofc_\AppData\Local\Temp\tmpC17.tmp\rjsec460.ZIP", message = "rjsec460")~~RJStevensMusicPresentationCreator.Program~0000002210
2024-12-18 21:59:30.9498~DEBUG~-> ExtractAllFromFile(zipFileName = "C:\Users\cofc_\AppData\Local\Temp\tmpC17.tmp\rjsec460.ZIP", decompressedFolder = "C:\Users\cofc_\AppData\Local\Temp\tmpDDE.tmp", message = "rjsec460")~~RJStevensMusicPresentationCreator.Program~0000002211
2024-12-18 21:59:31.2098~DEBUG~extract completed~~RJStevensMusicPresentationCreator.Program~0000002212
2024-12-18 21:59:31.2128~DEBUG~<- ExtractAllFromFile(zipFileName = "C:\Users\cofc_\AppData\Local\Temp\tmpC17.tmp\rjsec460.ZIP", decompressedFolder = "C:\Users\cofc_\AppData\Local\Temp\tmpDDE.tmp", message = "rjsec460")~~RJStevensMusicPresentationCreator.Program~0000002213
2024-12-18 21:59:31.2858~DEBUG~-> DownloadFile(url = "https://faas-nyc1-2ef2e6cc.doserverless.co/api/v1/web/fn-dd7f8f6a-d32a-4f5e-ae7b-870dfb7963f3/downloads/bundle?id=000000000000469", filename = "C:\Users\cofc_\AppData\Local\Temp\tmpF27.tmp\rjsec462.ZIP", message = "rjsec462")~~RJStevensMusicPresentationCreator.Program~0000002214
2024-12-18 21:59:31.8068~DEBUG~download completed~~RJStevensMusicPresentationCreator.Program~0000002215
2024-12-18 21:59:31.8068~DEBUG~<- DownloadFile(url = "https://faas-nyc1-2ef2e6cc.doserverless.co/api/v1/web/fn-dd7f8f6a-d32a-4f5e-ae7b-870dfb7963f3/downloads/bundle?id=000000000000469", filename = "C:\Users\cofc_\AppData\Local\Temp\tmpF27.tmp\rjsec462.ZIP", message = "rjsec462")~~RJStevensMusicPresentationCreator.Program~0000002216
2024-12-18 21:59:31.8269~DEBUG~-> ExtractAllFromFile(zipFileName = "C:\Users\cofc_\AppData\Local\Temp\tmpF27.tmp\rjsec462.ZIP", decompressedFolder = "C:\Users\cofc_\AppData\Local\Temp\tmp114B.tmp", message = "rjsec462")~~RJStevensMusicPresentationCreator.Program~0000002217
2024-12-18 21:59:32.0923~DEBUG~extract completed~~RJStevensMusicPresentationCreator.Program~0000002218
2024-12-18 21:59:32.0923~DEBUG~<- ExtractAllFromFile(zipFileName = "C:\Users\cofc_\AppData\Local\Temp\tmpF27.tmp\rjsec462.ZIP", decompressedFolder = "C:\Users\cofc_\AppData\Local\Temp\tmp114B.tmp", message = "rjsec462")~~RJStevensMusicPresentationCreator.Program~0000002219
2024-12-18 21:59:32.1723~DEBUG~-> DownloadFile(url = "https://faas-nyc1-2ef2e6cc.doserverless.co/api/v1/web/fn-dd7f8f6a-d32a-4f5e-ae7b-870dfb7963f3/downloads/bundle?id=000000000000470", filename = "C:\Users\cofc_\AppData\Local\Temp\tmp12A3.tmp\rjsec463.ZIP", message = "rjsec463")~~RJStevensMusicPresentationCreator.Program~0000002220
2024-12-18 21:59:32.6503~DEBUG~download completed~~RJStevensMusicPresentationCreator.Program~0000002221
2024-12-18 21:59:32.6503~DEBUG~<- DownloadFile(url = "https://faas-nyc1-2ef2e6cc.doserverless.co/api/v1/web/fn-dd7f8f6a-d32a-4f5e-ae7b-870dfb7963f3/downloads/bundle?id=000000000000470", filename = "C:\Users\cofc_\AppData\Local\Temp\tmp12A3.tmp\rjsec463.ZIP", message = "rjsec463")~~RJStevensMusicPresentationCreator.Program~0000002222
2024-12-18 21:59:32.6503~DEBUG~-> ExtractAllFromFile(zipFileName = "C:\Users\cofc_\AppData\Local\Temp\tmp12A3.tmp\rjsec463.ZIP", decompressedFolder = "C:\Users\cofc_\AppData\Local\Temp\tmp1489.tmp", message = "rjsec463")~~RJStevensMusicPresentationCreator.Program~0000002223
2024-12-18 21:59:32.8953~DEBUG~extract completed~~RJStevensMusicPresentationCreator.Program~0000002224
2024-12-18 21:59:32.8953~DEBUG~<- ExtractAllFromFile(zipFileName = "C:\Users\cofc_\AppData\Local\Temp\tmp12A3.tmp\rjsec463.ZIP", decompressedFolder = "C:\Users\cofc_\AppData\Local\Temp\tmp1489.tmp", message = "rjsec463")~~RJStevensMusicPresentationCreator.Program~0000002225
2024-12-18 21:59:32.9633~DEBUG~-> DownloadFile(url = "https://faas-nyc1-2ef2e6cc.doserverless.co/api/v1/web/fn-dd7f8f6a-d32a-4f5e-ae7b-870dfb7963f3/downloads/bundle?id=000000000000471", filename = "C:\Users\cofc_\AppData\Local\Temp\tmp15BD.tmp\rjsec464.ZIP", message = "rjsec464")~~RJStevensMusicPresentationCreator.Program~0000002226
2024-12-18 21:59:33.4090~DEBUG~download completed~~RJStevensMusicPresentationCreator.Program~0000002227
2024-12-18 21:59:33.4090~DEBUG~<- DownloadFile(url = "https://faas-nyc1-2ef2e6cc.doserverless.co/api/v1/web/fn-dd7f8f6a-d32a-4f5e-ae7b-870dfb7963f3/downloads/bundle?id=000000000000471", filename = "C:\Users\cofc_\AppData\Local\Temp\tmp15BD.tmp\rjsec464.ZIP", message = "rjsec464")~~RJStevensMusicPresentationCreator.Program~0000002228
2024-12-18 21:59:33.4280~DEBUG~-> ExtractAllFromFile(zipFileName = "C:\Users\cofc_\AppData\Local\Temp\tmp15BD.tmp\rjsec464.ZIP", decompressedFolder = "C:\Users\cofc_\AppData\Local\Temp\tmp1788.tmp", message = "rjsec464")~~RJStevensMusicPresentationCreator.Program~0000002229
2024-12-18 21:59:33.6571~DEBUG~extract completed~~RJStevensMusicPresentationCreator.Program~0000002230
2024-12-18 21:59:33.6571~DEBUG~<- ExtractAllFromFile(zipFileName = "C:\Users\cofc_\AppData\Local\Temp\tmp15BD.tmp\rjsec464.ZIP", decompressedFolder = "C:\Users\cofc_\AppData\Local\Temp\tmp1788.tmp", message = "rjsec464")~~RJStevensMusicPresentationCreator.Program~0000002231
2024-12-18 21:59:33.7211~DEBUG~-> DownloadFile(url = "https://faas-nyc1-2ef2e6cc.doserverless.co/api/v1/web/fn-dd7f8f6a-d32a-4f5e-ae7b-870dfb7963f3/downloads/bundle?id=000000000000473", filename = "C:\Users\cofc_\AppData\Local\Temp\tmp18B2.tmp\rjsec466.ZIP", message = "rjsec466")~~RJStevensMusicPresentationCreator.Program~0000002232
2024-12-18 21:59:34.1741~DEBUG~download completed~~RJStevensMusicPresentationCreator.Program~0000002233
2024-12-18 21:59:34.1741~DEBUG~<- DownloadFile(url = "https://faas-nyc1-2ef2e6cc.doserverless.co/api/v1/web/fn-dd7f8f6a-d32a-4f5e-ae7b-870dfb7963f3/downloads/bundle?id=000000000000473", filename = "C:\Users\cofc_\AppData\Local\Temp\tmp18B2.tmp\rjsec466.ZIP", message = "rjsec466")~~RJStevensMusicPresentationCreator.Program~0000002234
2024-12-18 21:59:34.1861~DEBUG~-> ExtractAllFromFile(zipFileName = "C:\Users\cofc_\AppData\Local\Temp\tmp18B2.tmp\rjsec466.ZIP", decompressedFolder = "C:\Users\cofc_\AppData\Local\Temp\tmp1A88.tmp", message = "rjsec466")~~RJStevensMusicPresentationCreator.Program~0000002235
2024-12-18 21:59:34.4185~DEBUG~extract completed~~RJStevensMusicPresentationCreator.Program~0000002236
2024-12-18 21:59:34.4185~DEBUG~<- ExtractAllFromFile(zipFileName = "C:\Users\cofc_\AppData\Local\Temp\tmp18B2.tmp\rjsec466.ZIP", decompressedFolder = "C:\Users\cofc_\AppData\Local\Temp\tmp1A88.tmp", message = "rjsec466")~~RJStevensMusicPresentationCreator.Program~0000002237
2024-12-18 21:59:34.4805~DEBUG~-> DownloadFile(url = "https://faas-nyc1-2ef2e6cc.doserverless.co/api/v1/web/fn-dd7f8f6a-d32a-4f5e-ae7b-870dfb7963f3/downloads/bundle?id=000000000000479", filename = "C:\Users\cofc_\AppData\Local\Temp\tmp1BB2.tmp\rjsec472.ZIP", message = "rjsec472")~~RJStevensMusicPresentationCreator.Program~0000002238
2024-12-18 21:59:34.9408~DEBUG~download completed~~RJStevensMusicPresentationCreator.Program~0000002239
2024-12-18 21:59:34.9408~DEBUG~<- DownloadFile(url = "https://faas-nyc1-2ef2e6cc.doserverless.co/api/v1/web/fn-dd7f8f6a-d32a-4f5e-ae7b-870dfb7963f3/downloads/bundle?id=000000000000479", filename = "C:\Users\cofc_\AppData\Local\Temp\tmp1BB2.tmp\rjsec472.ZIP", message = "rjsec472")~~RJStevensMusicPresentationCreator.Program~0000002240
2024-12-18 21:59:34.9558~DEBUG~-> ExtractAllFromFile(zipFileName = "C:\Users\cofc_\AppData\Local\Temp\tmp1BB2.tmp\rjsec472.ZIP", decompressedFolder = "C:\Users\cofc_\AppData\Local\Temp\tmp1D88.tmp", message = "rjsec472")~~RJStevensMusicPresentationCreator.Program~0000002241
2024-12-18 21:59:35.2078~DEBUG~extract completed~~RJStevensMusicPresentationCreator.Program~0000002242
2024-12-18 21:59:35.2078~DEBUG~<- ExtractAllFromFile(zipFileName = "C:\Users\cofc_\AppData\Local\Temp\tmp1BB2.tmp\rjsec472.ZIP", decompressedFolder = "C:\Users\cofc_\AppData\Local\Temp\tmp1D88.tmp", message = "rjsec472")~~RJStevensMusicPresentationCreator.Program~0000002243
2024-12-18 21:59:35.2858~DEBUG~-> DownloadFile(url = "https://faas-nyc1-2ef2e6cc.doserverless.co/api/v1/web/fn-dd7f8f6a-d32a-4f5e-ae7b-870dfb7963f3/downloads/bundle?id=000000000000480", filename = "C:\Users\cofc_\AppData\Local\Temp\tmp1ED1.tmp\rjsec473.ZIP", message = "rjsec473")~~RJStevensMusicPresentationCreator.Program~0000002244
2024-12-18 21:59:35.7578~DEBUG~download completed~~RJStevensMusicPresentationCreator.Program~0000002245
2024-12-18 21:59:35.7578~DEBUG~<- DownloadFile(url = "https://faas-nyc1-2ef2e6cc.doserverless.co/api/v1/web/fn-dd7f8f6a-d32a-4f5e-ae7b-870dfb7963f3/downloads/bundle?id=000000000000480", filename = "C:\Users\cofc_\AppData\Local\Temp\tmp1ED1.tmp\rjsec473.ZIP", message = "rjsec473")~~RJStevensMusicPresentationCreator.Program~0000002246
2024-12-18 21:59:35.7748~DEBUG~-> ExtractAllFromFile(zipFileName = "C:\Users\cofc_\AppData\Local\Temp\tmp1ED1.tmp\rjsec473.ZIP", decompressedFolder = "C:\Users\cofc_\AppData\Local\Temp\tmp20B6.tmp", message = "rjsec473")~~RJStevensMusicPresentationCreator.Program~0000002247
2024-12-18 21:59:35.9932~DEBUG~extract completed~~RJStevensMusicPresentationCreator.Program~0000002248
2024-12-18 21:59:35.9952~DEBUG~<- ExtractAllFromFile(zipFileName = "C:\Users\cofc_\AppData\Local\Temp\tmp1ED1.tmp\rjsec473.ZIP", decompressedFolder = "C:\Users\cofc_\AppData\Local\Temp\tmp20B6.tmp", message = "rjsec473")~~RJStevensMusicPresentationCreator.Program~0000002249
2024-12-18 21:59:36.0572~DEBUG~-> DownloadFile(url = "https://faas-nyc1-2ef2e6cc.doserverless.co/api/v1/web/fn-dd7f8f6a-d32a-4f5e-ae7b-870dfb7963f3/downloads/bundle?id=000000000000481", filename = "C:\Users\cofc_\AppData\Local\Temp\tmp21E0.tmp\rjsec474.ZIP", message = "rjsec474")~~RJStevensMusicPresentationCreator.Program~0000002250
2024-12-18 21:59:36.5162~DEBUG~download completed~~RJStevensMusicPresentationCreator.Program~0000002251
2024-12-18 21:59:36.5162~DEBUG~<- DownloadFile(url = "https://faas-nyc1-2ef2e6cc.doserverless.co/api/v1/web/fn-dd7f8f6a-d32a-4f5e-ae7b-870dfb7963f3/downloads/bundle?id=000000000000481", filename = "C:\Users\cofc_\AppData\Local\Temp\tmp21E0.tmp\rjsec474.ZIP", message = "rjsec474")~~RJStevensMusicPresentationCreator.Program~0000002252
2024-12-18 21:59:36.5312~DEBUG~-> ExtractAllFromFile(zipFileName = "C:\Users\cofc_\AppData\Local\Temp\tmp21E0.tmp\rjsec474.ZIP", decompressedFolder = "C:\Users\cofc_\AppData\Local\Temp\tmp23B6.tmp", message = "rjsec474")~~RJStevensMusicPresentationCreator.Program~0000002253
2024-12-18 21:59:36.7405~DEBUG~extract completed~~RJStevensMusicPresentationCreator.Program~0000002254
2024-12-18 21:59:36.7405~DEBUG~<- ExtractAllFromFile(zipFileName = "C:\Users\cofc_\AppData\Local\Temp\tmp21E0.tmp\rjsec474.ZIP", decompressedFolder = "C:\Users\cofc_\AppData\Local\Temp\tmp23B6.tmp", message = "rjsec474")~~RJStevensMusicPresentationCreator.Program~0000002255
2024-12-18 21:59:36.8085~DEBUG~-> DownloadFile(url = "https://faas-nyc1-2ef2e6cc.doserverless.co/api/v1/web/fn-dd7f8f6a-d32a-4f5e-ae7b-870dfb7963f3/downloads/bundle?id=000000000000484", filename = "C:\Users\cofc_\AppData\Local\Temp\tmp24D0.tmp\rjsec477.ZIP", message = "rjsec477")~~RJStevensMusicPresentationCreator.Program~0000002256
2024-12-18 21:59:37.2866~DEBUG~download completed~~RJStevensMusicPresentationCreator.Program~0000002257
2024-12-18 21:59:37.2866~DEBUG~<- DownloadFile(url = "https://faas-nyc1-2ef2e6cc.doserverless.co/api/v1/web/fn-dd7f8f6a-d32a-4f5e-ae7b-870dfb7963f3/downloads/bundle?id=000000000000484", filename = "C:\Users\cofc_\AppData\Local\Temp\tmp24D0.tmp\rjsec477.ZIP", message = "rjsec477")~~RJStevensMusicPresentationCreator.Program~0000002258
2024-12-18 21:59:37.3056~DEBUG~-> ExtractAllFromFile(zipFileName = "C:\Users\cofc_\AppData\Local\Temp\tmp24D0.tmp\rjsec477.ZIP", decompressedFolder = "C:\Users\cofc_\AppData\Local\Temp\tmp26B5.tmp", message = "rjsec477")~~RJStevensMusicPresentationCreator.Program~0000002259
2024-12-18 21:59:37.5325~DEBUG~extract completed~~RJStevensMusicPresentationCreator.Program~0000002260
2024-12-18 21:59:37.5325~DEBUG~<- ExtractAllFromFile(zipFileName = "C:\Users\cofc_\AppData\Local\Temp\tmp24D0.tmp\rjsec477.ZIP", decompressedFolder = "C:\Users\cofc_\AppData\Local\Temp\tmp26B5.tmp", message = "rjsec477")~~RJStevensMusicPresentationCreator.Program~0000002261
2024-12-18 21:59:37.6095~DEBUG~-> DownloadFile(url = "https://faas-nyc1-2ef2e6cc.doserverless.co/api/v1/web/fn-dd7f8f6a-d32a-4f5e-ae7b-870dfb7963f3/downloads/bundle?id=000000000000486", filename = "C:\Users\cofc_\AppData\Local\Temp\tmp27EF.tmp\rjsec479.ZIP", message = "rjsec479")~~RJStevensMusicPresentationCreator.Program~0000002262
2024-12-18 21:59:38.3712~DEBUG~download completed~~RJStevensMusicPresentationCreator.Program~0000002263
2024-12-18 21:59:38.3712~DEBUG~<- DownloadFile(url = "https://faas-nyc1-2ef2e6cc.doserverless.co/api/v1/web/fn-dd7f8f6a-d32a-4f5e-ae7b-870dfb7963f3/downloads/bundle?id=000000000000486", filename = "C:\Users\cofc_\AppData\Local\Temp\tmp27EF.tmp\rjsec479.ZIP", message = "rjsec479")~~RJStevensMusicPresentationCreator.Program~0000002264
2024-12-18 21:59:38.3872~DEBUG~-> ExtractAllFromFile(zipFileName = "C:\Users\cofc_\AppData\Local\Temp\tmp27EF.tmp\rjsec479.ZIP", decompressedFolder = "C:\Users\cofc_\AppData\Local\Temp\tmp2AFD.tmp", message = "rjsec479")~~RJStevensMusicPresentationCreator.Program~0000002265
2024-12-18 21:59:38.6442~DEBUG~extract completed~~RJStevensMusicPresentationCreator.Program~0000002266
2024-12-18 21:59:38.6442~DEBUG~<- ExtractAllFromFile(zipFileName = "C:\Users\cofc_\AppData\Local\Temp\tmp27EF.tmp\rjsec479.ZIP", decompressedFolder = "C:\Users\cofc_\AppData\Local\Temp\tmp2AFD.tmp", message = "rjsec479")~~RJStevensMusicPresentationCreator.Program~0000002267
2024-12-18 21:59:38.7192~DEBUG~-> DownloadFile(url = "https://faas-nyc1-2ef2e6cc.doserverless.co/api/v1/web/fn-dd7f8f6a-d32a-4f5e-ae7b-870dfb7963f3/downloads/bundle?id=000000000000489", filename = "C:\Users\cofc_\AppData\Local\Temp\tmp2C46.tmp\rjsec482.ZIP", message = "rjsec482")~~RJStevensMusicPresentationCreator.Program~0000002268
2024-12-18 21:59:39.1483~DEBUG~download completed~~RJStevensMusicPresentationCreator.Program~0000002269
2024-12-18 21:59:39.1483~DEBUG~<- DownloadFile(url = "https://faas-nyc1-2ef2e6cc.doserverless.co/api/v1/web/fn-dd7f8f6a-d32a-4f5e-ae7b-870dfb7963f3/downloads/bundle?id=000000000000489", filename = "C:\Users\cofc_\AppData\Local\Temp\tmp2C46.tmp\rjsec482.ZIP", message = "rjsec482")~~RJStevensMusicPresentationCreator.Program~0000002270
2024-12-18 21:59:39.1643~DEBUG~-> ExtractAllFromFile(zipFileName = "C:\Users\cofc_\AppData\Local\Temp\tmp2C46.tmp\rjsec482.ZIP", decompressedFolder = "C:\Users\cofc_\AppData\Local\Temp\tmp2DFD.tmp", message = "rjsec482")~~RJStevensMusicPresentationCreator.Program~0000002271
2024-12-18 21:59:39.3793~DEBUG~extract completed~~RJStevensMusicPresentationCreator.Program~0000002272
2024-12-18 21:59:39.3793~DEBUG~<- ExtractAllFromFile(zipFileName = "C:\Users\cofc_\AppData\Local\Temp\tmp2C46.tmp\rjsec482.ZIP", decompressedFolder = "C:\Users\cofc_\AppData\Local\Temp\tmp2DFD.tmp", message = "rjsec482")~~RJStevensMusicPresentationCreator.Program~0000002273
2024-12-18 21:59:39.4473~DEBUG~-> DownloadFile(url = "https://faas-nyc1-2ef2e6cc.doserverless.co/api/v1/web/fn-dd7f8f6a-d32a-4f5e-ae7b-870dfb7963f3/downloads/bundle?id=000000000000495", filename = "C:\Users\cofc_\AppData\Local\Temp\tmp2F17.tmp\rjsec488.ZIP", message = "rjsec488")~~RJStevensMusicPresentationCreator.Program~0000002274
2024-12-18 21:59:39.8573~DEBUG~download completed~~RJStevensMusicPresentationCreator.Program~0000002275
2024-12-18 21:59:39.8573~DEBUG~<- DownloadFile(url = "https://faas-nyc1-2ef2e6cc.doserverless.co/api/v1/web/fn-dd7f8f6a-d32a-4f5e-ae7b-870dfb7963f3/downloads/bundle?id=000000000000495", filename = "C:\Users\cofc_\AppData\Local\Temp\tmp2F17.tmp\rjsec488.ZIP", message = "rjsec488")~~RJStevensMusicPresentationCreator.Program~0000002276
2024-12-18 21:59:39.8703~DEBUG~-> ExtractAllFromFile(zipFileName = "C:\Users\cofc_\AppData\Local\Temp\tmp2F17.tmp\rjsec488.ZIP", decompressedFolder = "C:\Users\cofc_\AppData\Local\Temp\tmp30CD.tmp", message = "rjsec488")~~RJStevensMusicPresentationCreator.Program~0000002277
2024-12-18 21:59:40.0954~DEBUG~extract completed~~RJStevensMusicPresentationCreator.Program~0000002278
2024-12-18 21:59:40.0954~DEBUG~<- ExtractAllFromFile(zipFileName = "C:\Users\cofc_\AppData\Local\Temp\tmp2F17.tmp\rjsec488.ZIP", decompressedFolder = "C:\Users\cofc_\AppData\Local\Temp\tmp30CD.tmp", message = "rjsec488")~~RJStevensMusicPresentationCreator.Program~0000002279
2024-12-18 21:59:40.1624~DEBUG~-> DownloadFile(url = "https://faas-nyc1-2ef2e6cc.doserverless.co/api/v1/web/fn-dd7f8f6a-d32a-4f5e-ae7b-870dfb7963f3/downloads/bundle?id=000000000000496", filename = "C:\Users\cofc_\AppData\Local\Temp\tmp31E8.tmp\rjsec489.ZIP", message = "rjsec489")~~RJStevensMusicPresentationCreator.Program~0000002280
2024-12-18 21:59:40.8965~DEBUG~download completed~~RJStevensMusicPresentationCreator.Program~0000002281
2024-12-18 21:59:40.8965~DEBUG~<- DownloadFile(url = "https://faas-nyc1-2ef2e6cc.doserverless.co/api/v1/web/fn-dd7f8f6a-d32a-4f5e-ae7b-870dfb7963f3/downloads/bundle?id=000000000000496", filename = "C:\Users\cofc_\AppData\Local\Temp\tmp31E8.tmp\rjsec489.ZIP", message = "rjsec489")~~RJStevensMusicPresentationCreator.Program~0000002282
2024-12-18 21:59:40.9125~DEBUG~-> ExtractAllFromFile(zipFileName = "C:\Users\cofc_\AppData\Local\Temp\tmp31E8.tmp\rjsec489.ZIP", decompressedFolder = "C:\Users\cofc_\AppData\Local\Temp\tmp34D7.tmp", message = "rjsec489")~~RJStevensMusicPresentationCreator.Program~0000002283
2024-12-18 21:59:41.1486~DEBUG~extract completed~~RJStevensMusicPresentationCreator.Program~0000002284
2024-12-18 21:59:41.1516~DEBUG~<- ExtractAllFromFile(zipFileName = "C:\Users\cofc_\AppData\Local\Temp\tmp31E8.tmp\rjsec489.ZIP", decompressedFolder = "C:\Users\cofc_\AppData\Local\Temp\tmp34D7.tmp", message = "rjsec489")~~RJStevensMusicPresentationCreator.Program~0000002285
2024-12-18 21:59:41.2186~DEBUG~-> DownloadFile(url = "https://faas-nyc1-2ef2e6cc.doserverless.co/api/v1/web/fn-dd7f8f6a-d32a-4f5e-ae7b-870dfb7963f3/downloads/bundle?id=000000000000498", filename = "C:\Users\cofc_\AppData\Local\Temp\tmp3610.tmp\rjsec491.ZIP", message = "rjsec491")~~RJStevensMusicPresentationCreator.Program~0000002286
2024-12-18 21:59:41.6432~DEBUG~download completed~~RJStevensMusicPresentationCreator.Program~0000002287
2024-12-18 21:59:41.6432~DEBUG~<- DownloadFile(url = "https://faas-nyc1-2ef2e6cc.doserverless.co/api/v1/web/fn-dd7f8f6a-d32a-4f5e-ae7b-870dfb7963f3/downloads/bundle?id=000000000000498", filename = "C:\Users\cofc_\AppData\Local\Temp\tmp3610.tmp\rjsec491.ZIP", message = "rjsec491")~~RJStevensMusicPresentationCreator.Program~0000002288
2024-12-18 21:59:41.6592~DEBUG~-> ExtractAllFromFile(zipFileName = "C:\Users\cofc_\AppData\Local\Temp\tmp3610.tmp\rjsec491.ZIP", decompressedFolder = "C:\Users\cofc_\AppData\Local\Temp\tmp37C7.tmp", message = "rjsec491")~~RJStevensMusicPresentationCreator.Program~0000002289
2024-12-18 21:59:41.8532~DEBUG~extract completed~~RJStevensMusicPresentationCreator.Program~0000002290
2024-12-18 21:59:41.8532~DEBUG~<- ExtractAllFromFile(zipFileName = "C:\Users\cofc_\AppData\Local\Temp\tmp3610.tmp\rjsec491.ZIP", decompressedFolder = "C:\Users\cofc_\AppData\Local\Temp\tmp37C7.tmp", message = "rjsec491")~~RJStevensMusicPresentationCreator.Program~0000002291
2024-12-18 21:59:41.9152~DEBUG~-> DownloadFile(url = "https://faas-nyc1-2ef2e6cc.doserverless.co/api/v1/web/fn-dd7f8f6a-d32a-4f5e-ae7b-870dfb7963f3/downloads/bundle?id=000000000000501", filename = "C:\Users\cofc_\AppData\Local\Temp\tmp38C2.tmp\rjsec494.ZIP", message = "rjsec494")~~RJStevensMusicPresentationCreator.Program~0000002292
2024-12-18 21:59:42.6833~DEBUG~download completed~~RJStevensMusicPresentationCreator.Program~0000002293
2024-12-18 21:59:42.6833~DEBUG~<- DownloadFile(url = "https://faas-nyc1-2ef2e6cc.doserverless.co/api/v1/web/fn-dd7f8f6a-d32a-4f5e-ae7b-870dfb7963f3/downloads/bundle?id=000000000000501", filename = "C:\Users\cofc_\AppData\Local\Temp\tmp38C2.tmp\rjsec494.ZIP", message = "rjsec494")~~RJStevensMusicPresentationCreator.Program~0000002294
2024-12-18 21:59:42.6833~DEBUG~-> ExtractAllFromFile(zipFileName = "C:\Users\cofc_\AppData\Local\Temp\tmp38C2.tmp\rjsec494.ZIP", decompressedFolder = "C:\Users\cofc_\AppData\Local\Temp\tmp3BD0.tmp", message = "rjsec494")~~RJStevensMusicPresentationCreator.Program~0000002295
2024-12-18 21:59:42.9653~DEBUG~extract completed~~RJStevensMusicPresentationCreator.Program~0000002296
2024-12-18 21:59:42.9653~DEBUG~<- ExtractAllFromFile(zipFileName = "C:\Users\cofc_\AppData\Local\Temp\tmp38C2.tmp\rjsec494.ZIP", decompressedFolder = "C:\Users\cofc_\AppData\Local\Temp\tmp3BD0.tmp", message = "rjsec494")~~RJStevensMusicPresentationCreator.Program~0000002297
2024-12-18 21:59:43.0443~DEBUG~-> DownloadFile(url = "https://faas-nyc1-2ef2e6cc.doserverless.co/api/v1/web/fn-dd7f8f6a-d32a-4f5e-ae7b-870dfb7963f3/downloads/bundle?id=000000000000502", filename = "C:\Users\cofc_\AppData\Local\Temp\tmp3D38.tmp\rjsec495.ZIP", message = "rjsec495")~~RJStevensMusicPresentationCreator.Program~0000002298
2024-12-18 21:59:43.5254~DEBUG~download completed~~RJStevensMusicPresentationCreator.Program~0000002299
2024-12-18 21:59:43.5254~DEBUG~<- DownloadFile(url = "https://faas-nyc1-2ef2e6cc.doserverless.co/api/v1/web/fn-dd7f8f6a-d32a-4f5e-ae7b-870dfb7963f3/downloads/bundle?id=000000000000502", filename = "C:\Users\cofc_\AppData\Local\Temp\tmp3D38.tmp\rjsec495.ZIP", message = "rjsec495")~~RJStevensMusicPresentationCreator.Program~0000002300
2024-12-18 21:59:43.5254~DEBUG~-> ExtractAllFromFile(zipFileName = "C:\Users\cofc_\AppData\Local\Temp\tmp3D38.tmp\rjsec495.ZIP", decompressedFolder = "C:\Users\cofc_\AppData\Local\Temp\tmp3F1E.tmp", message = "rjsec495")~~RJStevensMusicPresentationCreator.Program~0000002301
2024-12-18 21:59:43.8396~DEBUG~extract completed~~RJStevensMusicPresentationCreator.Program~0000002302
2024-12-18 21:59:43.8396~DEBUG~<- ExtractAllFromFile(zipFileName = "C:\Users\cofc_\AppData\Local\Temp\tmp3D38.tmp\rjsec495.ZIP", decompressedFolder = "C:\Users\cofc_\AppData\Local\Temp\tmp3F1E.tmp", message = "rjsec495")~~RJStevensMusicPresentationCreator.Program~0000002303
2024-12-18 21:59:43.9216~DEBUG~-> DownloadFile(url = "https://faas-nyc1-2ef2e6cc.doserverless.co/api/v1/web/fn-dd7f8f6a-d32a-4f5e-ae7b-870dfb7963f3/downloads/bundle?id=000000000000503", filename = "C:\Users\cofc_\AppData\Local\Temp\tmp40A6.tmp\rjsec496.ZIP", message = "rjsec496")~~RJStevensMusicPresentationCreator.Program~0000002304
2024-12-18 21:59:44.3964~DEBUG~download completed~~RJStevensMusicPresentationCreator.Program~0000002305
2024-12-18 21:59:44.3964~DEBUG~<- DownloadFile(url = "https://faas-nyc1-2ef2e6cc.doserverless.co/api/v1/web/fn-dd7f8f6a-d32a-4f5e-ae7b-870dfb7963f3/downloads/bundle?id=000000000000503", filename = "C:\Users\cofc_\AppData\Local\Temp\tmp40A6.tmp\rjsec496.ZIP", message = "rjsec496")~~RJStevensMusicPresentationCreator.Program~0000002306
2024-12-18 21:59:44.4154~DEBUG~-> ExtractAllFromFile(zipFileName = "C:\Users\cofc_\AppData\Local\Temp\tmp40A6.tmp\rjsec496.ZIP", decompressedFolder = "C:\Users\cofc_\AppData\Local\Temp\tmp428B.tmp", message = "rjsec496")~~RJStevensMusicPresentationCreator.Program~0000002307
2024-12-18 21:59:44.6725~DEBUG~extract completed~~RJStevensMusicPresentationCreator.Program~0000002308
2024-12-18 21:59:44.6725~DEBUG~<- ExtractAllFromFile(zipFileName = "C:\Users\cofc_\AppData\Local\Temp\tmp40A6.tmp\rjsec496.ZIP", decompressedFolder = "C:\Users\cofc_\AppData\Local\Temp\tmp428B.tmp", message = "rjsec496")~~RJStevensMusicPresentationCreator.Program~0000002309
2024-12-18 21:59:44.7415~DEBUG~-> DownloadFile(url = "https://faas-nyc1-2ef2e6cc.doserverless.co/api/v1/web/fn-dd7f8f6a-d32a-4f5e-ae7b-870dfb7963f3/downloads/bundle?id=000000000000504", filename = "C:\Users\cofc_\AppData\Local\Temp\tmp43D4.tmp\rjsec497.ZIP", message = "rjsec497")~~RJStevensMusicPresentationCreator.Program~0000002310
2024-12-18 21:59:45.1775~DEBUG~download completed~~RJStevensMusicPresentationCreator.Program~0000002311
2024-12-18 21:59:45.1775~DEBUG~<- DownloadFile(url = "https://faas-nyc1-2ef2e6cc.doserverless.co/api/v1/web/fn-dd7f8f6a-d32a-4f5e-ae7b-870dfb7963f3/downloads/bundle?id=000000000000504", filename = "C:\Users\cofc_\AppData\Local\Temp\tmp43D4.tmp\rjsec497.ZIP", message = "rjsec497")~~RJStevensMusicPresentationCreator.Program~0000002312
2024-12-18 21:59:45.1965~DEBUG~-> ExtractAllFromFile(zipFileName = "C:\Users\cofc_\AppData\Local\Temp\tmp43D4.tmp\rjsec497.ZIP", decompressedFolder = "C:\Users\cofc_\AppData\Local\Temp\tmp459A.tmp", message = "rjsec497")~~RJStevensMusicPresentationCreator.Program~0000002313
2024-12-18 21:59:45.4414~DEBUG~extract completed~~RJStevensMusicPresentationCreator.Program~0000002314
2024-12-18 21:59:45.4414~DEBUG~<- ExtractAllFromFile(zipFileName = "C:\Users\cofc_\AppData\Local\Temp\tmp43D4.tmp\rjsec497.ZIP", decompressedFolder = "C:\Users\cofc_\AppData\Local\Temp\tmp459A.tmp", message = "rjsec497")~~RJStevensMusicPresentationCreator.Program~0000002315
2024-12-18 21:59:45.5104~DEBUG~-> DownloadFile(url = "https://faas-nyc1-2ef2e6cc.doserverless.co/api/v1/web/fn-dd7f8f6a-d32a-4f5e-ae7b-870dfb7963f3/downloads/bundle?id=000000000000505", filename = "C:\Users\cofc_\AppData\Local\Temp\tmp46E3.tmp\rjsec498.ZIP", message = "rjsec498")~~RJStevensMusicPresentationCreator.Program~0000002316
2024-12-18 21:59:45.9954~DEBUG~download completed~~RJStevensMusicPresentationCreator.Program~0000002317
2024-12-18 21:59:45.9954~DEBUG~<- DownloadFile(url = "https://faas-nyc1-2ef2e6cc.doserverless.co/api/v1/web/fn-dd7f8f6a-d32a-4f5e-ae7b-870dfb7963f3/downloads/bundle?id=000000000000505", filename = "C:\Users\cofc_\AppData\Local\Temp\tmp46E3.tmp\rjsec498.ZIP", message = "rjsec498")~~RJStevensMusicPresentationCreator.Program~0000002318
2024-12-18 21:59:46.0214~DEBUG~-> ExtractAllFromFile(zipFileName = "C:\Users\cofc_\AppData\Local\Temp\tmp46E3.tmp\rjsec498.ZIP", decompressedFolder = "C:\Users\cofc_\AppData\Local\Temp\tmp48D8.tmp", message = "rjsec498")~~RJStevensMusicPresentationCreator.Program~0000002319
2024-12-18 21:59:46.3493~DEBUG~extract completed~~RJStevensMusicPresentationCreator.Program~0000002320
2024-12-18 21:59:46.3533~DEBUG~<- ExtractAllFromFile(zipFileName = "C:\Users\cofc_\AppData\Local\Temp\tmp46E3.tmp\rjsec498.ZIP", decompressedFolder = "C:\Users\cofc_\AppData\Local\Temp\tmp48D8.tmp", message = "rjsec498")~~RJStevensMusicPresentationCreator.Program~0000002321
2024-12-18 21:59:46.4323~DEBUG~-> DownloadFile(url = "https://faas-nyc1-2ef2e6cc.doserverless.co/api/v1/web/fn-dd7f8f6a-d32a-4f5e-ae7b-870dfb7963f3/downloads/bundle?id=000000000000507", filename = "C:\Users\cofc_\AppData\Local\Temp\tmp4A7F.tmp\rjsec500.ZIP", message = "rjsec500")~~RJStevensMusicPresentationCreator.Program~0000002322
2024-12-18 21:59:46.9143~DEBUG~download completed~~RJStevensMusicPresentationCreator.Program~0000002323
2024-12-18 21:59:46.9143~DEBUG~<- DownloadFile(url = "https://faas-nyc1-2ef2e6cc.doserverless.co/api/v1/web/fn-dd7f8f6a-d32a-4f5e-ae7b-870dfb7963f3/downloads/bundle?id=000000000000507", filename = "C:\Users\cofc_\AppData\Local\Temp\tmp4A7F.tmp\rjsec500.ZIP", message = "rjsec500")~~RJStevensMusicPresentationCreator.Program~0000002324
2024-12-18 21:59:46.9353~DEBUG~-> ExtractAllFromFile(zipFileName = "C:\Users\cofc_\AppData\Local\Temp\tmp4A7F.tmp\rjsec500.ZIP", decompressedFolder = "C:\Users\cofc_\AppData\Local\Temp\tmp4C74.tmp", message = "rjsec500")~~RJStevensMusicPresentationCreator.Program~0000002325
2024-12-18 21:59:47.3167~DEBUG~extract completed~~RJStevensMusicPresentationCreator.Program~0000002326
2024-12-18 21:59:47.3167~DEBUG~<- ExtractAllFromFile(zipFileName = "C:\Users\cofc_\AppData\Local\Temp\tmp4A7F.tmp\rjsec500.ZIP", decompressedFolder = "C:\Users\cofc_\AppData\Local\Temp\tmp4C74.tmp", message = "rjsec500")~~RJStevensMusicPresentationCreator.Program~0000002327
2024-12-18 21:59:47.4037~DEBUG~-> DownloadFile(url = "https://faas-nyc1-2ef2e6cc.doserverless.co/api/v1/web/fn-dd7f8f6a-d32a-4f5e-ae7b-870dfb7963f3/downloads/bundle?id=000000000000508", filename = "C:\Users\cofc_\AppData\Local\Temp\tmp4E4A.tmp\rjsec501.ZIP", message = "rjsec501")~~RJStevensMusicPresentationCreator.Program~0000002328
2024-12-18 21:59:47.8757~DEBUG~download completed~~RJStevensMusicPresentationCreator.Program~0000002329
2024-12-18 21:59:47.8757~DEBUG~<- DownloadFile(url = "https://faas-nyc1-2ef2e6cc.doserverless.co/api/v1/web/fn-dd7f8f6a-d32a-4f5e-ae7b-870dfb7963f3/downloads/bundle?id=000000000000508", filename = "C:\Users\cofc_\AppData\Local\Temp\tmp4E4A.tmp\rjsec501.ZIP", message = "rjsec501")~~RJStevensMusicPresentationCreator.Program~0000002330
2024-12-18 21:59:47.8927~DEBUG~-> ExtractAllFromFile(zipFileName = "C:\Users\cofc_\AppData\Local\Temp\tmp4E4A.tmp\rjsec501.ZIP", decompressedFolder = "C:\Users\cofc_\AppData\Local\Temp\tmp502F.tmp", message = "rjsec501")~~RJStevensMusicPresentationCreator.Program~0000002331
2024-12-18 21:59:48.1268~DEBUG~extract completed~~RJStevensMusicPresentationCreator.Program~0000002332
2024-12-18 21:59:48.1268~DEBUG~<- ExtractAllFromFile(zipFileName = "C:\Users\cofc_\AppData\Local\Temp\tmp4E4A.tmp\rjsec501.ZIP", decompressedFolder = "C:\Users\cofc_\AppData\Local\Temp\tmp502F.tmp", message = "rjsec501")~~RJStevensMusicPresentationCreator.Program~0000002333
2024-12-18 21:59:48.2038~DEBUG~-> DownloadFile(url = "https://faas-nyc1-2ef2e6cc.doserverless.co/api/v1/web/fn-dd7f8f6a-d32a-4f5e-ae7b-870dfb7963f3/downloads/bundle?id=000000000000509", filename = "C:\Users\cofc_\AppData\Local\Temp\tmp5169.tmp\rjsec502.ZIP", message = "rjsec502")~~RJStevensMusicPresentationCreator.Program~0000002334
2024-12-18 21:59:48.9058~DEBUG~download completed~~RJStevensMusicPresentationCreator.Program~0000002335
2024-12-18 21:59:48.9058~DEBUG~<- DownloadFile(url = "https://faas-nyc1-2ef2e6cc.doserverless.co/api/v1/web/fn-dd7f8f6a-d32a-4f5e-ae7b-870dfb7963f3/downloads/bundle?id=000000000000509", filename = "C:\Users\cofc_\AppData\Local\Temp\tmp5169.tmp\rjsec502.ZIP", message = "rjsec502")~~RJStevensMusicPresentationCreator.Program~0000002336
2024-12-18 21:59:48.9218~DEBUG~-> ExtractAllFromFile(zipFileName = "C:\Users\cofc_\AppData\Local\Temp\tmp5169.tmp\rjsec502.ZIP", decompressedFolder = "C:\Users\cofc_\AppData\Local\Temp\tmp5438.tmp", message = "rjsec502")~~RJStevensMusicPresentationCreator.Program~0000002337
2024-12-18 21:59:49.2268~DEBUG~extract completed~~RJStevensMusicPresentationCreator.Program~0000002338
2024-12-18 21:59:49.2298~DEBUG~<- ExtractAllFromFile(zipFileName = "C:\Users\cofc_\AppData\Local\Temp\tmp5169.tmp\rjsec502.ZIP", decompressedFolder = "C:\Users\cofc_\AppData\Local\Temp\tmp5438.tmp", message = "rjsec502")~~RJStevensMusicPresentationCreator.Program~0000002339
2024-12-18 21:59:49.3109~DEBUG~-> DownloadFile(url = "https://faas-nyc1-2ef2e6cc.doserverless.co/api/v1/web/fn-dd7f8f6a-d32a-4f5e-ae7b-870dfb7963f3/downloads/bundle?id=000000000000510", filename = "C:\Users\cofc_\AppData\Local\Temp\tmp55C0.tmp\rjsec503.ZIP", message = "rjsec503")~~RJStevensMusicPresentationCreator.Program~0000002340
2024-12-18 21:59:49.7369~DEBUG~download completed~~RJStevensMusicPresentationCreator.Program~0000002341
2024-12-18 21:59:49.7369~DEBUG~<- DownloadFile(url = "https://faas-nyc1-2ef2e6cc.doserverless.co/api/v1/web/fn-dd7f8f6a-d32a-4f5e-ae7b-870dfb7963f3/downloads/bundle?id=000000000000510", filename = "C:\Users\cofc_\AppData\Local\Temp\tmp55C0.tmp\rjsec503.ZIP", message = "rjsec503")~~RJStevensMusicPresentationCreator.Program~0000002342
2024-12-18 21:59:49.7529~DEBUG~-> ExtractAllFromFile(zipFileName = "C:\Users\cofc_\AppData\Local\Temp\tmp55C0.tmp\rjsec503.ZIP", decompressedFolder = "C:\Users\cofc_\AppData\Local\Temp\tmp5776.tmp", message = "rjsec503")~~RJStevensMusicPresentationCreator.Program~0000002343
2024-12-18 21:59:49.8714~DEBUG~extract completed~~RJStevensMusicPresentationCreator.Program~0000002344
2024-12-18 21:59:49.8714~DEBUG~<- ExtractAllFromFile(zipFileName = "C:\Users\cofc_\AppData\Local\Temp\tmp55C0.tmp\rjsec503.ZIP", decompressedFolder = "C:\Users\cofc_\AppData\Local\Temp\tmp5776.tmp", message = "rjsec503")~~RJStevensMusicPresentationCreator.Program~0000002345
2024-12-18 21:59:49.9284~DEBUG~-> DownloadFile(url = "https://faas-nyc1-2ef2e6cc.doserverless.co/api/v1/web/fn-dd7f8f6a-d32a-4f5e-ae7b-870dfb7963f3/downloads/bundle?id=000000000000511", filename = "C:\Users\cofc_\AppData\Local\Temp\tmp5823.tmp\rjsec504.ZIP", message = "rjsec504")~~RJStevensMusicPresentationCreator.Program~0000002346
2024-12-18 21:59:50.3764~DEBUG~download completed~~RJStevensMusicPresentationCreator.Program~0000002347
2024-12-18 21:59:50.3764~DEBUG~<- DownloadFile(url = "https://faas-nyc1-2ef2e6cc.doserverless.co/api/v1/web/fn-dd7f8f6a-d32a-4f5e-ae7b-870dfb7963f3/downloads/bundle?id=000000000000511", filename = "C:\Users\cofc_\AppData\Local\Temp\tmp5823.tmp\rjsec504.ZIP", message = "rjsec504")~~RJStevensMusicPresentationCreator.Program~0000002348
2024-12-18 21:59:50.3914~DEBUG~-> ExtractAllFromFile(zipFileName = "C:\Users\cofc_\AppData\Local\Temp\tmp5823.tmp\rjsec504.ZIP", decompressedFolder = "C:\Users\cofc_\AppData\Local\Temp\tmp59F9.tmp", message = "rjsec504")~~RJStevensMusicPresentationCreator.Program~0000002349
2024-12-18 21:59:50.6634~DEBUG~extract completed~~RJStevensMusicPresentationCreator.Program~0000002350
2024-12-18 21:59:50.6674~DEBUG~<- ExtractAllFromFile(zipFileName = "C:\Users\cofc_\AppData\Local\Temp\tmp5823.tmp\rjsec504.ZIP", decompressedFolder = "C:\Users\cofc_\AppData\Local\Temp\tmp59F9.tmp", message = "rjsec504")~~RJStevensMusicPresentationCreator.Program~0000002351
2024-12-18 21:59:50.7354~DEBUG~-> DownloadFile(url = "https://faas-nyc1-2ef2e6cc.doserverless.co/api/v1/web/fn-dd7f8f6a-d32a-4f5e-ae7b-870dfb7963f3/downloads/bundle?id=000000000000513", filename = "C:\Users\cofc_\AppData\Local\Temp\tmp5B52.tmp\rjsec506.ZIP", message = "rjsec506")~~RJStevensMusicPresentationCreator.Program~0000002352
2024-12-18 21:59:51.2305~DEBUG~download completed~~RJStevensMusicPresentationCreator.Program~0000002353
2024-12-18 21:59:51.2305~DEBUG~<- DownloadFile(url = "https://faas-nyc1-2ef2e6cc.doserverless.co/api/v1/web/fn-dd7f8f6a-d32a-4f5e-ae7b-870dfb7963f3/downloads/bundle?id=000000000000513", filename = "C:\Users\cofc_\AppData\Local\Temp\tmp5B52.tmp\rjsec506.ZIP", message = "rjsec506")~~RJStevensMusicPresentationCreator.Program~0000002354
2024-12-18 21:59:51.2465~DEBUG~-> ExtractAllFromFile(zipFileName = "C:\Users\cofc_\AppData\Local\Temp\tmp5B52.tmp\rjsec506.ZIP", decompressedFolder = "C:\Users\cofc_\AppData\Local\Temp\tmp5D56.tmp", message = "rjsec506")~~RJStevensMusicPresentationCreator.Program~0000002355
2024-12-18 21:59:51.5625~DEBUG~extract completed~~RJStevensMusicPresentationCreator.Program~0000002356
2024-12-18 21:59:51.5625~DEBUG~<- ExtractAllFromFile(zipFileName = "C:\Users\cofc_\AppData\Local\Temp\tmp5B52.tmp\rjsec506.ZIP", decompressedFolder = "C:\Users\cofc_\AppData\Local\Temp\tmp5D56.tmp", message = "rjsec506")~~RJStevensMusicPresentationCreator.Program~0000002357
2024-12-18 21:59:51.6475~DEBUG~-> DownloadFile(url = "https://faas-nyc1-2ef2e6cc.doserverless.co/api/v1/web/fn-dd7f8f6a-d32a-4f5e-ae7b-870dfb7963f3/downloads/bundle?id=000000000000514", filename = "C:\Users\cofc_\AppData\Local\Temp\tmp5EDE.tmp\rjsec507.ZIP", message = "rjsec507")~~RJStevensMusicPresentationCreator.Program~0000002358
2024-12-18 21:59:52.0855~DEBUG~download completed~~RJStevensMusicPresentationCreator.Program~0000002359
2024-12-18 21:59:52.0855~DEBUG~<- DownloadFile(url = "https://faas-nyc1-2ef2e6cc.doserverless.co/api/v1/web/fn-dd7f8f6a-d32a-4f5e-ae7b-870dfb7963f3/downloads/bundle?id=000000000000514", filename = "C:\Users\cofc_\AppData\Local\Temp\tmp5EDE.tmp\rjsec507.ZIP", message = "rjsec507")~~RJStevensMusicPresentationCreator.Program~0000002360
2024-12-18 21:59:52.0985~DEBUG~-> ExtractAllFromFile(zipFileName = "C:\Users\cofc_\AppData\Local\Temp\tmp5EDE.tmp\rjsec507.ZIP", decompressedFolder = "C:\Users\cofc_\AppData\Local\Temp\tmp60A4.tmp", message = "rjsec507")~~RJStevensMusicPresentationCreator.Program~0000002361
2024-12-18 21:59:52.2633~DEBUG~extract completed~~RJStevensMusicPresentationCreator.Program~0000002362
2024-12-18 21:59:52.2633~DEBUG~<- ExtractAllFromFile(zipFileName = "C:\Users\cofc_\AppData\Local\Temp\tmp5EDE.tmp\rjsec507.ZIP", decompressedFolder = "C:\Users\cofc_\AppData\Local\Temp\tmp60A4.tmp", message = "rjsec507")~~RJStevensMusicPresentationCreator.Program~0000002363
2024-12-18 21:59:52.3213~DEBUG~-> DownloadFile(url = "https://faas-nyc1-2ef2e6cc.doserverless.co/api/v1/web/fn-dd7f8f6a-d32a-4f5e-ae7b-870dfb7963f3/downloads/bundle?id=000000000000515", filename = "C:\Users\cofc_\AppData\Local\Temp\tmp6180.tmp\rjsec508.ZIP", message = "rjsec508")~~RJStevensMusicPresentationCreator.Program~0000002364
2024-12-18 21:59:52.7924~DEBUG~download completed~~RJStevensMusicPresentationCreator.Program~0000002365
2024-12-18 21:59:52.7924~DEBUG~<- DownloadFile(url = "https://faas-nyc1-2ef2e6cc.doserverless.co/api/v1/web/fn-dd7f8f6a-d32a-4f5e-ae7b-870dfb7963f3/downloads/bundle?id=000000000000515", filename = "C:\Users\cofc_\AppData\Local\Temp\tmp6180.tmp\rjsec508.ZIP", message = "rjsec508")~~RJStevensMusicPresentationCreator.Program~0000002366
2024-12-18 21:59:52.8084~DEBUG~-> ExtractAllFromFile(zipFileName = "C:\Users\cofc_\AppData\Local\Temp\tmp6180.tmp\rjsec508.ZIP", decompressedFolder = "C:\Users\cofc_\AppData\Local\Temp\tmp6375.tmp", message = "rjsec508")~~RJStevensMusicPresentationCreator.Program~0000002367
2024-12-18 21:59:53.1024~DEBUG~extract completed~~RJStevensMusicPresentationCreator.Program~0000002368
2024-12-18 21:59:53.1054~DEBUG~<- ExtractAllFromFile(zipFileName = "C:\Users\cofc_\AppData\Local\Temp\tmp6180.tmp\rjsec508.ZIP", decompressedFolder = "C:\Users\cofc_\AppData\Local\Temp\tmp6375.tmp", message = "rjsec508")~~RJStevensMusicPresentationCreator.Program~0000002369
2024-12-18 21:59:53.1754~DEBUG~-> DownloadFile(url = "https://faas-nyc1-2ef2e6cc.doserverless.co/api/v1/web/fn-dd7f8f6a-d32a-4f5e-ae7b-870dfb7963f3/downloads/bundle?id=000000000000517", filename = "C:\Users\cofc_\AppData\Local\Temp\tmp64DD.tmp\rjsec510.ZIP", message = "rjsec510")~~RJStevensMusicPresentationCreator.Program~0000002370
2024-12-18 21:59:53.6684~DEBUG~download completed~~RJStevensMusicPresentationCreator.Program~0000002371
2024-12-18 21:59:53.6684~DEBUG~<- DownloadFile(url = "https://faas-nyc1-2ef2e6cc.doserverless.co/api/v1/web/fn-dd7f8f6a-d32a-4f5e-ae7b-870dfb7963f3/downloads/bundle?id=000000000000517", filename = "C:\Users\cofc_\AppData\Local\Temp\tmp64DD.tmp\rjsec510.ZIP", message = "rjsec510")~~RJStevensMusicPresentationCreator.Program~0000002372
2024-12-18 21:59:53.6814~DEBUG~-> ExtractAllFromFile(zipFileName = "C:\Users\cofc_\AppData\Local\Temp\tmp64DD.tmp\rjsec510.ZIP", decompressedFolder = "C:\Users\cofc_\AppData\Local\Temp\tmp66D2.tmp", message = "rjsec510")~~RJStevensMusicPresentationCreator.Program~0000002373
2024-12-18 21:59:53.9668~DEBUG~extract completed~~RJStevensMusicPresentationCreator.Program~0000002374
2024-12-18 21:59:53.9668~DEBUG~<- ExtractAllFromFile(zipFileName = "C:\Users\cofc_\AppData\Local\Temp\tmp64DD.tmp\rjsec510.ZIP", decompressedFolder = "C:\Users\cofc_\AppData\Local\Temp\tmp66D2.tmp", message = "rjsec510")~~RJStevensMusicPresentationCreator.Program~0000002375
2024-12-18 21:59:54.0448~DEBUG~-> DownloadFile(url = "https://faas-nyc1-2ef2e6cc.doserverless.co/api/v1/web/fn-dd7f8f6a-d32a-4f5e-ae7b-870dfb7963f3/downloads/bundle?id=000000000000519", filename = "C:\Users\cofc_\AppData\Local\Temp\tmp684A.tmp\rjsec512.ZIP", message = "rjsec512")~~RJStevensMusicPresentationCreator.Program~0000002376
2024-12-18 21:59:54.4999~DEBUG~download completed~~RJStevensMusicPresentationCreator.Program~0000002377
2024-12-18 21:59:54.4999~DEBUG~<- DownloadFile(url = "https://faas-nyc1-2ef2e6cc.doserverless.co/api/v1/web/fn-dd7f8f6a-d32a-4f5e-ae7b-870dfb7963f3/downloads/bundle?id=000000000000519", filename = "C:\Users\cofc_\AppData\Local\Temp\tmp684A.tmp\rjsec512.ZIP", message = "rjsec512")~~RJStevensMusicPresentationCreator.Program~0000002378
2024-12-18 21:59:54.5179~DEBUG~-> ExtractAllFromFile(zipFileName = "C:\Users\cofc_\AppData\Local\Temp\tmp684A.tmp\rjsec512.ZIP", decompressedFolder = "C:\Users\cofc_\AppData\Local\Temp\tmp6A20.tmp", message = "rjsec512")~~RJStevensMusicPresentationCreator.Program~0000002379
2024-12-18 21:59:54.7824~DEBUG~extract completed~~RJStevensMusicPresentationCreator.Program~0000002380
2024-12-18 21:59:54.7824~DEBUG~<- ExtractAllFromFile(zipFileName = "C:\Users\cofc_\AppData\Local\Temp\tmp684A.tmp\rjsec512.ZIP", decompressedFolder = "C:\Users\cofc_\AppData\Local\Temp\tmp6A20.tmp", message = "rjsec512")~~RJStevensMusicPresentationCreator.Program~0000002381
2024-12-18 21:59:54.8524~DEBUG~-> DownloadFile(url = "https://faas-nyc1-2ef2e6cc.doserverless.co/api/v1/web/fn-dd7f8f6a-d32a-4f5e-ae7b-870dfb7963f3/downloads/bundle?id=000000000000520", filename = "C:\Users\cofc_\AppData\Local\Temp\tmp6B69.tmp\rjsec513.ZIP", message = "rjsec513")~~RJStevensMusicPresentationCreator.Program~0000002382
2024-12-18 21:59:55.3635~DEBUG~download completed~~RJStevensMusicPresentationCreator.Program~0000002383
2024-12-18 21:59:55.3635~DEBUG~<- DownloadFile(url = "https://faas-nyc1-2ef2e6cc.doserverless.co/api/v1/web/fn-dd7f8f6a-d32a-4f5e-ae7b-870dfb7963f3/downloads/bundle?id=000000000000520", filename = "C:\Users\cofc_\AppData\Local\Temp\tmp6B69.tmp\rjsec513.ZIP", message = "rjsec513")~~RJStevensMusicPresentationCreator.Program~0000002384
2024-12-18 21:59:55.3825~DEBUG~-> ExtractAllFromFile(zipFileName = "C:\Users\cofc_\AppData\Local\Temp\tmp6B69.tmp\rjsec513.ZIP", decompressedFolder = "C:\Users\cofc_\AppData\Local\Temp\tmp6D7D.tmp", message = "rjsec513")~~RJStevensMusicPresentationCreator.Program~0000002385
2024-12-18 21:59:55.6385~DEBUG~extract completed~~RJStevensMusicPresentationCreator.Program~0000002386
2024-12-18 21:59:55.6385~DEBUG~<- ExtractAllFromFile(zipFileName = "C:\Users\cofc_\AppData\Local\Temp\tmp6B69.tmp\rjsec513.ZIP", decompressedFolder = "C:\Users\cofc_\AppData\Local\Temp\tmp6D7D.tmp", message = "rjsec513")~~RJStevensMusicPresentationCreator.Program~0000002387
2024-12-18 21:59:55.7145~DEBUG~-> DownloadFile(url = "https://faas-nyc1-2ef2e6cc.doserverless.co/api/v1/web/fn-dd7f8f6a-d32a-4f5e-ae7b-870dfb7963f3/downloads/bundle?id=000000000000521", filename = "C:\Users\cofc_\AppData\Local\Temp\tmp6ED6.tmp\rjsec514.ZIP", message = "rjsec514")~~RJStevensMusicPresentationCreator.Program~0000002388
2024-12-18 21:59:56.2796~DEBUG~download completed~~RJStevensMusicPresentationCreator.Program~0000002389
2024-12-18 21:59:56.2796~DEBUG~<- DownloadFile(url = "https://faas-nyc1-2ef2e6cc.doserverless.co/api/v1/web/fn-dd7f8f6a-d32a-4f5e-ae7b-870dfb7963f3/downloads/bundle?id=000000000000521", filename = "C:\Users\cofc_\AppData\Local\Temp\tmp6ED6.tmp\rjsec514.ZIP", message = "rjsec514")~~RJStevensMusicPresentationCreator.Program~0000002390
2024-12-18 21:59:56.2996~DEBUG~-> ExtractAllFromFile(zipFileName = "C:\Users\cofc_\AppData\Local\Temp\tmp6ED6.tmp\rjsec514.ZIP", decompressedFolder = "C:\Users\cofc_\AppData\Local\Temp\tmp7119.tmp", message = "rjsec514")~~RJStevensMusicPresentationCreator.Program~0000002391
2024-12-18 21:59:56.5765~DEBUG~extract completed~~RJStevensMusicPresentationCreator.Program~0000002392
2024-12-18 21:59:56.5765~DEBUG~<- ExtractAllFromFile(zipFileName = "C:\Users\cofc_\AppData\Local\Temp\tmp6ED6.tmp\rjsec514.ZIP", decompressedFolder = "C:\Users\cofc_\AppData\Local\Temp\tmp7119.tmp", message = "rjsec514")~~RJStevensMusicPresentationCreator.Program~0000002393
2024-12-18 21:59:56.6815~DEBUG~-> DownloadFile(url = "https://faas-nyc1-2ef2e6cc.doserverless.co/api/v1/web/fn-dd7f8f6a-d32a-4f5e-ae7b-870dfb7963f3/downloads/bundle?id=000000000000523", filename = "C:\Users\cofc_\AppData\Local\Temp\tmp7291.tmp\rjsec516.ZIP", message = "rjsec516")~~RJStevensMusicPresentationCreator.Program~0000002394
2024-12-18 21:59:57.1975~DEBUG~download completed~~RJStevensMusicPresentationCreator.Program~0000002395
2024-12-18 21:59:57.1975~DEBUG~<- DownloadFile(url = "https://faas-nyc1-2ef2e6cc.doserverless.co/api/v1/web/fn-dd7f8f6a-d32a-4f5e-ae7b-870dfb7963f3/downloads/bundle?id=000000000000523", filename = "C:\Users\cofc_\AppData\Local\Temp\tmp7291.tmp\rjsec516.ZIP", message = "rjsec516")~~RJStevensMusicPresentationCreator.Program~0000002396
2024-12-18 21:59:57.2185~DEBUG~-> ExtractAllFromFile(zipFileName = "C:\Users\cofc_\AppData\Local\Temp\tmp7291.tmp\rjsec516.ZIP", decompressedFolder = "C:\Users\cofc_\AppData\Local\Temp\tmp74B5.tmp", message = "rjsec516")~~RJStevensMusicPresentationCreator.Program~0000002397
2024-12-18 21:59:57.5186~DEBUG~extract completed~~RJStevensMusicPresentationCreator.Program~0000002398
2024-12-18 21:59:57.5186~DEBUG~<- ExtractAllFromFile(zipFileName = "C:\Users\cofc_\AppData\Local\Temp\tmp7291.tmp\rjsec516.ZIP", decompressedFolder = "C:\Users\cofc_\AppData\Local\Temp\tmp74B5.tmp", message = "rjsec516")~~RJStevensMusicPresentationCreator.Program~0000002399
2024-12-18 21:59:57.5896~DEBUG~-> DownloadFile(url = "https://faas-nyc1-2ef2e6cc.doserverless.co/api/v1/web/fn-dd7f8f6a-d32a-4f5e-ae7b-870dfb7963f3/downloads/bundle?id=000000000000525", filename = "C:\Users\cofc_\AppData\Local\Temp\tmp762D.tmp\rjsec518.ZIP", message = "rjsec518")~~RJStevensMusicPresentationCreator.Program~0000002400
2024-12-18 21:59:58.0698~DEBUG~download completed~~RJStevensMusicPresentationCreator.Program~0000002401
2024-12-18 21:59:58.0698~DEBUG~<- DownloadFile(url = "https://faas-nyc1-2ef2e6cc.doserverless.co/api/v1/web/fn-dd7f8f6a-d32a-4f5e-ae7b-870dfb7963f3/downloads/bundle?id=000000000000525", filename = "C:\Users\cofc_\AppData\Local\Temp\tmp762D.tmp\rjsec518.ZIP", message = "rjsec518")~~RJStevensMusicPresentationCreator.Program~0000002402
2024-12-18 21:59:58.0848~DEBUG~-> ExtractAllFromFile(zipFileName = "C:\Users\cofc_\AppData\Local\Temp\tmp762D.tmp\rjsec518.ZIP", decompressedFolder = "C:\Users\cofc_\AppData\Local\Temp\tmp7813.tmp", message = "rjsec518")~~RJStevensMusicPresentationCreator.Program~0000002403
2024-12-18 21:59:58.3998~DEBUG~extract completed~~RJStevensMusicPresentationCreator.Program~0000002404
2024-12-18 21:59:58.4038~DEBUG~<- ExtractAllFromFile(zipFileName = "C:\Users\cofc_\AppData\Local\Temp\tmp762D.tmp\rjsec518.ZIP", decompressedFolder = "C:\Users\cofc_\AppData\Local\Temp\tmp7813.tmp", message = "rjsec518")~~RJStevensMusicPresentationCreator.Program~0000002405
2024-12-18 21:59:58.4828~DEBUG~-> DownloadFile(url = "https://faas-nyc1-2ef2e6cc.doserverless.co/api/v1/web/fn-dd7f8f6a-d32a-4f5e-ae7b-870dfb7963f3/downloads/bundle?id=000000000000527", filename = "C:\Users\cofc_\AppData\Local\Temp\tmp79AA.tmp\rjsec520.ZIP", message = "rjsec520")~~RJStevensMusicPresentationCreator.Program~0000002406
2024-12-18 21:59:58.9788~DEBUG~download completed~~RJStevensMusicPresentationCreator.Program~0000002407
2024-12-18 21:59:58.9788~DEBUG~<- DownloadFile(url = "https://faas-nyc1-2ef2e6cc.doserverless.co/api/v1/web/fn-dd7f8f6a-d32a-4f5e-ae7b-870dfb7963f3/downloads/bundle?id=000000000000527", filename = "C:\Users\cofc_\AppData\Local\Temp\tmp79AA.tmp\rjsec520.ZIP", message = "rjsec520")~~RJStevensMusicPresentationCreator.Program~0000002408
2024-12-18 21:59:58.9938~DEBUG~-> ExtractAllFromFile(zipFileName = "C:\Users\cofc_\AppData\Local\Temp\tmp79AA.tmp\rjsec520.ZIP", decompressedFolder = "C:\Users\cofc_\AppData\Local\Temp\tmp7B9F.tmp", message = "rjsec520")~~RJStevensMusicPresentationCreator.Program~0000002409
2024-12-18 21:59:59.2639~DEBUG~extract completed~~RJStevensMusicPresentationCreator.Program~0000002410
2024-12-18 21:59:59.2639~DEBUG~<- ExtractAllFromFile(zipFileName = "C:\Users\cofc_\AppData\Local\Temp\tmp79AA.tmp\rjsec520.ZIP", decompressedFolder = "C:\Users\cofc_\AppData\Local\Temp\tmp7B9F.tmp", message = "rjsec520")~~RJStevensMusicPresentationCreator.Program~0000002411
2024-12-18 21:59:59.3439~DEBUG~-> DownloadFile(url = "https://faas-nyc1-2ef2e6cc.doserverless.co/api/v1/web/fn-dd7f8f6a-d32a-4f5e-ae7b-870dfb7963f3/downloads/bundle?id=000000000000528", filename = "C:\Users\cofc_\AppData\Local\Temp\tmp7D07.tmp\rjsec521.ZIP", message = "rjsec521")~~RJStevensMusicPresentationCreator.Program~0000002412
2024-12-18 21:59:59.8049~DEBUG~download completed~~RJStevensMusicPresentationCreator.Program~0000002413
2024-12-18 21:59:59.8049~DEBUG~<- DownloadFile(url = "https://faas-nyc1-2ef2e6cc.doserverless.co/api/v1/web/fn-dd7f8f6a-d32a-4f5e-ae7b-870dfb7963f3/downloads/bundle?id=000000000000528", filename = "C:\Users\cofc_\AppData\Local\Temp\tmp7D07.tmp\rjsec521.ZIP", message = "rjsec521")~~RJStevensMusicPresentationCreator.Program~0000002414
2024-12-18 21:59:59.8209~DEBUG~-> ExtractAllFromFile(zipFileName = "C:\Users\cofc_\AppData\Local\Temp\tmp7D07.tmp\rjsec521.ZIP", decompressedFolder = "C:\Users\cofc_\AppData\Local\Temp\tmp7EDD.tmp", message = "rjsec521")~~RJStevensMusicPresentationCreator.Program~0000002415
2024-12-18 22:00:00.0628~DEBUG~extract completed~~RJStevensMusicPresentationCreator.Program~0000002416
2024-12-18 22:00:00.0628~DEBUG~<- ExtractAllFromFile(zipFileName = "C:\Users\cofc_\AppData\Local\Temp\tmp7D07.tmp\rjsec521.ZIP", decompressedFolder = "C:\Users\cofc_\AppData\Local\Temp\tmp7EDD.tmp", message = "rjsec521")~~RJStevensMusicPresentationCreator.Program~0000002417
2024-12-18 22:00:00.1328~DEBUG~-> DownloadFile(url = "https://faas-nyc1-2ef2e6cc.doserverless.co/api/v1/web/fn-dd7f8f6a-d32a-4f5e-ae7b-870dfb7963f3/downloads/bundle?id=000000000000529", filename = "C:\Users\cofc_\AppData\Local\Temp\tmp8016.tmp\rjsec522.ZIP", message = "rjsec522")~~RJStevensMusicPresentationCreator.Program~0000002418
2024-12-18 22:00:00.5978~DEBUG~download completed~~RJStevensMusicPresentationCreator.Program~0000002419
2024-12-18 22:00:00.5978~DEBUG~<- DownloadFile(url = "https://faas-nyc1-2ef2e6cc.doserverless.co/api/v1/web/fn-dd7f8f6a-d32a-4f5e-ae7b-870dfb7963f3/downloads/bundle?id=000000000000529", filename = "C:\Users\cofc_\AppData\Local\Temp\tmp8016.tmp\rjsec522.ZIP", message = "rjsec522")~~RJStevensMusicPresentationCreator.Program~0000002420
2024-12-18 22:00:00.6138~DEBUG~-> ExtractAllFromFile(zipFileName = "C:\Users\cofc_\AppData\Local\Temp\tmp8016.tmp\rjsec522.ZIP", decompressedFolder = "C:\Users\cofc_\AppData\Local\Temp\tmp81FC.tmp", message = "rjsec522")~~RJStevensMusicPresentationCreator.Program~0000002421
2024-12-18 22:00:00.8969~DEBUG~extract completed~~RJStevensMusicPresentationCreator.Program~0000002422
2024-12-18 22:00:00.8969~DEBUG~<- ExtractAllFromFile(zipFileName = "C:\Users\cofc_\AppData\Local\Temp\tmp8016.tmp\rjsec522.ZIP", decompressedFolder = "C:\Users\cofc_\AppData\Local\Temp\tmp81FC.tmp", message = "rjsec522")~~RJStevensMusicPresentationCreator.Program~0000002423
2024-12-18 22:00:00.9759~DEBUG~-> DownloadFile(url = "https://faas-nyc1-2ef2e6cc.doserverless.co/api/v1/web/fn-dd7f8f6a-d32a-4f5e-ae7b-870dfb7963f3/downloads/bundle?id=000000000000530", filename = "C:\Users\cofc_\AppData\Local\Temp\tmp8364.tmp\rjsec523.ZIP", message = "rjsec523")~~RJStevensMusicPresentationCreator.Program~0000002424
2024-12-18 22:00:01.5211~DEBUG~download completed~~RJStevensMusicPresentationCreator.Program~0000002425
2024-12-18 22:00:01.5211~DEBUG~<- DownloadFile(url = "https://faas-nyc1-2ef2e6cc.doserverless.co/api/v1/web/fn-dd7f8f6a-d32a-4f5e-ae7b-870dfb7963f3/downloads/bundle?id=000000000000530", filename = "C:\Users\cofc_\AppData\Local\Temp\tmp8364.tmp\rjsec523.ZIP", message = "rjsec523")~~RJStevensMusicPresentationCreator.Program~0000002426
2024-12-18 22:00:01.5421~DEBUG~-> ExtractAllFromFile(zipFileName = "C:\Users\cofc_\AppData\Local\Temp\tmp8364.tmp\rjsec523.ZIP", decompressedFolder = "C:\Users\cofc_\AppData\Local\Temp\tmp85A7.tmp", message = "rjsec523")~~RJStevensMusicPresentationCreator.Program~0000002427
2024-12-18 22:00:01.7862~DEBUG~extract completed~~RJStevensMusicPresentationCreator.Program~0000002428
2024-12-18 22:00:01.7862~DEBUG~<- ExtractAllFromFile(zipFileName = "C:\Users\cofc_\AppData\Local\Temp\tmp8364.tmp\rjsec523.ZIP", decompressedFolder = "C:\Users\cofc_\AppData\Local\Temp\tmp85A7.tmp", message = "rjsec523")~~RJStevensMusicPresentationCreator.Program~0000002429
2024-12-18 22:00:01.8562~DEBUG~-> DownloadFile(url = "https://faas-nyc1-2ef2e6cc.doserverless.co/api/v1/web/fn-dd7f8f6a-d32a-4f5e-ae7b-870dfb7963f3/downloads/bundle?id=000000000000531", filename = "C:\Users\cofc_\AppData\Local\Temp\tmp86E1.tmp\rjsec524.ZIP", message = "rjsec524")~~RJStevensMusicPresentationCreator.Program~0000002430
2024-12-18 22:00:02.3622~DEBUG~download completed~~RJStevensMusicPresentationCreator.Program~0000002431
2024-12-18 22:00:02.3622~DEBUG~<- DownloadFile(url = "https://faas-nyc1-2ef2e6cc.doserverless.co/api/v1/web/fn-dd7f8f6a-d32a-4f5e-ae7b-870dfb7963f3/downloads/bundle?id=000000000000531", filename = "C:\Users\cofc_\AppData\Local\Temp\tmp86E1.tmp\rjsec524.ZIP", message = "rjsec524")~~RJStevensMusicPresentationCreator.Program~0000002432
2024-12-18 22:00:02.3772~DEBUG~-> ExtractAllFromFile(zipFileName = "C:\Users\cofc_\AppData\Local\Temp\tmp86E1.tmp\rjsec524.ZIP", decompressedFolder = "C:\Users\cofc_\AppData\Local\Temp\tmp88E5.tmp", message = "rjsec524")~~RJStevensMusicPresentationCreator.Program~0000002433
2024-12-18 22:00:02.7103~DEBUG~extract completed~~RJStevensMusicPresentationCreator.Program~0000002434
2024-12-18 22:00:02.7143~DEBUG~<- ExtractAllFromFile(zipFileName = "C:\Users\cofc_\AppData\Local\Temp\tmp86E1.tmp\rjsec524.ZIP", decompressedFolder = "C:\Users\cofc_\AppData\Local\Temp\tmp88E5.tmp", message = "rjsec524")~~RJStevensMusicPresentationCreator.Program~0000002435
2024-12-18 22:00:02.7963~DEBUG~-> DownloadFile(url = "https://faas-nyc1-2ef2e6cc.doserverless.co/api/v1/web/fn-dd7f8f6a-d32a-4f5e-ae7b-870dfb7963f3/downloads/bundle?id=000000000000532", filename = "C:\Users\cofc_\AppData\Local\Temp\tmp8A8C.tmp\rjsec525.ZIP", message = "rjsec525")~~RJStevensMusicPresentationCreator.Program~0000002436
2024-12-18 22:00:03.2593~DEBUG~download completed~~RJStevensMusicPresentationCreator.Program~0000002437
2024-12-18 22:00:03.2603~DEBUG~<- DownloadFile(url = "https://faas-nyc1-2ef2e6cc.doserverless.co/api/v1/web/fn-dd7f8f6a-d32a-4f5e-ae7b-870dfb7963f3/downloads/bundle?id=000000000000532", filename = "C:\Users\cofc_\AppData\Local\Temp\tmp8A8C.tmp\rjsec525.ZIP", message = "rjsec525")~~RJStevensMusicPresentationCreator.Program~0000002438
2024-12-18 22:00:03.2603~DEBUG~-> ExtractAllFromFile(zipFileName = "C:\Users\cofc_\AppData\Local\Temp\tmp8A8C.tmp\rjsec525.ZIP", decompressedFolder = "C:\Users\cofc_\AppData\Local\Temp\tmp8C62.tmp", message = "rjsec525")~~RJStevensMusicPresentationCreator.Program~0000002439
2024-12-18 22:00:03.4033~DEBUG~extract completed~~RJStevensMusicPresentationCreator.Program~0000002440
2024-12-18 22:00:03.4033~DEBUG~<- ExtractAllFromFile(zipFileName = "C:\Users\cofc_\AppData\Local\Temp\tmp8A8C.tmp\rjsec525.ZIP", decompressedFolder = "C:\Users\cofc_\AppData\Local\Temp\tmp8C62.tmp", message = "rjsec525")~~RJStevensMusicPresentationCreator.Program~0000002441
2024-12-18 22:00:03.4673~DEBUG~-> DownloadFile(url = "https://faas-nyc1-2ef2e6cc.doserverless.co/api/v1/web/fn-dd7f8f6a-d32a-4f5e-ae7b-870dfb7963f3/downloads/bundle?id=000000000000533", filename = "C:\Users\cofc_\AppData\Local\Temp\tmp8D2E.tmp\rjsec526.ZIP", message = "rjsec526")~~RJStevensMusicPresentationCreator.Program~0000002442
2024-12-18 22:00:03.9143~DEBUG~download completed~~RJStevensMusicPresentationCreator.Program~0000002443
2024-12-18 22:00:03.9143~DEBUG~<- DownloadFile(url = "https://faas-nyc1-2ef2e6cc.doserverless.co/api/v1/web/fn-dd7f8f6a-d32a-4f5e-ae7b-870dfb7963f3/downloads/bundle?id=000000000000533", filename = "C:\Users\cofc_\AppData\Local\Temp\tmp8D2E.tmp\rjsec526.ZIP", message = "rjsec526")~~RJStevensMusicPresentationCreator.Program~0000002444
2024-12-18 22:00:03.9343~DEBUG~-> ExtractAllFromFile(zipFileName = "C:\Users\cofc_\AppData\Local\Temp\tmp8D2E.tmp\rjsec526.ZIP", decompressedFolder = "C:\Users\cofc_\AppData\Local\Temp\tmp8F04.tmp", message = "rjsec526")~~RJStevensMusicPresentationCreator.Program~0000002445
2024-12-18 22:00:04.1771~DEBUG~extract completed~~RJStevensMusicPresentationCreator.Program~0000002446
2024-12-18 22:00:04.1771~DEBUG~<- ExtractAllFromFile(zipFileName = "C:\Users\cofc_\AppData\Local\Temp\tmp8D2E.tmp\rjsec526.ZIP", decompressedFolder = "C:\Users\cofc_\AppData\Local\Temp\tmp8F04.tmp", message = "rjsec526")~~RJStevensMusicPresentationCreator.Program~0000002447
2024-12-18 22:00:04.2491~DEBUG~-> DownloadFile(url = "https://faas-nyc1-2ef2e6cc.doserverless.co/api/v1/web/fn-dd7f8f6a-d32a-4f5e-ae7b-870dfb7963f3/downloads/bundle?id=000000000000535", filename = "C:\Users\cofc_\AppData\Local\Temp\tmp903D.tmp\rjsec528.ZIP", message = "rjsec528")~~RJStevensMusicPresentationCreator.Program~0000002448
2024-12-18 22:00:04.7264~DEBUG~download completed~~RJStevensMusicPresentationCreator.Program~0000002449
2024-12-18 22:00:04.7264~DEBUG~<- DownloadFile(url = "https://faas-nyc1-2ef2e6cc.doserverless.co/api/v1/web/fn-dd7f8f6a-d32a-4f5e-ae7b-870dfb7963f3/downloads/bundle?id=000000000000535", filename = "C:\Users\cofc_\AppData\Local\Temp\tmp903D.tmp\rjsec528.ZIP", message = "rjsec528")~~RJStevensMusicPresentationCreator.Program~0000002450
2024-12-18 22:00:04.7474~DEBUG~-> ExtractAllFromFile(zipFileName = "C:\Users\cofc_\AppData\Local\Temp\tmp903D.tmp\rjsec528.ZIP", decompressedFolder = "C:\Users\cofc_\AppData\Local\Temp\tmp9232.tmp", message = "rjsec528")~~RJStevensMusicPresentationCreator.Program~0000002451
2024-12-18 22:00:05.0898~DEBUG~extract completed~~RJStevensMusicPresentationCreator.Program~0000002452
2024-12-18 22:00:05.0898~DEBUG~<- ExtractAllFromFile(zipFileName = "C:\Users\cofc_\AppData\Local\Temp\tmp903D.tmp\rjsec528.ZIP", decompressedFolder = "C:\Users\cofc_\AppData\Local\Temp\tmp9232.tmp", message = "rjsec528")~~RJStevensMusicPresentationCreator.Program~0000002453
2024-12-18 22:00:05.1708~DEBUG~-> DownloadFile(url = "https://faas-nyc1-2ef2e6cc.doserverless.co/api/v1/web/fn-dd7f8f6a-d32a-4f5e-ae7b-870dfb7963f3/downloads/bundle?id=000000000000536", filename = "C:\Users\cofc_\AppData\Local\Temp\tmp93D9.tmp\rjsec529.ZIP", message = "rjsec529")~~RJStevensMusicPresentationCreator.Program~0000002454
2024-12-18 22:00:05.6719~DEBUG~download completed~~RJStevensMusicPresentationCreator.Program~0000002455
2024-12-18 22:00:05.6719~DEBUG~<- DownloadFile(url = "https://faas-nyc1-2ef2e6cc.doserverless.co/api/v1/web/fn-dd7f8f6a-d32a-4f5e-ae7b-870dfb7963f3/downloads/bundle?id=000000000000536", filename = "C:\Users\cofc_\AppData\Local\Temp\tmp93D9.tmp\rjsec529.ZIP", message = "rjsec529")~~RJStevensMusicPresentationCreator.Program~0000002456
2024-12-18 22:00:05.6848~DEBUG~-> ExtractAllFromFile(zipFileName = "C:\Users\cofc_\AppData\Local\Temp\tmp93D9.tmp\rjsec529.ZIP", decompressedFolder = "C:\Users\cofc_\AppData\Local\Temp\tmp95DE.tmp", message = "rjsec529")~~RJStevensMusicPresentationCreator.Program~0000002457
2024-12-18 22:00:05.9465~DEBUG~extract completed~~RJStevensMusicPresentationCreator.Program~0000002458
2024-12-18 22:00:05.9495~DEBUG~<- ExtractAllFromFile(zipFileName = "C:\Users\cofc_\AppData\Local\Temp\tmp93D9.tmp\rjsec529.ZIP", decompressedFolder = "C:\Users\cofc_\AppData\Local\Temp\tmp95DE.tmp", message = "rjsec529")~~RJStevensMusicPresentationCreator.Program~0000002459
2024-12-18 22:00:06.0165~DEBUG~-> DownloadFile(url = "https://faas-nyc1-2ef2e6cc.doserverless.co/api/v1/web/fn-dd7f8f6a-d32a-4f5e-ae7b-870dfb7963f3/downloads/bundle?id=000000000000537", filename = "C:\Users\cofc_\AppData\Local\Temp\tmp9727.tmp\rjsec530.ZIP", message = "rjsec530")~~RJStevensMusicPresentationCreator.Program~0000002460
2024-12-18 22:00:06.5696~DEBUG~download completed~~RJStevensMusicPresentationCreator.Program~0000002461
2024-12-18 22:00:06.5696~DEBUG~<- DownloadFile(url = "https://faas-nyc1-2ef2e6cc.doserverless.co/api/v1/web/fn-dd7f8f6a-d32a-4f5e-ae7b-870dfb7963f3/downloads/bundle?id=000000000000537", filename = "C:\Users\cofc_\AppData\Local\Temp\tmp9727.tmp\rjsec530.ZIP", message = "rjsec530")~~RJStevensMusicPresentationCreator.Program~0000002462
2024-12-18 22:00:06.5906~DEBUG~-> ExtractAllFromFile(zipFileName = "C:\Users\cofc_\AppData\Local\Temp\tmp9727.tmp\rjsec530.ZIP", decompressedFolder = "C:\Users\cofc_\AppData\Local\Temp\tmp996A.tmp", message = "rjsec530")~~RJStevensMusicPresentationCreator.Program~0000002463
2024-12-18 22:00:06.9248~DEBUG~extract completed~~RJStevensMusicPresentationCreator.Program~0000002464
2024-12-18 22:00:06.9248~DEBUG~<- ExtractAllFromFile(zipFileName = "C:\Users\cofc_\AppData\Local\Temp\tmp9727.tmp\rjsec530.ZIP", decompressedFolder = "C:\Users\cofc_\AppData\Local\Temp\tmp996A.tmp", message = "rjsec530")~~RJStevensMusicPresentationCreator.Program~0000002465
2024-12-18 22:00:07.0128~DEBUG~-> DownloadFile(url = "https://faas-nyc1-2ef2e6cc.doserverless.co/api/v1/web/fn-dd7f8f6a-d32a-4f5e-ae7b-870dfb7963f3/downloads/bundle?id=000000000000538", filename = "C:\Users\cofc_\AppData\Local\Temp\tmp9B11.tmp\rjsec531.ZIP", message = "rjsec531")~~RJStevensMusicPresentationCreator.Program~0000002466
2024-12-18 22:00:07.4289~DEBUG~download completed~~RJStevensMusicPresentationCreator.Program~0000002467
2024-12-18 22:00:07.4289~DEBUG~<- DownloadFile(url = "https://faas-nyc1-2ef2e6cc.doserverless.co/api/v1/web/fn-dd7f8f6a-d32a-4f5e-ae7b-870dfb7963f3/downloads/bundle?id=000000000000538", filename = "C:\Users\cofc_\AppData\Local\Temp\tmp9B11.tmp\rjsec531.ZIP", message = "rjsec531")~~RJStevensMusicPresentationCreator.Program~0000002468
2024-12-18 22:00:07.4439~DEBUG~-> ExtractAllFromFile(zipFileName = "C:\Users\cofc_\AppData\Local\Temp\tmp9B11.tmp\rjsec531.ZIP", decompressedFolder = "C:\Users\cofc_\AppData\Local\Temp\tmp9CB8.tmp", message = "rjsec531")~~RJStevensMusicPresentationCreator.Program~0000002469
2024-12-18 22:00:07.6154~DEBUG~extract completed~~RJStevensMusicPresentationCreator.Program~0000002470
2024-12-18 22:00:07.6194~DEBUG~<- ExtractAllFromFile(zipFileName = "C:\Users\cofc_\AppData\Local\Temp\tmp9B11.tmp\rjsec531.ZIP", decompressedFolder = "C:\Users\cofc_\AppData\Local\Temp\tmp9CB8.tmp", message = "rjsec531")~~RJStevensMusicPresentationCreator.Program~0000002471
2024-12-18 22:00:07.6774~DEBUG~-> DownloadFile(url = "https://faas-nyc1-2ef2e6cc.doserverless.co/api/v1/web/fn-dd7f8f6a-d32a-4f5e-ae7b-870dfb7963f3/downloads/bundle?id=000000000000539", filename = "C:\Users\cofc_\AppData\Local\Temp\tmp9DA3.tmp\rjsec531a.ZIP", message = "rjsec531a")~~RJStevensMusicPresentationCreator.Program~0000002472
2024-12-18 22:00:08.1434~DEBUG~download completed~~RJStevensMusicPresentationCreator.Program~0000002473
2024-12-18 22:00:08.1434~DEBUG~<- DownloadFile(url = "https://faas-nyc1-2ef2e6cc.doserverless.co/api/v1/web/fn-dd7f8f6a-d32a-4f5e-ae7b-870dfb7963f3/downloads/bundle?id=000000000000539", filename = "C:\Users\cofc_\AppData\Local\Temp\tmp9DA3.tmp\rjsec531a.ZIP", message = "rjsec531a")~~RJStevensMusicPresentationCreator.Program~0000002474
2024-12-18 22:00:08.1604~DEBUG~-> ExtractAllFromFile(zipFileName = "C:\Users\cofc_\AppData\Local\Temp\tmp9DA3.tmp\rjsec531a.ZIP", decompressedFolder = "C:\Users\cofc_\AppData\Local\Temp\tmp9F89.tmp", message = "rjsec531a")~~RJStevensMusicPresentationCreator.Program~0000002475
2024-12-18 22:00:08.4594~DEBUG~extract completed~~RJStevensMusicPresentationCreator.Program~0000002476
2024-12-18 22:00:08.4594~DEBUG~<- ExtractAllFromFile(zipFileName = "C:\Users\cofc_\AppData\Local\Temp\tmp9DA3.tmp\rjsec531a.ZIP", decompressedFolder = "C:\Users\cofc_\AppData\Local\Temp\tmp9F89.tmp", message = "rjsec531a")~~RJStevensMusicPresentationCreator.Program~0000002477
2024-12-18 22:00:08.5504~DEBUG~-> DownloadFile(url = "https://faas-nyc1-2ef2e6cc.doserverless.co/api/v1/web/fn-dd7f8f6a-d32a-4f5e-ae7b-870dfb7963f3/downloads/bundle?id=000000000000540", filename = "C:\Users\cofc_\AppData\Local\Temp\tmpA110.tmp\rjsec532.ZIP", message = "rjsec532")~~RJStevensMusicPresentationCreator.Program~0000002478
2024-12-18 22:00:09.0111~DEBUG~download completed~~RJStevensMusicPresentationCreator.Program~0000002479
2024-12-18 22:00:09.0111~DEBUG~<- DownloadFile(url = "https://faas-nyc1-2ef2e6cc.doserverless.co/api/v1/web/fn-dd7f8f6a-d32a-4f5e-ae7b-870dfb7963f3/downloads/bundle?id=000000000000540", filename = "C:\Users\cofc_\AppData\Local\Temp\tmpA110.tmp\rjsec532.ZIP", message = "rjsec532")~~RJStevensMusicPresentationCreator.Program~0000002480
2024-12-18 22:00:09.0281~DEBUG~-> ExtractAllFromFile(zipFileName = "C:\Users\cofc_\AppData\Local\Temp\tmpA110.tmp\rjsec532.ZIP", decompressedFolder = "C:\Users\cofc_\AppData\Local\Temp\tmpA2F6.tmp", message = "rjsec532")~~RJStevensMusicPresentationCreator.Program~0000002481
2024-12-18 22:00:09.3321~DEBUG~extract completed~~RJStevensMusicPresentationCreator.Program~0000002482
2024-12-18 22:00:09.3321~DEBUG~<- ExtractAllFromFile(zipFileName = "C:\Users\cofc_\AppData\Local\Temp\tmpA110.tmp\rjsec532.ZIP", decompressedFolder = "C:\Users\cofc_\AppData\Local\Temp\tmpA2F6.tmp", message = "rjsec532")~~RJStevensMusicPresentationCreator.Program~0000002483
2024-12-18 22:00:09.4151~DEBUG~-> DownloadFile(url = "https://faas-nyc1-2ef2e6cc.doserverless.co/api/v1/web/fn-dd7f8f6a-d32a-4f5e-ae7b-870dfb7963f3/downloads/bundle?id=000000000000541", filename = "C:\Users\cofc_\AppData\Local\Temp\tmpA46E.tmp\rjsec533.ZIP", message = "rjsec533")~~RJStevensMusicPresentationCreator.Program~0000002484
2024-12-18 22:00:09.8261~DEBUG~download completed~~RJStevensMusicPresentationCreator.Program~0000002485
2024-12-18 22:00:09.8261~DEBUG~<- DownloadFile(url = "https://faas-nyc1-2ef2e6cc.doserverless.co/api/v1/web/fn-dd7f8f6a-d32a-4f5e-ae7b-870dfb7963f3/downloads/bundle?id=000000000000541", filename = "C:\Users\cofc_\AppData\Local\Temp\tmpA46E.tmp\rjsec533.ZIP", message = "rjsec533")~~RJStevensMusicPresentationCreator.Program~0000002486
2024-12-18 22:00:09.8421~DEBUG~-> ExtractAllFromFile(zipFileName = "C:\Users\cofc_\AppData\Local\Temp\tmpA46E.tmp\rjsec533.ZIP", decompressedFolder = "C:\Users\cofc_\AppData\Local\Temp\tmpA624.tmp", message = "rjsec533")~~RJStevensMusicPresentationCreator.Program~0000002487
2024-12-18 22:00:10.0654~DEBUG~extract completed~~RJStevensMusicPresentationCreator.Program~0000002488
2024-12-18 22:00:10.0654~DEBUG~<- ExtractAllFromFile(zipFileName = "C:\Users\cofc_\AppData\Local\Temp\tmpA46E.tmp\rjsec533.ZIP", decompressedFolder = "C:\Users\cofc_\AppData\Local\Temp\tmpA624.tmp", message = "rjsec533")~~RJStevensMusicPresentationCreator.Program~0000002489
2024-12-18 22:00:10.1374~DEBUG~-> DownloadFile(url = "https://faas-nyc1-2ef2e6cc.doserverless.co/api/v1/web/fn-dd7f8f6a-d32a-4f5e-ae7b-870dfb7963f3/downloads/bundle?id=000000000000542", filename = "C:\Users\cofc_\AppData\Local\Temp\tmpA74E.tmp\rjsec534.ZIP", message = "rjsec534")~~RJStevensMusicPresentationCreator.Program~0000002490
2024-12-18 22:00:10.6034~DEBUG~download completed~~RJStevensMusicPresentationCreator.Program~0000002491
2024-12-18 22:00:10.6034~DEBUG~<- DownloadFile(url = "https://faas-nyc1-2ef2e6cc.doserverless.co/api/v1/web/fn-dd7f8f6a-d32a-4f5e-ae7b-870dfb7963f3/downloads/bundle?id=000000000000542", filename = "C:\Users\cofc_\AppData\Local\Temp\tmpA74E.tmp\rjsec534.ZIP", message = "rjsec534")~~RJStevensMusicPresentationCreator.Program~0000002492
2024-12-18 22:00:10.6204~DEBUG~-> ExtractAllFromFile(zipFileName = "C:\Users\cofc_\AppData\Local\Temp\tmpA74E.tmp\rjsec534.ZIP", decompressedFolder = "C:\Users\cofc_\AppData\Local\Temp\tmpA933.tmp", message = "rjsec534")~~RJStevensMusicPresentationCreator.Program~0000002493
2024-12-18 22:00:10.9092~DEBUG~extract completed~~RJStevensMusicPresentationCreator.Program~0000002494
2024-12-18 22:00:10.9092~DEBUG~<- ExtractAllFromFile(zipFileName = "C:\Users\cofc_\AppData\Local\Temp\tmpA74E.tmp\rjsec534.ZIP", decompressedFolder = "C:\Users\cofc_\AppData\Local\Temp\tmpA933.tmp", message = "rjsec534")~~RJStevensMusicPresentationCreator.Program~0000002495
2024-12-18 22:00:10.9992~DEBUG~-> DownloadFile(url = "https://faas-nyc1-2ef2e6cc.doserverless.co/api/v1/web/fn-dd7f8f6a-d32a-4f5e-ae7b-870dfb7963f3/downloads/bundle?id=000000000000544", filename = "C:\Users\cofc_\AppData\Local\Temp\tmpAAAB.tmp\rjsec536.ZIP", message = "rjsec536")~~RJStevensMusicPresentationCreator.Program~0000002496
2024-12-18 22:00:11.4502~DEBUG~download completed~~RJStevensMusicPresentationCreator.Program~0000002497
2024-12-18 22:00:11.4502~DEBUG~<- DownloadFile(url = "https://faas-nyc1-2ef2e6cc.doserverless.co/api/v1/web/fn-dd7f8f6a-d32a-4f5e-ae7b-870dfb7963f3/downloads/bundle?id=000000000000544", filename = "C:\Users\cofc_\AppData\Local\Temp\tmpAAAB.tmp\rjsec536.ZIP", message = "rjsec536")~~RJStevensMusicPresentationCreator.Program~0000002498
2024-12-18 22:00:11.4672~DEBUG~-> ExtractAllFromFile(zipFileName = "C:\Users\cofc_\AppData\Local\Temp\tmpAAAB.tmp\rjsec536.ZIP", decompressedFolder = "C:\Users\cofc_\AppData\Local\Temp\tmpAC81.tmp", message = "rjsec536")~~RJStevensMusicPresentationCreator.Program~0000002499
2024-12-18 22:00:11.7683~DEBUG~extract completed~~RJStevensMusicPresentationCreator.Program~0000002500
2024-12-18 22:00:11.7683~DEBUG~<- ExtractAllFromFile(zipFileName = "C:\Users\cofc_\AppData\Local\Temp\tmpAAAB.tmp\rjsec536.ZIP", decompressedFolder = "C:\Users\cofc_\AppData\Local\Temp\tmpAC81.tmp", message = "rjsec536")~~RJStevensMusicPresentationCreator.Program~0000002501
2024-12-18 22:00:11.8463~DEBUG~-> DownloadFile(url = "https://faas-nyc1-2ef2e6cc.doserverless.co/api/v1/web/fn-dd7f8f6a-d32a-4f5e-ae7b-870dfb7963f3/downloads/bundle?id=000000000000548", filename = "C:\Users\cofc_\AppData\Local\Temp\tmpADF9.tmp\rjsec540.ZIP", message = "rjsec540")~~RJStevensMusicPresentationCreator.Program~0000002502
2024-12-18 22:00:12.2754~DEBUG~download completed~~RJStevensMusicPresentationCreator.Program~0000002503
2024-12-18 22:00:12.2754~DEBUG~<- DownloadFile(url = "https://faas-nyc1-2ef2e6cc.doserverless.co/api/v1/web/fn-dd7f8f6a-d32a-4f5e-ae7b-870dfb7963f3/downloads/bundle?id=000000000000548", filename = "C:\Users\cofc_\AppData\Local\Temp\tmpADF9.tmp\rjsec540.ZIP", message = "rjsec540")~~RJStevensMusicPresentationCreator.Program~0000002504
2024-12-18 22:00:12.2924~DEBUG~-> ExtractAllFromFile(zipFileName = "C:\Users\cofc_\AppData\Local\Temp\tmpADF9.tmp\rjsec540.ZIP", decompressedFolder = "C:\Users\cofc_\AppData\Local\Temp\tmpAFBF.tmp", message = "rjsec540")~~RJStevensMusicPresentationCreator.Program~0000002505
2024-12-18 22:00:12.5584~DEBUG~extract completed~~RJStevensMusicPresentationCreator.Program~0000002506
2024-12-18 22:00:12.5584~DEBUG~<- ExtractAllFromFile(zipFileName = "C:\Users\cofc_\AppData\Local\Temp\tmpADF9.tmp\rjsec540.ZIP", decompressedFolder = "C:\Users\cofc_\AppData\Local\Temp\tmpAFBF.tmp", message = "rjsec540")~~RJStevensMusicPresentationCreator.Program~0000002507
2024-12-18 22:00:12.6334~DEBUG~-> DownloadFile(url = "https://faas-nyc1-2ef2e6cc.doserverless.co/api/v1/web/fn-dd7f8f6a-d32a-4f5e-ae7b-870dfb7963f3/downloads/bundle?id=000000000000549", filename = "C:\Users\cofc_\AppData\Local\Temp\tmpB108.tmp\rjsec541.ZIP", message = "rjsec541")~~RJStevensMusicPresentationCreator.Program~0000002508
2024-12-18 22:00:13.1024~DEBUG~download completed~~RJStevensMusicPresentationCreator.Program~0000002509
2024-12-18 22:00:13.1044~DEBUG~<- DownloadFile(url = "https://faas-nyc1-2ef2e6cc.doserverless.co/api/v1/web/fn-dd7f8f6a-d32a-4f5e-ae7b-870dfb7963f3/downloads/bundle?id=000000000000549", filename = "C:\Users\cofc_\AppData\Local\Temp\tmpB108.tmp\rjsec541.ZIP", message = "rjsec541")~~RJStevensMusicPresentationCreator.Program~0000002510
2024-12-18 22:00:13.1044~DEBUG~-> ExtractAllFromFile(zipFileName = "C:\Users\cofc_\AppData\Local\Temp\tmpB108.tmp\rjsec541.ZIP", decompressedFolder = "C:\Users\cofc_\AppData\Local\Temp\tmpB2EE.tmp", message = "rjsec541")~~RJStevensMusicPresentationCreator.Program~0000002511
2024-12-18 22:00:13.3264~DEBUG~extract completed~~RJStevensMusicPresentationCreator.Program~0000002512
2024-12-18 22:00:13.3264~DEBUG~<- ExtractAllFromFile(zipFileName = "C:\Users\cofc_\AppData\Local\Temp\tmpB108.tmp\rjsec541.ZIP", decompressedFolder = "C:\Users\cofc_\AppData\Local\Temp\tmpB2EE.tmp", message = "rjsec541")~~RJStevensMusicPresentationCreator.Program~0000002513
2024-12-18 22:00:13.3944~DEBUG~-> DownloadFile(url = "https://faas-nyc1-2ef2e6cc.doserverless.co/api/v1/web/fn-dd7f8f6a-d32a-4f5e-ae7b-870dfb7963f3/downloads/bundle?id=000000000000550", filename = "C:\Users\cofc_\AppData\Local\Temp\tmpB408.tmp\rjsec542.ZIP", message = "rjsec542")~~RJStevensMusicPresentationCreator.Program~0000002514
2024-12-18 22:00:13.8395~DEBUG~download completed~~RJStevensMusicPresentationCreator.Program~0000002515
2024-12-18 22:00:13.8395~DEBUG~<- DownloadFile(url = "https://faas-nyc1-2ef2e6cc.doserverless.co/api/v1/web/fn-dd7f8f6a-d32a-4f5e-ae7b-870dfb7963f3/downloads/bundle?id=000000000000550", filename = "C:\Users\cofc_\AppData\Local\Temp\tmpB408.tmp\rjsec542.ZIP", message = "rjsec542")~~RJStevensMusicPresentationCreator.Program~0000002516
2024-12-18 22:00:13.8545~DEBUG~-> ExtractAllFromFile(zipFileName = "C:\Users\cofc_\AppData\Local\Temp\tmpB408.tmp\rjsec542.ZIP", decompressedFolder = "C:\Users\cofc_\AppData\Local\Temp\tmpB5DE.tmp", message = "rjsec542")~~RJStevensMusicPresentationCreator.Program~0000002517
2024-12-18 22:00:14.1245~DEBUG~extract completed~~RJStevensMusicPresentationCreator.Program~0000002518
2024-12-18 22:00:14.1245~DEBUG~<- ExtractAllFromFile(zipFileName = "C:\Users\cofc_\AppData\Local\Temp\tmpB408.tmp\rjsec542.ZIP", decompressedFolder = "C:\Users\cofc_\AppData\Local\Temp\tmpB5DE.tmp", message = "rjsec542")~~RJStevensMusicPresentationCreator.Program~0000002519
2024-12-18 22:00:14.2005~DEBUG~-> DownloadFile(url = "https://faas-nyc1-2ef2e6cc.doserverless.co/api/v1/web/fn-dd7f8f6a-d32a-4f5e-ae7b-870dfb7963f3/downloads/bundle?id=000000000000551", filename = "C:\Users\cofc_\AppData\Local\Temp\tmpB737.tmp\rjsec543.ZIP", message = "rjsec543")~~RJStevensMusicPresentationCreator.Program~0000002520
2024-12-18 22:00:14.6485~DEBUG~download completed~~RJStevensMusicPresentationCreator.Program~0000002521
2024-12-18 22:00:14.6485~DEBUG~<- DownloadFile(url = "https://faas-nyc1-2ef2e6cc.doserverless.co/api/v1/web/fn-dd7f8f6a-d32a-4f5e-ae7b-870dfb7963f3/downloads/bundle?id=000000000000551", filename = "C:\Users\cofc_\AppData\Local\Temp\tmpB737.tmp\rjsec543.ZIP", message = "rjsec543")~~RJStevensMusicPresentationCreator.Program~0000002522
2024-12-18 22:00:14.6615~DEBUG~-> ExtractAllFromFile(zipFileName = "C:\Users\cofc_\AppData\Local\Temp\tmpB737.tmp\rjsec543.ZIP", decompressedFolder = "C:\Users\cofc_\AppData\Local\Temp\tmpB8FD.tmp", message = "rjsec543")~~RJStevensMusicPresentationCreator.Program~0000002523
2024-12-18 22:00:14.8966~DEBUG~extract completed~~RJStevensMusicPresentationCreator.Program~0000002524
2024-12-18 22:00:14.8966~DEBUG~<- ExtractAllFromFile(zipFileName = "C:\Users\cofc_\AppData\Local\Temp\tmpB737.tmp\rjsec543.ZIP", decompressedFolder = "C:\Users\cofc_\AppData\Local\Temp\tmpB8FD.tmp", message = "rjsec543")~~RJStevensMusicPresentationCreator.Program~0000002525
2024-12-18 22:00:14.9676~DEBUG~-> DownloadFile(url = "https://faas-nyc1-2ef2e6cc.doserverless.co/api/v1/web/fn-dd7f8f6a-d32a-4f5e-ae7b-870dfb7963f3/downloads/bundle?id=000000000000552", filename = "C:\Users\cofc_\AppData\Local\Temp\tmpBA36.tmp\rjsec544.ZIP", message = "rjsec544")~~RJStevensMusicPresentationCreator.Program~0000002526
2024-12-18 22:00:15.7144~DEBUG~download completed~~RJStevensMusicPresentationCreator.Program~0000002527
2024-12-18 22:00:15.7144~DEBUG~<- DownloadFile(url = "https://faas-nyc1-2ef2e6cc.doserverless.co/api/v1/web/fn-dd7f8f6a-d32a-4f5e-ae7b-870dfb7963f3/downloads/bundle?id=000000000000552", filename = "C:\Users\cofc_\AppData\Local\Temp\tmpBA36.tmp\rjsec544.ZIP", message = "rjsec544")~~RJStevensMusicPresentationCreator.Program~0000002528
2024-12-18 22:00:15.7314~DEBUG~-> ExtractAllFromFile(zipFileName = "C:\Users\cofc_\AppData\Local\Temp\tmpBA36.tmp\rjsec544.ZIP", decompressedFolder = "C:\Users\cofc_\AppData\Local\Temp\tmpBD35.tmp", message = "rjsec544")~~RJStevensMusicPresentationCreator.Program~0000002529
2024-12-18 22:00:16.0764~DEBUG~extract completed~~RJStevensMusicPresentationCreator.Program~0000002530
2024-12-18 22:00:16.0764~DEBUG~<- ExtractAllFromFile(zipFileName = "C:\Users\cofc_\AppData\Local\Temp\tmpBA36.tmp\rjsec544.ZIP", decompressedFolder = "C:\Users\cofc_\AppData\Local\Temp\tmpBD35.tmp", message = "rjsec544")~~RJStevensMusicPresentationCreator.Program~0000002531
2024-12-18 22:00:16.1624~DEBUG~-> DownloadFile(url = "https://faas-nyc1-2ef2e6cc.doserverless.co/api/v1/web/fn-dd7f8f6a-d32a-4f5e-ae7b-870dfb7963f3/downloads/bundle?id=000000000000553", filename = "C:\Users\cofc_\AppData\Local\Temp\tmpBEDC.tmp\rjsec545.ZIP", message = "rjsec545")~~RJStevensMusicPresentationCreator.Program~0000002532
2024-12-18 22:00:16.6174~DEBUG~download completed~~RJStevensMusicPresentationCreator.Program~0000002533
2024-12-18 22:00:16.6174~DEBUG~<- DownloadFile(url = "https://faas-nyc1-2ef2e6cc.doserverless.co/api/v1/web/fn-dd7f8f6a-d32a-4f5e-ae7b-870dfb7963f3/downloads/bundle?id=000000000000553", filename = "C:\Users\cofc_\AppData\Local\Temp\tmpBEDC.tmp\rjsec545.ZIP", message = "rjsec545")~~RJStevensMusicPresentationCreator.Program~0000002534
2024-12-18 22:00:16.6304~DEBUG~-> ExtractAllFromFile(zipFileName = "C:\Users\cofc_\AppData\Local\Temp\tmpBEDC.tmp\rjsec545.ZIP", decompressedFolder = "C:\Users\cofc_\AppData\Local\Temp\tmpC0B1.tmp", message = "rjsec545")~~RJStevensMusicPresentationCreator.Program~0000002535
2024-12-18 22:00:16.8377~DEBUG~extract completed~~RJStevensMusicPresentationCreator.Program~0000002536
2024-12-18 22:00:16.8377~DEBUG~<- ExtractAllFromFile(zipFileName = "C:\Users\cofc_\AppData\Local\Temp\tmpBEDC.tmp\rjsec545.ZIP", decompressedFolder = "C:\Users\cofc_\AppData\Local\Temp\tmpC0B1.tmp", message = "rjsec545")~~RJStevensMusicPresentationCreator.Program~0000002537
2024-12-18 22:00:16.8997~DEBUG~-> DownloadFile(url = "https://faas-nyc1-2ef2e6cc.doserverless.co/api/v1/web/fn-dd7f8f6a-d32a-4f5e-ae7b-870dfb7963f3/downloads/bundle?id=000000000000554", filename = "C:\Users\cofc_\AppData\Local\Temp\tmpC1BC.tmp\rjsec546.ZIP", message = "rjsec546")~~RJStevensMusicPresentationCreator.Program~0000002538
2024-12-18 22:00:17.3734~DEBUG~download completed~~RJStevensMusicPresentationCreator.Program~0000002539
2024-12-18 22:00:17.3734~DEBUG~<- DownloadFile(url = "https://faas-nyc1-2ef2e6cc.doserverless.co/api/v1/web/fn-dd7f8f6a-d32a-4f5e-ae7b-870dfb7963f3/downloads/bundle?id=000000000000554", filename = "C:\Users\cofc_\AppData\Local\Temp\tmpC1BC.tmp\rjsec546.ZIP", message = "rjsec546")~~RJStevensMusicPresentationCreator.Program~0000002540
2024-12-18 22:00:17.3934~DEBUG~-> ExtractAllFromFile(zipFileName = "C:\Users\cofc_\AppData\Local\Temp\tmpC1BC.tmp\rjsec546.ZIP", decompressedFolder = "C:\Users\cofc_\AppData\Local\Temp\tmpC3B1.tmp", message = "rjsec546")~~RJStevensMusicPresentationCreator.Program~0000002541
2024-12-18 22:00:17.6964~DEBUG~extract completed~~RJStevensMusicPresentationCreator.Program~0000002542
2024-12-18 22:00:17.6994~DEBUG~<- ExtractAllFromFile(zipFileName = "C:\Users\cofc_\AppData\Local\Temp\tmpC1BC.tmp\rjsec546.ZIP", decompressedFolder = "C:\Users\cofc_\AppData\Local\Temp\tmpC3B1.tmp", message = "rjsec546")~~RJStevensMusicPresentationCreator.Program~0000002543
2024-12-18 22:00:17.7724~DEBUG~-> DownloadFile(url = "https://faas-nyc1-2ef2e6cc.doserverless.co/api/v1/web/fn-dd7f8f6a-d32a-4f5e-ae7b-870dfb7963f3/downloads/bundle?id=000000000000555", filename = "C:\Users\cofc_\AppData\Local\Temp\tmpC529.tmp\rjsec547.ZIP", message = "rjsec547")~~RJStevensMusicPresentationCreator.Program~0000002544
2024-12-18 22:00:18.2267~DEBUG~download completed~~RJStevensMusicPresentationCreator.Program~0000002545
2024-12-18 22:00:18.2267~DEBUG~<- DownloadFile(url = "https://faas-nyc1-2ef2e6cc.doserverless.co/api/v1/web/fn-dd7f8f6a-d32a-4f5e-ae7b-870dfb7963f3/downloads/bundle?id=000000000000555", filename = "C:\Users\cofc_\AppData\Local\Temp\tmpC529.tmp\rjsec547.ZIP", message = "rjsec547")~~RJStevensMusicPresentationCreator.Program~0000002546
2024-12-18 22:00:18.2457~DEBUG~-> ExtractAllFromFile(zipFileName = "C:\Users\cofc_\AppData\Local\Temp\tmpC529.tmp\rjsec547.ZIP", decompressedFolder = "C:\Users\cofc_\AppData\Local\Temp\tmpC70E.tmp", message = "rjsec547")~~RJStevensMusicPresentationCreator.Program~0000002547
2024-12-18 22:00:18.4457~DEBUG~extract completed~~RJStevensMusicPresentationCreator.Program~0000002548
2024-12-18 22:00:18.4487~DEBUG~<- ExtractAllFromFile(zipFileName = "C:\Users\cofc_\AppData\Local\Temp\tmpC529.tmp\rjsec547.ZIP", decompressedFolder = "C:\Users\cofc_\AppData\Local\Temp\tmpC70E.tmp", message = "rjsec547")~~RJStevensMusicPresentationCreator.Program~0000002549
2024-12-18 22:00:18.5117~DEBUG~-> DownloadFile(url = "https://faas-nyc1-2ef2e6cc.doserverless.co/api/v1/web/fn-dd7f8f6a-d32a-4f5e-ae7b-870dfb7963f3/downloads/bundle?id=000000000000556", filename = "C:\Users\cofc_\AppData\Local\Temp\tmpC819.tmp\rjsec548.ZIP", message = "rjsec548")~~RJStevensMusicPresentationCreator.Program~0000002550
2024-12-18 22:00:18.9607~DEBUG~download completed~~RJStevensMusicPresentationCreator.Program~0000002551
2024-12-18 22:00:18.9607~DEBUG~<- DownloadFile(url = "https://faas-nyc1-2ef2e6cc.doserverless.co/api/v1/web/fn-dd7f8f6a-d32a-4f5e-ae7b-870dfb7963f3/downloads/bundle?id=000000000000556", filename = "C:\Users\cofc_\AppData\Local\Temp\tmpC819.tmp\rjsec548.ZIP", message = "rjsec548")~~RJStevensMusicPresentationCreator.Program~0000002552
2024-12-18 22:00:18.9757~DEBUG~-> ExtractAllFromFile(zipFileName = "C:\Users\cofc_\AppData\Local\Temp\tmpC819.tmp\rjsec548.ZIP", decompressedFolder = "C:\Users\cofc_\AppData\Local\Temp\tmpC9DF.tmp", message = "rjsec548")~~RJStevensMusicPresentationCreator.Program~0000002553
2024-12-18 22:00:19.2336~DEBUG~extract completed~~RJStevensMusicPresentationCreator.Program~0000002554
2024-12-18 22:00:19.2336~DEBUG~<- ExtractAllFromFile(zipFileName = "C:\Users\cofc_\AppData\Local\Temp\tmpC819.tmp\rjsec548.ZIP", decompressedFolder = "C:\Users\cofc_\AppData\Local\Temp\tmpC9DF.tmp", message = "rjsec548")~~RJStevensMusicPresentationCreator.Program~0000002555
2024-12-18 22:00:19.3086~DEBUG~-> DownloadFile(url = "https://faas-nyc1-2ef2e6cc.doserverless.co/api/v1/web/fn-dd7f8f6a-d32a-4f5e-ae7b-870dfb7963f3/downloads/bundle?id=000000000000557", filename = "C:\Users\cofc_\AppData\Local\Temp\tmpCB38.tmp\rjsec549.ZIP", message = "rjsec549")~~RJStevensMusicPresentationCreator.Program~0000002556
2024-12-18 22:00:19.7300~DEBUG~download completed~~RJStevensMusicPresentationCreator.Program~0000002557
2024-12-18 22:00:19.7300~DEBUG~<- DownloadFile(url = "https://faas-nyc1-2ef2e6cc.doserverless.co/api/v1/web/fn-dd7f8f6a-d32a-4f5e-ae7b-870dfb7963f3/downloads/bundle?id=000000000000557", filename = "C:\Users\cofc_\AppData\Local\Temp\tmpCB38.tmp\rjsec549.ZIP", message = "rjsec549")~~RJStevensMusicPresentationCreator.Program~0000002558
2024-12-18 22:00:19.7440~DEBUG~-> ExtractAllFromFile(zipFileName = "C:\Users\cofc_\AppData\Local\Temp\tmpCB38.tmp\rjsec549.ZIP", decompressedFolder = "C:\Users\cofc_\AppData\Local\Temp\tmpCCEE.tmp", message = "rjsec549")~~RJStevensMusicPresentationCreator.Program~0000002559
2024-12-18 22:00:19.9150~DEBUG~extract completed~~RJStevensMusicPresentationCreator.Program~0000002560
2024-12-18 22:00:19.9170~DEBUG~<- ExtractAllFromFile(zipFileName = "C:\Users\cofc_\AppData\Local\Temp\tmpCB38.tmp\rjsec549.ZIP", decompressedFolder = "C:\Users\cofc_\AppData\Local\Temp\tmpCCEE.tmp", message = "rjsec549")~~RJStevensMusicPresentationCreator.Program~0000002561
2024-12-18 22:00:19.9760~DEBUG~-> DownloadFile(url = "https://faas-nyc1-2ef2e6cc.doserverless.co/api/v1/web/fn-dd7f8f6a-d32a-4f5e-ae7b-870dfb7963f3/downloads/bundle?id=000000000000558", filename = "C:\Users\cofc_\AppData\Local\Temp\tmpCDCA.tmp\rjsec550.ZIP", message = "rjsec550")~~RJStevensMusicPresentationCreator.Program~0000002562
2024-12-18 22:00:20.4211~DEBUG~download completed~~RJStevensMusicPresentationCreator.Program~0000002563
2024-12-18 22:00:20.4211~DEBUG~<- DownloadFile(url = "https://faas-nyc1-2ef2e6cc.doserverless.co/api/v1/web/fn-dd7f8f6a-d32a-4f5e-ae7b-870dfb7963f3/downloads/bundle?id=000000000000558", filename = "C:\Users\cofc_\AppData\Local\Temp\tmpCDCA.tmp\rjsec550.ZIP", message = "rjsec550")~~RJStevensMusicPresentationCreator.Program~0000002564
2024-12-18 22:00:20.4411~DEBUG~-> ExtractAllFromFile(zipFileName = "C:\Users\cofc_\AppData\Local\Temp\tmpCDCA.tmp\rjsec550.ZIP", decompressedFolder = "C:\Users\cofc_\AppData\Local\Temp\tmpCFA0.tmp", message = "rjsec550")~~RJStevensMusicPresentationCreator.Program~0000002565
2024-12-18 22:00:20.7000~DEBUG~extract completed~~RJStevensMusicPresentationCreator.Program~0000002566
2024-12-18 22:00:20.7000~DEBUG~<- ExtractAllFromFile(zipFileName = "C:\Users\cofc_\AppData\Local\Temp\tmpCDCA.tmp\rjsec550.ZIP", decompressedFolder = "C:\Users\cofc_\AppData\Local\Temp\tmpCFA0.tmp", message = "rjsec550")~~RJStevensMusicPresentationCreator.Program~0000002567
2024-12-18 22:00:20.7770~DEBUG~-> DownloadFile(url = "https://faas-nyc1-2ef2e6cc.doserverless.co/api/v1/web/fn-dd7f8f6a-d32a-4f5e-ae7b-870dfb7963f3/downloads/bundle?id=000000000000559", filename = "C:\Users\cofc_\AppData\Local\Temp\tmpD0F9.tmp\rjsec551.ZIP", message = "rjsec551")~~RJStevensMusicPresentationCreator.Program~0000002568
2024-12-18 22:00:21.4007~DEBUG~download completed~~RJStevensMusicPresentationCreator.Program~0000002569
2024-12-18 22:00:21.4007~DEBUG~<- DownloadFile(url = "https://faas-nyc1-2ef2e6cc.doserverless.co/api/v1/web/fn-dd7f8f6a-d32a-4f5e-ae7b-870dfb7963f3/downloads/bundle?id=000000000000559", filename = "C:\Users\cofc_\AppData\Local\Temp\tmpD0F9.tmp\rjsec551.ZIP", message = "rjsec551")~~RJStevensMusicPresentationCreator.Program~0000002570
2024-12-18 22:00:21.4157~DEBUG~-> ExtractAllFromFile(zipFileName = "C:\Users\cofc_\AppData\Local\Temp\tmpD0F9.tmp\rjsec551.ZIP", decompressedFolder = "C:\Users\cofc_\AppData\Local\Temp\tmpD36B.tmp", message = "rjsec551")~~RJStevensMusicPresentationCreator.Program~0000002571
2024-12-18 22:00:21.6460~DEBUG~extract completed~~RJStevensMusicPresentationCreator.Program~0000002572
2024-12-18 22:00:21.6460~DEBUG~<- ExtractAllFromFile(zipFileName = "C:\Users\cofc_\AppData\Local\Temp\tmpD0F9.tmp\rjsec551.ZIP", decompressedFolder = "C:\Users\cofc_\AppData\Local\Temp\tmpD36B.tmp", message = "rjsec551")~~RJStevensMusicPresentationCreator.Program~0000002573
2024-12-18 22:00:21.7200~DEBUG~-> DownloadFile(url = "https://faas-nyc1-2ef2e6cc.doserverless.co/api/v1/web/fn-dd7f8f6a-d32a-4f5e-ae7b-870dfb7963f3/downloads/bundle?id=000000000000560", filename = "C:\Users\cofc_\AppData\Local\Temp\tmpD4A4.tmp\rjsec552.ZIP", message = "rjsec552")~~RJStevensMusicPresentationCreator.Program~0000002574
2024-12-18 22:00:22.1730~DEBUG~download completed~~RJStevensMusicPresentationCreator.Program~0000002575
2024-12-18 22:00:22.1730~DEBUG~<- DownloadFile(url = "https://faas-nyc1-2ef2e6cc.doserverless.co/api/v1/web/fn-dd7f8f6a-d32a-4f5e-ae7b-870dfb7963f3/downloads/bundle?id=000000000000560", filename = "C:\Users\cofc_\AppData\Local\Temp\tmpD4A4.tmp\rjsec552.ZIP", message = "rjsec552")~~RJStevensMusicPresentationCreator.Program~0000002576
2024-12-18 22:00:22.1870~DEBUG~-> ExtractAllFromFile(zipFileName = "C:\Users\cofc_\AppData\Local\Temp\tmpD4A4.tmp\rjsec552.ZIP", decompressedFolder = "C:\Users\cofc_\AppData\Local\Temp\tmpD67A.tmp", message = "rjsec552")~~RJStevensMusicPresentationCreator.Program~0000002577
2024-12-18 22:00:22.4726~DEBUG~extract completed~~RJStevensMusicPresentationCreator.Program~0000002578
2024-12-18 22:00:22.4726~DEBUG~<- ExtractAllFromFile(zipFileName = "C:\Users\cofc_\AppData\Local\Temp\tmpD4A4.tmp\rjsec552.ZIP", decompressedFolder = "C:\Users\cofc_\AppData\Local\Temp\tmpD67A.tmp", message = "rjsec552")~~RJStevensMusicPresentationCreator.Program~0000002579
2024-12-18 22:00:22.5496~DEBUG~-> DownloadFile(url = "https://faas-nyc1-2ef2e6cc.doserverless.co/api/v1/web/fn-dd7f8f6a-d32a-4f5e-ae7b-870dfb7963f3/downloads/bundle?id=000000000000561", filename = "C:\Users\cofc_\AppData\Local\Temp\tmpD7E2.tmp\rjsec553.ZIP", message = "rjsec553")~~RJStevensMusicPresentationCreator.Program~0000002580
2024-12-18 22:00:22.9877~DEBUG~download completed~~RJStevensMusicPresentationCreator.Program~0000002581
2024-12-18 22:00:22.9877~DEBUG~<- DownloadFile(url = "https://faas-nyc1-2ef2e6cc.doserverless.co/api/v1/web/fn-dd7f8f6a-d32a-4f5e-ae7b-870dfb7963f3/downloads/bundle?id=000000000000561", filename = "C:\Users\cofc_\AppData\Local\Temp\tmpD7E2.tmp\rjsec553.ZIP", message = "rjsec553")~~RJStevensMusicPresentationCreator.Program~0000002582
2024-12-18 22:00:22.9987~DEBUG~-> ExtractAllFromFile(zipFileName = "C:\Users\cofc_\AppData\Local\Temp\tmpD7E2.tmp\rjsec553.ZIP", decompressedFolder = "C:\Users\cofc_\AppData\Local\Temp\tmpD9A8.tmp", message = "rjsec553")~~RJStevensMusicPresentationCreator.Program~0000002583
2024-12-18 22:00:23.1441~DEBUG~extract completed~~RJStevensMusicPresentationCreator.Program~0000002584
2024-12-18 22:00:23.1441~DEBUG~<- ExtractAllFromFile(zipFileName = "C:\Users\cofc_\AppData\Local\Temp\tmpD7E2.tmp\rjsec553.ZIP", decompressedFolder = "C:\Users\cofc_\AppData\Local\Temp\tmpD9A8.tmp", message = "rjsec553")~~RJStevensMusicPresentationCreator.Program~0000002585
2024-12-18 22:00:23.2131~DEBUG~-> DownloadFile(url = "https://faas-nyc1-2ef2e6cc.doserverless.co/api/v1/web/fn-dd7f8f6a-d32a-4f5e-ae7b-870dfb7963f3/downloads/bundle?id=000000000000562", filename = "C:\Users\cofc_\AppData\Local\Temp\tmpDA75.tmp\rjsec554.ZIP", message = "rjsec554")~~RJStevensMusicPresentationCreator.Program~0000002586
2024-12-18 22:00:23.6736~DEBUG~download completed~~RJStevensMusicPresentationCreator.Program~0000002587
2024-12-18 22:00:23.6736~DEBUG~<- DownloadFile(url = "https://faas-nyc1-2ef2e6cc.doserverless.co/api/v1/web/fn-dd7f8f6a-d32a-4f5e-ae7b-870dfb7963f3/downloads/bundle?id=000000000000562", filename = "C:\Users\cofc_\AppData\Local\Temp\tmpDA75.tmp\rjsec554.ZIP", message = "rjsec554")~~RJStevensMusicPresentationCreator.Program~0000002588
2024-12-18 22:00:23.6922~DEBUG~-> ExtractAllFromFile(zipFileName = "C:\Users\cofc_\AppData\Local\Temp\tmpDA75.tmp\rjsec554.ZIP", decompressedFolder = "C:\Users\cofc_\AppData\Local\Temp\tmpDC5A.tmp", message = "rjsec554")~~RJStevensMusicPresentationCreator.Program~0000002589
2024-12-18 22:00:24.0312~DEBUG~extract completed~~RJStevensMusicPresentationCreator.Program~0000002590
2024-12-18 22:00:24.0312~DEBUG~<- ExtractAllFromFile(zipFileName = "C:\Users\cofc_\AppData\Local\Temp\tmpDA75.tmp\rjsec554.ZIP", decompressedFolder = "C:\Users\cofc_\AppData\Local\Temp\tmpDC5A.tmp", message = "rjsec554")~~RJStevensMusicPresentationCreator.Program~0000002591
2024-12-18 22:00:24.1192~DEBUG~-> DownloadFile(url = "https://faas-nyc1-2ef2e6cc.doserverless.co/api/v1/web/fn-dd7f8f6a-d32a-4f5e-ae7b-870dfb7963f3/downloads/bundle?id=000000000000564", filename = "C:\Users\cofc_\AppData\Local\Temp\tmpDE01.tmp\rjsec556.ZIP", message = "rjsec556")~~RJStevensMusicPresentationCreator.Program~0000002592
2024-12-18 22:00:24.6383~DEBUG~download completed~~RJStevensMusicPresentationCreator.Program~0000002593
2024-12-18 22:00:24.6383~DEBUG~<- DownloadFile(url = "https://faas-nyc1-2ef2e6cc.doserverless.co/api/v1/web/fn-dd7f8f6a-d32a-4f5e-ae7b-870dfb7963f3/downloads/bundle?id=000000000000564", filename = "C:\Users\cofc_\AppData\Local\Temp\tmpDE01.tmp\rjsec556.ZIP", message = "rjsec556")~~RJStevensMusicPresentationCreator.Program~0000002594
2024-12-18 22:00:24.6563~DEBUG~-> ExtractAllFromFile(zipFileName = "C:\Users\cofc_\AppData\Local\Temp\tmpDE01.tmp\rjsec556.ZIP", decompressedFolder = "C:\Users\cofc_\AppData\Local\Temp\tmpE025.tmp", message = "rjsec556")~~RJStevensMusicPresentationCreator.Program~0000002595
2024-12-18 22:00:24.9905~DEBUG~extract completed~~RJStevensMusicPresentationCreator.Program~0000002596
2024-12-18 22:00:24.9905~DEBUG~<- ExtractAllFromFile(zipFileName = "C:\Users\cofc_\AppData\Local\Temp\tmpDE01.tmp\rjsec556.ZIP", decompressedFolder = "C:\Users\cofc_\AppData\Local\Temp\tmpE025.tmp", message = "rjsec556")~~RJStevensMusicPresentationCreator.Program~0000002597
2024-12-18 22:00:25.0765~DEBUG~-> DownloadFile(url = "https://faas-nyc1-2ef2e6cc.doserverless.co/api/v1/web/fn-dd7f8f6a-d32a-4f5e-ae7b-870dfb7963f3/downloads/bundle?id=000000000000566", filename = "C:\Users\cofc_\AppData\Local\Temp\tmpE1CC.tmp\rjsec558.ZIP", message = "rjsec558")~~RJStevensMusicPresentationCreator.Program~0000002598
2024-12-18 22:00:25.5326~DEBUG~download completed~~RJStevensMusicPresentationCreator.Program~0000002599
2024-12-18 22:00:25.5326~DEBUG~<- DownloadFile(url = "https://faas-nyc1-2ef2e6cc.doserverless.co/api/v1/web/fn-dd7f8f6a-d32a-4f5e-ae7b-870dfb7963f3/downloads/bundle?id=000000000000566", filename = "C:\Users\cofc_\AppData\Local\Temp\tmpE1CC.tmp\rjsec558.ZIP", message = "rjsec558")~~RJStevensMusicPresentationCreator.Program~0000002600
2024-12-18 22:00:25.5516~DEBUG~-> ExtractAllFromFile(zipFileName = "C:\Users\cofc_\AppData\Local\Temp\tmpE1CC.tmp\rjsec558.ZIP", decompressedFolder = "C:\Users\cofc_\AppData\Local\Temp\tmpE3A1.tmp", message = "rjsec558")~~RJStevensMusicPresentationCreator.Program~0000002601
2024-12-18 22:00:25.8546~DEBUG~extract completed~~RJStevensMusicPresentationCreator.Program~0000002602
2024-12-18 22:00:25.8546~DEBUG~<- ExtractAllFromFile(zipFileName = "C:\Users\cofc_\AppData\Local\Temp\tmpE1CC.tmp\rjsec558.ZIP", decompressedFolder = "C:\Users\cofc_\AppData\Local\Temp\tmpE3A1.tmp", message = "rjsec558")~~RJStevensMusicPresentationCreator.Program~0000002603
2024-12-18 22:00:25.9406~DEBUG~-> DownloadFile(url = "https://faas-nyc1-2ef2e6cc.doserverless.co/api/v1/web/fn-dd7f8f6a-d32a-4f5e-ae7b-870dfb7963f3/downloads/bundle?id=000000000000567", filename = "C:\Users\cofc_\AppData\Local\Temp\tmpE529.tmp\rjsec559.ZIP", message = "rjsec559")~~RJStevensMusicPresentationCreator.Program~0000002604
2024-12-18 22:00:26.3556~DEBUG~download completed~~RJStevensMusicPresentationCreator.Program~0000002605
2024-12-18 22:00:26.3556~DEBUG~<- DownloadFile(url = "https://faas-nyc1-2ef2e6cc.doserverless.co/api/v1/web/fn-dd7f8f6a-d32a-4f5e-ae7b-870dfb7963f3/downloads/bundle?id=000000000000567", filename = "C:\Users\cofc_\AppData\Local\Temp\tmpE529.tmp\rjsec559.ZIP", message = "rjsec559")~~RJStevensMusicPresentationCreator.Program~0000002606
2024-12-18 22:00:26.3556~DEBUG~-> ExtractAllFromFile(zipFileName = "C:\Users\cofc_\AppData\Local\Temp\tmpE529.tmp\rjsec559.ZIP", decompressedFolder = "C:\Users\cofc_\AppData\Local\Temp\tmpE6D0.tmp", message = "rjsec559")~~RJStevensMusicPresentationCreator.Program~0000002607
2024-12-18 22:00:26.5630~DEBUG~extract completed~~RJStevensMusicPresentationCreator.Program~0000002608
2024-12-18 22:00:26.5630~DEBUG~<- ExtractAllFromFile(zipFileName = "C:\Users\cofc_\AppData\Local\Temp\tmpE529.tmp\rjsec559.ZIP", decompressedFolder = "C:\Users\cofc_\AppData\Local\Temp\tmpE6D0.tmp", message = "rjsec559")~~RJStevensMusicPresentationCreator.Program~0000002609
2024-12-18 22:00:26.6270~DEBUG~-> DownloadFile(url = "https://faas-nyc1-2ef2e6cc.doserverless.co/api/v1/web/fn-dd7f8f6a-d32a-4f5e-ae7b-870dfb7963f3/downloads/bundle?id=000000000000568", filename = "C:\Users\cofc_\AppData\Local\Temp\tmpE7DA.tmp\rjsec560.ZIP", message = "rjsec560")~~RJStevensMusicPresentationCreator.Program~0000002610
2024-12-18 22:00:27.4091~DEBUG~download completed~~RJStevensMusicPresentationCreator.Program~0000002611
2024-12-18 22:00:27.4091~DEBUG~<- DownloadFile(url = "https://faas-nyc1-2ef2e6cc.doserverless.co/api/v1/web/fn-dd7f8f6a-d32a-4f5e-ae7b-870dfb7963f3/downloads/bundle?id=000000000000568", filename = "C:\Users\cofc_\AppData\Local\Temp\tmpE7DA.tmp\rjsec560.ZIP", message = "rjsec560")~~RJStevensMusicPresentationCreator.Program~0000002612
2024-12-18 22:00:27.4241~DEBUG~-> ExtractAllFromFile(zipFileName = "C:\Users\cofc_\AppData\Local\Temp\tmpE7DA.tmp\rjsec560.ZIP", decompressedFolder = "C:\Users\cofc_\AppData\Local\Temp\tmpEAF8.tmp", message = "rjsec560")~~RJStevensMusicPresentationCreator.Program~0000002613
2024-12-18 22:00:27.7127~DEBUG~extract completed~~RJStevensMusicPresentationCreator.Program~0000002614
2024-12-18 22:00:27.7127~DEBUG~<- ExtractAllFromFile(zipFileName = "C:\Users\cofc_\AppData\Local\Temp\tmpE7DA.tmp\rjsec560.ZIP", decompressedFolder = "C:\Users\cofc_\AppData\Local\Temp\tmpEAF8.tmp", message = "rjsec560")~~RJStevensMusicPresentationCreator.Program~0000002615
2024-12-18 22:00:27.7967~DEBUG~-> DownloadFile(url = "https://faas-nyc1-2ef2e6cc.doserverless.co/api/v1/web/fn-dd7f8f6a-d32a-4f5e-ae7b-870dfb7963f3/downloads/bundle?id=000000000000569", filename = "C:\Users\cofc_\AppData\Local\Temp\tmpEC70.tmp\rjsec561.ZIP", message = "rjsec561")~~RJStevensMusicPresentationCreator.Program~0000002616
2024-12-18 22:00:28.2133~DEBUG~download completed~~RJStevensMusicPresentationCreator.Program~0000002617
2024-12-18 22:00:28.2133~DEBUG~<- DownloadFile(url = "https://faas-nyc1-2ef2e6cc.doserverless.co/api/v1/web/fn-dd7f8f6a-d32a-4f5e-ae7b-870dfb7963f3/downloads/bundle?id=000000000000569", filename = "C:\Users\cofc_\AppData\Local\Temp\tmpEC70.tmp\rjsec561.ZIP", message = "rjsec561")~~RJStevensMusicPresentationCreator.Program~0000002618
2024-12-18 22:00:28.2283~DEBUG~-> ExtractAllFromFile(zipFileName = "C:\Users\cofc_\AppData\Local\Temp\tmpEC70.tmp\rjsec561.ZIP", decompressedFolder = "C:\Users\cofc_\AppData\Local\Temp\tmpEE17.tmp", message = "rjsec561")~~RJStevensMusicPresentationCreator.Program~0000002619
2024-12-18 22:00:28.3385~DEBUG~extract completed~~RJStevensMusicPresentationCreator.Program~0000002620
2024-12-18 22:00:28.3385~DEBUG~<- ExtractAllFromFile(zipFileName = "C:\Users\cofc_\AppData\Local\Temp\tmpEC70.tmp\rjsec561.ZIP", decompressedFolder = "C:\Users\cofc_\AppData\Local\Temp\tmpEE17.tmp", message = "rjsec561")~~RJStevensMusicPresentationCreator.Program~0000002621
2024-12-18 22:00:28.3925~DEBUG~-> DownloadFile(url = "https://faas-nyc1-2ef2e6cc.doserverless.co/api/v1/web/fn-dd7f8f6a-d32a-4f5e-ae7b-870dfb7963f3/downloads/bundle?id=000000000000573", filename = "C:\Users\cofc_\AppData\Local\Temp\tmpEEC4.tmp\rjsec565.ZIP", message = "rjsec565")~~RJStevensMusicPresentationCreator.Program~0000002622
2024-12-18 22:00:28.8505~DEBUG~download completed~~RJStevensMusicPresentationCreator.Program~0000002623
2024-12-18 22:00:28.8505~DEBUG~<- DownloadFile(url = "https://faas-nyc1-2ef2e6cc.doserverless.co/api/v1/web/fn-dd7f8f6a-d32a-4f5e-ae7b-870dfb7963f3/downloads/bundle?id=000000000000573", filename = "C:\Users\cofc_\AppData\Local\Temp\tmpEEC4.tmp\rjsec565.ZIP", message = "rjsec565")~~RJStevensMusicPresentationCreator.Program~0000002624
2024-12-18 22:00:28.8685~DEBUG~-> ExtractAllFromFile(zipFileName = "C:\Users\cofc_\AppData\Local\Temp\tmpEEC4.tmp\rjsec565.ZIP", decompressedFolder = "C:\Users\cofc_\AppData\Local\Temp\tmpF09A.tmp", message = "rjsec565")~~RJStevensMusicPresentationCreator.Program~0000002625
2024-12-18 22:00:28.9870~DEBUG~extract completed~~RJStevensMusicPresentationCreator.Program~0000002626
2024-12-18 22:00:28.9870~DEBUG~<- ExtractAllFromFile(zipFileName = "C:\Users\cofc_\AppData\Local\Temp\tmpEEC4.tmp\rjsec565.ZIP", decompressedFolder = "C:\Users\cofc_\AppData\Local\Temp\tmpF09A.tmp", message = "rjsec565")~~RJStevensMusicPresentationCreator.Program~0000002627
2024-12-18 22:00:29.0430~DEBUG~-> DownloadFile(url = "https://faas-nyc1-2ef2e6cc.doserverless.co/api/v1/web/fn-dd7f8f6a-d32a-4f5e-ae7b-870dfb7963f3/downloads/bundle?id=000000000000574", filename = "C:\Users\cofc_\AppData\Local\Temp\tmpF156.tmp\rjsec566.ZIP", message = "rjsec566")~~RJStevensMusicPresentationCreator.Program~0000002628
2024-12-18 22:00:29.5297~DEBUG~download completed~~RJStevensMusicPresentationCreator.Program~0000002629
2024-12-18 22:00:29.5297~DEBUG~<- DownloadFile(url = "https://faas-nyc1-2ef2e6cc.doserverless.co/api/v1/web/fn-dd7f8f6a-d32a-4f5e-ae7b-870dfb7963f3/downloads/bundle?id=000000000000574", filename = "C:\Users\cofc_\AppData\Local\Temp\tmpF156.tmp\rjsec566.ZIP", message = "rjsec566")~~RJStevensMusicPresentationCreator.Program~0000002630
2024-12-18 22:00:29.5508~DEBUG~-> ExtractAllFromFile(zipFileName = "C:\Users\cofc_\AppData\Local\Temp\tmpF156.tmp\rjsec566.ZIP", decompressedFolder = "C:\Users\cofc_\AppData\Local\Temp\tmpF34B.tmp", message = "rjsec566")~~RJStevensMusicPresentationCreator.Program~0000002631
2024-12-18 22:00:29.8668~DEBUG~extract completed~~RJStevensMusicPresentationCreator.Program~0000002632
2024-12-18 22:00:29.8698~DEBUG~<- ExtractAllFromFile(zipFileName = "C:\Users\cofc_\AppData\Local\Temp\tmpF156.tmp\rjsec566.ZIP", decompressedFolder = "C:\Users\cofc_\AppData\Local\Temp\tmpF34B.tmp", message = "rjsec566")~~RJStevensMusicPresentationCreator.Program~0000002633
2024-12-18 22:00:29.9498~DEBUG~-> DownloadFile(url = "https://faas-nyc1-2ef2e6cc.doserverless.co/api/v1/web/fn-dd7f8f6a-d32a-4f5e-ae7b-870dfb7963f3/downloads/bundle?id=000000000000576", filename = "C:\Users\cofc_\AppData\Local\Temp\tmpF4E3.tmp\rjsec568.ZIP", message = "rjsec568")~~RJStevensMusicPresentationCreator.Program~0000002634
2024-12-18 22:00:30.4298~DEBUG~download completed~~RJStevensMusicPresentationCreator.Program~0000002635
2024-12-18 22:00:30.4298~DEBUG~<- DownloadFile(url = "https://faas-nyc1-2ef2e6cc.doserverless.co/api/v1/web/fn-dd7f8f6a-d32a-4f5e-ae7b-870dfb7963f3/downloads/bundle?id=000000000000576", filename = "C:\Users\cofc_\AppData\Local\Temp\tmpF4E3.tmp\rjsec568.ZIP", message = "rjsec568")~~RJStevensMusicPresentationCreator.Program~0000002636
2024-12-18 22:00:30.4428~DEBUG~-> ExtractAllFromFile(zipFileName = "C:\Users\cofc_\AppData\Local\Temp\tmpF4E3.tmp\rjsec568.ZIP", decompressedFolder = "C:\Users\cofc_\AppData\Local\Temp\tmpF6C8.tmp", message = "rjsec568")~~RJStevensMusicPresentationCreator.Program~0000002637
2024-12-18 22:00:30.7278~DEBUG~extract completed~~RJStevensMusicPresentationCreator.Program~0000002638
2024-12-18 22:00:30.7308~DEBUG~<- ExtractAllFromFile(zipFileName = "C:\Users\cofc_\AppData\Local\Temp\tmpF4E3.tmp\rjsec568.ZIP", decompressedFolder = "C:\Users\cofc_\AppData\Local\Temp\tmpF6C8.tmp", message = "rjsec568")~~RJStevensMusicPresentationCreator.Program~0000002639
2024-12-18 22:00:30.8049~DEBUG~-> DownloadFile(url = "https://faas-nyc1-2ef2e6cc.doserverless.co/api/v1/web/fn-dd7f8f6a-d32a-4f5e-ae7b-870dfb7963f3/downloads/bundle?id=000000000000577", filename = "C:\Users\cofc_\AppData\Local\Temp\tmpF830.tmp\rjsec569.ZIP", message = "rjsec569")~~RJStevensMusicPresentationCreator.Program~0000002640
2024-12-18 22:00:36.4421~DEBUG~download completed~~RJStevensMusicPresentationCreator.Program~0000002641
2024-12-18 22:00:36.4421~DEBUG~<- DownloadFile(url = "https://faas-nyc1-2ef2e6cc.doserverless.co/api/v1/web/fn-dd7f8f6a-d32a-4f5e-ae7b-870dfb7963f3/downloads/bundle?id=000000000000577", filename = "C:\Users\cofc_\AppData\Local\Temp\tmpF830.tmp\rjsec569.ZIP", message = "rjsec569")~~RJStevensMusicPresentationCreator.Program~0000002642
2024-12-18 22:00:36.4621~DEBUG~-> ExtractAllFromFile(zipFileName = "C:\Users\cofc_\AppData\Local\Temp\tmpF830.tmp\rjsec569.ZIP", decompressedFolder = "C:\Users\cofc_\AppData\Local\Temp\tmpE4A.tmp", message = "rjsec569")~~RJStevensMusicPresentationCreator.Program~0000002643
2024-12-18 22:00:36.7391~DEBUG~extract completed~~RJStevensMusicPresentationCreator.Program~0000002644
2024-12-18 22:00:36.7391~DEBUG~<- ExtractAllFromFile(zipFileName = "C:\Users\cofc_\AppData\Local\Temp\tmpF830.tmp\rjsec569.ZIP", decompressedFolder = "C:\Users\cofc_\AppData\Local\Temp\tmpE4A.tmp", message = "rjsec569")~~RJStevensMusicPresentationCreator.Program~0000002645
2024-12-18 22:00:36.8141~DEBUG~-> DownloadFile(url = "https://faas-nyc1-2ef2e6cc.doserverless.co/api/v1/web/fn-dd7f8f6a-d32a-4f5e-ae7b-870dfb7963f3/downloads/bundle?id=000000000000578", filename = "C:\Users\cofc_\AppData\Local\Temp\tmpFB2.tmp\rjsec570.ZIP", message = "rjsec570")~~RJStevensMusicPresentationCreator.Program~0000002646
2024-12-18 22:00:37.3208~DEBUG~download completed~~RJStevensMusicPresentationCreator.Program~0000002647
2024-12-18 22:00:37.3208~DEBUG~<- DownloadFile(url = "https://faas-nyc1-2ef2e6cc.doserverless.co/api/v1/web/fn-dd7f8f6a-d32a-4f5e-ae7b-870dfb7963f3/downloads/bundle?id=000000000000578", filename = "C:\Users\cofc_\AppData\Local\Temp\tmpFB2.tmp\rjsec570.ZIP", message = "rjsec570")~~RJStevensMusicPresentationCreator.Program~0000002648
2024-12-18 22:00:37.3453~DEBUG~-> ExtractAllFromFile(zipFileName = "C:\Users\cofc_\AppData\Local\Temp\tmpFB2.tmp\rjsec570.ZIP", decompressedFolder = "C:\Users\cofc_\AppData\Local\Temp\tmp11C6.tmp", message = "rjsec570")~~RJStevensMusicPresentationCreator.Program~0000002649
2024-12-18 22:00:37.6224~DEBUG~extract completed~~RJStevensMusicPresentationCreator.Program~0000002650
2024-12-18 22:00:37.6224~DEBUG~<- ExtractAllFromFile(zipFileName = "C:\Users\cofc_\AppData\Local\Temp\tmpFB2.tmp\rjsec570.ZIP", decompressedFolder = "C:\Users\cofc_\AppData\Local\Temp\tmp11C6.tmp", message = "rjsec570")~~RJStevensMusicPresentationCreator.Program~0000002651
2024-12-18 22:00:37.7034~DEBUG~-> DownloadFile(url = "https://faas-nyc1-2ef2e6cc.doserverless.co/api/v1/web/fn-dd7f8f6a-d32a-4f5e-ae7b-870dfb7963f3/downloads/bundle?id=000000000000579", filename = "C:\Users\cofc_\AppData\Local\Temp\tmp132F.tmp\rjsec571.ZIP", message = "rjsec571")~~RJStevensMusicPresentationCreator.Program~0000002652
2024-12-18 22:00:38.1474~DEBUG~download completed~~RJStevensMusicPresentationCreator.Program~0000002653
2024-12-18 22:00:38.1474~DEBUG~<- DownloadFile(url = "https://faas-nyc1-2ef2e6cc.doserverless.co/api/v1/web/fn-dd7f8f6a-d32a-4f5e-ae7b-870dfb7963f3/downloads/bundle?id=000000000000579", filename = "C:\Users\cofc_\AppData\Local\Temp\tmp132F.tmp\rjsec571.ZIP", message = "rjsec571")~~RJStevensMusicPresentationCreator.Program~0000002654
2024-12-18 22:00:38.1654~DEBUG~-> ExtractAllFromFile(zipFileName = "C:\Users\cofc_\AppData\Local\Temp\tmp132F.tmp\rjsec571.ZIP", decompressedFolder = "C:\Users\cofc_\AppData\Local\Temp\tmp14F5.tmp", message = "rjsec571")~~RJStevensMusicPresentationCreator.Program~0000002655
2024-12-18 22:00:38.3912~DEBUG~extract completed~~RJStevensMusicPresentationCreator.Program~0000002656
2024-12-18 22:00:38.3912~DEBUG~<- ExtractAllFromFile(zipFileName = "C:\Users\cofc_\AppData\Local\Temp\tmp132F.tmp\rjsec571.ZIP", decompressedFolder = "C:\Users\cofc_\AppData\Local\Temp\tmp14F5.tmp", message = "rjsec571")~~RJStevensMusicPresentationCreator.Program~0000002657
2024-12-18 22:00:38.4632~DEBUG~-> DownloadFile(url = "https://faas-nyc1-2ef2e6cc.doserverless.co/api/v1/web/fn-dd7f8f6a-d32a-4f5e-ae7b-870dfb7963f3/downloads/bundle?id=000000000000581", filename = "C:\Users\cofc_\AppData\Local\Temp\tmp161F.tmp\rjsec573.ZIP", message = "rjsec573")~~RJStevensMusicPresentationCreator.Program~0000002658
2024-12-18 22:00:38.9922~DEBUG~download completed~~RJStevensMusicPresentationCreator.Program~0000002659
2024-12-18 22:00:38.9922~DEBUG~<- DownloadFile(url = "https://faas-nyc1-2ef2e6cc.doserverless.co/api/v1/web/fn-dd7f8f6a-d32a-4f5e-ae7b-870dfb7963f3/downloads/bundle?id=000000000000581", filename = "C:\Users\cofc_\AppData\Local\Temp\tmp161F.tmp\rjsec573.ZIP", message = "rjsec573")~~RJStevensMusicPresentationCreator.Program~0000002660
2024-12-18 22:00:39.0152~DEBUG~-> ExtractAllFromFile(zipFileName = "C:\Users\cofc_\AppData\Local\Temp\tmp161F.tmp\rjsec573.ZIP", decompressedFolder = "C:\Users\cofc_\AppData\Local\Temp\tmp1852.tmp", message = "rjsec573")~~RJStevensMusicPresentationCreator.Program~0000002661
2024-12-18 22:00:39.2883~DEBUG~extract completed~~RJStevensMusicPresentationCreator.Program~0000002662
2024-12-18 22:00:39.2913~DEBUG~<- ExtractAllFromFile(zipFileName = "C:\Users\cofc_\AppData\Local\Temp\tmp161F.tmp\rjsec573.ZIP", decompressedFolder = "C:\Users\cofc_\AppData\Local\Temp\tmp1852.tmp", message = "rjsec573")~~RJStevensMusicPresentationCreator.Program~0000002663
2024-12-18 22:00:39.3613~DEBUG~-> DownloadFile(url = "https://faas-nyc1-2ef2e6cc.doserverless.co/api/v1/web/fn-dd7f8f6a-d32a-4f5e-ae7b-870dfb7963f3/downloads/bundle?id=000000000000582", filename = "C:\Users\cofc_\AppData\Local\Temp\tmp19AB.tmp\rjsec574.ZIP", message = "rjsec574")~~RJStevensMusicPresentationCreator.Program~0000002664
2024-12-18 22:00:39.8783~DEBUG~download completed~~RJStevensMusicPresentationCreator.Program~0000002665
2024-12-18 22:00:39.8783~DEBUG~<- DownloadFile(url = "https://faas-nyc1-2ef2e6cc.doserverless.co/api/v1/web/fn-dd7f8f6a-d32a-4f5e-ae7b-870dfb7963f3/downloads/bundle?id=000000000000582", filename = "C:\Users\cofc_\AppData\Local\Temp\tmp19AB.tmp\rjsec574.ZIP", message = "rjsec574")~~RJStevensMusicPresentationCreator.Program~0000002666
2024-12-18 22:00:39.8983~DEBUG~-> ExtractAllFromFile(zipFileName = "C:\Users\cofc_\AppData\Local\Temp\tmp19AB.tmp\rjsec574.ZIP", decompressedFolder = "C:\Users\cofc_\AppData\Local\Temp\tmp1BBF.tmp", message = "rjsec574")~~RJStevensMusicPresentationCreator.Program~0000002667
2024-12-18 22:00:40.1580~DEBUG~extract completed~~RJStevensMusicPresentationCreator.Program~0000002668
2024-12-18 22:00:40.1580~DEBUG~<- ExtractAllFromFile(zipFileName = "C:\Users\cofc_\AppData\Local\Temp\tmp19AB.tmp\rjsec574.ZIP", decompressedFolder = "C:\Users\cofc_\AppData\Local\Temp\tmp1BBF.tmp", message = "rjsec574")~~RJStevensMusicPresentationCreator.Program~0000002669
2024-12-18 22:00:40.2340~DEBUG~-> DownloadFile(url = "https://faas-nyc1-2ef2e6cc.doserverless.co/api/v1/web/fn-dd7f8f6a-d32a-4f5e-ae7b-870dfb7963f3/downloads/bundle?id=000000000000584", filename = "C:\Users\cofc_\AppData\Local\Temp\tmp1D18.tmp\rjsec576.ZIP", message = "rjsec576")~~RJStevensMusicPresentationCreator.Program~0000002670
2024-12-18 22:00:40.7245~DEBUG~download completed~~RJStevensMusicPresentationCreator.Program~0000002671
2024-12-18 22:00:40.7245~DEBUG~<- DownloadFile(url = "https://faas-nyc1-2ef2e6cc.doserverless.co/api/v1/web/fn-dd7f8f6a-d32a-4f5e-ae7b-870dfb7963f3/downloads/bundle?id=000000000000584", filename = "C:\Users\cofc_\AppData\Local\Temp\tmp1D18.tmp\rjsec576.ZIP", message = "rjsec576")~~RJStevensMusicPresentationCreator.Program~0000002672
2024-12-18 22:00:40.7455~DEBUG~-> ExtractAllFromFile(zipFileName = "C:\Users\cofc_\AppData\Local\Temp\tmp1D18.tmp\rjsec576.ZIP", decompressedFolder = "C:\Users\cofc_\AppData\Local\Temp\tmp1F1E.tmp", message = "rjsec576")~~RJStevensMusicPresentationCreator.Program~0000002673
2024-12-18 22:00:41.0615~DEBUG~extract completed~~RJStevensMusicPresentationCreator.Program~0000002674
2024-12-18 22:00:41.0615~DEBUG~<- ExtractAllFromFile(zipFileName = "C:\Users\cofc_\AppData\Local\Temp\tmp1D18.tmp\rjsec576.ZIP", decompressedFolder = "C:\Users\cofc_\AppData\Local\Temp\tmp1F1E.tmp", message = "rjsec576")~~RJStevensMusicPresentationCreator.Program~0000002675
2024-12-18 22:00:41.1545~DEBUG~-> DownloadFile(url = "https://faas-nyc1-2ef2e6cc.doserverless.co/api/v1/web/fn-dd7f8f6a-d32a-4f5e-ae7b-870dfb7963f3/downloads/bundle?id=000000000000585", filename = "C:\Users\cofc_\AppData\Local\Temp\tmp20B4.tmp\rjsec577.ZIP", message = "rjsec577")~~RJStevensMusicPresentationCreator.Program~0000002676
2024-12-18 22:00:41.6636~DEBUG~download completed~~RJStevensMusicPresentationCreator.Program~0000002677
2024-12-18 22:00:41.6636~DEBUG~<- DownloadFile(url = "https://faas-nyc1-2ef2e6cc.doserverless.co/api/v1/web/fn-dd7f8f6a-d32a-4f5e-ae7b-870dfb7963f3/downloads/bundle?id=000000000000585", filename = "C:\Users\cofc_\AppData\Local\Temp\tmp20B4.tmp\rjsec577.ZIP", message = "rjsec577")~~RJStevensMusicPresentationCreator.Program~0000002678
2024-12-18 22:00:41.6806~DEBUG~-> ExtractAllFromFile(zipFileName = "C:\Users\cofc_\AppData\Local\Temp\tmp20B4.tmp\rjsec577.ZIP", decompressedFolder = "C:\Users\cofc_\AppData\Local\Temp\tmp22B8.tmp", message = "rjsec577")~~RJStevensMusicPresentationCreator.Program~0000002679
2024-12-18 22:00:41.9136~DEBUG~extract completed~~RJStevensMusicPresentationCreator.Program~0000002680
2024-12-18 22:00:41.9166~DEBUG~<- ExtractAllFromFile(zipFileName = "C:\Users\cofc_\AppData\Local\Temp\tmp20B4.tmp\rjsec577.ZIP", decompressedFolder = "C:\Users\cofc_\AppData\Local\Temp\tmp22B8.tmp", message = "rjsec577")~~RJStevensMusicPresentationCreator.Program~0000002681
2024-12-18 22:00:41.9826~DEBUG~-> DownloadFile(url = "https://faas-nyc1-2ef2e6cc.doserverless.co/api/v1/web/fn-dd7f8f6a-d32a-4f5e-ae7b-870dfb7963f3/downloads/bundle?id=000000000000586", filename = "C:\Users\cofc_\AppData\Local\Temp\tmp23F2.tmp\rjsec578.ZIP", message = "rjsec578")~~RJStevensMusicPresentationCreator.Program~0000002682
2024-12-18 22:00:42.5056~DEBUG~download completed~~RJStevensMusicPresentationCreator.Program~0000002683
2024-12-18 22:00:42.5056~DEBUG~<- DownloadFile(url = "https://faas-nyc1-2ef2e6cc.doserverless.co/api/v1/web/fn-dd7f8f6a-d32a-4f5e-ae7b-870dfb7963f3/downloads/bundle?id=000000000000586", filename = "C:\Users\cofc_\AppData\Local\Temp\tmp23F2.tmp\rjsec578.ZIP", message = "rjsec578")~~RJStevensMusicPresentationCreator.Program~0000002684
2024-12-18 22:00:42.5246~DEBUG~-> ExtractAllFromFile(zipFileName = "C:\Users\cofc_\AppData\Local\Temp\tmp23F2.tmp\rjsec578.ZIP", decompressedFolder = "C:\Users\cofc_\AppData\Local\Temp\tmp2606.tmp", message = "rjsec578")~~RJStevensMusicPresentationCreator.Program~0000002685
2024-12-18 22:00:42.8741~DEBUG~extract completed~~RJStevensMusicPresentationCreator.Program~0000002686
2024-12-18 22:00:42.8741~DEBUG~<- ExtractAllFromFile(zipFileName = "C:\Users\cofc_\AppData\Local\Temp\tmp23F2.tmp\rjsec578.ZIP", decompressedFolder = "C:\Users\cofc_\AppData\Local\Temp\tmp2606.tmp", message = "rjsec578")~~RJStevensMusicPresentationCreator.Program~0000002687
2024-12-18 22:00:42.9601~DEBUG~-> DownloadFile(url = "https://faas-nyc1-2ef2e6cc.doserverless.co/api/v1/web/fn-dd7f8f6a-d32a-4f5e-ae7b-870dfb7963f3/downloads/bundle?id=000000000000587", filename = "C:\Users\cofc_\AppData\Local\Temp\tmp27BD.tmp\rjsec578.16.ZIP", message = "rjsec578.16")~~RJStevensMusicPresentationCreator.Program~0000002688
2024-12-18 22:00:43.4671~DEBUG~download completed~~RJStevensMusicPresentationCreator.Program~0000002689
2024-12-18 22:00:43.4671~DEBUG~<- DownloadFile(url = "https://faas-nyc1-2ef2e6cc.doserverless.co/api/v1/web/fn-dd7f8f6a-d32a-4f5e-ae7b-870dfb7963f3/downloads/bundle?id=000000000000587", filename = "C:\Users\cofc_\AppData\Local\Temp\tmp27BD.tmp\rjsec578.16.ZIP", message = "rjsec578.16")~~RJStevensMusicPresentationCreator.Program~0000002690
2024-12-18 22:00:43.4831~DEBUG~-> ExtractAllFromFile(zipFileName = "C:\Users\cofc_\AppData\Local\Temp\tmp27BD.tmp\rjsec578.16.ZIP", decompressedFolder = "C:\Users\cofc_\AppData\Local\Temp\tmp29D1.tmp", message = "rjsec578.16")~~RJStevensMusicPresentationCreator.Program~0000002691
2024-12-18 22:00:43.8135~DEBUG~extract completed~~RJStevensMusicPresentationCreator.Program~0000002692
2024-12-18 22:00:43.8135~DEBUG~<- ExtractAllFromFile(zipFileName = "C:\Users\cofc_\AppData\Local\Temp\tmp27BD.tmp\rjsec578.16.ZIP", decompressedFolder = "C:\Users\cofc_\AppData\Local\Temp\tmp29D1.tmp", message = "rjsec578.16")~~RJStevensMusicPresentationCreator.Program~0000002693
2024-12-18 22:00:43.8996~DEBUG~-> DownloadFile(url = "https://faas-nyc1-2ef2e6cc.doserverless.co/api/v1/web/fn-dd7f8f6a-d32a-4f5e-ae7b-870dfb7963f3/downloads/bundle?id=000000000000588", filename = "C:\Users\cofc_\AppData\Local\Temp\tmp2B68.tmp\rjsec579.ZIP", message = "rjsec579")~~RJStevensMusicPresentationCreator.Program~0000002694
2024-12-18 22:00:44.3426~DEBUG~download completed~~RJStevensMusicPresentationCreator.Program~0000002695
2024-12-18 22:00:44.3426~DEBUG~<- DownloadFile(url = "https://faas-nyc1-2ef2e6cc.doserverless.co/api/v1/web/fn-dd7f8f6a-d32a-4f5e-ae7b-870dfb7963f3/downloads/bundle?id=000000000000588", filename = "C:\Users\cofc_\AppData\Local\Temp\tmp2B68.tmp\rjsec579.ZIP", message = "rjsec579")~~RJStevensMusicPresentationCreator.Program~0000002696
2024-12-18 22:00:44.3596~DEBUG~-> ExtractAllFromFile(zipFileName = "C:\Users\cofc_\AppData\Local\Temp\tmp2B68.tmp\rjsec579.ZIP", decompressedFolder = "C:\Users\cofc_\AppData\Local\Temp\tmp2D3E.tmp", message = "rjsec579")~~RJStevensMusicPresentationCreator.Program~0000002697
2024-12-18 22:00:44.6106~DEBUG~extract completed~~RJStevensMusicPresentationCreator.Program~0000002698
2024-12-18 22:00:44.6106~DEBUG~<- ExtractAllFromFile(zipFileName = "C:\Users\cofc_\AppData\Local\Temp\tmp2B68.tmp\rjsec579.ZIP", decompressedFolder = "C:\Users\cofc_\AppData\Local\Temp\tmp2D3E.tmp", message = "rjsec579")~~RJStevensMusicPresentationCreator.Program~0000002699
2024-12-18 22:00:44.6776~DEBUG~-> DownloadFile(url = "https://faas-nyc1-2ef2e6cc.doserverless.co/api/v1/web/fn-dd7f8f6a-d32a-4f5e-ae7b-870dfb7963f3/downloads/bundle?id=000000000000590", filename = "C:\Users\cofc_\AppData\Local\Temp\tmp2E77.tmp\rjsec581.ZIP", message = "rjsec581")~~RJStevensMusicPresentationCreator.Program~0000002700
2024-12-18 22:00:45.0966~DEBUG~download completed~~RJStevensMusicPresentationCreator.Program~0000002701
2024-12-18 22:00:45.0966~DEBUG~<- DownloadFile(url = "https://faas-nyc1-2ef2e6cc.doserverless.co/api/v1/web/fn-dd7f8f6a-d32a-4f5e-ae7b-870dfb7963f3/downloads/bundle?id=000000000000590", filename = "C:\Users\cofc_\AppData\Local\Temp\tmp2E77.tmp\rjsec581.ZIP", message = "rjsec581")~~RJStevensMusicPresentationCreator.Program~0000002702
2024-12-18 22:00:45.1126~DEBUG~-> ExtractAllFromFile(zipFileName = "C:\Users\cofc_\AppData\Local\Temp\tmp2E77.tmp\rjsec581.ZIP", decompressedFolder = "C:\Users\cofc_\AppData\Local\Temp\tmp302E.tmp", message = "rjsec581")~~RJStevensMusicPresentationCreator.Program~0000002703
2024-12-18 22:00:45.2820~DEBUG~extract completed~~RJStevensMusicPresentationCreator.Program~0000002704
2024-12-18 22:00:45.2820~DEBUG~<- ExtractAllFromFile(zipFileName = "C:\Users\cofc_\AppData\Local\Temp\tmp2E77.tmp\rjsec581.ZIP", decompressedFolder = "C:\Users\cofc_\AppData\Local\Temp\tmp302E.tmp", message = "rjsec581")~~RJStevensMusicPresentationCreator.Program~0000002705
2024-12-18 22:00:45.3450~DEBUG~-> DownloadFile(url = "https://faas-nyc1-2ef2e6cc.doserverless.co/api/v1/web/fn-dd7f8f6a-d32a-4f5e-ae7b-870dfb7963f3/downloads/bundle?id=000000000000591", filename = "C:\Users\cofc_\AppData\Local\Temp\tmp3119.tmp\rjsec582.ZIP", message = "rjsec582")~~RJStevensMusicPresentationCreator.Program~0000002706
2024-12-18 22:00:47.3518~DEBUG~download completed~~RJStevensMusicPresentationCreator.Program~0000002707
2024-12-18 22:00:47.3518~DEBUG~<- DownloadFile(url = "https://faas-nyc1-2ef2e6cc.doserverless.co/api/v1/web/fn-dd7f8f6a-d32a-4f5e-ae7b-870dfb7963f3/downloads/bundle?id=000000000000591", filename = "C:\Users\cofc_\AppData\Local\Temp\tmp3119.tmp\rjsec582.ZIP", message = "rjsec582")~~RJStevensMusicPresentationCreator.Program~0000002708
2024-12-18 22:00:47.3768~DEBUG~-> ExtractAllFromFile(zipFileName = "C:\Users\cofc_\AppData\Local\Temp\tmp3119.tmp\rjsec582.ZIP", decompressedFolder = "C:\Users\cofc_\AppData\Local\Temp\tmp3909.tmp", message = "rjsec582")~~RJStevensMusicPresentationCreator.Program~0000002709
2024-12-18 22:00:47.6586~DEBUG~extract completed~~RJStevensMusicPresentationCreator.Program~0000002710
2024-12-18 22:00:47.6586~DEBUG~<- ExtractAllFromFile(zipFileName = "C:\Users\cofc_\AppData\Local\Temp\tmp3119.tmp\rjsec582.ZIP", decompressedFolder = "C:\Users\cofc_\AppData\Local\Temp\tmp3909.tmp", message = "rjsec582")~~RJStevensMusicPresentationCreator.Program~0000002711
2024-12-18 22:00:47.7407~DEBUG~-> DownloadFile(url = "https://faas-nyc1-2ef2e6cc.doserverless.co/api/v1/web/fn-dd7f8f6a-d32a-4f5e-ae7b-870dfb7963f3/downloads/bundle?id=000000000000592", filename = "C:\Users\cofc_\AppData\Local\Temp\tmp3A72.tmp\rjsec583.ZIP", message = "rjsec583")~~RJStevensMusicPresentationCreator.Program~0000002712
2024-12-18 22:00:48.2417~DEBUG~download completed~~RJStevensMusicPresentationCreator.Program~0000002713
2024-12-18 22:00:48.2417~DEBUG~<- DownloadFile(url = "https://faas-nyc1-2ef2e6cc.doserverless.co/api/v1/web/fn-dd7f8f6a-d32a-4f5e-ae7b-870dfb7963f3/downloads/bundle?id=000000000000592", filename = "C:\Users\cofc_\AppData\Local\Temp\tmp3A72.tmp\rjsec583.ZIP", message = "rjsec583")~~RJStevensMusicPresentationCreator.Program~0000002714
2024-12-18 22:00:48.2597~DEBUG~-> ExtractAllFromFile(zipFileName = "C:\Users\cofc_\AppData\Local\Temp\tmp3A72.tmp\rjsec583.ZIP", decompressedFolder = "C:\Users\cofc_\AppData\Local\Temp\tmp3C76.tmp", message = "rjsec583")~~RJStevensMusicPresentationCreator.Program~0000002715
2024-12-18 22:00:48.5359~DEBUG~extract completed~~RJStevensMusicPresentationCreator.Program~0000002716
2024-12-18 22:00:48.5359~DEBUG~<- ExtractAllFromFile(zipFileName = "C:\Users\cofc_\AppData\Local\Temp\tmp3A72.tmp\rjsec583.ZIP", decompressedFolder = "C:\Users\cofc_\AppData\Local\Temp\tmp3C76.tmp", message = "rjsec583")~~RJStevensMusicPresentationCreator.Program~0000002717
2024-12-18 22:00:48.6099~DEBUG~-> DownloadFile(url = "https://faas-nyc1-2ef2e6cc.doserverless.co/api/v1/web/fn-dd7f8f6a-d32a-4f5e-ae7b-870dfb7963f3/downloads/bundle?id=000000000000594", filename = "C:\Users\cofc_\AppData\Local\Temp\tmp3DDF.tmp\rjsec585.ZIP", message = "rjsec585")~~RJStevensMusicPresentationCreator.Program~0000002718
2024-12-18 22:00:49.0299~DEBUG~download completed~~RJStevensMusicPresentationCreator.Program~0000002719
2024-12-18 22:00:49.0299~DEBUG~<- DownloadFile(url = "https://faas-nyc1-2ef2e6cc.doserverless.co/api/v1/web/fn-dd7f8f6a-d32a-4f5e-ae7b-870dfb7963f3/downloads/bundle?id=000000000000594", filename = "C:\Users\cofc_\AppData\Local\Temp\tmp3DDF.tmp\rjsec585.ZIP", message = "rjsec585")~~RJStevensMusicPresentationCreator.Program~0000002720
2024-12-18 22:00:49.0489~DEBUG~-> ExtractAllFromFile(zipFileName = "C:\Users\cofc_\AppData\Local\Temp\tmp3DDF.tmp\rjsec585.ZIP", decompressedFolder = "C:\Users\cofc_\AppData\Local\Temp\tmp3F95.tmp", message = "rjsec585")~~RJStevensMusicPresentationCreator.Program~0000002721
2024-12-18 22:00:49.2660~DEBUG~extract completed~~RJStevensMusicPresentationCreator.Program~0000002722
2024-12-18 22:00:49.2660~DEBUG~<- ExtractAllFromFile(zipFileName = "C:\Users\cofc_\AppData\Local\Temp\tmp3DDF.tmp\rjsec585.ZIP", decompressedFolder = "C:\Users\cofc_\AppData\Local\Temp\tmp3F95.tmp", message = "rjsec585")~~RJStevensMusicPresentationCreator.Program~0000002723
2024-12-18 22:00:49.3360~DEBUG~-> DownloadFile(url = "https://faas-nyc1-2ef2e6cc.doserverless.co/api/v1/web/fn-dd7f8f6a-d32a-4f5e-ae7b-870dfb7963f3/downloads/bundle?id=000000000000596", filename = "C:\Users\cofc_\AppData\Local\Temp\tmp40B0.tmp\rjsec587.ZIP", message = "rjsec587")~~RJStevensMusicPresentationCreator.Program~0000002724
2024-12-18 22:00:49.7710~DEBUG~download completed~~RJStevensMusicPresentationCreator.Program~0000002725
2024-12-18 22:00:49.7710~DEBUG~<- DownloadFile(url = "https://faas-nyc1-2ef2e6cc.doserverless.co/api/v1/web/fn-dd7f8f6a-d32a-4f5e-ae7b-870dfb7963f3/downloads/bundle?id=000000000000596", filename = "C:\Users\cofc_\AppData\Local\Temp\tmp40B0.tmp\rjsec587.ZIP", message = "rjsec587")~~RJStevensMusicPresentationCreator.Program~0000002726
2024-12-18 22:00:49.7848~DEBUG~-> ExtractAllFromFile(zipFileName = "C:\Users\cofc_\AppData\Local\Temp\tmp40B0.tmp\rjsec587.ZIP", decompressedFolder = "C:\Users\cofc_\AppData\Local\Temp\tmp4276.tmp", message = "rjsec587")~~RJStevensMusicPresentationCreator.Program~0000002727
2024-12-18 22:00:49.9088~DEBUG~extract completed~~RJStevensMusicPresentationCreator.Program~0000002728
2024-12-18 22:00:49.9088~DEBUG~<- ExtractAllFromFile(zipFileName = "C:\Users\cofc_\AppData\Local\Temp\tmp40B0.tmp\rjsec587.ZIP", decompressedFolder = "C:\Users\cofc_\AppData\Local\Temp\tmp4276.tmp", message = "rjsec587")~~RJStevensMusicPresentationCreator.Program~0000002729
2024-12-18 22:00:49.9628~DEBUG~-> DownloadFile(url = "https://faas-nyc1-2ef2e6cc.doserverless.co/api/v1/web/fn-dd7f8f6a-d32a-4f5e-ae7b-870dfb7963f3/downloads/bundle?id=000000000000597", filename = "C:\Users\cofc_\AppData\Local\Temp\tmp4323.tmp\rjsec588.ZIP", message = "rjsec588")~~RJStevensMusicPresentationCreator.Program~0000002730
2024-12-18 22:00:50.4018~DEBUG~download completed~~RJStevensMusicPresentationCreator.Program~0000002731
2024-12-18 22:00:50.4018~DEBUG~<- DownloadFile(url = "https://faas-nyc1-2ef2e6cc.doserverless.co/api/v1/web/fn-dd7f8f6a-d32a-4f5e-ae7b-870dfb7963f3/downloads/bundle?id=000000000000597", filename = "C:\Users\cofc_\AppData\Local\Temp\tmp4323.tmp\rjsec588.ZIP", message = "rjsec588")~~RJStevensMusicPresentationCreator.Program~0000002732
2024-12-18 22:00:50.4178~DEBUG~-> ExtractAllFromFile(zipFileName = "C:\Users\cofc_\AppData\Local\Temp\tmp4323.tmp\rjsec588.ZIP", decompressedFolder = "C:\Users\cofc_\AppData\Local\Temp\tmp44F8.tmp", message = "rjsec588")~~RJStevensMusicPresentationCreator.Program~0000002733
2024-12-18 22:00:50.7138~DEBUG~extract completed~~RJStevensMusicPresentationCreator.Program~0000002734
2024-12-18 22:00:50.7138~DEBUG~<- ExtractAllFromFile(zipFileName = "C:\Users\cofc_\AppData\Local\Temp\tmp4323.tmp\rjsec588.ZIP", decompressedFolder = "C:\Users\cofc_\AppData\Local\Temp\tmp44F8.tmp", message = "rjsec588")~~RJStevensMusicPresentationCreator.Program~0000002735
2024-12-18 22:00:50.7938~DEBUG~-> DownloadFile(url = "https://faas-nyc1-2ef2e6cc.doserverless.co/api/v1/web/fn-dd7f8f6a-d32a-4f5e-ae7b-870dfb7963f3/downloads/bundle?id=000000000000602", filename = "C:\Users\cofc_\AppData\Local\Temp\tmp4670.tmp\rjsec593.ZIP", message = "rjsec593")~~RJStevensMusicPresentationCreator.Program~0000002736
2024-12-18 22:00:51.2299~DEBUG~download completed~~RJStevensMusicPresentationCreator.Program~0000002737
2024-12-18 22:00:51.2299~DEBUG~<- DownloadFile(url = "https://faas-nyc1-2ef2e6cc.doserverless.co/api/v1/web/fn-dd7f8f6a-d32a-4f5e-ae7b-870dfb7963f3/downloads/bundle?id=000000000000602", filename = "C:\Users\cofc_\AppData\Local\Temp\tmp4670.tmp\rjsec593.ZIP", message = "rjsec593")~~RJStevensMusicPresentationCreator.Program~0000002738
2024-12-18 22:00:51.2449~DEBUG~-> ExtractAllFromFile(zipFileName = "C:\Users\cofc_\AppData\Local\Temp\tmp4670.tmp\rjsec593.ZIP", decompressedFolder = "C:\Users\cofc_\AppData\Local\Temp\tmp4836.tmp", message = "rjsec593")~~RJStevensMusicPresentationCreator.Program~0000002739
2024-12-18 22:00:51.4699~DEBUG~extract completed~~RJStevensMusicPresentationCreator.Program~0000002740
2024-12-18 22:00:51.4699~DEBUG~<- ExtractAllFromFile(zipFileName = "C:\Users\cofc_\AppData\Local\Temp\tmp4670.tmp\rjsec593.ZIP", decompressedFolder = "C:\Users\cofc_\AppData\Local\Temp\tmp4836.tmp", message = "rjsec593")~~RJStevensMusicPresentationCreator.Program~0000002741
2024-12-18 22:00:51.5409~DEBUG~-> DownloadFile(url = "https://faas-nyc1-2ef2e6cc.doserverless.co/api/v1/web/fn-dd7f8f6a-d32a-4f5e-ae7b-870dfb7963f3/downloads/bundle?id=000000000000603", filename = "C:\Users\cofc_\AppData\Local\Temp\tmp4951.tmp\rjsec594.ZIP", message = "rjsec594")~~RJStevensMusicPresentationCreator.Program~0000002742
2024-12-18 22:00:52.3490~DEBUG~download completed~~RJStevensMusicPresentationCreator.Program~0000002743
2024-12-18 22:00:52.3490~DEBUG~<- DownloadFile(url = "https://faas-nyc1-2ef2e6cc.doserverless.co/api/v1/web/fn-dd7f8f6a-d32a-4f5e-ae7b-870dfb7963f3/downloads/bundle?id=000000000000603", filename = "C:\Users\cofc_\AppData\Local\Temp\tmp4951.tmp\rjsec594.ZIP", message = "rjsec594")~~RJStevensMusicPresentationCreator.Program~0000002744
2024-12-18 22:00:52.3690~DEBUG~-> ExtractAllFromFile(zipFileName = "C:\Users\cofc_\AppData\Local\Temp\tmp4951.tmp\rjsec594.ZIP", decompressedFolder = "C:\Users\cofc_\AppData\Local\Temp\tmp4C8E.tmp", message = "rjsec594")~~RJStevensMusicPresentationCreator.Program~0000002745
2024-12-18 22:00:52.6956~DEBUG~extract completed~~RJStevensMusicPresentationCreator.Program~0000002746
2024-12-18 22:00:52.6976~DEBUG~<- ExtractAllFromFile(zipFileName = "C:\Users\cofc_\AppData\Local\Temp\tmp4951.tmp\rjsec594.ZIP", decompressedFolder = "C:\Users\cofc_\AppData\Local\Temp\tmp4C8E.tmp", message = "rjsec594")~~RJStevensMusicPresentationCreator.Program~0000002747
2024-12-18 22:00:52.7796~DEBUG~-> DownloadFile(url = "https://faas-nyc1-2ef2e6cc.doserverless.co/api/v1/web/fn-dd7f8f6a-d32a-4f5e-ae7b-870dfb7963f3/downloads/bundle?id=000000000000604", filename = "C:\Users\cofc_\AppData\Local\Temp\tmp4E35.tmp\rjsec595.ZIP", message = "rjsec595")~~RJStevensMusicPresentationCreator.Program~0000002748
2024-12-18 22:00:53.2603~DEBUG~download completed~~RJStevensMusicPresentationCreator.Program~0000002749
2024-12-18 22:00:53.2603~DEBUG~<- DownloadFile(url = "https://faas-nyc1-2ef2e6cc.doserverless.co/api/v1/web/fn-dd7f8f6a-d32a-4f5e-ae7b-870dfb7963f3/downloads/bundle?id=000000000000604", filename = "C:\Users\cofc_\AppData\Local\Temp\tmp4E35.tmp\rjsec595.ZIP", message = "rjsec595")~~RJStevensMusicPresentationCreator.Program~0000002750
2024-12-18 22:00:53.2753~DEBUG~-> ExtractAllFromFile(zipFileName = "C:\Users\cofc_\AppData\Local\Temp\tmp4E35.tmp\rjsec595.ZIP", decompressedFolder = "C:\Users\cofc_\AppData\Local\Temp\tmp502A.tmp", message = "rjsec595")~~RJStevensMusicPresentationCreator.Program~0000002751
2024-12-18 22:00:53.5083~DEBUG~extract completed~~RJStevensMusicPresentationCreator.Program~0000002752
2024-12-18 22:00:53.5113~DEBUG~<- ExtractAllFromFile(zipFileName = "C:\Users\cofc_\AppData\Local\Temp\tmp4E35.tmp\rjsec595.ZIP", decompressedFolder = "C:\Users\cofc_\AppData\Local\Temp\tmp502A.tmp", message = "rjsec595")~~RJStevensMusicPresentationCreator.Program~0000002753
2024-12-18 22:00:53.5804~DEBUG~-> DownloadFile(url = "https://faas-nyc1-2ef2e6cc.doserverless.co/api/v1/web/fn-dd7f8f6a-d32a-4f5e-ae7b-870dfb7963f3/downloads/bundle?id=000000000000606", filename = "C:\Users\cofc_\AppData\Local\Temp\tmp5154.tmp\rjsec597.ZIP", message = "rjsec597")~~RJStevensMusicPresentationCreator.Program~0000002754
2024-12-18 22:00:54.0110~DEBUG~download completed~~RJStevensMusicPresentationCreator.Program~0000002755
2024-12-18 22:00:54.0110~DEBUG~<- DownloadFile(url = "https://faas-nyc1-2ef2e6cc.doserverless.co/api/v1/web/fn-dd7f8f6a-d32a-4f5e-ae7b-870dfb7963f3/downloads/bundle?id=000000000000606", filename = "C:\Users\cofc_\AppData\Local\Temp\tmp5154.tmp\rjsec597.ZIP", message = "rjsec597")~~RJStevensMusicPresentationCreator.Program~0000002756
2024-12-18 22:00:54.0110~DEBUG~-> ExtractAllFromFile(zipFileName = "C:\Users\cofc_\AppData\Local\Temp\tmp5154.tmp\rjsec597.ZIP", decompressedFolder = "C:\Users\cofc_\AppData\Local\Temp\tmp530A.tmp", message = "rjsec597")~~RJStevensMusicPresentationCreator.Program~0000002757
2024-12-18 22:00:54.2260~DEBUG~extract completed~~RJStevensMusicPresentationCreator.Program~0000002758
2024-12-18 22:00:54.2290~DEBUG~<- ExtractAllFromFile(zipFileName = "C:\Users\cofc_\AppData\Local\Temp\tmp5154.tmp\rjsec597.ZIP", decompressedFolder = "C:\Users\cofc_\AppData\Local\Temp\tmp530A.tmp", message = "rjsec597")~~RJStevensMusicPresentationCreator.Program~0000002759
2024-12-18 22:00:54.2910~DEBUG~-> DownloadFile(url = "https://faas-nyc1-2ef2e6cc.doserverless.co/api/v1/web/fn-dd7f8f6a-d32a-4f5e-ae7b-870dfb7963f3/downloads/bundle?id=000000000000607", filename = "C:\Users\cofc_\AppData\Local\Temp\tmp5415.tmp\rjsec598.ZIP", message = "rjsec598")~~RJStevensMusicPresentationCreator.Program~0000002760
2024-12-18 22:00:54.7831~DEBUG~download completed~~RJStevensMusicPresentationCreator.Program~0000002761
2024-12-18 22:00:54.7831~DEBUG~<- DownloadFile(url = "https://faas-nyc1-2ef2e6cc.doserverless.co/api/v1/web/fn-dd7f8f6a-d32a-4f5e-ae7b-870dfb7963f3/downloads/bundle?id=000000000000607", filename = "C:\Users\cofc_\AppData\Local\Temp\tmp5415.tmp\rjsec598.ZIP", message = "rjsec598")~~RJStevensMusicPresentationCreator.Program~0000002762
2024-12-18 22:00:54.7981~DEBUG~-> ExtractAllFromFile(zipFileName = "C:\Users\cofc_\AppData\Local\Temp\tmp5415.tmp\rjsec598.ZIP", decompressedFolder = "C:\Users\cofc_\AppData\Local\Temp\tmp5619.tmp", message = "rjsec598")~~RJStevensMusicPresentationCreator.Program~0000002763
2024-12-18 22:00:55.0782~DEBUG~extract completed~~RJStevensMusicPresentationCreator.Program~0000002764
2024-12-18 22:00:55.0782~DEBUG~<- ExtractAllFromFile(zipFileName = "C:\Users\cofc_\AppData\Local\Temp\tmp5415.tmp\rjsec598.ZIP", decompressedFolder = "C:\Users\cofc_\AppData\Local\Temp\tmp5619.tmp", message = "rjsec598")~~RJStevensMusicPresentationCreator.Program~0000002765
2024-12-18 22:00:55.1622~DEBUG~-> DownloadFile(url = "https://faas-nyc1-2ef2e6cc.doserverless.co/api/v1/web/fn-dd7f8f6a-d32a-4f5e-ae7b-870dfb7963f3/downloads/bundle?id=000000000000610", filename = "C:\Users\cofc_\AppData\Local\Temp\tmp5782.tmp\rjsec601.ZIP", message = "rjsec601")~~RJStevensMusicPresentationCreator.Program~0000002766
2024-12-18 22:00:55.6113~DEBUG~download completed~~RJStevensMusicPresentationCreator.Program~0000002767
2024-12-18 22:00:55.6113~DEBUG~<- DownloadFile(url = "https://faas-nyc1-2ef2e6cc.doserverless.co/api/v1/web/fn-dd7f8f6a-d32a-4f5e-ae7b-870dfb7963f3/downloads/bundle?id=000000000000610", filename = "C:\Users\cofc_\AppData\Local\Temp\tmp5782.tmp\rjsec601.ZIP", message = "rjsec601")~~RJStevensMusicPresentationCreator.Program~0000002768
2024-12-18 22:00:55.6273~DEBUG~-> ExtractAllFromFile(zipFileName = "C:\Users\cofc_\AppData\Local\Temp\tmp5782.tmp\rjsec601.ZIP", decompressedFolder = "C:\Users\cofc_\AppData\Local\Temp\tmp5957.tmp", message = "rjsec601")~~RJStevensMusicPresentationCreator.Program~0000002769
2024-12-18 22:00:55.8473~DEBUG~extract completed~~RJStevensMusicPresentationCreator.Program~0000002770
2024-12-18 22:00:55.8473~DEBUG~<- ExtractAllFromFile(zipFileName = "C:\Users\cofc_\AppData\Local\Temp\tmp5782.tmp\rjsec601.ZIP", decompressedFolder = "C:\Users\cofc_\AppData\Local\Temp\tmp5957.tmp", message = "rjsec601")~~RJStevensMusicPresentationCreator.Program~0000002771
2024-12-18 22:00:55.9173~DEBUG~-> DownloadFile(url = "https://faas-nyc1-2ef2e6cc.doserverless.co/api/v1/web/fn-dd7f8f6a-d32a-4f5e-ae7b-870dfb7963f3/downloads/bundle?id=000000000000616", filename = "C:\Users\cofc_\AppData\Local\Temp\tmp5A81.tmp\rjsec607.ZIP", message = "rjsec607")~~RJStevensMusicPresentationCreator.Program~0000002772
2024-12-18 22:00:56.3553~DEBUG~download completed~~RJStevensMusicPresentationCreator.Program~0000002773
2024-12-18 22:00:56.3553~DEBUG~<- DownloadFile(url = "https://faas-nyc1-2ef2e6cc.doserverless.co/api/v1/web/fn-dd7f8f6a-d32a-4f5e-ae7b-870dfb7963f3/downloads/bundle?id=000000000000616", filename = "C:\Users\cofc_\AppData\Local\Temp\tmp5A81.tmp\rjsec607.ZIP", message = "rjsec607")~~RJStevensMusicPresentationCreator.Program~0000002774
2024-12-18 22:00:56.3703~DEBUG~-> ExtractAllFromFile(zipFileName = "C:\Users\cofc_\AppData\Local\Temp\tmp5A81.tmp\rjsec607.ZIP", decompressedFolder = "C:\Users\cofc_\AppData\Local\Temp\tmp5C47.tmp", message = "rjsec607")~~RJStevensMusicPresentationCreator.Program~0000002775
2024-12-18 22:00:56.5918~DEBUG~extract completed~~RJStevensMusicPresentationCreator.Program~0000002776
2024-12-18 22:00:56.5918~DEBUG~<- ExtractAllFromFile(zipFileName = "C:\Users\cofc_\AppData\Local\Temp\tmp5A81.tmp\rjsec607.ZIP", decompressedFolder = "C:\Users\cofc_\AppData\Local\Temp\tmp5C47.tmp", message = "rjsec607")~~RJStevensMusicPresentationCreator.Program~0000002777
2024-12-18 22:00:56.6548~DEBUG~-> DownloadFile(url = "https://faas-nyc1-2ef2e6cc.doserverless.co/api/v1/web/fn-dd7f8f6a-d32a-4f5e-ae7b-870dfb7963f3/downloads/bundle?id=000000000000618", filename = "C:\Users\cofc_\AppData\Local\Temp\tmp5D62.tmp\rjsec609.ZIP", message = "rjsec609")~~RJStevensMusicPresentationCreator.Program~0000002778
2024-12-18 22:00:57.1038~DEBUG~download completed~~RJStevensMusicPresentationCreator.Program~0000002779
2024-12-18 22:00:57.1038~DEBUG~<- DownloadFile(url = "https://faas-nyc1-2ef2e6cc.doserverless.co/api/v1/web/fn-dd7f8f6a-d32a-4f5e-ae7b-870dfb7963f3/downloads/bundle?id=000000000000618", filename = "C:\Users\cofc_\AppData\Local\Temp\tmp5D62.tmp\rjsec609.ZIP", message = "rjsec609")~~RJStevensMusicPresentationCreator.Program~0000002780
2024-12-18 22:00:57.1188~DEBUG~-> ExtractAllFromFile(zipFileName = "C:\Users\cofc_\AppData\Local\Temp\tmp5D62.tmp\rjsec609.ZIP", decompressedFolder = "C:\Users\cofc_\AppData\Local\Temp\tmp5F37.tmp", message = "rjsec609")~~RJStevensMusicPresentationCreator.Program~0000002781
2024-12-18 22:00:57.3049~DEBUG~extract completed~~RJStevensMusicPresentationCreator.Program~0000002782
2024-12-18 22:00:57.3088~DEBUG~<- ExtractAllFromFile(zipFileName = "C:\Users\cofc_\AppData\Local\Temp\tmp5D62.tmp\rjsec609.ZIP", decompressedFolder = "C:\Users\cofc_\AppData\Local\Temp\tmp5F37.tmp", message = "rjsec609")~~RJStevensMusicPresentationCreator.Program~0000002783
2024-12-18 22:00:57.3649~DEBUG~-> DownloadFile(url = "https://faas-nyc1-2ef2e6cc.doserverless.co/api/v1/web/fn-dd7f8f6a-d32a-4f5e-ae7b-870dfb7963f3/downloads/bundle?id=000000000000620", filename = "C:\Users\cofc_\AppData\Local\Temp\tmp6023.tmp\rjsec611.ZIP", message = "rjsec611")~~RJStevensMusicPresentationCreator.Program~0000002784
2024-12-18 22:00:57.7719~DEBUG~download completed~~RJStevensMusicPresentationCreator.Program~0000002785
2024-12-18 22:00:57.7719~DEBUG~<- DownloadFile(url = "https://faas-nyc1-2ef2e6cc.doserverless.co/api/v1/web/fn-dd7f8f6a-d32a-4f5e-ae7b-870dfb7963f3/downloads/bundle?id=000000000000620", filename = "C:\Users\cofc_\AppData\Local\Temp\tmp6023.tmp\rjsec611.ZIP", message = "rjsec611")~~RJStevensMusicPresentationCreator.Program~0000002786
2024-12-18 22:00:57.7849~DEBUG~-> ExtractAllFromFile(zipFileName = "C:\Users\cofc_\AppData\Local\Temp\tmp6023.tmp\rjsec611.ZIP", decompressedFolder = "C:\Users\cofc_\AppData\Local\Temp\tmp61CA.tmp", message = "rjsec611")~~RJStevensMusicPresentationCreator.Program~0000002787
2024-12-18 22:00:57.9019~DEBUG~extract completed~~RJStevensMusicPresentationCreator.Program~0000002788
2024-12-18 22:00:57.9019~DEBUG~<- ExtractAllFromFile(zipFileName = "C:\Users\cofc_\AppData\Local\Temp\tmp6023.tmp\rjsec611.ZIP", decompressedFolder = "C:\Users\cofc_\AppData\Local\Temp\tmp61CA.tmp", message = "rjsec611")~~RJStevensMusicPresentationCreator.Program~0000002789
2024-12-18 22:00:57.9549~DEBUG~-> DownloadFile(url = "https://faas-nyc1-2ef2e6cc.doserverless.co/api/v1/web/fn-dd7f8f6a-d32a-4f5e-ae7b-870dfb7963f3/downloads/bundle?id=000000000000621", filename = "C:\Users\cofc_\AppData\Local\Temp\tmp6277.tmp\rjsec612.ZIP", message = "rjsec612")~~RJStevensMusicPresentationCreator.Program~0000002790
2024-12-18 22:00:58.4119~DEBUG~download completed~~RJStevensMusicPresentationCreator.Program~0000002791
2024-12-18 22:00:58.4119~DEBUG~<- DownloadFile(url = "https://faas-nyc1-2ef2e6cc.doserverless.co/api/v1/web/fn-dd7f8f6a-d32a-4f5e-ae7b-870dfb7963f3/downloads/bundle?id=000000000000621", filename = "C:\Users\cofc_\AppData\Local\Temp\tmp6277.tmp\rjsec612.ZIP", message = "rjsec612")~~RJStevensMusicPresentationCreator.Program~0000002792
2024-12-18 22:00:58.4329~DEBUG~-> ExtractAllFromFile(zipFileName = "C:\Users\cofc_\AppData\Local\Temp\tmp6277.tmp\rjsec612.ZIP", decompressedFolder = "C:\Users\cofc_\AppData\Local\Temp\tmp645C.tmp", message = "rjsec612")~~RJStevensMusicPresentationCreator.Program~0000002793
2024-12-18 22:00:58.7050~DEBUG~extract completed~~RJStevensMusicPresentationCreator.Program~0000002794
2024-12-18 22:00:58.7050~DEBUG~<- ExtractAllFromFile(zipFileName = "C:\Users\cofc_\AppData\Local\Temp\tmp6277.tmp\rjsec612.ZIP", decompressedFolder = "C:\Users\cofc_\AppData\Local\Temp\tmp645C.tmp", message = "rjsec612")~~RJStevensMusicPresentationCreator.Program~0000002795
2024-12-18 22:00:58.7810~DEBUG~-> DownloadFile(url = "https://faas-nyc1-2ef2e6cc.doserverless.co/api/v1/web/fn-dd7f8f6a-d32a-4f5e-ae7b-870dfb7963f3/downloads/bundle?id=000000000000625", filename = "C:\Users\cofc_\AppData\Local\Temp\tmp65B5.tmp\rjsec616.ZIP", message = "rjsec616")~~RJStevensMusicPresentationCreator.Program~0000002796
2024-12-18 22:00:59.3626~DEBUG~download completed~~RJStevensMusicPresentationCreator.Program~0000002797
2024-12-18 22:00:59.3626~DEBUG~<- DownloadFile(url = "https://faas-nyc1-2ef2e6cc.doserverless.co/api/v1/web/fn-dd7f8f6a-d32a-4f5e-ae7b-870dfb7963f3/downloads/bundle?id=000000000000625", filename = "C:\Users\cofc_\AppData\Local\Temp\tmp65B5.tmp\rjsec616.ZIP", message = "rjsec616")~~RJStevensMusicPresentationCreator.Program~0000002798
2024-12-18 22:00:59.3796~DEBUG~-> ExtractAllFromFile(zipFileName = "C:\Users\cofc_\AppData\Local\Temp\tmp65B5.tmp\rjsec616.ZIP", decompressedFolder = "C:\Users\cofc_\AppData\Local\Temp\tmp6807.tmp", message = "rjsec616")~~RJStevensMusicPresentationCreator.Program~0000002799
2024-12-18 22:00:59.6126~DEBUG~extract completed~~RJStevensMusicPresentationCreator.Program~0000002800
2024-12-18 22:00:59.6126~DEBUG~<- ExtractAllFromFile(zipFileName = "C:\Users\cofc_\AppData\Local\Temp\tmp65B5.tmp\rjsec616.ZIP", decompressedFolder = "C:\Users\cofc_\AppData\Local\Temp\tmp6807.tmp", message = "rjsec616")~~RJStevensMusicPresentationCreator.Program~0000002801
2024-12-18 22:00:59.6817~DEBUG~-> DownloadFile(url = "https://faas-nyc1-2ef2e6cc.doserverless.co/api/v1/web/fn-dd7f8f6a-d32a-4f5e-ae7b-870dfb7963f3/downloads/bundle?id=000000000000626", filename = "C:\Users\cofc_\AppData\Local\Temp\tmp6931.tmp\rjsec617.ZIP", message = "rjsec617")~~RJStevensMusicPresentationCreator.Program~0000002802
2024-12-18 22:01:00.1565~DEBUG~download completed~~RJStevensMusicPresentationCreator.Program~0000002803
2024-12-18 22:01:00.1565~DEBUG~<- DownloadFile(url = "https://faas-nyc1-2ef2e6cc.doserverless.co/api/v1/web/fn-dd7f8f6a-d32a-4f5e-ae7b-870dfb7963f3/downloads/bundle?id=000000000000626", filename = "C:\Users\cofc_\AppData\Local\Temp\tmp6931.tmp\rjsec617.ZIP", message = "rjsec617")~~RJStevensMusicPresentationCreator.Program~0000002804
2024-12-18 22:01:00.1715~DEBUG~-> ExtractAllFromFile(zipFileName = "C:\Users\cofc_\AppData\Local\Temp\tmp6931.tmp\rjsec617.ZIP", decompressedFolder = "C:\Users\cofc_\AppData\Local\Temp\tmp6B26.tmp", message = "rjsec617")~~RJStevensMusicPresentationCreator.Program~0000002805
2024-12-18 22:01:00.3905~DEBUG~extract completed~~RJStevensMusicPresentationCreator.Program~0000002806
2024-12-18 22:01:00.3905~DEBUG~<- ExtractAllFromFile(zipFileName = "C:\Users\cofc_\AppData\Local\Temp\tmp6931.tmp\rjsec617.ZIP", decompressedFolder = "C:\Users\cofc_\AppData\Local\Temp\tmp6B26.tmp", message = "rjsec617")~~RJStevensMusicPresentationCreator.Program~0000002807
2024-12-18 22:01:00.4536~DEBUG~-> DownloadFile(url = "https://faas-nyc1-2ef2e6cc.doserverless.co/api/v1/web/fn-dd7f8f6a-d32a-4f5e-ae7b-870dfb7963f3/downloads/bundle?id=000000000000628", filename = "C:\Users\cofc_\AppData\Local\Temp\tmp6C41.tmp\rjsec619.ZIP", message = "rjsec619")~~RJStevensMusicPresentationCreator.Program~0000002808
2024-12-18 22:01:00.9316~DEBUG~download completed~~RJStevensMusicPresentationCreator.Program~0000002809
2024-12-18 22:01:00.9316~DEBUG~<- DownloadFile(url = "https://faas-nyc1-2ef2e6cc.doserverless.co/api/v1/web/fn-dd7f8f6a-d32a-4f5e-ae7b-870dfb7963f3/downloads/bundle?id=000000000000628", filename = "C:\Users\cofc_\AppData\Local\Temp\tmp6C41.tmp\rjsec619.ZIP", message = "rjsec619")~~RJStevensMusicPresentationCreator.Program~0000002810
2024-12-18 22:01:00.9316~DEBUG~-> ExtractAllFromFile(zipFileName = "C:\Users\cofc_\AppData\Local\Temp\tmp6C41.tmp\rjsec619.ZIP", decompressedFolder = "C:\Users\cofc_\AppData\Local\Temp\tmp6E26.tmp", message = "rjsec619")~~RJStevensMusicPresentationCreator.Program~0000002811
2024-12-18 22:01:01.1606~DEBUG~extract completed~~RJStevensMusicPresentationCreator.Program~0000002812
2024-12-18 22:01:01.1606~DEBUG~<- ExtractAllFromFile(zipFileName = "C:\Users\cofc_\AppData\Local\Temp\tmp6C41.tmp\rjsec619.ZIP", decompressedFolder = "C:\Users\cofc_\AppData\Local\Temp\tmp6E26.tmp", message = "rjsec619")~~RJStevensMusicPresentationCreator.Program~0000002813
2024-12-18 22:01:01.2346~DEBUG~-> DownloadFile(url = "https://faas-nyc1-2ef2e6cc.doserverless.co/api/v1/web/fn-dd7f8f6a-d32a-4f5e-ae7b-870dfb7963f3/downloads/bundle?id=000000000000631", filename = "C:\Users\cofc_\AppData\Local\Temp\tmp6F50.tmp\rjsec622.ZIP", message = "rjsec622")~~RJStevensMusicPresentationCreator.Program~0000002814
2024-12-18 22:01:01.7057~DEBUG~download completed~~RJStevensMusicPresentationCreator.Program~0000002815
2024-12-18 22:01:01.7057~DEBUG~<- DownloadFile(url = "https://faas-nyc1-2ef2e6cc.doserverless.co/api/v1/web/fn-dd7f8f6a-d32a-4f5e-ae7b-870dfb7963f3/downloads/bundle?id=000000000000631", filename = "C:\Users\cofc_\AppData\Local\Temp\tmp6F50.tmp\rjsec622.ZIP", message = "rjsec622")~~RJStevensMusicPresentationCreator.Program~0000002816
2024-12-18 22:01:01.7227~DEBUG~-> ExtractAllFromFile(zipFileName = "C:\Users\cofc_\AppData\Local\Temp\tmp6F50.tmp\rjsec622.ZIP", decompressedFolder = "C:\Users\cofc_\AppData\Local\Temp\tmp7135.tmp", message = "rjsec622")~~RJStevensMusicPresentationCreator.Program~0000002817
2024-12-18 22:01:02.0231~DEBUG~extract completed~~RJStevensMusicPresentationCreator.Program~0000002818
2024-12-18 22:01:02.0271~DEBUG~<- ExtractAllFromFile(zipFileName = "C:\Users\cofc_\AppData\Local\Temp\tmp6F50.tmp\rjsec622.ZIP", decompressedFolder = "C:\Users\cofc_\AppData\Local\Temp\tmp7135.tmp", message = "rjsec622")~~RJStevensMusicPresentationCreator.Program~0000002819
2024-12-18 22:01:02.1001~DEBUG~-> DownloadFile(url = "https://faas-nyc1-2ef2e6cc.doserverless.co/api/v1/web/fn-dd7f8f6a-d32a-4f5e-ae7b-870dfb7963f3/downloads/bundle?id=000000000000632", filename = "C:\Users\cofc_\AppData\Local\Temp\tmp72AD.tmp\rjsec623.ZIP", message = "rjsec623")~~RJStevensMusicPresentationCreator.Program~0000002820
2024-12-18 22:01:02.5251~DEBUG~download completed~~RJStevensMusicPresentationCreator.Program~0000002821
2024-12-18 22:01:02.5251~DEBUG~<- DownloadFile(url = "https://faas-nyc1-2ef2e6cc.doserverless.co/api/v1/web/fn-dd7f8f6a-d32a-4f5e-ae7b-870dfb7963f3/downloads/bundle?id=000000000000632", filename = "C:\Users\cofc_\AppData\Local\Temp\tmp72AD.tmp\rjsec623.ZIP", message = "rjsec623")~~RJStevensMusicPresentationCreator.Program~0000002822
2024-12-18 22:01:02.5441~DEBUG~-> ExtractAllFromFile(zipFileName = "C:\Users\cofc_\AppData\Local\Temp\tmp72AD.tmp\rjsec623.ZIP", decompressedFolder = "C:\Users\cofc_\AppData\Local\Temp\tmp7473.tmp", message = "rjsec623")~~RJStevensMusicPresentationCreator.Program~0000002823
2024-12-18 22:01:02.7172~DEBUG~extract completed~~RJStevensMusicPresentationCreator.Program~0000002824
2024-12-18 22:01:02.7172~DEBUG~<- ExtractAllFromFile(zipFileName = "C:\Users\cofc_\AppData\Local\Temp\tmp72AD.tmp\rjsec623.ZIP", decompressedFolder = "C:\Users\cofc_\AppData\Local\Temp\tmp7473.tmp", message = "rjsec623")~~RJStevensMusicPresentationCreator.Program~0000002825
2024-12-18 22:01:02.7822~DEBUG~-> DownloadFile(url = "https://faas-nyc1-2ef2e6cc.doserverless.co/api/v1/web/fn-dd7f8f6a-d32a-4f5e-ae7b-870dfb7963f3/downloads/bundle?id=000000000000633", filename = "C:\Users\cofc_\AppData\Local\Temp\tmp755F.tmp\rjsec624.ZIP", message = "rjsec624")~~RJStevensMusicPresentationCreator.Program~0000002826
2024-12-18 22:01:03.2212~DEBUG~download completed~~RJStevensMusicPresentationCreator.Program~0000002827
2024-12-18 22:01:03.2212~DEBUG~<- DownloadFile(url = "https://faas-nyc1-2ef2e6cc.doserverless.co/api/v1/web/fn-dd7f8f6a-d32a-4f5e-ae7b-870dfb7963f3/downloads/bundle?id=000000000000633", filename = "C:\Users\cofc_\AppData\Local\Temp\tmp755F.tmp\rjsec624.ZIP", message = "rjsec624")~~RJStevensMusicPresentationCreator.Program~0000002828
2024-12-18 22:01:03.2362~DEBUG~-> ExtractAllFromFile(zipFileName = "C:\Users\cofc_\AppData\Local\Temp\tmp755F.tmp\rjsec624.ZIP", decompressedFolder = "C:\Users\cofc_\AppData\Local\Temp\tmp7725.tmp", message = "rjsec624")~~RJStevensMusicPresentationCreator.Program~0000002829
2024-12-18 22:01:03.5330~DEBUG~extract completed~~RJStevensMusicPresentationCreator.Program~0000002830
2024-12-18 22:01:03.5330~DEBUG~<- ExtractAllFromFile(zipFileName = "C:\Users\cofc_\AppData\Local\Temp\tmp755F.tmp\rjsec624.ZIP", decompressedFolder = "C:\Users\cofc_\AppData\Local\Temp\tmp7725.tmp", message = "rjsec624")~~RJStevensMusicPresentationCreator.Program~0000002831
2024-12-18 22:01:03.6150~DEBUG~-> DownloadFile(url = "https://faas-nyc1-2ef2e6cc.doserverless.co/api/v1/web/fn-dd7f8f6a-d32a-4f5e-ae7b-870dfb7963f3/downloads/bundle?id=000000000000634", filename = "C:\Users\cofc_\AppData\Local\Temp\tmp789D.tmp\rjsec625.ZIP", message = "rjsec625")~~RJStevensMusicPresentationCreator.Program~0000002832
2024-12-18 22:01:04.0540~DEBUG~download completed~~RJStevensMusicPresentationCreator.Program~0000002833
2024-12-18 22:01:04.0540~DEBUG~<- DownloadFile(url = "https://faas-nyc1-2ef2e6cc.doserverless.co/api/v1/web/fn-dd7f8f6a-d32a-4f5e-ae7b-870dfb7963f3/downloads/bundle?id=000000000000634", filename = "C:\Users\cofc_\AppData\Local\Temp\tmp789D.tmp\rjsec625.ZIP", message = "rjsec625")~~RJStevensMusicPresentationCreator.Program~0000002834
2024-12-18 22:01:04.0766~DEBUG~-> ExtractAllFromFile(zipFileName = "C:\Users\cofc_\AppData\Local\Temp\tmp789D.tmp\rjsec625.ZIP", decompressedFolder = "C:\Users\cofc_\AppData\Local\Temp\tmp7A73.tmp", message = "rjsec625")~~RJStevensMusicPresentationCreator.Program~0000002835
2024-12-18 22:01:04.2727~DEBUG~extract completed~~RJStevensMusicPresentationCreator.Program~0000002836
2024-12-18 22:01:04.2757~DEBUG~<- ExtractAllFromFile(zipFileName = "C:\Users\cofc_\AppData\Local\Temp\tmp789D.tmp\rjsec625.ZIP", decompressedFolder = "C:\Users\cofc_\AppData\Local\Temp\tmp7A73.tmp", message = "rjsec625")~~RJStevensMusicPresentationCreator.Program~0000002837
2024-12-18 22:01:04.3417~DEBUG~-> DownloadFile(url = "https://faas-nyc1-2ef2e6cc.doserverless.co/api/v1/web/fn-dd7f8f6a-d32a-4f5e-ae7b-870dfb7963f3/downloads/bundle?id=000000000000635", filename = "C:\Users\cofc_\AppData\Local\Temp\tmp7B7D.tmp\rjsec626.ZIP", message = "rjsec626")~~RJStevensMusicPresentationCreator.Program~0000002838
2024-12-18 22:01:05.1413~DEBUG~download completed~~RJStevensMusicPresentationCreator.Program~0000002839
2024-12-18 22:01:05.1413~DEBUG~<- DownloadFile(url = "https://faas-nyc1-2ef2e6cc.doserverless.co/api/v1/web/fn-dd7f8f6a-d32a-4f5e-ae7b-870dfb7963f3/downloads/bundle?id=000000000000635", filename = "C:\Users\cofc_\AppData\Local\Temp\tmp7B7D.tmp\rjsec626.ZIP", message = "rjsec626")~~RJStevensMusicPresentationCreator.Program~0000002840
2024-12-18 22:01:05.1633~DEBUG~-> ExtractAllFromFile(zipFileName = "C:\Users\cofc_\AppData\Local\Temp\tmp7B7D.tmp\rjsec626.ZIP", decompressedFolder = "C:\Users\cofc_\AppData\Local\Temp\tmp7EAB.tmp", message = "rjsec626")~~RJStevensMusicPresentationCreator.Program~0000002841
2024-12-18 22:01:05.5244~DEBUG~extract completed~~RJStevensMusicPresentationCreator.Program~0000002842
2024-12-18 22:01:05.5284~DEBUG~<- ExtractAllFromFile(zipFileName = "C:\Users\cofc_\AppData\Local\Temp\tmp7B7D.tmp\rjsec626.ZIP", decompressedFolder = "C:\Users\cofc_\AppData\Local\Temp\tmp7EAB.tmp", message = "rjsec626")~~RJStevensMusicPresentationCreator.Program~0000002843
2024-12-18 22:01:05.6154~DEBUG~-> DownloadFile(url = "https://faas-nyc1-2ef2e6cc.doserverless.co/api/v1/web/fn-dd7f8f6a-d32a-4f5e-ae7b-870dfb7963f3/downloads/bundle?id=000000000000639", filename = "C:\Users\cofc_\AppData\Local\Temp\tmp8071.tmp\rjsec630.ZIP", message = "rjsec630")~~RJStevensMusicPresentationCreator.Program~0000002844
2024-12-18 22:01:06.1194~DEBUG~download completed~~RJStevensMusicPresentationCreator.Program~0000002845
2024-12-18 22:01:06.1194~DEBUG~<- DownloadFile(url = "https://faas-nyc1-2ef2e6cc.doserverless.co/api/v1/web/fn-dd7f8f6a-d32a-4f5e-ae7b-870dfb7963f3/downloads/bundle?id=000000000000639", filename = "C:\Users\cofc_\AppData\Local\Temp\tmp8071.tmp\rjsec630.ZIP", message = "rjsec630")~~RJStevensMusicPresentationCreator.Program~0000002846
2024-12-18 22:01:06.1394~DEBUG~-> ExtractAllFromFile(zipFileName = "C:\Users\cofc_\AppData\Local\Temp\tmp8071.tmp\rjsec630.ZIP", decompressedFolder = "C:\Users\cofc_\AppData\Local\Temp\tmp8285.tmp", message = "rjsec630")~~RJStevensMusicPresentationCreator.Program~0000002847
2024-12-18 22:01:06.3822~DEBUG~extract completed~~RJStevensMusicPresentationCreator.Program~0000002848
2024-12-18 22:01:06.3852~DEBUG~<- ExtractAllFromFile(zipFileName = "C:\Users\cofc_\AppData\Local\Temp\tmp8071.tmp\rjsec630.ZIP", decompressedFolder = "C:\Users\cofc_\AppData\Local\Temp\tmp8285.tmp", message = "rjsec630")~~RJStevensMusicPresentationCreator.Program~0000002849
2024-12-18 22:01:06.4542~DEBUG~-> DownloadFile(url = "https://faas-nyc1-2ef2e6cc.doserverless.co/api/v1/web/fn-dd7f8f6a-d32a-4f5e-ae7b-870dfb7963f3/downloads/bundle?id=000000000000640", filename = "C:\Users\cofc_\AppData\Local\Temp\tmp83BF.tmp\rjsec631.ZIP", message = "rjsec631")~~RJStevensMusicPresentationCreator.Program~0000002850
2024-12-18 22:01:06.8882~DEBUG~download completed~~RJStevensMusicPresentationCreator.Program~0000002851
2024-12-18 22:01:06.8882~DEBUG~<- DownloadFile(url = "https://faas-nyc1-2ef2e6cc.doserverless.co/api/v1/web/fn-dd7f8f6a-d32a-4f5e-ae7b-870dfb7963f3/downloads/bundle?id=000000000000640", filename = "C:\Users\cofc_\AppData\Local\Temp\tmp83BF.tmp\rjsec631.ZIP", message = "rjsec631")~~RJStevensMusicPresentationCreator.Program~0000002852
2024-12-18 22:01:06.9032~DEBUG~-> ExtractAllFromFile(zipFileName = "C:\Users\cofc_\AppData\Local\Temp\tmp83BF.tmp\rjsec631.ZIP", decompressedFolder = "C:\Users\cofc_\AppData\Local\Temp\tmp8585.tmp", message = "rjsec631")~~RJStevensMusicPresentationCreator.Program~0000002853
2024-12-18 22:01:07.1317~DEBUG~extract completed~~RJStevensMusicPresentationCreator.Program~0000002854
2024-12-18 22:01:07.1347~DEBUG~<- ExtractAllFromFile(zipFileName = "C:\Users\cofc_\AppData\Local\Temp\tmp83BF.tmp\rjsec631.ZIP", decompressedFolder = "C:\Users\cofc_\AppData\Local\Temp\tmp8585.tmp", message = "rjsec631")~~RJStevensMusicPresentationCreator.Program~0000002855
2024-12-18 22:01:07.2057~DEBUG~-> DownloadFile(url = "https://faas-nyc1-2ef2e6cc.doserverless.co/api/v1/web/fn-dd7f8f6a-d32a-4f5e-ae7b-870dfb7963f3/downloads/bundle?id=000000000000641", filename = "C:\Users\cofc_\AppData\Local\Temp\tmp86AF.tmp\rjsec632.ZIP", message = "rjsec632")~~RJStevensMusicPresentationCreator.Program~0000002856
2024-12-18 22:01:07.6848~DEBUG~download completed~~RJStevensMusicPresentationCreator.Program~0000002857
2024-12-18 22:01:07.6848~DEBUG~<- DownloadFile(url = "https://faas-nyc1-2ef2e6cc.doserverless.co/api/v1/web/fn-dd7f8f6a-d32a-4f5e-ae7b-870dfb7963f3/downloads/bundle?id=000000000000641", filename = "C:\Users\cofc_\AppData\Local\Temp\tmp86AF.tmp\rjsec632.ZIP", message = "rjsec632")~~RJStevensMusicPresentationCreator.Program~0000002858
2024-12-18 22:01:07.7018~DEBUG~-> ExtractAllFromFile(zipFileName = "C:\Users\cofc_\AppData\Local\Temp\tmp86AF.tmp\rjsec632.ZIP", decompressedFolder = "C:\Users\cofc_\AppData\Local\Temp\tmp88A4.tmp", message = "rjsec632")~~RJStevensMusicPresentationCreator.Program~0000002859
2024-12-18 22:01:07.9878~DEBUG~extract completed~~RJStevensMusicPresentationCreator.Program~0000002860
2024-12-18 22:01:07.9878~DEBUG~<- ExtractAllFromFile(zipFileName = "C:\Users\cofc_\AppData\Local\Temp\tmp86AF.tmp\rjsec632.ZIP", decompressedFolder = "C:\Users\cofc_\AppData\Local\Temp\tmp88A4.tmp", message = "rjsec632")~~RJStevensMusicPresentationCreator.Program~0000002861
2024-12-18 22:01:08.0778~DEBUG~-> DownloadFile(url = "https://faas-nyc1-2ef2e6cc.doserverless.co/api/v1/web/fn-dd7f8f6a-d32a-4f5e-ae7b-870dfb7963f3/downloads/bundle?id=000000000000645", filename = "C:\Users\cofc_\AppData\Local\Temp\tmp8A1C.tmp\rjsec636.ZIP", message = "rjsec636")~~RJStevensMusicPresentationCreator.Program~0000002862
2024-12-18 22:01:08.5778~DEBUG~download completed~~RJStevensMusicPresentationCreator.Program~0000002863
2024-12-18 22:01:08.5778~DEBUG~<- DownloadFile(url = "https://faas-nyc1-2ef2e6cc.doserverless.co/api/v1/web/fn-dd7f8f6a-d32a-4f5e-ae7b-870dfb7963f3/downloads/bundle?id=000000000000645", filename = "C:\Users\cofc_\AppData\Local\Temp\tmp8A1C.tmp\rjsec636.ZIP", message = "rjsec636")~~RJStevensMusicPresentationCreator.Program~0000002864
2024-12-18 22:01:08.5958~DEBUG~-> ExtractAllFromFile(zipFileName = "C:\Users\cofc_\AppData\Local\Temp\tmp8A1C.tmp\rjsec636.ZIP", decompressedFolder = "C:\Users\cofc_\AppData\Local\Temp\tmp8C20.tmp", message = "rjsec636")~~RJStevensMusicPresentationCreator.Program~0000002865
2024-12-18 22:01:08.9644~DEBUG~extract completed~~RJStevensMusicPresentationCreator.Program~0000002866
2024-12-18 22:01:08.9644~DEBUG~<- ExtractAllFromFile(zipFileName = "C:\Users\cofc_\AppData\Local\Temp\tmp8A1C.tmp\rjsec636.ZIP", decompressedFolder = "C:\Users\cofc_\AppData\Local\Temp\tmp8C20.tmp", message = "rjsec636")~~RJStevensMusicPresentationCreator.Program~0000002867
2024-12-18 22:01:09.0604~DEBUG~-> DownloadFile(url = "https://faas-nyc1-2ef2e6cc.doserverless.co/api/v1/web/fn-dd7f8f6a-d32a-4f5e-ae7b-870dfb7963f3/downloads/bundle?id=000000000000646", filename = "C:\Users\cofc_\AppData\Local\Temp\tmp8DF6.tmp\rjsec637.ZIP", message = "rjsec637")~~RJStevensMusicPresentationCreator.Program~0000002868
2024-12-18 22:01:09.5733~DEBUG~download completed~~RJStevensMusicPresentationCreator.Program~0000002869
2024-12-18 22:01:09.5733~DEBUG~<- DownloadFile(url = "https://faas-nyc1-2ef2e6cc.doserverless.co/api/v1/web/fn-dd7f8f6a-d32a-4f5e-ae7b-870dfb7963f3/downloads/bundle?id=000000000000646", filename = "C:\Users\cofc_\AppData\Local\Temp\tmp8DF6.tmp\rjsec637.ZIP", message = "rjsec637")~~RJStevensMusicPresentationCreator.Program~0000002870
2024-12-18 22:01:09.5923~DEBUG~-> ExtractAllFromFile(zipFileName = "C:\Users\cofc_\AppData\Local\Temp\tmp8DF6.tmp\rjsec637.ZIP", decompressedFolder = "C:\Users\cofc_\AppData\Local\Temp\tmp900D.tmp", message = "rjsec637")~~RJStevensMusicPresentationCreator.Program~0000002871
2024-12-18 22:01:09.9744~DEBUG~extract completed~~RJStevensMusicPresentationCreator.Program~0000002872
2024-12-18 22:01:09.9784~DEBUG~<- ExtractAllFromFile(zipFileName = "C:\Users\cofc_\AppData\Local\Temp\tmp8DF6.tmp\rjsec637.ZIP", decompressedFolder = "C:\Users\cofc_\AppData\Local\Temp\tmp900D.tmp", message = "rjsec637")~~RJStevensMusicPresentationCreator.Program~0000002873
2024-12-18 22:01:10.0654~DEBUG~-> DownloadFile(url = "https://faas-nyc1-2ef2e6cc.doserverless.co/api/v1/web/fn-dd7f8f6a-d32a-4f5e-ae7b-870dfb7963f3/downloads/bundle?id=000000000000647", filename = "C:\Users\cofc_\AppData\Local\Temp\tmp91E0.tmp\rjsec638.ZIP", message = "rjsec638")~~RJStevensMusicPresentationCreator.Program~0000002874
2024-12-18 22:01:10.5934~DEBUG~download completed~~RJStevensMusicPresentationCreator.Program~0000002875
2024-12-18 22:01:10.5934~DEBUG~<- DownloadFile(url = "https://faas-nyc1-2ef2e6cc.doserverless.co/api/v1/web/fn-dd7f8f6a-d32a-4f5e-ae7b-870dfb7963f3/downloads/bundle?id=000000000000647", filename = "C:\Users\cofc_\AppData\Local\Temp\tmp91E0.tmp\rjsec638.ZIP", message = "rjsec638")~~RJStevensMusicPresentationCreator.Program~0000002876
2024-12-18 22:01:10.6134~DEBUG~-> ExtractAllFromFile(zipFileName = "C:\Users\cofc_\AppData\Local\Temp\tmp91E0.tmp\rjsec638.ZIP", decompressedFolder = "C:\Users\cofc_\AppData\Local\Temp\tmp9404.tmp", message = "rjsec638")~~RJStevensMusicPresentationCreator.Program~0000002877
2024-12-18 22:01:10.9624~DEBUG~extract completed~~RJStevensMusicPresentationCreator.Program~0000002878
2024-12-18 22:01:10.9624~DEBUG~<- ExtractAllFromFile(zipFileName = "C:\Users\cofc_\AppData\Local\Temp\tmp91E0.tmp\rjsec638.ZIP", decompressedFolder = "C:\Users\cofc_\AppData\Local\Temp\tmp9404.tmp", message = "rjsec638")~~RJStevensMusicPresentationCreator.Program~0000002879
2024-12-18 22:01:11.0454~DEBUG~-> DownloadFile(url = "https://faas-nyc1-2ef2e6cc.doserverless.co/api/v1/web/fn-dd7f8f6a-d32a-4f5e-ae7b-870dfb7963f3/downloads/bundle?id=000000000000648", filename = "C:\Users\cofc_\AppData\Local\Temp\tmp95BA.tmp\rjsec639.ZIP", message = "rjsec639")~~RJStevensMusicPresentationCreator.Program~0000002880
2024-12-18 22:01:11.7812~DEBUG~download completed~~RJStevensMusicPresentationCreator.Program~0000002881
2024-12-18 22:01:11.7812~DEBUG~<- DownloadFile(url = "https://faas-nyc1-2ef2e6cc.doserverless.co/api/v1/web/fn-dd7f8f6a-d32a-4f5e-ae7b-870dfb7963f3/downloads/bundle?id=000000000000648", filename = "C:\Users\cofc_\AppData\Local\Temp\tmp95BA.tmp\rjsec639.ZIP", message = "rjsec639")~~RJStevensMusicPresentationCreator.Program~0000002882
2024-12-18 22:01:11.8002~DEBUG~-> ExtractAllFromFile(zipFileName = "C:\Users\cofc_\AppData\Local\Temp\tmp95BA.tmp\rjsec639.ZIP", decompressedFolder = "C:\Users\cofc_\AppData\Local\Temp\tmp98A9.tmp", message = "rjsec639")~~RJStevensMusicPresentationCreator.Program~0000002883
2024-12-18 22:01:12.1493~DEBUG~extract completed~~RJStevensMusicPresentationCreator.Program~0000002884
2024-12-18 22:01:12.1533~DEBUG~<- ExtractAllFromFile(zipFileName = "C:\Users\cofc_\AppData\Local\Temp\tmp95BA.tmp\rjsec639.ZIP", decompressedFolder = "C:\Users\cofc_\AppData\Local\Temp\tmp98A9.tmp", message = "rjsec639")~~RJStevensMusicPresentationCreator.Program~0000002885
2024-12-18 22:01:12.2323~DEBUG~-> DownloadFile(url = "https://faas-nyc1-2ef2e6cc.doserverless.co/api/v1/web/fn-dd7f8f6a-d32a-4f5e-ae7b-870dfb7963f3/downloads/bundle?id=000000000000650", filename = "C:\Users\cofc_\AppData\Local\Temp\tmp9A60.tmp\rjsec641.ZIP", message = "rjsec641")~~RJStevensMusicPresentationCreator.Program~0000002886
2024-12-18 22:01:12.7593~DEBUG~download completed~~RJStevensMusicPresentationCreator.Program~0000002887
2024-12-18 22:01:12.7593~DEBUG~<- DownloadFile(url = "https://faas-nyc1-2ef2e6cc.doserverless.co/api/v1/web/fn-dd7f8f6a-d32a-4f5e-ae7b-870dfb7963f3/downloads/bundle?id=000000000000650", filename = "C:\Users\cofc_\AppData\Local\Temp\tmp9A60.tmp\rjsec641.ZIP", message = "rjsec641")~~RJStevensMusicPresentationCreator.Program~0000002888
2024-12-18 22:01:12.7783~DEBUG~-> ExtractAllFromFile(zipFileName = "C:\Users\cofc_\AppData\Local\Temp\tmp9A60.tmp\rjsec641.ZIP", decompressedFolder = "C:\Users\cofc_\AppData\Local\Temp\tmp9C84.tmp", message = "rjsec641")~~RJStevensMusicPresentationCreator.Program~0000002889
2024-12-18 22:01:13.1234~DEBUG~extract completed~~RJStevensMusicPresentationCreator.Program~0000002890
2024-12-18 22:01:13.1234~DEBUG~<- ExtractAllFromFile(zipFileName = "C:\Users\cofc_\AppData\Local\Temp\tmp9A60.tmp\rjsec641.ZIP", decompressedFolder = "C:\Users\cofc_\AppData\Local\Temp\tmp9C84.tmp", message = "rjsec641")~~RJStevensMusicPresentationCreator.Program~0000002891
2024-12-18 22:01:13.2164~DEBUG~-> DownloadFile(url = "https://faas-nyc1-2ef2e6cc.doserverless.co/api/v1/web/fn-dd7f8f6a-d32a-4f5e-ae7b-870dfb7963f3/downloads/bundle?id=000000000000651", filename = "C:\Users\cofc_\AppData\Local\Temp\tmp9E3A.tmp\rjsec642.ZIP", message = "rjsec642")~~RJStevensMusicPresentationCreator.Program~0000002892
2024-12-18 22:01:13.6945~DEBUG~download completed~~RJStevensMusicPresentationCreator.Program~0000002893
2024-12-18 22:01:13.6945~DEBUG~<- DownloadFile(url = "https://faas-nyc1-2ef2e6cc.doserverless.co/api/v1/web/fn-dd7f8f6a-d32a-4f5e-ae7b-870dfb7963f3/downloads/bundle?id=000000000000651", filename = "C:\Users\cofc_\AppData\Local\Temp\tmp9E3A.tmp\rjsec642.ZIP", message = "rjsec642")~~RJStevensMusicPresentationCreator.Program~0000002894
2024-12-18 22:01:13.7095~DEBUG~-> ExtractAllFromFile(zipFileName = "C:\Users\cofc_\AppData\Local\Temp\tmp9E3A.tmp\rjsec642.ZIP", decompressedFolder = "C:\Users\cofc_\AppData\Local\Temp\tmpA020.tmp", message = "rjsec642")~~RJStevensMusicPresentationCreator.Program~0000002895
2024-12-18 22:01:13.8596~DEBUG~extract completed~~RJStevensMusicPresentationCreator.Program~0000002896
2024-12-18 22:01:13.8596~DEBUG~<- ExtractAllFromFile(zipFileName = "C:\Users\cofc_\AppData\Local\Temp\tmp9E3A.tmp\rjsec642.ZIP", decompressedFolder = "C:\Users\cofc_\AppData\Local\Temp\tmpA020.tmp", message = "rjsec642")~~RJStevensMusicPresentationCreator.Program~0000002897
2024-12-18 22:01:13.9216~DEBUG~-> DownloadFile(url = "https://faas-nyc1-2ef2e6cc.doserverless.co/api/v1/web/fn-dd7f8f6a-d32a-4f5e-ae7b-870dfb7963f3/downloads/bundle?id=000000000000653", filename = "C:\Users\cofc_\AppData\Local\Temp\tmpA0FB.tmp\rjsec644.ZIP", message = "rjsec644")~~RJStevensMusicPresentationCreator.Program~0000002898
2024-12-18 22:01:14.3287~DEBUG~download completed~~RJStevensMusicPresentationCreator.Program~0000002899
2024-12-18 22:01:14.3287~DEBUG~<- DownloadFile(url = "https://faas-nyc1-2ef2e6cc.doserverless.co/api/v1/web/fn-dd7f8f6a-d32a-4f5e-ae7b-870dfb7963f3/downloads/bundle?id=000000000000653", filename = "C:\Users\cofc_\AppData\Local\Temp\tmpA0FB.tmp\rjsec644.ZIP", message = "rjsec644")~~RJStevensMusicPresentationCreator.Program~0000002900
2024-12-18 22:01:14.3417~DEBUG~-> ExtractAllFromFile(zipFileName = "C:\Users\cofc_\AppData\Local\Temp\tmpA0FB.tmp\rjsec644.ZIP", decompressedFolder = "C:\Users\cofc_\AppData\Local\Temp\tmpA2A2.tmp", message = "rjsec644")~~RJStevensMusicPresentationCreator.Program~0000002901
2024-12-18 22:01:14.5387~DEBUG~extract completed~~RJStevensMusicPresentationCreator.Program~0000002902
2024-12-18 22:01:14.5417~DEBUG~<- ExtractAllFromFile(zipFileName = "C:\Users\cofc_\AppData\Local\Temp\tmpA0FB.tmp\rjsec644.ZIP", decompressedFolder = "C:\Users\cofc_\AppData\Local\Temp\tmpA2A2.tmp", message = "rjsec644")~~RJStevensMusicPresentationCreator.Program~0000002903
2024-12-18 22:01:14.6057~DEBUG~-> DownloadFile(url = "https://faas-nyc1-2ef2e6cc.doserverless.co/api/v1/web/fn-dd7f8f6a-d32a-4f5e-ae7b-870dfb7963f3/downloads/bundle?id=000000000000654", filename = "C:\Users\cofc_\AppData\Local\Temp\tmpA3AD.tmp\rjsec645.ZIP", message = "rjsec645")~~RJStevensMusicPresentationCreator.Program~0000002904
2024-12-18 22:01:15.1227~DEBUG~download completed~~RJStevensMusicPresentationCreator.Program~0000002905
2024-12-18 22:01:15.1227~DEBUG~<- DownloadFile(url = "https://faas-nyc1-2ef2e6cc.doserverless.co/api/v1/web/fn-dd7f8f6a-d32a-4f5e-ae7b-870dfb7963f3/downloads/bundle?id=000000000000654", filename = "C:\Users\cofc_\AppData\Local\Temp\tmpA3AD.tmp\rjsec645.ZIP", message = "rjsec645")~~RJStevensMusicPresentationCreator.Program~0000002906
2024-12-18 22:01:15.1387~DEBUG~-> ExtractAllFromFile(zipFileName = "C:\Users\cofc_\AppData\Local\Temp\tmpA3AD.tmp\rjsec645.ZIP", decompressedFolder = "C:\Users\cofc_\AppData\Local\Temp\tmpA5C1.tmp", message = "rjsec645")~~RJStevensMusicPresentationCreator.Program~0000002907
2024-12-18 22:01:15.4301~DEBUG~extract completed~~RJStevensMusicPresentationCreator.Program~0000002908
2024-12-18 22:01:15.4331~DEBUG~<- ExtractAllFromFile(zipFileName = "C:\Users\cofc_\AppData\Local\Temp\tmpA3AD.tmp\rjsec645.ZIP", decompressedFolder = "C:\Users\cofc_\AppData\Local\Temp\tmpA5C1.tmp", message = "rjsec645")~~RJStevensMusicPresentationCreator.Program~0000002909
2024-12-18 22:01:15.5091~DEBUG~-> DownloadFile(url = "https://faas-nyc1-2ef2e6cc.doserverless.co/api/v1/web/fn-dd7f8f6a-d32a-4f5e-ae7b-870dfb7963f3/downloads/bundle?id=000000000000655", filename = "C:\Users\cofc_\AppData\Local\Temp\tmpA729.tmp\rjsec646.ZIP", message = "rjsec646")~~RJStevensMusicPresentationCreator.Program~0000002910
2024-12-18 22:01:15.9531~DEBUG~download completed~~RJStevensMusicPresentationCreator.Program~0000002911
2024-12-18 22:01:15.9531~DEBUG~<- DownloadFile(url = "https://faas-nyc1-2ef2e6cc.doserverless.co/api/v1/web/fn-dd7f8f6a-d32a-4f5e-ae7b-870dfb7963f3/downloads/bundle?id=000000000000655", filename = "C:\Users\cofc_\AppData\Local\Temp\tmpA729.tmp\rjsec646.ZIP", message = "rjsec646")~~RJStevensMusicPresentationCreator.Program~0000002912
2024-12-18 22:01:15.9721~DEBUG~-> ExtractAllFromFile(zipFileName = "C:\Users\cofc_\AppData\Local\Temp\tmpA729.tmp\rjsec646.ZIP", decompressedFolder = "C:\Users\cofc_\AppData\Local\Temp\tmpA8FF.tmp", message = "rjsec646")~~RJStevensMusicPresentationCreator.Program~0000002913
2024-12-18 22:01:16.2076~DEBUG~extract completed~~RJStevensMusicPresentationCreator.Program~0000002914
2024-12-18 22:01:16.2076~DEBUG~<- ExtractAllFromFile(zipFileName = "C:\Users\cofc_\AppData\Local\Temp\tmpA729.tmp\rjsec646.ZIP", decompressedFolder = "C:\Users\cofc_\AppData\Local\Temp\tmpA8FF.tmp", message = "rjsec646")~~RJStevensMusicPresentationCreator.Program~0000002915
2024-12-18 22:01:16.2786~DEBUG~-> DownloadFile(url = "https://faas-nyc1-2ef2e6cc.doserverless.co/api/v1/web/fn-dd7f8f6a-d32a-4f5e-ae7b-870dfb7963f3/downloads/bundle?id=000000000000657", filename = "C:\Users\cofc_\AppData\Local\Temp\tmpAA39.tmp\rjsec648.ZIP", message = "rjsec648")~~RJStevensMusicPresentationCreator.Program~0000002916
2024-12-18 22:01:16.7227~DEBUG~download completed~~RJStevensMusicPresentationCreator.Program~0000002917
2024-12-18 22:01:16.7227~DEBUG~<- DownloadFile(url = "https://faas-nyc1-2ef2e6cc.doserverless.co/api/v1/web/fn-dd7f8f6a-d32a-4f5e-ae7b-870dfb7963f3/downloads/bundle?id=000000000000657", filename = "C:\Users\cofc_\AppData\Local\Temp\tmpAA39.tmp\rjsec648.ZIP", message = "rjsec648")~~RJStevensMusicPresentationCreator.Program~0000002918
2024-12-18 22:01:16.7407~DEBUG~-> ExtractAllFromFile(zipFileName = "C:\Users\cofc_\AppData\Local\Temp\tmpAA39.tmp\rjsec648.ZIP", decompressedFolder = "C:\Users\cofc_\AppData\Local\Temp\tmpABFF.tmp", message = "rjsec648")~~RJStevensMusicPresentationCreator.Program~0000002919
2024-12-18 22:01:16.9220~DEBUG~extract completed~~RJStevensMusicPresentationCreator.Program~0000002920
2024-12-18 22:01:16.9220~DEBUG~<- ExtractAllFromFile(zipFileName = "C:\Users\cofc_\AppData\Local\Temp\tmpAA39.tmp\rjsec648.ZIP", decompressedFolder = "C:\Users\cofc_\AppData\Local\Temp\tmpABFF.tmp", message = "rjsec648")~~RJStevensMusicPresentationCreator.Program~0000002921
2024-12-18 22:01:16.9870~DEBUG~-> DownloadFile(url = "https://faas-nyc1-2ef2e6cc.doserverless.co/api/v1/web/fn-dd7f8f6a-d32a-4f5e-ae7b-870dfb7963f3/downloads/bundle?id=000000000000658", filename = "C:\Users\cofc_\AppData\Local\Temp\tmpACFA.tmp\rjsec649.ZIP", message = "rjsec649")~~RJStevensMusicPresentationCreator.Program~0000002922
2024-12-18 22:01:17.4641~DEBUG~download completed~~RJStevensMusicPresentationCreator.Program~0000002923
2024-12-18 22:01:17.4641~DEBUG~<- DownloadFile(url = "https://faas-nyc1-2ef2e6cc.doserverless.co/api/v1/web/fn-dd7f8f6a-d32a-4f5e-ae7b-870dfb7963f3/downloads/bundle?id=000000000000658", filename = "C:\Users\cofc_\AppData\Local\Temp\tmpACFA.tmp\rjsec649.ZIP", message = "rjsec649")~~RJStevensMusicPresentationCreator.Program~0000002924
2024-12-18 22:01:17.4791~DEBUG~-> ExtractAllFromFile(zipFileName = "C:\Users\cofc_\AppData\Local\Temp\tmpACFA.tmp\rjsec649.ZIP", decompressedFolder = "C:\Users\cofc_\AppData\Local\Temp\tmpAEDF.tmp", message = "rjsec649")~~RJStevensMusicPresentationCreator.Program~0000002925
2024-12-18 22:01:17.7765~DEBUG~extract completed~~RJStevensMusicPresentationCreator.Program~0000002926
2024-12-18 22:01:17.7765~DEBUG~<- ExtractAllFromFile(zipFileName = "C:\Users\cofc_\AppData\Local\Temp\tmpACFA.tmp\rjsec649.ZIP", decompressedFolder = "C:\Users\cofc_\AppData\Local\Temp\tmpAEDF.tmp", message = "rjsec649")~~RJStevensMusicPresentationCreator.Program~0000002927
2024-12-18 22:01:17.8595~DEBUG~-> DownloadFile(url = "https://faas-nyc1-2ef2e6cc.doserverless.co/api/v1/web/fn-dd7f8f6a-d32a-4f5e-ae7b-870dfb7963f3/downloads/bundle?id=000000000000662", filename = "C:\Users\cofc_\AppData\Local\Temp\tmpB067.tmp\rjsec653.ZIP", message = "rjsec653")~~RJStevensMusicPresentationCreator.Program~0000002928
2024-12-18 22:01:18.3805~DEBUG~download completed~~RJStevensMusicPresentationCreator.Program~0000002929
2024-12-18 22:01:18.3805~DEBUG~<- DownloadFile(url = "https://faas-nyc1-2ef2e6cc.doserverless.co/api/v1/web/fn-dd7f8f6a-d32a-4f5e-ae7b-870dfb7963f3/downloads/bundle?id=000000000000662", filename = "C:\Users\cofc_\AppData\Local\Temp\tmpB067.tmp\rjsec653.ZIP", message = "rjsec653")~~RJStevensMusicPresentationCreator.Program~0000002930
2024-12-18 22:01:18.3985~DEBUG~-> ExtractAllFromFile(zipFileName = "C:\Users\cofc_\AppData\Local\Temp\tmpB067.tmp\rjsec653.ZIP", decompressedFolder = "C:\Users\cofc_\AppData\Local\Temp\tmpB27B.tmp", message = "rjsec653")~~RJStevensMusicPresentationCreator.Program~0000002931
2024-12-18 22:01:18.6733~DEBUG~extract completed~~RJStevensMusicPresentationCreator.Program~0000002932
2024-12-18 22:01:18.6733~DEBUG~<- ExtractAllFromFile(zipFileName = "C:\Users\cofc_\AppData\Local\Temp\tmpB067.tmp\rjsec653.ZIP", decompressedFolder = "C:\Users\cofc_\AppData\Local\Temp\tmpB27B.tmp", message = "rjsec653")~~RJStevensMusicPresentationCreator.Program~0000002933
2024-12-18 22:01:18.7502~DEBUG~-> DownloadFile(url = "https://faas-nyc1-2ef2e6cc.doserverless.co/api/v1/web/fn-dd7f8f6a-d32a-4f5e-ae7b-870dfb7963f3/downloads/bundle?id=000000000000668", filename = "C:\Users\cofc_\AppData\Local\Temp\tmpB3E3.tmp\rjsec659.ZIP", message = "rjsec659")~~RJStevensMusicPresentationCreator.Program~0000002934
2024-12-18 22:01:19.2113~DEBUG~download completed~~RJStevensMusicPresentationCreator.Program~0000002935
2024-12-18 22:01:19.2113~DEBUG~<- DownloadFile(url = "https://faas-nyc1-2ef2e6cc.doserverless.co/api/v1/web/fn-dd7f8f6a-d32a-4f5e-ae7b-870dfb7963f3/downloads/bundle?id=000000000000668", filename = "C:\Users\cofc_\AppData\Local\Temp\tmpB3E3.tmp\rjsec659.ZIP", message = "rjsec659")~~RJStevensMusicPresentationCreator.Program~0000002936
2024-12-18 22:01:19.2273~DEBUG~-> ExtractAllFromFile(zipFileName = "C:\Users\cofc_\AppData\Local\Temp\tmpB3E3.tmp\rjsec659.ZIP", decompressedFolder = "C:\Users\cofc_\AppData\Local\Temp\tmpB5B9.tmp", message = "rjsec659")~~RJStevensMusicPresentationCreator.Program~0000002937
2024-12-18 22:01:19.4793~DEBUG~extract completed~~RJStevensMusicPresentationCreator.Program~0000002938
2024-12-18 22:01:19.4793~DEBUG~<- ExtractAllFromFile(zipFileName = "C:\Users\cofc_\AppData\Local\Temp\tmpB3E3.tmp\rjsec659.ZIP", decompressedFolder = "C:\Users\cofc_\AppData\Local\Temp\tmpB5B9.tmp", message = "rjsec659")~~RJStevensMusicPresentationCreator.Program~0000002939
2024-12-18 22:01:19.5523~DEBUG~-> DownloadFile(url = "https://faas-nyc1-2ef2e6cc.doserverless.co/api/v1/web/fn-dd7f8f6a-d32a-4f5e-ae7b-870dfb7963f3/downloads/bundle?id=000000000000669", filename = "C:\Users\cofc_\AppData\Local\Temp\tmpB702.tmp\rjsec660.ZIP", message = "rjsec660")~~RJStevensMusicPresentationCreator.Program~0000002940
2024-12-18 22:01:19.9933~DEBUG~download completed~~RJStevensMusicPresentationCreator.Program~0000002941
2024-12-18 22:01:19.9933~DEBUG~<- DownloadFile(url = "https://faas-nyc1-2ef2e6cc.doserverless.co/api/v1/web/fn-dd7f8f6a-d32a-4f5e-ae7b-870dfb7963f3/downloads/bundle?id=000000000000669", filename = "C:\Users\cofc_\AppData\Local\Temp\tmpB702.tmp\rjsec660.ZIP", message = "rjsec660")~~RJStevensMusicPresentationCreator.Program~0000002942
2024-12-18 22:01:20.0103~DEBUG~-> ExtractAllFromFile(zipFileName = "C:\Users\cofc_\AppData\Local\Temp\tmpB702.tmp\rjsec660.ZIP", decompressedFolder = "C:\Users\cofc_\AppData\Local\Temp\tmpB8D8.tmp", message = "rjsec660")~~RJStevensMusicPresentationCreator.Program~0000002943
2024-12-18 22:01:20.1944~DEBUG~extract completed~~RJStevensMusicPresentationCreator.Program~0000002944
2024-12-18 22:01:20.1974~DEBUG~<- ExtractAllFromFile(zipFileName = "C:\Users\cofc_\AppData\Local\Temp\tmpB702.tmp\rjsec660.ZIP", decompressedFolder = "C:\Users\cofc_\AppData\Local\Temp\tmpB8D8.tmp", message = "rjsec660")~~RJStevensMusicPresentationCreator.Program~0000002945
2024-12-18 22:01:20.2564~DEBUG~-> DownloadFile(url = "https://faas-nyc1-2ef2e6cc.doserverless.co/api/v1/web/fn-dd7f8f6a-d32a-4f5e-ae7b-870dfb7963f3/downloads/bundle?id=000000000000670", filename = "C:\Users\cofc_\AppData\Local\Temp\tmpB9C3.tmp\rjsec661.ZIP", message = "rjsec661")~~RJStevensMusicPresentationCreator.Program~0000002946
2024-12-18 22:01:20.7664~DEBUG~download completed~~RJStevensMusicPresentationCreator.Program~0000002947
2024-12-18 22:01:20.7664~DEBUG~<- DownloadFile(url = "https://faas-nyc1-2ef2e6cc.doserverless.co/api/v1/web/fn-dd7f8f6a-d32a-4f5e-ae7b-870dfb7963f3/downloads/bundle?id=000000000000670", filename = "C:\Users\cofc_\AppData\Local\Temp\tmpB9C3.tmp\rjsec661.ZIP", message = "rjsec661")~~RJStevensMusicPresentationCreator.Program~0000002948
2024-12-18 22:01:20.7824~DEBUG~-> ExtractAllFromFile(zipFileName = "C:\Users\cofc_\AppData\Local\Temp\tmpB9C3.tmp\rjsec661.ZIP", decompressedFolder = "C:\Users\cofc_\AppData\Local\Temp\tmpBBD8.tmp", message = "rjsec661")~~RJStevensMusicPresentationCreator.Program~0000002949
2024-12-18 22:01:21.1174~DEBUG~extract completed~~RJStevensMusicPresentationCreator.Program~0000002950
2024-12-18 22:01:21.1194~DEBUG~<- ExtractAllFromFile(zipFileName = "C:\Users\cofc_\AppData\Local\Temp\tmpB9C3.tmp\rjsec661.ZIP", decompressedFolder = "C:\Users\cofc_\AppData\Local\Temp\tmpBBD8.tmp", message = "rjsec661")~~RJStevensMusicPresentationCreator.Program~0000002951
2024-12-18 22:01:21.2024~DEBUG~-> DownloadFile(url = "https://faas-nyc1-2ef2e6cc.doserverless.co/api/v1/web/fn-dd7f8f6a-d32a-4f5e-ae7b-870dfb7963f3/downloads/bundle?id=000000000000672", filename = "C:\Users\cofc_\AppData\Local\Temp\tmpBD7F.tmp\rjsec663.ZIP", message = "rjsec663")~~RJStevensMusicPresentationCreator.Program~0000002952
2024-12-18 22:01:21.7095~DEBUG~download completed~~RJStevensMusicPresentationCreator.Program~0000002953
2024-12-18 22:01:21.7095~DEBUG~<- DownloadFile(url = "https://faas-nyc1-2ef2e6cc.doserverless.co/api/v1/web/fn-dd7f8f6a-d32a-4f5e-ae7b-870dfb7963f3/downloads/bundle?id=000000000000672", filename = "C:\Users\cofc_\AppData\Local\Temp\tmpBD7F.tmp\rjsec663.ZIP", message = "rjsec663")~~RJStevensMusicPresentationCreator.Program~0000002954
2024-12-18 22:01:21.7275~DEBUG~-> ExtractAllFromFile(zipFileName = "C:\Users\cofc_\AppData\Local\Temp\tmpBD7F.tmp\rjsec663.ZIP", decompressedFolder = "C:\Users\cofc_\AppData\Local\Temp\tmpBF83.tmp", message = "rjsec663")~~RJStevensMusicPresentationCreator.Program~0000002955
2024-12-18 22:01:22.0672~DEBUG~extract completed~~RJStevensMusicPresentationCreator.Program~0000002956
2024-12-18 22:01:22.0672~DEBUG~<- ExtractAllFromFile(zipFileName = "C:\Users\cofc_\AppData\Local\Temp\tmpBD7F.tmp\rjsec663.ZIP", decompressedFolder = "C:\Users\cofc_\AppData\Local\Temp\tmpBF83.tmp", message = "rjsec663")~~RJStevensMusicPresentationCreator.Program~0000002957
2024-12-18 22:01:22.1602~DEBUG~-> DownloadFile(url = "https://faas-nyc1-2ef2e6cc.doserverless.co/api/v1/web/fn-dd7f8f6a-d32a-4f5e-ae7b-870dfb7963f3/downloads/bundle?id=000000000000678", filename = "C:\Users\cofc_\AppData\Local\Temp\tmpC13A.tmp\rjsec669.ZIP", message = "rjsec669")~~RJStevensMusicPresentationCreator.Program~0000002958
2024-12-18 22:01:22.8651~DEBUG~download completed~~RJStevensMusicPresentationCreator.Program~0000002959
2024-12-18 22:01:22.8651~DEBUG~<- DownloadFile(url = "https://faas-nyc1-2ef2e6cc.doserverless.co/api/v1/web/fn-dd7f8f6a-d32a-4f5e-ae7b-870dfb7963f3/downloads/bundle?id=000000000000678", filename = "C:\Users\cofc_\AppData\Local\Temp\tmpC13A.tmp\rjsec669.ZIP", message = "rjsec669")~~RJStevensMusicPresentationCreator.Program~0000002960
2024-12-18 22:01:22.8781~DEBUG~-> ExtractAllFromFile(zipFileName = "C:\Users\cofc_\AppData\Local\Temp\tmpC13A.tmp\rjsec669.ZIP", decompressedFolder = "C:\Users\cofc_\AppData\Local\Temp\tmpC409.tmp", message = "rjsec669")~~RJStevensMusicPresentationCreator.Program~0000002961
2024-12-18 22:01:23.0181~DEBUG~extract completed~~RJStevensMusicPresentationCreator.Program~0000002962
2024-12-18 22:01:23.0181~DEBUG~<- ExtractAllFromFile(zipFileName = "C:\Users\cofc_\AppData\Local\Temp\tmpC13A.tmp\rjsec669.ZIP", decompressedFolder = "C:\Users\cofc_\AppData\Local\Temp\tmpC409.tmp", message = "rjsec669")~~RJStevensMusicPresentationCreator.Program~0000002963
2024-12-18 22:01:23.0791~DEBUG~-> DownloadFile(url = "https://faas-nyc1-2ef2e6cc.doserverless.co/api/v1/web/fn-dd7f8f6a-d32a-4f5e-ae7b-870dfb7963f3/downloads/bundle?id=000000000000679", filename = "C:\Users\cofc_\AppData\Local\Temp\tmpC4D6.tmp\rjsec670.ZIP", message = "rjsec670")~~RJStevensMusicPresentationCreator.Program~0000002964
2024-12-18 22:01:23.5951~DEBUG~download completed~~RJStevensMusicPresentationCreator.Program~0000002965
2024-12-18 22:01:23.5951~DEBUG~<- DownloadFile(url = "https://faas-nyc1-2ef2e6cc.doserverless.co/api/v1/web/fn-dd7f8f6a-d32a-4f5e-ae7b-870dfb7963f3/downloads/bundle?id=000000000000679", filename = "C:\Users\cofc_\AppData\Local\Temp\tmpC4D6.tmp\rjsec670.ZIP", message = "rjsec670")~~RJStevensMusicPresentationCreator.Program~0000002966
2024-12-18 22:01:23.6121~DEBUG~-> ExtractAllFromFile(zipFileName = "C:\Users\cofc_\AppData\Local\Temp\tmpC4D6.tmp\rjsec670.ZIP", decompressedFolder = "C:\Users\cofc_\AppData\Local\Temp\tmpC6EA.tmp", message = "rjsec670")~~RJStevensMusicPresentationCreator.Program~0000002967
2024-12-18 22:01:23.7945~DEBUG~extract completed~~RJStevensMusicPresentationCreator.Program~0000002968
2024-12-18 22:01:23.7945~DEBUG~<- ExtractAllFromFile(zipFileName = "C:\Users\cofc_\AppData\Local\Temp\tmpC4D6.tmp\rjsec670.ZIP", decompressedFolder = "C:\Users\cofc_\AppData\Local\Temp\tmpC6EA.tmp", message = "rjsec670")~~RJStevensMusicPresentationCreator.Program~0000002969
2024-12-18 22:01:23.8606~DEBUG~-> DownloadFile(url = "https://faas-nyc1-2ef2e6cc.doserverless.co/api/v1/web/fn-dd7f8f6a-d32a-4f5e-ae7b-870dfb7963f3/downloads/bundle?id=000000000000680", filename = "C:\Users\cofc_\AppData\Local\Temp\tmpC7E5.tmp\rjsec670.7.ZIP", message = "rjsec670.7")~~RJStevensMusicPresentationCreator.Program~0000002970
2024-12-18 22:01:24.3436~DEBUG~download completed~~RJStevensMusicPresentationCreator.Program~0000002971
2024-12-18 22:01:24.3436~DEBUG~<- DownloadFile(url = "https://faas-nyc1-2ef2e6cc.doserverless.co/api/v1/web/fn-dd7f8f6a-d32a-4f5e-ae7b-870dfb7963f3/downloads/bundle?id=000000000000680", filename = "C:\Users\cofc_\AppData\Local\Temp\tmpC7E5.tmp\rjsec670.7.ZIP", message = "rjsec670.7")~~RJStevensMusicPresentationCreator.Program~0000002972
2024-12-18 22:01:24.3596~DEBUG~-> ExtractAllFromFile(zipFileName = "C:\Users\cofc_\AppData\Local\Temp\tmpC7E5.tmp\rjsec670.7.ZIP", decompressedFolder = "C:\Users\cofc_\AppData\Local\Temp\tmpC9DA.tmp", message = "rjsec670.7")~~RJStevensMusicPresentationCreator.Program~0000002973
2024-12-18 22:01:24.5926~DEBUG~extract completed~~RJStevensMusicPresentationCreator.Program~0000002974
2024-12-18 22:01:24.5926~DEBUG~<- ExtractAllFromFile(zipFileName = "C:\Users\cofc_\AppData\Local\Temp\tmpC7E5.tmp\rjsec670.7.ZIP", decompressedFolder = "C:\Users\cofc_\AppData\Local\Temp\tmpC9DA.tmp", message = "rjsec670.7")~~RJStevensMusicPresentationCreator.Program~0000002975
2024-12-18 22:01:24.6686~DEBUG~-> DownloadFile(url = "https://faas-nyc1-2ef2e6cc.doserverless.co/api/v1/web/fn-dd7f8f6a-d32a-4f5e-ae7b-870dfb7963f3/downloads/bundle?id=000000000000686", filename = "C:\Users\cofc_\AppData\Local\Temp\tmpCB13.tmp\rjsec676.ZIP", message = "rjsec676")~~RJStevensMusicPresentationCreator.Program~0000002976
2024-12-18 22:01:25.1787~DEBUG~download completed~~RJStevensMusicPresentationCreator.Program~0000002977
2024-12-18 22:01:25.1787~DEBUG~<- DownloadFile(url = "https://faas-nyc1-2ef2e6cc.doserverless.co/api/v1/web/fn-dd7f8f6a-d32a-4f5e-ae7b-870dfb7963f3/downloads/bundle?id=000000000000686", filename = "C:\Users\cofc_\AppData\Local\Temp\tmpCB13.tmp\rjsec676.ZIP", message = "rjsec676")~~RJStevensMusicPresentationCreator.Program~0000002978
2024-12-18 22:01:25.1937~DEBUG~-> ExtractAllFromFile(zipFileName = "C:\Users\cofc_\AppData\Local\Temp\tmpCB13.tmp\rjsec676.ZIP", decompressedFolder = "C:\Users\cofc_\AppData\Local\Temp\tmpCD18.tmp", message = "rjsec676")~~RJStevensMusicPresentationCreator.Program~0000002979
2024-12-18 22:01:25.4660~DEBUG~extract completed~~RJStevensMusicPresentationCreator.Program~0000002980
2024-12-18 22:01:25.4660~DEBUG~<- ExtractAllFromFile(zipFileName = "C:\Users\cofc_\AppData\Local\Temp\tmpCB13.tmp\rjsec676.ZIP", decompressedFolder = "C:\Users\cofc_\AppData\Local\Temp\tmpCD18.tmp", message = "rjsec676")~~RJStevensMusicPresentationCreator.Program~0000002981
2024-12-18 22:01:25.5450~DEBUG~-> DownloadFile(url = "https://faas-nyc1-2ef2e6cc.doserverless.co/api/v1/web/fn-dd7f8f6a-d32a-4f5e-ae7b-870dfb7963f3/downloads/bundle?id=000000000000687", filename = "C:\Users\cofc_\AppData\Local\Temp\tmpCE80.tmp\rjsec677.ZIP", message = "rjsec677")~~RJStevensMusicPresentationCreator.Program~0000002982
2024-12-18 22:01:26.1610~DEBUG~download completed~~RJStevensMusicPresentationCreator.Program~0000002983
2024-12-18 22:01:26.1610~DEBUG~<- DownloadFile(url = "https://faas-nyc1-2ef2e6cc.doserverless.co/api/v1/web/fn-dd7f8f6a-d32a-4f5e-ae7b-870dfb7963f3/downloads/bundle?id=000000000000687", filename = "C:\Users\cofc_\AppData\Local\Temp\tmpCE80.tmp\rjsec677.ZIP", message = "rjsec677")~~RJStevensMusicPresentationCreator.Program~0000002984
2024-12-18 22:01:26.1850~DEBUG~-> ExtractAllFromFile(zipFileName = "C:\Users\cofc_\AppData\Local\Temp\tmpCE80.tmp\rjsec677.ZIP", decompressedFolder = "C:\Users\cofc_\AppData\Local\Temp\tmpD102.tmp", message = "rjsec677")~~RJStevensMusicPresentationCreator.Program~0000002985
2024-12-18 22:01:26.5112~DEBUG~extract completed~~RJStevensMusicPresentationCreator.Program~0000002986
2024-12-18 22:01:26.5112~DEBUG~<- ExtractAllFromFile(zipFileName = "C:\Users\cofc_\AppData\Local\Temp\tmpCE80.tmp\rjsec677.ZIP", decompressedFolder = "C:\Users\cofc_\AppData\Local\Temp\tmpD102.tmp", message = "rjsec677")~~RJStevensMusicPresentationCreator.Program~0000002987
2024-12-18 22:01:26.6042~DEBUG~-> DownloadFile(url = "https://faas-nyc1-2ef2e6cc.doserverless.co/api/v1/web/fn-dd7f8f6a-d32a-4f5e-ae7b-870dfb7963f3/downloads/bundle?id=000000000000694", filename = "C:\Users\cofc_\AppData\Local\Temp\tmpD2A9.tmp\rjsec684.ZIP", message = "rjsec684")~~RJStevensMusicPresentationCreator.Program~0000002988
2024-12-18 22:01:27.0932~DEBUG~download completed~~RJStevensMusicPresentationCreator.Program~0000002989
2024-12-18 22:01:27.0932~DEBUG~<- DownloadFile(url = "https://faas-nyc1-2ef2e6cc.doserverless.co/api/v1/web/fn-dd7f8f6a-d32a-4f5e-ae7b-870dfb7963f3/downloads/bundle?id=000000000000694", filename = "C:\Users\cofc_\AppData\Local\Temp\tmpD2A9.tmp\rjsec684.ZIP", message = "rjsec684")~~RJStevensMusicPresentationCreator.Program~0000002990
2024-12-18 22:01:27.1112~DEBUG~-> ExtractAllFromFile(zipFileName = "C:\Users\cofc_\AppData\Local\Temp\tmpD2A9.tmp\rjsec684.ZIP", decompressedFolder = "C:\Users\cofc_\AppData\Local\Temp\tmpD49E.tmp", message = "rjsec684")~~RJStevensMusicPresentationCreator.Program~0000002991
2024-12-18 22:01:27.5382~DEBUG~extract completed~~RJStevensMusicPresentationCreator.Program~0000002992
2024-12-18 22:01:27.5412~DEBUG~<- ExtractAllFromFile(zipFileName = "C:\Users\cofc_\AppData\Local\Temp\tmpD2A9.tmp\rjsec684.ZIP", decompressedFolder = "C:\Users\cofc_\AppData\Local\Temp\tmpD49E.tmp", message = "rjsec684")~~RJStevensMusicPresentationCreator.Program~0000002993
2024-12-18 22:01:27.6412~DEBUG~-> DownloadFile(url = "https://faas-nyc1-2ef2e6cc.doserverless.co/api/v1/web/fn-dd7f8f6a-d32a-4f5e-ae7b-870dfb7963f3/downloads/bundle?id=000000000000695", filename = "C:\Users\cofc_\AppData\Local\Temp\tmpD6B2.tmp\rjsec685.ZIP", message = "rjsec685")~~RJStevensMusicPresentationCreator.Program~0000002994
2024-12-18 22:01:28.1083~DEBUG~download completed~~RJStevensMusicPresentationCreator.Program~0000002995
2024-12-18 22:01:28.1083~DEBUG~<- DownloadFile(url = "https://faas-nyc1-2ef2e6cc.doserverless.co/api/v1/web/fn-dd7f8f6a-d32a-4f5e-ae7b-870dfb7963f3/downloads/bundle?id=000000000000695", filename = "C:\Users\cofc_\AppData\Local\Temp\tmpD6B2.tmp\rjsec685.ZIP", message = "rjsec685")~~RJStevensMusicPresentationCreator.Program~0000002996
2024-12-18 22:01:28.1253~DEBUG~-> ExtractAllFromFile(zipFileName = "C:\Users\cofc_\AppData\Local\Temp\tmpD6B2.tmp\rjsec685.ZIP", decompressedFolder = "C:\Users\cofc_\AppData\Local\Temp\tmpD897.tmp", message = "rjsec685")~~RJStevensMusicPresentationCreator.Program~0000002997
2024-12-18 22:01:28.4653~DEBUG~extract completed~~RJStevensMusicPresentationCreator.Program~0000002998
2024-12-18 22:01:28.4653~DEBUG~<- ExtractAllFromFile(zipFileName = "C:\Users\cofc_\AppData\Local\Temp\tmpD6B2.tmp\rjsec685.ZIP", decompressedFolder = "C:\Users\cofc_\AppData\Local\Temp\tmpD897.tmp", message = "rjsec685")~~RJStevensMusicPresentationCreator.Program~0000002999
2024-12-18 22:01:28.5573~DEBUG~-> DownloadFile(url = "https://faas-nyc1-2ef2e6cc.doserverless.co/api/v1/web/fn-dd7f8f6a-d32a-4f5e-ae7b-870dfb7963f3/downloads/bundle?id=000000000000699", filename = "C:\Users\cofc_\AppData\Local\Temp\tmpDA4E.tmp\rjsec689.ZIP", message = "rjsec689")~~RJStevensMusicPresentationCreator.Program~0000003000
2024-12-18 22:01:29.3584~DEBUG~download completed~~RJStevensMusicPresentationCreator.Program~0000003001
2024-12-18 22:01:29.3584~DEBUG~<- DownloadFile(url = "https://faas-nyc1-2ef2e6cc.doserverless.co/api/v1/web/fn-dd7f8f6a-d32a-4f5e-ae7b-870dfb7963f3/downloads/bundle?id=000000000000699", filename = "C:\Users\cofc_\AppData\Local\Temp\tmpDA4E.tmp\rjsec689.ZIP", message = "rjsec689")~~RJStevensMusicPresentationCreator.Program~0000003002
2024-12-18 22:01:29.3784~DEBUG~-> ExtractAllFromFile(zipFileName = "C:\Users\cofc_\AppData\Local\Temp\tmpDA4E.tmp\rjsec689.ZIP", decompressedFolder = "C:\Users\cofc_\AppData\Local\Temp\tmpDD7B.tmp", message = "rjsec689")~~RJStevensMusicPresentationCreator.Program~0000003003
2024-12-18 22:01:29.7454~DEBUG~extract completed~~RJStevensMusicPresentationCreator.Program~0000003004
2024-12-18 22:01:29.7454~DEBUG~<- ExtractAllFromFile(zipFileName = "C:\Users\cofc_\AppData\Local\Temp\tmpDA4E.tmp\rjsec689.ZIP", decompressedFolder = "C:\Users\cofc_\AppData\Local\Temp\tmpDD7B.tmp", message = "rjsec689")~~RJStevensMusicPresentationCreator.Program~0000003005
2024-12-18 22:01:29.8384~DEBUG~-> DownloadFile(url = "https://faas-nyc1-2ef2e6cc.doserverless.co/api/v1/web/fn-dd7f8f6a-d32a-4f5e-ae7b-870dfb7963f3/downloads/bundle?id=000000000000700", filename = "C:\Users\cofc_\AppData\Local\Temp\tmpDF42.tmp\rjsec690.ZIP", message = "rjsec690")~~RJStevensMusicPresentationCreator.Program~0000003006
2024-12-18 22:01:30.3205~DEBUG~download completed~~RJStevensMusicPresentationCreator.Program~0000003007
2024-12-18 22:01:30.3205~DEBUG~<- DownloadFile(url = "https://faas-nyc1-2ef2e6cc.doserverless.co/api/v1/web/fn-dd7f8f6a-d32a-4f5e-ae7b-870dfb7963f3/downloads/bundle?id=000000000000700", filename = "C:\Users\cofc_\AppData\Local\Temp\tmpDF42.tmp\rjsec690.ZIP", message = "rjsec690")~~RJStevensMusicPresentationCreator.Program~0000003008
2024-12-18 22:01:30.3375~DEBUG~-> ExtractAllFromFile(zipFileName = "C:\Users\cofc_\AppData\Local\Temp\tmpDF42.tmp\rjsec690.ZIP", decompressedFolder = "C:\Users\cofc_\AppData\Local\Temp\tmpE137.tmp", message = "rjsec690")~~RJStevensMusicPresentationCreator.Program~0000003009
2024-12-18 22:01:30.6855~DEBUG~extract completed~~RJStevensMusicPresentationCreator.Program~0000003010
2024-12-18 22:01:30.6855~DEBUG~<- ExtractAllFromFile(zipFileName = "C:\Users\cofc_\AppData\Local\Temp\tmpDF42.tmp\rjsec690.ZIP", decompressedFolder = "C:\Users\cofc_\AppData\Local\Temp\tmpE137.tmp", message = "rjsec690")~~RJStevensMusicPresentationCreator.Program~0000003011
2024-12-18 22:01:30.7785~DEBUG~-> DownloadFile(url = "https://faas-nyc1-2ef2e6cc.doserverless.co/api/v1/web/fn-dd7f8f6a-d32a-4f5e-ae7b-870dfb7963f3/downloads/bundle?id=000000000000701", filename = "C:\Users\cofc_\AppData\Local\Temp\tmpE2FD.tmp\rjsec691.ZIP", message = "rjsec691")~~RJStevensMusicPresentationCreator.Program~0000003012
2024-12-18 22:01:31.2565~DEBUG~download completed~~RJStevensMusicPresentationCreator.Program~0000003013
2024-12-18 22:01:31.2565~DEBUG~<- DownloadFile(url = "https://faas-nyc1-2ef2e6cc.doserverless.co/api/v1/web/fn-dd7f8f6a-d32a-4f5e-ae7b-870dfb7963f3/downloads/bundle?id=000000000000701", filename = "C:\Users\cofc_\AppData\Local\Temp\tmpE2FD.tmp\rjsec691.ZIP", message = "rjsec691")~~RJStevensMusicPresentationCreator.Program~0000003014
2024-12-18 22:01:31.2795~DEBUG~-> ExtractAllFromFile(zipFileName = "C:\Users\cofc_\AppData\Local\Temp\tmpE2FD.tmp\rjsec691.ZIP", decompressedFolder = "C:\Users\cofc_\AppData\Local\Temp\tmpE4F2.tmp", message = "rjsec691")~~RJStevensMusicPresentationCreator.Program~0000003015
2024-12-18 22:01:31.6076~DEBUG~extract completed~~RJStevensMusicPresentationCreator.Program~0000003016
2024-12-18 22:01:31.6076~DEBUG~<- ExtractAllFromFile(zipFileName = "C:\Users\cofc_\AppData\Local\Temp\tmpE2FD.tmp\rjsec691.ZIP", decompressedFolder = "C:\Users\cofc_\AppData\Local\Temp\tmpE4F2.tmp", message = "rjsec691")~~RJStevensMusicPresentationCreator.Program~0000003017
2024-12-18 22:01:31.6936~DEBUG~-> DownloadFile(url = "https://faas-nyc1-2ef2e6cc.doserverless.co/api/v1/web/fn-dd7f8f6a-d32a-4f5e-ae7b-870dfb7963f3/downloads/bundle?id=000000000000703", filename = "C:\Users\cofc_\AppData\Local\Temp\tmpE689.tmp\rjsec693.ZIP", message = "rjsec693")~~RJStevensMusicPresentationCreator.Program~0000003018
2024-12-18 22:01:32.2166~DEBUG~download completed~~RJStevensMusicPresentationCreator.Program~0000003019
2024-12-18 22:01:32.2166~DEBUG~<- DownloadFile(url = "https://faas-nyc1-2ef2e6cc.doserverless.co/api/v1/web/fn-dd7f8f6a-d32a-4f5e-ae7b-870dfb7963f3/downloads/bundle?id=000000000000703", filename = "C:\Users\cofc_\AppData\Local\Temp\tmpE689.tmp\rjsec693.ZIP", message = "rjsec693")~~RJStevensMusicPresentationCreator.Program~0000003020
2024-12-18 22:01:32.2436~DEBUG~-> ExtractAllFromFile(zipFileName = "C:\Users\cofc_\AppData\Local\Temp\tmpE689.tmp\rjsec693.ZIP", decompressedFolder = "C:\Users\cofc_\AppData\Local\Temp\tmpE8AD.tmp", message = "rjsec693")~~RJStevensMusicPresentationCreator.Program~0000003021
2024-12-18 22:01:32.5756~DEBUG~extract completed~~RJStevensMusicPresentationCreator.Program~0000003022
2024-12-18 22:01:32.5756~DEBUG~<- ExtractAllFromFile(zipFileName = "C:\Users\cofc_\AppData\Local\Temp\tmpE689.tmp\rjsec693.ZIP", decompressedFolder = "C:\Users\cofc_\AppData\Local\Temp\tmpE8AD.tmp", message = "rjsec693")~~RJStevensMusicPresentationCreator.Program~0000003023
2024-12-18 22:01:32.6727~DEBUG~-> DownloadFile(url = "https://faas-nyc1-2ef2e6cc.doserverless.co/api/v1/web/fn-dd7f8f6a-d32a-4f5e-ae7b-870dfb7963f3/downloads/bundle?id=000000000000704", filename = "C:\Users\cofc_\AppData\Local\Temp\tmpEA63.tmp\rjsec694.ZIP", message = "rjsec694")~~RJStevensMusicPresentationCreator.Program~0000003024
2024-12-18 22:01:33.0897~DEBUG~download completed~~RJStevensMusicPresentationCreator.Program~0000003025
2024-12-18 22:01:33.0897~DEBUG~<- DownloadFile(url = "https://faas-nyc1-2ef2e6cc.doserverless.co/api/v1/web/fn-dd7f8f6a-d32a-4f5e-ae7b-870dfb7963f3/downloads/bundle?id=000000000000704", filename = "C:\Users\cofc_\AppData\Local\Temp\tmpEA63.tmp\rjsec694.ZIP", message = "rjsec694")~~RJStevensMusicPresentationCreator.Program~0000003026
2024-12-18 22:01:33.1067~DEBUG~-> ExtractAllFromFile(zipFileName = "C:\Users\cofc_\AppData\Local\Temp\tmpEA63.tmp\rjsec694.ZIP", decompressedFolder = "C:\Users\cofc_\AppData\Local\Temp\tmpEC1A.tmp", message = "rjsec694")~~RJStevensMusicPresentationCreator.Program~0000003027
2024-12-18 22:01:33.2957~DEBUG~extract completed~~RJStevensMusicPresentationCreator.Program~0000003028
2024-12-18 22:01:33.2957~DEBUG~<- ExtractAllFromFile(zipFileName = "C:\Users\cofc_\AppData\Local\Temp\tmpEA63.tmp\rjsec694.ZIP", decompressedFolder = "C:\Users\cofc_\AppData\Local\Temp\tmpEC1A.tmp", message = "rjsec694")~~RJStevensMusicPresentationCreator.Program~0000003029
2024-12-18 22:01:33.3567~DEBUG~-> DownloadFile(url = "https://faas-nyc1-2ef2e6cc.doserverless.co/api/v1/web/fn-dd7f8f6a-d32a-4f5e-ae7b-870dfb7963f3/downloads/bundle?id=000000000000705", filename = "C:\Users\cofc_\AppData\Local\Temp\tmpED15.tmp\rjsec695.ZIP", message = "rjsec695")~~RJStevensMusicPresentationCreator.Program~0000003030
2024-12-18 22:01:34.0488~DEBUG~download completed~~RJStevensMusicPresentationCreator.Program~0000003031
2024-12-18 22:01:34.0488~DEBUG~<- DownloadFile(url = "https://faas-nyc1-2ef2e6cc.doserverless.co/api/v1/web/fn-dd7f8f6a-d32a-4f5e-ae7b-870dfb7963f3/downloads/bundle?id=000000000000705", filename = "C:\Users\cofc_\AppData\Local\Temp\tmpED15.tmp\rjsec695.ZIP", message = "rjsec695")~~RJStevensMusicPresentationCreator.Program~0000003032
2024-12-18 22:01:34.0658~DEBUG~-> ExtractAllFromFile(zipFileName = "C:\Users\cofc_\AppData\Local\Temp\tmpED15.tmp\rjsec695.ZIP", decompressedFolder = "C:\Users\cofc_\AppData\Local\Temp\tmpEFD5.tmp", message = "rjsec695")~~RJStevensMusicPresentationCreator.Program~0000003033
2024-12-18 22:01:34.2503~DEBUG~extract completed~~RJStevensMusicPresentationCreator.Program~0000003034
2024-12-18 22:01:34.2503~DEBUG~<- ExtractAllFromFile(zipFileName = "C:\Users\cofc_\AppData\Local\Temp\tmpED15.tmp\rjsec695.ZIP", decompressedFolder = "C:\Users\cofc_\AppData\Local\Temp\tmpEFD5.tmp", message = "rjsec695")~~RJStevensMusicPresentationCreator.Program~0000003035
2024-12-18 22:01:34.3103~DEBUG~-> DownloadFile(url = "https://faas-nyc1-2ef2e6cc.doserverless.co/api/v1/web/fn-dd7f8f6a-d32a-4f5e-ae7b-870dfb7963f3/downloads/bundle?id=000000000000706", filename = "C:\Users\cofc_\AppData\Local\Temp\tmpF0D0.tmp\rjsec696.ZIP", message = "rjsec696")~~RJStevensMusicPresentationCreator.Program~0000003036
2024-12-18 22:01:34.7524~DEBUG~download completed~~RJStevensMusicPresentationCreator.Program~0000003037
2024-12-18 22:01:34.7524~DEBUG~<- DownloadFile(url = "https://faas-nyc1-2ef2e6cc.doserverless.co/api/v1/web/fn-dd7f8f6a-d32a-4f5e-ae7b-870dfb7963f3/downloads/bundle?id=000000000000706", filename = "C:\Users\cofc_\AppData\Local\Temp\tmpF0D0.tmp\rjsec696.ZIP", message = "rjsec696")~~RJStevensMusicPresentationCreator.Program~0000003038
2024-12-18 22:01:34.7690~DEBUG~-> ExtractAllFromFile(zipFileName = "C:\Users\cofc_\AppData\Local\Temp\tmpF0D0.tmp\rjsec696.ZIP", decompressedFolder = "C:\Users\cofc_\AppData\Local\Temp\tmpF296.tmp", message = "rjsec696")~~RJStevensMusicPresentationCreator.Program~0000003039
2024-12-18 22:01:34.9901~DEBUG~extract completed~~RJStevensMusicPresentationCreator.Program~0000003040
2024-12-18 22:01:34.9901~DEBUG~<- ExtractAllFromFile(zipFileName = "C:\Users\cofc_\AppData\Local\Temp\tmpF0D0.tmp\rjsec696.ZIP", decompressedFolder = "C:\Users\cofc_\AppData\Local\Temp\tmpF296.tmp", message = "rjsec696")~~RJStevensMusicPresentationCreator.Program~0000003041
2024-12-18 22:01:35.7391~ INFO~AllHymnals Length: 4~~RJStevensMusicPresentationCreator.Program~0000003042
2024-12-18 22:01:35.7471~TRACE~-> AddTemplates()~~RJStevensMusicPresentationCreator.frmSelector~0000003043
2024-12-18 22:01:35.7471~TRACE~<- AddTemplates()~~RJStevensMusicPresentationCreator.frmSelector~0000003044
2024-12-18 22:01:35.7471~FATAL~License Mode: Licensed~~RJStevensMusicPresentationCreator.Program~0000003045
2024-12-18 22:01:35.7471~FATAL~Override to License Mode: Licensed~~RJStevensMusicPresentationCreator.Program~0000003046
2024-12-18 22:01:35.8973~TRACE~-> RunOneTimeUpdates()~~RJStevensMusicPresentationCreator.Program~0000003047
2024-12-18 22:01:35.8973~ INFO~Product Version: 2.3.8843.25471~~RJStevensMusicPresentationCreator.Program~0000003048
2024-12-18 22:01:35.8973~ INFO~Deployment Version: 2.2.0.7~~RJStevensMusicPresentationCreator.Program~0000003049
2024-12-18 22:01:35.9003~TRACE~LastExecutedDeploymentVersion: 0.0.0.0~~RJStevensMusicPresentationCreator.Program~0000003050
2024-12-18 22:01:35.9003~TRACE~<- RunOneTimeUpdates()~~RJStevensMusicPresentationCreator.Program~0000003051
2024-12-18 22:04:57.5823~TRACE~<- Main()~~RJStevensMusicPresentationCreator.Program~0000003052
