EventDateTime~EventLevel~EventMsg~EventException~EventLogger~EventID
2024-12-14 21:47:55.3296~TRACE~-> Main()~~RJStevensMusicPresentationCreator.Program~0000000001
2024-12-14 21:47:55.3646~TRACE~   .Net Framework Version: 4.8~~RJStevensMusicPresentationCreator.Program~0000000002
2024-12-14 21:47:55.3646~TRACE~   OS Version: Windows 10 Enterprise Release 2009 (Build 19045.5247)  64-bit~~RJStevensMusicPresentationCreator.Program~0000000003
2024-12-14 21:47:55.3756~TRACE~   Total RAM Memory: 8.00 GB physical RAM memory~~RJStevensMusicPresentationCreator.Program~0000000004
2024-12-14 21:47:55.3756~ WARN~System.UnauthorizedAccessException: Access to the registry key 'HKEY_LOCAL_MACHINE\Software\R.J. Stevens Music\Hymns for Worship Electronic Edition\2.3.8843.25471' is denied.%CRLF%   at Microsoft.Win32.RegistryKey.Win32Error(Int32 errorCode, String str)%CRLF%   at Microsoft.Win32.RegistryKey.CreateSubKeyInternal(String subkey, RegistryKeyPermissionCheck permissionCheck, Object registrySecurityObj, RegistryOptions registryOptions)%CRLF%   at Microsoft.Win32.RegistryKey.CreateSubKey(String subkey)%CRLF%   at RJStevensMusicPresentationCreator.Program.Main() in D:\Repos\RJSM\Presentation Creator Application\Applications\PresentationCreator15\Program.cs:line 151~System.UnauthorizedAccessException: Access to the registry key 'HKEY_LOCAL_MACHINE\Software\R.J. Stevens Music\Hymns for Worship Electronic Edition\2.3.8843.25471' is denied.%CRLF%   at Microsoft.Win32.RegistryKey.Win32Error(Int32 errorCode, String str)%CRLF%   at Microsoft.Win32.RegistryKey.CreateSubKeyInternal(String subkey, RegistryKeyPermissionCheck permissionCheck, Object registrySecurityObj, RegistryOptions registryOptions)%CRLF%   at Microsoft.Win32.RegistryKey.CreateSubKey(String subkey)%CRLF%   at RJStevensMusicPresentationCreator.Program.Main() in D:\Repos\RJSM\Presentation Creator Application\Applications\PresentationCreator15\Program.cs:line 151~RJStevensMusicPresentationCreator.Program~0000000005
2024-12-14 21:47:55.3956~ INFO~UserRegKey: HKEY_CURRENT_USER\Software\R.J. Stevens Music\Hymns for Worship Electronic Edition~~RJStevensMusicPresentationCreator.Program~0000000006
2024-12-14 21:47:55.3956~ INFO~HymnalInformationFile: C:\ProgramData\Application Data\R.J. Stevens Music\Hymns for Worship Electronic Edition\Information.hixml~~RJStevensMusicPresentationCreator.Program~0000000007
2024-12-14 21:47:55.3956~ INFO~RegKey: HKEY_CURRENT_USER\Software\R.J. Stevens Music\Hymns for Worship Electronic Edition~~RJStevensMusicPresentationCreator.RJSMRegistry~0000000008
2024-12-14 21:47:55.3956~ INFO~ProductApplicationDataFolder: C:\ProgramData\Application Data\R.J. Stevens Music\Hymns for Worship Electronic Edition~~RJStevensMusicPresentationCreator.RJSMRegistry~0000000009
2024-12-14 21:47:55.3956~ INFO~HymnalInformationFolder: C:\ProgramData\Application Data\R.J. Stevens Music\Hymns for Worship Electronic Edition~~RJStevensMusicPresentationCreator.RJSMRegistry~0000000010
2024-12-14 21:47:55.3956~ INFO~SlideTemplateFolder: C:\ProgramData\Application Data\R.J. Stevens Music\Hymns for Worship Electronic Edition\Templates~~RJStevensMusicPresentationCreator.RJSMRegistry~0000000011
2024-12-14 21:47:55.4066~ INFO~LastExecutedDeploymentVersion: 0.0.0.0~~RJStevensMusicPresentationCreator.RJSMRegistry~0000000012
2024-12-14 21:47:55.4066~ INFO~SelectedHymnal: <All>~~RJStevensMusicPresentationCreator.RJSMRegistry~0000000013
2024-12-14 21:47:55.4066~ INFO~SelectedTemplate: Single Slide Template (Fast Transition)~~RJStevensMusicPresentationCreator.RJSMRegistry~0000000014
2024-12-14 21:47:55.4066~ INFO~LastImportFolder: C:\Users\cofc_\OneDrive\Desktop~~RJStevensMusicPresentationCreator.RJSMRegistry~0000000015
2024-12-14 21:47:55.4066~ INFO~DisplayTools: True~~RJStevensMusicPresentationCreator.RJSMRegistry~0000000016
2024-12-14 21:47:55.4066~ INFO~HymnList: True~~RJStevensMusicPresentationCreator.RJSMRegistry~0000000017
2024-12-14 21:47:55.4066~ INFO~HymnText: True~~RJStevensMusicPresentationCreator.RJSMRegistry~0000000018
2024-12-14 21:47:55.4066~ INFO~HymnalSelection: True~~RJStevensMusicPresentationCreator.RJSMRegistry~0000000019
2024-12-14 21:47:55.4066~ INFO~TemplateSelection: True~~RJStevensMusicPresentationCreator.RJSMRegistry~0000000020
2024-12-14 21:47:55.4066~ INFO~FillWindow: True~~RJStevensMusicPresentationCreator.RJSMRegistry~0000000021
2024-12-14 21:47:55.4066~ INFO~PresenterImage: True~~RJStevensMusicPresentationCreator.RJSMRegistry~0000000022
2024-12-14 21:47:55.4236~ INFO~SelectorWindowPosition: Normal,473,0,1020,779~~RJStevensMusicPresentationCreator.RJSMRegistry~0000000023
2024-12-14 21:47:55.4236~ INFO~SlideWindowPosition: Normal,0,0,0,0~~RJStevensMusicPresentationCreator.RJSMRegistry~0000000024
2024-12-14 21:47:55.4236~ INFO~ViewSplitPosition: 0.0249003984063745019920318725~~RJStevensMusicPresentationCreator.RJSMRegistry~0000000025
2024-12-14 21:47:55.4236~ INFO~HymnsSplitPosition: 0.0238473767885532591414944356~~RJStevensMusicPresentationCreator.RJSMRegistry~0000000026
2024-12-14 21:47:55.4236~ INFO~HymnsListSplitPosition: 18.2~~RJStevensMusicPresentationCreator.RJSMRegistry~0000000027
2024-12-14 21:47:55.4236~ INFO~InternalViewerSplitPosition: 0.15~~RJStevensMusicPresentationCreator.RJSMRegistry~0000000028
2024-12-14 21:47:55.4236~ INFO~DateOfFirstLicenseCheck: 3/15/2020 12:00:00 AM~~RJStevensMusicPresentationCreator.RJSMRegistry~0000000029
2024-12-14 21:47:55.4236~ INFO~ProductImprovementConsent: True~~RJStevensMusicPresentationCreator.RJSMRegistry~0000000030
2024-12-14 21:47:55.4236~ INFO~RevisedPrinting: 15~~RJStevensMusicPresentationCreator.RJSMRegistry~0000000031
2024-12-14 21:47:55.4236~TRACE~   Is fast disk? True~~RJStevensMusicPresentationCreator.Program~0000000032
2024-12-14 21:47:56.0257~ WARN~More than one hymn exists with "20214" as the number.~~RJStevensMusicPresentationCreator.Program~0000000033
2024-12-14 21:47:56.0257~ WARN~More than one hymn exists with "20731" as the number.~~RJStevensMusicPresentationCreator.Program~0000000034
2024-12-14 21:47:56.0257~ WARN~More than one hymn exists with "21339" as the number.~~RJStevensMusicPresentationCreator.Program~0000000035
2024-12-14 21:47:56.0257~ WARN~More than one hymn exists with "1031" as the number.~~RJStevensMusicPresentationCreator.Program~0000000036
2024-12-14 21:47:56.0257~ WARN~More than one hymn exists with "1061" as the number.~~RJStevensMusicPresentationCreator.Program~0000000037
2024-12-14 21:47:56.0257~ WARN~More than one hymn exists with "1064" as the number.~~RJStevensMusicPresentationCreator.Program~0000000038
2024-12-14 21:47:56.0257~ WARN~More than one hymn exists with "1066" as the number.~~RJStevensMusicPresentationCreator.Program~0000000039
2024-12-14 21:47:56.0257~ WARN~More than one hymn exists with "1109" as the number.~~RJStevensMusicPresentationCreator.Program~0000000040
2024-12-14 21:48:08.5894~DEBUG~-> DownloadFile(url = "https://faas-nyc1-2ef2e6cc.doserverless.co/api/v1/web/fn-dd7f8f6a-d32a-4f5e-ae7b-870dfb7963f3/downloads/bundle?id=000000000000003", filename = "C:\Users\cofc_\AppData\Local\Temp\tmpFF5.tmp\rjsec001.ZIP", message = "rjsec001")~~RJStevensMusicPresentationCreator.Program~0000000041
2024-12-14 21:48:09.9554~DEBUG~download completed~~RJStevensMusicPresentationCreator.Program~0000000042
2024-12-14 21:48:09.9554~DEBUG~<- DownloadFile(url = "https://faas-nyc1-2ef2e6cc.doserverless.co/api/v1/web/fn-dd7f8f6a-d32a-4f5e-ae7b-870dfb7963f3/downloads/bundle?id=000000000000003", filename = "C:\Users\cofc_\AppData\Local\Temp\tmpFF5.tmp\rjsec001.ZIP", message = "rjsec001")~~RJStevensMusicPresentationCreator.Program~0000000043
2024-12-14 21:48:09.9774~DEBUG~-> ExtractAllFromFile(zipFileName = "C:\Users\cofc_\AppData\Local\Temp\tmpFF5.tmp\rjsec001.ZIP", decompressedFolder = "C:\Users\cofc_\AppData\Local\Temp\tmp1565.tmp", message = "rjsec001")~~RJStevensMusicPresentationCreator.Program~0000000044
2024-12-14 21:48:10.2764~DEBUG~extract completed~~RJStevensMusicPresentationCreator.Program~0000000045
2024-12-14 21:48:10.2764~DEBUG~<- ExtractAllFromFile(zipFileName = "C:\Users\cofc_\AppData\Local\Temp\tmpFF5.tmp\rjsec001.ZIP", decompressedFolder = "C:\Users\cofc_\AppData\Local\Temp\tmp1565.tmp", message = "rjsec001")~~RJStevensMusicPresentationCreator.Program~0000000046
2024-12-14 21:48:10.3414~DEBUG~-> DownloadFile(url = "https://faas-nyc1-2ef2e6cc.doserverless.co/api/v1/web/fn-dd7f8f6a-d32a-4f5e-ae7b-870dfb7963f3/downloads/bundle?id=000000000000004", filename = "C:\Users\cofc_\AppData\Local\Temp\tmp16CD.tmp\rjsec002.ZIP", message = "rjsec002")~~RJStevensMusicPresentationCreator.Program~0000000047
2024-12-14 21:48:10.5735~DEBUG~download completed~~RJStevensMusicPresentationCreator.Program~0000000048
2024-12-14 21:48:10.5735~DEBUG~<- DownloadFile(url = "https://faas-nyc1-2ef2e6cc.doserverless.co/api/v1/web/fn-dd7f8f6a-d32a-4f5e-ae7b-870dfb7963f3/downloads/bundle?id=000000000000004", filename = "C:\Users\cofc_\AppData\Local\Temp\tmp16CD.tmp\rjsec002.ZIP", message = "rjsec002")~~RJStevensMusicPresentationCreator.Program~0000000049
2024-12-14 21:48:10.5905~DEBUG~-> ExtractAllFromFile(zipFileName = "C:\Users\cofc_\AppData\Local\Temp\tmp16CD.tmp\rjsec002.ZIP", decompressedFolder = "C:\Users\cofc_\AppData\Local\Temp\tmp17C8.tmp", message = "rjsec002")~~RJStevensMusicPresentationCreator.Program~0000000050
2024-12-14 21:48:10.8759~DEBUG~extract completed~~RJStevensMusicPresentationCreator.Program~0000000051
2024-12-14 21:48:10.8759~DEBUG~<- ExtractAllFromFile(zipFileName = "C:\Users\cofc_\AppData\Local\Temp\tmp16CD.tmp\rjsec002.ZIP", decompressedFolder = "C:\Users\cofc_\AppData\Local\Temp\tmp17C8.tmp", message = "rjsec002")~~RJStevensMusicPresentationCreator.Program~0000000052
2024-12-14 21:48:10.9529~DEBUG~-> DownloadFile(url = "https://faas-nyc1-2ef2e6cc.doserverless.co/api/v1/web/fn-dd7f8f6a-d32a-4f5e-ae7b-870dfb7963f3/downloads/bundle?id=000000000000006", filename = "C:\Users\cofc_\AppData\Local\Temp\tmp1930.tmp\rjsec004.ZIP", message = "rjsec004")~~RJStevensMusicPresentationCreator.Program~0000000053
2024-12-14 21:48:11.1779~DEBUG~download completed~~RJStevensMusicPresentationCreator.Program~0000000054
2024-12-14 21:48:11.1779~DEBUG~<- DownloadFile(url = "https://faas-nyc1-2ef2e6cc.doserverless.co/api/v1/web/fn-dd7f8f6a-d32a-4f5e-ae7b-870dfb7963f3/downloads/bundle?id=000000000000006", filename = "C:\Users\cofc_\AppData\Local\Temp\tmp1930.tmp\rjsec004.ZIP", message = "rjsec004")~~RJStevensMusicPresentationCreator.Program~0000000055
2024-12-14 21:48:11.1959~DEBUG~-> ExtractAllFromFile(zipFileName = "C:\Users\cofc_\AppData\Local\Temp\tmp1930.tmp\rjsec004.ZIP", decompressedFolder = "C:\Users\cofc_\AppData\Local\Temp\tmp1A2B.tmp", message = "rjsec004")~~RJStevensMusicPresentationCreator.Program~0000000056
2024-12-14 21:48:11.3919~DEBUG~extract completed~~RJStevensMusicPresentationCreator.Program~0000000057
2024-12-14 21:48:11.3919~DEBUG~<- ExtractAllFromFile(zipFileName = "C:\Users\cofc_\AppData\Local\Temp\tmp1930.tmp\rjsec004.ZIP", decompressedFolder = "C:\Users\cofc_\AppData\Local\Temp\tmp1A2B.tmp", message = "rjsec004")~~RJStevensMusicPresentationCreator.Program~0000000058
2024-12-14 21:48:11.4500~DEBUG~-> DownloadFile(url = "https://faas-nyc1-2ef2e6cc.doserverless.co/api/v1/web/fn-dd7f8f6a-d32a-4f5e-ae7b-870dfb7963f3/downloads/bundle?id=000000000000008", filename = "C:\Users\cofc_\AppData\Local\Temp\tmp1B26.tmp\rjsec006.ZIP", message = "rjsec006")~~RJStevensMusicPresentationCreator.Program~0000000059
2024-12-14 21:48:11.6400~DEBUG~download completed~~RJStevensMusicPresentationCreator.Program~0000000060
2024-12-14 21:48:11.6410~DEBUG~<- DownloadFile(url = "https://faas-nyc1-2ef2e6cc.doserverless.co/api/v1/web/fn-dd7f8f6a-d32a-4f5e-ae7b-870dfb7963f3/downloads/bundle?id=000000000000008", filename = "C:\Users\cofc_\AppData\Local\Temp\tmp1B26.tmp\rjsec006.ZIP", message = "rjsec006")~~RJStevensMusicPresentationCreator.Program~0000000061
2024-12-14 21:48:11.6410~DEBUG~-> ExtractAllFromFile(zipFileName = "C:\Users\cofc_\AppData\Local\Temp\tmp1B26.tmp\rjsec006.ZIP", decompressedFolder = "C:\Users\cofc_\AppData\Local\Temp\tmp1BF2.tmp", message = "rjsec006")~~RJStevensMusicPresentationCreator.Program~0000000062
2024-12-14 21:48:11.8510~DEBUG~extract completed~~RJStevensMusicPresentationCreator.Program~0000000063
2024-12-14 21:48:11.8510~DEBUG~<- ExtractAllFromFile(zipFileName = "C:\Users\cofc_\AppData\Local\Temp\tmp1B26.tmp\rjsec006.ZIP", decompressedFolder = "C:\Users\cofc_\AppData\Local\Temp\tmp1BF2.tmp", message = "rjsec006")~~RJStevensMusicPresentationCreator.Program~0000000064
2024-12-14 21:48:11.9080~DEBUG~-> DownloadFile(url = "https://faas-nyc1-2ef2e6cc.doserverless.co/api/v1/web/fn-dd7f8f6a-d32a-4f5e-ae7b-870dfb7963f3/downloads/bundle?id=000000000000010", filename = "C:\Users\cofc_\AppData\Local\Temp\tmp1CFD.tmp\rjsec008.ZIP", message = "rjsec008")~~RJStevensMusicPresentationCreator.Program~0000000065
2024-12-14 21:48:12.1280~DEBUG~download completed~~RJStevensMusicPresentationCreator.Program~0000000066
2024-12-14 21:48:12.1280~DEBUG~<- DownloadFile(url = "https://faas-nyc1-2ef2e6cc.doserverless.co/api/v1/web/fn-dd7f8f6a-d32a-4f5e-ae7b-870dfb7963f3/downloads/bundle?id=000000000000010", filename = "C:\Users\cofc_\AppData\Local\Temp\tmp1CFD.tmp\rjsec008.ZIP", message = "rjsec008")~~RJStevensMusicPresentationCreator.Program~0000000067
2024-12-14 21:48:12.1480~DEBUG~-> ExtractAllFromFile(zipFileName = "C:\Users\cofc_\AppData\Local\Temp\tmp1CFD.tmp\rjsec008.ZIP", decompressedFolder = "C:\Users\cofc_\AppData\Local\Temp\tmp1DE8.tmp", message = "rjsec008")~~RJStevensMusicPresentationCreator.Program~0000000068
2024-12-14 21:48:12.3670~DEBUG~extract completed~~RJStevensMusicPresentationCreator.Program~0000000069
2024-12-14 21:48:12.3670~DEBUG~<- ExtractAllFromFile(zipFileName = "C:\Users\cofc_\AppData\Local\Temp\tmp1CFD.tmp\rjsec008.ZIP", decompressedFolder = "C:\Users\cofc_\AppData\Local\Temp\tmp1DE8.tmp", message = "rjsec008")~~RJStevensMusicPresentationCreator.Program~0000000070
2024-12-14 21:48:12.4300~DEBUG~-> DownloadFile(url = "https://faas-nyc1-2ef2e6cc.doserverless.co/api/v1/web/fn-dd7f8f6a-d32a-4f5e-ae7b-870dfb7963f3/downloads/bundle?id=000000000002089", filename = "C:\Users\cofc_\AppData\Local\Temp\tmp1F03.tmp\rjsec008.15.ZIP", message = "rjsec008.15")~~RJStevensMusicPresentationCreator.Program~0000000071
2024-12-14 21:48:12.6280~DEBUG~download completed~~RJStevensMusicPresentationCreator.Program~0000000072
2024-12-14 21:48:12.6280~DEBUG~<- DownloadFile(url = "https://faas-nyc1-2ef2e6cc.doserverless.co/api/v1/web/fn-dd7f8f6a-d32a-4f5e-ae7b-870dfb7963f3/downloads/bundle?id=000000000002089", filename = "C:\Users\cofc_\AppData\Local\Temp\tmp1F03.tmp\rjsec008.15.ZIP", message = "rjsec008.15")~~RJStevensMusicPresentationCreator.Program~0000000073
2024-12-14 21:48:12.6460~DEBUG~-> ExtractAllFromFile(zipFileName = "C:\Users\cofc_\AppData\Local\Temp\tmp1F03.tmp\rjsec008.15.ZIP", decompressedFolder = "C:\Users\cofc_\AppData\Local\Temp\tmp1FDE.tmp", message = "rjsec008.15")~~RJStevensMusicPresentationCreator.Program~0000000074
2024-12-14 21:48:12.8387~DEBUG~extract completed~~RJStevensMusicPresentationCreator.Program~0000000075
2024-12-14 21:48:12.8387~DEBUG~<- ExtractAllFromFile(zipFileName = "C:\Users\cofc_\AppData\Local\Temp\tmp1F03.tmp\rjsec008.15.ZIP", decompressedFolder = "C:\Users\cofc_\AppData\Local\Temp\tmp1FDE.tmp", message = "rjsec008.15")~~RJStevensMusicPresentationCreator.Program~0000000076
2024-12-14 21:48:12.8907~DEBUG~-> DownloadFile(url = "https://faas-nyc1-2ef2e6cc.doserverless.co/api/v1/web/fn-dd7f8f6a-d32a-4f5e-ae7b-870dfb7963f3/downloads/bundle?id=000000000002090", filename = "C:\Users\cofc_\AppData\Local\Temp\tmp20CA.tmp\rjsec008.16.ZIP", message = "rjsec008.16")~~RJStevensMusicPresentationCreator.Program~0000000077
2024-12-14 21:48:13.1007~DEBUG~download completed~~RJStevensMusicPresentationCreator.Program~0000000078
2024-12-14 21:48:13.1007~DEBUG~<- DownloadFile(url = "https://faas-nyc1-2ef2e6cc.doserverless.co/api/v1/web/fn-dd7f8f6a-d32a-4f5e-ae7b-870dfb7963f3/downloads/bundle?id=000000000002090", filename = "C:\Users\cofc_\AppData\Local\Temp\tmp20CA.tmp\rjsec008.16.ZIP", message = "rjsec008.16")~~RJStevensMusicPresentationCreator.Program~0000000079
2024-12-14 21:48:13.1177~DEBUG~-> ExtractAllFromFile(zipFileName = "C:\Users\cofc_\AppData\Local\Temp\tmp20CA.tmp\rjsec008.16.ZIP", decompressedFolder = "C:\Users\cofc_\AppData\Local\Temp\tmp21B5.tmp", message = "rjsec008.16")~~RJStevensMusicPresentationCreator.Program~0000000080
2024-12-14 21:48:13.3618~DEBUG~extract completed~~RJStevensMusicPresentationCreator.Program~0000000081
2024-12-14 21:48:13.3618~DEBUG~<- ExtractAllFromFile(zipFileName = "C:\Users\cofc_\AppData\Local\Temp\tmp20CA.tmp\rjsec008.16.ZIP", decompressedFolder = "C:\Users\cofc_\AppData\Local\Temp\tmp21B5.tmp", message = "rjsec008.16")~~RJStevensMusicPresentationCreator.Program~0000000082
2024-12-14 21:48:13.4208~DEBUG~-> DownloadFile(url = "https://faas-nyc1-2ef2e6cc.doserverless.co/api/v1/web/fn-dd7f8f6a-d32a-4f5e-ae7b-870dfb7963f3/downloads/bundle?id=000000000000012", filename = "C:\Users\cofc_\AppData\Local\Temp\tmp22DF.tmp\rjsec010.ZIP", message = "rjsec010")~~RJStevensMusicPresentationCreator.Program~0000000083
2024-12-14 21:48:13.6548~DEBUG~download completed~~RJStevensMusicPresentationCreator.Program~0000000084
2024-12-14 21:48:13.6548~DEBUG~<- DownloadFile(url = "https://faas-nyc1-2ef2e6cc.doserverless.co/api/v1/web/fn-dd7f8f6a-d32a-4f5e-ae7b-870dfb7963f3/downloads/bundle?id=000000000000012", filename = "C:\Users\cofc_\AppData\Local\Temp\tmp22DF.tmp\rjsec010.ZIP", message = "rjsec010")~~RJStevensMusicPresentationCreator.Program~0000000085
2024-12-14 21:48:13.6768~DEBUG~-> ExtractAllFromFile(zipFileName = "C:\Users\cofc_\AppData\Local\Temp\tmp22DF.tmp\rjsec010.ZIP", decompressedFolder = "C:\Users\cofc_\AppData\Local\Temp\tmp23EA.tmp", message = "rjsec010")~~RJStevensMusicPresentationCreator.Program~0000000086
2024-12-14 21:48:13.8895~DEBUG~extract completed~~RJStevensMusicPresentationCreator.Program~0000000087
2024-12-14 21:48:13.8925~DEBUG~<- ExtractAllFromFile(zipFileName = "C:\Users\cofc_\AppData\Local\Temp\tmp22DF.tmp\rjsec010.ZIP", decompressedFolder = "C:\Users\cofc_\AppData\Local\Temp\tmp23EA.tmp", message = "rjsec010")~~RJStevensMusicPresentationCreator.Program~0000000088
2024-12-14 21:48:13.9495~DEBUG~-> DownloadFile(url = "https://faas-nyc1-2ef2e6cc.doserverless.co/api/v1/web/fn-dd7f8f6a-d32a-4f5e-ae7b-870dfb7963f3/downloads/bundle?id=000000000000013", filename = "C:\Users\cofc_\AppData\Local\Temp\tmp24F4.tmp\rjsec011.ZIP", message = "rjsec011")~~RJStevensMusicPresentationCreator.Program~0000000089
2024-12-14 21:48:14.1865~DEBUG~download completed~~RJStevensMusicPresentationCreator.Program~0000000090
2024-12-14 21:48:14.1865~DEBUG~<- DownloadFile(url = "https://faas-nyc1-2ef2e6cc.doserverless.co/api/v1/web/fn-dd7f8f6a-d32a-4f5e-ae7b-870dfb7963f3/downloads/bundle?id=000000000000013", filename = "C:\Users\cofc_\AppData\Local\Temp\tmp24F4.tmp\rjsec011.ZIP", message = "rjsec011")~~RJStevensMusicPresentationCreator.Program~0000000091
2024-12-14 21:48:14.2035~DEBUG~-> ExtractAllFromFile(zipFileName = "C:\Users\cofc_\AppData\Local\Temp\tmp24F4.tmp\rjsec011.ZIP", decompressedFolder = "C:\Users\cofc_\AppData\Local\Temp\tmp25FF.tmp", message = "rjsec011")~~RJStevensMusicPresentationCreator.Program~0000000092
2024-12-14 21:48:14.5142~DEBUG~extract completed~~RJStevensMusicPresentationCreator.Program~0000000093
2024-12-14 21:48:14.5162~DEBUG~<- ExtractAllFromFile(zipFileName = "C:\Users\cofc_\AppData\Local\Temp\tmp24F4.tmp\rjsec011.ZIP", decompressedFolder = "C:\Users\cofc_\AppData\Local\Temp\tmp25FF.tmp", message = "rjsec011")~~RJStevensMusicPresentationCreator.Program~0000000094
2024-12-14 21:48:14.5812~DEBUG~-> DownloadFile(url = "https://faas-nyc1-2ef2e6cc.doserverless.co/api/v1/web/fn-dd7f8f6a-d32a-4f5e-ae7b-870dfb7963f3/downloads/bundle?id=000000000000014", filename = "C:\Users\cofc_\AppData\Local\Temp\tmp2777.tmp\rjsec012.ZIP", message = "rjsec012")~~RJStevensMusicPresentationCreator.Program~0000000095
2024-12-14 21:48:14.7952~DEBUG~download completed~~RJStevensMusicPresentationCreator.Program~0000000096
2024-12-14 21:48:14.7952~DEBUG~<- DownloadFile(url = "https://faas-nyc1-2ef2e6cc.doserverless.co/api/v1/web/fn-dd7f8f6a-d32a-4f5e-ae7b-870dfb7963f3/downloads/bundle?id=000000000000014", filename = "C:\Users\cofc_\AppData\Local\Temp\tmp2777.tmp\rjsec012.ZIP", message = "rjsec012")~~RJStevensMusicPresentationCreator.Program~0000000097
2024-12-14 21:48:14.8102~DEBUG~-> ExtractAllFromFile(zipFileName = "C:\Users\cofc_\AppData\Local\Temp\tmp2777.tmp\rjsec012.ZIP", decompressedFolder = "C:\Users\cofc_\AppData\Local\Temp\tmp2853.tmp", message = "rjsec012")~~RJStevensMusicPresentationCreator.Program~0000000098
2024-12-14 21:48:15.0302~DEBUG~extract completed~~RJStevensMusicPresentationCreator.Program~0000000099
2024-12-14 21:48:15.0342~DEBUG~<- ExtractAllFromFile(zipFileName = "C:\Users\cofc_\AppData\Local\Temp\tmp2777.tmp\rjsec012.ZIP", decompressedFolder = "C:\Users\cofc_\AppData\Local\Temp\tmp2853.tmp", message = "rjsec012")~~RJStevensMusicPresentationCreator.Program~0000000100
2024-12-14 21:48:15.0882~DEBUG~-> DownloadFile(url = "https://faas-nyc1-2ef2e6cc.doserverless.co/api/v1/web/fn-dd7f8f6a-d32a-4f5e-ae7b-870dfb7963f3/downloads/bundle?id=000000000000017", filename = "C:\Users\cofc_\AppData\Local\Temp\tmp296D.tmp\rjsec014.ZIP", message = "rjsec014")~~RJStevensMusicPresentationCreator.Program~0000000101
2024-12-14 21:48:15.2833~DEBUG~download completed~~RJStevensMusicPresentationCreator.Program~0000000102
2024-12-14 21:48:15.2833~DEBUG~<- DownloadFile(url = "https://faas-nyc1-2ef2e6cc.doserverless.co/api/v1/web/fn-dd7f8f6a-d32a-4f5e-ae7b-870dfb7963f3/downloads/bundle?id=000000000000017", filename = "C:\Users\cofc_\AppData\Local\Temp\tmp296D.tmp\rjsec014.ZIP", message = "rjsec014")~~RJStevensMusicPresentationCreator.Program~0000000103
2024-12-14 21:48:15.3023~DEBUG~-> ExtractAllFromFile(zipFileName = "C:\Users\cofc_\AppData\Local\Temp\tmp296D.tmp\rjsec014.ZIP", decompressedFolder = "C:\Users\cofc_\AppData\Local\Temp\tmp2A49.tmp", message = "rjsec014")~~RJStevensMusicPresentationCreator.Program~0000000104
2024-12-14 21:48:15.5263~DEBUG~extract completed~~RJStevensMusicPresentationCreator.Program~0000000105
2024-12-14 21:48:15.5263~DEBUG~<- ExtractAllFromFile(zipFileName = "C:\Users\cofc_\AppData\Local\Temp\tmp296D.tmp\rjsec014.ZIP", decompressedFolder = "C:\Users\cofc_\AppData\Local\Temp\tmp2A49.tmp", message = "rjsec014")~~RJStevensMusicPresentationCreator.Program~0000000106
2024-12-14 21:48:15.5933~DEBUG~-> DownloadFile(url = "https://faas-nyc1-2ef2e6cc.doserverless.co/api/v1/web/fn-dd7f8f6a-d32a-4f5e-ae7b-870dfb7963f3/downloads/bundle?id=000000000000019", filename = "C:\Users\cofc_\AppData\Local\Temp\tmp2B63.tmp\rjsec016.ZIP", message = "rjsec016")~~RJStevensMusicPresentationCreator.Program~0000000107
2024-12-14 21:48:16.1743~DEBUG~download completed~~RJStevensMusicPresentationCreator.Program~0000000108
2024-12-14 21:48:16.1743~DEBUG~<- DownloadFile(url = "https://faas-nyc1-2ef2e6cc.doserverless.co/api/v1/web/fn-dd7f8f6a-d32a-4f5e-ae7b-870dfb7963f3/downloads/bundle?id=000000000000019", filename = "C:\Users\cofc_\AppData\Local\Temp\tmp2B63.tmp\rjsec016.ZIP", message = "rjsec016")~~RJStevensMusicPresentationCreator.Program~0000000109
2024-12-14 21:48:16.1953~DEBUG~-> ExtractAllFromFile(zipFileName = "C:\Users\cofc_\AppData\Local\Temp\tmp2B63.tmp\rjsec016.ZIP", decompressedFolder = "C:\Users\cofc_\AppData\Local\Temp\tmp2DC5.tmp", message = "rjsec016")~~RJStevensMusicPresentationCreator.Program~0000000110
2024-12-14 21:48:16.4931~DEBUG~extract completed~~RJStevensMusicPresentationCreator.Program~0000000111
2024-12-14 21:48:16.4931~DEBUG~<- ExtractAllFromFile(zipFileName = "C:\Users\cofc_\AppData\Local\Temp\tmp2B63.tmp\rjsec016.ZIP", decompressedFolder = "C:\Users\cofc_\AppData\Local\Temp\tmp2DC5.tmp", message = "rjsec016")~~RJStevensMusicPresentationCreator.Program~0000000112
2024-12-14 21:48:16.5661~DEBUG~-> DownloadFile(url = "https://faas-nyc1-2ef2e6cc.doserverless.co/api/v1/web/fn-dd7f8f6a-d32a-4f5e-ae7b-870dfb7963f3/downloads/bundle?id=000000000000020", filename = "C:\Users\cofc_\AppData\Local\Temp\tmp2F3D.tmp\rjsec017.ZIP", message = "rjsec017")~~RJStevensMusicPresentationCreator.Program~0000000113
2024-12-14 21:48:16.7771~DEBUG~download completed~~RJStevensMusicPresentationCreator.Program~0000000114
2024-12-14 21:48:16.7771~DEBUG~<- DownloadFile(url = "https://faas-nyc1-2ef2e6cc.doserverless.co/api/v1/web/fn-dd7f8f6a-d32a-4f5e-ae7b-870dfb7963f3/downloads/bundle?id=000000000000020", filename = "C:\Users\cofc_\AppData\Local\Temp\tmp2F3D.tmp\rjsec017.ZIP", message = "rjsec017")~~RJStevensMusicPresentationCreator.Program~0000000115
2024-12-14 21:48:16.7921~DEBUG~-> ExtractAllFromFile(zipFileName = "C:\Users\cofc_\AppData\Local\Temp\tmp2F3D.tmp\rjsec017.ZIP", decompressedFolder = "C:\Users\cofc_\AppData\Local\Temp\tmp3019.tmp", message = "rjsec017")~~RJStevensMusicPresentationCreator.Program~0000000116
2024-12-14 21:48:16.9845~DEBUG~extract completed~~RJStevensMusicPresentationCreator.Program~0000000117
2024-12-14 21:48:16.9885~DEBUG~<- ExtractAllFromFile(zipFileName = "C:\Users\cofc_\AppData\Local\Temp\tmp2F3D.tmp\rjsec017.ZIP", decompressedFolder = "C:\Users\cofc_\AppData\Local\Temp\tmp3019.tmp", message = "rjsec017")~~RJStevensMusicPresentationCreator.Program~0000000118
2024-12-14 21:48:17.0385~DEBUG~-> DownloadFile(url = "https://faas-nyc1-2ef2e6cc.doserverless.co/api/v1/web/fn-dd7f8f6a-d32a-4f5e-ae7b-870dfb7963f3/downloads/bundle?id=000000000000021", filename = "C:\Users\cofc_\AppData\Local\Temp\tmp3114.tmp\rjsec018.ZIP", message = "rjsec018")~~RJStevensMusicPresentationCreator.Program~0000000119
2024-12-14 21:48:17.2685~DEBUG~download completed~~RJStevensMusicPresentationCreator.Program~0000000120
2024-12-14 21:48:17.2685~DEBUG~<- DownloadFile(url = "https://faas-nyc1-2ef2e6cc.doserverless.co/api/v1/web/fn-dd7f8f6a-d32a-4f5e-ae7b-870dfb7963f3/downloads/bundle?id=000000000000021", filename = "C:\Users\cofc_\AppData\Local\Temp\tmp3114.tmp\rjsec018.ZIP", message = "rjsec018")~~RJStevensMusicPresentationCreator.Program~0000000121
2024-12-14 21:48:17.2885~DEBUG~-> ExtractAllFromFile(zipFileName = "C:\Users\cofc_\AppData\Local\Temp\tmp3114.tmp\rjsec018.ZIP", decompressedFolder = "C:\Users\cofc_\AppData\Local\Temp\tmp320F.tmp", message = "rjsec018")~~RJStevensMusicPresentationCreator.Program~0000000122
2024-12-14 21:48:17.6359~DEBUG~extract completed~~RJStevensMusicPresentationCreator.Program~0000000123
2024-12-14 21:48:17.6419~DEBUG~<- ExtractAllFromFile(zipFileName = "C:\Users\cofc_\AppData\Local\Temp\tmp3114.tmp\rjsec018.ZIP", decompressedFolder = "C:\Users\cofc_\AppData\Local\Temp\tmp320F.tmp", message = "rjsec018")~~RJStevensMusicPresentationCreator.Program~0000000124
2024-12-14 21:48:17.7209~DEBUG~-> DownloadFile(url = "https://faas-nyc1-2ef2e6cc.doserverless.co/api/v1/web/fn-dd7f8f6a-d32a-4f5e-ae7b-870dfb7963f3/downloads/bundle?id=000000000000022", filename = "C:\Users\cofc_\AppData\Local\Temp\tmp33C6.tmp\rjsec019.ZIP", message = "rjsec019")~~RJStevensMusicPresentationCreator.Program~0000000125
2024-12-14 21:48:17.9269~DEBUG~download completed~~RJStevensMusicPresentationCreator.Program~0000000126
2024-12-14 21:48:17.9269~DEBUG~<- DownloadFile(url = "https://faas-nyc1-2ef2e6cc.doserverless.co/api/v1/web/fn-dd7f8f6a-d32a-4f5e-ae7b-870dfb7963f3/downloads/bundle?id=000000000000022", filename = "C:\Users\cofc_\AppData\Local\Temp\tmp33C6.tmp\rjsec019.ZIP", message = "rjsec019")~~RJStevensMusicPresentationCreator.Program~0000000127
2024-12-14 21:48:17.9429~DEBUG~-> ExtractAllFromFile(zipFileName = "C:\Users\cofc_\AppData\Local\Temp\tmp33C6.tmp\rjsec019.ZIP", decompressedFolder = "C:\Users\cofc_\AppData\Local\Temp\tmp34A1.tmp", message = "rjsec019")~~RJStevensMusicPresentationCreator.Program~0000000128
2024-12-14 21:48:18.1959~DEBUG~extract completed~~RJStevensMusicPresentationCreator.Program~0000000129
2024-12-14 21:48:18.1959~DEBUG~<- ExtractAllFromFile(zipFileName = "C:\Users\cofc_\AppData\Local\Temp\tmp33C6.tmp\rjsec019.ZIP", decompressedFolder = "C:\Users\cofc_\AppData\Local\Temp\tmp34A1.tmp", message = "rjsec019")~~RJStevensMusicPresentationCreator.Program~0000000130
2024-12-14 21:48:18.2609~DEBUG~-> DownloadFile(url = "https://faas-nyc1-2ef2e6cc.doserverless.co/api/v1/web/fn-dd7f8f6a-d32a-4f5e-ae7b-870dfb7963f3/downloads/bundle?id=000000000000023", filename = "C:\Users\cofc_\AppData\Local\Temp\tmp35DB.tmp\rjsec020.ZIP", message = "rjsec020")~~RJStevensMusicPresentationCreator.Program~0000000131
2024-12-14 21:48:18.4539~DEBUG~download completed~~RJStevensMusicPresentationCreator.Program~0000000132
2024-12-14 21:48:18.4539~DEBUG~<- DownloadFile(url = "https://faas-nyc1-2ef2e6cc.doserverless.co/api/v1/web/fn-dd7f8f6a-d32a-4f5e-ae7b-870dfb7963f3/downloads/bundle?id=000000000000023", filename = "C:\Users\cofc_\AppData\Local\Temp\tmp35DB.tmp\rjsec020.ZIP", message = "rjsec020")~~RJStevensMusicPresentationCreator.Program~0000000133
2024-12-14 21:48:18.4729~DEBUG~-> ExtractAllFromFile(zipFileName = "C:\Users\cofc_\AppData\Local\Temp\tmp35DB.tmp\rjsec020.ZIP", decompressedFolder = "C:\Users\cofc_\AppData\Local\Temp\tmp36B7.tmp", message = "rjsec020")~~RJStevensMusicPresentationCreator.Program~0000000134
2024-12-14 21:48:18.6740~DEBUG~extract completed~~RJStevensMusicPresentationCreator.Program~0000000135
2024-12-14 21:48:18.6740~DEBUG~<- ExtractAllFromFile(zipFileName = "C:\Users\cofc_\AppData\Local\Temp\tmp35DB.tmp\rjsec020.ZIP", decompressedFolder = "C:\Users\cofc_\AppData\Local\Temp\tmp36B7.tmp", message = "rjsec020")~~RJStevensMusicPresentationCreator.Program~0000000136
2024-12-14 21:48:18.7290~DEBUG~-> DownloadFile(url = "https://faas-nyc1-2ef2e6cc.doserverless.co/api/v1/web/fn-dd7f8f6a-d32a-4f5e-ae7b-870dfb7963f3/downloads/bundle?id=000000000000024", filename = "C:\Users\cofc_\AppData\Local\Temp\tmp37B2.tmp\rjsec021.ZIP", message = "rjsec021")~~RJStevensMusicPresentationCreator.Program~0000000137
2024-12-14 21:48:18.9690~DEBUG~download completed~~RJStevensMusicPresentationCreator.Program~0000000138
2024-12-14 21:48:18.9690~DEBUG~<- DownloadFile(url = "https://faas-nyc1-2ef2e6cc.doserverless.co/api/v1/web/fn-dd7f8f6a-d32a-4f5e-ae7b-870dfb7963f3/downloads/bundle?id=000000000000024", filename = "C:\Users\cofc_\AppData\Local\Temp\tmp37B2.tmp\rjsec021.ZIP", message = "rjsec021")~~RJStevensMusicPresentationCreator.Program~0000000139
2024-12-14 21:48:18.9890~DEBUG~-> ExtractAllFromFile(zipFileName = "C:\Users\cofc_\AppData\Local\Temp\tmp37B2.tmp\rjsec021.ZIP", decompressedFolder = "C:\Users\cofc_\AppData\Local\Temp\tmp38BC.tmp", message = "rjsec021")~~RJStevensMusicPresentationCreator.Program~0000000140
2024-12-14 21:48:19.2470~DEBUG~extract completed~~RJStevensMusicPresentationCreator.Program~0000000141
2024-12-14 21:48:19.2470~DEBUG~<- ExtractAllFromFile(zipFileName = "C:\Users\cofc_\AppData\Local\Temp\tmp37B2.tmp\rjsec021.ZIP", decompressedFolder = "C:\Users\cofc_\AppData\Local\Temp\tmp38BC.tmp", message = "rjsec021")~~RJStevensMusicPresentationCreator.Program~0000000142
2024-12-14 21:48:19.3110~DEBUG~-> DownloadFile(url = "https://faas-nyc1-2ef2e6cc.doserverless.co/api/v1/web/fn-dd7f8f6a-d32a-4f5e-ae7b-870dfb7963f3/downloads/bundle?id=000000000000027", filename = "C:\Users\cofc_\AppData\Local\Temp\tmp39F6.tmp\rjsec024.ZIP", message = "rjsec024")~~RJStevensMusicPresentationCreator.Program~0000000143
2024-12-14 21:48:19.4950~DEBUG~download completed~~RJStevensMusicPresentationCreator.Program~0000000144
2024-12-14 21:48:19.4950~DEBUG~<- DownloadFile(url = "https://faas-nyc1-2ef2e6cc.doserverless.co/api/v1/web/fn-dd7f8f6a-d32a-4f5e-ae7b-870dfb7963f3/downloads/bundle?id=000000000000027", filename = "C:\Users\cofc_\AppData\Local\Temp\tmp39F6.tmp\rjsec024.ZIP", message = "rjsec024")~~RJStevensMusicPresentationCreator.Program~0000000145
2024-12-14 21:48:19.5150~DEBUG~-> ExtractAllFromFile(zipFileName = "C:\Users\cofc_\AppData\Local\Temp\tmp39F6.tmp\rjsec024.ZIP", decompressedFolder = "C:\Users\cofc_\AppData\Local\Temp\tmp3AC2.tmp", message = "rjsec024")~~RJStevensMusicPresentationCreator.Program~0000000146
2024-12-14 21:48:19.7120~DEBUG~extract completed~~RJStevensMusicPresentationCreator.Program~0000000147
2024-12-14 21:48:19.7120~DEBUG~<- ExtractAllFromFile(zipFileName = "C:\Users\cofc_\AppData\Local\Temp\tmp39F6.tmp\rjsec024.ZIP", decompressedFolder = "C:\Users\cofc_\AppData\Local\Temp\tmp3AC2.tmp", message = "rjsec024")~~RJStevensMusicPresentationCreator.Program~0000000148
2024-12-14 21:48:19.7710~DEBUG~-> DownloadFile(url = "https://faas-nyc1-2ef2e6cc.doserverless.co/api/v1/web/fn-dd7f8f6a-d32a-4f5e-ae7b-870dfb7963f3/downloads/bundle?id=000000000000028", filename = "C:\Users\cofc_\AppData\Local\Temp\tmp3BCC.tmp\rjsec025.ZIP", message = "rjsec025")~~RJStevensMusicPresentationCreator.Program~0000000149
2024-12-14 21:48:19.9591~DEBUG~download completed~~RJStevensMusicPresentationCreator.Program~0000000150
2024-12-14 21:48:19.9591~DEBUG~<- DownloadFile(url = "https://faas-nyc1-2ef2e6cc.doserverless.co/api/v1/web/fn-dd7f8f6a-d32a-4f5e-ae7b-870dfb7963f3/downloads/bundle?id=000000000000028", filename = "C:\Users\cofc_\AppData\Local\Temp\tmp3BCC.tmp\rjsec025.ZIP", message = "rjsec025")~~RJStevensMusicPresentationCreator.Program~0000000151
2024-12-14 21:48:19.9781~DEBUG~-> ExtractAllFromFile(zipFileName = "C:\Users\cofc_\AppData\Local\Temp\tmp3BCC.tmp\rjsec025.ZIP", decompressedFolder = "C:\Users\cofc_\AppData\Local\Temp\tmp3C99.tmp", message = "rjsec025")~~RJStevensMusicPresentationCreator.Program~0000000152
2024-12-14 21:48:20.1991~DEBUG~extract completed~~RJStevensMusicPresentationCreator.Program~0000000153
2024-12-14 21:48:20.1991~DEBUG~<- ExtractAllFromFile(zipFileName = "C:\Users\cofc_\AppData\Local\Temp\tmp3BCC.tmp\rjsec025.ZIP", decompressedFolder = "C:\Users\cofc_\AppData\Local\Temp\tmp3C99.tmp", message = "rjsec025")~~RJStevensMusicPresentationCreator.Program~0000000154
2024-12-14 21:48:20.2581~DEBUG~-> DownloadFile(url = "https://faas-nyc1-2ef2e6cc.doserverless.co/api/v1/web/fn-dd7f8f6a-d32a-4f5e-ae7b-870dfb7963f3/downloads/bundle?id=000000000000029", filename = "C:\Users\cofc_\AppData\Local\Temp\tmp3DB3.tmp\rjsec026.ZIP", message = "rjsec026")~~RJStevensMusicPresentationCreator.Program~0000000155
2024-12-14 21:48:20.4471~DEBUG~download completed~~RJStevensMusicPresentationCreator.Program~0000000156
2024-12-14 21:48:20.4471~DEBUG~<- DownloadFile(url = "https://faas-nyc1-2ef2e6cc.doserverless.co/api/v1/web/fn-dd7f8f6a-d32a-4f5e-ae7b-870dfb7963f3/downloads/bundle?id=000000000000029", filename = "C:\Users\cofc_\AppData\Local\Temp\tmp3DB3.tmp\rjsec026.ZIP", message = "rjsec026")~~RJStevensMusicPresentationCreator.Program~0000000157
2024-12-14 21:48:20.4611~DEBUG~-> ExtractAllFromFile(zipFileName = "C:\Users\cofc_\AppData\Local\Temp\tmp3DB3.tmp\rjsec026.ZIP", decompressedFolder = "C:\Users\cofc_\AppData\Local\Temp\tmp3E7F.tmp", message = "rjsec026")~~RJStevensMusicPresentationCreator.Program~0000000158
2024-12-14 21:48:20.6521~DEBUG~extract completed~~RJStevensMusicPresentationCreator.Program~0000000159
2024-12-14 21:48:20.6521~DEBUG~<- ExtractAllFromFile(zipFileName = "C:\Users\cofc_\AppData\Local\Temp\tmp3DB3.tmp\rjsec026.ZIP", decompressedFolder = "C:\Users\cofc_\AppData\Local\Temp\tmp3E7F.tmp", message = "rjsec026")~~RJStevensMusicPresentationCreator.Program~0000000160
2024-12-14 21:48:20.7101~DEBUG~-> DownloadFile(url = "https://faas-nyc1-2ef2e6cc.doserverless.co/api/v1/web/fn-dd7f8f6a-d32a-4f5e-ae7b-870dfb7963f3/downloads/bundle?id=000000000000030", filename = "C:\Users\cofc_\AppData\Local\Temp\tmp3F7A.tmp\rjsec027.ZIP", message = "rjsec027")~~RJStevensMusicPresentationCreator.Program~0000000161
2024-12-14 21:48:20.9151~DEBUG~download completed~~RJStevensMusicPresentationCreator.Program~0000000162
2024-12-14 21:48:20.9151~DEBUG~<- DownloadFile(url = "https://faas-nyc1-2ef2e6cc.doserverless.co/api/v1/web/fn-dd7f8f6a-d32a-4f5e-ae7b-870dfb7963f3/downloads/bundle?id=000000000000030", filename = "C:\Users\cofc_\AppData\Local\Temp\tmp3F7A.tmp\rjsec027.ZIP", message = "rjsec027")~~RJStevensMusicPresentationCreator.Program~0000000163
2024-12-14 21:48:20.9331~DEBUG~-> ExtractAllFromFile(zipFileName = "C:\Users\cofc_\AppData\Local\Temp\tmp3F7A.tmp\rjsec027.ZIP", decompressedFolder = "C:\Users\cofc_\AppData\Local\Temp\tmp4056.tmp", message = "rjsec027")~~RJStevensMusicPresentationCreator.Program~0000000164
2024-12-14 21:48:21.2061~DEBUG~extract completed~~RJStevensMusicPresentationCreator.Program~0000000165
2024-12-14 21:48:21.2061~DEBUG~<- ExtractAllFromFile(zipFileName = "C:\Users\cofc_\AppData\Local\Temp\tmp3F7A.tmp\rjsec027.ZIP", decompressedFolder = "C:\Users\cofc_\AppData\Local\Temp\tmp4056.tmp", message = "rjsec027")~~RJStevensMusicPresentationCreator.Program~0000000166
2024-12-14 21:48:21.2752~DEBUG~-> DownloadFile(url = "https://faas-nyc1-2ef2e6cc.doserverless.co/api/v1/web/fn-dd7f8f6a-d32a-4f5e-ae7b-870dfb7963f3/downloads/bundle?id=000000000000031", filename = "C:\Users\cofc_\AppData\Local\Temp\tmp41AE.tmp\rjsec028.ZIP", message = "rjsec028")~~RJStevensMusicPresentationCreator.Program~0000000167
2024-12-14 21:48:21.4932~DEBUG~download completed~~RJStevensMusicPresentationCreator.Program~0000000168
2024-12-14 21:48:21.4932~DEBUG~<- DownloadFile(url = "https://faas-nyc1-2ef2e6cc.doserverless.co/api/v1/web/fn-dd7f8f6a-d32a-4f5e-ae7b-870dfb7963f3/downloads/bundle?id=000000000000031", filename = "C:\Users\cofc_\AppData\Local\Temp\tmp41AE.tmp\rjsec028.ZIP", message = "rjsec028")~~RJStevensMusicPresentationCreator.Program~0000000169
2024-12-14 21:48:21.5102~DEBUG~-> ExtractAllFromFile(zipFileName = "C:\Users\cofc_\AppData\Local\Temp\tmp41AE.tmp\rjsec028.ZIP", decompressedFolder = "C:\Users\cofc_\AppData\Local\Temp\tmp429A.tmp", message = "rjsec028")~~RJStevensMusicPresentationCreator.Program~0000000170
2024-12-14 21:48:21.7312~DEBUG~extract completed~~RJStevensMusicPresentationCreator.Program~0000000171
2024-12-14 21:48:21.7312~DEBUG~<- ExtractAllFromFile(zipFileName = "C:\Users\cofc_\AppData\Local\Temp\tmp41AE.tmp\rjsec028.ZIP", decompressedFolder = "C:\Users\cofc_\AppData\Local\Temp\tmp429A.tmp", message = "rjsec028")~~RJStevensMusicPresentationCreator.Program~0000000172
2024-12-14 21:48:21.7892~DEBUG~-> DownloadFile(url = "https://faas-nyc1-2ef2e6cc.doserverless.co/api/v1/web/fn-dd7f8f6a-d32a-4f5e-ae7b-870dfb7963f3/downloads/bundle?id=000000000000033", filename = "C:\Users\cofc_\AppData\Local\Temp\tmp43B4.tmp\rjsec030.ZIP", message = "rjsec030")~~RJStevensMusicPresentationCreator.Program~0000000173
2024-12-14 21:48:22.0242~DEBUG~download completed~~RJStevensMusicPresentationCreator.Program~0000000174
2024-12-14 21:48:22.0242~DEBUG~<- DownloadFile(url = "https://faas-nyc1-2ef2e6cc.doserverless.co/api/v1/web/fn-dd7f8f6a-d32a-4f5e-ae7b-870dfb7963f3/downloads/bundle?id=000000000000033", filename = "C:\Users\cofc_\AppData\Local\Temp\tmp43B4.tmp\rjsec030.ZIP", message = "rjsec030")~~RJStevensMusicPresentationCreator.Program~0000000175
2024-12-14 21:48:22.0402~DEBUG~-> ExtractAllFromFile(zipFileName = "C:\Users\cofc_\AppData\Local\Temp\tmp43B4.tmp\rjsec030.ZIP", decompressedFolder = "C:\Users\cofc_\AppData\Local\Temp\tmp44AF.tmp", message = "rjsec030")~~RJStevensMusicPresentationCreator.Program~0000000176
2024-12-14 21:48:22.2482~DEBUG~extract completed~~RJStevensMusicPresentationCreator.Program~0000000177
2024-12-14 21:48:22.2532~DEBUG~<- ExtractAllFromFile(zipFileName = "C:\Users\cofc_\AppData\Local\Temp\tmp43B4.tmp\rjsec030.ZIP", decompressedFolder = "C:\Users\cofc_\AppData\Local\Temp\tmp44AF.tmp", message = "rjsec030")~~RJStevensMusicPresentationCreator.Program~0000000178
2024-12-14 21:48:22.3102~DEBUG~-> DownloadFile(url = "https://faas-nyc1-2ef2e6cc.doserverless.co/api/v1/web/fn-dd7f8f6a-d32a-4f5e-ae7b-870dfb7963f3/downloads/bundle?id=000000000000035", filename = "C:\Users\cofc_\AppData\Local\Temp\tmp45BA.tmp\rjsec032.ZIP", message = "rjsec032")~~RJStevensMusicPresentationCreator.Program~0000000179
2024-12-14 21:48:22.4942~DEBUG~download completed~~RJStevensMusicPresentationCreator.Program~0000000180
2024-12-14 21:48:22.4942~DEBUG~<- DownloadFile(url = "https://faas-nyc1-2ef2e6cc.doserverless.co/api/v1/web/fn-dd7f8f6a-d32a-4f5e-ae7b-870dfb7963f3/downloads/bundle?id=000000000000035", filename = "C:\Users\cofc_\AppData\Local\Temp\tmp45BA.tmp\rjsec032.ZIP", message = "rjsec032")~~RJStevensMusicPresentationCreator.Program~0000000181
2024-12-14 21:48:22.5132~DEBUG~-> ExtractAllFromFile(zipFileName = "C:\Users\cofc_\AppData\Local\Temp\tmp45BA.tmp\rjsec032.ZIP", decompressedFolder = "C:\Users\cofc_\AppData\Local\Temp\tmp4686.tmp", message = "rjsec032")~~RJStevensMusicPresentationCreator.Program~0000000182
2024-12-14 21:48:22.7193~DEBUG~extract completed~~RJStevensMusicPresentationCreator.Program~0000000183
2024-12-14 21:48:22.7193~DEBUG~<- ExtractAllFromFile(zipFileName = "C:\Users\cofc_\AppData\Local\Temp\tmp45BA.tmp\rjsec032.ZIP", decompressedFolder = "C:\Users\cofc_\AppData\Local\Temp\tmp4686.tmp", message = "rjsec032")~~RJStevensMusicPresentationCreator.Program~0000000184
2024-12-14 21:48:22.7763~DEBUG~-> DownloadFile(url = "https://faas-nyc1-2ef2e6cc.doserverless.co/api/v1/web/fn-dd7f8f6a-d32a-4f5e-ae7b-870dfb7963f3/downloads/bundle?id=000000000000038", filename = "C:\Users\cofc_\AppData\Local\Temp\tmp4790.tmp\rjsec035.ZIP", message = "rjsec035")~~RJStevensMusicPresentationCreator.Program~0000000185
2024-12-14 21:48:22.9813~DEBUG~download completed~~RJStevensMusicPresentationCreator.Program~0000000186
2024-12-14 21:48:22.9813~DEBUG~<- DownloadFile(url = "https://faas-nyc1-2ef2e6cc.doserverless.co/api/v1/web/fn-dd7f8f6a-d32a-4f5e-ae7b-870dfb7963f3/downloads/bundle?id=000000000000038", filename = "C:\Users\cofc_\AppData\Local\Temp\tmp4790.tmp\rjsec035.ZIP", message = "rjsec035")~~RJStevensMusicPresentationCreator.Program~0000000187
2024-12-14 21:48:22.9963~DEBUG~-> ExtractAllFromFile(zipFileName = "C:\Users\cofc_\AppData\Local\Temp\tmp4790.tmp\rjsec035.ZIP", decompressedFolder = "C:\Users\cofc_\AppData\Local\Temp\tmp486C.tmp", message = "rjsec035")~~RJStevensMusicPresentationCreator.Program~0000000188
2024-12-14 21:48:23.2023~DEBUG~extract completed~~RJStevensMusicPresentationCreator.Program~0000000189
2024-12-14 21:48:23.2053~DEBUG~<- ExtractAllFromFile(zipFileName = "C:\Users\cofc_\AppData\Local\Temp\tmp4790.tmp\rjsec035.ZIP", decompressedFolder = "C:\Users\cofc_\AppData\Local\Temp\tmp486C.tmp", message = "rjsec035")~~RJStevensMusicPresentationCreator.Program~0000000190
2024-12-14 21:48:23.2623~DEBUG~-> DownloadFile(url = "https://faas-nyc1-2ef2e6cc.doserverless.co/api/v1/web/fn-dd7f8f6a-d32a-4f5e-ae7b-870dfb7963f3/downloads/bundle?id=000000000000040", filename = "C:\Users\cofc_\AppData\Local\Temp\tmp4977.tmp\rjsec037.ZIP", message = "rjsec037")~~RJStevensMusicPresentationCreator.Program~0000000191
2024-12-14 21:48:23.4453~DEBUG~download completed~~RJStevensMusicPresentationCreator.Program~0000000192
2024-12-14 21:48:23.4453~DEBUG~<- DownloadFile(url = "https://faas-nyc1-2ef2e6cc.doserverless.co/api/v1/web/fn-dd7f8f6a-d32a-4f5e-ae7b-870dfb7963f3/downloads/bundle?id=000000000000040", filename = "C:\Users\cofc_\AppData\Local\Temp\tmp4977.tmp\rjsec037.ZIP", message = "rjsec037")~~RJStevensMusicPresentationCreator.Program~0000000193
2024-12-14 21:48:23.4593~DEBUG~-> ExtractAllFromFile(zipFileName = "C:\Users\cofc_\AppData\Local\Temp\tmp4977.tmp\rjsec037.ZIP", decompressedFolder = "C:\Users\cofc_\AppData\Local\Temp\tmp4A43.tmp", message = "rjsec037")~~RJStevensMusicPresentationCreator.Program~0000000194
2024-12-14 21:48:23.6633~DEBUG~extract completed~~RJStevensMusicPresentationCreator.Program~0000000195
2024-12-14 21:48:23.6633~DEBUG~<- ExtractAllFromFile(zipFileName = "C:\Users\cofc_\AppData\Local\Temp\tmp4977.tmp\rjsec037.ZIP", decompressedFolder = "C:\Users\cofc_\AppData\Local\Temp\tmp4A43.tmp", message = "rjsec037")~~RJStevensMusicPresentationCreator.Program~0000000196
2024-12-14 21:48:23.7163~DEBUG~-> DownloadFile(url = "https://faas-nyc1-2ef2e6cc.doserverless.co/api/v1/web/fn-dd7f8f6a-d32a-4f5e-ae7b-870dfb7963f3/downloads/bundle?id=000000000000042", filename = "C:\Users\cofc_\AppData\Local\Temp\tmp4B3E.tmp\rjsec039.ZIP", message = "rjsec039")~~RJStevensMusicPresentationCreator.Program~0000000197
2024-12-14 21:48:23.9453~DEBUG~download completed~~RJStevensMusicPresentationCreator.Program~0000000198
2024-12-14 21:48:23.9453~DEBUG~<- DownloadFile(url = "https://faas-nyc1-2ef2e6cc.doserverless.co/api/v1/web/fn-dd7f8f6a-d32a-4f5e-ae7b-870dfb7963f3/downloads/bundle?id=000000000000042", filename = "C:\Users\cofc_\AppData\Local\Temp\tmp4B3E.tmp\rjsec039.ZIP", message = "rjsec039")~~RJStevensMusicPresentationCreator.Program~0000000199
2024-12-14 21:48:23.9593~DEBUG~-> ExtractAllFromFile(zipFileName = "C:\Users\cofc_\AppData\Local\Temp\tmp4B3E.tmp\rjsec039.ZIP", decompressedFolder = "C:\Users\cofc_\AppData\Local\Temp\tmp4C39.tmp", message = "rjsec039")~~RJStevensMusicPresentationCreator.Program~0000000200
2024-12-14 21:48:24.1954~DEBUG~extract completed~~RJStevensMusicPresentationCreator.Program~0000000201
2024-12-14 21:48:24.1954~DEBUG~<- ExtractAllFromFile(zipFileName = "C:\Users\cofc_\AppData\Local\Temp\tmp4B3E.tmp\rjsec039.ZIP", decompressedFolder = "C:\Users\cofc_\AppData\Local\Temp\tmp4C39.tmp", message = "rjsec039")~~RJStevensMusicPresentationCreator.Program~0000000202
2024-12-14 21:48:24.2614~DEBUG~-> DownloadFile(url = "https://faas-nyc1-2ef2e6cc.doserverless.co/api/v1/web/fn-dd7f8f6a-d32a-4f5e-ae7b-870dfb7963f3/downloads/bundle?id=000000000000043", filename = "C:\Users\cofc_\AppData\Local\Temp\tmp4D63.tmp\rjsec039.15.ZIP", message = "rjsec039.15")~~RJStevensMusicPresentationCreator.Program~0000000203
2024-12-14 21:48:25.0604~DEBUG~download completed~~RJStevensMusicPresentationCreator.Program~0000000204
2024-12-14 21:48:25.0604~DEBUG~<- DownloadFile(url = "https://faas-nyc1-2ef2e6cc.doserverless.co/api/v1/web/fn-dd7f8f6a-d32a-4f5e-ae7b-870dfb7963f3/downloads/bundle?id=000000000000043", filename = "C:\Users\cofc_\AppData\Local\Temp\tmp4D63.tmp\rjsec039.15.ZIP", message = "rjsec039.15")~~RJStevensMusicPresentationCreator.Program~0000000205
2024-12-14 21:48:25.0744~DEBUG~-> ExtractAllFromFile(zipFileName = "C:\Users\cofc_\AppData\Local\Temp\tmp4D63.tmp\rjsec039.15.ZIP", decompressedFolder = "C:\Users\cofc_\AppData\Local\Temp\tmp5090.tmp", message = "rjsec039.15")~~RJStevensMusicPresentationCreator.Program~0000000206
2024-12-14 21:48:25.3715~DEBUG~extract completed~~RJStevensMusicPresentationCreator.Program~0000000207
2024-12-14 21:48:25.3715~DEBUG~<- ExtractAllFromFile(zipFileName = "C:\Users\cofc_\AppData\Local\Temp\tmp4D63.tmp\rjsec039.15.ZIP", decompressedFolder = "C:\Users\cofc_\AppData\Local\Temp\tmp5090.tmp", message = "rjsec039.15")~~RJStevensMusicPresentationCreator.Program~0000000208
2024-12-14 21:48:25.4515~DEBUG~-> DownloadFile(url = "https://faas-nyc1-2ef2e6cc.doserverless.co/api/v1/web/fn-dd7f8f6a-d32a-4f5e-ae7b-870dfb7963f3/downloads/bundle?id=000000000000045", filename = "C:\Users\cofc_\AppData\Local\Temp\tmp5208.tmp\rjsec041.ZIP", message = "rjsec041")~~RJStevensMusicPresentationCreator.Program~0000000209
2024-12-14 21:48:25.6465~DEBUG~download completed~~RJStevensMusicPresentationCreator.Program~0000000210
2024-12-14 21:48:25.6465~DEBUG~<- DownloadFile(url = "https://faas-nyc1-2ef2e6cc.doserverless.co/api/v1/web/fn-dd7f8f6a-d32a-4f5e-ae7b-870dfb7963f3/downloads/bundle?id=000000000000045", filename = "C:\Users\cofc_\AppData\Local\Temp\tmp5208.tmp\rjsec041.ZIP", message = "rjsec041")~~RJStevensMusicPresentationCreator.Program~0000000211
2024-12-14 21:48:25.6625~DEBUG~-> ExtractAllFromFile(zipFileName = "C:\Users\cofc_\AppData\Local\Temp\tmp5208.tmp\rjsec041.ZIP", decompressedFolder = "C:\Users\cofc_\AppData\Local\Temp\tmp52E4.tmp", message = "rjsec041")~~RJStevensMusicPresentationCreator.Program~0000000212
2024-12-14 21:48:25.8583~DEBUG~extract completed~~RJStevensMusicPresentationCreator.Program~0000000213
2024-12-14 21:48:25.8613~DEBUG~<- ExtractAllFromFile(zipFileName = "C:\Users\cofc_\AppData\Local\Temp\tmp5208.tmp\rjsec041.ZIP", decompressedFolder = "C:\Users\cofc_\AppData\Local\Temp\tmp52E4.tmp", message = "rjsec041")~~RJStevensMusicPresentationCreator.Program~0000000214
2024-12-14 21:48:25.9173~DEBUG~-> DownloadFile(url = "https://faas-nyc1-2ef2e6cc.doserverless.co/api/v1/web/fn-dd7f8f6a-d32a-4f5e-ae7b-870dfb7963f3/downloads/bundle?id=000000000000046", filename = "C:\Users\cofc_\AppData\Local\Temp\tmp53DF.tmp\rjsec041.15.ZIP", message = "rjsec041.15")~~RJStevensMusicPresentationCreator.Program~0000000215
2024-12-14 21:48:26.3904~DEBUG~download completed~~RJStevensMusicPresentationCreator.Program~0000000216
2024-12-14 21:48:26.3914~DEBUG~<- DownloadFile(url = "https://faas-nyc1-2ef2e6cc.doserverless.co/api/v1/web/fn-dd7f8f6a-d32a-4f5e-ae7b-870dfb7963f3/downloads/bundle?id=000000000000046", filename = "C:\Users\cofc_\AppData\Local\Temp\tmp53DF.tmp\rjsec041.15.ZIP", message = "rjsec041.15")~~RJStevensMusicPresentationCreator.Program~0000000217
2024-12-14 21:48:26.4074~DEBUG~-> ExtractAllFromFile(zipFileName = "C:\Users\cofc_\AppData\Local\Temp\tmp53DF.tmp\rjsec041.15.ZIP", decompressedFolder = "C:\Users\cofc_\AppData\Local\Temp\tmp55C4.tmp", message = "rjsec041.15")~~RJStevensMusicPresentationCreator.Program~0000000218
2024-12-14 21:48:26.6484~DEBUG~extract completed~~RJStevensMusicPresentationCreator.Program~0000000219
2024-12-14 21:48:26.6484~DEBUG~<- ExtractAllFromFile(zipFileName = "C:\Users\cofc_\AppData\Local\Temp\tmp53DF.tmp\rjsec041.15.ZIP", decompressedFolder = "C:\Users\cofc_\AppData\Local\Temp\tmp55C4.tmp", message = "rjsec041.15")~~RJStevensMusicPresentationCreator.Program~0000000220
2024-12-14 21:48:26.7114~DEBUG~-> DownloadFile(url = "https://faas-nyc1-2ef2e6cc.doserverless.co/api/v1/web/fn-dd7f8f6a-d32a-4f5e-ae7b-870dfb7963f3/downloads/bundle?id=000000000000048", filename = "C:\Users\cofc_\AppData\Local\Temp\tmp56FE.tmp\rjsec043.ZIP", message = "rjsec043")~~RJStevensMusicPresentationCreator.Program~0000000221
2024-12-14 21:48:26.9034~DEBUG~download completed~~RJStevensMusicPresentationCreator.Program~0000000222
2024-12-14 21:48:26.9034~DEBUG~<- DownloadFile(url = "https://faas-nyc1-2ef2e6cc.doserverless.co/api/v1/web/fn-dd7f8f6a-d32a-4f5e-ae7b-870dfb7963f3/downloads/bundle?id=000000000000048", filename = "C:\Users\cofc_\AppData\Local\Temp\tmp56FE.tmp\rjsec043.ZIP", message = "rjsec043")~~RJStevensMusicPresentationCreator.Program~0000000223
2024-12-14 21:48:26.9174~DEBUG~-> ExtractAllFromFile(zipFileName = "C:\Users\cofc_\AppData\Local\Temp\tmp56FE.tmp\rjsec043.ZIP", decompressedFolder = "C:\Users\cofc_\AppData\Local\Temp\tmp57CA.tmp", message = "rjsec043")~~RJStevensMusicPresentationCreator.Program~0000000224
2024-12-14 21:48:27.1084~DEBUG~extract completed~~RJStevensMusicPresentationCreator.Program~0000000225
2024-12-14 21:48:27.1114~DEBUG~<- ExtractAllFromFile(zipFileName = "C:\Users\cofc_\AppData\Local\Temp\tmp56FE.tmp\rjsec043.ZIP", decompressedFolder = "C:\Users\cofc_\AppData\Local\Temp\tmp57CA.tmp", message = "rjsec043")~~RJStevensMusicPresentationCreator.Program~0000000226
2024-12-14 21:48:27.1664~DEBUG~-> DownloadFile(url = "https://faas-nyc1-2ef2e6cc.doserverless.co/api/v1/web/fn-dd7f8f6a-d32a-4f5e-ae7b-870dfb7963f3/downloads/bundle?id=000000000000049", filename = "C:\Users\cofc_\AppData\Local\Temp\tmp58C5.tmp\rjsec044.ZIP", message = "rjsec044")~~RJStevensMusicPresentationCreator.Program~0000000227
2024-12-14 21:48:27.4145~DEBUG~download completed~~RJStevensMusicPresentationCreator.Program~0000000228
2024-12-14 21:48:27.4145~DEBUG~<- DownloadFile(url = "https://faas-nyc1-2ef2e6cc.doserverless.co/api/v1/web/fn-dd7f8f6a-d32a-4f5e-ae7b-870dfb7963f3/downloads/bundle?id=000000000000049", filename = "C:\Users\cofc_\AppData\Local\Temp\tmp58C5.tmp\rjsec044.ZIP", message = "rjsec044")~~RJStevensMusicPresentationCreator.Program~0000000229
2024-12-14 21:48:27.4345~DEBUG~-> ExtractAllFromFile(zipFileName = "C:\Users\cofc_\AppData\Local\Temp\tmp58C5.tmp\rjsec044.ZIP", decompressedFolder = "C:\Users\cofc_\AppData\Local\Temp\tmp59D0.tmp", message = "rjsec044")~~RJStevensMusicPresentationCreator.Program~0000000230
2024-12-14 21:48:27.7265~DEBUG~extract completed~~RJStevensMusicPresentationCreator.Program~0000000231
2024-12-14 21:48:27.7265~DEBUG~<- ExtractAllFromFile(zipFileName = "C:\Users\cofc_\AppData\Local\Temp\tmp58C5.tmp\rjsec044.ZIP", decompressedFolder = "C:\Users\cofc_\AppData\Local\Temp\tmp59D0.tmp", message = "rjsec044")~~RJStevensMusicPresentationCreator.Program~0000000232
2024-12-14 21:48:27.7975~DEBUG~-> DownloadFile(url = "https://faas-nyc1-2ef2e6cc.doserverless.co/api/v1/web/fn-dd7f8f6a-d32a-4f5e-ae7b-870dfb7963f3/downloads/bundle?id=000000000000050", filename = "C:\Users\cofc_\AppData\Local\Temp\tmp5B38.tmp\rjsec045.ZIP", message = "rjsec045")~~RJStevensMusicPresentationCreator.Program~0000000233
2024-12-14 21:48:27.9855~DEBUG~download completed~~RJStevensMusicPresentationCreator.Program~0000000234
2024-12-14 21:48:27.9855~DEBUG~<- DownloadFile(url = "https://faas-nyc1-2ef2e6cc.doserverless.co/api/v1/web/fn-dd7f8f6a-d32a-4f5e-ae7b-870dfb7963f3/downloads/bundle?id=000000000000050", filename = "C:\Users\cofc_\AppData\Local\Temp\tmp5B38.tmp\rjsec045.ZIP", message = "rjsec045")~~RJStevensMusicPresentationCreator.Program~0000000235
2024-12-14 21:48:28.0015~DEBUG~-> ExtractAllFromFile(zipFileName = "C:\Users\cofc_\AppData\Local\Temp\tmp5B38.tmp\rjsec045.ZIP", decompressedFolder = "C:\Users\cofc_\AppData\Local\Temp\tmp5C14.tmp", message = "rjsec045")~~RJStevensMusicPresentationCreator.Program~0000000236
2024-12-14 21:48:28.1965~DEBUG~extract completed~~RJStevensMusicPresentationCreator.Program~0000000237
2024-12-14 21:48:28.1965~DEBUG~<- ExtractAllFromFile(zipFileName = "C:\Users\cofc_\AppData\Local\Temp\tmp5B38.tmp\rjsec045.ZIP", decompressedFolder = "C:\Users\cofc_\AppData\Local\Temp\tmp5C14.tmp", message = "rjsec045")~~RJStevensMusicPresentationCreator.Program~0000000238
2024-12-14 21:48:28.2615~DEBUG~-> DownloadFile(url = "https://faas-nyc1-2ef2e6cc.doserverless.co/api/v1/web/fn-dd7f8f6a-d32a-4f5e-ae7b-870dfb7963f3/downloads/bundle?id=000000000000051", filename = "C:\Users\cofc_\AppData\Local\Temp\tmp5D0F.tmp\rjsec046.ZIP", message = "rjsec046")~~RJStevensMusicPresentationCreator.Program~0000000239
2024-12-14 21:48:28.4735~DEBUG~download completed~~RJStevensMusicPresentationCreator.Program~0000000240
2024-12-14 21:48:28.4735~DEBUG~<- DownloadFile(url = "https://faas-nyc1-2ef2e6cc.doserverless.co/api/v1/web/fn-dd7f8f6a-d32a-4f5e-ae7b-870dfb7963f3/downloads/bundle?id=000000000000051", filename = "C:\Users\cofc_\AppData\Local\Temp\tmp5D0F.tmp\rjsec046.ZIP", message = "rjsec046")~~RJStevensMusicPresentationCreator.Program~0000000241
2024-12-14 21:48:28.4895~DEBUG~-> ExtractAllFromFile(zipFileName = "C:\Users\cofc_\AppData\Local\Temp\tmp5D0F.tmp\rjsec046.ZIP", decompressedFolder = "C:\Users\cofc_\AppData\Local\Temp\tmp5DFA.tmp", message = "rjsec046")~~RJStevensMusicPresentationCreator.Program~0000000242
2024-12-14 21:48:28.7586~DEBUG~extract completed~~RJStevensMusicPresentationCreator.Program~0000000243
2024-12-14 21:48:28.7586~DEBUG~<- ExtractAllFromFile(zipFileName = "C:\Users\cofc_\AppData\Local\Temp\tmp5D0F.tmp\rjsec046.ZIP", decompressedFolder = "C:\Users\cofc_\AppData\Local\Temp\tmp5DFA.tmp", message = "rjsec046")~~RJStevensMusicPresentationCreator.Program~0000000244
2024-12-14 21:48:28.8306~DEBUG~-> DownloadFile(url = "https://faas-nyc1-2ef2e6cc.doserverless.co/api/v1/web/fn-dd7f8f6a-d32a-4f5e-ae7b-870dfb7963f3/downloads/bundle?id=000000000000052", filename = "C:\Users\cofc_\AppData\Local\Temp\tmp5F53.tmp\rjsec047.ZIP", message = "rjsec047")~~RJStevensMusicPresentationCreator.Program~0000000245
2024-12-14 21:48:29.0086~DEBUG~download completed~~RJStevensMusicPresentationCreator.Program~0000000246
2024-12-14 21:48:29.0086~DEBUG~<- DownloadFile(url = "https://faas-nyc1-2ef2e6cc.doserverless.co/api/v1/web/fn-dd7f8f6a-d32a-4f5e-ae7b-870dfb7963f3/downloads/bundle?id=000000000000052", filename = "C:\Users\cofc_\AppData\Local\Temp\tmp5F53.tmp\rjsec047.ZIP", message = "rjsec047")~~RJStevensMusicPresentationCreator.Program~0000000247
2024-12-14 21:48:29.0226~DEBUG~-> ExtractAllFromFile(zipFileName = "C:\Users\cofc_\AppData\Local\Temp\tmp5F53.tmp\rjsec047.ZIP", decompressedFolder = "C:\Users\cofc_\AppData\Local\Temp\tmp600F.tmp", message = "rjsec047")~~RJStevensMusicPresentationCreator.Program~0000000248
2024-12-14 21:48:29.1806~DEBUG~extract completed~~RJStevensMusicPresentationCreator.Program~0000000249
2024-12-14 21:48:29.1806~DEBUG~<- ExtractAllFromFile(zipFileName = "C:\Users\cofc_\AppData\Local\Temp\tmp5F53.tmp\rjsec047.ZIP", decompressedFolder = "C:\Users\cofc_\AppData\Local\Temp\tmp600F.tmp", message = "rjsec047")~~RJStevensMusicPresentationCreator.Program~0000000250
2024-12-14 21:48:29.2256~DEBUG~-> DownloadFile(url = "https://faas-nyc1-2ef2e6cc.doserverless.co/api/v1/web/fn-dd7f8f6a-d32a-4f5e-ae7b-870dfb7963f3/downloads/bundle?id=000000000000053", filename = "C:\Users\cofc_\AppData\Local\Temp\tmp60DC.tmp\rjsec048.ZIP", message = "rjsec048")~~RJStevensMusicPresentationCreator.Program~0000000251
2024-12-14 21:48:29.4566~DEBUG~download completed~~RJStevensMusicPresentationCreator.Program~0000000252
2024-12-14 21:48:29.4566~DEBUG~<- DownloadFile(url = "https://faas-nyc1-2ef2e6cc.doserverless.co/api/v1/web/fn-dd7f8f6a-d32a-4f5e-ae7b-870dfb7963f3/downloads/bundle?id=000000000000053", filename = "C:\Users\cofc_\AppData\Local\Temp\tmp60DC.tmp\rjsec048.ZIP", message = "rjsec048")~~RJStevensMusicPresentationCreator.Program~0000000253
2024-12-14 21:48:29.4786~DEBUG~-> ExtractAllFromFile(zipFileName = "C:\Users\cofc_\AppData\Local\Temp\tmp60DC.tmp\rjsec048.ZIP", decompressedFolder = "C:\Users\cofc_\AppData\Local\Temp\tmp61D7.tmp", message = "rjsec048")~~RJStevensMusicPresentationCreator.Program~0000000254
2024-12-14 21:48:29.7356~DEBUG~extract completed~~RJStevensMusicPresentationCreator.Program~0000000255
2024-12-14 21:48:29.7356~DEBUG~<- ExtractAllFromFile(zipFileName = "C:\Users\cofc_\AppData\Local\Temp\tmp60DC.tmp\rjsec048.ZIP", decompressedFolder = "C:\Users\cofc_\AppData\Local\Temp\tmp61D7.tmp", message = "rjsec048")~~RJStevensMusicPresentationCreator.Program~0000000256
2024-12-14 21:48:29.7986~DEBUG~-> DownloadFile(url = "https://faas-nyc1-2ef2e6cc.doserverless.co/api/v1/web/fn-dd7f8f6a-d32a-4f5e-ae7b-870dfb7963f3/downloads/bundle?id=000000000000054", filename = "C:\Users\cofc_\AppData\Local\Temp\tmp6320.tmp\rjsec049.ZIP", message = "rjsec049")~~RJStevensMusicPresentationCreator.Program~0000000257
2024-12-14 21:48:30.0157~DEBUG~download completed~~RJStevensMusicPresentationCreator.Program~0000000258
2024-12-14 21:48:30.0167~DEBUG~<- DownloadFile(url = "https://faas-nyc1-2ef2e6cc.doserverless.co/api/v1/web/fn-dd7f8f6a-d32a-4f5e-ae7b-870dfb7963f3/downloads/bundle?id=000000000000054", filename = "C:\Users\cofc_\AppData\Local\Temp\tmp6320.tmp\rjsec049.ZIP", message = "rjsec049")~~RJStevensMusicPresentationCreator.Program~0000000259
2024-12-14 21:48:30.0337~DEBUG~-> ExtractAllFromFile(zipFileName = "C:\Users\cofc_\AppData\Local\Temp\tmp6320.tmp\rjsec049.ZIP", decompressedFolder = "C:\Users\cofc_\AppData\Local\Temp\tmp640B.tmp", message = "rjsec049")~~RJStevensMusicPresentationCreator.Program~0000000260
2024-12-14 21:48:30.2447~DEBUG~extract completed~~RJStevensMusicPresentationCreator.Program~0000000261
2024-12-14 21:48:30.2447~DEBUG~<- ExtractAllFromFile(zipFileName = "C:\Users\cofc_\AppData\Local\Temp\tmp6320.tmp\rjsec049.ZIP", decompressedFolder = "C:\Users\cofc_\AppData\Local\Temp\tmp640B.tmp", message = "rjsec049")~~RJStevensMusicPresentationCreator.Program~0000000262
2024-12-14 21:48:30.3047~DEBUG~-> DownloadFile(url = "https://faas-nyc1-2ef2e6cc.doserverless.co/api/v1/web/fn-dd7f8f6a-d32a-4f5e-ae7b-870dfb7963f3/downloads/bundle?id=000000000000059", filename = "C:\Users\cofc_\AppData\Local\Temp\tmp6516.tmp\rjsec053.ZIP", message = "rjsec053")~~RJStevensMusicPresentationCreator.Program~0000000263
2024-12-14 21:48:30.5207~DEBUG~download completed~~RJStevensMusicPresentationCreator.Program~0000000264
2024-12-14 21:48:30.5207~DEBUG~<- DownloadFile(url = "https://faas-nyc1-2ef2e6cc.doserverless.co/api/v1/web/fn-dd7f8f6a-d32a-4f5e-ae7b-870dfb7963f3/downloads/bundle?id=000000000000059", filename = "C:\Users\cofc_\AppData\Local\Temp\tmp6516.tmp\rjsec053.ZIP", message = "rjsec053")~~RJStevensMusicPresentationCreator.Program~0000000265
2024-12-14 21:48:30.5377~DEBUG~-> ExtractAllFromFile(zipFileName = "C:\Users\cofc_\AppData\Local\Temp\tmp6516.tmp\rjsec053.ZIP", decompressedFolder = "C:\Users\cofc_\AppData\Local\Temp\tmp6601.tmp", message = "rjsec053")~~RJStevensMusicPresentationCreator.Program~0000000266
2024-12-14 21:48:30.7887~DEBUG~extract completed~~RJStevensMusicPresentationCreator.Program~0000000267
2024-12-14 21:48:30.7887~DEBUG~<- ExtractAllFromFile(zipFileName = "C:\Users\cofc_\AppData\Local\Temp\tmp6516.tmp\rjsec053.ZIP", decompressedFolder = "C:\Users\cofc_\AppData\Local\Temp\tmp6601.tmp", message = "rjsec053")~~RJStevensMusicPresentationCreator.Program~0000000268
2024-12-14 21:48:30.8547~DEBUG~-> DownloadFile(url = "https://faas-nyc1-2ef2e6cc.doserverless.co/api/v1/web/fn-dd7f8f6a-d32a-4f5e-ae7b-870dfb7963f3/downloads/bundle?id=000000000000060", filename = "C:\Users\cofc_\AppData\Local\Temp\tmp673B.tmp\rjsec054.ZIP", message = "rjsec054")~~RJStevensMusicPresentationCreator.Program~0000000269
2024-12-14 21:48:31.0707~DEBUG~download completed~~RJStevensMusicPresentationCreator.Program~0000000270
2024-12-14 21:48:31.0707~DEBUG~<- DownloadFile(url = "https://faas-nyc1-2ef2e6cc.doserverless.co/api/v1/web/fn-dd7f8f6a-d32a-4f5e-ae7b-870dfb7963f3/downloads/bundle?id=000000000000060", filename = "C:\Users\cofc_\AppData\Local\Temp\tmp673B.tmp\rjsec054.ZIP", message = "rjsec054")~~RJStevensMusicPresentationCreator.Program~0000000271
2024-12-14 21:48:31.0887~DEBUG~-> ExtractAllFromFile(zipFileName = "C:\Users\cofc_\AppData\Local\Temp\tmp673B.tmp\rjsec054.ZIP", decompressedFolder = "C:\Users\cofc_\AppData\Local\Temp\tmp6826.tmp", message = "rjsec054")~~RJStevensMusicPresentationCreator.Program~0000000272
2024-12-14 21:48:31.3708~DEBUG~extract completed~~RJStevensMusicPresentationCreator.Program~0000000273
2024-12-14 21:48:31.3708~DEBUG~<- ExtractAllFromFile(zipFileName = "C:\Users\cofc_\AppData\Local\Temp\tmp673B.tmp\rjsec054.ZIP", decompressedFolder = "C:\Users\cofc_\AppData\Local\Temp\tmp6826.tmp", message = "rjsec054")~~RJStevensMusicPresentationCreator.Program~0000000274
2024-12-14 21:48:31.4418~DEBUG~-> DownloadFile(url = "https://faas-nyc1-2ef2e6cc.doserverless.co/api/v1/web/fn-dd7f8f6a-d32a-4f5e-ae7b-870dfb7963f3/downloads/bundle?id=000000000000061", filename = "C:\Users\cofc_\AppData\Local\Temp\tmp698E.tmp\rjsec055.ZIP", message = "rjsec055")~~RJStevensMusicPresentationCreator.Program~0000000275
2024-12-14 21:48:31.6088~DEBUG~download completed~~RJStevensMusicPresentationCreator.Program~0000000276
2024-12-14 21:48:31.6088~DEBUG~<- DownloadFile(url = "https://faas-nyc1-2ef2e6cc.doserverless.co/api/v1/web/fn-dd7f8f6a-d32a-4f5e-ae7b-870dfb7963f3/downloads/bundle?id=000000000000061", filename = "C:\Users\cofc_\AppData\Local\Temp\tmp698E.tmp\rjsec055.ZIP", message = "rjsec055")~~RJStevensMusicPresentationCreator.Program~0000000277
2024-12-14 21:48:31.6218~DEBUG~-> ExtractAllFromFile(zipFileName = "C:\Users\cofc_\AppData\Local\Temp\tmp698E.tmp\rjsec055.ZIP", decompressedFolder = "C:\Users\cofc_\AppData\Local\Temp\tmp6A3B.tmp", message = "rjsec055")~~RJStevensMusicPresentationCreator.Program~0000000278
2024-12-14 21:48:31.7358~DEBUG~extract completed~~RJStevensMusicPresentationCreator.Program~0000000279
2024-12-14 21:48:31.7358~DEBUG~<- ExtractAllFromFile(zipFileName = "C:\Users\cofc_\AppData\Local\Temp\tmp698E.tmp\rjsec055.ZIP", decompressedFolder = "C:\Users\cofc_\AppData\Local\Temp\tmp6A3B.tmp", message = "rjsec055")~~RJStevensMusicPresentationCreator.Program~0000000280
2024-12-14 21:48:31.7798~DEBUG~-> DownloadFile(url = "https://faas-nyc1-2ef2e6cc.doserverless.co/api/v1/web/fn-dd7f8f6a-d32a-4f5e-ae7b-870dfb7963f3/downloads/bundle?id=000000000000062", filename = "C:\Users\cofc_\AppData\Local\Temp\tmp6AD8.tmp\rjsec056.ZIP", message = "rjsec056")~~RJStevensMusicPresentationCreator.Program~0000000281
2024-12-14 21:48:32.0128~DEBUG~download completed~~RJStevensMusicPresentationCreator.Program~0000000282
2024-12-14 21:48:32.0128~DEBUG~<- DownloadFile(url = "https://faas-nyc1-2ef2e6cc.doserverless.co/api/v1/web/fn-dd7f8f6a-d32a-4f5e-ae7b-870dfb7963f3/downloads/bundle?id=000000000000062", filename = "C:\Users\cofc_\AppData\Local\Temp\tmp6AD8.tmp\rjsec056.ZIP", message = "rjsec056")~~RJStevensMusicPresentationCreator.Program~0000000283
2024-12-14 21:48:32.0298~DEBUG~-> ExtractAllFromFile(zipFileName = "C:\Users\cofc_\AppData\Local\Temp\tmp6AD8.tmp\rjsec056.ZIP", decompressedFolder = "C:\Users\cofc_\AppData\Local\Temp\tmp6BD3.tmp", message = "rjsec056")~~RJStevensMusicPresentationCreator.Program~0000000284
2024-12-14 21:48:32.4008~DEBUG~extract completed~~RJStevensMusicPresentationCreator.Program~0000000285
2024-12-14 21:48:32.4008~DEBUG~<- ExtractAllFromFile(zipFileName = "C:\Users\cofc_\AppData\Local\Temp\tmp6AD8.tmp\rjsec056.ZIP", decompressedFolder = "C:\Users\cofc_\AppData\Local\Temp\tmp6BD3.tmp", message = "rjsec056")~~RJStevensMusicPresentationCreator.Program~0000000286
2024-12-14 21:48:32.4898~DEBUG~-> DownloadFile(url = "https://faas-nyc1-2ef2e6cc.doserverless.co/api/v1/web/fn-dd7f8f6a-d32a-4f5e-ae7b-870dfb7963f3/downloads/bundle?id=000000000000063", filename = "C:\Users\cofc_\AppData\Local\Temp\tmp6DA9.tmp\rjsec057.ZIP", message = "rjsec057")~~RJStevensMusicPresentationCreator.Program~0000000287
2024-12-14 21:48:32.6939~DEBUG~download completed~~RJStevensMusicPresentationCreator.Program~0000000288
2024-12-14 21:48:32.6939~DEBUG~<- DownloadFile(url = "https://faas-nyc1-2ef2e6cc.doserverless.co/api/v1/web/fn-dd7f8f6a-d32a-4f5e-ae7b-870dfb7963f3/downloads/bundle?id=000000000000063", filename = "C:\Users\cofc_\AppData\Local\Temp\tmp6DA9.tmp\rjsec057.ZIP", message = "rjsec057")~~RJStevensMusicPresentationCreator.Program~0000000289
2024-12-14 21:48:32.7099~DEBUG~-> ExtractAllFromFile(zipFileName = "C:\Users\cofc_\AppData\Local\Temp\tmp6DA9.tmp\rjsec057.ZIP", decompressedFolder = "C:\Users\cofc_\AppData\Local\Temp\tmp6E85.tmp", message = "rjsec057")~~RJStevensMusicPresentationCreator.Program~0000000290
2024-12-14 21:48:32.9624~DEBUG~extract completed~~RJStevensMusicPresentationCreator.Program~0000000291
2024-12-14 21:48:32.9624~DEBUG~<- ExtractAllFromFile(zipFileName = "C:\Users\cofc_\AppData\Local\Temp\tmp6DA9.tmp\rjsec057.ZIP", decompressedFolder = "C:\Users\cofc_\AppData\Local\Temp\tmp6E85.tmp", message = "rjsec057")~~RJStevensMusicPresentationCreator.Program~0000000292
2024-12-14 21:48:33.0224~DEBUG~-> DownloadFile(url = "https://faas-nyc1-2ef2e6cc.doserverless.co/api/v1/web/fn-dd7f8f6a-d32a-4f5e-ae7b-870dfb7963f3/downloads/bundle?id=000000000000065", filename = "C:\Users\cofc_\AppData\Local\Temp\tmp6FBE.tmp\rjsec059.ZIP", message = "rjsec059")~~RJStevensMusicPresentationCreator.Program~0000000293
2024-12-14 21:48:33.2404~DEBUG~download completed~~RJStevensMusicPresentationCreator.Program~0000000294
2024-12-14 21:48:33.2404~DEBUG~<- DownloadFile(url = "https://faas-nyc1-2ef2e6cc.doserverless.co/api/v1/web/fn-dd7f8f6a-d32a-4f5e-ae7b-870dfb7963f3/downloads/bundle?id=000000000000065", filename = "C:\Users\cofc_\AppData\Local\Temp\tmp6FBE.tmp\rjsec059.ZIP", message = "rjsec059")~~RJStevensMusicPresentationCreator.Program~0000000295
2024-12-14 21:48:33.2604~DEBUG~-> ExtractAllFromFile(zipFileName = "C:\Users\cofc_\AppData\Local\Temp\tmp6FBE.tmp\rjsec059.ZIP", decompressedFolder = "C:\Users\cofc_\AppData\Local\Temp\tmp70AA.tmp", message = "rjsec059")~~RJStevensMusicPresentationCreator.Program~0000000296
2024-12-14 21:48:33.4834~DEBUG~extract completed~~RJStevensMusicPresentationCreator.Program~0000000297
2024-12-14 21:48:33.4865~DEBUG~<- ExtractAllFromFile(zipFileName = "C:\Users\cofc_\AppData\Local\Temp\tmp6FBE.tmp\rjsec059.ZIP", decompressedFolder = "C:\Users\cofc_\AppData\Local\Temp\tmp70AA.tmp", message = "rjsec059")~~RJStevensMusicPresentationCreator.Program~0000000298
2024-12-14 21:48:33.5465~DEBUG~-> DownloadFile(url = "https://faas-nyc1-2ef2e6cc.doserverless.co/api/v1/web/fn-dd7f8f6a-d32a-4f5e-ae7b-870dfb7963f3/downloads/bundle?id=000000000000066", filename = "C:\Users\cofc_\AppData\Local\Temp\tmp71C4.tmp\rjsec060.ZIP", message = "rjsec060")~~RJStevensMusicPresentationCreator.Program~0000000299
2024-12-14 21:48:33.7605~DEBUG~download completed~~RJStevensMusicPresentationCreator.Program~0000000300
2024-12-14 21:48:33.7605~DEBUG~<- DownloadFile(url = "https://faas-nyc1-2ef2e6cc.doserverless.co/api/v1/web/fn-dd7f8f6a-d32a-4f5e-ae7b-870dfb7963f3/downloads/bundle?id=000000000000066", filename = "C:\Users\cofc_\AppData\Local\Temp\tmp71C4.tmp\rjsec060.ZIP", message = "rjsec060")~~RJStevensMusicPresentationCreator.Program~0000000301
2024-12-14 21:48:33.7755~DEBUG~-> ExtractAllFromFile(zipFileName = "C:\Users\cofc_\AppData\Local\Temp\tmp71C4.tmp\rjsec060.ZIP", decompressedFolder = "C:\Users\cofc_\AppData\Local\Temp\tmp72AF.tmp", message = "rjsec060")~~RJStevensMusicPresentationCreator.Program~0000000302
2024-12-14 21:48:34.0425~DEBUG~extract completed~~RJStevensMusicPresentationCreator.Program~0000000303
2024-12-14 21:48:34.0425~DEBUG~<- ExtractAllFromFile(zipFileName = "C:\Users\cofc_\AppData\Local\Temp\tmp71C4.tmp\rjsec060.ZIP", decompressedFolder = "C:\Users\cofc_\AppData\Local\Temp\tmp72AF.tmp", message = "rjsec060")~~RJStevensMusicPresentationCreator.Program~0000000304
2024-12-14 21:48:34.1115~DEBUG~-> DownloadFile(url = "https://faas-nyc1-2ef2e6cc.doserverless.co/api/v1/web/fn-dd7f8f6a-d32a-4f5e-ae7b-870dfb7963f3/downloads/bundle?id=000000000000067", filename = "C:\Users\cofc_\AppData\Local\Temp\tmp7408.tmp\rjsec061.ZIP", message = "rjsec061")~~RJStevensMusicPresentationCreator.Program~0000000305
2024-12-14 21:48:34.3206~DEBUG~download completed~~RJStevensMusicPresentationCreator.Program~0000000306
2024-12-14 21:48:34.3206~DEBUG~<- DownloadFile(url = "https://faas-nyc1-2ef2e6cc.doserverless.co/api/v1/web/fn-dd7f8f6a-d32a-4f5e-ae7b-870dfb7963f3/downloads/bundle?id=000000000000067", filename = "C:\Users\cofc_\AppData\Local\Temp\tmp7408.tmp\rjsec061.ZIP", message = "rjsec061")~~RJStevensMusicPresentationCreator.Program~0000000307
2024-12-14 21:48:34.3386~DEBUG~-> ExtractAllFromFile(zipFileName = "C:\Users\cofc_\AppData\Local\Temp\tmp7408.tmp\rjsec061.ZIP", decompressedFolder = "C:\Users\cofc_\AppData\Local\Temp\tmp74E4.tmp", message = "rjsec061")~~RJStevensMusicPresentationCreator.Program~0000000308
2024-12-14 21:48:34.6006~DEBUG~extract completed~~RJStevensMusicPresentationCreator.Program~0000000309
2024-12-14 21:48:34.6006~DEBUG~<- ExtractAllFromFile(zipFileName = "C:\Users\cofc_\AppData\Local\Temp\tmp7408.tmp\rjsec061.ZIP", decompressedFolder = "C:\Users\cofc_\AppData\Local\Temp\tmp74E4.tmp", message = "rjsec061")~~RJStevensMusicPresentationCreator.Program~0000000310
2024-12-14 21:48:34.6726~DEBUG~-> DownloadFile(url = "https://faas-nyc1-2ef2e6cc.doserverless.co/api/v1/web/fn-dd7f8f6a-d32a-4f5e-ae7b-870dfb7963f3/downloads/bundle?id=000000000000068", filename = "C:\Users\cofc_\AppData\Local\Temp\tmp762D.tmp\rjsec062.ZIP", message = "rjsec062")~~RJStevensMusicPresentationCreator.Program~0000000311
2024-12-14 21:48:34.8886~DEBUG~download completed~~RJStevensMusicPresentationCreator.Program~0000000312
2024-12-14 21:48:34.8886~DEBUG~<- DownloadFile(url = "https://faas-nyc1-2ef2e6cc.doserverless.co/api/v1/web/fn-dd7f8f6a-d32a-4f5e-ae7b-870dfb7963f3/downloads/bundle?id=000000000000068", filename = "C:\Users\cofc_\AppData\Local\Temp\tmp762D.tmp\rjsec062.ZIP", message = "rjsec062")~~RJStevensMusicPresentationCreator.Program~0000000313
2024-12-14 21:48:34.9106~DEBUG~-> ExtractAllFromFile(zipFileName = "C:\Users\cofc_\AppData\Local\Temp\tmp762D.tmp\rjsec062.ZIP", decompressedFolder = "C:\Users\cofc_\AppData\Local\Temp\tmp7728.tmp", message = "rjsec062")~~RJStevensMusicPresentationCreator.Program~0000000314
2024-12-14 21:48:35.1567~DEBUG~extract completed~~RJStevensMusicPresentationCreator.Program~0000000315
2024-12-14 21:48:35.1567~DEBUG~<- ExtractAllFromFile(zipFileName = "C:\Users\cofc_\AppData\Local\Temp\tmp762D.tmp\rjsec062.ZIP", decompressedFolder = "C:\Users\cofc_\AppData\Local\Temp\tmp7728.tmp", message = "rjsec062")~~RJStevensMusicPresentationCreator.Program~0000000316
2024-12-14 21:48:35.2247~DEBUG~-> DownloadFile(url = "https://faas-nyc1-2ef2e6cc.doserverless.co/api/v1/web/fn-dd7f8f6a-d32a-4f5e-ae7b-870dfb7963f3/downloads/bundle?id=000000000000069", filename = "C:\Users\cofc_\AppData\Local\Temp\tmp7862.tmp\rjsec063.ZIP", message = "rjsec063")~~RJStevensMusicPresentationCreator.Program~0000000317
2024-12-14 21:48:35.4217~DEBUG~download completed~~RJStevensMusicPresentationCreator.Program~0000000318
2024-12-14 21:48:35.4227~DEBUG~<- DownloadFile(url = "https://faas-nyc1-2ef2e6cc.doserverless.co/api/v1/web/fn-dd7f8f6a-d32a-4f5e-ae7b-870dfb7963f3/downloads/bundle?id=000000000000069", filename = "C:\Users\cofc_\AppData\Local\Temp\tmp7862.tmp\rjsec063.ZIP", message = "rjsec063")~~RJStevensMusicPresentationCreator.Program~0000000319
2024-12-14 21:48:35.4427~DEBUG~-> ExtractAllFromFile(zipFileName = "C:\Users\cofc_\AppData\Local\Temp\tmp7862.tmp\rjsec063.ZIP", decompressedFolder = "C:\Users\cofc_\AppData\Local\Temp\tmp793D.tmp", message = "rjsec063")~~RJStevensMusicPresentationCreator.Program~0000000320
2024-12-14 21:48:35.6957~DEBUG~extract completed~~RJStevensMusicPresentationCreator.Program~0000000321
2024-12-14 21:48:35.6957~DEBUG~<- ExtractAllFromFile(zipFileName = "C:\Users\cofc_\AppData\Local\Temp\tmp7862.tmp\rjsec063.ZIP", decompressedFolder = "C:\Users\cofc_\AppData\Local\Temp\tmp793D.tmp", message = "rjsec063")~~RJStevensMusicPresentationCreator.Program~0000000322
2024-12-14 21:48:35.7617~DEBUG~-> DownloadFile(url = "https://faas-nyc1-2ef2e6cc.doserverless.co/api/v1/web/fn-dd7f8f6a-d32a-4f5e-ae7b-870dfb7963f3/downloads/bundle?id=000000000000071", filename = "C:\Users\cofc_\AppData\Local\Temp\tmp7A77.tmp\rjsec065.ZIP", message = "rjsec065")~~RJStevensMusicPresentationCreator.Program~0000000323
2024-12-14 21:48:35.9657~DEBUG~download completed~~RJStevensMusicPresentationCreator.Program~0000000324
2024-12-14 21:48:35.9657~DEBUG~<- DownloadFile(url = "https://faas-nyc1-2ef2e6cc.doserverless.co/api/v1/web/fn-dd7f8f6a-d32a-4f5e-ae7b-870dfb7963f3/downloads/bundle?id=000000000000071", filename = "C:\Users\cofc_\AppData\Local\Temp\tmp7A77.tmp\rjsec065.ZIP", message = "rjsec065")~~RJStevensMusicPresentationCreator.Program~0000000325
2024-12-14 21:48:35.9807~DEBUG~-> ExtractAllFromFile(zipFileName = "C:\Users\cofc_\AppData\Local\Temp\tmp7A77.tmp\rjsec065.ZIP", decompressedFolder = "C:\Users\cofc_\AppData\Local\Temp\tmp7B53.tmp", message = "rjsec065")~~RJStevensMusicPresentationCreator.Program~0000000326
2024-12-14 21:48:36.2267~DEBUG~extract completed~~RJStevensMusicPresentationCreator.Program~0000000327
2024-12-14 21:48:36.2267~DEBUG~<- ExtractAllFromFile(zipFileName = "C:\Users\cofc_\AppData\Local\Temp\tmp7A77.tmp\rjsec065.ZIP", decompressedFolder = "C:\Users\cofc_\AppData\Local\Temp\tmp7B53.tmp", message = "rjsec065")~~RJStevensMusicPresentationCreator.Program~0000000328
2024-12-14 21:48:36.2947~DEBUG~-> DownloadFile(url = "https://faas-nyc1-2ef2e6cc.doserverless.co/api/v1/web/fn-dd7f8f6a-d32a-4f5e-ae7b-870dfb7963f3/downloads/bundle?id=000000000000074", filename = "C:\Users\cofc_\AppData\Local\Temp\tmp7C8C.tmp\rjsec068.ZIP", message = "rjsec068")~~RJStevensMusicPresentationCreator.Program~0000000329
2024-12-14 21:48:36.5168~DEBUG~download completed~~RJStevensMusicPresentationCreator.Program~0000000330
2024-12-14 21:48:36.5168~DEBUG~<- DownloadFile(url = "https://faas-nyc1-2ef2e6cc.doserverless.co/api/v1/web/fn-dd7f8f6a-d32a-4f5e-ae7b-870dfb7963f3/downloads/bundle?id=000000000000074", filename = "C:\Users\cofc_\AppData\Local\Temp\tmp7C8C.tmp\rjsec068.ZIP", message = "rjsec068")~~RJStevensMusicPresentationCreator.Program~0000000331
2024-12-14 21:48:36.5318~DEBUG~-> ExtractAllFromFile(zipFileName = "C:\Users\cofc_\AppData\Local\Temp\tmp7C8C.tmp\rjsec068.ZIP", decompressedFolder = "C:\Users\cofc_\AppData\Local\Temp\tmp7D77.tmp", message = "rjsec068")~~RJStevensMusicPresentationCreator.Program~0000000332
2024-12-14 21:48:36.7148~DEBUG~extract completed~~RJStevensMusicPresentationCreator.Program~0000000333
2024-12-14 21:48:36.7198~DEBUG~<- ExtractAllFromFile(zipFileName = "C:\Users\cofc_\AppData\Local\Temp\tmp7C8C.tmp\rjsec068.ZIP", decompressedFolder = "C:\Users\cofc_\AppData\Local\Temp\tmp7D77.tmp", message = "rjsec068")~~RJStevensMusicPresentationCreator.Program~0000000334
2024-12-14 21:48:36.7768~DEBUG~-> DownloadFile(url = "https://faas-nyc1-2ef2e6cc.doserverless.co/api/v1/web/fn-dd7f8f6a-d32a-4f5e-ae7b-870dfb7963f3/downloads/bundle?id=000000000000075", filename = "C:\Users\cofc_\AppData\Local\Temp\tmp7E72.tmp\rjsec069.ZIP", message = "rjsec069")~~RJStevensMusicPresentationCreator.Program~0000000335
2024-12-14 21:48:36.9688~DEBUG~download completed~~RJStevensMusicPresentationCreator.Program~0000000336
2024-12-14 21:48:36.9698~DEBUG~<- DownloadFile(url = "https://faas-nyc1-2ef2e6cc.doserverless.co/api/v1/web/fn-dd7f8f6a-d32a-4f5e-ae7b-870dfb7963f3/downloads/bundle?id=000000000000075", filename = "C:\Users\cofc_\AppData\Local\Temp\tmp7E72.tmp\rjsec069.ZIP", message = "rjsec069")~~RJStevensMusicPresentationCreator.Program~0000000337
2024-12-14 21:48:36.9918~DEBUG~-> ExtractAllFromFile(zipFileName = "C:\Users\cofc_\AppData\Local\Temp\tmp7E72.tmp\rjsec069.ZIP", decompressedFolder = "C:\Users\cofc_\AppData\Local\Temp\tmp7F4E.tmp", message = "rjsec069")~~RJStevensMusicPresentationCreator.Program~0000000338
2024-12-14 21:48:37.2638~DEBUG~extract completed~~RJStevensMusicPresentationCreator.Program~0000000339
2024-12-14 21:48:37.2678~DEBUG~<- ExtractAllFromFile(zipFileName = "C:\Users\cofc_\AppData\Local\Temp\tmp7E72.tmp\rjsec069.ZIP", decompressedFolder = "C:\Users\cofc_\AppData\Local\Temp\tmp7F4E.tmp", message = "rjsec069")~~RJStevensMusicPresentationCreator.Program~0000000340
2024-12-14 21:48:37.3338~DEBUG~-> DownloadFile(url = "https://faas-nyc1-2ef2e6cc.doserverless.co/api/v1/web/fn-dd7f8f6a-d32a-4f5e-ae7b-870dfb7963f3/downloads/bundle?id=000000000000076", filename = "C:\Users\cofc_\AppData\Local\Temp\tmp80A7.tmp\rjsec070.ZIP", message = "rjsec070")~~RJStevensMusicPresentationCreator.Program~0000000341
2024-12-14 21:48:37.5228~DEBUG~download completed~~RJStevensMusicPresentationCreator.Program~0000000342
2024-12-14 21:48:37.5228~DEBUG~<- DownloadFile(url = "https://faas-nyc1-2ef2e6cc.doserverless.co/api/v1/web/fn-dd7f8f6a-d32a-4f5e-ae7b-870dfb7963f3/downloads/bundle?id=000000000000076", filename = "C:\Users\cofc_\AppData\Local\Temp\tmp80A7.tmp\rjsec070.ZIP", message = "rjsec070")~~RJStevensMusicPresentationCreator.Program~0000000343
2024-12-14 21:48:37.5398~DEBUG~-> ExtractAllFromFile(zipFileName = "C:\Users\cofc_\AppData\Local\Temp\tmp80A7.tmp\rjsec070.ZIP", decompressedFolder = "C:\Users\cofc_\AppData\Local\Temp\tmp8173.tmp", message = "rjsec070")~~RJStevensMusicPresentationCreator.Program~0000000344
2024-12-14 21:48:37.7479~DEBUG~extract completed~~RJStevensMusicPresentationCreator.Program~0000000345
2024-12-14 21:48:37.7519~DEBUG~<- ExtractAllFromFile(zipFileName = "C:\Users\cofc_\AppData\Local\Temp\tmp80A7.tmp\rjsec070.ZIP", decompressedFolder = "C:\Users\cofc_\AppData\Local\Temp\tmp8173.tmp", message = "rjsec070")~~RJStevensMusicPresentationCreator.Program~0000000346
2024-12-14 21:48:37.8069~DEBUG~-> DownloadFile(url = "https://faas-nyc1-2ef2e6cc.doserverless.co/api/v1/web/fn-dd7f8f6a-d32a-4f5e-ae7b-870dfb7963f3/downloads/bundle?id=000000000000079", filename = "C:\Users\cofc_\AppData\Local\Temp\tmp827E.tmp\rjsec073.ZIP", message = "rjsec073")~~RJStevensMusicPresentationCreator.Program~0000000347
2024-12-14 21:48:38.0429~DEBUG~download completed~~RJStevensMusicPresentationCreator.Program~0000000348
2024-12-14 21:48:38.0429~DEBUG~<- DownloadFile(url = "https://faas-nyc1-2ef2e6cc.doserverless.co/api/v1/web/fn-dd7f8f6a-d32a-4f5e-ae7b-870dfb7963f3/downloads/bundle?id=000000000000079", filename = "C:\Users\cofc_\AppData\Local\Temp\tmp827E.tmp\rjsec073.ZIP", message = "rjsec073")~~RJStevensMusicPresentationCreator.Program~0000000349
2024-12-14 21:48:38.0669~DEBUG~-> ExtractAllFromFile(zipFileName = "C:\Users\cofc_\AppData\Local\Temp\tmp827E.tmp\rjsec073.ZIP", decompressedFolder = "C:\Users\cofc_\AppData\Local\Temp\tmp8388.tmp", message = "rjsec073")~~RJStevensMusicPresentationCreator.Program~0000000350
2024-12-14 21:48:38.3819~DEBUG~extract completed~~RJStevensMusicPresentationCreator.Program~0000000351
2024-12-14 21:48:38.3819~DEBUG~<- ExtractAllFromFile(zipFileName = "C:\Users\cofc_\AppData\Local\Temp\tmp827E.tmp\rjsec073.ZIP", decompressedFolder = "C:\Users\cofc_\AppData\Local\Temp\tmp8388.tmp", message = "rjsec073")~~RJStevensMusicPresentationCreator.Program~0000000352
2024-12-14 21:48:38.4589~DEBUG~-> DownloadFile(url = "https://faas-nyc1-2ef2e6cc.doserverless.co/api/v1/web/fn-dd7f8f6a-d32a-4f5e-ae7b-870dfb7963f3/downloads/bundle?id=000000000000080", filename = "C:\Users\cofc_\AppData\Local\Temp\tmp8510.tmp\rjsec074.ZIP", message = "rjsec074")~~RJStevensMusicPresentationCreator.Program~0000000353
2024-12-14 21:48:38.6369~DEBUG~download completed~~RJStevensMusicPresentationCreator.Program~0000000354
2024-12-14 21:48:38.6369~DEBUG~<- DownloadFile(url = "https://faas-nyc1-2ef2e6cc.doserverless.co/api/v1/web/fn-dd7f8f6a-d32a-4f5e-ae7b-870dfb7963f3/downloads/bundle?id=000000000000080", filename = "C:\Users\cofc_\AppData\Local\Temp\tmp8510.tmp\rjsec074.ZIP", message = "rjsec074")~~RJStevensMusicPresentationCreator.Program~0000000355
2024-12-14 21:48:38.6509~DEBUG~-> ExtractAllFromFile(zipFileName = "C:\Users\cofc_\AppData\Local\Temp\tmp8510.tmp\rjsec074.ZIP", decompressedFolder = "C:\Users\cofc_\AppData\Local\Temp\tmp85CC.tmp", message = "rjsec074")~~RJStevensMusicPresentationCreator.Program~0000000356
2024-12-14 21:48:38.8189~DEBUG~extract completed~~RJStevensMusicPresentationCreator.Program~0000000357
2024-12-14 21:48:38.8189~DEBUG~<- ExtractAllFromFile(zipFileName = "C:\Users\cofc_\AppData\Local\Temp\tmp8510.tmp\rjsec074.ZIP", decompressedFolder = "C:\Users\cofc_\AppData\Local\Temp\tmp85CC.tmp", message = "rjsec074")~~RJStevensMusicPresentationCreator.Program~0000000358
2024-12-14 21:48:38.8729~DEBUG~-> DownloadFile(url = "https://faas-nyc1-2ef2e6cc.doserverless.co/api/v1/web/fn-dd7f8f6a-d32a-4f5e-ae7b-870dfb7963f3/downloads/bundle?id=000000000000081", filename = "C:\Users\cofc_\AppData\Local\Temp\tmp86A8.tmp\rjsec075.ZIP", message = "rjsec075")~~RJStevensMusicPresentationCreator.Program~0000000359
2024-12-14 21:48:39.0810~DEBUG~download completed~~RJStevensMusicPresentationCreator.Program~0000000360
2024-12-14 21:48:39.0810~DEBUG~<- DownloadFile(url = "https://faas-nyc1-2ef2e6cc.doserverless.co/api/v1/web/fn-dd7f8f6a-d32a-4f5e-ae7b-870dfb7963f3/downloads/bundle?id=000000000000081", filename = "C:\Users\cofc_\AppData\Local\Temp\tmp86A8.tmp\rjsec075.ZIP", message = "rjsec075")~~RJStevensMusicPresentationCreator.Program~0000000361
2024-12-14 21:48:39.1020~DEBUG~-> ExtractAllFromFile(zipFileName = "C:\Users\cofc_\AppData\Local\Temp\tmp86A8.tmp\rjsec075.ZIP", decompressedFolder = "C:\Users\cofc_\AppData\Local\Temp\tmp8794.tmp", message = "rjsec075")~~RJStevensMusicPresentationCreator.Program~0000000362
2024-12-14 21:48:39.3550~DEBUG~extract completed~~RJStevensMusicPresentationCreator.Program~0000000363
2024-12-14 21:48:39.3550~DEBUG~<- ExtractAllFromFile(zipFileName = "C:\Users\cofc_\AppData\Local\Temp\tmp86A8.tmp\rjsec075.ZIP", decompressedFolder = "C:\Users\cofc_\AppData\Local\Temp\tmp8794.tmp", message = "rjsec075")~~RJStevensMusicPresentationCreator.Program~0000000364
2024-12-14 21:48:39.4130~DEBUG~-> DownloadFile(url = "https://faas-nyc1-2ef2e6cc.doserverless.co/api/v1/web/fn-dd7f8f6a-d32a-4f5e-ae7b-870dfb7963f3/downloads/bundle?id=000000000000082", filename = "C:\Users\cofc_\AppData\Local\Temp\tmp88CD.tmp\rjsec076.ZIP", message = "rjsec076")~~RJStevensMusicPresentationCreator.Program~0000000365
2024-12-14 21:48:39.6060~DEBUG~download completed~~RJStevensMusicPresentationCreator.Program~0000000366
2024-12-14 21:48:39.6060~DEBUG~<- DownloadFile(url = "https://faas-nyc1-2ef2e6cc.doserverless.co/api/v1/web/fn-dd7f8f6a-d32a-4f5e-ae7b-870dfb7963f3/downloads/bundle?id=000000000000082", filename = "C:\Users\cofc_\AppData\Local\Temp\tmp88CD.tmp\rjsec076.ZIP", message = "rjsec076")~~RJStevensMusicPresentationCreator.Program~0000000367
2024-12-14 21:48:39.6220~DEBUG~-> ExtractAllFromFile(zipFileName = "C:\Users\cofc_\AppData\Local\Temp\tmp88CD.tmp\rjsec076.ZIP", decompressedFolder = "C:\Users\cofc_\AppData\Local\Temp\tmp8999.tmp", message = "rjsec076")~~RJStevensMusicPresentationCreator.Program~0000000368
2024-12-14 21:48:39.8300~DEBUG~extract completed~~RJStevensMusicPresentationCreator.Program~0000000369
2024-12-14 21:48:39.8300~DEBUG~<- ExtractAllFromFile(zipFileName = "C:\Users\cofc_\AppData\Local\Temp\tmp88CD.tmp\rjsec076.ZIP", decompressedFolder = "C:\Users\cofc_\AppData\Local\Temp\tmp8999.tmp", message = "rjsec076")~~RJStevensMusicPresentationCreator.Program~0000000370
2024-12-14 21:48:39.8910~DEBUG~-> DownloadFile(url = "https://faas-nyc1-2ef2e6cc.doserverless.co/api/v1/web/fn-dd7f8f6a-d32a-4f5e-ae7b-870dfb7963f3/downloads/bundle?id=000000000000083", filename = "C:\Users\cofc_\AppData\Local\Temp\tmp8AA4.tmp\rjsec077.ZIP", message = "rjsec077")~~RJStevensMusicPresentationCreator.Program~0000000371
2024-12-14 21:48:40.1160~DEBUG~download completed~~RJStevensMusicPresentationCreator.Program~0000000372
2024-12-14 21:48:40.1160~DEBUG~<- DownloadFile(url = "https://faas-nyc1-2ef2e6cc.doserverless.co/api/v1/web/fn-dd7f8f6a-d32a-4f5e-ae7b-870dfb7963f3/downloads/bundle?id=000000000000083", filename = "C:\Users\cofc_\AppData\Local\Temp\tmp8AA4.tmp\rjsec077.ZIP", message = "rjsec077")~~RJStevensMusicPresentationCreator.Program~0000000373
2024-12-14 21:48:40.1370~DEBUG~-> ExtractAllFromFile(zipFileName = "C:\Users\cofc_\AppData\Local\Temp\tmp8AA4.tmp\rjsec077.ZIP", decompressedFolder = "C:\Users\cofc_\AppData\Local\Temp\tmp8B9F.tmp", message = "rjsec077")~~RJStevensMusicPresentationCreator.Program~0000000374
2024-12-14 21:48:40.4271~DEBUG~extract completed~~RJStevensMusicPresentationCreator.Program~0000000375
2024-12-14 21:48:40.4271~DEBUG~<- ExtractAllFromFile(zipFileName = "C:\Users\cofc_\AppData\Local\Temp\tmp8AA4.tmp\rjsec077.ZIP", decompressedFolder = "C:\Users\cofc_\AppData\Local\Temp\tmp8B9F.tmp", message = "rjsec077")~~RJStevensMusicPresentationCreator.Program~0000000376
2024-12-14 21:48:40.5051~DEBUG~-> DownloadFile(url = "https://faas-nyc1-2ef2e6cc.doserverless.co/api/v1/web/fn-dd7f8f6a-d32a-4f5e-ae7b-870dfb7963f3/downloads/bundle?id=000000000000084", filename = "C:\Users\cofc_\AppData\Local\Temp\tmp8D17.tmp\rjsec078.ZIP", message = "rjsec078")~~RJStevensMusicPresentationCreator.Program~0000000377
2024-12-14 21:48:40.7101~DEBUG~download completed~~RJStevensMusicPresentationCreator.Program~0000000378
2024-12-14 21:48:40.7101~DEBUG~<- DownloadFile(url = "https://faas-nyc1-2ef2e6cc.doserverless.co/api/v1/web/fn-dd7f8f6a-d32a-4f5e-ae7b-870dfb7963f3/downloads/bundle?id=000000000000084", filename = "C:\Users\cofc_\AppData\Local\Temp\tmp8D17.tmp\rjsec078.ZIP", message = "rjsec078")~~RJStevensMusicPresentationCreator.Program~0000000379
2024-12-14 21:48:40.7281~DEBUG~-> ExtractAllFromFile(zipFileName = "C:\Users\cofc_\AppData\Local\Temp\tmp8D17.tmp\rjsec078.ZIP", decompressedFolder = "C:\Users\cofc_\AppData\Local\Temp\tmp8DF3.tmp", message = "rjsec078")~~RJStevensMusicPresentationCreator.Program~0000000380
2024-12-14 21:48:40.9311~DEBUG~extract completed~~RJStevensMusicPresentationCreator.Program~0000000381
2024-12-14 21:48:40.9311~DEBUG~<- ExtractAllFromFile(zipFileName = "C:\Users\cofc_\AppData\Local\Temp\tmp8D17.tmp\rjsec078.ZIP", decompressedFolder = "C:\Users\cofc_\AppData\Local\Temp\tmp8DF3.tmp", message = "rjsec078")~~RJStevensMusicPresentationCreator.Program~0000000382
2024-12-14 21:48:40.9941~DEBUG~-> DownloadFile(url = "https://faas-nyc1-2ef2e6cc.doserverless.co/api/v1/web/fn-dd7f8f6a-d32a-4f5e-ae7b-870dfb7963f3/downloads/bundle?id=000000000000085", filename = "C:\Users\cofc_\AppData\Local\Temp\tmp8EFD.tmp\rjsec079.ZIP", message = "rjsec079")~~RJStevensMusicPresentationCreator.Program~0000000383
2024-12-14 21:48:41.2151~DEBUG~download completed~~RJStevensMusicPresentationCreator.Program~0000000384
2024-12-14 21:48:41.2151~DEBUG~<- DownloadFile(url = "https://faas-nyc1-2ef2e6cc.doserverless.co/api/v1/web/fn-dd7f8f6a-d32a-4f5e-ae7b-870dfb7963f3/downloads/bundle?id=000000000000085", filename = "C:\Users\cofc_\AppData\Local\Temp\tmp8EFD.tmp\rjsec079.ZIP", message = "rjsec079")~~RJStevensMusicPresentationCreator.Program~0000000385
2024-12-14 21:48:41.2311~DEBUG~-> ExtractAllFromFile(zipFileName = "C:\Users\cofc_\AppData\Local\Temp\tmp8EFD.tmp\rjsec079.ZIP", decompressedFolder = "C:\Users\cofc_\AppData\Local\Temp\tmp8FE9.tmp", message = "rjsec079")~~RJStevensMusicPresentationCreator.Program~0000000386
2024-12-14 21:48:41.5151~DEBUG~extract completed~~RJStevensMusicPresentationCreator.Program~0000000387
2024-12-14 21:48:41.5181~DEBUG~<- ExtractAllFromFile(zipFileName = "C:\Users\cofc_\AppData\Local\Temp\tmp8EFD.tmp\rjsec079.ZIP", decompressedFolder = "C:\Users\cofc_\AppData\Local\Temp\tmp8FE9.tmp", message = "rjsec079")~~RJStevensMusicPresentationCreator.Program~0000000388
2024-12-14 21:48:41.5741~DEBUG~-> DownloadFile(url = "https://faas-nyc1-2ef2e6cc.doserverless.co/api/v1/web/fn-dd7f8f6a-d32a-4f5e-ae7b-870dfb7963f3/downloads/bundle?id=000000000000086", filename = "C:\Users\cofc_\AppData\Local\Temp\tmp9141.tmp\rjsec080.ZIP", message = "rjsec080")~~RJStevensMusicPresentationCreator.Program~0000000389
2024-12-14 21:48:41.7992~DEBUG~download completed~~RJStevensMusicPresentationCreator.Program~0000000390
2024-12-14 21:48:41.7992~DEBUG~<- DownloadFile(url = "https://faas-nyc1-2ef2e6cc.doserverless.co/api/v1/web/fn-dd7f8f6a-d32a-4f5e-ae7b-870dfb7963f3/downloads/bundle?id=000000000000086", filename = "C:\Users\cofc_\AppData\Local\Temp\tmp9141.tmp\rjsec080.ZIP", message = "rjsec080")~~RJStevensMusicPresentationCreator.Program~0000000391
2024-12-14 21:48:41.8232~DEBUG~-> ExtractAllFromFile(zipFileName = "C:\Users\cofc_\AppData\Local\Temp\tmp9141.tmp\rjsec080.ZIP", decompressedFolder = "C:\Users\cofc_\AppData\Local\Temp\tmp923C.tmp", message = "rjsec080")~~RJStevensMusicPresentationCreator.Program~0000000392
2024-12-14 21:48:42.0822~DEBUG~extract completed~~RJStevensMusicPresentationCreator.Program~0000000393
2024-12-14 21:48:42.0822~DEBUG~<- ExtractAllFromFile(zipFileName = "C:\Users\cofc_\AppData\Local\Temp\tmp9141.tmp\rjsec080.ZIP", decompressedFolder = "C:\Users\cofc_\AppData\Local\Temp\tmp923C.tmp", message = "rjsec080")~~RJStevensMusicPresentationCreator.Program~0000000394
2024-12-14 21:48:42.1512~DEBUG~-> DownloadFile(url = "https://faas-nyc1-2ef2e6cc.doserverless.co/api/v1/web/fn-dd7f8f6a-d32a-4f5e-ae7b-870dfb7963f3/downloads/bundle?id=000000000000087", filename = "C:\Users\cofc_\AppData\Local\Temp\tmp9385.tmp\rjsec081.ZIP", message = "rjsec081")~~RJStevensMusicPresentationCreator.Program~0000000395
2024-12-14 21:48:42.3632~DEBUG~download completed~~RJStevensMusicPresentationCreator.Program~0000000396
2024-12-14 21:48:42.3632~DEBUG~<- DownloadFile(url = "https://faas-nyc1-2ef2e6cc.doserverless.co/api/v1/web/fn-dd7f8f6a-d32a-4f5e-ae7b-870dfb7963f3/downloads/bundle?id=000000000000087", filename = "C:\Users\cofc_\AppData\Local\Temp\tmp9385.tmp\rjsec081.ZIP", message = "rjsec081")~~RJStevensMusicPresentationCreator.Program~0000000397
2024-12-14 21:48:42.3842~DEBUG~-> ExtractAllFromFile(zipFileName = "C:\Users\cofc_\AppData\Local\Temp\tmp9385.tmp\rjsec081.ZIP", decompressedFolder = "C:\Users\cofc_\AppData\Local\Temp\tmp9471.tmp", message = "rjsec081")~~RJStevensMusicPresentationCreator.Program~0000000398
2024-12-14 21:48:42.6392~DEBUG~extract completed~~RJStevensMusicPresentationCreator.Program~0000000399
2024-12-14 21:48:42.6422~DEBUG~<- ExtractAllFromFile(zipFileName = "C:\Users\cofc_\AppData\Local\Temp\tmp9385.tmp\rjsec081.ZIP", decompressedFolder = "C:\Users\cofc_\AppData\Local\Temp\tmp9471.tmp", message = "rjsec081")~~RJStevensMusicPresentationCreator.Program~0000000400
2024-12-14 21:48:42.7042~DEBUG~-> DownloadFile(url = "https://faas-nyc1-2ef2e6cc.doserverless.co/api/v1/web/fn-dd7f8f6a-d32a-4f5e-ae7b-870dfb7963f3/downloads/bundle?id=000000000000089", filename = "C:\Users\cofc_\AppData\Local\Temp\tmp95AA.tmp\rjsec083.ZIP", message = "rjsec083")~~RJStevensMusicPresentationCreator.Program~0000000401
2024-12-14 21:48:42.8982~DEBUG~download completed~~RJStevensMusicPresentationCreator.Program~0000000402
2024-12-14 21:48:42.8982~DEBUG~<- DownloadFile(url = "https://faas-nyc1-2ef2e6cc.doserverless.co/api/v1/web/fn-dd7f8f6a-d32a-4f5e-ae7b-870dfb7963f3/downloads/bundle?id=000000000000089", filename = "C:\Users\cofc_\AppData\Local\Temp\tmp95AA.tmp\rjsec083.ZIP", message = "rjsec083")~~RJStevensMusicPresentationCreator.Program~0000000403
2024-12-14 21:48:42.9162~DEBUG~-> ExtractAllFromFile(zipFileName = "C:\Users\cofc_\AppData\Local\Temp\tmp95AA.tmp\rjsec083.ZIP", decompressedFolder = "C:\Users\cofc_\AppData\Local\Temp\tmp9686.tmp", message = "rjsec083")~~RJStevensMusicPresentationCreator.Program~0000000404
2024-12-14 21:48:43.1513~DEBUG~extract completed~~RJStevensMusicPresentationCreator.Program~0000000405
2024-12-14 21:48:43.1513~DEBUG~<- ExtractAllFromFile(zipFileName = "C:\Users\cofc_\AppData\Local\Temp\tmp95AA.tmp\rjsec083.ZIP", decompressedFolder = "C:\Users\cofc_\AppData\Local\Temp\tmp9686.tmp", message = "rjsec083")~~RJStevensMusicPresentationCreator.Program~0000000406
2024-12-14 21:48:43.2183~DEBUG~-> DownloadFile(url = "https://faas-nyc1-2ef2e6cc.doserverless.co/api/v1/web/fn-dd7f8f6a-d32a-4f5e-ae7b-870dfb7963f3/downloads/bundle?id=000000000000090", filename = "C:\Users\cofc_\AppData\Local\Temp\tmp97B0.tmp\rjsec084.ZIP", message = "rjsec084")~~RJStevensMusicPresentationCreator.Program~0000000407
2024-12-14 21:48:43.4023~DEBUG~download completed~~RJStevensMusicPresentationCreator.Program~0000000408
2024-12-14 21:48:43.4023~DEBUG~<- DownloadFile(url = "https://faas-nyc1-2ef2e6cc.doserverless.co/api/v1/web/fn-dd7f8f6a-d32a-4f5e-ae7b-870dfb7963f3/downloads/bundle?id=000000000000090", filename = "C:\Users\cofc_\AppData\Local\Temp\tmp97B0.tmp\rjsec084.ZIP", message = "rjsec084")~~RJStevensMusicPresentationCreator.Program~0000000409
2024-12-14 21:48:43.4243~DEBUG~-> ExtractAllFromFile(zipFileName = "C:\Users\cofc_\AppData\Local\Temp\tmp97B0.tmp\rjsec084.ZIP", decompressedFolder = "C:\Users\cofc_\AppData\Local\Temp\tmp988C.tmp", message = "rjsec084")~~RJStevensMusicPresentationCreator.Program~0000000410
2024-12-14 21:48:43.6423~DEBUG~extract completed~~RJStevensMusicPresentationCreator.Program~0000000411
2024-12-14 21:48:43.6423~DEBUG~<- ExtractAllFromFile(zipFileName = "C:\Users\cofc_\AppData\Local\Temp\tmp97B0.tmp\rjsec084.ZIP", decompressedFolder = "C:\Users\cofc_\AppData\Local\Temp\tmp988C.tmp", message = "rjsec084")~~RJStevensMusicPresentationCreator.Program~0000000412
2024-12-14 21:48:43.7013~DEBUG~-> DownloadFile(url = "https://faas-nyc1-2ef2e6cc.doserverless.co/api/v1/web/fn-dd7f8f6a-d32a-4f5e-ae7b-870dfb7963f3/downloads/bundle?id=000000000000091", filename = "C:\Users\cofc_\AppData\Local\Temp\tmp9996.tmp\rjsec085.ZIP", message = "rjsec085")~~RJStevensMusicPresentationCreator.Program~0000000413
2024-12-14 21:48:43.9893~DEBUG~download completed~~RJStevensMusicPresentationCreator.Program~0000000414
2024-12-14 21:48:43.9893~DEBUG~<- DownloadFile(url = "https://faas-nyc1-2ef2e6cc.doserverless.co/api/v1/web/fn-dd7f8f6a-d32a-4f5e-ae7b-870dfb7963f3/downloads/bundle?id=000000000000091", filename = "C:\Users\cofc_\AppData\Local\Temp\tmp9996.tmp\rjsec085.ZIP", message = "rjsec085")~~RJStevensMusicPresentationCreator.Program~0000000415
2024-12-14 21:48:44.0153~DEBUG~-> ExtractAllFromFile(zipFileName = "C:\Users\cofc_\AppData\Local\Temp\tmp9996.tmp\rjsec085.ZIP", decompressedFolder = "C:\Users\cofc_\AppData\Local\Temp\tmp9AD0.tmp", message = "rjsec085")~~RJStevensMusicPresentationCreator.Program~0000000416
2024-12-14 21:48:44.3363~DEBUG~extract completed~~RJStevensMusicPresentationCreator.Program~0000000417
2024-12-14 21:48:44.3363~DEBUG~<- ExtractAllFromFile(zipFileName = "C:\Users\cofc_\AppData\Local\Temp\tmp9996.tmp\rjsec085.ZIP", decompressedFolder = "C:\Users\cofc_\AppData\Local\Temp\tmp9AD0.tmp", message = "rjsec085")~~RJStevensMusicPresentationCreator.Program~0000000418
2024-12-14 21:48:44.4193~DEBUG~-> DownloadFile(url = "https://faas-nyc1-2ef2e6cc.doserverless.co/api/v1/web/fn-dd7f8f6a-d32a-4f5e-ae7b-870dfb7963f3/downloads/bundle?id=000000000000093", filename = "C:\Users\cofc_\AppData\Local\Temp\tmp9C67.tmp\rjsec087.ZIP", message = "rjsec087")~~RJStevensMusicPresentationCreator.Program~0000000419
2024-12-14 21:48:44.6544~DEBUG~download completed~~RJStevensMusicPresentationCreator.Program~0000000420
2024-12-14 21:48:44.6544~DEBUG~<- DownloadFile(url = "https://faas-nyc1-2ef2e6cc.doserverless.co/api/v1/web/fn-dd7f8f6a-d32a-4f5e-ae7b-870dfb7963f3/downloads/bundle?id=000000000000093", filename = "C:\Users\cofc_\AppData\Local\Temp\tmp9C67.tmp\rjsec087.ZIP", message = "rjsec087")~~RJStevensMusicPresentationCreator.Program~0000000421
2024-12-14 21:48:44.6714~DEBUG~-> ExtractAllFromFile(zipFileName = "C:\Users\cofc_\AppData\Local\Temp\tmp9C67.tmp\rjsec087.ZIP", decompressedFolder = "C:\Users\cofc_\AppData\Local\Temp\tmp9D62.tmp", message = "rjsec087")~~RJStevensMusicPresentationCreator.Program~0000000422
2024-12-14 21:48:44.9934~DEBUG~extract completed~~RJStevensMusicPresentationCreator.Program~0000000423
2024-12-14 21:48:44.9934~DEBUG~<- ExtractAllFromFile(zipFileName = "C:\Users\cofc_\AppData\Local\Temp\tmp9C67.tmp\rjsec087.ZIP", decompressedFolder = "C:\Users\cofc_\AppData\Local\Temp\tmp9D62.tmp", message = "rjsec087")~~RJStevensMusicPresentationCreator.Program~0000000424
2024-12-14 21:48:45.0884~DEBUG~-> DownloadFile(url = "https://faas-nyc1-2ef2e6cc.doserverless.co/api/v1/web/fn-dd7f8f6a-d32a-4f5e-ae7b-870dfb7963f3/downloads/bundle?id=000000000000095", filename = "C:\Users\cofc_\AppData\Local\Temp\tmp9F09.tmp\rjsec089.ZIP", message = "rjsec089")~~RJStevensMusicPresentationCreator.Program~0000000425
2024-12-14 21:48:45.3474~DEBUG~download completed~~RJStevensMusicPresentationCreator.Program~0000000426
2024-12-14 21:48:45.3474~DEBUG~<- DownloadFile(url = "https://faas-nyc1-2ef2e6cc.doserverless.co/api/v1/web/fn-dd7f8f6a-d32a-4f5e-ae7b-870dfb7963f3/downloads/bundle?id=000000000000095", filename = "C:\Users\cofc_\AppData\Local\Temp\tmp9F09.tmp\rjsec089.ZIP", message = "rjsec089")~~RJStevensMusicPresentationCreator.Program~0000000427
2024-12-14 21:48:45.3704~DEBUG~-> ExtractAllFromFile(zipFileName = "C:\Users\cofc_\AppData\Local\Temp\tmp9F09.tmp\rjsec089.ZIP", decompressedFolder = "C:\Users\cofc_\AppData\Local\Temp\tmpA023.tmp", message = "rjsec089")~~RJStevensMusicPresentationCreator.Program~0000000428
2024-12-14 21:48:45.6214~DEBUG~extract completed~~RJStevensMusicPresentationCreator.Program~0000000429
2024-12-14 21:48:45.6214~DEBUG~<- ExtractAllFromFile(zipFileName = "C:\Users\cofc_\AppData\Local\Temp\tmp9F09.tmp\rjsec089.ZIP", decompressedFolder = "C:\Users\cofc_\AppData\Local\Temp\tmpA023.tmp", message = "rjsec089")~~RJStevensMusicPresentationCreator.Program~0000000430
2024-12-14 21:48:45.6864~DEBUG~-> DownloadFile(url = "https://faas-nyc1-2ef2e6cc.doserverless.co/api/v1/web/fn-dd7f8f6a-d32a-4f5e-ae7b-870dfb7963f3/downloads/bundle?id=000000000000098", filename = "C:\Users\cofc_\AppData\Local\Temp\tmpA15D.tmp\rjsec092.ZIP", message = "rjsec092")~~RJStevensMusicPresentationCreator.Program~0000000431
2024-12-14 21:48:45.8825~DEBUG~download completed~~RJStevensMusicPresentationCreator.Program~0000000432
2024-12-14 21:48:45.8825~DEBUG~<- DownloadFile(url = "https://faas-nyc1-2ef2e6cc.doserverless.co/api/v1/web/fn-dd7f8f6a-d32a-4f5e-ae7b-870dfb7963f3/downloads/bundle?id=000000000000098", filename = "C:\Users\cofc_\AppData\Local\Temp\tmpA15D.tmp\rjsec092.ZIP", message = "rjsec092")~~RJStevensMusicPresentationCreator.Program~0000000433
2024-12-14 21:48:45.9005~DEBUG~-> ExtractAllFromFile(zipFileName = "C:\Users\cofc_\AppData\Local\Temp\tmpA15D.tmp\rjsec092.ZIP", decompressedFolder = "C:\Users\cofc_\AppData\Local\Temp\tmpA238.tmp", message = "rjsec092")~~RJStevensMusicPresentationCreator.Program~0000000434
2024-12-14 21:48:46.1265~DEBUG~extract completed~~RJStevensMusicPresentationCreator.Program~0000000435
2024-12-14 21:48:46.1265~DEBUG~<- ExtractAllFromFile(zipFileName = "C:\Users\cofc_\AppData\Local\Temp\tmpA15D.tmp\rjsec092.ZIP", decompressedFolder = "C:\Users\cofc_\AppData\Local\Temp\tmpA238.tmp", message = "rjsec092")~~RJStevensMusicPresentationCreator.Program~0000000436
2024-12-14 21:48:46.1945~DEBUG~-> DownloadFile(url = "https://faas-nyc1-2ef2e6cc.doserverless.co/api/v1/web/fn-dd7f8f6a-d32a-4f5e-ae7b-870dfb7963f3/downloads/bundle?id=000000000000099", filename = "C:\Users\cofc_\AppData\Local\Temp\tmpA362.tmp\rjsec092.15.ZIP", message = "rjsec092.15")~~RJStevensMusicPresentationCreator.Program~0000000437
2024-12-14 21:48:46.6085~DEBUG~download completed~~RJStevensMusicPresentationCreator.Program~0000000438
2024-12-14 21:48:46.6085~DEBUG~<- DownloadFile(url = "https://faas-nyc1-2ef2e6cc.doserverless.co/api/v1/web/fn-dd7f8f6a-d32a-4f5e-ae7b-870dfb7963f3/downloads/bundle?id=000000000000099", filename = "C:\Users\cofc_\AppData\Local\Temp\tmpA362.tmp\rjsec092.15.ZIP", message = "rjsec092.15")~~RJStevensMusicPresentationCreator.Program~0000000439
2024-12-14 21:48:46.6275~DEBUG~-> ExtractAllFromFile(zipFileName = "C:\Users\cofc_\AppData\Local\Temp\tmpA362.tmp\rjsec092.15.ZIP", decompressedFolder = "C:\Users\cofc_\AppData\Local\Temp\tmpA519.tmp", message = "rjsec092.15")~~RJStevensMusicPresentationCreator.Program~0000000440
2024-12-14 21:48:46.8465~DEBUG~extract completed~~RJStevensMusicPresentationCreator.Program~0000000441
2024-12-14 21:48:46.8465~DEBUG~<- ExtractAllFromFile(zipFileName = "C:\Users\cofc_\AppData\Local\Temp\tmpA362.tmp\rjsec092.15.ZIP", decompressedFolder = "C:\Users\cofc_\AppData\Local\Temp\tmpA519.tmp", message = "rjsec092.15")~~RJStevensMusicPresentationCreator.Program~0000000442
2024-12-14 21:48:46.9125~DEBUG~-> DownloadFile(url = "https://faas-nyc1-2ef2e6cc.doserverless.co/api/v1/web/fn-dd7f8f6a-d32a-4f5e-ae7b-870dfb7963f3/downloads/bundle?id=000000000000101", filename = "C:\Users\cofc_\AppData\Local\Temp\tmpA633.tmp\rjsec094.ZIP", message = "rjsec094")~~RJStevensMusicPresentationCreator.Program~0000000443
2024-12-14 21:48:47.1586~DEBUG~download completed~~RJStevensMusicPresentationCreator.Program~0000000444
2024-12-14 21:48:47.1586~DEBUG~<- DownloadFile(url = "https://faas-nyc1-2ef2e6cc.doserverless.co/api/v1/web/fn-dd7f8f6a-d32a-4f5e-ae7b-870dfb7963f3/downloads/bundle?id=000000000000101", filename = "C:\Users\cofc_\AppData\Local\Temp\tmpA633.tmp\rjsec094.ZIP", message = "rjsec094")~~RJStevensMusicPresentationCreator.Program~0000000445
2024-12-14 21:48:47.1766~DEBUG~-> ExtractAllFromFile(zipFileName = "C:\Users\cofc_\AppData\Local\Temp\tmpA633.tmp\rjsec094.ZIP", decompressedFolder = "C:\Users\cofc_\AppData\Local\Temp\tmpA73E.tmp", message = "rjsec094")~~RJStevensMusicPresentationCreator.Program~0000000446
2024-12-14 21:48:47.4206~DEBUG~extract completed~~RJStevensMusicPresentationCreator.Program~0000000447
2024-12-14 21:48:47.4266~DEBUG~<- ExtractAllFromFile(zipFileName = "C:\Users\cofc_\AppData\Local\Temp\tmpA633.tmp\rjsec094.ZIP", decompressedFolder = "C:\Users\cofc_\AppData\Local\Temp\tmpA73E.tmp", message = "rjsec094")~~RJStevensMusicPresentationCreator.Program~0000000448
2024-12-14 21:48:47.4896~DEBUG~-> DownloadFile(url = "https://faas-nyc1-2ef2e6cc.doserverless.co/api/v1/web/fn-dd7f8f6a-d32a-4f5e-ae7b-870dfb7963f3/downloads/bundle?id=000000000000102", filename = "C:\Users\cofc_\AppData\Local\Temp\tmpA877.tmp\rjsec095.ZIP", message = "rjsec095")~~RJStevensMusicPresentationCreator.Program~0000000449
2024-12-14 21:48:47.7656~DEBUG~download completed~~RJStevensMusicPresentationCreator.Program~0000000450
2024-12-14 21:48:47.7656~DEBUG~<- DownloadFile(url = "https://faas-nyc1-2ef2e6cc.doserverless.co/api/v1/web/fn-dd7f8f6a-d32a-4f5e-ae7b-870dfb7963f3/downloads/bundle?id=000000000000102", filename = "C:\Users\cofc_\AppData\Local\Temp\tmpA877.tmp\rjsec095.ZIP", message = "rjsec095")~~RJStevensMusicPresentationCreator.Program~0000000451
2024-12-14 21:48:47.7806~DEBUG~-> ExtractAllFromFile(zipFileName = "C:\Users\cofc_\AppData\Local\Temp\tmpA877.tmp\rjsec095.ZIP", decompressedFolder = "C:\Users\cofc_\AppData\Local\Temp\tmpA991.tmp", message = "rjsec095")~~RJStevensMusicPresentationCreator.Program~0000000452
2024-12-14 21:48:48.0766~DEBUG~extract completed~~RJStevensMusicPresentationCreator.Program~0000000453
2024-12-14 21:48:48.0796~DEBUG~<- ExtractAllFromFile(zipFileName = "C:\Users\cofc_\AppData\Local\Temp\tmpA877.tmp\rjsec095.ZIP", decompressedFolder = "C:\Users\cofc_\AppData\Local\Temp\tmpA991.tmp", message = "rjsec095")~~RJStevensMusicPresentationCreator.Program~0000000454
2024-12-14 21:48:48.1616~DEBUG~-> DownloadFile(url = "https://faas-nyc1-2ef2e6cc.doserverless.co/api/v1/web/fn-dd7f8f6a-d32a-4f5e-ae7b-870dfb7963f3/downloads/bundle?id=000000000000104", filename = "C:\Users\cofc_\AppData\Local\Temp\tmpAB19.tmp\rjsec097.ZIP", message = "rjsec097")~~RJStevensMusicPresentationCreator.Program~0000000455
2024-12-14 21:48:48.3666~DEBUG~download completed~~RJStevensMusicPresentationCreator.Program~0000000456
2024-12-14 21:48:48.3666~DEBUG~<- DownloadFile(url = "https://faas-nyc1-2ef2e6cc.doserverless.co/api/v1/web/fn-dd7f8f6a-d32a-4f5e-ae7b-870dfb7963f3/downloads/bundle?id=000000000000104", filename = "C:\Users\cofc_\AppData\Local\Temp\tmpAB19.tmp\rjsec097.ZIP", message = "rjsec097")~~RJStevensMusicPresentationCreator.Program~0000000457
2024-12-14 21:48:48.3866~DEBUG~-> ExtractAllFromFile(zipFileName = "C:\Users\cofc_\AppData\Local\Temp\tmpAB19.tmp\rjsec097.ZIP", decompressedFolder = "C:\Users\cofc_\AppData\Local\Temp\tmpABF5.tmp", message = "rjsec097")~~RJStevensMusicPresentationCreator.Program~0000000458
2024-12-14 21:48:48.6517~DEBUG~extract completed~~RJStevensMusicPresentationCreator.Program~0000000459
2024-12-14 21:48:48.6517~DEBUG~<- ExtractAllFromFile(zipFileName = "C:\Users\cofc_\AppData\Local\Temp\tmpAB19.tmp\rjsec097.ZIP", decompressedFolder = "C:\Users\cofc_\AppData\Local\Temp\tmpABF5.tmp", message = "rjsec097")~~RJStevensMusicPresentationCreator.Program~0000000460
2024-12-14 21:48:48.7097~DEBUG~-> DownloadFile(url = "https://faas-nyc1-2ef2e6cc.doserverless.co/api/v1/web/fn-dd7f8f6a-d32a-4f5e-ae7b-870dfb7963f3/downloads/bundle?id=000000000000105", filename = "C:\Users\cofc_\AppData\Local\Temp\tmpAD3E.tmp\rjsec098.ZIP", message = "rjsec098")~~RJStevensMusicPresentationCreator.Program~0000000461
2024-12-14 21:48:48.9327~DEBUG~download completed~~RJStevensMusicPresentationCreator.Program~0000000462
2024-12-14 21:48:48.9327~DEBUG~<- DownloadFile(url = "https://faas-nyc1-2ef2e6cc.doserverless.co/api/v1/web/fn-dd7f8f6a-d32a-4f5e-ae7b-870dfb7963f3/downloads/bundle?id=000000000000105", filename = "C:\Users\cofc_\AppData\Local\Temp\tmpAD3E.tmp\rjsec098.ZIP", message = "rjsec098")~~RJStevensMusicPresentationCreator.Program~0000000463
2024-12-14 21:48:48.9557~DEBUG~-> ExtractAllFromFile(zipFileName = "C:\Users\cofc_\AppData\Local\Temp\tmpAD3E.tmp\rjsec098.ZIP", decompressedFolder = "C:\Users\cofc_\AppData\Local\Temp\tmpAE39.tmp", message = "rjsec098")~~RJStevensMusicPresentationCreator.Program~0000000464
2024-12-14 21:48:49.2467~DEBUG~extract completed~~RJStevensMusicPresentationCreator.Program~0000000465
2024-12-14 21:48:49.2517~DEBUG~<- ExtractAllFromFile(zipFileName = "C:\Users\cofc_\AppData\Local\Temp\tmpAD3E.tmp\rjsec098.ZIP", decompressedFolder = "C:\Users\cofc_\AppData\Local\Temp\tmpAE39.tmp", message = "rjsec098")~~RJStevensMusicPresentationCreator.Program~0000000466
2024-12-14 21:48:49.3237~DEBUG~-> DownloadFile(url = "https://faas-nyc1-2ef2e6cc.doserverless.co/api/v1/web/fn-dd7f8f6a-d32a-4f5e-ae7b-870dfb7963f3/downloads/bundle?id=000000000000106", filename = "C:\Users\cofc_\AppData\Local\Temp\tmpAFA1.tmp\rjsec099.ZIP", message = "rjsec099")~~RJStevensMusicPresentationCreator.Program~0000000467
2024-12-14 21:48:49.5287~DEBUG~download completed~~RJStevensMusicPresentationCreator.Program~0000000468
2024-12-14 21:48:49.5287~DEBUG~<- DownloadFile(url = "https://faas-nyc1-2ef2e6cc.doserverless.co/api/v1/web/fn-dd7f8f6a-d32a-4f5e-ae7b-870dfb7963f3/downloads/bundle?id=000000000000106", filename = "C:\Users\cofc_\AppData\Local\Temp\tmpAFA1.tmp\rjsec099.ZIP", message = "rjsec099")~~RJStevensMusicPresentationCreator.Program~0000000469
2024-12-14 21:48:49.5437~DEBUG~-> ExtractAllFromFile(zipFileName = "C:\Users\cofc_\AppData\Local\Temp\tmpAFA1.tmp\rjsec099.ZIP", decompressedFolder = "C:\Users\cofc_\AppData\Local\Temp\tmpB07D.tmp", message = "rjsec099")~~RJStevensMusicPresentationCreator.Program~0000000470
2024-12-14 21:48:49.7787~DEBUG~extract completed~~RJStevensMusicPresentationCreator.Program~0000000471
2024-12-14 21:48:49.7817~DEBUG~<- ExtractAllFromFile(zipFileName = "C:\Users\cofc_\AppData\Local\Temp\tmpAFA1.tmp\rjsec099.ZIP", decompressedFolder = "C:\Users\cofc_\AppData\Local\Temp\tmpB07D.tmp", message = "rjsec099")~~RJStevensMusicPresentationCreator.Program~0000000472
2024-12-14 21:48:49.8357~DEBUG~-> DownloadFile(url = "https://faas-nyc1-2ef2e6cc.doserverless.co/api/v1/web/fn-dd7f8f6a-d32a-4f5e-ae7b-870dfb7963f3/downloads/bundle?id=000000000000107", filename = "C:\Users\cofc_\AppData\Local\Temp\tmpB1A7.tmp\rjsec100.ZIP", message = "rjsec100")~~RJStevensMusicPresentationCreator.Program~0000000473
2024-12-14 21:48:50.0318~DEBUG~download completed~~RJStevensMusicPresentationCreator.Program~0000000474
2024-12-14 21:48:50.0318~DEBUG~<- DownloadFile(url = "https://faas-nyc1-2ef2e6cc.doserverless.co/api/v1/web/fn-dd7f8f6a-d32a-4f5e-ae7b-870dfb7963f3/downloads/bundle?id=000000000000107", filename = "C:\Users\cofc_\AppData\Local\Temp\tmpB1A7.tmp\rjsec100.ZIP", message = "rjsec100")~~RJStevensMusicPresentationCreator.Program~0000000475
2024-12-14 21:48:50.0478~DEBUG~-> ExtractAllFromFile(zipFileName = "C:\Users\cofc_\AppData\Local\Temp\tmpB1A7.tmp\rjsec100.ZIP", decompressedFolder = "C:\Users\cofc_\AppData\Local\Temp\tmpB273.tmp", message = "rjsec100")~~RJStevensMusicPresentationCreator.Program~0000000476
2024-12-14 21:48:50.2458~DEBUG~extract completed~~RJStevensMusicPresentationCreator.Program~0000000477
2024-12-14 21:48:50.2458~DEBUG~<- ExtractAllFromFile(zipFileName = "C:\Users\cofc_\AppData\Local\Temp\tmpB1A7.tmp\rjsec100.ZIP", decompressedFolder = "C:\Users\cofc_\AppData\Local\Temp\tmpB273.tmp", message = "rjsec100")~~RJStevensMusicPresentationCreator.Program~0000000478
2024-12-14 21:48:50.3098~DEBUG~-> DownloadFile(url = "https://faas-nyc1-2ef2e6cc.doserverless.co/api/v1/web/fn-dd7f8f6a-d32a-4f5e-ae7b-870dfb7963f3/downloads/bundle?id=000000000000108", filename = "C:\Users\cofc_\AppData\Local\Temp\tmpB37E.tmp\rjsec101.ZIP", message = "rjsec101")~~RJStevensMusicPresentationCreator.Program~0000000479
2024-12-14 21:48:50.5268~DEBUG~download completed~~RJStevensMusicPresentationCreator.Program~0000000480
2024-12-14 21:48:50.5268~DEBUG~<- DownloadFile(url = "https://faas-nyc1-2ef2e6cc.doserverless.co/api/v1/web/fn-dd7f8f6a-d32a-4f5e-ae7b-870dfb7963f3/downloads/bundle?id=000000000000108", filename = "C:\Users\cofc_\AppData\Local\Temp\tmpB37E.tmp\rjsec101.ZIP", message = "rjsec101")~~RJStevensMusicPresentationCreator.Program~0000000481
2024-12-14 21:48:50.5478~DEBUG~-> ExtractAllFromFile(zipFileName = "C:\Users\cofc_\AppData\Local\Temp\tmpB37E.tmp\rjsec101.ZIP", decompressedFolder = "C:\Users\cofc_\AppData\Local\Temp\tmpB469.tmp", message = "rjsec101")~~RJStevensMusicPresentationCreator.Program~0000000482
2024-12-14 21:48:50.8628~DEBUG~extract completed~~RJStevensMusicPresentationCreator.Program~0000000483
2024-12-14 21:48:50.8628~DEBUG~<- ExtractAllFromFile(zipFileName = "C:\Users\cofc_\AppData\Local\Temp\tmpB37E.tmp\rjsec101.ZIP", decompressedFolder = "C:\Users\cofc_\AppData\Local\Temp\tmpB469.tmp", message = "rjsec101")~~RJStevensMusicPresentationCreator.Program~0000000484
2024-12-14 21:48:50.9468~DEBUG~-> DownloadFile(url = "https://faas-nyc1-2ef2e6cc.doserverless.co/api/v1/web/fn-dd7f8f6a-d32a-4f5e-ae7b-870dfb7963f3/downloads/bundle?id=000000000000744", filename = "C:\Users\cofc_\AppData\Local\Temp\tmpB600.tmp\rjsec1031.ZIP", message = "rjsec1031")~~RJStevensMusicPresentationCreator.Program~0000000485
2024-12-14 21:48:51.1828~DEBUG~download completed~~RJStevensMusicPresentationCreator.Program~0000000486
2024-12-14 21:48:51.1828~DEBUG~<- DownloadFile(url = "https://faas-nyc1-2ef2e6cc.doserverless.co/api/v1/web/fn-dd7f8f6a-d32a-4f5e-ae7b-870dfb7963f3/downloads/bundle?id=000000000000744", filename = "C:\Users\cofc_\AppData\Local\Temp\tmpB600.tmp\rjsec1031.ZIP", message = "rjsec1031")~~RJStevensMusicPresentationCreator.Program~0000000487
2024-12-14 21:48:51.1999~DEBUG~-> ExtractAllFromFile(zipFileName = "C:\Users\cofc_\AppData\Local\Temp\tmpB600.tmp\rjsec1031.ZIP", decompressedFolder = "C:\Users\cofc_\AppData\Local\Temp\tmpB6FB.tmp", message = "rjsec1031")~~RJStevensMusicPresentationCreator.Program~0000000488
2024-12-14 21:48:51.5059~DEBUG~extract completed~~RJStevensMusicPresentationCreator.Program~0000000489
2024-12-14 21:48:51.5059~DEBUG~<- ExtractAllFromFile(zipFileName = "C:\Users\cofc_\AppData\Local\Temp\tmpB600.tmp\rjsec1031.ZIP", decompressedFolder = "C:\Users\cofc_\AppData\Local\Temp\tmpB6FB.tmp", message = "rjsec1031")~~RJStevensMusicPresentationCreator.Program~0000000490
2024-12-14 21:48:51.5799~DEBUG~-> DownloadFile(url = "https://faas-nyc1-2ef2e6cc.doserverless.co/api/v1/web/fn-dd7f8f6a-d32a-4f5e-ae7b-870dfb7963f3/downloads/bundle?id=000000000000112", filename = "C:\Users\cofc_\AppData\Local\Temp\tmpB883.tmp\rjsec105.ZIP", message = "rjsec105")~~RJStevensMusicPresentationCreator.Program~0000000491
2024-12-14 21:48:51.7859~DEBUG~download completed~~RJStevensMusicPresentationCreator.Program~0000000492
2024-12-14 21:48:51.7859~DEBUG~<- DownloadFile(url = "https://faas-nyc1-2ef2e6cc.doserverless.co/api/v1/web/fn-dd7f8f6a-d32a-4f5e-ae7b-870dfb7963f3/downloads/bundle?id=000000000000112", filename = "C:\Users\cofc_\AppData\Local\Temp\tmpB883.tmp\rjsec105.ZIP", message = "rjsec105")~~RJStevensMusicPresentationCreator.Program~0000000493
2024-12-14 21:48:51.8019~DEBUG~-> ExtractAllFromFile(zipFileName = "C:\Users\cofc_\AppData\Local\Temp\tmpB883.tmp\rjsec105.ZIP", decompressedFolder = "C:\Users\cofc_\AppData\Local\Temp\tmpB95F.tmp", message = "rjsec105")~~RJStevensMusicPresentationCreator.Program~0000000494
2024-12-14 21:48:52.1039~DEBUG~extract completed~~RJStevensMusicPresentationCreator.Program~0000000495
2024-12-14 21:48:52.1039~DEBUG~<- ExtractAllFromFile(zipFileName = "C:\Users\cofc_\AppData\Local\Temp\tmpB883.tmp\rjsec105.ZIP", decompressedFolder = "C:\Users\cofc_\AppData\Local\Temp\tmpB95F.tmp", message = "rjsec105")~~RJStevensMusicPresentationCreator.Program~0000000496
2024-12-14 21:48:52.1819~DEBUG~-> DownloadFile(url = "https://faas-nyc1-2ef2e6cc.doserverless.co/api/v1/web/fn-dd7f8f6a-d32a-4f5e-ae7b-870dfb7963f3/downloads/bundle?id=000000000000113", filename = "C:\Users\cofc_\AppData\Local\Temp\tmpBAD7.tmp\rjsec106.ZIP", message = "rjsec106")~~RJStevensMusicPresentationCreator.Program~0000000497
2024-12-14 21:48:52.3799~DEBUG~download completed~~RJStevensMusicPresentationCreator.Program~0000000498
2024-12-14 21:48:52.3799~DEBUG~<- DownloadFile(url = "https://faas-nyc1-2ef2e6cc.doserverless.co/api/v1/web/fn-dd7f8f6a-d32a-4f5e-ae7b-870dfb7963f3/downloads/bundle?id=000000000000113", filename = "C:\Users\cofc_\AppData\Local\Temp\tmpBAD7.tmp\rjsec106.ZIP", message = "rjsec106")~~RJStevensMusicPresentationCreator.Program~0000000499
2024-12-14 21:48:52.3969~DEBUG~-> ExtractAllFromFile(zipFileName = "C:\Users\cofc_\AppData\Local\Temp\tmpBAD7.tmp\rjsec106.ZIP", decompressedFolder = "C:\Users\cofc_\AppData\Local\Temp\tmpBBB2.tmp", message = "rjsec106")~~RJStevensMusicPresentationCreator.Program~0000000500
2024-12-14 21:48:52.5930~DEBUG~extract completed~~RJStevensMusicPresentationCreator.Program~0000000501
2024-12-14 21:48:52.5960~DEBUG~<- ExtractAllFromFile(zipFileName = "C:\Users\cofc_\AppData\Local\Temp\tmpBAD7.tmp\rjsec106.ZIP", decompressedFolder = "C:\Users\cofc_\AppData\Local\Temp\tmpBBB2.tmp", message = "rjsec106")~~RJStevensMusicPresentationCreator.Program~0000000502
2024-12-14 21:48:52.6450~DEBUG~-> DownloadFile(url = "https://faas-nyc1-2ef2e6cc.doserverless.co/api/v1/web/fn-dd7f8f6a-d32a-4f5e-ae7b-870dfb7963f3/downloads/bundle?id=000000000000774", filename = "C:\Users\cofc_\AppData\Local\Temp\tmpBCAD.tmp\rjsec1061.ZIP", message = "rjsec1061")~~RJStevensMusicPresentationCreator.Program~0000000503
2024-12-14 21:48:52.8330~DEBUG~download completed~~RJStevensMusicPresentationCreator.Program~0000000504
2024-12-14 21:48:52.8330~DEBUG~<- DownloadFile(url = "https://faas-nyc1-2ef2e6cc.doserverless.co/api/v1/web/fn-dd7f8f6a-d32a-4f5e-ae7b-870dfb7963f3/downloads/bundle?id=000000000000774", filename = "C:\Users\cofc_\AppData\Local\Temp\tmpBCAD.tmp\rjsec1061.ZIP", message = "rjsec1061")~~RJStevensMusicPresentationCreator.Program~0000000505
2024-12-14 21:48:52.8500~DEBUG~-> ExtractAllFromFile(zipFileName = "C:\Users\cofc_\AppData\Local\Temp\tmpBCAD.tmp\rjsec1061.ZIP", decompressedFolder = "C:\Users\cofc_\AppData\Local\Temp\tmpBD7A.tmp", message = "rjsec1061")~~RJStevensMusicPresentationCreator.Program~0000000506
2024-12-14 21:48:53.0100~DEBUG~extract completed~~RJStevensMusicPresentationCreator.Program~0000000507
2024-12-14 21:48:53.0100~DEBUG~<- ExtractAllFromFile(zipFileName = "C:\Users\cofc_\AppData\Local\Temp\tmpBCAD.tmp\rjsec1061.ZIP", decompressedFolder = "C:\Users\cofc_\AppData\Local\Temp\tmpBD7A.tmp", message = "rjsec1061")~~RJStevensMusicPresentationCreator.Program~0000000508
2024-12-14 21:48:53.0620~DEBUG~-> DownloadFile(url = "https://faas-nyc1-2ef2e6cc.doserverless.co/api/v1/web/fn-dd7f8f6a-d32a-4f5e-ae7b-870dfb7963f3/downloads/bundle?id=000000000000777", filename = "C:\Users\cofc_\AppData\Local\Temp\tmpBE46.tmp\rjsec1064.ZIP", message = "rjsec1064")~~RJStevensMusicPresentationCreator.Program~0000000509
2024-12-14 21:48:53.2730~DEBUG~download completed~~RJStevensMusicPresentationCreator.Program~0000000510
2024-12-14 21:48:53.2730~DEBUG~<- DownloadFile(url = "https://faas-nyc1-2ef2e6cc.doserverless.co/api/v1/web/fn-dd7f8f6a-d32a-4f5e-ae7b-870dfb7963f3/downloads/bundle?id=000000000000777", filename = "C:\Users\cofc_\AppData\Local\Temp\tmpBE46.tmp\rjsec1064.ZIP", message = "rjsec1064")~~RJStevensMusicPresentationCreator.Program~0000000511
2024-12-14 21:48:53.3130~DEBUG~-> ExtractAllFromFile(zipFileName = "C:\Users\cofc_\AppData\Local\Temp\tmpBE46.tmp\rjsec1064.ZIP", decompressedFolder = "C:\Users\cofc_\AppData\Local\Temp\tmpBF41.tmp", message = "rjsec1064")~~RJStevensMusicPresentationCreator.Program~0000000512
2024-12-14 21:48:53.6120~DEBUG~extract completed~~RJStevensMusicPresentationCreator.Program~0000000513
2024-12-14 21:48:53.6120~DEBUG~<- ExtractAllFromFile(zipFileName = "C:\Users\cofc_\AppData\Local\Temp\tmpBE46.tmp\rjsec1064.ZIP", decompressedFolder = "C:\Users\cofc_\AppData\Local\Temp\tmpBF41.tmp", message = "rjsec1064")~~RJStevensMusicPresentationCreator.Program~0000000514
2024-12-14 21:48:53.6830~DEBUG~-> DownloadFile(url = "https://faas-nyc1-2ef2e6cc.doserverless.co/api/v1/web/fn-dd7f8f6a-d32a-4f5e-ae7b-870dfb7963f3/downloads/bundle?id=000000000000779", filename = "C:\Users\cofc_\AppData\Local\Temp\tmpC0B9.tmp\rjsec1066.ZIP", message = "rjsec1066")~~RJStevensMusicPresentationCreator.Program~0000000515
2024-12-14 21:48:53.9241~DEBUG~download completed~~RJStevensMusicPresentationCreator.Program~0000000516
2024-12-14 21:48:53.9241~DEBUG~<- DownloadFile(url = "https://faas-nyc1-2ef2e6cc.doserverless.co/api/v1/web/fn-dd7f8f6a-d32a-4f5e-ae7b-870dfb7963f3/downloads/bundle?id=000000000000779", filename = "C:\Users\cofc_\AppData\Local\Temp\tmpC0B9.tmp\rjsec1066.ZIP", message = "rjsec1066")~~RJStevensMusicPresentationCreator.Program~0000000517
2024-12-14 21:48:53.9421~DEBUG~-> ExtractAllFromFile(zipFileName = "C:\Users\cofc_\AppData\Local\Temp\tmpC0B9.tmp\rjsec1066.ZIP", decompressedFolder = "C:\Users\cofc_\AppData\Local\Temp\tmpC1C3.tmp", message = "rjsec1066")~~RJStevensMusicPresentationCreator.Program~0000000518
2024-12-14 21:48:54.2241~DEBUG~extract completed~~RJStevensMusicPresentationCreator.Program~0000000519
2024-12-14 21:48:54.2241~DEBUG~<- ExtractAllFromFile(zipFileName = "C:\Users\cofc_\AppData\Local\Temp\tmpC0B9.tmp\rjsec1066.ZIP", decompressedFolder = "C:\Users\cofc_\AppData\Local\Temp\tmpC1C3.tmp", message = "rjsec1066")~~RJStevensMusicPresentationCreator.Program~0000000520
2024-12-14 21:48:54.3041~DEBUG~-> DownloadFile(url = "https://faas-nyc1-2ef2e6cc.doserverless.co/api/v1/web/fn-dd7f8f6a-d32a-4f5e-ae7b-870dfb7963f3/downloads/bundle?id=000000000000114", filename = "C:\Users\cofc_\AppData\Local\Temp\tmpC32C.tmp\rjsec107.ZIP", message = "rjsec107")~~RJStevensMusicPresentationCreator.Program~0000000521
2024-12-14 21:48:54.5831~DEBUG~download completed~~RJStevensMusicPresentationCreator.Program~0000000522
2024-12-14 21:48:54.5831~DEBUG~<- DownloadFile(url = "https://faas-nyc1-2ef2e6cc.doserverless.co/api/v1/web/fn-dd7f8f6a-d32a-4f5e-ae7b-870dfb7963f3/downloads/bundle?id=000000000000114", filename = "C:\Users\cofc_\AppData\Local\Temp\tmpC32C.tmp\rjsec107.ZIP", message = "rjsec107")~~RJStevensMusicPresentationCreator.Program~0000000523
2024-12-14 21:48:54.6121~DEBUG~-> ExtractAllFromFile(zipFileName = "C:\Users\cofc_\AppData\Local\Temp\tmpC32C.tmp\rjsec107.ZIP", decompressedFolder = "C:\Users\cofc_\AppData\Local\Temp\tmpC465.tmp", message = "rjsec107")~~RJStevensMusicPresentationCreator.Program~0000000524
2024-12-14 21:48:54.9061~DEBUG~extract completed~~RJStevensMusicPresentationCreator.Program~0000000525
2024-12-14 21:48:54.9091~DEBUG~<- ExtractAllFromFile(zipFileName = "C:\Users\cofc_\AppData\Local\Temp\tmpC32C.tmp\rjsec107.ZIP", decompressedFolder = "C:\Users\cofc_\AppData\Local\Temp\tmpC465.tmp", message = "rjsec107")~~RJStevensMusicPresentationCreator.Program~0000000526
2024-12-14 21:48:54.9881~DEBUG~-> DownloadFile(url = "https://faas-nyc1-2ef2e6cc.doserverless.co/api/v1/web/fn-dd7f8f6a-d32a-4f5e-ae7b-870dfb7963f3/downloads/bundle?id=000000000000115", filename = "C:\Users\cofc_\AppData\Local\Temp\tmpC5DD.tmp\rjsec108.ZIP", message = "rjsec108")~~RJStevensMusicPresentationCreator.Program~0000000527
2024-12-14 21:48:55.1901~DEBUG~download completed~~RJStevensMusicPresentationCreator.Program~0000000528
2024-12-14 21:48:55.1901~DEBUG~<- DownloadFile(url = "https://faas-nyc1-2ef2e6cc.doserverless.co/api/v1/web/fn-dd7f8f6a-d32a-4f5e-ae7b-870dfb7963f3/downloads/bundle?id=000000000000115", filename = "C:\Users\cofc_\AppData\Local\Temp\tmpC5DD.tmp\rjsec108.ZIP", message = "rjsec108")~~RJStevensMusicPresentationCreator.Program~0000000529
2024-12-14 21:48:55.2061~DEBUG~-> ExtractAllFromFile(zipFileName = "C:\Users\cofc_\AppData\Local\Temp\tmpC5DD.tmp\rjsec108.ZIP", decompressedFolder = "C:\Users\cofc_\AppData\Local\Temp\tmpC6B9.tmp", message = "rjsec108")~~RJStevensMusicPresentationCreator.Program~0000000530
2024-12-14 21:48:55.4692~DEBUG~extract completed~~RJStevensMusicPresentationCreator.Program~0000000531
2024-12-14 21:48:55.4692~DEBUG~<- ExtractAllFromFile(zipFileName = "C:\Users\cofc_\AppData\Local\Temp\tmpC5DD.tmp\rjsec108.ZIP", decompressedFolder = "C:\Users\cofc_\AppData\Local\Temp\tmpC6B9.tmp", message = "rjsec108")~~RJStevensMusicPresentationCreator.Program~0000000532
2024-12-14 21:48:55.5352~DEBUG~-> DownloadFile(url = "https://faas-nyc1-2ef2e6cc.doserverless.co/api/v1/web/fn-dd7f8f6a-d32a-4f5e-ae7b-870dfb7963f3/downloads/bundle?id=000000000000116", filename = "C:\Users\cofc_\AppData\Local\Temp\tmpC802.tmp\rjsec109.ZIP", message = "rjsec109")~~RJStevensMusicPresentationCreator.Program~0000000533
2024-12-14 21:48:55.7492~DEBUG~download completed~~RJStevensMusicPresentationCreator.Program~0000000534
2024-12-14 21:48:55.7492~DEBUG~<- DownloadFile(url = "https://faas-nyc1-2ef2e6cc.doserverless.co/api/v1/web/fn-dd7f8f6a-d32a-4f5e-ae7b-870dfb7963f3/downloads/bundle?id=000000000000116", filename = "C:\Users\cofc_\AppData\Local\Temp\tmpC802.tmp\rjsec109.ZIP", message = "rjsec109")~~RJStevensMusicPresentationCreator.Program~0000000535
2024-12-14 21:48:55.7662~DEBUG~-> ExtractAllFromFile(zipFileName = "C:\Users\cofc_\AppData\Local\Temp\tmpC802.tmp\rjsec109.ZIP", decompressedFolder = "C:\Users\cofc_\AppData\Local\Temp\tmpC8DE.tmp", message = "rjsec109")~~RJStevensMusicPresentationCreator.Program~0000000536
2024-12-14 21:48:56.0342~DEBUG~extract completed~~RJStevensMusicPresentationCreator.Program~0000000537
2024-12-14 21:48:56.0342~DEBUG~<- ExtractAllFromFile(zipFileName = "C:\Users\cofc_\AppData\Local\Temp\tmpC802.tmp\rjsec109.ZIP", decompressedFolder = "C:\Users\cofc_\AppData\Local\Temp\tmpC8DE.tmp", message = "rjsec109")~~RJStevensMusicPresentationCreator.Program~0000000538
2024-12-14 21:48:56.1122~DEBUG~-> DownloadFile(url = "https://faas-nyc1-2ef2e6cc.doserverless.co/api/v1/web/fn-dd7f8f6a-d32a-4f5e-ae7b-870dfb7963f3/downloads/bundle?id=000000000000117", filename = "C:\Users\cofc_\AppData\Local\Temp\tmpCA46.tmp\rjsec110.ZIP", message = "rjsec110")~~RJStevensMusicPresentationCreator.Program~0000000539
2024-12-14 21:48:56.3522~DEBUG~download completed~~RJStevensMusicPresentationCreator.Program~0000000540
2024-12-14 21:48:56.3522~DEBUG~<- DownloadFile(url = "https://faas-nyc1-2ef2e6cc.doserverless.co/api/v1/web/fn-dd7f8f6a-d32a-4f5e-ae7b-870dfb7963f3/downloads/bundle?id=000000000000117", filename = "C:\Users\cofc_\AppData\Local\Temp\tmpCA46.tmp\rjsec110.ZIP", message = "rjsec110")~~RJStevensMusicPresentationCreator.Program~0000000541
2024-12-14 21:48:56.3702~DEBUG~-> ExtractAllFromFile(zipFileName = "C:\Users\cofc_\AppData\Local\Temp\tmpCA46.tmp\rjsec110.ZIP", decompressedFolder = "C:\Users\cofc_\AppData\Local\Temp\tmpCB41.tmp", message = "rjsec110")~~RJStevensMusicPresentationCreator.Program~0000000542
2024-12-14 21:48:56.6833~DEBUG~extract completed~~RJStevensMusicPresentationCreator.Program~0000000543
2024-12-14 21:48:56.6883~DEBUG~<- ExtractAllFromFile(zipFileName = "C:\Users\cofc_\AppData\Local\Temp\tmpCA46.tmp\rjsec110.ZIP", decompressedFolder = "C:\Users\cofc_\AppData\Local\Temp\tmpCB41.tmp", message = "rjsec110")~~RJStevensMusicPresentationCreator.Program~0000000544
2024-12-14 21:48:56.7653~DEBUG~-> DownloadFile(url = "https://faas-nyc1-2ef2e6cc.doserverless.co/api/v1/web/fn-dd7f8f6a-d32a-4f5e-ae7b-870dfb7963f3/downloads/bundle?id=000000000000822", filename = "C:\Users\cofc_\AppData\Local\Temp\tmpCCC9.tmp\rjsec1109.ZIP", message = "rjsec1109")~~RJStevensMusicPresentationCreator.Program~0000000545
2024-12-14 21:48:57.0053~DEBUG~download completed~~RJStevensMusicPresentationCreator.Program~0000000546
2024-12-14 21:48:57.0053~DEBUG~<- DownloadFile(url = "https://faas-nyc1-2ef2e6cc.doserverless.co/api/v1/web/fn-dd7f8f6a-d32a-4f5e-ae7b-870dfb7963f3/downloads/bundle?id=000000000000822", filename = "C:\Users\cofc_\AppData\Local\Temp\tmpCCC9.tmp\rjsec1109.ZIP", message = "rjsec1109")~~RJStevensMusicPresentationCreator.Program~0000000547
2024-12-14 21:48:57.0303~DEBUG~-> ExtractAllFromFile(zipFileName = "C:\Users\cofc_\AppData\Local\Temp\tmpCCC9.tmp\rjsec1109.ZIP", decompressedFolder = "C:\Users\cofc_\AppData\Local\Temp\tmpCDD3.tmp", message = "rjsec1109")~~RJStevensMusicPresentationCreator.Program~0000000548
2024-12-14 21:48:57.4143~DEBUG~extract completed~~RJStevensMusicPresentationCreator.Program~0000000549
2024-12-14 21:48:57.4143~DEBUG~<- ExtractAllFromFile(zipFileName = "C:\Users\cofc_\AppData\Local\Temp\tmpCCC9.tmp\rjsec1109.ZIP", decompressedFolder = "C:\Users\cofc_\AppData\Local\Temp\tmpCDD3.tmp", message = "rjsec1109")~~RJStevensMusicPresentationCreator.Program~0000000550
2024-12-14 21:48:57.5043~DEBUG~-> DownloadFile(url = "https://faas-nyc1-2ef2e6cc.doserverless.co/api/v1/web/fn-dd7f8f6a-d32a-4f5e-ae7b-870dfb7963f3/downloads/bundle?id=000000000000119", filename = "C:\Users\cofc_\AppData\Local\Temp\tmpCFB9.tmp\rjsec112.ZIP", message = "rjsec112")~~RJStevensMusicPresentationCreator.Program~0000000551
2024-12-14 21:48:57.7293~DEBUG~download completed~~RJStevensMusicPresentationCreator.Program~0000000552
2024-12-14 21:48:57.7293~DEBUG~<- DownloadFile(url = "https://faas-nyc1-2ef2e6cc.doserverless.co/api/v1/web/fn-dd7f8f6a-d32a-4f5e-ae7b-870dfb7963f3/downloads/bundle?id=000000000000119", filename = "C:\Users\cofc_\AppData\Local\Temp\tmpCFB9.tmp\rjsec112.ZIP", message = "rjsec112")~~RJStevensMusicPresentationCreator.Program~0000000553
2024-12-14 21:48:57.7433~DEBUG~-> ExtractAllFromFile(zipFileName = "C:\Users\cofc_\AppData\Local\Temp\tmpCFB9.tmp\rjsec112.ZIP", decompressedFolder = "C:\Users\cofc_\AppData\Local\Temp\tmpD0A4.tmp", message = "rjsec112")~~RJStevensMusicPresentationCreator.Program~0000000554
2024-12-14 21:48:57.9924~DEBUG~extract completed~~RJStevensMusicPresentationCreator.Program~0000000555
2024-12-14 21:48:57.9924~DEBUG~<- ExtractAllFromFile(zipFileName = "C:\Users\cofc_\AppData\Local\Temp\tmpCFB9.tmp\rjsec112.ZIP", decompressedFolder = "C:\Users\cofc_\AppData\Local\Temp\tmpD0A4.tmp", message = "rjsec112")~~RJStevensMusicPresentationCreator.Program~0000000556
2024-12-14 21:48:58.0694~DEBUG~-> DownloadFile(url = "https://faas-nyc1-2ef2e6cc.doserverless.co/api/v1/web/fn-dd7f8f6a-d32a-4f5e-ae7b-870dfb7963f3/downloads/bundle?id=000000000000121", filename = "C:\Users\cofc_\AppData\Local\Temp\tmpD1ED.tmp\rjsec114.ZIP", message = "rjsec114")~~RJStevensMusicPresentationCreator.Program~0000000557
2024-12-14 21:48:58.3134~DEBUG~download completed~~RJStevensMusicPresentationCreator.Program~0000000558
2024-12-14 21:48:58.3134~DEBUG~<- DownloadFile(url = "https://faas-nyc1-2ef2e6cc.doserverless.co/api/v1/web/fn-dd7f8f6a-d32a-4f5e-ae7b-870dfb7963f3/downloads/bundle?id=000000000000121", filename = "C:\Users\cofc_\AppData\Local\Temp\tmpD1ED.tmp\rjsec114.ZIP", message = "rjsec114")~~RJStevensMusicPresentationCreator.Program~0000000559
2024-12-14 21:48:58.3134~DEBUG~-> ExtractAllFromFile(zipFileName = "C:\Users\cofc_\AppData\Local\Temp\tmpD1ED.tmp\rjsec114.ZIP", decompressedFolder = "C:\Users\cofc_\AppData\Local\Temp\tmpD2E8.tmp", message = "rjsec114")~~RJStevensMusicPresentationCreator.Program~0000000560
2024-12-14 21:48:58.6184~DEBUG~extract completed~~RJStevensMusicPresentationCreator.Program~0000000561
2024-12-14 21:48:58.6184~DEBUG~<- ExtractAllFromFile(zipFileName = "C:\Users\cofc_\AppData\Local\Temp\tmpD1ED.tmp\rjsec114.ZIP", decompressedFolder = "C:\Users\cofc_\AppData\Local\Temp\tmpD2E8.tmp", message = "rjsec114")~~RJStevensMusicPresentationCreator.Program~0000000562
2024-12-14 21:48:58.6934~DEBUG~-> DownloadFile(url = "https://faas-nyc1-2ef2e6cc.doserverless.co/api/v1/web/fn-dd7f8f6a-d32a-4f5e-ae7b-870dfb7963f3/downloads/bundle?id=000000000000122", filename = "C:\Users\cofc_\AppData\Local\Temp\tmpD460.tmp\rjsec115.ZIP", message = "rjsec115")~~RJStevensMusicPresentationCreator.Program~0000000563
2024-12-14 21:48:58.9314~DEBUG~download completed~~RJStevensMusicPresentationCreator.Program~0000000564
2024-12-14 21:48:58.9314~DEBUG~<- DownloadFile(url = "https://faas-nyc1-2ef2e6cc.doserverless.co/api/v1/web/fn-dd7f8f6a-d32a-4f5e-ae7b-870dfb7963f3/downloads/bundle?id=000000000000122", filename = "C:\Users\cofc_\AppData\Local\Temp\tmpD460.tmp\rjsec115.ZIP", message = "rjsec115")~~RJStevensMusicPresentationCreator.Program~0000000565
2024-12-14 21:48:58.9474~DEBUG~-> ExtractAllFromFile(zipFileName = "C:\Users\cofc_\AppData\Local\Temp\tmpD460.tmp\rjsec115.ZIP", decompressedFolder = "C:\Users\cofc_\AppData\Local\Temp\tmpD55B.tmp", message = "rjsec115")~~RJStevensMusicPresentationCreator.Program~0000000566
2024-12-14 21:48:59.2754~DEBUG~extract completed~~RJStevensMusicPresentationCreator.Program~0000000567
2024-12-14 21:48:59.2754~DEBUG~<- ExtractAllFromFile(zipFileName = "C:\Users\cofc_\AppData\Local\Temp\tmpD460.tmp\rjsec115.ZIP", decompressedFolder = "C:\Users\cofc_\AppData\Local\Temp\tmpD55B.tmp", message = "rjsec115")~~RJStevensMusicPresentationCreator.Program~0000000568
2024-12-14 21:48:59.3575~DEBUG~-> DownloadFile(url = "https://faas-nyc1-2ef2e6cc.doserverless.co/api/v1/web/fn-dd7f8f6a-d32a-4f5e-ae7b-870dfb7963f3/downloads/bundle?id=000000000000123", filename = "C:\Users\cofc_\AppData\Local\Temp\tmpD6F3.tmp\rjsec116.ZIP", message = "rjsec116")~~RJStevensMusicPresentationCreator.Program~0000000569
2024-12-14 21:48:59.5625~DEBUG~download completed~~RJStevensMusicPresentationCreator.Program~0000000570
2024-12-14 21:48:59.5625~DEBUG~<- DownloadFile(url = "https://faas-nyc1-2ef2e6cc.doserverless.co/api/v1/web/fn-dd7f8f6a-d32a-4f5e-ae7b-870dfb7963f3/downloads/bundle?id=000000000000123", filename = "C:\Users\cofc_\AppData\Local\Temp\tmpD6F3.tmp\rjsec116.ZIP", message = "rjsec116")~~RJStevensMusicPresentationCreator.Program~0000000571
2024-12-14 21:48:59.5775~DEBUG~-> ExtractAllFromFile(zipFileName = "C:\Users\cofc_\AppData\Local\Temp\tmpD6F3.tmp\rjsec116.ZIP", decompressedFolder = "C:\Users\cofc_\AppData\Local\Temp\tmpD7CE.tmp", message = "rjsec116")~~RJStevensMusicPresentationCreator.Program~0000000572
2024-12-14 21:48:59.8225~DEBUG~extract completed~~RJStevensMusicPresentationCreator.Program~0000000573
2024-12-14 21:48:59.8225~DEBUG~<- ExtractAllFromFile(zipFileName = "C:\Users\cofc_\AppData\Local\Temp\tmpD6F3.tmp\rjsec116.ZIP", decompressedFolder = "C:\Users\cofc_\AppData\Local\Temp\tmpD7CE.tmp", message = "rjsec116")~~RJStevensMusicPresentationCreator.Program~0000000574
2024-12-14 21:48:59.8955~DEBUG~-> DownloadFile(url = "https://faas-nyc1-2ef2e6cc.doserverless.co/api/v1/web/fn-dd7f8f6a-d32a-4f5e-ae7b-870dfb7963f3/downloads/bundle?id=000000000000124", filename = "C:\Users\cofc_\AppData\Local\Temp\tmpD917.tmp\rjsec117.ZIP", message = "rjsec117")~~RJStevensMusicPresentationCreator.Program~0000000575
2024-12-14 21:49:00.0995~DEBUG~download completed~~RJStevensMusicPresentationCreator.Program~0000000576
2024-12-14 21:49:00.0995~DEBUG~<- DownloadFile(url = "https://faas-nyc1-2ef2e6cc.doserverless.co/api/v1/web/fn-dd7f8f6a-d32a-4f5e-ae7b-870dfb7963f3/downloads/bundle?id=000000000000124", filename = "C:\Users\cofc_\AppData\Local\Temp\tmpD917.tmp\rjsec117.ZIP", message = "rjsec117")~~RJStevensMusicPresentationCreator.Program~0000000577
2024-12-14 21:49:00.1215~DEBUG~-> ExtractAllFromFile(zipFileName = "C:\Users\cofc_\AppData\Local\Temp\tmpD917.tmp\rjsec117.ZIP", decompressedFolder = "C:\Users\cofc_\AppData\Local\Temp\tmpD9F3.tmp", message = "rjsec117")~~RJStevensMusicPresentationCreator.Program~0000000578
2024-12-14 21:49:00.3825~DEBUG~extract completed~~RJStevensMusicPresentationCreator.Program~0000000579
2024-12-14 21:49:00.3825~DEBUG~<- ExtractAllFromFile(zipFileName = "C:\Users\cofc_\AppData\Local\Temp\tmpD917.tmp\rjsec117.ZIP", decompressedFolder = "C:\Users\cofc_\AppData\Local\Temp\tmpD9F3.tmp", message = "rjsec117")~~RJStevensMusicPresentationCreator.Program~0000000580
2024-12-14 21:49:00.4625~DEBUG~-> DownloadFile(url = "https://faas-nyc1-2ef2e6cc.doserverless.co/api/v1/web/fn-dd7f8f6a-d32a-4f5e-ae7b-870dfb7963f3/downloads/bundle?id=000000000000125", filename = "C:\Users\cofc_\AppData\Local\Temp\tmpDB4C.tmp\rjsec118.ZIP", message = "rjsec118")~~RJStevensMusicPresentationCreator.Program~0000000581
2024-12-14 21:49:00.6526~DEBUG~download completed~~RJStevensMusicPresentationCreator.Program~0000000582
2024-12-14 21:49:00.6526~DEBUG~<- DownloadFile(url = "https://faas-nyc1-2ef2e6cc.doserverless.co/api/v1/web/fn-dd7f8f6a-d32a-4f5e-ae7b-870dfb7963f3/downloads/bundle?id=000000000000125", filename = "C:\Users\cofc_\AppData\Local\Temp\tmpDB4C.tmp\rjsec118.ZIP", message = "rjsec118")~~RJStevensMusicPresentationCreator.Program~0000000583
2024-12-14 21:49:00.6705~DEBUG~-> ExtractAllFromFile(zipFileName = "C:\Users\cofc_\AppData\Local\Temp\tmpDB4C.tmp\rjsec118.ZIP", decompressedFolder = "C:\Users\cofc_\AppData\Local\Temp\tmpDC18.tmp", message = "rjsec118")~~RJStevensMusicPresentationCreator.Program~0000000584
2024-12-14 21:49:00.8846~DEBUG~extract completed~~RJStevensMusicPresentationCreator.Program~0000000585
2024-12-14 21:49:00.8846~DEBUG~<- ExtractAllFromFile(zipFileName = "C:\Users\cofc_\AppData\Local\Temp\tmpDB4C.tmp\rjsec118.ZIP", decompressedFolder = "C:\Users\cofc_\AppData\Local\Temp\tmpDC18.tmp", message = "rjsec118")~~RJStevensMusicPresentationCreator.Program~0000000586
2024-12-14 21:49:00.9476~DEBUG~-> DownloadFile(url = "https://faas-nyc1-2ef2e6cc.doserverless.co/api/v1/web/fn-dd7f8f6a-d32a-4f5e-ae7b-870dfb7963f3/downloads/bundle?id=000000000000126", filename = "C:\Users\cofc_\AppData\Local\Temp\tmpDD32.tmp\rjsec119.ZIP", message = "rjsec119")~~RJStevensMusicPresentationCreator.Program~0000000587
2024-12-14 21:49:01.1726~DEBUG~download completed~~RJStevensMusicPresentationCreator.Program~0000000588
2024-12-14 21:49:01.1726~DEBUG~<- DownloadFile(url = "https://faas-nyc1-2ef2e6cc.doserverless.co/api/v1/web/fn-dd7f8f6a-d32a-4f5e-ae7b-870dfb7963f3/downloads/bundle?id=000000000000126", filename = "C:\Users\cofc_\AppData\Local\Temp\tmpDD32.tmp\rjsec119.ZIP", message = "rjsec119")~~RJStevensMusicPresentationCreator.Program~0000000589
2024-12-14 21:49:01.1726~DEBUG~-> ExtractAllFromFile(zipFileName = "C:\Users\cofc_\AppData\Local\Temp\tmpDD32.tmp\rjsec119.ZIP", decompressedFolder = "C:\Users\cofc_\AppData\Local\Temp\tmpDE1E.tmp", message = "rjsec119")~~RJStevensMusicPresentationCreator.Program~0000000590
2024-12-14 21:49:01.5536~DEBUG~extract completed~~RJStevensMusicPresentationCreator.Program~0000000591
2024-12-14 21:49:01.5536~DEBUG~<- ExtractAllFromFile(zipFileName = "C:\Users\cofc_\AppData\Local\Temp\tmpDD32.tmp\rjsec119.ZIP", decompressedFolder = "C:\Users\cofc_\AppData\Local\Temp\tmpDE1E.tmp", message = "rjsec119")~~RJStevensMusicPresentationCreator.Program~0000000592
2024-12-14 21:49:01.6406~DEBUG~-> DownloadFile(url = "https://faas-nyc1-2ef2e6cc.doserverless.co/api/v1/web/fn-dd7f8f6a-d32a-4f5e-ae7b-870dfb7963f3/downloads/bundle?id=000000000000127", filename = "C:\Users\cofc_\AppData\Local\Temp\tmpDFE4.tmp\rjsec120.ZIP", message = "rjsec120")~~RJStevensMusicPresentationCreator.Program~0000000593
2024-12-14 21:49:01.8466~DEBUG~download completed~~RJStevensMusicPresentationCreator.Program~0000000594
2024-12-14 21:49:01.8466~DEBUG~<- DownloadFile(url = "https://faas-nyc1-2ef2e6cc.doserverless.co/api/v1/web/fn-dd7f8f6a-d32a-4f5e-ae7b-870dfb7963f3/downloads/bundle?id=000000000000127", filename = "C:\Users\cofc_\AppData\Local\Temp\tmpDFE4.tmp\rjsec120.ZIP", message = "rjsec120")~~RJStevensMusicPresentationCreator.Program~0000000595
2024-12-14 21:49:01.8636~DEBUG~-> ExtractAllFromFile(zipFileName = "C:\Users\cofc_\AppData\Local\Temp\tmpDFE4.tmp\rjsec120.ZIP", decompressedFolder = "C:\Users\cofc_\AppData\Local\Temp\tmpE0CF.tmp", message = "rjsec120")~~RJStevensMusicPresentationCreator.Program~0000000596
2024-12-14 21:49:02.0657~DEBUG~extract completed~~RJStevensMusicPresentationCreator.Program~0000000597
2024-12-14 21:49:02.0657~DEBUG~<- ExtractAllFromFile(zipFileName = "C:\Users\cofc_\AppData\Local\Temp\tmpDFE4.tmp\rjsec120.ZIP", decompressedFolder = "C:\Users\cofc_\AppData\Local\Temp\tmpE0CF.tmp", message = "rjsec120")~~RJStevensMusicPresentationCreator.Program~0000000598
2024-12-14 21:49:02.1267~DEBUG~-> DownloadFile(url = "https://faas-nyc1-2ef2e6cc.doserverless.co/api/v1/web/fn-dd7f8f6a-d32a-4f5e-ae7b-870dfb7963f3/downloads/bundle?id=000000000000128", filename = "C:\Users\cofc_\AppData\Local\Temp\tmpE1DA.tmp\rjsec121.ZIP", message = "rjsec121")~~RJStevensMusicPresentationCreator.Program~0000000599
2024-12-14 21:49:02.4127~DEBUG~download completed~~RJStevensMusicPresentationCreator.Program~0000000600
2024-12-14 21:49:02.4127~DEBUG~<- DownloadFile(url = "https://faas-nyc1-2ef2e6cc.doserverless.co/api/v1/web/fn-dd7f8f6a-d32a-4f5e-ae7b-870dfb7963f3/downloads/bundle?id=000000000000128", filename = "C:\Users\cofc_\AppData\Local\Temp\tmpE1DA.tmp\rjsec121.ZIP", message = "rjsec121")~~RJStevensMusicPresentationCreator.Program~0000000601
2024-12-14 21:49:02.4347~DEBUG~-> ExtractAllFromFile(zipFileName = "C:\Users\cofc_\AppData\Local\Temp\tmpE1DA.tmp\rjsec121.ZIP", decompressedFolder = "C:\Users\cofc_\AppData\Local\Temp\tmpE304.tmp", message = "rjsec121")~~RJStevensMusicPresentationCreator.Program~0000000602
2024-12-14 21:49:02.7567~DEBUG~extract completed~~RJStevensMusicPresentationCreator.Program~0000000603
2024-12-14 21:49:02.7567~DEBUG~<- ExtractAllFromFile(zipFileName = "C:\Users\cofc_\AppData\Local\Temp\tmpE1DA.tmp\rjsec121.ZIP", decompressedFolder = "C:\Users\cofc_\AppData\Local\Temp\tmpE304.tmp", message = "rjsec121")~~RJStevensMusicPresentationCreator.Program~0000000604
2024-12-14 21:49:02.8397~DEBUG~-> DownloadFile(url = "https://faas-nyc1-2ef2e6cc.doserverless.co/api/v1/web/fn-dd7f8f6a-d32a-4f5e-ae7b-870dfb7963f3/downloads/bundle?id=000000000000129", filename = "C:\Users\cofc_\AppData\Local\Temp\tmpE49B.tmp\rjsec122.ZIP", message = "rjsec122")~~RJStevensMusicPresentationCreator.Program~0000000605
2024-12-14 21:49:03.0717~DEBUG~download completed~~RJStevensMusicPresentationCreator.Program~0000000606
2024-12-14 21:49:03.0717~DEBUG~<- DownloadFile(url = "https://faas-nyc1-2ef2e6cc.doserverless.co/api/v1/web/fn-dd7f8f6a-d32a-4f5e-ae7b-870dfb7963f3/downloads/bundle?id=000000000000129", filename = "C:\Users\cofc_\AppData\Local\Temp\tmpE49B.tmp\rjsec122.ZIP", message = "rjsec122")~~RJStevensMusicPresentationCreator.Program~0000000607
2024-12-14 21:49:03.0917~DEBUG~-> ExtractAllFromFile(zipFileName = "C:\Users\cofc_\AppData\Local\Temp\tmpE49B.tmp\rjsec122.ZIP", decompressedFolder = "C:\Users\cofc_\AppData\Local\Temp\tmpE596.tmp", message = "rjsec122")~~RJStevensMusicPresentationCreator.Program~0000000608
2024-12-14 21:49:03.4609~DEBUG~extract completed~~RJStevensMusicPresentationCreator.Program~0000000609
2024-12-14 21:49:03.4694~DEBUG~<- ExtractAllFromFile(zipFileName = "C:\Users\cofc_\AppData\Local\Temp\tmpE49B.tmp\rjsec122.ZIP", decompressedFolder = "C:\Users\cofc_\AppData\Local\Temp\tmpE596.tmp", message = "rjsec122")~~RJStevensMusicPresentationCreator.Program~0000000610
2024-12-14 21:49:03.5750~DEBUG~-> DownloadFile(url = "https://faas-nyc1-2ef2e6cc.doserverless.co/api/v1/web/fn-dd7f8f6a-d32a-4f5e-ae7b-870dfb7963f3/downloads/bundle?id=000000000000130", filename = "C:\Users\cofc_\AppData\Local\Temp\tmpE77B.tmp\rjsec123.ZIP", message = "rjsec123")~~RJStevensMusicPresentationCreator.Program~0000000611
2024-12-14 21:49:03.8736~DEBUG~download completed~~RJStevensMusicPresentationCreator.Program~0000000612
2024-12-14 21:49:03.8736~DEBUG~<- DownloadFile(url = "https://faas-nyc1-2ef2e6cc.doserverless.co/api/v1/web/fn-dd7f8f6a-d32a-4f5e-ae7b-870dfb7963f3/downloads/bundle?id=000000000000130", filename = "C:\Users\cofc_\AppData\Local\Temp\tmpE77B.tmp\rjsec123.ZIP", message = "rjsec123")~~RJStevensMusicPresentationCreator.Program~0000000613
2024-12-14 21:49:03.8936~DEBUG~-> ExtractAllFromFile(zipFileName = "C:\Users\cofc_\AppData\Local\Temp\tmpE77B.tmp\rjsec123.ZIP", decompressedFolder = "C:\Users\cofc_\AppData\Local\Temp\tmpE8C4.tmp", message = "rjsec123")~~RJStevensMusicPresentationCreator.Program~0000000614
2024-12-14 21:49:04.3127~DEBUG~extract completed~~RJStevensMusicPresentationCreator.Program~0000000615
2024-12-14 21:49:04.3157~DEBUG~<- ExtractAllFromFile(zipFileName = "C:\Users\cofc_\AppData\Local\Temp\tmpE77B.tmp\rjsec123.ZIP", decompressedFolder = "C:\Users\cofc_\AppData\Local\Temp\tmpE8C4.tmp", message = "rjsec123")~~RJStevensMusicPresentationCreator.Program~0000000616
2024-12-14 21:49:04.4157~DEBUG~-> DownloadFile(url = "https://faas-nyc1-2ef2e6cc.doserverless.co/api/v1/web/fn-dd7f8f6a-d32a-4f5e-ae7b-870dfb7963f3/downloads/bundle?id=000000000000131", filename = "C:\Users\cofc_\AppData\Local\Temp\tmpEAC9.tmp\rjsec124.ZIP", message = "rjsec124")~~RJStevensMusicPresentationCreator.Program~0000000617
2024-12-14 21:49:04.6117~DEBUG~download completed~~RJStevensMusicPresentationCreator.Program~0000000618
2024-12-14 21:49:04.6117~DEBUG~<- DownloadFile(url = "https://faas-nyc1-2ef2e6cc.doserverless.co/api/v1/web/fn-dd7f8f6a-d32a-4f5e-ae7b-870dfb7963f3/downloads/bundle?id=000000000000131", filename = "C:\Users\cofc_\AppData\Local\Temp\tmpEAC9.tmp\rjsec124.ZIP", message = "rjsec124")~~RJStevensMusicPresentationCreator.Program~0000000619
2024-12-14 21:49:04.6287~DEBUG~-> ExtractAllFromFile(zipFileName = "C:\Users\cofc_\AppData\Local\Temp\tmpEAC9.tmp\rjsec124.ZIP", decompressedFolder = "C:\Users\cofc_\AppData\Local\Temp\tmpEBA5.tmp", message = "rjsec124")~~RJStevensMusicPresentationCreator.Program~0000000620
2024-12-14 21:49:04.8397~DEBUG~extract completed~~RJStevensMusicPresentationCreator.Program~0000000621
2024-12-14 21:49:04.8397~DEBUG~<- ExtractAllFromFile(zipFileName = "C:\Users\cofc_\AppData\Local\Temp\tmpEAC9.tmp\rjsec124.ZIP", decompressedFolder = "C:\Users\cofc_\AppData\Local\Temp\tmpEBA5.tmp", message = "rjsec124")~~RJStevensMusicPresentationCreator.Program~0000000622
2024-12-14 21:49:04.9027~DEBUG~-> DownloadFile(url = "https://faas-nyc1-2ef2e6cc.doserverless.co/api/v1/web/fn-dd7f8f6a-d32a-4f5e-ae7b-870dfb7963f3/downloads/bundle?id=000000000000132", filename = "C:\Users\cofc_\AppData\Local\Temp\tmpECAF.tmp\rjsec125.ZIP", message = "rjsec125")~~RJStevensMusicPresentationCreator.Program~0000000623
2024-12-14 21:49:05.1167~DEBUG~download completed~~RJStevensMusicPresentationCreator.Program~0000000624
2024-12-14 21:49:05.1167~DEBUG~<- DownloadFile(url = "https://faas-nyc1-2ef2e6cc.doserverless.co/api/v1/web/fn-dd7f8f6a-d32a-4f5e-ae7b-870dfb7963f3/downloads/bundle?id=000000000000132", filename = "C:\Users\cofc_\AppData\Local\Temp\tmpECAF.tmp\rjsec125.ZIP", message = "rjsec125")~~RJStevensMusicPresentationCreator.Program~0000000625
2024-12-14 21:49:05.1357~DEBUG~-> ExtractAllFromFile(zipFileName = "C:\Users\cofc_\AppData\Local\Temp\tmpECAF.tmp\rjsec125.ZIP", decompressedFolder = "C:\Users\cofc_\AppData\Local\Temp\tmpED9B.tmp", message = "rjsec125")~~RJStevensMusicPresentationCreator.Program~0000000626
2024-12-14 21:49:05.4168~DEBUG~extract completed~~RJStevensMusicPresentationCreator.Program~0000000627
2024-12-14 21:49:05.4168~DEBUG~<- ExtractAllFromFile(zipFileName = "C:\Users\cofc_\AppData\Local\Temp\tmpECAF.tmp\rjsec125.ZIP", decompressedFolder = "C:\Users\cofc_\AppData\Local\Temp\tmpED9B.tmp", message = "rjsec125")~~RJStevensMusicPresentationCreator.Program~0000000628
2024-12-14 21:49:05.4938~DEBUG~-> DownloadFile(url = "https://faas-nyc1-2ef2e6cc.doserverless.co/api/v1/web/fn-dd7f8f6a-d32a-4f5e-ae7b-870dfb7963f3/downloads/bundle?id=000000000000133", filename = "C:\Users\cofc_\AppData\Local\Temp\tmpEF03.tmp\rjsec126.ZIP", message = "rjsec126")~~RJStevensMusicPresentationCreator.Program~0000000629
2024-12-14 21:49:05.7018~DEBUG~download completed~~RJStevensMusicPresentationCreator.Program~0000000630
2024-12-14 21:49:05.7018~DEBUG~<- DownloadFile(url = "https://faas-nyc1-2ef2e6cc.doserverless.co/api/v1/web/fn-dd7f8f6a-d32a-4f5e-ae7b-870dfb7963f3/downloads/bundle?id=000000000000133", filename = "C:\Users\cofc_\AppData\Local\Temp\tmpEF03.tmp\rjsec126.ZIP", message = "rjsec126")~~RJStevensMusicPresentationCreator.Program~0000000631
2024-12-14 21:49:05.7238~DEBUG~-> ExtractAllFromFile(zipFileName = "C:\Users\cofc_\AppData\Local\Temp\tmpEF03.tmp\rjsec126.ZIP", decompressedFolder = "C:\Users\cofc_\AppData\Local\Temp\tmpEFEF.tmp", message = "rjsec126")~~RJStevensMusicPresentationCreator.Program~0000000632
2024-12-14 21:49:05.9748~DEBUG~extract completed~~RJStevensMusicPresentationCreator.Program~0000000633
2024-12-14 21:49:05.9748~DEBUG~<- ExtractAllFromFile(zipFileName = "C:\Users\cofc_\AppData\Local\Temp\tmpEF03.tmp\rjsec126.ZIP", decompressedFolder = "C:\Users\cofc_\AppData\Local\Temp\tmpEFEF.tmp", message = "rjsec126")~~RJStevensMusicPresentationCreator.Program~0000000634
2024-12-14 21:49:06.0548~DEBUG~-> DownloadFile(url = "https://faas-nyc1-2ef2e6cc.doserverless.co/api/v1/web/fn-dd7f8f6a-d32a-4f5e-ae7b-870dfb7963f3/downloads/bundle?id=000000000000134", filename = "C:\Users\cofc_\AppData\Local\Temp\tmpF138.tmp\rjsec127.ZIP", message = "rjsec127")~~RJStevensMusicPresentationCreator.Program~0000000635
2024-12-14 21:49:06.3148~DEBUG~download completed~~RJStevensMusicPresentationCreator.Program~0000000636
2024-12-14 21:49:06.3148~DEBUG~<- DownloadFile(url = "https://faas-nyc1-2ef2e6cc.doserverless.co/api/v1/web/fn-dd7f8f6a-d32a-4f5e-ae7b-870dfb7963f3/downloads/bundle?id=000000000000134", filename = "C:\Users\cofc_\AppData\Local\Temp\tmpF138.tmp\rjsec127.ZIP", message = "rjsec127")~~RJStevensMusicPresentationCreator.Program~0000000637
2024-12-14 21:49:06.3148~DEBUG~-> ExtractAllFromFile(zipFileName = "C:\Users\cofc_\AppData\Local\Temp\tmpF138.tmp\rjsec127.ZIP", decompressedFolder = "C:\Users\cofc_\AppData\Local\Temp\tmpF242.tmp", message = "rjsec127")~~RJStevensMusicPresentationCreator.Program~0000000638
2024-12-14 21:49:06.6301~DEBUG~extract completed~~RJStevensMusicPresentationCreator.Program~0000000639
2024-12-14 21:49:06.6301~DEBUG~<- ExtractAllFromFile(zipFileName = "C:\Users\cofc_\AppData\Local\Temp\tmpF138.tmp\rjsec127.ZIP", decompressedFolder = "C:\Users\cofc_\AppData\Local\Temp\tmpF242.tmp", message = "rjsec127")~~RJStevensMusicPresentationCreator.Program~0000000640
2024-12-14 21:49:06.6981~DEBUG~-> DownloadFile(url = "https://faas-nyc1-2ef2e6cc.doserverless.co/api/v1/web/fn-dd7f8f6a-d32a-4f5e-ae7b-870dfb7963f3/downloads/bundle?id=000000000000135", filename = "C:\Users\cofc_\AppData\Local\Temp\tmpF3BA.tmp\rjsec128.ZIP", message = "rjsec128")~~RJStevensMusicPresentationCreator.Program~0000000641
2024-12-14 21:49:06.8821~DEBUG~download completed~~RJStevensMusicPresentationCreator.Program~0000000642
2024-12-14 21:49:06.8821~DEBUG~<- DownloadFile(url = "https://faas-nyc1-2ef2e6cc.doserverless.co/api/v1/web/fn-dd7f8f6a-d32a-4f5e-ae7b-870dfb7963f3/downloads/bundle?id=000000000000135", filename = "C:\Users\cofc_\AppData\Local\Temp\tmpF3BA.tmp\rjsec128.ZIP", message = "rjsec128")~~RJStevensMusicPresentationCreator.Program~0000000643
2024-12-14 21:49:06.8971~DEBUG~-> ExtractAllFromFile(zipFileName = "C:\Users\cofc_\AppData\Local\Temp\tmpF3BA.tmp\rjsec128.ZIP", decompressedFolder = "C:\Users\cofc_\AppData\Local\Temp\tmpF486.tmp", message = "rjsec128")~~RJStevensMusicPresentationCreator.Program~0000000644
2024-12-14 21:49:07.0971~DEBUG~extract completed~~RJStevensMusicPresentationCreator.Program~0000000645
2024-12-14 21:49:07.0971~DEBUG~<- ExtractAllFromFile(zipFileName = "C:\Users\cofc_\AppData\Local\Temp\tmpF3BA.tmp\rjsec128.ZIP", decompressedFolder = "C:\Users\cofc_\AppData\Local\Temp\tmpF486.tmp", message = "rjsec128")~~RJStevensMusicPresentationCreator.Program~0000000646
2024-12-14 21:49:07.1591~DEBUG~-> DownloadFile(url = "https://faas-nyc1-2ef2e6cc.doserverless.co/api/v1/web/fn-dd7f8f6a-d32a-4f5e-ae7b-870dfb7963f3/downloads/bundle?id=000000000000136", filename = "C:\Users\cofc_\AppData\Local\Temp\tmpF581.tmp\rjsec129.ZIP", message = "rjsec129")~~RJStevensMusicPresentationCreator.Program~0000000647
2024-12-14 21:49:07.4172~DEBUG~download completed~~RJStevensMusicPresentationCreator.Program~0000000648
2024-12-14 21:49:07.4172~DEBUG~<- DownloadFile(url = "https://faas-nyc1-2ef2e6cc.doserverless.co/api/v1/web/fn-dd7f8f6a-d32a-4f5e-ae7b-870dfb7963f3/downloads/bundle?id=000000000000136", filename = "C:\Users\cofc_\AppData\Local\Temp\tmpF581.tmp\rjsec129.ZIP", message = "rjsec129")~~RJStevensMusicPresentationCreator.Program~0000000649
2024-12-14 21:49:07.4402~DEBUG~-> ExtractAllFromFile(zipFileName = "C:\Users\cofc_\AppData\Local\Temp\tmpF581.tmp\rjsec129.ZIP", decompressedFolder = "C:\Users\cofc_\AppData\Local\Temp\tmpF6AB.tmp", message = "rjsec129")~~RJStevensMusicPresentationCreator.Program~0000000650
2024-12-14 21:49:07.7462~DEBUG~extract completed~~RJStevensMusicPresentationCreator.Program~0000000651
2024-12-14 21:49:07.7462~DEBUG~<- ExtractAllFromFile(zipFileName = "C:\Users\cofc_\AppData\Local\Temp\tmpF581.tmp\rjsec129.ZIP", decompressedFolder = "C:\Users\cofc_\AppData\Local\Temp\tmpF6AB.tmp", message = "rjsec129")~~RJStevensMusicPresentationCreator.Program~0000000652
2024-12-14 21:49:07.8252~DEBUG~-> DownloadFile(url = "https://faas-nyc1-2ef2e6cc.doserverless.co/api/v1/web/fn-dd7f8f6a-d32a-4f5e-ae7b-870dfb7963f3/downloads/bundle?id=000000000000137", filename = "C:\Users\cofc_\AppData\Local\Temp\tmpF823.tmp\rjsec130.ZIP", message = "rjsec130")~~RJStevensMusicPresentationCreator.Program~0000000653
2024-12-14 21:49:08.0342~DEBUG~download completed~~RJStevensMusicPresentationCreator.Program~0000000654
2024-12-14 21:49:08.0342~DEBUG~<- DownloadFile(url = "https://faas-nyc1-2ef2e6cc.doserverless.co/api/v1/web/fn-dd7f8f6a-d32a-4f5e-ae7b-870dfb7963f3/downloads/bundle?id=000000000000137", filename = "C:\Users\cofc_\AppData\Local\Temp\tmpF823.tmp\rjsec130.ZIP", message = "rjsec130")~~RJStevensMusicPresentationCreator.Program~0000000655
2024-12-14 21:49:08.0502~DEBUG~-> ExtractAllFromFile(zipFileName = "C:\Users\cofc_\AppData\Local\Temp\tmpF823.tmp\rjsec130.ZIP", decompressedFolder = "C:\Users\cofc_\AppData\Local\Temp\tmpF90F.tmp", message = "rjsec130")~~RJStevensMusicPresentationCreator.Program~0000000656
2024-12-14 21:49:08.3052~DEBUG~extract completed~~RJStevensMusicPresentationCreator.Program~0000000657
2024-12-14 21:49:08.3052~DEBUG~<- ExtractAllFromFile(zipFileName = "C:\Users\cofc_\AppData\Local\Temp\tmpF823.tmp\rjsec130.ZIP", decompressedFolder = "C:\Users\cofc_\AppData\Local\Temp\tmpF90F.tmp", message = "rjsec130")~~RJStevensMusicPresentationCreator.Program~0000000658
2024-12-14 21:49:08.3772~DEBUG~-> DownloadFile(url = "https://faas-nyc1-2ef2e6cc.doserverless.co/api/v1/web/fn-dd7f8f6a-d32a-4f5e-ae7b-870dfb7963f3/downloads/bundle?id=000000000000138", filename = "C:\Users\cofc_\AppData\Local\Temp\tmpFA48.tmp\rjsec131.ZIP", message = "rjsec131")~~RJStevensMusicPresentationCreator.Program~0000000659
2024-12-14 21:49:08.6082~DEBUG~download completed~~RJStevensMusicPresentationCreator.Program~0000000660
2024-12-14 21:49:08.6082~DEBUG~<- DownloadFile(url = "https://faas-nyc1-2ef2e6cc.doserverless.co/api/v1/web/fn-dd7f8f6a-d32a-4f5e-ae7b-870dfb7963f3/downloads/bundle?id=000000000000138", filename = "C:\Users\cofc_\AppData\Local\Temp\tmpFA48.tmp\rjsec131.ZIP", message = "rjsec131")~~RJStevensMusicPresentationCreator.Program~0000000661
2024-12-14 21:49:08.6242~DEBUG~-> ExtractAllFromFile(zipFileName = "C:\Users\cofc_\AppData\Local\Temp\tmpFA48.tmp\rjsec131.ZIP", decompressedFolder = "C:\Users\cofc_\AppData\Local\Temp\tmpFB43.tmp", message = "rjsec131")~~RJStevensMusicPresentationCreator.Program~0000000662
2024-12-14 21:49:08.8723~DEBUG~extract completed~~RJStevensMusicPresentationCreator.Program~0000000663
2024-12-14 21:49:08.8723~DEBUG~<- ExtractAllFromFile(zipFileName = "C:\Users\cofc_\AppData\Local\Temp\tmpFA48.tmp\rjsec131.ZIP", decompressedFolder = "C:\Users\cofc_\AppData\Local\Temp\tmpFB43.tmp", message = "rjsec131")~~RJStevensMusicPresentationCreator.Program~0000000664
2024-12-14 21:49:08.9523~DEBUG~-> DownloadFile(url = "https://faas-nyc1-2ef2e6cc.doserverless.co/api/v1/web/fn-dd7f8f6a-d32a-4f5e-ae7b-870dfb7963f3/downloads/bundle?id=000000000000139", filename = "C:\Users\cofc_\AppData\Local\Temp\tmpFC8C.tmp\rjsec132.ZIP", message = "rjsec132")~~RJStevensMusicPresentationCreator.Program~0000000665
2024-12-14 21:49:09.1593~DEBUG~download completed~~RJStevensMusicPresentationCreator.Program~0000000666
2024-12-14 21:49:09.1593~DEBUG~<- DownloadFile(url = "https://faas-nyc1-2ef2e6cc.doserverless.co/api/v1/web/fn-dd7f8f6a-d32a-4f5e-ae7b-870dfb7963f3/downloads/bundle?id=000000000000139", filename = "C:\Users\cofc_\AppData\Local\Temp\tmpFC8C.tmp\rjsec132.ZIP", message = "rjsec132")~~RJStevensMusicPresentationCreator.Program~0000000667
2024-12-14 21:49:09.1763~DEBUG~-> ExtractAllFromFile(zipFileName = "C:\Users\cofc_\AppData\Local\Temp\tmpFC8C.tmp\rjsec132.ZIP", decompressedFolder = "C:\Users\cofc_\AppData\Local\Temp\tmpFD78.tmp", message = "rjsec132")~~RJStevensMusicPresentationCreator.Program~0000000668
2024-12-14 21:49:09.4123~DEBUG~extract completed~~RJStevensMusicPresentationCreator.Program~0000000669
2024-12-14 21:49:09.4123~DEBUG~<- ExtractAllFromFile(zipFileName = "C:\Users\cofc_\AppData\Local\Temp\tmpFC8C.tmp\rjsec132.ZIP", decompressedFolder = "C:\Users\cofc_\AppData\Local\Temp\tmpFD78.tmp", message = "rjsec132")~~RJStevensMusicPresentationCreator.Program~0000000670
2024-12-14 21:49:09.4813~DEBUG~-> DownloadFile(url = "https://faas-nyc1-2ef2e6cc.doserverless.co/api/v1/web/fn-dd7f8f6a-d32a-4f5e-ae7b-870dfb7963f3/downloads/bundle?id=000000000000140", filename = "C:\Users\cofc_\AppData\Local\Temp\tmpFEA2.tmp\rjsec133.ZIP", message = "rjsec133")~~RJStevensMusicPresentationCreator.Program~0000000671
2024-12-14 21:49:09.6763~DEBUG~download completed~~RJStevensMusicPresentationCreator.Program~0000000672
2024-12-14 21:49:09.6763~DEBUG~<- DownloadFile(url = "https://faas-nyc1-2ef2e6cc.doserverless.co/api/v1/web/fn-dd7f8f6a-d32a-4f5e-ae7b-870dfb7963f3/downloads/bundle?id=000000000000140", filename = "C:\Users\cofc_\AppData\Local\Temp\tmpFEA2.tmp\rjsec133.ZIP", message = "rjsec133")~~RJStevensMusicPresentationCreator.Program~0000000673
2024-12-14 21:49:09.6963~DEBUG~-> ExtractAllFromFile(zipFileName = "C:\Users\cofc_\AppData\Local\Temp\tmpFEA2.tmp\rjsec133.ZIP", decompressedFolder = "C:\Users\cofc_\AppData\Local\Temp\tmpFF7D.tmp", message = "rjsec133")~~RJStevensMusicPresentationCreator.Program~0000000674
2024-12-14 21:49:09.9353~DEBUG~extract completed~~RJStevensMusicPresentationCreator.Program~0000000675
2024-12-14 21:49:09.9404~DEBUG~<- ExtractAllFromFile(zipFileName = "C:\Users\cofc_\AppData\Local\Temp\tmpFEA2.tmp\rjsec133.ZIP", decompressedFolder = "C:\Users\cofc_\AppData\Local\Temp\tmpFF7D.tmp", message = "rjsec133")~~RJStevensMusicPresentationCreator.Program~0000000676
2024-12-14 21:49:10.0024~DEBUG~-> DownloadFile(url = "https://faas-nyc1-2ef2e6cc.doserverless.co/api/v1/web/fn-dd7f8f6a-d32a-4f5e-ae7b-870dfb7963f3/downloads/bundle?id=000000000000141", filename = "C:\Users\cofc_\AppData\Local\Temp\tmpB7.tmp\rjsec134.ZIP", message = "rjsec134")~~RJStevensMusicPresentationCreator.Program~0000000677
2024-12-14 21:49:10.2124~DEBUG~download completed~~RJStevensMusicPresentationCreator.Program~0000000678
2024-12-14 21:49:10.2124~DEBUG~<- DownloadFile(url = "https://faas-nyc1-2ef2e6cc.doserverless.co/api/v1/web/fn-dd7f8f6a-d32a-4f5e-ae7b-870dfb7963f3/downloads/bundle?id=000000000000141", filename = "C:\Users\cofc_\AppData\Local\Temp\tmpB7.tmp\rjsec134.ZIP", message = "rjsec134")~~RJStevensMusicPresentationCreator.Program~0000000679
2024-12-14 21:49:10.2264~DEBUG~-> ExtractAllFromFile(zipFileName = "C:\Users\cofc_\AppData\Local\Temp\tmpB7.tmp\rjsec134.ZIP", decompressedFolder = "C:\Users\cofc_\AppData\Local\Temp\tmp193.tmp", message = "rjsec134")~~RJStevensMusicPresentationCreator.Program~0000000680
2024-12-14 21:49:10.4334~DEBUG~extract completed~~RJStevensMusicPresentationCreator.Program~0000000681
2024-12-14 21:49:10.4334~DEBUG~<- ExtractAllFromFile(zipFileName = "C:\Users\cofc_\AppData\Local\Temp\tmpB7.tmp\rjsec134.ZIP", decompressedFolder = "C:\Users\cofc_\AppData\Local\Temp\tmp193.tmp", message = "rjsec134")~~RJStevensMusicPresentationCreator.Program~0000000682
2024-12-14 21:49:10.4924~DEBUG~-> DownloadFile(url = "https://faas-nyc1-2ef2e6cc.doserverless.co/api/v1/web/fn-dd7f8f6a-d32a-4f5e-ae7b-870dfb7963f3/downloads/bundle?id=000000000000142", filename = "C:\Users\cofc_\AppData\Local\Temp\tmp29D.tmp\rjsec135.ZIP", message = "rjsec135")~~RJStevensMusicPresentationCreator.Program~0000000683
2024-12-14 21:49:10.6884~DEBUG~download completed~~RJStevensMusicPresentationCreator.Program~0000000684
2024-12-14 21:49:10.6884~DEBUG~<- DownloadFile(url = "https://faas-nyc1-2ef2e6cc.doserverless.co/api/v1/web/fn-dd7f8f6a-d32a-4f5e-ae7b-870dfb7963f3/downloads/bundle?id=000000000000142", filename = "C:\Users\cofc_\AppData\Local\Temp\tmp29D.tmp\rjsec135.ZIP", message = "rjsec135")~~RJStevensMusicPresentationCreator.Program~0000000685
2024-12-14 21:49:10.6884~DEBUG~-> ExtractAllFromFile(zipFileName = "C:\Users\cofc_\AppData\Local\Temp\tmp29D.tmp\rjsec135.ZIP", decompressedFolder = "C:\Users\cofc_\AppData\Local\Temp\tmp369.tmp", message = "rjsec135")~~RJStevensMusicPresentationCreator.Program~0000000686
2024-12-14 21:49:10.8994~DEBUG~extract completed~~RJStevensMusicPresentationCreator.Program~0000000687
2024-12-14 21:49:10.8994~DEBUG~<- ExtractAllFromFile(zipFileName = "C:\Users\cofc_\AppData\Local\Temp\tmp29D.tmp\rjsec135.ZIP", decompressedFolder = "C:\Users\cofc_\AppData\Local\Temp\tmp369.tmp", message = "rjsec135")~~RJStevensMusicPresentationCreator.Program~0000000688
2024-12-14 21:49:10.9604~DEBUG~-> DownloadFile(url = "https://faas-nyc1-2ef2e6cc.doserverless.co/api/v1/web/fn-dd7f8f6a-d32a-4f5e-ae7b-870dfb7963f3/downloads/bundle?id=000000000000143", filename = "C:\Users\cofc_\AppData\Local\Temp\tmp474.tmp\rjsec136.ZIP", message = "rjsec136")~~RJStevensMusicPresentationCreator.Program~0000000689
2024-12-14 21:49:11.1785~DEBUG~download completed~~RJStevensMusicPresentationCreator.Program~0000000690
2024-12-14 21:49:11.1785~DEBUG~<- DownloadFile(url = "https://faas-nyc1-2ef2e6cc.doserverless.co/api/v1/web/fn-dd7f8f6a-d32a-4f5e-ae7b-870dfb7963f3/downloads/bundle?id=000000000000143", filename = "C:\Users\cofc_\AppData\Local\Temp\tmp474.tmp\rjsec136.ZIP", message = "rjsec136")~~RJStevensMusicPresentationCreator.Program~0000000691
2024-12-14 21:49:11.1975~DEBUG~-> ExtractAllFromFile(zipFileName = "C:\Users\cofc_\AppData\Local\Temp\tmp474.tmp\rjsec136.ZIP", decompressedFolder = "C:\Users\cofc_\AppData\Local\Temp\tmp55F.tmp", message = "rjsec136")~~RJStevensMusicPresentationCreator.Program~0000000692
2024-12-14 21:49:11.3935~DEBUG~extract completed~~RJStevensMusicPresentationCreator.Program~0000000693
2024-12-14 21:49:11.3935~DEBUG~<- ExtractAllFromFile(zipFileName = "C:\Users\cofc_\AppData\Local\Temp\tmp474.tmp\rjsec136.ZIP", decompressedFolder = "C:\Users\cofc_\AppData\Local\Temp\tmp55F.tmp", message = "rjsec136")~~RJStevensMusicPresentationCreator.Program~0000000694
2024-12-14 21:49:11.4615~DEBUG~-> DownloadFile(url = "https://faas-nyc1-2ef2e6cc.doserverless.co/api/v1/web/fn-dd7f8f6a-d32a-4f5e-ae7b-870dfb7963f3/downloads/bundle?id=000000000000144", filename = "C:\Users\cofc_\AppData\Local\Temp\tmp66A.tmp\rjsec137.ZIP", message = "rjsec137")~~RJStevensMusicPresentationCreator.Program~0000000695
2024-12-14 21:49:11.6845~DEBUG~download completed~~RJStevensMusicPresentationCreator.Program~0000000696
2024-12-14 21:49:11.6845~DEBUG~<- DownloadFile(url = "https://faas-nyc1-2ef2e6cc.doserverless.co/api/v1/web/fn-dd7f8f6a-d32a-4f5e-ae7b-870dfb7963f3/downloads/bundle?id=000000000000144", filename = "C:\Users\cofc_\AppData\Local\Temp\tmp66A.tmp\rjsec137.ZIP", message = "rjsec137")~~RJStevensMusicPresentationCreator.Program~0000000697
2024-12-14 21:49:11.6995~DEBUG~-> ExtractAllFromFile(zipFileName = "C:\Users\cofc_\AppData\Local\Temp\tmp66A.tmp\rjsec137.ZIP", decompressedFolder = "C:\Users\cofc_\AppData\Local\Temp\tmp755.tmp", message = "rjsec137")~~RJStevensMusicPresentationCreator.Program~0000000698
2024-12-14 21:49:11.9886~DEBUG~extract completed~~RJStevensMusicPresentationCreator.Program~0000000699
2024-12-14 21:49:11.9886~DEBUG~<- ExtractAllFromFile(zipFileName = "C:\Users\cofc_\AppData\Local\Temp\tmp66A.tmp\rjsec137.ZIP", decompressedFolder = "C:\Users\cofc_\AppData\Local\Temp\tmp755.tmp", message = "rjsec137")~~RJStevensMusicPresentationCreator.Program~0000000700
2024-12-14 21:49:12.0636~DEBUG~-> DownloadFile(url = "https://faas-nyc1-2ef2e6cc.doserverless.co/api/v1/web/fn-dd7f8f6a-d32a-4f5e-ae7b-870dfb7963f3/downloads/bundle?id=000000000000145", filename = "C:\Users\cofc_\AppData\Local\Temp\tmp8BE.tmp\rjsec138.ZIP", message = "rjsec138")~~RJStevensMusicPresentationCreator.Program~0000000701
2024-12-14 21:49:12.2666~DEBUG~download completed~~RJStevensMusicPresentationCreator.Program~0000000702
2024-12-14 21:49:12.2666~DEBUG~<- DownloadFile(url = "https://faas-nyc1-2ef2e6cc.doserverless.co/api/v1/web/fn-dd7f8f6a-d32a-4f5e-ae7b-870dfb7963f3/downloads/bundle?id=000000000000145", filename = "C:\Users\cofc_\AppData\Local\Temp\tmp8BE.tmp\rjsec138.ZIP", message = "rjsec138")~~RJStevensMusicPresentationCreator.Program~0000000703
2024-12-14 21:49:12.2826~DEBUG~-> ExtractAllFromFile(zipFileName = "C:\Users\cofc_\AppData\Local\Temp\tmp8BE.tmp\rjsec138.ZIP", decompressedFolder = "C:\Users\cofc_\AppData\Local\Temp\tmp9A9.tmp", message = "rjsec138")~~RJStevensMusicPresentationCreator.Program~0000000704
2024-12-14 21:49:12.5166~DEBUG~extract completed~~RJStevensMusicPresentationCreator.Program~0000000705
2024-12-14 21:49:12.5166~DEBUG~<- ExtractAllFromFile(zipFileName = "C:\Users\cofc_\AppData\Local\Temp\tmp8BE.tmp\rjsec138.ZIP", decompressedFolder = "C:\Users\cofc_\AppData\Local\Temp\tmp9A9.tmp", message = "rjsec138")~~RJStevensMusicPresentationCreator.Program~0000000706
2024-12-14 21:49:12.5796~DEBUG~-> DownloadFile(url = "https://faas-nyc1-2ef2e6cc.doserverless.co/api/v1/web/fn-dd7f8f6a-d32a-4f5e-ae7b-870dfb7963f3/downloads/bundle?id=000000000000146", filename = "C:\Users\cofc_\AppData\Local\Temp\tmpAC3.tmp\rjsec139.ZIP", message = "rjsec139")~~RJStevensMusicPresentationCreator.Program~0000000707
2024-12-14 21:49:12.7906~DEBUG~download completed~~RJStevensMusicPresentationCreator.Program~0000000708
2024-12-14 21:49:12.7906~DEBUG~<- DownloadFile(url = "https://faas-nyc1-2ef2e6cc.doserverless.co/api/v1/web/fn-dd7f8f6a-d32a-4f5e-ae7b-870dfb7963f3/downloads/bundle?id=000000000000146", filename = "C:\Users\cofc_\AppData\Local\Temp\tmpAC3.tmp\rjsec139.ZIP", message = "rjsec139")~~RJStevensMusicPresentationCreator.Program~0000000709
2024-12-14 21:49:12.8106~DEBUG~-> ExtractAllFromFile(zipFileName = "C:\Users\cofc_\AppData\Local\Temp\tmpAC3.tmp\rjsec139.ZIP", decompressedFolder = "C:\Users\cofc_\AppData\Local\Temp\tmpBAF.tmp", message = "rjsec139")~~RJStevensMusicPresentationCreator.Program~0000000710
2024-12-14 21:49:13.0926~DEBUG~extract completed~~RJStevensMusicPresentationCreator.Program~0000000711
2024-12-14 21:49:13.0956~DEBUG~<- ExtractAllFromFile(zipFileName = "C:\Users\cofc_\AppData\Local\Temp\tmpAC3.tmp\rjsec139.ZIP", decompressedFolder = "C:\Users\cofc_\AppData\Local\Temp\tmpBAF.tmp", message = "rjsec139")~~RJStevensMusicPresentationCreator.Program~0000000712
2024-12-14 21:49:13.1677~DEBUG~-> DownloadFile(url = "https://faas-nyc1-2ef2e6cc.doserverless.co/api/v1/web/fn-dd7f8f6a-d32a-4f5e-ae7b-870dfb7963f3/downloads/bundle?id=000000000000148", filename = "C:\Users\cofc_\AppData\Local\Temp\tmpD17.tmp\rjsec141.ZIP", message = "rjsec141")~~RJStevensMusicPresentationCreator.Program~0000000713
2024-12-14 21:49:13.4247~DEBUG~download completed~~RJStevensMusicPresentationCreator.Program~0000000714
2024-12-14 21:49:13.4247~DEBUG~<- DownloadFile(url = "https://faas-nyc1-2ef2e6cc.doserverless.co/api/v1/web/fn-dd7f8f6a-d32a-4f5e-ae7b-870dfb7963f3/downloads/bundle?id=000000000000148", filename = "C:\Users\cofc_\AppData\Local\Temp\tmpD17.tmp\rjsec141.ZIP", message = "rjsec141")~~RJStevensMusicPresentationCreator.Program~0000000715
2024-12-14 21:49:13.4467~DEBUG~-> ExtractAllFromFile(zipFileName = "C:\Users\cofc_\AppData\Local\Temp\tmpD17.tmp\rjsec141.ZIP", decompressedFolder = "C:\Users\cofc_\AppData\Local\Temp\tmpE31.tmp", message = "rjsec141")~~RJStevensMusicPresentationCreator.Program~0000000716
2024-12-14 21:49:13.7417~DEBUG~extract completed~~RJStevensMusicPresentationCreator.Program~0000000717
2024-12-14 21:49:13.7417~DEBUG~<- ExtractAllFromFile(zipFileName = "C:\Users\cofc_\AppData\Local\Temp\tmpD17.tmp\rjsec141.ZIP", decompressedFolder = "C:\Users\cofc_\AppData\Local\Temp\tmpE31.tmp", message = "rjsec141")~~RJStevensMusicPresentationCreator.Program~0000000718
2024-12-14 21:49:13.8197~DEBUG~-> DownloadFile(url = "https://faas-nyc1-2ef2e6cc.doserverless.co/api/v1/web/fn-dd7f8f6a-d32a-4f5e-ae7b-870dfb7963f3/downloads/bundle?id=000000000000149", filename = "C:\Users\cofc_\AppData\Local\Temp\tmpFA9.tmp\rjsec142.ZIP", message = "rjsec142")~~RJStevensMusicPresentationCreator.Program~0000000719
2024-12-14 21:49:14.0317~DEBUG~download completed~~RJStevensMusicPresentationCreator.Program~0000000720
2024-12-14 21:49:14.0317~DEBUG~<- DownloadFile(url = "https://faas-nyc1-2ef2e6cc.doserverless.co/api/v1/web/fn-dd7f8f6a-d32a-4f5e-ae7b-870dfb7963f3/downloads/bundle?id=000000000000149", filename = "C:\Users\cofc_\AppData\Local\Temp\tmpFA9.tmp\rjsec142.ZIP", message = "rjsec142")~~RJStevensMusicPresentationCreator.Program~0000000721
2024-12-14 21:49:14.0601~DEBUG~-> ExtractAllFromFile(zipFileName = "C:\Users\cofc_\AppData\Local\Temp\tmpFA9.tmp\rjsec142.ZIP", decompressedFolder = "C:\Users\cofc_\AppData\Local\Temp\tmp1095.tmp", message = "rjsec142")~~RJStevensMusicPresentationCreator.Program~0000000722
2024-12-14 21:49:14.3138~DEBUG~extract completed~~RJStevensMusicPresentationCreator.Program~0000000723
2024-12-14 21:49:14.3138~DEBUG~<- ExtractAllFromFile(zipFileName = "C:\Users\cofc_\AppData\Local\Temp\tmpFA9.tmp\rjsec142.ZIP", decompressedFolder = "C:\Users\cofc_\AppData\Local\Temp\tmp1095.tmp", message = "rjsec142")~~RJStevensMusicPresentationCreator.Program~0000000724
2024-12-14 21:49:14.3798~DEBUG~-> DownloadFile(url = "https://faas-nyc1-2ef2e6cc.doserverless.co/api/v1/web/fn-dd7f8f6a-d32a-4f5e-ae7b-870dfb7963f3/downloads/bundle?id=000000000000150", filename = "C:\Users\cofc_\AppData\Local\Temp\tmp11DE.tmp\rjsec143.ZIP", message = "rjsec143")~~RJStevensMusicPresentationCreator.Program~0000000725
2024-12-14 21:49:14.6009~DEBUG~download completed~~RJStevensMusicPresentationCreator.Program~0000000726
2024-12-14 21:49:14.6009~DEBUG~<- DownloadFile(url = "https://faas-nyc1-2ef2e6cc.doserverless.co/api/v1/web/fn-dd7f8f6a-d32a-4f5e-ae7b-870dfb7963f3/downloads/bundle?id=000000000000150", filename = "C:\Users\cofc_\AppData\Local\Temp\tmp11DE.tmp\rjsec143.ZIP", message = "rjsec143")~~RJStevensMusicPresentationCreator.Program~0000000727
2024-12-14 21:49:14.6179~DEBUG~-> ExtractAllFromFile(zipFileName = "C:\Users\cofc_\AppData\Local\Temp\tmp11DE.tmp\rjsec143.ZIP", decompressedFolder = "C:\Users\cofc_\AppData\Local\Temp\tmp12C9.tmp", message = "rjsec143")~~RJStevensMusicPresentationCreator.Program~0000000728
2024-12-14 21:49:14.8812~DEBUG~extract completed~~RJStevensMusicPresentationCreator.Program~0000000729
2024-12-14 21:49:14.8812~DEBUG~<- ExtractAllFromFile(zipFileName = "C:\Users\cofc_\AppData\Local\Temp\tmp11DE.tmp\rjsec143.ZIP", decompressedFolder = "C:\Users\cofc_\AppData\Local\Temp\tmp12C9.tmp", message = "rjsec143")~~RJStevensMusicPresentationCreator.Program~0000000730
2024-12-14 21:49:14.9552~DEBUG~-> DownloadFile(url = "https://faas-nyc1-2ef2e6cc.doserverless.co/api/v1/web/fn-dd7f8f6a-d32a-4f5e-ae7b-870dfb7963f3/downloads/bundle?id=000000000000151", filename = "C:\Users\cofc_\AppData\Local\Temp\tmp1412.tmp\rjsec144.ZIP", message = "rjsec144")~~RJStevensMusicPresentationCreator.Program~0000000731
2024-12-14 21:49:15.1662~DEBUG~download completed~~RJStevensMusicPresentationCreator.Program~0000000732
2024-12-14 21:49:15.1662~DEBUG~<- DownloadFile(url = "https://faas-nyc1-2ef2e6cc.doserverless.co/api/v1/web/fn-dd7f8f6a-d32a-4f5e-ae7b-870dfb7963f3/downloads/bundle?id=000000000000151", filename = "C:\Users\cofc_\AppData\Local\Temp\tmp1412.tmp\rjsec144.ZIP", message = "rjsec144")~~RJStevensMusicPresentationCreator.Program~0000000733
2024-12-14 21:49:15.1852~DEBUG~-> ExtractAllFromFile(zipFileName = "C:\Users\cofc_\AppData\Local\Temp\tmp1412.tmp\rjsec144.ZIP", decompressedFolder = "C:\Users\cofc_\AppData\Local\Temp\tmp14FE.tmp", message = "rjsec144")~~RJStevensMusicPresentationCreator.Program~0000000734
2024-12-14 21:49:15.4002~DEBUG~extract completed~~RJStevensMusicPresentationCreator.Program~0000000735
2024-12-14 21:49:15.4002~DEBUG~<- ExtractAllFromFile(zipFileName = "C:\Users\cofc_\AppData\Local\Temp\tmp1412.tmp\rjsec144.ZIP", decompressedFolder = "C:\Users\cofc_\AppData\Local\Temp\tmp14FE.tmp", message = "rjsec144")~~RJStevensMusicPresentationCreator.Program~0000000736
2024-12-14 21:49:15.4672~DEBUG~-> DownloadFile(url = "https://faas-nyc1-2ef2e6cc.doserverless.co/api/v1/web/fn-dd7f8f6a-d32a-4f5e-ae7b-870dfb7963f3/downloads/bundle?id=000000000000153", filename = "C:\Users\cofc_\AppData\Local\Temp\tmp161E.tmp\rjsec146.ZIP", message = "rjsec146")~~RJStevensMusicPresentationCreator.Program~0000000737
2024-12-14 21:49:15.6693~DEBUG~download completed~~RJStevensMusicPresentationCreator.Program~0000000738
2024-12-14 21:49:15.6693~DEBUG~<- DownloadFile(url = "https://faas-nyc1-2ef2e6cc.doserverless.co/api/v1/web/fn-dd7f8f6a-d32a-4f5e-ae7b-870dfb7963f3/downloads/bundle?id=000000000000153", filename = "C:\Users\cofc_\AppData\Local\Temp\tmp161E.tmp\rjsec146.ZIP", message = "rjsec146")~~RJStevensMusicPresentationCreator.Program~0000000739
2024-12-14 21:49:15.6833~DEBUG~-> ExtractAllFromFile(zipFileName = "C:\Users\cofc_\AppData\Local\Temp\tmp161E.tmp\rjsec146.ZIP", decompressedFolder = "C:\Users\cofc_\AppData\Local\Temp\tmp16F4.tmp", message = "rjsec146")~~RJStevensMusicPresentationCreator.Program~0000000740
2024-12-14 21:49:15.8833~DEBUG~extract completed~~RJStevensMusicPresentationCreator.Program~0000000741
2024-12-14 21:49:15.8833~DEBUG~<- ExtractAllFromFile(zipFileName = "C:\Users\cofc_\AppData\Local\Temp\tmp161E.tmp\rjsec146.ZIP", decompressedFolder = "C:\Users\cofc_\AppData\Local\Temp\tmp16F4.tmp", message = "rjsec146")~~RJStevensMusicPresentationCreator.Program~0000000742
2024-12-14 21:49:15.9433~DEBUG~-> DownloadFile(url = "https://faas-nyc1-2ef2e6cc.doserverless.co/api/v1/web/fn-dd7f8f6a-d32a-4f5e-ae7b-870dfb7963f3/downloads/bundle?id=000000000000154", filename = "C:\Users\cofc_\AppData\Local\Temp\tmp17FE.tmp\rjsec147.ZIP", message = "rjsec147")~~RJStevensMusicPresentationCreator.Program~0000000743
2024-12-14 21:49:16.1953~DEBUG~download completed~~RJStevensMusicPresentationCreator.Program~0000000744
2024-12-14 21:49:16.1953~DEBUG~<- DownloadFile(url = "https://faas-nyc1-2ef2e6cc.doserverless.co/api/v1/web/fn-dd7f8f6a-d32a-4f5e-ae7b-870dfb7963f3/downloads/bundle?id=000000000000154", filename = "C:\Users\cofc_\AppData\Local\Temp\tmp17FE.tmp\rjsec147.ZIP", message = "rjsec147")~~RJStevensMusicPresentationCreator.Program~0000000745
2024-12-14 21:49:16.2163~DEBUG~-> ExtractAllFromFile(zipFileName = "C:\Users\cofc_\AppData\Local\Temp\tmp17FE.tmp\rjsec147.ZIP", decompressedFolder = "C:\Users\cofc_\AppData\Local\Temp\tmp1909.tmp", message = "rjsec147")~~RJStevensMusicPresentationCreator.Program~0000000746
2024-12-14 21:49:16.6101~DEBUG~extract completed~~RJStevensMusicPresentationCreator.Program~0000000747
2024-12-14 21:49:16.6101~DEBUG~<- ExtractAllFromFile(zipFileName = "C:\Users\cofc_\AppData\Local\Temp\tmp17FE.tmp\rjsec147.ZIP", decompressedFolder = "C:\Users\cofc_\AppData\Local\Temp\tmp1909.tmp", message = "rjsec147")~~RJStevensMusicPresentationCreator.Program~0000000748
2024-12-14 21:49:16.7251~DEBUG~-> DownloadFile(url = "https://faas-nyc1-2ef2e6cc.doserverless.co/api/v1/web/fn-dd7f8f6a-d32a-4f5e-ae7b-870dfb7963f3/downloads/bundle?id=000000000000155", filename = "C:\Users\cofc_\AppData\Local\Temp\tmp1B0E.tmp\rjsec148.ZIP", message = "rjsec148")~~RJStevensMusicPresentationCreator.Program~0000000749
2024-12-14 21:49:16.9279~DEBUG~download completed~~RJStevensMusicPresentationCreator.Program~0000000750
2024-12-14 21:49:16.9279~DEBUG~<- DownloadFile(url = "https://faas-nyc1-2ef2e6cc.doserverless.co/api/v1/web/fn-dd7f8f6a-d32a-4f5e-ae7b-870dfb7963f3/downloads/bundle?id=000000000000155", filename = "C:\Users\cofc_\AppData\Local\Temp\tmp1B0E.tmp\rjsec148.ZIP", message = "rjsec148")~~RJStevensMusicPresentationCreator.Program~0000000751
2024-12-14 21:49:16.9474~DEBUG~-> ExtractAllFromFile(zipFileName = "C:\Users\cofc_\AppData\Local\Temp\tmp1B0E.tmp\rjsec148.ZIP", decompressedFolder = "C:\Users\cofc_\AppData\Local\Temp\tmp1BE9.tmp", message = "rjsec148")~~RJStevensMusicPresentationCreator.Program~0000000752
2024-12-14 21:49:17.1158~DEBUG~extract completed~~RJStevensMusicPresentationCreator.Program~0000000753
2024-12-14 21:49:17.1158~DEBUG~<- ExtractAllFromFile(zipFileName = "C:\Users\cofc_\AppData\Local\Temp\tmp1B0E.tmp\rjsec148.ZIP", decompressedFolder = "C:\Users\cofc_\AppData\Local\Temp\tmp1BE9.tmp", message = "rjsec148")~~RJStevensMusicPresentationCreator.Program~0000000754
2024-12-14 21:49:17.1738~DEBUG~-> DownloadFile(url = "https://faas-nyc1-2ef2e6cc.doserverless.co/api/v1/web/fn-dd7f8f6a-d32a-4f5e-ae7b-870dfb7963f3/downloads/bundle?id=000000000000156", filename = "C:\Users\cofc_\AppData\Local\Temp\tmp1CC5.tmp\rjsec149.ZIP", message = "rjsec149")~~RJStevensMusicPresentationCreator.Program~0000000755
2024-12-14 21:49:17.3828~DEBUG~download completed~~RJStevensMusicPresentationCreator.Program~0000000756
2024-12-14 21:49:17.3828~DEBUG~<- DownloadFile(url = "https://faas-nyc1-2ef2e6cc.doserverless.co/api/v1/web/fn-dd7f8f6a-d32a-4f5e-ae7b-870dfb7963f3/downloads/bundle?id=000000000000156", filename = "C:\Users\cofc_\AppData\Local\Temp\tmp1CC5.tmp\rjsec149.ZIP", message = "rjsec149")~~RJStevensMusicPresentationCreator.Program~0000000757
2024-12-14 21:49:17.4048~DEBUG~-> ExtractAllFromFile(zipFileName = "C:\Users\cofc_\AppData\Local\Temp\tmp1CC5.tmp\rjsec149.ZIP", decompressedFolder = "C:\Users\cofc_\AppData\Local\Temp\tmp1DB0.tmp", message = "rjsec149")~~RJStevensMusicPresentationCreator.Program~0000000758
2024-12-14 21:49:17.6548~DEBUG~extract completed~~RJStevensMusicPresentationCreator.Program~0000000759
2024-12-14 21:49:17.6608~DEBUG~<- ExtractAllFromFile(zipFileName = "C:\Users\cofc_\AppData\Local\Temp\tmp1CC5.tmp\rjsec149.ZIP", decompressedFolder = "C:\Users\cofc_\AppData\Local\Temp\tmp1DB0.tmp", message = "rjsec149")~~RJStevensMusicPresentationCreator.Program~0000000760
2024-12-14 21:49:17.7208~DEBUG~-> DownloadFile(url = "https://faas-nyc1-2ef2e6cc.doserverless.co/api/v1/web/fn-dd7f8f6a-d32a-4f5e-ae7b-870dfb7963f3/downloads/bundle?id=000000000000157", filename = "C:\Users\cofc_\AppData\Local\Temp\tmp1EFA.tmp\rjsec150.ZIP", message = "rjsec150")~~RJStevensMusicPresentationCreator.Program~0000000761
2024-12-14 21:49:17.9018~DEBUG~download completed~~RJStevensMusicPresentationCreator.Program~0000000762
2024-12-14 21:49:17.9018~DEBUG~<- DownloadFile(url = "https://faas-nyc1-2ef2e6cc.doserverless.co/api/v1/web/fn-dd7f8f6a-d32a-4f5e-ae7b-870dfb7963f3/downloads/bundle?id=000000000000157", filename = "C:\Users\cofc_\AppData\Local\Temp\tmp1EFA.tmp\rjsec150.ZIP", message = "rjsec150")~~RJStevensMusicPresentationCreator.Program~0000000763
2024-12-14 21:49:17.9158~DEBUG~-> ExtractAllFromFile(zipFileName = "C:\Users\cofc_\AppData\Local\Temp\tmp1EFA.tmp\rjsec150.ZIP", decompressedFolder = "C:\Users\cofc_\AppData\Local\Temp\tmp1FB6.tmp", message = "rjsec150")~~RJStevensMusicPresentationCreator.Program~0000000764
2024-12-14 21:49:18.1199~DEBUG~extract completed~~RJStevensMusicPresentationCreator.Program~0000000765
2024-12-14 21:49:18.1199~DEBUG~<- ExtractAllFromFile(zipFileName = "C:\Users\cofc_\AppData\Local\Temp\tmp1EFA.tmp\rjsec150.ZIP", decompressedFolder = "C:\Users\cofc_\AppData\Local\Temp\tmp1FB6.tmp", message = "rjsec150")~~RJStevensMusicPresentationCreator.Program~0000000766
2024-12-14 21:49:18.1769~DEBUG~-> DownloadFile(url = "https://faas-nyc1-2ef2e6cc.doserverless.co/api/v1/web/fn-dd7f8f6a-d32a-4f5e-ae7b-870dfb7963f3/downloads/bundle?id=000000000000158", filename = "C:\Users\cofc_\AppData\Local\Temp\tmp20C1.tmp\rjsec151.ZIP", message = "rjsec151")~~RJStevensMusicPresentationCreator.Program~0000000767
2024-12-14 21:49:18.3719~DEBUG~download completed~~RJStevensMusicPresentationCreator.Program~0000000768
2024-12-14 21:49:18.3719~DEBUG~<- DownloadFile(url = "https://faas-nyc1-2ef2e6cc.doserverless.co/api/v1/web/fn-dd7f8f6a-d32a-4f5e-ae7b-870dfb7963f3/downloads/bundle?id=000000000000158", filename = "C:\Users\cofc_\AppData\Local\Temp\tmp20C1.tmp\rjsec151.ZIP", message = "rjsec151")~~RJStevensMusicPresentationCreator.Program~0000000769
2024-12-14 21:49:18.3869~DEBUG~-> ExtractAllFromFile(zipFileName = "C:\Users\cofc_\AppData\Local\Temp\tmp20C1.tmp\rjsec151.ZIP", decompressedFolder = "C:\Users\cofc_\AppData\Local\Temp\tmp218D.tmp", message = "rjsec151")~~RJStevensMusicPresentationCreator.Program~0000000770
2024-12-14 21:49:18.5339~DEBUG~extract completed~~RJStevensMusicPresentationCreator.Program~0000000771
2024-12-14 21:49:18.5339~DEBUG~<- ExtractAllFromFile(zipFileName = "C:\Users\cofc_\AppData\Local\Temp\tmp20C1.tmp\rjsec151.ZIP", decompressedFolder = "C:\Users\cofc_\AppData\Local\Temp\tmp218D.tmp", message = "rjsec151")~~RJStevensMusicPresentationCreator.Program~0000000772
2024-12-14 21:49:18.5889~DEBUG~-> DownloadFile(url = "https://faas-nyc1-2ef2e6cc.doserverless.co/api/v1/web/fn-dd7f8f6a-d32a-4f5e-ae7b-870dfb7963f3/downloads/bundle?id=000000000000159", filename = "C:\Users\cofc_\AppData\Local\Temp\tmp2259.tmp\rjsec152.ZIP", message = "rjsec152")~~RJStevensMusicPresentationCreator.Program~0000000773
2024-12-14 21:49:18.7799~DEBUG~download completed~~RJStevensMusicPresentationCreator.Program~0000000774
2024-12-14 21:49:18.7799~DEBUG~<- DownloadFile(url = "https://faas-nyc1-2ef2e6cc.doserverless.co/api/v1/web/fn-dd7f8f6a-d32a-4f5e-ae7b-870dfb7963f3/downloads/bundle?id=000000000000159", filename = "C:\Users\cofc_\AppData\Local\Temp\tmp2259.tmp\rjsec152.ZIP", message = "rjsec152")~~RJStevensMusicPresentationCreator.Program~0000000775
2024-12-14 21:49:18.7979~DEBUG~-> ExtractAllFromFile(zipFileName = "C:\Users\cofc_\AppData\Local\Temp\tmp2259.tmp\rjsec152.ZIP", decompressedFolder = "C:\Users\cofc_\AppData\Local\Temp\tmp2325.tmp", message = "rjsec152")~~RJStevensMusicPresentationCreator.Program~0000000776
2024-12-14 21:49:18.9669~DEBUG~extract completed~~RJStevensMusicPresentationCreator.Program~0000000777
2024-12-14 21:49:18.9729~DEBUG~<- ExtractAllFromFile(zipFileName = "C:\Users\cofc_\AppData\Local\Temp\tmp2259.tmp\rjsec152.ZIP", decompressedFolder = "C:\Users\cofc_\AppData\Local\Temp\tmp2325.tmp", message = "rjsec152")~~RJStevensMusicPresentationCreator.Program~0000000778
2024-12-14 21:49:19.0269~DEBUG~-> DownloadFile(url = "https://faas-nyc1-2ef2e6cc.doserverless.co/api/v1/web/fn-dd7f8f6a-d32a-4f5e-ae7b-870dfb7963f3/downloads/bundle?id=000000000000161", filename = "C:\Users\cofc_\AppData\Local\Temp\tmp2410.tmp\rjsec154.ZIP", message = "rjsec154")~~RJStevensMusicPresentationCreator.Program~0000000779
2024-12-14 21:49:19.2539~DEBUG~download completed~~RJStevensMusicPresentationCreator.Program~0000000780
2024-12-14 21:49:19.2539~DEBUG~<- DownloadFile(url = "https://faas-nyc1-2ef2e6cc.doserverless.co/api/v1/web/fn-dd7f8f6a-d32a-4f5e-ae7b-870dfb7963f3/downloads/bundle?id=000000000000161", filename = "C:\Users\cofc_\AppData\Local\Temp\tmp2410.tmp\rjsec154.ZIP", message = "rjsec154")~~RJStevensMusicPresentationCreator.Program~0000000781
2024-12-14 21:49:19.2679~DEBUG~-> ExtractAllFromFile(zipFileName = "C:\Users\cofc_\AppData\Local\Temp\tmp2410.tmp\rjsec154.ZIP", decompressedFolder = "C:\Users\cofc_\AppData\Local\Temp\tmp250B.tmp", message = "rjsec154")~~RJStevensMusicPresentationCreator.Program~0000000782
2024-12-14 21:49:19.4980~DEBUG~extract completed~~RJStevensMusicPresentationCreator.Program~0000000783
2024-12-14 21:49:19.5010~DEBUG~<- ExtractAllFromFile(zipFileName = "C:\Users\cofc_\AppData\Local\Temp\tmp2410.tmp\rjsec154.ZIP", decompressedFolder = "C:\Users\cofc_\AppData\Local\Temp\tmp250B.tmp", message = "rjsec154")~~RJStevensMusicPresentationCreator.Program~0000000784
2024-12-14 21:49:19.5640~DEBUG~-> DownloadFile(url = "https://faas-nyc1-2ef2e6cc.doserverless.co/api/v1/web/fn-dd7f8f6a-d32a-4f5e-ae7b-870dfb7963f3/downloads/bundle?id=000000000000162", filename = "C:\Users\cofc_\AppData\Local\Temp\tmp2635.tmp\rjsec155.ZIP", message = "rjsec155")~~RJStevensMusicPresentationCreator.Program~0000000785
2024-12-14 21:49:19.7590~DEBUG~download completed~~RJStevensMusicPresentationCreator.Program~0000000786
2024-12-14 21:49:19.7590~DEBUG~<- DownloadFile(url = "https://faas-nyc1-2ef2e6cc.doserverless.co/api/v1/web/fn-dd7f8f6a-d32a-4f5e-ae7b-870dfb7963f3/downloads/bundle?id=000000000000162", filename = "C:\Users\cofc_\AppData\Local\Temp\tmp2635.tmp\rjsec155.ZIP", message = "rjsec155")~~RJStevensMusicPresentationCreator.Program~0000000787
2024-12-14 21:49:19.7770~DEBUG~-> ExtractAllFromFile(zipFileName = "C:\Users\cofc_\AppData\Local\Temp\tmp2635.tmp\rjsec155.ZIP", decompressedFolder = "C:\Users\cofc_\AppData\Local\Temp\tmp2701.tmp", message = "rjsec155")~~RJStevensMusicPresentationCreator.Program~0000000788
2024-12-14 21:49:19.9810~DEBUG~extract completed~~RJStevensMusicPresentationCreator.Program~0000000789
2024-12-14 21:49:19.9810~DEBUG~<- ExtractAllFromFile(zipFileName = "C:\Users\cofc_\AppData\Local\Temp\tmp2635.tmp\rjsec155.ZIP", decompressedFolder = "C:\Users\cofc_\AppData\Local\Temp\tmp2701.tmp", message = "rjsec155")~~RJStevensMusicPresentationCreator.Program~0000000790
2024-12-14 21:49:20.0370~DEBUG~-> DownloadFile(url = "https://faas-nyc1-2ef2e6cc.doserverless.co/api/v1/web/fn-dd7f8f6a-d32a-4f5e-ae7b-870dfb7963f3/downloads/bundle?id=000000000000163", filename = "C:\Users\cofc_\AppData\Local\Temp\tmp280C.tmp\rjsec156.ZIP", message = "rjsec156")~~RJStevensMusicPresentationCreator.Program~0000000791
2024-12-14 21:49:20.2890~DEBUG~download completed~~RJStevensMusicPresentationCreator.Program~0000000792
2024-12-14 21:49:20.2890~DEBUG~<- DownloadFile(url = "https://faas-nyc1-2ef2e6cc.doserverless.co/api/v1/web/fn-dd7f8f6a-d32a-4f5e-ae7b-870dfb7963f3/downloads/bundle?id=000000000000163", filename = "C:\Users\cofc_\AppData\Local\Temp\tmp280C.tmp\rjsec156.ZIP", message = "rjsec156")~~RJStevensMusicPresentationCreator.Program~0000000793
2024-12-14 21:49:20.3100~DEBUG~-> ExtractAllFromFile(zipFileName = "C:\Users\cofc_\AppData\Local\Temp\tmp280C.tmp\rjsec156.ZIP", decompressedFolder = "C:\Users\cofc_\AppData\Local\Temp\tmp2917.tmp", message = "rjsec156")~~RJStevensMusicPresentationCreator.Program~0000000794
2024-12-14 21:49:20.5970~DEBUG~extract completed~~RJStevensMusicPresentationCreator.Program~0000000795
2024-12-14 21:49:20.5970~DEBUG~<- ExtractAllFromFile(zipFileName = "C:\Users\cofc_\AppData\Local\Temp\tmp280C.tmp\rjsec156.ZIP", decompressedFolder = "C:\Users\cofc_\AppData\Local\Temp\tmp2917.tmp", message = "rjsec156")~~RJStevensMusicPresentationCreator.Program~0000000796
2024-12-14 21:49:20.6700~DEBUG~-> DownloadFile(url = "https://faas-nyc1-2ef2e6cc.doserverless.co/api/v1/web/fn-dd7f8f6a-d32a-4f5e-ae7b-870dfb7963f3/downloads/bundle?id=000000000000164", filename = "C:\Users\cofc_\AppData\Local\Temp\tmp2A7F.tmp\rjsec157.ZIP", message = "rjsec157")~~RJStevensMusicPresentationCreator.Program~0000000797
2024-12-14 21:49:20.9071~DEBUG~download completed~~RJStevensMusicPresentationCreator.Program~0000000798
2024-12-14 21:49:20.9071~DEBUG~<- DownloadFile(url = "https://faas-nyc1-2ef2e6cc.doserverless.co/api/v1/web/fn-dd7f8f6a-d32a-4f5e-ae7b-870dfb7963f3/downloads/bundle?id=000000000000164", filename = "C:\Users\cofc_\AppData\Local\Temp\tmp2A7F.tmp\rjsec157.ZIP", message = "rjsec157")~~RJStevensMusicPresentationCreator.Program~0000000799
2024-12-14 21:49:20.9251~DEBUG~-> ExtractAllFromFile(zipFileName = "C:\Users\cofc_\AppData\Local\Temp\tmp2A7F.tmp\rjsec157.ZIP", decompressedFolder = "C:\Users\cofc_\AppData\Local\Temp\tmp2B8A.tmp", message = "rjsec157")~~RJStevensMusicPresentationCreator.Program~0000000800
2024-12-14 21:49:21.1971~DEBUG~extract completed~~RJStevensMusicPresentationCreator.Program~0000000801
2024-12-14 21:49:21.1971~DEBUG~<- ExtractAllFromFile(zipFileName = "C:\Users\cofc_\AppData\Local\Temp\tmp2A7F.tmp\rjsec157.ZIP", decompressedFolder = "C:\Users\cofc_\AppData\Local\Temp\tmp2B8A.tmp", message = "rjsec157")~~RJStevensMusicPresentationCreator.Program~0000000802
2024-12-14 21:49:21.2671~DEBUG~-> DownloadFile(url = "https://faas-nyc1-2ef2e6cc.doserverless.co/api/v1/web/fn-dd7f8f6a-d32a-4f5e-ae7b-870dfb7963f3/downloads/bundle?id=000000000000165", filename = "C:\Users\cofc_\AppData\Local\Temp\tmp2CE2.tmp\rjsec158.ZIP", message = "rjsec158")~~RJStevensMusicPresentationCreator.Program~0000000803
2024-12-14 21:49:21.4811~DEBUG~download completed~~RJStevensMusicPresentationCreator.Program~0000000804
2024-12-14 21:49:21.4811~DEBUG~<- DownloadFile(url = "https://faas-nyc1-2ef2e6cc.doserverless.co/api/v1/web/fn-dd7f8f6a-d32a-4f5e-ae7b-870dfb7963f3/downloads/bundle?id=000000000000165", filename = "C:\Users\cofc_\AppData\Local\Temp\tmp2CE2.tmp\rjsec158.ZIP", message = "rjsec158")~~RJStevensMusicPresentationCreator.Program~0000000805
2024-12-14 21:49:21.4971~DEBUG~-> ExtractAllFromFile(zipFileName = "C:\Users\cofc_\AppData\Local\Temp\tmp2CE2.tmp\rjsec158.ZIP", decompressedFolder = "C:\Users\cofc_\AppData\Local\Temp\tmp2DBE.tmp", message = "rjsec158")~~RJStevensMusicPresentationCreator.Program~0000000806
2024-12-14 21:49:21.8101~DEBUG~extract completed~~RJStevensMusicPresentationCreator.Program~0000000807
2024-12-14 21:49:21.8131~DEBUG~<- ExtractAllFromFile(zipFileName = "C:\Users\cofc_\AppData\Local\Temp\tmp2CE2.tmp\rjsec158.ZIP", decompressedFolder = "C:\Users\cofc_\AppData\Local\Temp\tmp2DBE.tmp", message = "rjsec158")~~RJStevensMusicPresentationCreator.Program~0000000808
2024-12-14 21:49:21.8781~DEBUG~-> DownloadFile(url = "https://faas-nyc1-2ef2e6cc.doserverless.co/api/v1/web/fn-dd7f8f6a-d32a-4f5e-ae7b-870dfb7963f3/downloads/bundle?id=000000000000166", filename = "C:\Users\cofc_\AppData\Local\Temp\tmp2F46.tmp\rjsec159.ZIP", message = "rjsec159")~~RJStevensMusicPresentationCreator.Program~0000000809
2024-12-14 21:49:22.0781~DEBUG~download completed~~RJStevensMusicPresentationCreator.Program~0000000810
2024-12-14 21:49:22.0781~DEBUG~<- DownloadFile(url = "https://faas-nyc1-2ef2e6cc.doserverless.co/api/v1/web/fn-dd7f8f6a-d32a-4f5e-ae7b-870dfb7963f3/downloads/bundle?id=000000000000166", filename = "C:\Users\cofc_\AppData\Local\Temp\tmp2F46.tmp\rjsec159.ZIP", message = "rjsec159")~~RJStevensMusicPresentationCreator.Program~0000000811
2024-12-14 21:49:22.0942~DEBUG~-> ExtractAllFromFile(zipFileName = "C:\Users\cofc_\AppData\Local\Temp\tmp2F46.tmp\rjsec159.ZIP", decompressedFolder = "C:\Users\cofc_\AppData\Local\Temp\tmp3012.tmp", message = "rjsec159")~~RJStevensMusicPresentationCreator.Program~0000000812
2024-12-14 21:49:22.3332~DEBUG~extract completed~~RJStevensMusicPresentationCreator.Program~0000000813
2024-12-14 21:49:22.3332~DEBUG~<- ExtractAllFromFile(zipFileName = "C:\Users\cofc_\AppData\Local\Temp\tmp2F46.tmp\rjsec159.ZIP", decompressedFolder = "C:\Users\cofc_\AppData\Local\Temp\tmp3012.tmp", message = "rjsec159")~~RJStevensMusicPresentationCreator.Program~0000000814
2024-12-14 21:49:22.3992~DEBUG~-> DownloadFile(url = "https://faas-nyc1-2ef2e6cc.doserverless.co/api/v1/web/fn-dd7f8f6a-d32a-4f5e-ae7b-870dfb7963f3/downloads/bundle?id=000000000000167", filename = "C:\Users\cofc_\AppData\Local\Temp\tmp314B.tmp\rjsec160.ZIP", message = "rjsec160")~~RJStevensMusicPresentationCreator.Program~0000000815
2024-12-14 21:49:22.6652~DEBUG~download completed~~RJStevensMusicPresentationCreator.Program~0000000816
2024-12-14 21:49:22.6652~DEBUG~<- DownloadFile(url = "https://faas-nyc1-2ef2e6cc.doserverless.co/api/v1/web/fn-dd7f8f6a-d32a-4f5e-ae7b-870dfb7963f3/downloads/bundle?id=000000000000167", filename = "C:\Users\cofc_\AppData\Local\Temp\tmp314B.tmp\rjsec160.ZIP", message = "rjsec160")~~RJStevensMusicPresentationCreator.Program~0000000817
2024-12-14 21:49:22.6882~DEBUG~-> ExtractAllFromFile(zipFileName = "C:\Users\cofc_\AppData\Local\Temp\tmp314B.tmp\rjsec160.ZIP", decompressedFolder = "C:\Users\cofc_\AppData\Local\Temp\tmp3266.tmp", message = "rjsec160")~~RJStevensMusicPresentationCreator.Program~0000000818
2024-12-14 21:49:23.0592~DEBUG~extract completed~~RJStevensMusicPresentationCreator.Program~0000000819
2024-12-14 21:49:23.0632~DEBUG~<- ExtractAllFromFile(zipFileName = "C:\Users\cofc_\AppData\Local\Temp\tmp314B.tmp\rjsec160.ZIP", decompressedFolder = "C:\Users\cofc_\AppData\Local\Temp\tmp3266.tmp", message = "rjsec160")~~RJStevensMusicPresentationCreator.Program~0000000820
2024-12-14 21:49:23.1532~DEBUG~-> DownloadFile(url = "https://faas-nyc1-2ef2e6cc.doserverless.co/api/v1/web/fn-dd7f8f6a-d32a-4f5e-ae7b-870dfb7963f3/downloads/bundle?id=000000000000168", filename = "C:\Users\cofc_\AppData\Local\Temp\tmp343B.tmp\rjsec161.ZIP", message = "rjsec161")~~RJStevensMusicPresentationCreator.Program~0000000821
2024-12-14 21:49:23.3622~DEBUG~download completed~~RJStevensMusicPresentationCreator.Program~0000000822
2024-12-14 21:49:23.3622~DEBUG~<- DownloadFile(url = "https://faas-nyc1-2ef2e6cc.doserverless.co/api/v1/web/fn-dd7f8f6a-d32a-4f5e-ae7b-870dfb7963f3/downloads/bundle?id=000000000000168", filename = "C:\Users\cofc_\AppData\Local\Temp\tmp343B.tmp\rjsec161.ZIP", message = "rjsec161")~~RJStevensMusicPresentationCreator.Program~0000000823
2024-12-14 21:49:23.3812~DEBUG~-> ExtractAllFromFile(zipFileName = "C:\Users\cofc_\AppData\Local\Temp\tmp343B.tmp\rjsec161.ZIP", decompressedFolder = "C:\Users\cofc_\AppData\Local\Temp\tmp3527.tmp", message = "rjsec161")~~RJStevensMusicPresentationCreator.Program~0000000824
2024-12-14 21:49:23.6163~DEBUG~extract completed~~RJStevensMusicPresentationCreator.Program~0000000825
2024-12-14 21:49:23.6163~DEBUG~<- ExtractAllFromFile(zipFileName = "C:\Users\cofc_\AppData\Local\Temp\tmp343B.tmp\rjsec161.ZIP", decompressedFolder = "C:\Users\cofc_\AppData\Local\Temp\tmp3527.tmp", message = "rjsec161")~~RJStevensMusicPresentationCreator.Program~0000000826
2024-12-14 21:49:23.6763~DEBUG~-> DownloadFile(url = "https://faas-nyc1-2ef2e6cc.doserverless.co/api/v1/web/fn-dd7f8f6a-d32a-4f5e-ae7b-870dfb7963f3/downloads/bundle?id=000000000000169", filename = "C:\Users\cofc_\AppData\Local\Temp\tmp3651.tmp\rjsec162.ZIP", message = "rjsec162")~~RJStevensMusicPresentationCreator.Program~0000000827
2024-12-14 21:49:23.8783~DEBUG~download completed~~RJStevensMusicPresentationCreator.Program~0000000828
2024-12-14 21:49:23.8783~DEBUG~<- DownloadFile(url = "https://faas-nyc1-2ef2e6cc.doserverless.co/api/v1/web/fn-dd7f8f6a-d32a-4f5e-ae7b-870dfb7963f3/downloads/bundle?id=000000000000169", filename = "C:\Users\cofc_\AppData\Local\Temp\tmp3651.tmp\rjsec162.ZIP", message = "rjsec162")~~RJStevensMusicPresentationCreator.Program~0000000829
2024-12-14 21:49:23.8963~DEBUG~-> ExtractAllFromFile(zipFileName = "C:\Users\cofc_\AppData\Local\Temp\tmp3651.tmp\rjsec162.ZIP", decompressedFolder = "C:\Users\cofc_\AppData\Local\Temp\tmp372C.tmp", message = "rjsec162")~~RJStevensMusicPresentationCreator.Program~0000000830
2024-12-14 21:49:24.1553~DEBUG~extract completed~~RJStevensMusicPresentationCreator.Program~0000000831
2024-12-14 21:49:24.1573~DEBUG~<- ExtractAllFromFile(zipFileName = "C:\Users\cofc_\AppData\Local\Temp\tmp3651.tmp\rjsec162.ZIP", decompressedFolder = "C:\Users\cofc_\AppData\Local\Temp\tmp372C.tmp", message = "rjsec162")~~RJStevensMusicPresentationCreator.Program~0000000832
2024-12-14 21:49:24.2253~DEBUG~-> DownloadFile(url = "https://faas-nyc1-2ef2e6cc.doserverless.co/api/v1/web/fn-dd7f8f6a-d32a-4f5e-ae7b-870dfb7963f3/downloads/bundle?id=000000000000170", filename = "C:\Users\cofc_\AppData\Local\Temp\tmp3876.tmp\rjsec163.ZIP", message = "rjsec163")~~RJStevensMusicPresentationCreator.Program~0000000833
2024-12-14 21:49:24.4494~DEBUG~download completed~~RJStevensMusicPresentationCreator.Program~0000000834
2024-12-14 21:49:24.4494~DEBUG~<- DownloadFile(url = "https://faas-nyc1-2ef2e6cc.doserverless.co/api/v1/web/fn-dd7f8f6a-d32a-4f5e-ae7b-870dfb7963f3/downloads/bundle?id=000000000000170", filename = "C:\Users\cofc_\AppData\Local\Temp\tmp3876.tmp\rjsec163.ZIP", message = "rjsec163")~~RJStevensMusicPresentationCreator.Program~0000000835
2024-12-14 21:49:24.4644~DEBUG~-> ExtractAllFromFile(zipFileName = "C:\Users\cofc_\AppData\Local\Temp\tmp3876.tmp\rjsec163.ZIP", decompressedFolder = "C:\Users\cofc_\AppData\Local\Temp\tmp3961.tmp", message = "rjsec163")~~RJStevensMusicPresentationCreator.Program~0000000836
2024-12-14 21:49:24.7084~DEBUG~extract completed~~RJStevensMusicPresentationCreator.Program~0000000837
2024-12-14 21:49:24.7084~DEBUG~<- ExtractAllFromFile(zipFileName = "C:\Users\cofc_\AppData\Local\Temp\tmp3876.tmp\rjsec163.ZIP", decompressedFolder = "C:\Users\cofc_\AppData\Local\Temp\tmp3961.tmp", message = "rjsec163")~~RJStevensMusicPresentationCreator.Program~0000000838
2024-12-14 21:49:24.7764~DEBUG~-> DownloadFile(url = "https://faas-nyc1-2ef2e6cc.doserverless.co/api/v1/web/fn-dd7f8f6a-d32a-4f5e-ae7b-870dfb7963f3/downloads/bundle?id=000000000000171", filename = "C:\Users\cofc_\AppData\Local\Temp\tmp3A9A.tmp\rjsec164.ZIP", message = "rjsec164")~~RJStevensMusicPresentationCreator.Program~0000000839
2024-12-14 21:49:25.0084~DEBUG~download completed~~RJStevensMusicPresentationCreator.Program~0000000840
2024-12-14 21:49:25.0084~DEBUG~<- DownloadFile(url = "https://faas-nyc1-2ef2e6cc.doserverless.co/api/v1/web/fn-dd7f8f6a-d32a-4f5e-ae7b-870dfb7963f3/downloads/bundle?id=000000000000171", filename = "C:\Users\cofc_\AppData\Local\Temp\tmp3A9A.tmp\rjsec164.ZIP", message = "rjsec164")~~RJStevensMusicPresentationCreator.Program~0000000841
2024-12-14 21:49:25.0224~DEBUG~-> ExtractAllFromFile(zipFileName = "C:\Users\cofc_\AppData\Local\Temp\tmp3A9A.tmp\rjsec164.ZIP", decompressedFolder = "C:\Users\cofc_\AppData\Local\Temp\tmp3B95.tmp", message = "rjsec164")~~RJStevensMusicPresentationCreator.Program~0000000842
2024-12-14 21:49:25.2585~DEBUG~extract completed~~RJStevensMusicPresentationCreator.Program~0000000843
2024-12-14 21:49:25.2585~DEBUG~<- ExtractAllFromFile(zipFileName = "C:\Users\cofc_\AppData\Local\Temp\tmp3A9A.tmp\rjsec164.ZIP", decompressedFolder = "C:\Users\cofc_\AppData\Local\Temp\tmp3B95.tmp", message = "rjsec164")~~RJStevensMusicPresentationCreator.Program~0000000844
2024-12-14 21:49:25.3185~DEBUG~-> DownloadFile(url = "https://faas-nyc1-2ef2e6cc.doserverless.co/api/v1/web/fn-dd7f8f6a-d32a-4f5e-ae7b-870dfb7963f3/downloads/bundle?id=000000000000173", filename = "C:\Users\cofc_\AppData\Local\Temp\tmp3CBF.tmp\rjsec166.ZIP", message = "rjsec166")~~RJStevensMusicPresentationCreator.Program~0000000845
2024-12-14 21:49:25.5195~DEBUG~download completed~~RJStevensMusicPresentationCreator.Program~0000000846
2024-12-14 21:49:25.5195~DEBUG~<- DownloadFile(url = "https://faas-nyc1-2ef2e6cc.doserverless.co/api/v1/web/fn-dd7f8f6a-d32a-4f5e-ae7b-870dfb7963f3/downloads/bundle?id=000000000000173", filename = "C:\Users\cofc_\AppData\Local\Temp\tmp3CBF.tmp\rjsec166.ZIP", message = "rjsec166")~~RJStevensMusicPresentationCreator.Program~0000000847
2024-12-14 21:49:25.5325~DEBUG~-> ExtractAllFromFile(zipFileName = "C:\Users\cofc_\AppData\Local\Temp\tmp3CBF.tmp\rjsec166.ZIP", decompressedFolder = "C:\Users\cofc_\AppData\Local\Temp\tmp3D8B.tmp", message = "rjsec166")~~RJStevensMusicPresentationCreator.Program~0000000848
2024-12-14 21:49:25.7445~DEBUG~extract completed~~RJStevensMusicPresentationCreator.Program~0000000849
2024-12-14 21:49:25.7445~DEBUG~<- ExtractAllFromFile(zipFileName = "C:\Users\cofc_\AppData\Local\Temp\tmp3CBF.tmp\rjsec166.ZIP", decompressedFolder = "C:\Users\cofc_\AppData\Local\Temp\tmp3D8B.tmp", message = "rjsec166")~~RJStevensMusicPresentationCreator.Program~0000000850
2024-12-14 21:49:25.8035~DEBUG~-> DownloadFile(url = "https://faas-nyc1-2ef2e6cc.doserverless.co/api/v1/web/fn-dd7f8f6a-d32a-4f5e-ae7b-870dfb7963f3/downloads/bundle?id=000000000000174", filename = "C:\Users\cofc_\AppData\Local\Temp\tmp3EA6.tmp\rjsec167.ZIP", message = "rjsec167")~~RJStevensMusicPresentationCreator.Program~0000000851
2024-12-14 21:49:26.0215~DEBUG~download completed~~RJStevensMusicPresentationCreator.Program~0000000852
2024-12-14 21:49:26.0215~DEBUG~<- DownloadFile(url = "https://faas-nyc1-2ef2e6cc.doserverless.co/api/v1/web/fn-dd7f8f6a-d32a-4f5e-ae7b-870dfb7963f3/downloads/bundle?id=000000000000174", filename = "C:\Users\cofc_\AppData\Local\Temp\tmp3EA6.tmp\rjsec167.ZIP", message = "rjsec167")~~RJStevensMusicPresentationCreator.Program~0000000853
2024-12-14 21:49:26.0385~DEBUG~-> ExtractAllFromFile(zipFileName = "C:\Users\cofc_\AppData\Local\Temp\tmp3EA6.tmp\rjsec167.ZIP", decompressedFolder = "C:\Users\cofc_\AppData\Local\Temp\tmp3F91.tmp", message = "rjsec167")~~RJStevensMusicPresentationCreator.Program~0000000854
2024-12-14 21:49:26.3475~DEBUG~extract completed~~RJStevensMusicPresentationCreator.Program~0000000855
2024-12-14 21:49:26.3475~DEBUG~<- ExtractAllFromFile(zipFileName = "C:\Users\cofc_\AppData\Local\Temp\tmp3EA6.tmp\rjsec167.ZIP", decompressedFolder = "C:\Users\cofc_\AppData\Local\Temp\tmp3F91.tmp", message = "rjsec167")~~RJStevensMusicPresentationCreator.Program~0000000856
2024-12-14 21:49:26.4225~DEBUG~-> DownloadFile(url = "https://faas-nyc1-2ef2e6cc.doserverless.co/api/v1/web/fn-dd7f8f6a-d32a-4f5e-ae7b-870dfb7963f3/downloads/bundle?id=000000000000175", filename = "C:\Users\cofc_\AppData\Local\Temp\tmp4109.tmp\rjsec168.ZIP", message = "rjsec168")~~RJStevensMusicPresentationCreator.Program~0000000857
2024-12-14 21:49:26.6556~DEBUG~download completed~~RJStevensMusicPresentationCreator.Program~0000000858
2024-12-14 21:49:26.6556~DEBUG~<- DownloadFile(url = "https://faas-nyc1-2ef2e6cc.doserverless.co/api/v1/web/fn-dd7f8f6a-d32a-4f5e-ae7b-870dfb7963f3/downloads/bundle?id=000000000000175", filename = "C:\Users\cofc_\AppData\Local\Temp\tmp4109.tmp\rjsec168.ZIP", message = "rjsec168")~~RJStevensMusicPresentationCreator.Program~0000000859
2024-12-14 21:49:26.6746~DEBUG~-> ExtractAllFromFile(zipFileName = "C:\Users\cofc_\AppData\Local\Temp\tmp4109.tmp\rjsec168.ZIP", decompressedFolder = "C:\Users\cofc_\AppData\Local\Temp\tmp4214.tmp", message = "rjsec168")~~RJStevensMusicPresentationCreator.Program~0000000860
2024-12-14 21:49:26.9166~DEBUG~extract completed~~RJStevensMusicPresentationCreator.Program~0000000861
2024-12-14 21:49:26.9166~DEBUG~<- ExtractAllFromFile(zipFileName = "C:\Users\cofc_\AppData\Local\Temp\tmp4109.tmp\rjsec168.ZIP", decompressedFolder = "C:\Users\cofc_\AppData\Local\Temp\tmp4214.tmp", message = "rjsec168")~~RJStevensMusicPresentationCreator.Program~0000000862
2024-12-14 21:49:26.9846~DEBUG~-> DownloadFile(url = "https://faas-nyc1-2ef2e6cc.doserverless.co/api/v1/web/fn-dd7f8f6a-d32a-4f5e-ae7b-870dfb7963f3/downloads/bundle?id=000000000000176", filename = "C:\Users\cofc_\AppData\Local\Temp\tmp433E.tmp\rjsec169.ZIP", message = "rjsec169")~~RJStevensMusicPresentationCreator.Program~0000000863
2024-12-14 21:49:27.1946~DEBUG~download completed~~RJStevensMusicPresentationCreator.Program~0000000864
2024-12-14 21:49:27.1946~DEBUG~<- DownloadFile(url = "https://faas-nyc1-2ef2e6cc.doserverless.co/api/v1/web/fn-dd7f8f6a-d32a-4f5e-ae7b-870dfb7963f3/downloads/bundle?id=000000000000176", filename = "C:\Users\cofc_\AppData\Local\Temp\tmp433E.tmp\rjsec169.ZIP", message = "rjsec169")~~RJStevensMusicPresentationCreator.Program~0000000865
2024-12-14 21:49:27.2096~DEBUG~-> ExtractAllFromFile(zipFileName = "C:\Users\cofc_\AppData\Local\Temp\tmp433E.tmp\rjsec169.ZIP", decompressedFolder = "C:\Users\cofc_\AppData\Local\Temp\tmp4429.tmp", message = "rjsec169")~~RJStevensMusicPresentationCreator.Program~0000000866
2024-12-14 21:49:27.4266~DEBUG~extract completed~~RJStevensMusicPresentationCreator.Program~0000000867
2024-12-14 21:49:27.4266~DEBUG~<- ExtractAllFromFile(zipFileName = "C:\Users\cofc_\AppData\Local\Temp\tmp433E.tmp\rjsec169.ZIP", decompressedFolder = "C:\Users\cofc_\AppData\Local\Temp\tmp4429.tmp", message = "rjsec169")~~RJStevensMusicPresentationCreator.Program~0000000868
2024-12-14 21:49:27.4876~DEBUG~-> DownloadFile(url = "https://faas-nyc1-2ef2e6cc.doserverless.co/api/v1/web/fn-dd7f8f6a-d32a-4f5e-ae7b-870dfb7963f3/downloads/bundle?id=000000000000177", filename = "C:\Users\cofc_\AppData\Local\Temp\tmp4543.tmp\rjsec170.ZIP", message = "rjsec170")~~RJStevensMusicPresentationCreator.Program~0000000869
2024-12-14 21:49:27.7026~DEBUG~download completed~~RJStevensMusicPresentationCreator.Program~0000000870
2024-12-14 21:49:27.7026~DEBUG~<- DownloadFile(url = "https://faas-nyc1-2ef2e6cc.doserverless.co/api/v1/web/fn-dd7f8f6a-d32a-4f5e-ae7b-870dfb7963f3/downloads/bundle?id=000000000000177", filename = "C:\Users\cofc_\AppData\Local\Temp\tmp4543.tmp\rjsec170.ZIP", message = "rjsec170")~~RJStevensMusicPresentationCreator.Program~0000000871
2024-12-14 21:49:27.7226~DEBUG~-> ExtractAllFromFile(zipFileName = "C:\Users\cofc_\AppData\Local\Temp\tmp4543.tmp\rjsec170.ZIP", decompressedFolder = "C:\Users\cofc_\AppData\Local\Temp\tmp462F.tmp", message = "rjsec170")~~RJStevensMusicPresentationCreator.Program~0000000872
2024-12-14 21:49:27.9837~DEBUG~extract completed~~RJStevensMusicPresentationCreator.Program~0000000873
2024-12-14 21:49:27.9867~DEBUG~<- ExtractAllFromFile(zipFileName = "C:\Users\cofc_\AppData\Local\Temp\tmp4543.tmp\rjsec170.ZIP", decompressedFolder = "C:\Users\cofc_\AppData\Local\Temp\tmp462F.tmp", message = "rjsec170")~~RJStevensMusicPresentationCreator.Program~0000000874
2024-12-14 21:49:28.0527~DEBUG~-> DownloadFile(url = "https://faas-nyc1-2ef2e6cc.doserverless.co/api/v1/web/fn-dd7f8f6a-d32a-4f5e-ae7b-870dfb7963f3/downloads/bundle?id=000000000000178", filename = "C:\Users\cofc_\AppData\Local\Temp\tmp4778.tmp\rjsec171.ZIP", message = "rjsec171")~~RJStevensMusicPresentationCreator.Program~0000000875
2024-12-14 21:49:28.2627~DEBUG~download completed~~RJStevensMusicPresentationCreator.Program~0000000876
2024-12-14 21:49:28.2627~DEBUG~<- DownloadFile(url = "https://faas-nyc1-2ef2e6cc.doserverless.co/api/v1/web/fn-dd7f8f6a-d32a-4f5e-ae7b-870dfb7963f3/downloads/bundle?id=000000000000178", filename = "C:\Users\cofc_\AppData\Local\Temp\tmp4778.tmp\rjsec171.ZIP", message = "rjsec171")~~RJStevensMusicPresentationCreator.Program~0000000877
2024-12-14 21:49:28.2787~DEBUG~-> ExtractAllFromFile(zipFileName = "C:\Users\cofc_\AppData\Local\Temp\tmp4778.tmp\rjsec171.ZIP", decompressedFolder = "C:\Users\cofc_\AppData\Local\Temp\tmp4853.tmp", message = "rjsec171")~~RJStevensMusicPresentationCreator.Program~0000000878
2024-12-14 21:49:28.4857~DEBUG~extract completed~~RJStevensMusicPresentationCreator.Program~0000000879
2024-12-14 21:49:28.4857~DEBUG~<- ExtractAllFromFile(zipFileName = "C:\Users\cofc_\AppData\Local\Temp\tmp4778.tmp\rjsec171.ZIP", decompressedFolder = "C:\Users\cofc_\AppData\Local\Temp\tmp4853.tmp", message = "rjsec171")~~RJStevensMusicPresentationCreator.Program~0000000880
2024-12-14 21:49:28.5447~DEBUG~-> DownloadFile(url = "https://faas-nyc1-2ef2e6cc.doserverless.co/api/v1/web/fn-dd7f8f6a-d32a-4f5e-ae7b-870dfb7963f3/downloads/bundle?id=000000000000181", filename = "C:\Users\cofc_\AppData\Local\Temp\tmp495E.tmp\rjsec174.ZIP", message = "rjsec174")~~RJStevensMusicPresentationCreator.Program~0000000881
2024-12-14 21:49:28.7727~DEBUG~download completed~~RJStevensMusicPresentationCreator.Program~0000000882
2024-12-14 21:49:28.7727~DEBUG~<- DownloadFile(url = "https://faas-nyc1-2ef2e6cc.doserverless.co/api/v1/web/fn-dd7f8f6a-d32a-4f5e-ae7b-870dfb7963f3/downloads/bundle?id=000000000000181", filename = "C:\Users\cofc_\AppData\Local\Temp\tmp495E.tmp\rjsec174.ZIP", message = "rjsec174")~~RJStevensMusicPresentationCreator.Program~0000000883
2024-12-14 21:49:28.7897~DEBUG~-> ExtractAllFromFile(zipFileName = "C:\Users\cofc_\AppData\Local\Temp\tmp495E.tmp\rjsec174.ZIP", decompressedFolder = "C:\Users\cofc_\AppData\Local\Temp\tmp4A59.tmp", message = "rjsec174")~~RJStevensMusicPresentationCreator.Program~0000000884
2024-12-14 21:49:29.0377~DEBUG~extract completed~~RJStevensMusicPresentationCreator.Program~0000000885
2024-12-14 21:49:29.0377~DEBUG~<- ExtractAllFromFile(zipFileName = "C:\Users\cofc_\AppData\Local\Temp\tmp495E.tmp\rjsec174.ZIP", decompressedFolder = "C:\Users\cofc_\AppData\Local\Temp\tmp4A59.tmp", message = "rjsec174")~~RJStevensMusicPresentationCreator.Program~0000000886
2024-12-14 21:49:29.1037~DEBUG~-> DownloadFile(url = "https://faas-nyc1-2ef2e6cc.doserverless.co/api/v1/web/fn-dd7f8f6a-d32a-4f5e-ae7b-870dfb7963f3/downloads/bundle?id=000000000000185", filename = "C:\Users\cofc_\AppData\Local\Temp\tmp4B93.tmp\rjsec178.ZIP", message = "rjsec178")~~RJStevensMusicPresentationCreator.Program~0000000887
2024-12-14 21:49:29.3698~DEBUG~download completed~~RJStevensMusicPresentationCreator.Program~0000000888
2024-12-14 21:49:29.3698~DEBUG~<- DownloadFile(url = "https://faas-nyc1-2ef2e6cc.doserverless.co/api/v1/web/fn-dd7f8f6a-d32a-4f5e-ae7b-870dfb7963f3/downloads/bundle?id=000000000000185", filename = "C:\Users\cofc_\AppData\Local\Temp\tmp4B93.tmp\rjsec178.ZIP", message = "rjsec178")~~RJStevensMusicPresentationCreator.Program~0000000889
2024-12-14 21:49:29.3918~DEBUG~-> ExtractAllFromFile(zipFileName = "C:\Users\cofc_\AppData\Local\Temp\tmp4B93.tmp\rjsec178.ZIP", decompressedFolder = "C:\Users\cofc_\AppData\Local\Temp\tmp4CBC.tmp", message = "rjsec178")~~RJStevensMusicPresentationCreator.Program~0000000890
2024-12-14 21:49:29.6198~DEBUG~extract completed~~RJStevensMusicPresentationCreator.Program~0000000891
2024-12-14 21:49:29.6198~DEBUG~<- ExtractAllFromFile(zipFileName = "C:\Users\cofc_\AppData\Local\Temp\tmp4B93.tmp\rjsec178.ZIP", decompressedFolder = "C:\Users\cofc_\AppData\Local\Temp\tmp4CBC.tmp", message = "rjsec178")~~RJStevensMusicPresentationCreator.Program~0000000892
2024-12-14 21:49:29.6928~DEBUG~-> DownloadFile(url = "https://faas-nyc1-2ef2e6cc.doserverless.co/api/v1/web/fn-dd7f8f6a-d32a-4f5e-ae7b-870dfb7963f3/downloads/bundle?id=000000000000186", filename = "C:\Users\cofc_\AppData\Local\Temp\tmp4DE6.tmp\rjsec179.ZIP", message = "rjsec179")~~RJStevensMusicPresentationCreator.Program~0000000893
2024-12-14 21:49:30.0088~DEBUG~download completed~~RJStevensMusicPresentationCreator.Program~0000000894
2024-12-14 21:49:30.0088~DEBUG~<- DownloadFile(url = "https://faas-nyc1-2ef2e6cc.doserverless.co/api/v1/web/fn-dd7f8f6a-d32a-4f5e-ae7b-870dfb7963f3/downloads/bundle?id=000000000000186", filename = "C:\Users\cofc_\AppData\Local\Temp\tmp4DE6.tmp\rjsec179.ZIP", message = "rjsec179")~~RJStevensMusicPresentationCreator.Program~0000000895
2024-12-14 21:49:30.0338~DEBUG~-> ExtractAllFromFile(zipFileName = "C:\Users\cofc_\AppData\Local\Temp\tmp4DE6.tmp\rjsec179.ZIP", decompressedFolder = "C:\Users\cofc_\AppData\Local\Temp\tmp4F3F.tmp", message = "rjsec179")~~RJStevensMusicPresentationCreator.Program~0000000896
2024-12-14 21:49:30.3288~DEBUG~extract completed~~RJStevensMusicPresentationCreator.Program~0000000897
2024-12-14 21:49:30.3288~DEBUG~<- ExtractAllFromFile(zipFileName = "C:\Users\cofc_\AppData\Local\Temp\tmp4DE6.tmp\rjsec179.ZIP", decompressedFolder = "C:\Users\cofc_\AppData\Local\Temp\tmp4F3F.tmp", message = "rjsec179")~~RJStevensMusicPresentationCreator.Program~0000000898
2024-12-14 21:49:30.3998~DEBUG~-> DownloadFile(url = "https://faas-nyc1-2ef2e6cc.doserverless.co/api/v1/web/fn-dd7f8f6a-d32a-4f5e-ae7b-870dfb7963f3/downloads/bundle?id=000000000000187", filename = "C:\Users\cofc_\AppData\Local\Temp\tmp50A7.tmp\rjsec180.ZIP", message = "rjsec180")~~RJStevensMusicPresentationCreator.Program~0000000899
2024-12-14 21:49:30.6149~DEBUG~download completed~~RJStevensMusicPresentationCreator.Program~0000000900
2024-12-14 21:49:30.6149~DEBUG~<- DownloadFile(url = "https://faas-nyc1-2ef2e6cc.doserverless.co/api/v1/web/fn-dd7f8f6a-d32a-4f5e-ae7b-870dfb7963f3/downloads/bundle?id=000000000000187", filename = "C:\Users\cofc_\AppData\Local\Temp\tmp50A7.tmp\rjsec180.ZIP", message = "rjsec180")~~RJStevensMusicPresentationCreator.Program~0000000901
2024-12-14 21:49:30.6289~DEBUG~-> ExtractAllFromFile(zipFileName = "C:\Users\cofc_\AppData\Local\Temp\tmp50A7.tmp\rjsec180.ZIP", decompressedFolder = "C:\Users\cofc_\AppData\Local\Temp\tmp5193.tmp", message = "rjsec180")~~RJStevensMusicPresentationCreator.Program~0000000902
2024-12-14 21:49:30.9293~DEBUG~extract completed~~RJStevensMusicPresentationCreator.Program~0000000903
2024-12-14 21:49:30.9293~DEBUG~<- ExtractAllFromFile(zipFileName = "C:\Users\cofc_\AppData\Local\Temp\tmp50A7.tmp\rjsec180.ZIP", decompressedFolder = "C:\Users\cofc_\AppData\Local\Temp\tmp5193.tmp", message = "rjsec180")~~RJStevensMusicPresentationCreator.Program~0000000904
2024-12-14 21:49:31.0113~DEBUG~-> DownloadFile(url = "https://faas-nyc1-2ef2e6cc.doserverless.co/api/v1/web/fn-dd7f8f6a-d32a-4f5e-ae7b-870dfb7963f3/downloads/bundle?id=000000000000188", filename = "C:\Users\cofc_\AppData\Local\Temp\tmp530B.tmp\rjsec181.ZIP", message = "rjsec181")~~RJStevensMusicPresentationCreator.Program~0000000905
2024-12-14 21:49:31.2103~DEBUG~download completed~~RJStevensMusicPresentationCreator.Program~0000000906
2024-12-14 21:49:31.2103~DEBUG~<- DownloadFile(url = "https://faas-nyc1-2ef2e6cc.doserverless.co/api/v1/web/fn-dd7f8f6a-d32a-4f5e-ae7b-870dfb7963f3/downloads/bundle?id=000000000000188", filename = "C:\Users\cofc_\AppData\Local\Temp\tmp530B.tmp\rjsec181.ZIP", message = "rjsec181")~~RJStevensMusicPresentationCreator.Program~0000000907
2024-12-14 21:49:31.2263~DEBUG~-> ExtractAllFromFile(zipFileName = "C:\Users\cofc_\AppData\Local\Temp\tmp530B.tmp\rjsec181.ZIP", decompressedFolder = "C:\Users\cofc_\AppData\Local\Temp\tmp53E7.tmp", message = "rjsec181")~~RJStevensMusicPresentationCreator.Program~0000000908
2024-12-14 21:49:31.4034~DEBUG~extract completed~~RJStevensMusicPresentationCreator.Program~0000000909
2024-12-14 21:49:31.4034~DEBUG~<- ExtractAllFromFile(zipFileName = "C:\Users\cofc_\AppData\Local\Temp\tmp530B.tmp\rjsec181.ZIP", decompressedFolder = "C:\Users\cofc_\AppData\Local\Temp\tmp53E7.tmp", message = "rjsec181")~~RJStevensMusicPresentationCreator.Program~0000000910
2024-12-14 21:49:31.4594~DEBUG~-> DownloadFile(url = "https://faas-nyc1-2ef2e6cc.doserverless.co/api/v1/web/fn-dd7f8f6a-d32a-4f5e-ae7b-870dfb7963f3/downloads/bundle?id=000000000000190", filename = "C:\Users\cofc_\AppData\Local\Temp\tmp54D2.tmp\rjsec183.ZIP", message = "rjsec183")~~RJStevensMusicPresentationCreator.Program~0000000911
2024-12-14 21:49:31.6464~DEBUG~download completed~~RJStevensMusicPresentationCreator.Program~0000000912
2024-12-14 21:49:31.6464~DEBUG~<- DownloadFile(url = "https://faas-nyc1-2ef2e6cc.doserverless.co/api/v1/web/fn-dd7f8f6a-d32a-4f5e-ae7b-870dfb7963f3/downloads/bundle?id=000000000000190", filename = "C:\Users\cofc_\AppData\Local\Temp\tmp54D2.tmp\rjsec183.ZIP", message = "rjsec183")~~RJStevensMusicPresentationCreator.Program~0000000913
2024-12-14 21:49:31.6594~DEBUG~-> ExtractAllFromFile(zipFileName = "C:\Users\cofc_\AppData\Local\Temp\tmp54D2.tmp\rjsec183.ZIP", decompressedFolder = "C:\Users\cofc_\AppData\Local\Temp\tmp559E.tmp", message = "rjsec183")~~RJStevensMusicPresentationCreator.Program~0000000914
2024-12-14 21:49:31.8474~DEBUG~extract completed~~RJStevensMusicPresentationCreator.Program~0000000915
2024-12-14 21:49:31.8474~DEBUG~<- ExtractAllFromFile(zipFileName = "C:\Users\cofc_\AppData\Local\Temp\tmp54D2.tmp\rjsec183.ZIP", decompressedFolder = "C:\Users\cofc_\AppData\Local\Temp\tmp559E.tmp", message = "rjsec183")~~RJStevensMusicPresentationCreator.Program~0000000916
2024-12-14 21:49:31.9044~DEBUG~-> DownloadFile(url = "https://faas-nyc1-2ef2e6cc.doserverless.co/api/v1/web/fn-dd7f8f6a-d32a-4f5e-ae7b-870dfb7963f3/downloads/bundle?id=000000000000193", filename = "C:\Users\cofc_\AppData\Local\Temp\tmp5689.tmp\rjsec186.ZIP", message = "rjsec186")~~RJStevensMusicPresentationCreator.Program~0000000917
2024-12-14 21:49:32.1184~DEBUG~download completed~~RJStevensMusicPresentationCreator.Program~0000000918
2024-12-14 21:49:32.1184~DEBUG~<- DownloadFile(url = "https://faas-nyc1-2ef2e6cc.doserverless.co/api/v1/web/fn-dd7f8f6a-d32a-4f5e-ae7b-870dfb7963f3/downloads/bundle?id=000000000000193", filename = "C:\Users\cofc_\AppData\Local\Temp\tmp5689.tmp\rjsec186.ZIP", message = "rjsec186")~~RJStevensMusicPresentationCreator.Program~0000000919
2024-12-14 21:49:32.1384~DEBUG~-> ExtractAllFromFile(zipFileName = "C:\Users\cofc_\AppData\Local\Temp\tmp5689.tmp\rjsec186.ZIP", decompressedFolder = "C:\Users\cofc_\AppData\Local\Temp\tmp5775.tmp", message = "rjsec186")~~RJStevensMusicPresentationCreator.Program~0000000920
2024-12-14 21:49:32.3974~DEBUG~extract completed~~RJStevensMusicPresentationCreator.Program~0000000921
2024-12-14 21:49:32.3974~DEBUG~<- ExtractAllFromFile(zipFileName = "C:\Users\cofc_\AppData\Local\Temp\tmp5689.tmp\rjsec186.ZIP", decompressedFolder = "C:\Users\cofc_\AppData\Local\Temp\tmp5775.tmp", message = "rjsec186")~~RJStevensMusicPresentationCreator.Program~0000000922
2024-12-14 21:49:32.4744~DEBUG~-> DownloadFile(url = "https://faas-nyc1-2ef2e6cc.doserverless.co/api/v1/web/fn-dd7f8f6a-d32a-4f5e-ae7b-870dfb7963f3/downloads/bundle?id=000000000000195", filename = "C:\Users\cofc_\AppData\Local\Temp\tmp58CE.tmp\rjsec188.ZIP", message = "rjsec188")~~RJStevensMusicPresentationCreator.Program~0000000923
2024-12-14 21:49:32.6704~DEBUG~download completed~~RJStevensMusicPresentationCreator.Program~0000000924
2024-12-14 21:49:32.6704~DEBUG~<- DownloadFile(url = "https://faas-nyc1-2ef2e6cc.doserverless.co/api/v1/web/fn-dd7f8f6a-d32a-4f5e-ae7b-870dfb7963f3/downloads/bundle?id=000000000000195", filename = "C:\Users\cofc_\AppData\Local\Temp\tmp58CE.tmp\rjsec188.ZIP", message = "rjsec188")~~RJStevensMusicPresentationCreator.Program~0000000925
2024-12-14 21:49:32.6864~DEBUG~-> ExtractAllFromFile(zipFileName = "C:\Users\cofc_\AppData\Local\Temp\tmp58CE.tmp\rjsec188.ZIP", decompressedFolder = "C:\Users\cofc_\AppData\Local\Temp\tmp599A.tmp", message = "rjsec188")~~RJStevensMusicPresentationCreator.Program~0000000926
2024-12-14 21:49:32.9395~DEBUG~extract completed~~RJStevensMusicPresentationCreator.Program~0000000927
2024-12-14 21:49:32.9395~DEBUG~<- ExtractAllFromFile(zipFileName = "C:\Users\cofc_\AppData\Local\Temp\tmp58CE.tmp\rjsec188.ZIP", decompressedFolder = "C:\Users\cofc_\AppData\Local\Temp\tmp599A.tmp", message = "rjsec188")~~RJStevensMusicPresentationCreator.Program~0000000928
2024-12-14 21:49:33.0245~DEBUG~-> DownloadFile(url = "https://faas-nyc1-2ef2e6cc.doserverless.co/api/v1/web/fn-dd7f8f6a-d32a-4f5e-ae7b-870dfb7963f3/downloads/bundle?id=000000000000196", filename = "C:\Users\cofc_\AppData\Local\Temp\tmp5AF2.tmp\rjsec189.ZIP", message = "rjsec189")~~RJStevensMusicPresentationCreator.Program~0000000929
2024-12-14 21:49:33.2913~DEBUG~download completed~~RJStevensMusicPresentationCreator.Program~0000000930
2024-12-14 21:49:33.2913~DEBUG~<- DownloadFile(url = "https://faas-nyc1-2ef2e6cc.doserverless.co/api/v1/web/fn-dd7f8f6a-d32a-4f5e-ae7b-870dfb7963f3/downloads/bundle?id=000000000000196", filename = "C:\Users\cofc_\AppData\Local\Temp\tmp5AF2.tmp\rjsec189.ZIP", message = "rjsec189")~~RJStevensMusicPresentationCreator.Program~0000000931
2024-12-14 21:49:33.3123~DEBUG~-> ExtractAllFromFile(zipFileName = "C:\Users\cofc_\AppData\Local\Temp\tmp5AF2.tmp\rjsec189.ZIP", decompressedFolder = "C:\Users\cofc_\AppData\Local\Temp\tmp5C0D.tmp", message = "rjsec189")~~RJStevensMusicPresentationCreator.Program~0000000932
2024-12-14 21:49:33.5623~DEBUG~extract completed~~RJStevensMusicPresentationCreator.Program~0000000933
2024-12-14 21:49:33.5663~DEBUG~<- ExtractAllFromFile(zipFileName = "C:\Users\cofc_\AppData\Local\Temp\tmp5AF2.tmp\rjsec189.ZIP", decompressedFolder = "C:\Users\cofc_\AppData\Local\Temp\tmp5C0D.tmp", message = "rjsec189")~~RJStevensMusicPresentationCreator.Program~0000000934
2024-12-14 21:49:33.6323~DEBUG~-> DownloadFile(url = "https://faas-nyc1-2ef2e6cc.doserverless.co/api/v1/web/fn-dd7f8f6a-d32a-4f5e-ae7b-870dfb7963f3/downloads/bundle?id=000000000000197", filename = "C:\Users\cofc_\AppData\Local\Temp\tmp5D56.tmp\rjsec190.ZIP", message = "rjsec190")~~RJStevensMusicPresentationCreator.Program~0000000935
2024-12-14 21:49:33.8843~DEBUG~download completed~~RJStevensMusicPresentationCreator.Program~0000000936
2024-12-14 21:49:33.8843~DEBUG~<- DownloadFile(url = "https://faas-nyc1-2ef2e6cc.doserverless.co/api/v1/web/fn-dd7f8f6a-d32a-4f5e-ae7b-870dfb7963f3/downloads/bundle?id=000000000000197", filename = "C:\Users\cofc_\AppData\Local\Temp\tmp5D56.tmp\rjsec190.ZIP", message = "rjsec190")~~RJStevensMusicPresentationCreator.Program~0000000937
2024-12-14 21:49:33.9033~DEBUG~-> ExtractAllFromFile(zipFileName = "C:\Users\cofc_\AppData\Local\Temp\tmp5D56.tmp\rjsec190.ZIP", decompressedFolder = "C:\Users\cofc_\AppData\Local\Temp\tmp5E60.tmp", message = "rjsec190")~~RJStevensMusicPresentationCreator.Program~0000000938
2024-12-14 21:49:34.1753~DEBUG~extract completed~~RJStevensMusicPresentationCreator.Program~0000000939
2024-12-14 21:49:34.1753~DEBUG~<- ExtractAllFromFile(zipFileName = "C:\Users\cofc_\AppData\Local\Temp\tmp5D56.tmp\rjsec190.ZIP", decompressedFolder = "C:\Users\cofc_\AppData\Local\Temp\tmp5E60.tmp", message = "rjsec190")~~RJStevensMusicPresentationCreator.Program~0000000940
2024-12-14 21:49:34.2453~DEBUG~-> DownloadFile(url = "https://faas-nyc1-2ef2e6cc.doserverless.co/api/v1/web/fn-dd7f8f6a-d32a-4f5e-ae7b-870dfb7963f3/downloads/bundle?id=000000000000198", filename = "C:\Users\cofc_\AppData\Local\Temp\tmp5FB9.tmp\rjsec191.ZIP", message = "rjsec191")~~RJStevensMusicPresentationCreator.Program~0000000941
2024-12-14 21:49:34.4574~DEBUG~download completed~~RJStevensMusicPresentationCreator.Program~0000000942
2024-12-14 21:49:34.4574~DEBUG~<- DownloadFile(url = "https://faas-nyc1-2ef2e6cc.doserverless.co/api/v1/web/fn-dd7f8f6a-d32a-4f5e-ae7b-870dfb7963f3/downloads/bundle?id=000000000000198", filename = "C:\Users\cofc_\AppData\Local\Temp\tmp5FB9.tmp\rjsec191.ZIP", message = "rjsec191")~~RJStevensMusicPresentationCreator.Program~0000000943
2024-12-14 21:49:34.4784~DEBUG~-> ExtractAllFromFile(zipFileName = "C:\Users\cofc_\AppData\Local\Temp\tmp5FB9.tmp\rjsec191.ZIP", decompressedFolder = "C:\Users\cofc_\AppData\Local\Temp\tmp60A5.tmp", message = "rjsec191")~~RJStevensMusicPresentationCreator.Program~0000000944
2024-12-14 21:49:34.7024~DEBUG~extract completed~~RJStevensMusicPresentationCreator.Program~0000000945
2024-12-14 21:49:34.7064~DEBUG~<- ExtractAllFromFile(zipFileName = "C:\Users\cofc_\AppData\Local\Temp\tmp5FB9.tmp\rjsec191.ZIP", decompressedFolder = "C:\Users\cofc_\AppData\Local\Temp\tmp60A5.tmp", message = "rjsec191")~~RJStevensMusicPresentationCreator.Program~0000000946
2024-12-14 21:49:34.7654~DEBUG~-> DownloadFile(url = "https://faas-nyc1-2ef2e6cc.doserverless.co/api/v1/web/fn-dd7f8f6a-d32a-4f5e-ae7b-870dfb7963f3/downloads/bundle?id=000000000000200", filename = "C:\Users\cofc_\AppData\Local\Temp\tmp61BF.tmp\rjsec193.ZIP", message = "rjsec193")~~RJStevensMusicPresentationCreator.Program~0000000947
2024-12-14 21:49:34.9714~DEBUG~download completed~~RJStevensMusicPresentationCreator.Program~0000000948
2024-12-14 21:49:34.9714~DEBUG~<- DownloadFile(url = "https://faas-nyc1-2ef2e6cc.doserverless.co/api/v1/web/fn-dd7f8f6a-d32a-4f5e-ae7b-870dfb7963f3/downloads/bundle?id=000000000000200", filename = "C:\Users\cofc_\AppData\Local\Temp\tmp61BF.tmp\rjsec193.ZIP", message = "rjsec193")~~RJStevensMusicPresentationCreator.Program~0000000949
2024-12-14 21:49:34.9714~DEBUG~-> ExtractAllFromFile(zipFileName = "C:\Users\cofc_\AppData\Local\Temp\tmp61BF.tmp\rjsec193.ZIP", decompressedFolder = "C:\Users\cofc_\AppData\Local\Temp\tmp629B.tmp", message = "rjsec193")~~RJStevensMusicPresentationCreator.Program~0000000950
2024-12-14 21:49:35.2034~DEBUG~extract completed~~RJStevensMusicPresentationCreator.Program~0000000951
2024-12-14 21:49:35.2064~DEBUG~<- ExtractAllFromFile(zipFileName = "C:\Users\cofc_\AppData\Local\Temp\tmp61BF.tmp\rjsec193.ZIP", decompressedFolder = "C:\Users\cofc_\AppData\Local\Temp\tmp629B.tmp", message = "rjsec193")~~RJStevensMusicPresentationCreator.Program~0000000952
2024-12-14 21:49:35.2654~DEBUG~-> DownloadFile(url = "https://faas-nyc1-2ef2e6cc.doserverless.co/api/v1/web/fn-dd7f8f6a-d32a-4f5e-ae7b-870dfb7963f3/downloads/bundle?id=000000000000201", filename = "C:\Users\cofc_\AppData\Local\Temp\tmp63B5.tmp\rjsec194.ZIP", message = "rjsec194")~~RJStevensMusicPresentationCreator.Program~0000000953
2024-12-14 21:49:35.4854~DEBUG~download completed~~RJStevensMusicPresentationCreator.Program~0000000954
2024-12-14 21:49:35.4854~DEBUG~<- DownloadFile(url = "https://faas-nyc1-2ef2e6cc.doserverless.co/api/v1/web/fn-dd7f8f6a-d32a-4f5e-ae7b-870dfb7963f3/downloads/bundle?id=000000000000201", filename = "C:\Users\cofc_\AppData\Local\Temp\tmp63B5.tmp\rjsec194.ZIP", message = "rjsec194")~~RJStevensMusicPresentationCreator.Program~0000000955
2024-12-14 21:49:35.5054~DEBUG~-> ExtractAllFromFile(zipFileName = "C:\Users\cofc_\AppData\Local\Temp\tmp63B5.tmp\rjsec194.ZIP", decompressedFolder = "C:\Users\cofc_\AppData\Local\Temp\tmp64B0.tmp", message = "rjsec194")~~RJStevensMusicPresentationCreator.Program~0000000956
2024-12-14 21:49:35.8015~DEBUG~extract completed~~RJStevensMusicPresentationCreator.Program~0000000957
2024-12-14 21:49:35.8015~DEBUG~<- ExtractAllFromFile(zipFileName = "C:\Users\cofc_\AppData\Local\Temp\tmp63B5.tmp\rjsec194.ZIP", decompressedFolder = "C:\Users\cofc_\AppData\Local\Temp\tmp64B0.tmp", message = "rjsec194")~~RJStevensMusicPresentationCreator.Program~0000000958
2024-12-14 21:49:35.8665~DEBUG~-> DownloadFile(url = "https://faas-nyc1-2ef2e6cc.doserverless.co/api/v1/web/fn-dd7f8f6a-d32a-4f5e-ae7b-870dfb7963f3/downloads/bundle?id=000000000000203", filename = "C:\Users\cofc_\AppData\Local\Temp\tmp6618.tmp\rjsec196.ZIP", message = "rjsec196")~~RJStevensMusicPresentationCreator.Program~0000000959
2024-12-14 21:49:36.0845~DEBUG~download completed~~RJStevensMusicPresentationCreator.Program~0000000960
2024-12-14 21:49:36.0845~DEBUG~<- DownloadFile(url = "https://faas-nyc1-2ef2e6cc.doserverless.co/api/v1/web/fn-dd7f8f6a-d32a-4f5e-ae7b-870dfb7963f3/downloads/bundle?id=000000000000203", filename = "C:\Users\cofc_\AppData\Local\Temp\tmp6618.tmp\rjsec196.ZIP", message = "rjsec196")~~RJStevensMusicPresentationCreator.Program~0000000961
2024-12-14 21:49:36.1105~DEBUG~-> ExtractAllFromFile(zipFileName = "C:\Users\cofc_\AppData\Local\Temp\tmp6618.tmp\rjsec196.ZIP", decompressedFolder = "C:\Users\cofc_\AppData\Local\Temp\tmp6713.tmp", message = "rjsec196")~~RJStevensMusicPresentationCreator.Program~0000000962
2024-12-14 21:49:36.3305~DEBUG~extract completed~~RJStevensMusicPresentationCreator.Program~0000000963
2024-12-14 21:49:36.3305~DEBUG~<- ExtractAllFromFile(zipFileName = "C:\Users\cofc_\AppData\Local\Temp\tmp6618.tmp\rjsec196.ZIP", decompressedFolder = "C:\Users\cofc_\AppData\Local\Temp\tmp6713.tmp", message = "rjsec196")~~RJStevensMusicPresentationCreator.Program~0000000964
2024-12-14 21:49:36.3965~DEBUG~-> DownloadFile(url = "https://faas-nyc1-2ef2e6cc.doserverless.co/api/v1/web/fn-dd7f8f6a-d32a-4f5e-ae7b-870dfb7963f3/downloads/bundle?id=000000000000204", filename = "C:\Users\cofc_\AppData\Local\Temp\tmp682D.tmp\rjsec197.ZIP", message = "rjsec197")~~RJStevensMusicPresentationCreator.Program~0000000965
2024-12-14 21:49:36.6025~DEBUG~download completed~~RJStevensMusicPresentationCreator.Program~0000000966
2024-12-14 21:49:36.6025~DEBUG~<- DownloadFile(url = "https://faas-nyc1-2ef2e6cc.doserverless.co/api/v1/web/fn-dd7f8f6a-d32a-4f5e-ae7b-870dfb7963f3/downloads/bundle?id=000000000000204", filename = "C:\Users\cofc_\AppData\Local\Temp\tmp682D.tmp\rjsec197.ZIP", message = "rjsec197")~~RJStevensMusicPresentationCreator.Program~0000000967
2024-12-14 21:49:36.6175~DEBUG~-> ExtractAllFromFile(zipFileName = "C:\Users\cofc_\AppData\Local\Temp\tmp682D.tmp\rjsec197.ZIP", decompressedFolder = "C:\Users\cofc_\AppData\Local\Temp\tmp6909.tmp", message = "rjsec197")~~RJStevensMusicPresentationCreator.Program~0000000968
2024-12-14 21:49:36.8325~DEBUG~extract completed~~RJStevensMusicPresentationCreator.Program~0000000969
2024-12-14 21:49:36.8325~DEBUG~<- ExtractAllFromFile(zipFileName = "C:\Users\cofc_\AppData\Local\Temp\tmp682D.tmp\rjsec197.ZIP", decompressedFolder = "C:\Users\cofc_\AppData\Local\Temp\tmp6909.tmp", message = "rjsec197")~~RJStevensMusicPresentationCreator.Program~0000000970
2024-12-14 21:49:36.8945~DEBUG~-> DownloadFile(url = "https://faas-nyc1-2ef2e6cc.doserverless.co/api/v1/web/fn-dd7f8f6a-d32a-4f5e-ae7b-870dfb7963f3/downloads/bundle?id=000000000000207", filename = "C:\Users\cofc_\AppData\Local\Temp\tmp6A23.tmp\rjsec200.ZIP", message = "rjsec200")~~RJStevensMusicPresentationCreator.Program~0000000971
2024-12-14 21:49:37.1156~DEBUG~download completed~~RJStevensMusicPresentationCreator.Program~0000000972
2024-12-14 21:49:37.1156~DEBUG~<- DownloadFile(url = "https://faas-nyc1-2ef2e6cc.doserverless.co/api/v1/web/fn-dd7f8f6a-d32a-4f5e-ae7b-870dfb7963f3/downloads/bundle?id=000000000000207", filename = "C:\Users\cofc_\AppData\Local\Temp\tmp6A23.tmp\rjsec200.ZIP", message = "rjsec200")~~RJStevensMusicPresentationCreator.Program~0000000973
2024-12-14 21:49:37.1436~DEBUG~-> ExtractAllFromFile(zipFileName = "C:\Users\cofc_\AppData\Local\Temp\tmp6A23.tmp\rjsec200.ZIP", decompressedFolder = "C:\Users\cofc_\AppData\Local\Temp\tmp6B1E.tmp", message = "rjsec200")~~RJStevensMusicPresentationCreator.Program~0000000974
2024-12-14 21:49:37.4276~DEBUG~extract completed~~RJStevensMusicPresentationCreator.Program~0000000975
2024-12-14 21:49:37.4276~DEBUG~<- ExtractAllFromFile(zipFileName = "C:\Users\cofc_\AppData\Local\Temp\tmp6A23.tmp\rjsec200.ZIP", decompressedFolder = "C:\Users\cofc_\AppData\Local\Temp\tmp6B1E.tmp", message = "rjsec200")~~RJStevensMusicPresentationCreator.Program~0000000976
2024-12-14 21:49:37.4996~DEBUG~-> DownloadFile(url = "https://faas-nyc1-2ef2e6cc.doserverless.co/api/v1/web/fn-dd7f8f6a-d32a-4f5e-ae7b-870dfb7963f3/downloads/bundle?id=000000000000208", filename = "C:\Users\cofc_\AppData\Local\Temp\tmp6C77.tmp\rjsec201.ZIP", message = "rjsec201")~~RJStevensMusicPresentationCreator.Program~0000000977
2024-12-14 21:49:37.7636~DEBUG~download completed~~RJStevensMusicPresentationCreator.Program~0000000978
2024-12-14 21:49:37.7636~DEBUG~<- DownloadFile(url = "https://faas-nyc1-2ef2e6cc.doserverless.co/api/v1/web/fn-dd7f8f6a-d32a-4f5e-ae7b-870dfb7963f3/downloads/bundle?id=000000000000208", filename = "C:\Users\cofc_\AppData\Local\Temp\tmp6C77.tmp\rjsec201.ZIP", message = "rjsec201")~~RJStevensMusicPresentationCreator.Program~0000000979
2024-12-14 21:49:37.7796~DEBUG~-> ExtractAllFromFile(zipFileName = "C:\Users\cofc_\AppData\Local\Temp\tmp6C77.tmp\rjsec201.ZIP", decompressedFolder = "C:\Users\cofc_\AppData\Local\Temp\tmp6D91.tmp", message = "rjsec201")~~RJStevensMusicPresentationCreator.Program~0000000980
2024-12-14 21:49:37.9866~DEBUG~extract completed~~RJStevensMusicPresentationCreator.Program~0000000981
2024-12-14 21:49:37.9866~DEBUG~<- ExtractAllFromFile(zipFileName = "C:\Users\cofc_\AppData\Local\Temp\tmp6C77.tmp\rjsec201.ZIP", decompressedFolder = "C:\Users\cofc_\AppData\Local\Temp\tmp6D91.tmp", message = "rjsec201")~~RJStevensMusicPresentationCreator.Program~0000000982
2024-12-14 21:49:38.0446~DEBUG~-> DownloadFile(url = "https://faas-nyc1-2ef2e6cc.doserverless.co/api/v1/web/fn-dd7f8f6a-d32a-4f5e-ae7b-870dfb7963f3/downloads/bundle?id=000000000000209", filename = "C:\Users\cofc_\AppData\Local\Temp\tmp6E9C.tmp\rjsec202.ZIP", message = "rjsec202")~~RJStevensMusicPresentationCreator.Program~0000000983
2024-12-14 21:49:38.2306~DEBUG~download completed~~RJStevensMusicPresentationCreator.Program~0000000984
2024-12-14 21:49:38.2306~DEBUG~<- DownloadFile(url = "https://faas-nyc1-2ef2e6cc.doserverless.co/api/v1/web/fn-dd7f8f6a-d32a-4f5e-ae7b-870dfb7963f3/downloads/bundle?id=000000000000209", filename = "C:\Users\cofc_\AppData\Local\Temp\tmp6E9C.tmp\rjsec202.ZIP", message = "rjsec202")~~RJStevensMusicPresentationCreator.Program~0000000985
2024-12-14 21:49:38.2456~DEBUG~-> ExtractAllFromFile(zipFileName = "C:\Users\cofc_\AppData\Local\Temp\tmp6E9C.tmp\rjsec202.ZIP", decompressedFolder = "C:\Users\cofc_\AppData\Local\Temp\tmp6F68.tmp", message = "rjsec202")~~RJStevensMusicPresentationCreator.Program~0000000986
2024-12-14 21:49:38.5087~DEBUG~extract completed~~RJStevensMusicPresentationCreator.Program~0000000987
2024-12-14 21:49:38.5087~DEBUG~<- ExtractAllFromFile(zipFileName = "C:\Users\cofc_\AppData\Local\Temp\tmp6E9C.tmp\rjsec202.ZIP", decompressedFolder = "C:\Users\cofc_\AppData\Local\Temp\tmp6F68.tmp", message = "rjsec202")~~RJStevensMusicPresentationCreator.Program~0000000988
2024-12-14 21:49:38.6232~DEBUG~-> DownloadFile(url = "https://faas-nyc1-2ef2e6cc.doserverless.co/api/v1/web/fn-dd7f8f6a-d32a-4f5e-ae7b-870dfb7963f3/downloads/bundle?id=000000000000210", filename = "C:\Users\cofc_\AppData\Local\Temp\tmp70E0.tmp\rjsec203.ZIP", message = "rjsec203")~~RJStevensMusicPresentationCreator.Program~0000000989
2024-12-14 21:49:38.8828~DEBUG~download completed~~RJStevensMusicPresentationCreator.Program~0000000990
2024-12-14 21:49:38.8828~DEBUG~<- DownloadFile(url = "https://faas-nyc1-2ef2e6cc.doserverless.co/api/v1/web/fn-dd7f8f6a-d32a-4f5e-ae7b-870dfb7963f3/downloads/bundle?id=000000000000210", filename = "C:\Users\cofc_\AppData\Local\Temp\tmp70E0.tmp\rjsec203.ZIP", message = "rjsec203")~~RJStevensMusicPresentationCreator.Program~0000000991
2024-12-14 21:49:38.9068~DEBUG~-> ExtractAllFromFile(zipFileName = "C:\Users\cofc_\AppData\Local\Temp\tmp70E0.tmp\rjsec203.ZIP", decompressedFolder = "C:\Users\cofc_\AppData\Local\Temp\tmp71FA.tmp", message = "rjsec203")~~RJStevensMusicPresentationCreator.Program~0000000992
2024-12-14 21:49:39.1549~DEBUG~extract completed~~RJStevensMusicPresentationCreator.Program~0000000993
2024-12-14 21:49:39.1569~DEBUG~<- ExtractAllFromFile(zipFileName = "C:\Users\cofc_\AppData\Local\Temp\tmp70E0.tmp\rjsec203.ZIP", decompressedFolder = "C:\Users\cofc_\AppData\Local\Temp\tmp71FA.tmp", message = "rjsec203")~~RJStevensMusicPresentationCreator.Program~0000000994
2024-12-14 21:49:39.2209~DEBUG~-> DownloadFile(url = "https://faas-nyc1-2ef2e6cc.doserverless.co/api/v1/web/fn-dd7f8f6a-d32a-4f5e-ae7b-870dfb7963f3/downloads/bundle?id=000000000000211", filename = "C:\Users\cofc_\AppData\Local\Temp\tmp7334.tmp\rjsec204.ZIP", message = "rjsec204")~~RJStevensMusicPresentationCreator.Program~0000000995
2024-12-14 21:49:39.4449~DEBUG~download completed~~RJStevensMusicPresentationCreator.Program~0000000996
2024-12-14 21:49:39.4449~DEBUG~<- DownloadFile(url = "https://faas-nyc1-2ef2e6cc.doserverless.co/api/v1/web/fn-dd7f8f6a-d32a-4f5e-ae7b-870dfb7963f3/downloads/bundle?id=000000000000211", filename = "C:\Users\cofc_\AppData\Local\Temp\tmp7334.tmp\rjsec204.ZIP", message = "rjsec204")~~RJStevensMusicPresentationCreator.Program~0000000997
2024-12-14 21:49:39.4649~DEBUG~-> ExtractAllFromFile(zipFileName = "C:\Users\cofc_\AppData\Local\Temp\tmp7334.tmp\rjsec204.ZIP", decompressedFolder = "C:\Users\cofc_\AppData\Local\Temp\tmp742F.tmp", message = "rjsec204")~~RJStevensMusicPresentationCreator.Program~0000000998
2024-12-14 21:49:39.7329~DEBUG~extract completed~~RJStevensMusicPresentationCreator.Program~0000000999
2024-12-14 21:49:39.7359~DEBUG~<- ExtractAllFromFile(zipFileName = "C:\Users\cofc_\AppData\Local\Temp\tmp7334.tmp\rjsec204.ZIP", decompressedFolder = "C:\Users\cofc_\AppData\Local\Temp\tmp742F.tmp", message = "rjsec204")~~RJStevensMusicPresentationCreator.Program~0000001000
2024-12-14 21:49:39.8019~DEBUG~-> DownloadFile(url = "https://faas-nyc1-2ef2e6cc.doserverless.co/api/v1/web/fn-dd7f8f6a-d32a-4f5e-ae7b-870dfb7963f3/downloads/bundle?id=000000000000212", filename = "C:\Users\cofc_\AppData\Local\Temp\tmp7588.tmp\rjsec205.ZIP", message = "rjsec205")~~RJStevensMusicPresentationCreator.Program~0000001001
2024-12-14 21:49:40.0409~DEBUG~download completed~~RJStevensMusicPresentationCreator.Program~0000001002
2024-12-14 21:49:40.0409~DEBUG~<- DownloadFile(url = "https://faas-nyc1-2ef2e6cc.doserverless.co/api/v1/web/fn-dd7f8f6a-d32a-4f5e-ae7b-870dfb7963f3/downloads/bundle?id=000000000000212", filename = "C:\Users\cofc_\AppData\Local\Temp\tmp7588.tmp\rjsec205.ZIP", message = "rjsec205")~~RJStevensMusicPresentationCreator.Program~0000001003
2024-12-14 21:49:40.0694~DEBUG~-> ExtractAllFromFile(zipFileName = "C:\Users\cofc_\AppData\Local\Temp\tmp7588.tmp\rjsec205.ZIP", decompressedFolder = "C:\Users\cofc_\AppData\Local\Temp\tmp7692.tmp", message = "rjsec205")~~RJStevensMusicPresentationCreator.Program~0000001004
2024-12-14 21:49:40.4127~DEBUG~extract completed~~RJStevensMusicPresentationCreator.Program~0000001005
2024-12-14 21:49:40.4127~DEBUG~<- ExtractAllFromFile(zipFileName = "C:\Users\cofc_\AppData\Local\Temp\tmp7588.tmp\rjsec205.ZIP", decompressedFolder = "C:\Users\cofc_\AppData\Local\Temp\tmp7692.tmp", message = "rjsec205")~~RJStevensMusicPresentationCreator.Program~0000001006
2024-12-14 21:49:40.4887~DEBUG~-> DownloadFile(url = "https://faas-nyc1-2ef2e6cc.doserverless.co/api/v1/web/fn-dd7f8f6a-d32a-4f5e-ae7b-870dfb7963f3/downloads/bundle?id=000000000000213", filename = "C:\Users\cofc_\AppData\Local\Temp\tmp7839.tmp\rjsec206.ZIP", message = "rjsec206")~~RJStevensMusicPresentationCreator.Program~0000001007
2024-12-14 21:49:40.7417~DEBUG~download completed~~RJStevensMusicPresentationCreator.Program~0000001008
2024-12-14 21:49:40.7417~DEBUG~<- DownloadFile(url = "https://faas-nyc1-2ef2e6cc.doserverless.co/api/v1/web/fn-dd7f8f6a-d32a-4f5e-ae7b-870dfb7963f3/downloads/bundle?id=000000000000213", filename = "C:\Users\cofc_\AppData\Local\Temp\tmp7839.tmp\rjsec206.ZIP", message = "rjsec206")~~RJStevensMusicPresentationCreator.Program~0000001009
2024-12-14 21:49:40.7617~DEBUG~-> ExtractAllFromFile(zipFileName = "C:\Users\cofc_\AppData\Local\Temp\tmp7839.tmp\rjsec206.ZIP", decompressedFolder = "C:\Users\cofc_\AppData\Local\Temp\tmp7944.tmp", message = "rjsec206")~~RJStevensMusicPresentationCreator.Program~0000001010
2024-12-14 21:49:41.0387~DEBUG~extract completed~~RJStevensMusicPresentationCreator.Program~0000001011
2024-12-14 21:49:41.0387~DEBUG~<- ExtractAllFromFile(zipFileName = "C:\Users\cofc_\AppData\Local\Temp\tmp7839.tmp\rjsec206.ZIP", decompressedFolder = "C:\Users\cofc_\AppData\Local\Temp\tmp7944.tmp", message = "rjsec206")~~RJStevensMusicPresentationCreator.Program~0000001012
2024-12-14 21:49:41.1127~DEBUG~-> DownloadFile(url = "https://faas-nyc1-2ef2e6cc.doserverless.co/api/v1/web/fn-dd7f8f6a-d32a-4f5e-ae7b-870dfb7963f3/downloads/bundle?id=000000000000214", filename = "C:\Users\cofc_\AppData\Local\Temp\tmp7AAC.tmp\rjsec207.ZIP", message = "rjsec207")~~RJStevensMusicPresentationCreator.Program~0000001013
2024-12-14 21:49:41.3388~DEBUG~download completed~~RJStevensMusicPresentationCreator.Program~0000001014
2024-12-14 21:49:41.3388~DEBUG~<- DownloadFile(url = "https://faas-nyc1-2ef2e6cc.doserverless.co/api/v1/web/fn-dd7f8f6a-d32a-4f5e-ae7b-870dfb7963f3/downloads/bundle?id=000000000000214", filename = "C:\Users\cofc_\AppData\Local\Temp\tmp7AAC.tmp\rjsec207.ZIP", message = "rjsec207")~~RJStevensMusicPresentationCreator.Program~0000001015
2024-12-14 21:49:41.3608~DEBUG~-> ExtractAllFromFile(zipFileName = "C:\Users\cofc_\AppData\Local\Temp\tmp7AAC.tmp\rjsec207.ZIP", decompressedFolder = "C:\Users\cofc_\AppData\Local\Temp\tmp7BA7.tmp", message = "rjsec207")~~RJStevensMusicPresentationCreator.Program~0000001016
2024-12-14 21:49:41.5438~DEBUG~extract completed~~RJStevensMusicPresentationCreator.Program~0000001017
2024-12-14 21:49:41.5478~DEBUG~<- ExtractAllFromFile(zipFileName = "C:\Users\cofc_\AppData\Local\Temp\tmp7AAC.tmp\rjsec207.ZIP", decompressedFolder = "C:\Users\cofc_\AppData\Local\Temp\tmp7BA7.tmp", message = "rjsec207")~~RJStevensMusicPresentationCreator.Program~0000001018
2024-12-14 21:49:41.6028~DEBUG~-> DownloadFile(url = "https://faas-nyc1-2ef2e6cc.doserverless.co/api/v1/web/fn-dd7f8f6a-d32a-4f5e-ae7b-870dfb7963f3/downloads/bundle?id=000000000000215", filename = "C:\Users\cofc_\AppData\Local\Temp\tmp7C93.tmp\rjsec208.ZIP", message = "rjsec208")~~RJStevensMusicPresentationCreator.Program~0000001019
2024-12-14 21:49:41.8258~DEBUG~download completed~~RJStevensMusicPresentationCreator.Program~0000001020
2024-12-14 21:49:41.8258~DEBUG~<- DownloadFile(url = "https://faas-nyc1-2ef2e6cc.doserverless.co/api/v1/web/fn-dd7f8f6a-d32a-4f5e-ae7b-870dfb7963f3/downloads/bundle?id=000000000000215", filename = "C:\Users\cofc_\AppData\Local\Temp\tmp7C93.tmp\rjsec208.ZIP", message = "rjsec208")~~RJStevensMusicPresentationCreator.Program~0000001021
2024-12-14 21:49:41.8478~DEBUG~-> ExtractAllFromFile(zipFileName = "C:\Users\cofc_\AppData\Local\Temp\tmp7C93.tmp\rjsec208.ZIP", decompressedFolder = "C:\Users\cofc_\AppData\Local\Temp\tmp7D8E.tmp", message = "rjsec208")~~RJStevensMusicPresentationCreator.Program~0000001022
2024-12-14 21:49:42.1208~DEBUG~extract completed~~RJStevensMusicPresentationCreator.Program~0000001023
2024-12-14 21:49:42.1208~DEBUG~<- ExtractAllFromFile(zipFileName = "C:\Users\cofc_\AppData\Local\Temp\tmp7C93.tmp\rjsec208.ZIP", decompressedFolder = "C:\Users\cofc_\AppData\Local\Temp\tmp7D8E.tmp", message = "rjsec208")~~RJStevensMusicPresentationCreator.Program~0000001024
2024-12-14 21:49:42.1938~DEBUG~-> DownloadFile(url = "https://faas-nyc1-2ef2e6cc.doserverless.co/api/v1/web/fn-dd7f8f6a-d32a-4f5e-ae7b-870dfb7963f3/downloads/bundle?id=000000000000216", filename = "C:\Users\cofc_\AppData\Local\Temp\tmp7EE6.tmp\rjsec209.ZIP", message = "rjsec209")~~RJStevensMusicPresentationCreator.Program~0000001025
2024-12-14 21:49:42.4068~DEBUG~download completed~~RJStevensMusicPresentationCreator.Program~0000001026
2024-12-14 21:49:42.4068~DEBUG~<- DownloadFile(url = "https://faas-nyc1-2ef2e6cc.doserverless.co/api/v1/web/fn-dd7f8f6a-d32a-4f5e-ae7b-870dfb7963f3/downloads/bundle?id=000000000000216", filename = "C:\Users\cofc_\AppData\Local\Temp\tmp7EE6.tmp\rjsec209.ZIP", message = "rjsec209")~~RJStevensMusicPresentationCreator.Program~0000001027
2024-12-14 21:49:42.4318~DEBUG~-> ExtractAllFromFile(zipFileName = "C:\Users\cofc_\AppData\Local\Temp\tmp7EE6.tmp\rjsec209.ZIP", decompressedFolder = "C:\Users\cofc_\AppData\Local\Temp\tmp7FD2.tmp", message = "rjsec209")~~RJStevensMusicPresentationCreator.Program~0000001028
2024-12-14 21:49:42.6759~DEBUG~extract completed~~RJStevensMusicPresentationCreator.Program~0000001029
2024-12-14 21:49:42.6759~DEBUG~<- ExtractAllFromFile(zipFileName = "C:\Users\cofc_\AppData\Local\Temp\tmp7EE6.tmp\rjsec209.ZIP", decompressedFolder = "C:\Users\cofc_\AppData\Local\Temp\tmp7FD2.tmp", message = "rjsec209")~~RJStevensMusicPresentationCreator.Program~0000001030
2024-12-14 21:49:42.7499~DEBUG~-> DownloadFile(url = "https://faas-nyc1-2ef2e6cc.doserverless.co/api/v1/web/fn-dd7f8f6a-d32a-4f5e-ae7b-870dfb7963f3/downloads/bundle?id=000000000000217", filename = "C:\Users\cofc_\AppData\Local\Temp\tmp810B.tmp\rjsec210.ZIP", message = "rjsec210")~~RJStevensMusicPresentationCreator.Program~0000001031
2024-12-14 21:49:42.9839~DEBUG~download completed~~RJStevensMusicPresentationCreator.Program~0000001032
2024-12-14 21:49:42.9849~DEBUG~<- DownloadFile(url = "https://faas-nyc1-2ef2e6cc.doserverless.co/api/v1/web/fn-dd7f8f6a-d32a-4f5e-ae7b-870dfb7963f3/downloads/bundle?id=000000000000217", filename = "C:\Users\cofc_\AppData\Local\Temp\tmp810B.tmp\rjsec210.ZIP", message = "rjsec210")~~RJStevensMusicPresentationCreator.Program~0000001033
2024-12-14 21:49:42.9849~DEBUG~-> ExtractAllFromFile(zipFileName = "C:\Users\cofc_\AppData\Local\Temp\tmp810B.tmp\rjsec210.ZIP", decompressedFolder = "C:\Users\cofc_\AppData\Local\Temp\tmp8206.tmp", message = "rjsec210")~~RJStevensMusicPresentationCreator.Program~0000001034
2024-12-14 21:49:43.3179~DEBUG~extract completed~~RJStevensMusicPresentationCreator.Program~0000001035
2024-12-14 21:49:43.3179~DEBUG~<- ExtractAllFromFile(zipFileName = "C:\Users\cofc_\AppData\Local\Temp\tmp810B.tmp\rjsec210.ZIP", decompressedFolder = "C:\Users\cofc_\AppData\Local\Temp\tmp8206.tmp", message = "rjsec210")~~RJStevensMusicPresentationCreator.Program~0000001036
2024-12-14 21:49:43.3939~DEBUG~-> DownloadFile(url = "https://faas-nyc1-2ef2e6cc.doserverless.co/api/v1/web/fn-dd7f8f6a-d32a-4f5e-ae7b-870dfb7963f3/downloads/bundle?id=000000000000218", filename = "C:\Users\cofc_\AppData\Local\Temp\tmp839D.tmp\rjsec211.ZIP", message = "rjsec211")~~RJStevensMusicPresentationCreator.Program~0000001037
2024-12-14 21:49:43.5879~DEBUG~download completed~~RJStevensMusicPresentationCreator.Program~0000001038
2024-12-14 21:49:43.5879~DEBUG~<- DownloadFile(url = "https://faas-nyc1-2ef2e6cc.doserverless.co/api/v1/web/fn-dd7f8f6a-d32a-4f5e-ae7b-870dfb7963f3/downloads/bundle?id=000000000000218", filename = "C:\Users\cofc_\AppData\Local\Temp\tmp839D.tmp\rjsec211.ZIP", message = "rjsec211")~~RJStevensMusicPresentationCreator.Program~0000001039
2024-12-14 21:49:43.6049~DEBUG~-> ExtractAllFromFile(zipFileName = "C:\Users\cofc_\AppData\Local\Temp\tmp839D.tmp\rjsec211.ZIP", decompressedFolder = "C:\Users\cofc_\AppData\Local\Temp\tmp846A.tmp", message = "rjsec211")~~RJStevensMusicPresentationCreator.Program~0000001040
2024-12-14 21:49:43.8289~DEBUG~extract completed~~RJStevensMusicPresentationCreator.Program~0000001041
2024-12-14 21:49:43.8289~DEBUG~<- ExtractAllFromFile(zipFileName = "C:\Users\cofc_\AppData\Local\Temp\tmp839D.tmp\rjsec211.ZIP", decompressedFolder = "C:\Users\cofc_\AppData\Local\Temp\tmp846A.tmp", message = "rjsec211")~~RJStevensMusicPresentationCreator.Program~0000001042
2024-12-14 21:49:43.8910~DEBUG~-> DownloadFile(url = "https://faas-nyc1-2ef2e6cc.doserverless.co/api/v1/web/fn-dd7f8f6a-d32a-4f5e-ae7b-870dfb7963f3/downloads/bundle?id=000000000000219", filename = "C:\Users\cofc_\AppData\Local\Temp\tmp8584.tmp\rjsec212.ZIP", message = "rjsec212")~~RJStevensMusicPresentationCreator.Program~0000001043
2024-12-14 21:49:44.1210~DEBUG~download completed~~RJStevensMusicPresentationCreator.Program~0000001044
2024-12-14 21:49:44.1210~DEBUG~<- DownloadFile(url = "https://faas-nyc1-2ef2e6cc.doserverless.co/api/v1/web/fn-dd7f8f6a-d32a-4f5e-ae7b-870dfb7963f3/downloads/bundle?id=000000000000219", filename = "C:\Users\cofc_\AppData\Local\Temp\tmp8584.tmp\rjsec212.ZIP", message = "rjsec212")~~RJStevensMusicPresentationCreator.Program~0000001045
2024-12-14 21:49:44.1410~DEBUG~-> ExtractAllFromFile(zipFileName = "C:\Users\cofc_\AppData\Local\Temp\tmp8584.tmp\rjsec212.ZIP", decompressedFolder = "C:\Users\cofc_\AppData\Local\Temp\tmp867F.tmp", message = "rjsec212")~~RJStevensMusicPresentationCreator.Program~0000001046
2024-12-14 21:49:44.3710~DEBUG~extract completed~~RJStevensMusicPresentationCreator.Program~0000001047
2024-12-14 21:49:44.3710~DEBUG~<- ExtractAllFromFile(zipFileName = "C:\Users\cofc_\AppData\Local\Temp\tmp8584.tmp\rjsec212.ZIP", decompressedFolder = "C:\Users\cofc_\AppData\Local\Temp\tmp867F.tmp", message = "rjsec212")~~RJStevensMusicPresentationCreator.Program~0000001048
2024-12-14 21:49:44.4320~DEBUG~-> DownloadFile(url = "https://faas-nyc1-2ef2e6cc.doserverless.co/api/v1/web/fn-dd7f8f6a-d32a-4f5e-ae7b-870dfb7963f3/downloads/bundle?id=000000000000220", filename = "C:\Users\cofc_\AppData\Local\Temp\tmp87A9.tmp\rjsec213.ZIP", message = "rjsec213")~~RJStevensMusicPresentationCreator.Program~0000001049
2024-12-14 21:49:44.6740~DEBUG~download completed~~RJStevensMusicPresentationCreator.Program~0000001050
2024-12-14 21:49:44.6740~DEBUG~<- DownloadFile(url = "https://faas-nyc1-2ef2e6cc.doserverless.co/api/v1/web/fn-dd7f8f6a-d32a-4f5e-ae7b-870dfb7963f3/downloads/bundle?id=000000000000220", filename = "C:\Users\cofc_\AppData\Local\Temp\tmp87A9.tmp\rjsec213.ZIP", message = "rjsec213")~~RJStevensMusicPresentationCreator.Program~0000001051
2024-12-14 21:49:44.7000~DEBUG~-> ExtractAllFromFile(zipFileName = "C:\Users\cofc_\AppData\Local\Temp\tmp87A9.tmp\rjsec213.ZIP", decompressedFolder = "C:\Users\cofc_\AppData\Local\Temp\tmp88B3.tmp", message = "rjsec213")~~RJStevensMusicPresentationCreator.Program~0000001052
2024-12-14 21:49:44.9370~DEBUG~extract completed~~RJStevensMusicPresentationCreator.Program~0000001053
2024-12-14 21:49:44.9410~DEBUG~<- ExtractAllFromFile(zipFileName = "C:\Users\cofc_\AppData\Local\Temp\tmp87A9.tmp\rjsec213.ZIP", decompressedFolder = "C:\Users\cofc_\AppData\Local\Temp\tmp88B3.tmp", message = "rjsec213")~~RJStevensMusicPresentationCreator.Program~0000001054
2024-12-14 21:49:45.0030~DEBUG~-> DownloadFile(url = "https://faas-nyc1-2ef2e6cc.doserverless.co/api/v1/web/fn-dd7f8f6a-d32a-4f5e-ae7b-870dfb7963f3/downloads/bundle?id=000000000000223", filename = "C:\Users\cofc_\AppData\Local\Temp\tmp89ED.tmp\rjsec216.ZIP", message = "rjsec216")~~RJStevensMusicPresentationCreator.Program~0000001055
2024-12-14 21:49:45.2030~DEBUG~download completed~~RJStevensMusicPresentationCreator.Program~0000001056
2024-12-14 21:49:45.2041~DEBUG~<- DownloadFile(url = "https://faas-nyc1-2ef2e6cc.doserverless.co/api/v1/web/fn-dd7f8f6a-d32a-4f5e-ae7b-870dfb7963f3/downloads/bundle?id=000000000000223", filename = "C:\Users\cofc_\AppData\Local\Temp\tmp89ED.tmp\rjsec216.ZIP", message = "rjsec216")~~RJStevensMusicPresentationCreator.Program~0000001057
2024-12-14 21:49:45.2231~DEBUG~-> ExtractAllFromFile(zipFileName = "C:\Users\cofc_\AppData\Local\Temp\tmp89ED.tmp\rjsec216.ZIP", decompressedFolder = "C:\Users\cofc_\AppData\Local\Temp\tmp8AC9.tmp", message = "rjsec216")~~RJStevensMusicPresentationCreator.Program~0000001058
2024-12-14 21:49:45.4541~DEBUG~extract completed~~RJStevensMusicPresentationCreator.Program~0000001059
2024-12-14 21:49:45.4541~DEBUG~<- ExtractAllFromFile(zipFileName = "C:\Users\cofc_\AppData\Local\Temp\tmp89ED.tmp\rjsec216.ZIP", decompressedFolder = "C:\Users\cofc_\AppData\Local\Temp\tmp8AC9.tmp", message = "rjsec216")~~RJStevensMusicPresentationCreator.Program~0000001060
2024-12-14 21:49:45.5171~DEBUG~-> DownloadFile(url = "https://faas-nyc1-2ef2e6cc.doserverless.co/api/v1/web/fn-dd7f8f6a-d32a-4f5e-ae7b-870dfb7963f3/downloads/bundle?id=000000000000225", filename = "C:\Users\cofc_\AppData\Local\Temp\tmp8BF2.tmp\rjsec218.ZIP", message = "rjsec218")~~RJStevensMusicPresentationCreator.Program~0000001061
2024-12-14 21:49:45.7251~DEBUG~download completed~~RJStevensMusicPresentationCreator.Program~0000001062
2024-12-14 21:49:45.7251~DEBUG~<- DownloadFile(url = "https://faas-nyc1-2ef2e6cc.doserverless.co/api/v1/web/fn-dd7f8f6a-d32a-4f5e-ae7b-870dfb7963f3/downloads/bundle?id=000000000000225", filename = "C:\Users\cofc_\AppData\Local\Temp\tmp8BF2.tmp\rjsec218.ZIP", message = "rjsec218")~~RJStevensMusicPresentationCreator.Program~0000001063
2024-12-14 21:49:45.7411~DEBUG~-> ExtractAllFromFile(zipFileName = "C:\Users\cofc_\AppData\Local\Temp\tmp8BF2.tmp\rjsec218.ZIP", decompressedFolder = "C:\Users\cofc_\AppData\Local\Temp\tmp8CCE.tmp", message = "rjsec218")~~RJStevensMusicPresentationCreator.Program~0000001064
2024-12-14 21:49:45.9851~DEBUG~extract completed~~RJStevensMusicPresentationCreator.Program~0000001065
2024-12-14 21:49:45.9851~DEBUG~<- ExtractAllFromFile(zipFileName = "C:\Users\cofc_\AppData\Local\Temp\tmp8BF2.tmp\rjsec218.ZIP", decompressedFolder = "C:\Users\cofc_\AppData\Local\Temp\tmp8CCE.tmp", message = "rjsec218")~~RJStevensMusicPresentationCreator.Program~0000001066
2024-12-14 21:49:46.0491~DEBUG~-> DownloadFile(url = "https://faas-nyc1-2ef2e6cc.doserverless.co/api/v1/web/fn-dd7f8f6a-d32a-4f5e-ae7b-870dfb7963f3/downloads/bundle?id=000000000000226", filename = "C:\Users\cofc_\AppData\Local\Temp\tmp8E08.tmp\rjsec219.ZIP", message = "rjsec219")~~RJStevensMusicPresentationCreator.Program~0000001067
2024-12-14 21:49:46.2691~DEBUG~download completed~~RJStevensMusicPresentationCreator.Program~0000001068
2024-12-14 21:49:46.2691~DEBUG~<- DownloadFile(url = "https://faas-nyc1-2ef2e6cc.doserverless.co/api/v1/web/fn-dd7f8f6a-d32a-4f5e-ae7b-870dfb7963f3/downloads/bundle?id=000000000000226", filename = "C:\Users\cofc_\AppData\Local\Temp\tmp8E08.tmp\rjsec219.ZIP", message = "rjsec219")~~RJStevensMusicPresentationCreator.Program~0000001069
2024-12-14 21:49:46.3041~DEBUG~-> ExtractAllFromFile(zipFileName = "C:\Users\cofc_\AppData\Local\Temp\tmp8E08.tmp\rjsec219.ZIP", decompressedFolder = "C:\Users\cofc_\AppData\Local\Temp\tmp8F03.tmp", message = "rjsec219")~~RJStevensMusicPresentationCreator.Program~0000001070
2024-12-14 21:49:46.9433~DEBUG~extract completed~~RJStevensMusicPresentationCreator.Program~0000001071
2024-12-14 21:49:46.9433~DEBUG~<- ExtractAllFromFile(zipFileName = "C:\Users\cofc_\AppData\Local\Temp\tmp8E08.tmp\rjsec219.ZIP", decompressedFolder = "C:\Users\cofc_\AppData\Local\Temp\tmp8F03.tmp", message = "rjsec219")~~RJStevensMusicPresentationCreator.Program~0000001072
2024-12-14 21:49:47.0393~DEBUG~-> DownloadFile(url = "https://faas-nyc1-2ef2e6cc.doserverless.co/api/v1/web/fn-dd7f8f6a-d32a-4f5e-ae7b-870dfb7963f3/downloads/bundle?id=000000000000227", filename = "C:\Users\cofc_\AppData\Local\Temp\tmp91E2.tmp\rjsec220.ZIP", message = "rjsec220")~~RJStevensMusicPresentationCreator.Program~0000001073
2024-12-14 21:49:47.2883~DEBUG~download completed~~RJStevensMusicPresentationCreator.Program~0000001074
2024-12-14 21:49:47.2883~DEBUG~<- DownloadFile(url = "https://faas-nyc1-2ef2e6cc.doserverless.co/api/v1/web/fn-dd7f8f6a-d32a-4f5e-ae7b-870dfb7963f3/downloads/bundle?id=000000000000227", filename = "C:\Users\cofc_\AppData\Local\Temp\tmp91E2.tmp\rjsec220.ZIP", message = "rjsec220")~~RJStevensMusicPresentationCreator.Program~0000001075
2024-12-14 21:49:47.3143~DEBUG~-> ExtractAllFromFile(zipFileName = "C:\Users\cofc_\AppData\Local\Temp\tmp91E2.tmp\rjsec220.ZIP", decompressedFolder = "C:\Users\cofc_\AppData\Local\Temp\tmp92FC.tmp", message = "rjsec220")~~RJStevensMusicPresentationCreator.Program~0000001076
2024-12-14 21:49:47.5963~DEBUG~extract completed~~RJStevensMusicPresentationCreator.Program~0000001077
2024-12-14 21:49:47.5963~DEBUG~<- ExtractAllFromFile(zipFileName = "C:\Users\cofc_\AppData\Local\Temp\tmp91E2.tmp\rjsec220.ZIP", decompressedFolder = "C:\Users\cofc_\AppData\Local\Temp\tmp92FC.tmp", message = "rjsec220")~~RJStevensMusicPresentationCreator.Program~0000001078
2024-12-14 21:49:47.6673~DEBUG~-> DownloadFile(url = "https://faas-nyc1-2ef2e6cc.doserverless.co/api/v1/web/fn-dd7f8f6a-d32a-4f5e-ae7b-870dfb7963f3/downloads/bundle?id=000000000000228", filename = "C:\Users\cofc_\AppData\Local\Temp\tmp9455.tmp\rjsec221.ZIP", message = "rjsec221")~~RJStevensMusicPresentationCreator.Program~0000001079
2024-12-14 21:49:47.9264~DEBUG~download completed~~RJStevensMusicPresentationCreator.Program~0000001080
2024-12-14 21:49:47.9264~DEBUG~<- DownloadFile(url = "https://faas-nyc1-2ef2e6cc.doserverless.co/api/v1/web/fn-dd7f8f6a-d32a-4f5e-ae7b-870dfb7963f3/downloads/bundle?id=000000000000228", filename = "C:\Users\cofc_\AppData\Local\Temp\tmp9455.tmp\rjsec221.ZIP", message = "rjsec221")~~RJStevensMusicPresentationCreator.Program~0000001081
2024-12-14 21:49:47.9444~DEBUG~-> ExtractAllFromFile(zipFileName = "C:\Users\cofc_\AppData\Local\Temp\tmp9455.tmp\rjsec221.ZIP", decompressedFolder = "C:\Users\cofc_\AppData\Local\Temp\tmp956F.tmp", message = "rjsec221")~~RJStevensMusicPresentationCreator.Program~0000001082
2024-12-14 21:49:48.2754~DEBUG~extract completed~~RJStevensMusicPresentationCreator.Program~0000001083
2024-12-14 21:49:48.2754~DEBUG~<- ExtractAllFromFile(zipFileName = "C:\Users\cofc_\AppData\Local\Temp\tmp9455.tmp\rjsec221.ZIP", decompressedFolder = "C:\Users\cofc_\AppData\Local\Temp\tmp956F.tmp", message = "rjsec221")~~RJStevensMusicPresentationCreator.Program~0000001084
2024-12-14 21:49:48.3634~DEBUG~-> DownloadFile(url = "https://faas-nyc1-2ef2e6cc.doserverless.co/api/v1/web/fn-dd7f8f6a-d32a-4f5e-ae7b-870dfb7963f3/downloads/bundle?id=000000000000229", filename = "C:\Users\cofc_\AppData\Local\Temp\tmp9716.tmp\rjsec222.ZIP", message = "rjsec222")~~RJStevensMusicPresentationCreator.Program~0000001085
2024-12-14 21:49:48.5724~DEBUG~download completed~~RJStevensMusicPresentationCreator.Program~0000001086
2024-12-14 21:49:48.5724~DEBUG~<- DownloadFile(url = "https://faas-nyc1-2ef2e6cc.doserverless.co/api/v1/web/fn-dd7f8f6a-d32a-4f5e-ae7b-870dfb7963f3/downloads/bundle?id=000000000000229", filename = "C:\Users\cofc_\AppData\Local\Temp\tmp9716.tmp\rjsec222.ZIP", message = "rjsec222")~~RJStevensMusicPresentationCreator.Program~0000001087
2024-12-14 21:49:48.5904~DEBUG~-> ExtractAllFromFile(zipFileName = "C:\Users\cofc_\AppData\Local\Temp\tmp9716.tmp\rjsec222.ZIP", decompressedFolder = "C:\Users\cofc_\AppData\Local\Temp\tmp97F2.tmp", message = "rjsec222")~~RJStevensMusicPresentationCreator.Program~0000001088
2024-12-14 21:49:48.8734~DEBUG~extract completed~~RJStevensMusicPresentationCreator.Program~0000001089
2024-12-14 21:49:48.8764~DEBUG~<- ExtractAllFromFile(zipFileName = "C:\Users\cofc_\AppData\Local\Temp\tmp9716.tmp\rjsec222.ZIP", decompressedFolder = "C:\Users\cofc_\AppData\Local\Temp\tmp97F2.tmp", message = "rjsec222")~~RJStevensMusicPresentationCreator.Program~0000001090
2024-12-14 21:49:48.9424~DEBUG~-> DownloadFile(url = "https://faas-nyc1-2ef2e6cc.doserverless.co/api/v1/web/fn-dd7f8f6a-d32a-4f5e-ae7b-870dfb7963f3/downloads/bundle?id=000000000000230", filename = "C:\Users\cofc_\AppData\Local\Temp\tmp995A.tmp\rjsec223.ZIP", message = "rjsec223")~~RJStevensMusicPresentationCreator.Program~0000001091
2024-12-14 21:49:49.1254~DEBUG~download completed~~RJStevensMusicPresentationCreator.Program~0000001092
2024-12-14 21:49:49.1254~DEBUG~<- DownloadFile(url = "https://faas-nyc1-2ef2e6cc.doserverless.co/api/v1/web/fn-dd7f8f6a-d32a-4f5e-ae7b-870dfb7963f3/downloads/bundle?id=000000000000230", filename = "C:\Users\cofc_\AppData\Local\Temp\tmp995A.tmp\rjsec223.ZIP", message = "rjsec223")~~RJStevensMusicPresentationCreator.Program~0000001093
2024-12-14 21:49:49.1254~DEBUG~-> ExtractAllFromFile(zipFileName = "C:\Users\cofc_\AppData\Local\Temp\tmp995A.tmp\rjsec223.ZIP", decompressedFolder = "C:\Users\cofc_\AppData\Local\Temp\tmp9A17.tmp", message = "rjsec223")~~RJStevensMusicPresentationCreator.Program~0000001094
2024-12-14 21:49:49.3315~DEBUG~extract completed~~RJStevensMusicPresentationCreator.Program~0000001095
2024-12-14 21:49:49.3315~DEBUG~<- ExtractAllFromFile(zipFileName = "C:\Users\cofc_\AppData\Local\Temp\tmp995A.tmp\rjsec223.ZIP", decompressedFolder = "C:\Users\cofc_\AppData\Local\Temp\tmp9A17.tmp", message = "rjsec223")~~RJStevensMusicPresentationCreator.Program~0000001096
2024-12-14 21:49:49.3855~DEBUG~-> DownloadFile(url = "https://faas-nyc1-2ef2e6cc.doserverless.co/api/v1/web/fn-dd7f8f6a-d32a-4f5e-ae7b-870dfb7963f3/downloads/bundle?id=000000000000232", filename = "C:\Users\cofc_\AppData\Local\Temp\tmp9B12.tmp\rjsec225.ZIP", message = "rjsec225")~~RJStevensMusicPresentationCreator.Program~0000001097
2024-12-14 21:49:49.5785~DEBUG~download completed~~RJStevensMusicPresentationCreator.Program~0000001098
2024-12-14 21:49:49.5785~DEBUG~<- DownloadFile(url = "https://faas-nyc1-2ef2e6cc.doserverless.co/api/v1/web/fn-dd7f8f6a-d32a-4f5e-ae7b-870dfb7963f3/downloads/bundle?id=000000000000232", filename = "C:\Users\cofc_\AppData\Local\Temp\tmp9B12.tmp\rjsec225.ZIP", message = "rjsec225")~~RJStevensMusicPresentationCreator.Program~0000001099
2024-12-14 21:49:49.5995~DEBUG~-> ExtractAllFromFile(zipFileName = "C:\Users\cofc_\AppData\Local\Temp\tmp9B12.tmp\rjsec225.ZIP", decompressedFolder = "C:\Users\cofc_\AppData\Local\Temp\tmp9BEE.tmp", message = "rjsec225")~~RJStevensMusicPresentationCreator.Program~0000001100
2024-12-14 21:49:49.8275~DEBUG~extract completed~~RJStevensMusicPresentationCreator.Program~0000001101
2024-12-14 21:49:49.8305~DEBUG~<- ExtractAllFromFile(zipFileName = "C:\Users\cofc_\AppData\Local\Temp\tmp9B12.tmp\rjsec225.ZIP", decompressedFolder = "C:\Users\cofc_\AppData\Local\Temp\tmp9BEE.tmp", message = "rjsec225")~~RJStevensMusicPresentationCreator.Program~0000001102
2024-12-14 21:49:49.8905~DEBUG~-> DownloadFile(url = "https://faas-nyc1-2ef2e6cc.doserverless.co/api/v1/web/fn-dd7f8f6a-d32a-4f5e-ae7b-870dfb7963f3/downloads/bundle?id=000000000000233", filename = "C:\Users\cofc_\AppData\Local\Temp\tmp9D08.tmp\rjsec226.ZIP", message = "rjsec226")~~RJStevensMusicPresentationCreator.Program~0000001103
2024-12-14 21:49:50.1005~DEBUG~download completed~~RJStevensMusicPresentationCreator.Program~0000001104
2024-12-14 21:49:50.1005~DEBUG~<- DownloadFile(url = "https://faas-nyc1-2ef2e6cc.doserverless.co/api/v1/web/fn-dd7f8f6a-d32a-4f5e-ae7b-870dfb7963f3/downloads/bundle?id=000000000000233", filename = "C:\Users\cofc_\AppData\Local\Temp\tmp9D08.tmp\rjsec226.ZIP", message = "rjsec226")~~RJStevensMusicPresentationCreator.Program~0000001105
2024-12-14 21:49:50.1175~DEBUG~-> ExtractAllFromFile(zipFileName = "C:\Users\cofc_\AppData\Local\Temp\tmp9D08.tmp\rjsec226.ZIP", decompressedFolder = "C:\Users\cofc_\AppData\Local\Temp\tmp9DF3.tmp", message = "rjsec226")~~RJStevensMusicPresentationCreator.Program~0000001106
2024-12-14 21:49:50.3575~DEBUG~extract completed~~RJStevensMusicPresentationCreator.Program~0000001107
2024-12-14 21:49:50.3615~DEBUG~<- ExtractAllFromFile(zipFileName = "C:\Users\cofc_\AppData\Local\Temp\tmp9D08.tmp\rjsec226.ZIP", decompressedFolder = "C:\Users\cofc_\AppData\Local\Temp\tmp9DF3.tmp", message = "rjsec226")~~RJStevensMusicPresentationCreator.Program~0000001108
2024-12-14 21:49:50.4255~DEBUG~-> DownloadFile(url = "https://faas-nyc1-2ef2e6cc.doserverless.co/api/v1/web/fn-dd7f8f6a-d32a-4f5e-ae7b-870dfb7963f3/downloads/bundle?id=000000000000234", filename = "C:\Users\cofc_\AppData\Local\Temp\tmp9F2D.tmp\rjsec227.ZIP", message = "rjsec227")~~RJStevensMusicPresentationCreator.Program~0000001109
2024-12-14 21:49:50.6246~DEBUG~download completed~~RJStevensMusicPresentationCreator.Program~0000001110
2024-12-14 21:49:50.6256~DEBUG~<- DownloadFile(url = "https://faas-nyc1-2ef2e6cc.doserverless.co/api/v1/web/fn-dd7f8f6a-d32a-4f5e-ae7b-870dfb7963f3/downloads/bundle?id=000000000000234", filename = "C:\Users\cofc_\AppData\Local\Temp\tmp9F2D.tmp\rjsec227.ZIP", message = "rjsec227")~~RJStevensMusicPresentationCreator.Program~0000001111
2024-12-14 21:49:50.6426~DEBUG~-> ExtractAllFromFile(zipFileName = "C:\Users\cofc_\AppData\Local\Temp\tmp9F2D.tmp\rjsec227.ZIP", decompressedFolder = "C:\Users\cofc_\AppData\Local\Temp\tmpA008.tmp", message = "rjsec227")~~RJStevensMusicPresentationCreator.Program~0000001112
2024-12-14 21:49:50.8806~DEBUG~extract completed~~RJStevensMusicPresentationCreator.Program~0000001113
2024-12-14 21:49:50.8806~DEBUG~<- ExtractAllFromFile(zipFileName = "C:\Users\cofc_\AppData\Local\Temp\tmp9F2D.tmp\rjsec227.ZIP", decompressedFolder = "C:\Users\cofc_\AppData\Local\Temp\tmpA008.tmp", message = "rjsec227")~~RJStevensMusicPresentationCreator.Program~0000001114
2024-12-14 21:49:50.9466~DEBUG~-> DownloadFile(url = "https://faas-nyc1-2ef2e6cc.doserverless.co/api/v1/web/fn-dd7f8f6a-d32a-4f5e-ae7b-870dfb7963f3/downloads/bundle?id=000000000000235", filename = "C:\Users\cofc_\AppData\Local\Temp\tmpA132.tmp\rjsec228.ZIP", message = "rjsec228")~~RJStevensMusicPresentationCreator.Program~0000001115
2024-12-14 21:49:51.1486~DEBUG~download completed~~RJStevensMusicPresentationCreator.Program~0000001116
2024-12-14 21:49:51.1486~DEBUG~<- DownloadFile(url = "https://faas-nyc1-2ef2e6cc.doserverless.co/api/v1/web/fn-dd7f8f6a-d32a-4f5e-ae7b-870dfb7963f3/downloads/bundle?id=000000000000235", filename = "C:\Users\cofc_\AppData\Local\Temp\tmpA132.tmp\rjsec228.ZIP", message = "rjsec228")~~RJStevensMusicPresentationCreator.Program~0000001117
2024-12-14 21:49:51.1696~DEBUG~-> ExtractAllFromFile(zipFileName = "C:\Users\cofc_\AppData\Local\Temp\tmpA132.tmp\rjsec228.ZIP", decompressedFolder = "C:\Users\cofc_\AppData\Local\Temp\tmpA20E.tmp", message = "rjsec228")~~RJStevensMusicPresentationCreator.Program~0000001118
2024-12-14 21:49:51.4156~DEBUG~extract completed~~RJStevensMusicPresentationCreator.Program~0000001119
2024-12-14 21:49:51.4156~DEBUG~<- ExtractAllFromFile(zipFileName = "C:\Users\cofc_\AppData\Local\Temp\tmpA132.tmp\rjsec228.ZIP", decompressedFolder = "C:\Users\cofc_\AppData\Local\Temp\tmpA20E.tmp", message = "rjsec228")~~RJStevensMusicPresentationCreator.Program~0000001120
2024-12-14 21:49:51.4796~DEBUG~-> DownloadFile(url = "https://faas-nyc1-2ef2e6cc.doserverless.co/api/v1/web/fn-dd7f8f6a-d32a-4f5e-ae7b-870dfb7963f3/downloads/bundle?id=000000000000236", filename = "C:\Users\cofc_\AppData\Local\Temp\tmpA348.tmp\rjsec229.ZIP", message = "rjsec229")~~RJStevensMusicPresentationCreator.Program~0000001121
2024-12-14 21:49:51.6696~DEBUG~download completed~~RJStevensMusicPresentationCreator.Program~0000001122
2024-12-14 21:49:51.6696~DEBUG~<- DownloadFile(url = "https://faas-nyc1-2ef2e6cc.doserverless.co/api/v1/web/fn-dd7f8f6a-d32a-4f5e-ae7b-870dfb7963f3/downloads/bundle?id=000000000000236", filename = "C:\Users\cofc_\AppData\Local\Temp\tmpA348.tmp\rjsec229.ZIP", message = "rjsec229")~~RJStevensMusicPresentationCreator.Program~0000001123
2024-12-14 21:49:51.6886~DEBUG~-> ExtractAllFromFile(zipFileName = "C:\Users\cofc_\AppData\Local\Temp\tmpA348.tmp\rjsec229.ZIP", decompressedFolder = "C:\Users\cofc_\AppData\Local\Temp\tmpA414.tmp", message = "rjsec229")~~RJStevensMusicPresentationCreator.Program~0000001124
2024-12-14 21:49:51.8987~DEBUG~extract completed~~RJStevensMusicPresentationCreator.Program~0000001125
2024-12-14 21:49:51.8987~DEBUG~<- ExtractAllFromFile(zipFileName = "C:\Users\cofc_\AppData\Local\Temp\tmpA348.tmp\rjsec229.ZIP", decompressedFolder = "C:\Users\cofc_\AppData\Local\Temp\tmpA414.tmp", message = "rjsec229")~~RJStevensMusicPresentationCreator.Program~0000001126
2024-12-14 21:49:51.9567~DEBUG~-> DownloadFile(url = "https://faas-nyc1-2ef2e6cc.doserverless.co/api/v1/web/fn-dd7f8f6a-d32a-4f5e-ae7b-870dfb7963f3/downloads/bundle?id=000000000000238", filename = "C:\Users\cofc_\AppData\Local\Temp\tmpA52E.tmp\rjsec231.ZIP", message = "rjsec231")~~RJStevensMusicPresentationCreator.Program~0000001127
2024-12-14 21:49:52.2247~DEBUG~download completed~~RJStevensMusicPresentationCreator.Program~0000001128
2024-12-14 21:49:52.2247~DEBUG~<- DownloadFile(url = "https://faas-nyc1-2ef2e6cc.doserverless.co/api/v1/web/fn-dd7f8f6a-d32a-4f5e-ae7b-870dfb7963f3/downloads/bundle?id=000000000000238", filename = "C:\Users\cofc_\AppData\Local\Temp\tmpA52E.tmp\rjsec231.ZIP", message = "rjsec231")~~RJStevensMusicPresentationCreator.Program~0000001129
2024-12-14 21:49:52.2427~DEBUG~-> ExtractAllFromFile(zipFileName = "C:\Users\cofc_\AppData\Local\Temp\tmpA52E.tmp\rjsec231.ZIP", decompressedFolder = "C:\Users\cofc_\AppData\Local\Temp\tmpA648.tmp", message = "rjsec231")~~RJStevensMusicPresentationCreator.Program~0000001130
2024-12-14 21:49:52.5967~DEBUG~extract completed~~RJStevensMusicPresentationCreator.Program~0000001131
2024-12-14 21:49:52.5967~DEBUG~<- ExtractAllFromFile(zipFileName = "C:\Users\cofc_\AppData\Local\Temp\tmpA52E.tmp\rjsec231.ZIP", decompressedFolder = "C:\Users\cofc_\AppData\Local\Temp\tmpA648.tmp", message = "rjsec231")~~RJStevensMusicPresentationCreator.Program~0000001132
2024-12-14 21:49:52.7087~DEBUG~-> DownloadFile(url = "https://faas-nyc1-2ef2e6cc.doserverless.co/api/v1/web/fn-dd7f8f6a-d32a-4f5e-ae7b-870dfb7963f3/downloads/bundle?id=000000000000241", filename = "C:\Users\cofc_\AppData\Local\Temp\tmpA81E.tmp\rjsec234.ZIP", message = "rjsec234")~~RJStevensMusicPresentationCreator.Program~0000001133
2024-12-14 21:49:53.0077~DEBUG~download completed~~RJStevensMusicPresentationCreator.Program~0000001134
2024-12-14 21:49:53.0077~DEBUG~<- DownloadFile(url = "https://faas-nyc1-2ef2e6cc.doserverless.co/api/v1/web/fn-dd7f8f6a-d32a-4f5e-ae7b-870dfb7963f3/downloads/bundle?id=000000000000241", filename = "C:\Users\cofc_\AppData\Local\Temp\tmpA81E.tmp\rjsec234.ZIP", message = "rjsec234")~~RJStevensMusicPresentationCreator.Program~0000001135
2024-12-14 21:49:53.0577~DEBUG~-> ExtractAllFromFile(zipFileName = "C:\Users\cofc_\AppData\Local\Temp\tmpA81E.tmp\rjsec234.ZIP", decompressedFolder = "C:\Users\cofc_\AppData\Local\Temp\tmpA977.tmp", message = "rjsec234")~~RJStevensMusicPresentationCreator.Program~0000001136
2024-12-14 21:49:53.6838~DEBUG~extract completed~~RJStevensMusicPresentationCreator.Program~0000001137
2024-12-14 21:49:53.6928~DEBUG~<- ExtractAllFromFile(zipFileName = "C:\Users\cofc_\AppData\Local\Temp\tmpA81E.tmp\rjsec234.ZIP", decompressedFolder = "C:\Users\cofc_\AppData\Local\Temp\tmpA977.tmp", message = "rjsec234")~~RJStevensMusicPresentationCreator.Program~0000001138
2024-12-14 21:49:53.8298~DEBUG~-> DownloadFile(url = "https://faas-nyc1-2ef2e6cc.doserverless.co/api/v1/web/fn-dd7f8f6a-d32a-4f5e-ae7b-870dfb7963f3/downloads/bundle?id=000000000000243", filename = "C:\Users\cofc_\AppData\Local\Temp\tmpAC75.tmp\rjsec236.ZIP", message = "rjsec236")~~RJStevensMusicPresentationCreator.Program~0000001139
2024-12-14 21:49:54.0958~DEBUG~download completed~~RJStevensMusicPresentationCreator.Program~0000001140
2024-12-14 21:49:54.0958~DEBUG~<- DownloadFile(url = "https://faas-nyc1-2ef2e6cc.doserverless.co/api/v1/web/fn-dd7f8f6a-d32a-4f5e-ae7b-870dfb7963f3/downloads/bundle?id=000000000000243", filename = "C:\Users\cofc_\AppData\Local\Temp\tmpAC75.tmp\rjsec236.ZIP", message = "rjsec236")~~RJStevensMusicPresentationCreator.Program~0000001141
2024-12-14 21:49:54.1178~DEBUG~-> ExtractAllFromFile(zipFileName = "C:\Users\cofc_\AppData\Local\Temp\tmpAC75.tmp\rjsec236.ZIP", decompressedFolder = "C:\Users\cofc_\AppData\Local\Temp\tmpAD9F.tmp", message = "rjsec236")~~RJStevensMusicPresentationCreator.Program~0000001142
2024-12-14 21:49:54.4138~DEBUG~extract completed~~RJStevensMusicPresentationCreator.Program~0000001143
2024-12-14 21:49:54.4138~DEBUG~<- ExtractAllFromFile(zipFileName = "C:\Users\cofc_\AppData\Local\Temp\tmpAC75.tmp\rjsec236.ZIP", decompressedFolder = "C:\Users\cofc_\AppData\Local\Temp\tmpAD9F.tmp", message = "rjsec236")~~RJStevensMusicPresentationCreator.Program~0000001144
2024-12-14 21:49:54.4888~DEBUG~-> DownloadFile(url = "https://faas-nyc1-2ef2e6cc.doserverless.co/api/v1/web/fn-dd7f8f6a-d32a-4f5e-ae7b-870dfb7963f3/downloads/bundle?id=000000000000244", filename = "C:\Users\cofc_\AppData\Local\Temp\tmpAF17.tmp\rjsec237.ZIP", message = "rjsec237")~~RJStevensMusicPresentationCreator.Program~0000001145
2024-12-14 21:49:54.7059~DEBUG~download completed~~RJStevensMusicPresentationCreator.Program~0000001146
2024-12-14 21:49:54.7059~DEBUG~<- DownloadFile(url = "https://faas-nyc1-2ef2e6cc.doserverless.co/api/v1/web/fn-dd7f8f6a-d32a-4f5e-ae7b-870dfb7963f3/downloads/bundle?id=000000000000244", filename = "C:\Users\cofc_\AppData\Local\Temp\tmpAF17.tmp\rjsec237.ZIP", message = "rjsec237")~~RJStevensMusicPresentationCreator.Program~0000001147
2024-12-14 21:49:54.7289~DEBUG~-> ExtractAllFromFile(zipFileName = "C:\Users\cofc_\AppData\Local\Temp\tmpAF17.tmp\rjsec237.ZIP", decompressedFolder = "C:\Users\cofc_\AppData\Local\Temp\tmpB003.tmp", message = "rjsec237")~~RJStevensMusicPresentationCreator.Program~0000001148
2024-12-14 21:49:54.9499~DEBUG~extract completed~~RJStevensMusicPresentationCreator.Program~0000001149
2024-12-14 21:49:54.9499~DEBUG~<- ExtractAllFromFile(zipFileName = "C:\Users\cofc_\AppData\Local\Temp\tmpAF17.tmp\rjsec237.ZIP", decompressedFolder = "C:\Users\cofc_\AppData\Local\Temp\tmpB003.tmp", message = "rjsec237")~~RJStevensMusicPresentationCreator.Program~0000001150
2024-12-14 21:49:55.0089~DEBUG~-> DownloadFile(url = "https://faas-nyc1-2ef2e6cc.doserverless.co/api/v1/web/fn-dd7f8f6a-d32a-4f5e-ae7b-870dfb7963f3/downloads/bundle?id=000000000000246", filename = "C:\Users\cofc_\AppData\Local\Temp\tmpB11D.tmp\rjsec239.ZIP", message = "rjsec239")~~RJStevensMusicPresentationCreator.Program~0000001151
2024-12-14 21:49:55.2239~DEBUG~download completed~~RJStevensMusicPresentationCreator.Program~0000001152
2024-12-14 21:49:55.2239~DEBUG~<- DownloadFile(url = "https://faas-nyc1-2ef2e6cc.doserverless.co/api/v1/web/fn-dd7f8f6a-d32a-4f5e-ae7b-870dfb7963f3/downloads/bundle?id=000000000000246", filename = "C:\Users\cofc_\AppData\Local\Temp\tmpB11D.tmp\rjsec239.ZIP", message = "rjsec239")~~RJStevensMusicPresentationCreator.Program~0000001153
2024-12-14 21:49:55.2429~DEBUG~-> ExtractAllFromFile(zipFileName = "C:\Users\cofc_\AppData\Local\Temp\tmpB11D.tmp\rjsec239.ZIP", decompressedFolder = "C:\Users\cofc_\AppData\Local\Temp\tmpB208.tmp", message = "rjsec239")~~RJStevensMusicPresentationCreator.Program~0000001154
2024-12-14 21:49:55.4789~DEBUG~extract completed~~RJStevensMusicPresentationCreator.Program~0000001155
2024-12-14 21:49:55.4789~DEBUG~<- ExtractAllFromFile(zipFileName = "C:\Users\cofc_\AppData\Local\Temp\tmpB11D.tmp\rjsec239.ZIP", decompressedFolder = "C:\Users\cofc_\AppData\Local\Temp\tmpB208.tmp", message = "rjsec239")~~RJStevensMusicPresentationCreator.Program~0000001156
2024-12-14 21:49:55.5399~DEBUG~-> DownloadFile(url = "https://faas-nyc1-2ef2e6cc.doserverless.co/api/v1/web/fn-dd7f8f6a-d32a-4f5e-ae7b-870dfb7963f3/downloads/bundle?id=000000000000248", filename = "C:\Users\cofc_\AppData\Local\Temp\tmpB332.tmp\rjsec241.ZIP", message = "rjsec241")~~RJStevensMusicPresentationCreator.Program~0000001157
2024-12-14 21:49:55.7470~DEBUG~download completed~~RJStevensMusicPresentationCreator.Program~0000001158
2024-12-14 21:49:55.7470~DEBUG~<- DownloadFile(url = "https://faas-nyc1-2ef2e6cc.doserverless.co/api/v1/web/fn-dd7f8f6a-d32a-4f5e-ae7b-870dfb7963f3/downloads/bundle?id=000000000000248", filename = "C:\Users\cofc_\AppData\Local\Temp\tmpB332.tmp\rjsec241.ZIP", message = "rjsec241")~~RJStevensMusicPresentationCreator.Program~0000001159
2024-12-14 21:49:55.7620~DEBUG~-> ExtractAllFromFile(zipFileName = "C:\Users\cofc_\AppData\Local\Temp\tmpB332.tmp\rjsec241.ZIP", decompressedFolder = "C:\Users\cofc_\AppData\Local\Temp\tmpB40E.tmp", message = "rjsec241")~~RJStevensMusicPresentationCreator.Program~0000001160
2024-12-14 21:49:55.9980~DEBUG~extract completed~~RJStevensMusicPresentationCreator.Program~0000001161
2024-12-14 21:49:56.0010~DEBUG~<- ExtractAllFromFile(zipFileName = "C:\Users\cofc_\AppData\Local\Temp\tmpB332.tmp\rjsec241.ZIP", decompressedFolder = "C:\Users\cofc_\AppData\Local\Temp\tmpB40E.tmp", message = "rjsec241")~~RJStevensMusicPresentationCreator.Program~0000001162
2024-12-14 21:49:56.0630~DEBUG~-> DownloadFile(url = "https://faas-nyc1-2ef2e6cc.doserverless.co/api/v1/web/fn-dd7f8f6a-d32a-4f5e-ae7b-870dfb7963f3/downloads/bundle?id=000000000000249", filename = "C:\Users\cofc_\AppData\Local\Temp\tmpB538.tmp\rjsec242.ZIP", message = "rjsec242")~~RJStevensMusicPresentationCreator.Program~0000001163
2024-12-14 21:49:56.2750~DEBUG~download completed~~RJStevensMusicPresentationCreator.Program~0000001164
2024-12-14 21:49:56.2750~DEBUG~<- DownloadFile(url = "https://faas-nyc1-2ef2e6cc.doserverless.co/api/v1/web/fn-dd7f8f6a-d32a-4f5e-ae7b-870dfb7963f3/downloads/bundle?id=000000000000249", filename = "C:\Users\cofc_\AppData\Local\Temp\tmpB538.tmp\rjsec242.ZIP", message = "rjsec242")~~RJStevensMusicPresentationCreator.Program~0000001165
2024-12-14 21:49:56.2890~DEBUG~-> ExtractAllFromFile(zipFileName = "C:\Users\cofc_\AppData\Local\Temp\tmpB538.tmp\rjsec242.ZIP", decompressedFolder = "C:\Users\cofc_\AppData\Local\Temp\tmpB623.tmp", message = "rjsec242")~~RJStevensMusicPresentationCreator.Program~0000001166
2024-12-14 21:49:56.5300~DEBUG~extract completed~~RJStevensMusicPresentationCreator.Program~0000001167
2024-12-14 21:49:56.5350~DEBUG~<- ExtractAllFromFile(zipFileName = "C:\Users\cofc_\AppData\Local\Temp\tmpB538.tmp\rjsec242.ZIP", decompressedFolder = "C:\Users\cofc_\AppData\Local\Temp\tmpB623.tmp", message = "rjsec242")~~RJStevensMusicPresentationCreator.Program~0000001168
2024-12-14 21:49:56.6040~DEBUG~-> DownloadFile(url = "https://faas-nyc1-2ef2e6cc.doserverless.co/api/v1/web/fn-dd7f8f6a-d32a-4f5e-ae7b-870dfb7963f3/downloads/bundle?id=000000000000253", filename = "C:\Users\cofc_\AppData\Local\Temp\tmpB75D.tmp\rjsec246.ZIP", message = "rjsec246")~~RJStevensMusicPresentationCreator.Program~0000001169
2024-12-14 21:49:56.8080~DEBUG~download completed~~RJStevensMusicPresentationCreator.Program~0000001170
2024-12-14 21:49:56.8080~DEBUG~<- DownloadFile(url = "https://faas-nyc1-2ef2e6cc.doserverless.co/api/v1/web/fn-dd7f8f6a-d32a-4f5e-ae7b-870dfb7963f3/downloads/bundle?id=000000000000253", filename = "C:\Users\cofc_\AppData\Local\Temp\tmpB75D.tmp\rjsec246.ZIP", message = "rjsec246")~~RJStevensMusicPresentationCreator.Program~0000001171
2024-12-14 21:49:56.8230~DEBUG~-> ExtractAllFromFile(zipFileName = "C:\Users\cofc_\AppData\Local\Temp\tmpB75D.tmp\rjsec246.ZIP", decompressedFolder = "C:\Users\cofc_\AppData\Local\Temp\tmpB838.tmp", message = "rjsec246")~~RJStevensMusicPresentationCreator.Program~0000001172
2024-12-14 21:49:57.0821~DEBUG~extract completed~~RJStevensMusicPresentationCreator.Program~0000001173
2024-12-14 21:49:57.0821~DEBUG~<- ExtractAllFromFile(zipFileName = "C:\Users\cofc_\AppData\Local\Temp\tmpB75D.tmp\rjsec246.ZIP", decompressedFolder = "C:\Users\cofc_\AppData\Local\Temp\tmpB838.tmp", message = "rjsec246")~~RJStevensMusicPresentationCreator.Program~0000001174
2024-12-14 21:49:57.1471~DEBUG~-> DownloadFile(url = "https://faas-nyc1-2ef2e6cc.doserverless.co/api/v1/web/fn-dd7f8f6a-d32a-4f5e-ae7b-870dfb7963f3/downloads/bundle?id=000000000000254", filename = "C:\Users\cofc_\AppData\Local\Temp\tmpB981.tmp\rjsec247.ZIP", message = "rjsec247")~~RJStevensMusicPresentationCreator.Program~0000001175
2024-12-14 21:49:57.4081~DEBUG~download completed~~RJStevensMusicPresentationCreator.Program~0000001176
2024-12-14 21:49:57.4081~DEBUG~<- DownloadFile(url = "https://faas-nyc1-2ef2e6cc.doserverless.co/api/v1/web/fn-dd7f8f6a-d32a-4f5e-ae7b-870dfb7963f3/downloads/bundle?id=000000000000254", filename = "C:\Users\cofc_\AppData\Local\Temp\tmpB981.tmp\rjsec247.ZIP", message = "rjsec247")~~RJStevensMusicPresentationCreator.Program~0000001177
2024-12-14 21:49:57.4311~DEBUG~-> ExtractAllFromFile(zipFileName = "C:\Users\cofc_\AppData\Local\Temp\tmpB981.tmp\rjsec247.ZIP", decompressedFolder = "C:\Users\cofc_\AppData\Local\Temp\tmpBA9C.tmp", message = "rjsec247")~~RJStevensMusicPresentationCreator.Program~0000001178
2024-12-14 21:49:57.7091~DEBUG~extract completed~~RJStevensMusicPresentationCreator.Program~0000001179
2024-12-14 21:49:57.7091~DEBUG~<- ExtractAllFromFile(zipFileName = "C:\Users\cofc_\AppData\Local\Temp\tmpB981.tmp\rjsec247.ZIP", decompressedFolder = "C:\Users\cofc_\AppData\Local\Temp\tmpBA9C.tmp", message = "rjsec247")~~RJStevensMusicPresentationCreator.Program~0000001180
2024-12-14 21:49:57.7801~DEBUG~-> DownloadFile(url = "https://faas-nyc1-2ef2e6cc.doserverless.co/api/v1/web/fn-dd7f8f6a-d32a-4f5e-ae7b-870dfb7963f3/downloads/bundle?id=000000000000255", filename = "C:\Users\cofc_\AppData\Local\Temp\tmpBBF4.tmp\rjsec248.ZIP", message = "rjsec248")~~RJStevensMusicPresentationCreator.Program~0000001181
2024-12-14 21:49:57.9931~DEBUG~download completed~~RJStevensMusicPresentationCreator.Program~0000001182
2024-12-14 21:49:57.9931~DEBUG~<- DownloadFile(url = "https://faas-nyc1-2ef2e6cc.doserverless.co/api/v1/web/fn-dd7f8f6a-d32a-4f5e-ae7b-870dfb7963f3/downloads/bundle?id=000000000000255", filename = "C:\Users\cofc_\AppData\Local\Temp\tmpBBF4.tmp\rjsec248.ZIP", message = "rjsec248")~~RJStevensMusicPresentationCreator.Program~0000001183
2024-12-14 21:49:58.0121~DEBUG~-> ExtractAllFromFile(zipFileName = "C:\Users\cofc_\AppData\Local\Temp\tmpBBF4.tmp\rjsec248.ZIP", decompressedFolder = "C:\Users\cofc_\AppData\Local\Temp\tmpBCE0.tmp", message = "rjsec248")~~RJStevensMusicPresentationCreator.Program~0000001184
2024-12-14 21:49:58.2551~DEBUG~extract completed~~RJStevensMusicPresentationCreator.Program~0000001185
2024-12-14 21:49:58.2551~DEBUG~<- ExtractAllFromFile(zipFileName = "C:\Users\cofc_\AppData\Local\Temp\tmpBBF4.tmp\rjsec248.ZIP", decompressedFolder = "C:\Users\cofc_\AppData\Local\Temp\tmpBCE0.tmp", message = "rjsec248")~~RJStevensMusicPresentationCreator.Program~0000001186
2024-12-14 21:49:58.3301~DEBUG~-> DownloadFile(url = "https://faas-nyc1-2ef2e6cc.doserverless.co/api/v1/web/fn-dd7f8f6a-d32a-4f5e-ae7b-870dfb7963f3/downloads/bundle?id=000000000000257", filename = "C:\Users\cofc_\AppData\Local\Temp\tmpBE29.tmp\rjsec250.ZIP", message = "rjsec250")~~RJStevensMusicPresentationCreator.Program~0000001187
2024-12-14 21:49:58.5972~DEBUG~download completed~~RJStevensMusicPresentationCreator.Program~0000001188
2024-12-14 21:49:58.5972~DEBUG~<- DownloadFile(url = "https://faas-nyc1-2ef2e6cc.doserverless.co/api/v1/web/fn-dd7f8f6a-d32a-4f5e-ae7b-870dfb7963f3/downloads/bundle?id=000000000000257", filename = "C:\Users\cofc_\AppData\Local\Temp\tmpBE29.tmp\rjsec250.ZIP", message = "rjsec250")~~RJStevensMusicPresentationCreator.Program~0000001189
2024-12-14 21:49:58.6142~DEBUG~-> ExtractAllFromFile(zipFileName = "C:\Users\cofc_\AppData\Local\Temp\tmpBE29.tmp\rjsec250.ZIP", decompressedFolder = "C:\Users\cofc_\AppData\Local\Temp\tmpBF43.tmp", message = "rjsec250")~~RJStevensMusicPresentationCreator.Program~0000001190
2024-12-14 21:49:58.9062~DEBUG~extract completed~~RJStevensMusicPresentationCreator.Program~0000001191
2024-12-14 21:49:58.9092~DEBUG~<- ExtractAllFromFile(zipFileName = "C:\Users\cofc_\AppData\Local\Temp\tmpBE29.tmp\rjsec250.ZIP", decompressedFolder = "C:\Users\cofc_\AppData\Local\Temp\tmpBF43.tmp", message = "rjsec250")~~RJStevensMusicPresentationCreator.Program~0000001192
2024-12-14 21:49:58.9742~DEBUG~-> DownloadFile(url = "https://faas-nyc1-2ef2e6cc.doserverless.co/api/v1/web/fn-dd7f8f6a-d32a-4f5e-ae7b-870dfb7963f3/downloads/bundle?id=000000000000261", filename = "C:\Users\cofc_\AppData\Local\Temp\tmpC0AC.tmp\rjsec254.ZIP", message = "rjsec254")~~RJStevensMusicPresentationCreator.Program~0000001193
2024-12-14 21:49:59.2002~DEBUG~download completed~~RJStevensMusicPresentationCreator.Program~0000001194
2024-12-14 21:49:59.2002~DEBUG~<- DownloadFile(url = "https://faas-nyc1-2ef2e6cc.doserverless.co/api/v1/web/fn-dd7f8f6a-d32a-4f5e-ae7b-870dfb7963f3/downloads/bundle?id=000000000000261", filename = "C:\Users\cofc_\AppData\Local\Temp\tmpC0AC.tmp\rjsec254.ZIP", message = "rjsec254")~~RJStevensMusicPresentationCreator.Program~0000001195
2024-12-14 21:49:59.2152~DEBUG~-> ExtractAllFromFile(zipFileName = "C:\Users\cofc_\AppData\Local\Temp\tmpC0AC.tmp\rjsec254.ZIP", decompressedFolder = "C:\Users\cofc_\AppData\Local\Temp\tmpC197.tmp", message = "rjsec254")~~RJStevensMusicPresentationCreator.Program~0000001196
2024-12-14 21:49:59.4592~DEBUG~extract completed~~RJStevensMusicPresentationCreator.Program~0000001197
2024-12-14 21:49:59.4592~DEBUG~<- ExtractAllFromFile(zipFileName = "C:\Users\cofc_\AppData\Local\Temp\tmpC0AC.tmp\rjsec254.ZIP", decompressedFolder = "C:\Users\cofc_\AppData\Local\Temp\tmpC197.tmp", message = "rjsec254")~~RJStevensMusicPresentationCreator.Program~0000001198
2024-12-14 21:49:59.5222~DEBUG~-> DownloadFile(url = "https://faas-nyc1-2ef2e6cc.doserverless.co/api/v1/web/fn-dd7f8f6a-d32a-4f5e-ae7b-870dfb7963f3/downloads/bundle?id=000000000000262", filename = "C:\Users\cofc_\AppData\Local\Temp\tmpC2D0.tmp\rjsec255.ZIP", message = "rjsec255")~~RJStevensMusicPresentationCreator.Program~0000001199
2024-12-14 21:49:59.7423~DEBUG~download completed~~RJStevensMusicPresentationCreator.Program~0000001200
2024-12-14 21:49:59.7423~DEBUG~<- DownloadFile(url = "https://faas-nyc1-2ef2e6cc.doserverless.co/api/v1/web/fn-dd7f8f6a-d32a-4f5e-ae7b-870dfb7963f3/downloads/bundle?id=000000000000262", filename = "C:\Users\cofc_\AppData\Local\Temp\tmpC2D0.tmp\rjsec255.ZIP", message = "rjsec255")~~RJStevensMusicPresentationCreator.Program~0000001201
2024-12-14 21:49:59.7593~DEBUG~-> ExtractAllFromFile(zipFileName = "C:\Users\cofc_\AppData\Local\Temp\tmpC2D0.tmp\rjsec255.ZIP", decompressedFolder = "C:\Users\cofc_\AppData\Local\Temp\tmpC3BC.tmp", message = "rjsec255")~~RJStevensMusicPresentationCreator.Program~0000001202
2024-12-14 21:50:00.0233~DEBUG~extract completed~~RJStevensMusicPresentationCreator.Program~0000001203
2024-12-14 21:50:00.0233~DEBUG~<- ExtractAllFromFile(zipFileName = "C:\Users\cofc_\AppData\Local\Temp\tmpC2D0.tmp\rjsec255.ZIP", decompressedFolder = "C:\Users\cofc_\AppData\Local\Temp\tmpC3BC.tmp", message = "rjsec255")~~RJStevensMusicPresentationCreator.Program~0000001204
2024-12-14 21:50:00.1003~DEBUG~-> DownloadFile(url = "https://faas-nyc1-2ef2e6cc.doserverless.co/api/v1/web/fn-dd7f8f6a-d32a-4f5e-ae7b-870dfb7963f3/downloads/bundle?id=000000000000264", filename = "C:\Users\cofc_\AppData\Local\Temp\tmpC515.tmp\rjsec257.ZIP", message = "rjsec257")~~RJStevensMusicPresentationCreator.Program~0000001205
2024-12-14 21:50:00.3223~DEBUG~download completed~~RJStevensMusicPresentationCreator.Program~0000001206
2024-12-14 21:50:00.3223~DEBUG~<- DownloadFile(url = "https://faas-nyc1-2ef2e6cc.doserverless.co/api/v1/web/fn-dd7f8f6a-d32a-4f5e-ae7b-870dfb7963f3/downloads/bundle?id=000000000000264", filename = "C:\Users\cofc_\AppData\Local\Temp\tmpC515.tmp\rjsec257.ZIP", message = "rjsec257")~~RJStevensMusicPresentationCreator.Program~0000001207
2024-12-14 21:50:00.3353~DEBUG~-> ExtractAllFromFile(zipFileName = "C:\Users\cofc_\AppData\Local\Temp\tmpC515.tmp\rjsec257.ZIP", decompressedFolder = "C:\Users\cofc_\AppData\Local\Temp\tmpC600.tmp", message = "rjsec257")~~RJStevensMusicPresentationCreator.Program~0000001208
2024-12-14 21:50:00.6043~DEBUG~extract completed~~RJStevensMusicPresentationCreator.Program~0000001209
2024-12-14 21:50:00.6043~DEBUG~<- ExtractAllFromFile(zipFileName = "C:\Users\cofc_\AppData\Local\Temp\tmpC515.tmp\rjsec257.ZIP", decompressedFolder = "C:\Users\cofc_\AppData\Local\Temp\tmpC600.tmp", message = "rjsec257")~~RJStevensMusicPresentationCreator.Program~0000001210
2024-12-14 21:50:00.6773~DEBUG~-> DownloadFile(url = "https://faas-nyc1-2ef2e6cc.doserverless.co/api/v1/web/fn-dd7f8f6a-d32a-4f5e-ae7b-870dfb7963f3/downloads/bundle?id=000000000000265", filename = "C:\Users\cofc_\AppData\Local\Temp\tmpC759.tmp\rjsec258.ZIP", message = "rjsec258")~~RJStevensMusicPresentationCreator.Program~0000001211
2024-12-14 21:50:00.9143~DEBUG~download completed~~RJStevensMusicPresentationCreator.Program~0000001212
2024-12-14 21:50:00.9143~DEBUG~<- DownloadFile(url = "https://faas-nyc1-2ef2e6cc.doserverless.co/api/v1/web/fn-dd7f8f6a-d32a-4f5e-ae7b-870dfb7963f3/downloads/bundle?id=000000000000265", filename = "C:\Users\cofc_\AppData\Local\Temp\tmpC759.tmp\rjsec258.ZIP", message = "rjsec258")~~RJStevensMusicPresentationCreator.Program~0000001213
2024-12-14 21:50:00.9303~DEBUG~-> ExtractAllFromFile(zipFileName = "C:\Users\cofc_\AppData\Local\Temp\tmpC759.tmp\rjsec258.ZIP", decompressedFolder = "C:\Users\cofc_\AppData\Local\Temp\tmpC854.tmp", message = "rjsec258")~~RJStevensMusicPresentationCreator.Program~0000001214
2024-12-14 21:50:01.2144~DEBUG~extract completed~~RJStevensMusicPresentationCreator.Program~0000001215
2024-12-14 21:50:01.2144~DEBUG~<- ExtractAllFromFile(zipFileName = "C:\Users\cofc_\AppData\Local\Temp\tmpC759.tmp\rjsec258.ZIP", decompressedFolder = "C:\Users\cofc_\AppData\Local\Temp\tmpC854.tmp", message = "rjsec258")~~RJStevensMusicPresentationCreator.Program~0000001216
2024-12-14 21:50:01.2894~DEBUG~-> DownloadFile(url = "https://faas-nyc1-2ef2e6cc.doserverless.co/api/v1/web/fn-dd7f8f6a-d32a-4f5e-ae7b-870dfb7963f3/downloads/bundle?id=000000000000266", filename = "C:\Users\cofc_\AppData\Local\Temp\tmpC9BC.tmp\rjsec259.ZIP", message = "rjsec259")~~RJStevensMusicPresentationCreator.Program~0000001217
2024-12-14 21:50:01.5264~DEBUG~download completed~~RJStevensMusicPresentationCreator.Program~0000001218
2024-12-14 21:50:01.5264~DEBUG~<- DownloadFile(url = "https://faas-nyc1-2ef2e6cc.doserverless.co/api/v1/web/fn-dd7f8f6a-d32a-4f5e-ae7b-870dfb7963f3/downloads/bundle?id=000000000000266", filename = "C:\Users\cofc_\AppData\Local\Temp\tmpC9BC.tmp\rjsec259.ZIP", message = "rjsec259")~~RJStevensMusicPresentationCreator.Program~0000001219
2024-12-14 21:50:01.5424~DEBUG~-> ExtractAllFromFile(zipFileName = "C:\Users\cofc_\AppData\Local\Temp\tmpC9BC.tmp\rjsec259.ZIP", decompressedFolder = "C:\Users\cofc_\AppData\Local\Temp\tmpCAB7.tmp", message = "rjsec259")~~RJStevensMusicPresentationCreator.Program~0000001220
2024-12-14 21:50:01.7774~DEBUG~extract completed~~RJStevensMusicPresentationCreator.Program~0000001221
2024-12-14 21:50:01.7774~DEBUG~<- ExtractAllFromFile(zipFileName = "C:\Users\cofc_\AppData\Local\Temp\tmpC9BC.tmp\rjsec259.ZIP", decompressedFolder = "C:\Users\cofc_\AppData\Local\Temp\tmpCAB7.tmp", message = "rjsec259")~~RJStevensMusicPresentationCreator.Program~0000001222
2024-12-14 21:50:01.8394~DEBUG~-> DownloadFile(url = "https://faas-nyc1-2ef2e6cc.doserverless.co/api/v1/web/fn-dd7f8f6a-d32a-4f5e-ae7b-870dfb7963f3/downloads/bundle?id=000000000000267", filename = "C:\Users\cofc_\AppData\Local\Temp\tmpCBE1.tmp\rjsec260.ZIP", message = "rjsec260")~~RJStevensMusicPresentationCreator.Program~0000001223
2024-12-14 21:50:02.1054~DEBUG~download completed~~RJStevensMusicPresentationCreator.Program~0000001224
2024-12-14 21:50:02.1054~DEBUG~<- DownloadFile(url = "https://faas-nyc1-2ef2e6cc.doserverless.co/api/v1/web/fn-dd7f8f6a-d32a-4f5e-ae7b-870dfb7963f3/downloads/bundle?id=000000000000267", filename = "C:\Users\cofc_\AppData\Local\Temp\tmpCBE1.tmp\rjsec260.ZIP", message = "rjsec260")~~RJStevensMusicPresentationCreator.Program~0000001225
2024-12-14 21:50:02.1244~DEBUG~-> ExtractAllFromFile(zipFileName = "C:\Users\cofc_\AppData\Local\Temp\tmpCBE1.tmp\rjsec260.ZIP", decompressedFolder = "C:\Users\cofc_\AppData\Local\Temp\tmpCCFB.tmp", message = "rjsec260")~~RJStevensMusicPresentationCreator.Program~0000001226
2024-12-14 21:50:02.3684~DEBUG~extract completed~~RJStevensMusicPresentationCreator.Program~0000001227
2024-12-14 21:50:02.3684~DEBUG~<- ExtractAllFromFile(zipFileName = "C:\Users\cofc_\AppData\Local\Temp\tmpCBE1.tmp\rjsec260.ZIP", decompressedFolder = "C:\Users\cofc_\AppData\Local\Temp\tmpCCFB.tmp", message = "rjsec260")~~RJStevensMusicPresentationCreator.Program~0000001228
2024-12-14 21:50:02.4405~DEBUG~-> DownloadFile(url = "https://faas-nyc1-2ef2e6cc.doserverless.co/api/v1/web/fn-dd7f8f6a-d32a-4f5e-ae7b-870dfb7963f3/downloads/bundle?id=000000000000268", filename = "C:\Users\cofc_\AppData\Local\Temp\tmpCE44.tmp\rjsec261.ZIP", message = "rjsec261")~~RJStevensMusicPresentationCreator.Program~0000001229
2024-12-14 21:50:02.7465~DEBUG~download completed~~RJStevensMusicPresentationCreator.Program~0000001230
2024-12-14 21:50:02.7465~DEBUG~<- DownloadFile(url = "https://faas-nyc1-2ef2e6cc.doserverless.co/api/v1/web/fn-dd7f8f6a-d32a-4f5e-ae7b-870dfb7963f3/downloads/bundle?id=000000000000268", filename = "C:\Users\cofc_\AppData\Local\Temp\tmpCE44.tmp\rjsec261.ZIP", message = "rjsec261")~~RJStevensMusicPresentationCreator.Program~0000001231
2024-12-14 21:50:02.7685~DEBUG~-> ExtractAllFromFile(zipFileName = "C:\Users\cofc_\AppData\Local\Temp\tmpCE44.tmp\rjsec261.ZIP", decompressedFolder = "C:\Users\cofc_\AppData\Local\Temp\tmpCF8D.tmp", message = "rjsec261")~~RJStevensMusicPresentationCreator.Program~0000001232
2024-12-14 21:50:03.0695~DEBUG~extract completed~~RJStevensMusicPresentationCreator.Program~0000001233
2024-12-14 21:50:03.0695~DEBUG~<- ExtractAllFromFile(zipFileName = "C:\Users\cofc_\AppData\Local\Temp\tmpCE44.tmp\rjsec261.ZIP", decompressedFolder = "C:\Users\cofc_\AppData\Local\Temp\tmpCF8D.tmp", message = "rjsec261")~~RJStevensMusicPresentationCreator.Program~0000001234
2024-12-14 21:50:03.1475~DEBUG~-> DownloadFile(url = "https://faas-nyc1-2ef2e6cc.doserverless.co/api/v1/web/fn-dd7f8f6a-d32a-4f5e-ae7b-870dfb7963f3/downloads/bundle?id=000000000000270", filename = "C:\Users\cofc_\AppData\Local\Temp\tmpD105.tmp\rjsec263.ZIP", message = "rjsec263")~~RJStevensMusicPresentationCreator.Program~0000001235
2024-12-14 21:50:03.3555~DEBUG~download completed~~RJStevensMusicPresentationCreator.Program~0000001236
2024-12-14 21:50:03.3555~DEBUG~<- DownloadFile(url = "https://faas-nyc1-2ef2e6cc.doserverless.co/api/v1/web/fn-dd7f8f6a-d32a-4f5e-ae7b-870dfb7963f3/downloads/bundle?id=000000000000270", filename = "C:\Users\cofc_\AppData\Local\Temp\tmpD105.tmp\rjsec263.ZIP", message = "rjsec263")~~RJStevensMusicPresentationCreator.Program~0000001237
2024-12-14 21:50:03.3725~DEBUG~-> ExtractAllFromFile(zipFileName = "C:\Users\cofc_\AppData\Local\Temp\tmpD105.tmp\rjsec263.ZIP", decompressedFolder = "C:\Users\cofc_\AppData\Local\Temp\tmpD1E1.tmp", message = "rjsec263")~~RJStevensMusicPresentationCreator.Program~0000001238
2024-12-14 21:50:03.5908~DEBUG~extract completed~~RJStevensMusicPresentationCreator.Program~0000001239
2024-12-14 21:50:03.5908~DEBUG~<- ExtractAllFromFile(zipFileName = "C:\Users\cofc_\AppData\Local\Temp\tmpD105.tmp\rjsec263.ZIP", decompressedFolder = "C:\Users\cofc_\AppData\Local\Temp\tmpD1E1.tmp", message = "rjsec263")~~RJStevensMusicPresentationCreator.Program~0000001240
2024-12-14 21:50:03.6558~DEBUG~-> DownloadFile(url = "https://faas-nyc1-2ef2e6cc.doserverless.co/api/v1/web/fn-dd7f8f6a-d32a-4f5e-ae7b-870dfb7963f3/downloads/bundle?id=000000000000271", filename = "C:\Users\cofc_\AppData\Local\Temp\tmpD2FB.tmp\rjsec264.ZIP", message = "rjsec264")~~RJStevensMusicPresentationCreator.Program~0000001241
2024-12-14 21:50:03.8868~DEBUG~download completed~~RJStevensMusicPresentationCreator.Program~0000001242
2024-12-14 21:50:03.8868~DEBUG~<- DownloadFile(url = "https://faas-nyc1-2ef2e6cc.doserverless.co/api/v1/web/fn-dd7f8f6a-d32a-4f5e-ae7b-870dfb7963f3/downloads/bundle?id=000000000000271", filename = "C:\Users\cofc_\AppData\Local\Temp\tmpD2FB.tmp\rjsec264.ZIP", message = "rjsec264")~~RJStevensMusicPresentationCreator.Program~0000001243
2024-12-14 21:50:03.9008~DEBUG~-> ExtractAllFromFile(zipFileName = "C:\Users\cofc_\AppData\Local\Temp\tmpD2FB.tmp\rjsec264.ZIP", decompressedFolder = "C:\Users\cofc_\AppData\Local\Temp\tmpD3F6.tmp", message = "rjsec264")~~RJStevensMusicPresentationCreator.Program~0000001244
2024-12-14 21:50:04.2058~DEBUG~extract completed~~RJStevensMusicPresentationCreator.Program~0000001245
2024-12-14 21:50:04.2058~DEBUG~<- ExtractAllFromFile(zipFileName = "C:\Users\cofc_\AppData\Local\Temp\tmpD2FB.tmp\rjsec264.ZIP", decompressedFolder = "C:\Users\cofc_\AppData\Local\Temp\tmpD3F6.tmp", message = "rjsec264")~~RJStevensMusicPresentationCreator.Program~0000001246
2024-12-14 21:50:04.2818~DEBUG~-> DownloadFile(url = "https://faas-nyc1-2ef2e6cc.doserverless.co/api/v1/web/fn-dd7f8f6a-d32a-4f5e-ae7b-870dfb7963f3/downloads/bundle?id=000000000000272", filename = "C:\Users\cofc_\AppData\Local\Temp\tmpD56E.tmp\rjsec265.ZIP", message = "rjsec265")~~RJStevensMusicPresentationCreator.Program~0000001247
2024-12-14 21:50:04.4898~DEBUG~download completed~~RJStevensMusicPresentationCreator.Program~0000001248
2024-12-14 21:50:04.4898~DEBUG~<- DownloadFile(url = "https://faas-nyc1-2ef2e6cc.doserverless.co/api/v1/web/fn-dd7f8f6a-d32a-4f5e-ae7b-870dfb7963f3/downloads/bundle?id=000000000000272", filename = "C:\Users\cofc_\AppData\Local\Temp\tmpD56E.tmp\rjsec265.ZIP", message = "rjsec265")~~RJStevensMusicPresentationCreator.Program~0000001249
2024-12-14 21:50:04.5078~DEBUG~-> ExtractAllFromFile(zipFileName = "C:\Users\cofc_\AppData\Local\Temp\tmpD56E.tmp\rjsec265.ZIP", decompressedFolder = "C:\Users\cofc_\AppData\Local\Temp\tmpD65A.tmp", message = "rjsec265")~~RJStevensMusicPresentationCreator.Program~0000001250
2024-12-14 21:50:04.7279~DEBUG~extract completed~~RJStevensMusicPresentationCreator.Program~0000001251
2024-12-14 21:50:04.7279~DEBUG~<- ExtractAllFromFile(zipFileName = "C:\Users\cofc_\AppData\Local\Temp\tmpD56E.tmp\rjsec265.ZIP", decompressedFolder = "C:\Users\cofc_\AppData\Local\Temp\tmpD65A.tmp", message = "rjsec265")~~RJStevensMusicPresentationCreator.Program~0000001252
2024-12-14 21:50:04.7879~DEBUG~-> DownloadFile(url = "https://faas-nyc1-2ef2e6cc.doserverless.co/api/v1/web/fn-dd7f8f6a-d32a-4f5e-ae7b-870dfb7963f3/downloads/bundle?id=000000000000274", filename = "C:\Users\cofc_\AppData\Local\Temp\tmpD774.tmp\rjsec267.ZIP", message = "rjsec267")~~RJStevensMusicPresentationCreator.Program~0000001253
2024-12-14 21:50:04.9979~DEBUG~download completed~~RJStevensMusicPresentationCreator.Program~0000001254
2024-12-14 21:50:04.9979~DEBUG~<- DownloadFile(url = "https://faas-nyc1-2ef2e6cc.doserverless.co/api/v1/web/fn-dd7f8f6a-d32a-4f5e-ae7b-870dfb7963f3/downloads/bundle?id=000000000000274", filename = "C:\Users\cofc_\AppData\Local\Temp\tmpD774.tmp\rjsec267.ZIP", message = "rjsec267")~~RJStevensMusicPresentationCreator.Program~0000001255
2024-12-14 21:50:05.0179~DEBUG~-> ExtractAllFromFile(zipFileName = "C:\Users\cofc_\AppData\Local\Temp\tmpD774.tmp\rjsec267.ZIP", decompressedFolder = "C:\Users\cofc_\AppData\Local\Temp\tmpD85F.tmp", message = "rjsec267")~~RJStevensMusicPresentationCreator.Program~0000001256
2024-12-14 21:50:05.2379~DEBUG~extract completed~~RJStevensMusicPresentationCreator.Program~0000001257
2024-12-14 21:50:05.2379~DEBUG~<- ExtractAllFromFile(zipFileName = "C:\Users\cofc_\AppData\Local\Temp\tmpD774.tmp\rjsec267.ZIP", decompressedFolder = "C:\Users\cofc_\AppData\Local\Temp\tmpD85F.tmp", message = "rjsec267")~~RJStevensMusicPresentationCreator.Program~0000001258
2024-12-14 21:50:05.2949~DEBUG~-> DownloadFile(url = "https://faas-nyc1-2ef2e6cc.doserverless.co/api/v1/web/fn-dd7f8f6a-d32a-4f5e-ae7b-870dfb7963f3/downloads/bundle?id=000000000000275", filename = "C:\Users\cofc_\AppData\Local\Temp\tmpD96A.tmp\rjsec268.ZIP", message = "rjsec268")~~RJStevensMusicPresentationCreator.Program~0000001259
2024-12-14 21:50:05.4879~DEBUG~download completed~~RJStevensMusicPresentationCreator.Program~0000001260
2024-12-14 21:50:05.4879~DEBUG~<- DownloadFile(url = "https://faas-nyc1-2ef2e6cc.doserverless.co/api/v1/web/fn-dd7f8f6a-d32a-4f5e-ae7b-870dfb7963f3/downloads/bundle?id=000000000000275", filename = "C:\Users\cofc_\AppData\Local\Temp\tmpD96A.tmp\rjsec268.ZIP", message = "rjsec268")~~RJStevensMusicPresentationCreator.Program~0000001261
2024-12-14 21:50:05.5079~DEBUG~-> ExtractAllFromFile(zipFileName = "C:\Users\cofc_\AppData\Local\Temp\tmpD96A.tmp\rjsec268.ZIP", decompressedFolder = "C:\Users\cofc_\AppData\Local\Temp\tmpDA46.tmp", message = "rjsec268")~~RJStevensMusicPresentationCreator.Program~0000001262
2024-12-14 21:50:05.7520~DEBUG~extract completed~~RJStevensMusicPresentationCreator.Program~0000001263
2024-12-14 21:50:05.7520~DEBUG~<- ExtractAllFromFile(zipFileName = "C:\Users\cofc_\AppData\Local\Temp\tmpD96A.tmp\rjsec268.ZIP", decompressedFolder = "C:\Users\cofc_\AppData\Local\Temp\tmpDA46.tmp", message = "rjsec268")~~RJStevensMusicPresentationCreator.Program~0000001264
2024-12-14 21:50:05.8190~DEBUG~-> DownloadFile(url = "https://faas-nyc1-2ef2e6cc.doserverless.co/api/v1/web/fn-dd7f8f6a-d32a-4f5e-ae7b-870dfb7963f3/downloads/bundle?id=000000000000276", filename = "C:\Users\cofc_\AppData\Local\Temp\tmpDB7F.tmp\rjsec269.ZIP", message = "rjsec269")~~RJStevensMusicPresentationCreator.Program~0000001265
2024-12-14 21:50:06.0070~DEBUG~download completed~~RJStevensMusicPresentationCreator.Program~0000001266
2024-12-14 21:50:06.0070~DEBUG~<- DownloadFile(url = "https://faas-nyc1-2ef2e6cc.doserverless.co/api/v1/web/fn-dd7f8f6a-d32a-4f5e-ae7b-870dfb7963f3/downloads/bundle?id=000000000000276", filename = "C:\Users\cofc_\AppData\Local\Temp\tmpDB7F.tmp\rjsec269.ZIP", message = "rjsec269")~~RJStevensMusicPresentationCreator.Program~0000001267
2024-12-14 21:50:06.0250~DEBUG~-> ExtractAllFromFile(zipFileName = "C:\Users\cofc_\AppData\Local\Temp\tmpDB7F.tmp\rjsec269.ZIP", decompressedFolder = "C:\Users\cofc_\AppData\Local\Temp\tmpDC4B.tmp", message = "rjsec269")~~RJStevensMusicPresentationCreator.Program~0000001268
2024-12-14 21:50:06.2630~DEBUG~extract completed~~RJStevensMusicPresentationCreator.Program~0000001269
2024-12-14 21:50:06.2660~DEBUG~<- ExtractAllFromFile(zipFileName = "C:\Users\cofc_\AppData\Local\Temp\tmpDB7F.tmp\rjsec269.ZIP", decompressedFolder = "C:\Users\cofc_\AppData\Local\Temp\tmpDC4B.tmp", message = "rjsec269")~~RJStevensMusicPresentationCreator.Program~0000001270
2024-12-14 21:50:06.3320~DEBUG~-> DownloadFile(url = "https://faas-nyc1-2ef2e6cc.doserverless.co/api/v1/web/fn-dd7f8f6a-d32a-4f5e-ae7b-870dfb7963f3/downloads/bundle?id=gp5fjsicrf12dnz", filename = "C:\Users\cofc_\AppData\Local\Temp\tmpDD85.tmp\rjsec269.16.ZIP", message = "rjsec269.16")~~RJStevensMusicPresentationCreator.Program~0000001271
2024-12-14 21:50:06.9810~DEBUG~download completed~~RJStevensMusicPresentationCreator.Program~0000001272
2024-12-14 21:50:06.9810~DEBUG~<- DownloadFile(url = "https://faas-nyc1-2ef2e6cc.doserverless.co/api/v1/web/fn-dd7f8f6a-d32a-4f5e-ae7b-870dfb7963f3/downloads/bundle?id=gp5fjsicrf12dnz", filename = "C:\Users\cofc_\AppData\Local\Temp\tmpDD85.tmp\rjsec269.16.ZIP", message = "rjsec269.16")~~RJStevensMusicPresentationCreator.Program~0000001273
2024-12-14 21:50:06.9980~DEBUG~-> ExtractAllFromFile(zipFileName = "C:\Users\cofc_\AppData\Local\Temp\tmpDD85.tmp\rjsec269.16.ZIP", decompressedFolder = "C:\Users\cofc_\AppData\Local\Temp\tmpE016.tmp", message = "rjsec269.16")~~RJStevensMusicPresentationCreator.Program~0000001274
2024-12-14 21:50:07.2511~DEBUG~extract completed~~RJStevensMusicPresentationCreator.Program~0000001275
2024-12-14 21:50:07.2511~DEBUG~<- ExtractAllFromFile(zipFileName = "C:\Users\cofc_\AppData\Local\Temp\tmpDD85.tmp\rjsec269.16.ZIP", decompressedFolder = "C:\Users\cofc_\AppData\Local\Temp\tmpE016.tmp", message = "rjsec269.16")~~RJStevensMusicPresentationCreator.Program~0000001276
2024-12-14 21:50:07.3221~DEBUG~-> DownloadFile(url = "https://faas-nyc1-2ef2e6cc.doserverless.co/api/v1/web/fn-dd7f8f6a-d32a-4f5e-ae7b-870dfb7963f3/downloads/bundle?id=nsonmj3v2ic9pwo", filename = "C:\Users\cofc_\AppData\Local\Temp\tmpE15F.tmp\rjsec269.22.ZIP", message = "rjsec269.22")~~RJStevensMusicPresentationCreator.Program~0000001277
2024-12-14 21:50:07.7441~DEBUG~download completed~~RJStevensMusicPresentationCreator.Program~0000001278
2024-12-14 21:50:07.7441~DEBUG~<- DownloadFile(url = "https://faas-nyc1-2ef2e6cc.doserverless.co/api/v1/web/fn-dd7f8f6a-d32a-4f5e-ae7b-870dfb7963f3/downloads/bundle?id=nsonmj3v2ic9pwo", filename = "C:\Users\cofc_\AppData\Local\Temp\tmpE15F.tmp\rjsec269.22.ZIP", message = "rjsec269.22")~~RJStevensMusicPresentationCreator.Program~0000001279
2024-12-14 21:50:07.7641~DEBUG~-> ExtractAllFromFile(zipFileName = "C:\Users\cofc_\AppData\Local\Temp\tmpE15F.tmp\rjsec269.22.ZIP", decompressedFolder = "C:\Users\cofc_\AppData\Local\Temp\tmpE316.tmp", message = "rjsec269.22")~~RJStevensMusicPresentationCreator.Program~0000001280
2024-12-14 21:50:08.0271~DEBUG~extract completed~~RJStevensMusicPresentationCreator.Program~0000001281
2024-12-14 21:50:08.0271~DEBUG~<- ExtractAllFromFile(zipFileName = "C:\Users\cofc_\AppData\Local\Temp\tmpE15F.tmp\rjsec269.22.ZIP", decompressedFolder = "C:\Users\cofc_\AppData\Local\Temp\tmpE316.tmp", message = "rjsec269.22")~~RJStevensMusicPresentationCreator.Program~0000001282
2024-12-14 21:50:08.0981~DEBUG~-> DownloadFile(url = "https://faas-nyc1-2ef2e6cc.doserverless.co/api/v1/web/fn-dd7f8f6a-d32a-4f5e-ae7b-870dfb7963f3/downloads/bundle?id=000000000000277", filename = "C:\Users\cofc_\AppData\Local\Temp\tmpE46F.tmp\rjsec270.ZIP", message = "rjsec270")~~RJStevensMusicPresentationCreator.Program~0000001283
2024-12-14 21:50:08.3101~DEBUG~download completed~~RJStevensMusicPresentationCreator.Program~0000001284
2024-12-14 21:50:08.3101~DEBUG~<- DownloadFile(url = "https://faas-nyc1-2ef2e6cc.doserverless.co/api/v1/web/fn-dd7f8f6a-d32a-4f5e-ae7b-870dfb7963f3/downloads/bundle?id=000000000000277", filename = "C:\Users\cofc_\AppData\Local\Temp\tmpE46F.tmp\rjsec270.ZIP", message = "rjsec270")~~RJStevensMusicPresentationCreator.Program~0000001285
2024-12-14 21:50:08.3261~DEBUG~-> ExtractAllFromFile(zipFileName = "C:\Users\cofc_\AppData\Local\Temp\tmpE46F.tmp\rjsec270.ZIP", decompressedFolder = "C:\Users\cofc_\AppData\Local\Temp\tmpE54A.tmp", message = "rjsec270")~~RJStevensMusicPresentationCreator.Program~0000001286
2024-12-14 21:50:08.5722~DEBUG~extract completed~~RJStevensMusicPresentationCreator.Program~0000001287
2024-12-14 21:50:08.5722~DEBUG~<- ExtractAllFromFile(zipFileName = "C:\Users\cofc_\AppData\Local\Temp\tmpE46F.tmp\rjsec270.ZIP", decompressedFolder = "C:\Users\cofc_\AppData\Local\Temp\tmpE54A.tmp", message = "rjsec270")~~RJStevensMusicPresentationCreator.Program~0000001288
2024-12-14 21:50:08.6362~DEBUG~-> DownloadFile(url = "https://faas-nyc1-2ef2e6cc.doserverless.co/api/v1/web/fn-dd7f8f6a-d32a-4f5e-ae7b-870dfb7963f3/downloads/bundle?id=000000000000278", filename = "C:\Users\cofc_\AppData\Local\Temp\tmpE684.tmp\rjsec271.ZIP", message = "rjsec271")~~RJStevensMusicPresentationCreator.Program~0000001289
2024-12-14 21:50:08.8442~DEBUG~download completed~~RJStevensMusicPresentationCreator.Program~0000001290
2024-12-14 21:50:08.8442~DEBUG~<- DownloadFile(url = "https://faas-nyc1-2ef2e6cc.doserverless.co/api/v1/web/fn-dd7f8f6a-d32a-4f5e-ae7b-870dfb7963f3/downloads/bundle?id=000000000000278", filename = "C:\Users\cofc_\AppData\Local\Temp\tmpE684.tmp\rjsec271.ZIP", message = "rjsec271")~~RJStevensMusicPresentationCreator.Program~0000001291
2024-12-14 21:50:08.8682~DEBUG~-> ExtractAllFromFile(zipFileName = "C:\Users\cofc_\AppData\Local\Temp\tmpE684.tmp\rjsec271.ZIP", decompressedFolder = "C:\Users\cofc_\AppData\Local\Temp\tmpE76F.tmp", message = "rjsec271")~~RJStevensMusicPresentationCreator.Program~0000001292
2024-12-14 21:50:09.0802~DEBUG~extract completed~~RJStevensMusicPresentationCreator.Program~0000001293
2024-12-14 21:50:09.0802~DEBUG~<- ExtractAllFromFile(zipFileName = "C:\Users\cofc_\AppData\Local\Temp\tmpE684.tmp\rjsec271.ZIP", decompressedFolder = "C:\Users\cofc_\AppData\Local\Temp\tmpE76F.tmp", message = "rjsec271")~~RJStevensMusicPresentationCreator.Program~0000001294
2024-12-14 21:50:09.1502~DEBUG~-> DownloadFile(url = "https://faas-nyc1-2ef2e6cc.doserverless.co/api/v1/web/fn-dd7f8f6a-d32a-4f5e-ae7b-870dfb7963f3/downloads/bundle?id=000000000000279", filename = "C:\Users\cofc_\AppData\Local\Temp\tmpE889.tmp\rjsec272.ZIP", message = "rjsec272")~~RJStevensMusicPresentationCreator.Program~0000001295
2024-12-14 21:50:09.4292~DEBUG~download completed~~RJStevensMusicPresentationCreator.Program~0000001296
2024-12-14 21:50:09.4292~DEBUG~<- DownloadFile(url = "https://faas-nyc1-2ef2e6cc.doserverless.co/api/v1/web/fn-dd7f8f6a-d32a-4f5e-ae7b-870dfb7963f3/downloads/bundle?id=000000000000279", filename = "C:\Users\cofc_\AppData\Local\Temp\tmpE889.tmp\rjsec272.ZIP", message = "rjsec272")~~RJStevensMusicPresentationCreator.Program~0000001297
2024-12-14 21:50:09.4512~DEBUG~-> ExtractAllFromFile(zipFileName = "C:\Users\cofc_\AppData\Local\Temp\tmpE889.tmp\rjsec272.ZIP", decompressedFolder = "C:\Users\cofc_\AppData\Local\Temp\tmpE9B3.tmp", message = "rjsec272")~~RJStevensMusicPresentationCreator.Program~0000001298
2024-12-14 21:50:09.7772~DEBUG~extract completed~~RJStevensMusicPresentationCreator.Program~0000001299
2024-12-14 21:50:09.7772~DEBUG~<- ExtractAllFromFile(zipFileName = "C:\Users\cofc_\AppData\Local\Temp\tmpE889.tmp\rjsec272.ZIP", decompressedFolder = "C:\Users\cofc_\AppData\Local\Temp\tmpE9B3.tmp", message = "rjsec272")~~RJStevensMusicPresentationCreator.Program~0000001300
2024-12-14 21:50:09.8533~DEBUG~-> DownloadFile(url = "https://faas-nyc1-2ef2e6cc.doserverless.co/api/v1/web/fn-dd7f8f6a-d32a-4f5e-ae7b-870dfb7963f3/downloads/bundle?id=000000000000280", filename = "C:\Users\cofc_\AppData\Local\Temp\tmpEB4B.tmp\rjsec273.ZIP", message = "rjsec273")~~RJStevensMusicPresentationCreator.Program~0000001301
2024-12-14 21:50:10.0453~DEBUG~download completed~~RJStevensMusicPresentationCreator.Program~0000001302
2024-12-14 21:50:10.0453~DEBUG~<- DownloadFile(url = "https://faas-nyc1-2ef2e6cc.doserverless.co/api/v1/web/fn-dd7f8f6a-d32a-4f5e-ae7b-870dfb7963f3/downloads/bundle?id=000000000000280", filename = "C:\Users\cofc_\AppData\Local\Temp\tmpEB4B.tmp\rjsec273.ZIP", message = "rjsec273")~~RJStevensMusicPresentationCreator.Program~0000001303
2024-12-14 21:50:10.0683~DEBUG~-> ExtractAllFromFile(zipFileName = "C:\Users\cofc_\AppData\Local\Temp\tmpEB4B.tmp\rjsec273.ZIP", decompressedFolder = "C:\Users\cofc_\AppData\Local\Temp\tmpEC26.tmp", message = "rjsec273")~~RJStevensMusicPresentationCreator.Program~0000001304
2024-12-14 21:50:10.2613~DEBUG~extract completed~~RJStevensMusicPresentationCreator.Program~0000001305
2024-12-14 21:50:10.2613~DEBUG~<- ExtractAllFromFile(zipFileName = "C:\Users\cofc_\AppData\Local\Temp\tmpEB4B.tmp\rjsec273.ZIP", decompressedFolder = "C:\Users\cofc_\AppData\Local\Temp\tmpEC26.tmp", message = "rjsec273")~~RJStevensMusicPresentationCreator.Program~0000001306
2024-12-14 21:50:10.3233~DEBUG~-> DownloadFile(url = "https://faas-nyc1-2ef2e6cc.doserverless.co/api/v1/web/fn-dd7f8f6a-d32a-4f5e-ae7b-870dfb7963f3/downloads/bundle?id=000000000000281", filename = "C:\Users\cofc_\AppData\Local\Temp\tmpED21.tmp\rjsec274.ZIP", message = "rjsec274")~~RJStevensMusicPresentationCreator.Program~0000001307
2024-12-14 21:50:10.5873~DEBUG~download completed~~RJStevensMusicPresentationCreator.Program~0000001308
2024-12-14 21:50:10.5873~DEBUG~<- DownloadFile(url = "https://faas-nyc1-2ef2e6cc.doserverless.co/api/v1/web/fn-dd7f8f6a-d32a-4f5e-ae7b-870dfb7963f3/downloads/bundle?id=000000000000281", filename = "C:\Users\cofc_\AppData\Local\Temp\tmpED21.tmp\rjsec274.ZIP", message = "rjsec274")~~RJStevensMusicPresentationCreator.Program~0000001309
2024-12-14 21:50:10.6123~DEBUG~-> ExtractAllFromFile(zipFileName = "C:\Users\cofc_\AppData\Local\Temp\tmpED21.tmp\rjsec274.ZIP", decompressedFolder = "C:\Users\cofc_\AppData\Local\Temp\tmpEE4B.tmp", message = "rjsec274")~~RJStevensMusicPresentationCreator.Program~0000001310
2024-12-14 21:50:10.8838~DEBUG~extract completed~~RJStevensMusicPresentationCreator.Program~0000001311
2024-12-14 21:50:10.8838~DEBUG~<- ExtractAllFromFile(zipFileName = "C:\Users\cofc_\AppData\Local\Temp\tmpED21.tmp\rjsec274.ZIP", decompressedFolder = "C:\Users\cofc_\AppData\Local\Temp\tmpEE4B.tmp", message = "rjsec274")~~RJStevensMusicPresentationCreator.Program~0000001312
2024-12-14 21:50:10.9558~DEBUG~-> DownloadFile(url = "https://faas-nyc1-2ef2e6cc.doserverless.co/api/v1/web/fn-dd7f8f6a-d32a-4f5e-ae7b-870dfb7963f3/downloads/bundle?id=000000000000282", filename = "C:\Users\cofc_\AppData\Local\Temp\tmpEFA4.tmp\rjsec275.ZIP", message = "rjsec275")~~RJStevensMusicPresentationCreator.Program~0000001313
2024-12-14 21:50:11.1738~DEBUG~download completed~~RJStevensMusicPresentationCreator.Program~0000001314
2024-12-14 21:50:11.1738~DEBUG~<- DownloadFile(url = "https://faas-nyc1-2ef2e6cc.doserverless.co/api/v1/web/fn-dd7f8f6a-d32a-4f5e-ae7b-870dfb7963f3/downloads/bundle?id=000000000000282", filename = "C:\Users\cofc_\AppData\Local\Temp\tmpEFA4.tmp\rjsec275.ZIP", message = "rjsec275")~~RJStevensMusicPresentationCreator.Program~0000001315
2024-12-14 21:50:11.1738~DEBUG~-> ExtractAllFromFile(zipFileName = "C:\Users\cofc_\AppData\Local\Temp\tmpEFA4.tmp\rjsec275.ZIP", decompressedFolder = "C:\Users\cofc_\AppData\Local\Temp\tmpF080.tmp", message = "rjsec275")~~RJStevensMusicPresentationCreator.Program~0000001316
2024-12-14 21:50:11.4118~DEBUG~extract completed~~RJStevensMusicPresentationCreator.Program~0000001317
2024-12-14 21:50:11.4118~DEBUG~<- ExtractAllFromFile(zipFileName = "C:\Users\cofc_\AppData\Local\Temp\tmpEFA4.tmp\rjsec275.ZIP", decompressedFolder = "C:\Users\cofc_\AppData\Local\Temp\tmpF080.tmp", message = "rjsec275")~~RJStevensMusicPresentationCreator.Program~0000001318
2024-12-14 21:50:11.4788~DEBUG~-> DownloadFile(url = "https://faas-nyc1-2ef2e6cc.doserverless.co/api/v1/web/fn-dd7f8f6a-d32a-4f5e-ae7b-870dfb7963f3/downloads/bundle?id=000000000000283", filename = "C:\Users\cofc_\AppData\Local\Temp\tmpF1AA.tmp\rjsec276.ZIP", message = "rjsec276")~~RJStevensMusicPresentationCreator.Program~0000001319
2024-12-14 21:50:11.6908~DEBUG~download completed~~RJStevensMusicPresentationCreator.Program~0000001320
2024-12-14 21:50:11.6908~DEBUG~<- DownloadFile(url = "https://faas-nyc1-2ef2e6cc.doserverless.co/api/v1/web/fn-dd7f8f6a-d32a-4f5e-ae7b-870dfb7963f3/downloads/bundle?id=000000000000283", filename = "C:\Users\cofc_\AppData\Local\Temp\tmpF1AA.tmp\rjsec276.ZIP", message = "rjsec276")~~RJStevensMusicPresentationCreator.Program~0000001321
2024-12-14 21:50:11.7088~DEBUG~-> ExtractAllFromFile(zipFileName = "C:\Users\cofc_\AppData\Local\Temp\tmpF1AA.tmp\rjsec276.ZIP", decompressedFolder = "C:\Users\cofc_\AppData\Local\Temp\tmpF295.tmp", message = "rjsec276")~~RJStevensMusicPresentationCreator.Program~0000001322
2024-12-14 21:50:11.9149~DEBUG~extract completed~~RJStevensMusicPresentationCreator.Program~0000001323
2024-12-14 21:50:11.9149~DEBUG~<- ExtractAllFromFile(zipFileName = "C:\Users\cofc_\AppData\Local\Temp\tmpF1AA.tmp\rjsec276.ZIP", decompressedFolder = "C:\Users\cofc_\AppData\Local\Temp\tmpF295.tmp", message = "rjsec276")~~RJStevensMusicPresentationCreator.Program~0000001324
2024-12-14 21:50:11.9789~DEBUG~-> DownloadFile(url = "https://faas-nyc1-2ef2e6cc.doserverless.co/api/v1/web/fn-dd7f8f6a-d32a-4f5e-ae7b-870dfb7963f3/downloads/bundle?id=000000000000284", filename = "C:\Users\cofc_\AppData\Local\Temp\tmpF3A0.tmp\rjsec277.ZIP", message = "rjsec277")~~RJStevensMusicPresentationCreator.Program~0000001325
2024-12-14 21:50:12.2029~DEBUG~download completed~~RJStevensMusicPresentationCreator.Program~0000001326
2024-12-14 21:50:12.2039~DEBUG~<- DownloadFile(url = "https://faas-nyc1-2ef2e6cc.doserverless.co/api/v1/web/fn-dd7f8f6a-d32a-4f5e-ae7b-870dfb7963f3/downloads/bundle?id=000000000000284", filename = "C:\Users\cofc_\AppData\Local\Temp\tmpF3A0.tmp\rjsec277.ZIP", message = "rjsec277")~~RJStevensMusicPresentationCreator.Program~0000001327
2024-12-14 21:50:12.2039~DEBUG~-> ExtractAllFromFile(zipFileName = "C:\Users\cofc_\AppData\Local\Temp\tmpF3A0.tmp\rjsec277.ZIP", decompressedFolder = "C:\Users\cofc_\AppData\Local\Temp\tmpF48B.tmp", message = "rjsec277")~~RJStevensMusicPresentationCreator.Program~0000001328
2024-12-14 21:50:12.4561~DEBUG~extract completed~~RJStevensMusicPresentationCreator.Program~0000001329
2024-12-14 21:50:12.4561~DEBUG~<- ExtractAllFromFile(zipFileName = "C:\Users\cofc_\AppData\Local\Temp\tmpF3A0.tmp\rjsec277.ZIP", decompressedFolder = "C:\Users\cofc_\AppData\Local\Temp\tmpF48B.tmp", message = "rjsec277")~~RJStevensMusicPresentationCreator.Program~0000001330
2024-12-14 21:50:12.5271~DEBUG~-> DownloadFile(url = "https://faas-nyc1-2ef2e6cc.doserverless.co/api/v1/web/fn-dd7f8f6a-d32a-4f5e-ae7b-870dfb7963f3/downloads/bundle?id=000000000000285", filename = "C:\Users\cofc_\AppData\Local\Temp\tmpF5C4.tmp\rjsec278.ZIP", message = "rjsec278")~~RJStevensMusicPresentationCreator.Program~0000001331
2024-12-14 21:50:13.0282~DEBUG~download completed~~RJStevensMusicPresentationCreator.Program~0000001332
2024-12-14 21:50:13.0282~DEBUG~<- DownloadFile(url = "https://faas-nyc1-2ef2e6cc.doserverless.co/api/v1/web/fn-dd7f8f6a-d32a-4f5e-ae7b-870dfb7963f3/downloads/bundle?id=000000000000285", filename = "C:\Users\cofc_\AppData\Local\Temp\tmpF5C4.tmp\rjsec278.ZIP", message = "rjsec278")~~RJStevensMusicPresentationCreator.Program~0000001333
2024-12-14 21:50:13.0452~DEBUG~-> ExtractAllFromFile(zipFileName = "C:\Users\cofc_\AppData\Local\Temp\tmpF5C4.tmp\rjsec278.ZIP", decompressedFolder = "C:\Users\cofc_\AppData\Local\Temp\tmpF7C9.tmp", message = "rjsec278")~~RJStevensMusicPresentationCreator.Program~0000001334
2024-12-14 21:50:13.3773~DEBUG~extract completed~~RJStevensMusicPresentationCreator.Program~0000001335
2024-12-14 21:50:13.3773~DEBUG~<- ExtractAllFromFile(zipFileName = "C:\Users\cofc_\AppData\Local\Temp\tmpF5C4.tmp\rjsec278.ZIP", decompressedFolder = "C:\Users\cofc_\AppData\Local\Temp\tmpF7C9.tmp", message = "rjsec278")~~RJStevensMusicPresentationCreator.Program~0000001336
2024-12-14 21:50:13.4643~DEBUG~-> DownloadFile(url = "https://faas-nyc1-2ef2e6cc.doserverless.co/api/v1/web/fn-dd7f8f6a-d32a-4f5e-ae7b-870dfb7963f3/downloads/bundle?id=000000000000286", filename = "C:\Users\cofc_\AppData\Local\Temp\tmpF970.tmp\rjsec279.ZIP", message = "rjsec279")~~RJStevensMusicPresentationCreator.Program~0000001337
2024-12-14 21:50:13.6803~DEBUG~download completed~~RJStevensMusicPresentationCreator.Program~0000001338
2024-12-14 21:50:13.6803~DEBUG~<- DownloadFile(url = "https://faas-nyc1-2ef2e6cc.doserverless.co/api/v1/web/fn-dd7f8f6a-d32a-4f5e-ae7b-870dfb7963f3/downloads/bundle?id=000000000000286", filename = "C:\Users\cofc_\AppData\Local\Temp\tmpF970.tmp\rjsec279.ZIP", message = "rjsec279")~~RJStevensMusicPresentationCreator.Program~0000001339
2024-12-14 21:50:13.6953~DEBUG~-> ExtractAllFromFile(zipFileName = "C:\Users\cofc_\AppData\Local\Temp\tmpF970.tmp\rjsec279.ZIP", decompressedFolder = "C:\Users\cofc_\AppData\Local\Temp\tmpFA5B.tmp", message = "rjsec279")~~RJStevensMusicPresentationCreator.Program~0000001340
2024-12-14 21:50:13.9613~DEBUG~extract completed~~RJStevensMusicPresentationCreator.Program~0000001341
2024-12-14 21:50:13.9613~DEBUG~<- ExtractAllFromFile(zipFileName = "C:\Users\cofc_\AppData\Local\Temp\tmpF970.tmp\rjsec279.ZIP", decompressedFolder = "C:\Users\cofc_\AppData\Local\Temp\tmpFA5B.tmp", message = "rjsec279")~~RJStevensMusicPresentationCreator.Program~0000001342
2024-12-14 21:50:14.0323~DEBUG~-> DownloadFile(url = "https://faas-nyc1-2ef2e6cc.doserverless.co/api/v1/web/fn-dd7f8f6a-d32a-4f5e-ae7b-870dfb7963f3/downloads/bundle?id=000000000000289", filename = "C:\Users\cofc_\AppData\Local\Temp\tmpFBA4.tmp\rjsec282.ZIP", message = "rjsec282")~~RJStevensMusicPresentationCreator.Program~0000001343
2024-12-14 21:50:14.2423~DEBUG~download completed~~RJStevensMusicPresentationCreator.Program~0000001344
2024-12-14 21:50:14.2423~DEBUG~<- DownloadFile(url = "https://faas-nyc1-2ef2e6cc.doserverless.co/api/v1/web/fn-dd7f8f6a-d32a-4f5e-ae7b-870dfb7963f3/downloads/bundle?id=000000000000289", filename = "C:\Users\cofc_\AppData\Local\Temp\tmpFBA4.tmp\rjsec282.ZIP", message = "rjsec282")~~RJStevensMusicPresentationCreator.Program~0000001345
2024-12-14 21:50:14.2623~DEBUG~-> ExtractAllFromFile(zipFileName = "C:\Users\cofc_\AppData\Local\Temp\tmpFBA4.tmp\rjsec282.ZIP", decompressedFolder = "C:\Users\cofc_\AppData\Local\Temp\tmpFC90.tmp", message = "rjsec282")~~RJStevensMusicPresentationCreator.Program~0000001346
2024-12-14 21:50:14.5344~DEBUG~extract completed~~RJStevensMusicPresentationCreator.Program~0000001347
2024-12-14 21:50:14.5344~DEBUG~<- ExtractAllFromFile(zipFileName = "C:\Users\cofc_\AppData\Local\Temp\tmpFBA4.tmp\rjsec282.ZIP", decompressedFolder = "C:\Users\cofc_\AppData\Local\Temp\tmpFC90.tmp", message = "rjsec282")~~RJStevensMusicPresentationCreator.Program~0000001348
2024-12-14 21:50:14.6044~DEBUG~-> DownloadFile(url = "https://faas-nyc1-2ef2e6cc.doserverless.co/api/v1/web/fn-dd7f8f6a-d32a-4f5e-ae7b-870dfb7963f3/downloads/bundle?id=000000000000290", filename = "C:\Users\cofc_\AppData\Local\Temp\tmpFDE9.tmp\rjsec283.ZIP", message = "rjsec283")~~RJStevensMusicPresentationCreator.Program~0000001349
2024-12-14 21:50:14.8154~DEBUG~download completed~~RJStevensMusicPresentationCreator.Program~0000001350
2024-12-14 21:50:14.8154~DEBUG~<- DownloadFile(url = "https://faas-nyc1-2ef2e6cc.doserverless.co/api/v1/web/fn-dd7f8f6a-d32a-4f5e-ae7b-870dfb7963f3/downloads/bundle?id=000000000000290", filename = "C:\Users\cofc_\AppData\Local\Temp\tmpFDE9.tmp\rjsec283.ZIP", message = "rjsec283")~~RJStevensMusicPresentationCreator.Program~0000001351
2024-12-14 21:50:14.8314~DEBUG~-> ExtractAllFromFile(zipFileName = "C:\Users\cofc_\AppData\Local\Temp\tmpFDE9.tmp\rjsec283.ZIP", decompressedFolder = "C:\Users\cofc_\AppData\Local\Temp\tmpFED4.tmp", message = "rjsec283")~~RJStevensMusicPresentationCreator.Program~0000001352
2024-12-14 21:50:15.0734~DEBUG~extract completed~~RJStevensMusicPresentationCreator.Program~0000001353
2024-12-14 21:50:15.0794~DEBUG~<- ExtractAllFromFile(zipFileName = "C:\Users\cofc_\AppData\Local\Temp\tmpFDE9.tmp\rjsec283.ZIP", decompressedFolder = "C:\Users\cofc_\AppData\Local\Temp\tmpFED4.tmp", message = "rjsec283")~~RJStevensMusicPresentationCreator.Program~0000001354
2024-12-14 21:50:15.1474~DEBUG~-> DownloadFile(url = "https://faas-nyc1-2ef2e6cc.doserverless.co/api/v1/web/fn-dd7f8f6a-d32a-4f5e-ae7b-870dfb7963f3/downloads/bundle?id=000000000000291", filename = "C:\Users\cofc_\AppData\Local\Temp\tmpD.tmp\rjsec284.ZIP", message = "rjsec284")~~RJStevensMusicPresentationCreator.Program~0000001355
2024-12-14 21:50:15.3984~DEBUG~download completed~~RJStevensMusicPresentationCreator.Program~0000001356
2024-12-14 21:50:15.3984~DEBUG~<- DownloadFile(url = "https://faas-nyc1-2ef2e6cc.doserverless.co/api/v1/web/fn-dd7f8f6a-d32a-4f5e-ae7b-870dfb7963f3/downloads/bundle?id=000000000000291", filename = "C:\Users\cofc_\AppData\Local\Temp\tmpD.tmp\rjsec284.ZIP", message = "rjsec284")~~RJStevensMusicPresentationCreator.Program~0000001357
2024-12-14 21:50:15.4208~DEBUG~-> ExtractAllFromFile(zipFileName = "C:\Users\cofc_\AppData\Local\Temp\tmpD.tmp\rjsec284.ZIP", decompressedFolder = "C:\Users\cofc_\AppData\Local\Temp\tmp118.tmp", message = "rjsec284")~~RJStevensMusicPresentationCreator.Program~0000001358
2024-12-14 21:50:15.6549~DEBUG~extract completed~~RJStevensMusicPresentationCreator.Program~0000001359
2024-12-14 21:50:15.6579~DEBUG~<- ExtractAllFromFile(zipFileName = "C:\Users\cofc_\AppData\Local\Temp\tmpD.tmp\rjsec284.ZIP", decompressedFolder = "C:\Users\cofc_\AppData\Local\Temp\tmp118.tmp", message = "rjsec284")~~RJStevensMusicPresentationCreator.Program~0000001360
2024-12-14 21:50:15.7179~DEBUG~-> DownloadFile(url = "https://faas-nyc1-2ef2e6cc.doserverless.co/api/v1/web/fn-dd7f8f6a-d32a-4f5e-ae7b-870dfb7963f3/downloads/bundle?id=000000000000293", filename = "C:\Users\cofc_\AppData\Local\Temp\tmp242.tmp\rjsec286.ZIP", message = "rjsec286")~~RJStevensMusicPresentationCreator.Program~0000001361
2024-12-14 21:50:15.9059~DEBUG~download completed~~RJStevensMusicPresentationCreator.Program~0000001362
2024-12-14 21:50:15.9059~DEBUG~<- DownloadFile(url = "https://faas-nyc1-2ef2e6cc.doserverless.co/api/v1/web/fn-dd7f8f6a-d32a-4f5e-ae7b-870dfb7963f3/downloads/bundle?id=000000000000293", filename = "C:\Users\cofc_\AppData\Local\Temp\tmp242.tmp\rjsec286.ZIP", message = "rjsec286")~~RJStevensMusicPresentationCreator.Program~0000001363
2024-12-14 21:50:15.9229~DEBUG~-> ExtractAllFromFile(zipFileName = "C:\Users\cofc_\AppData\Local\Temp\tmp242.tmp\rjsec286.ZIP", decompressedFolder = "C:\Users\cofc_\AppData\Local\Temp\tmp31E.tmp", message = "rjsec286")~~RJStevensMusicPresentationCreator.Program~0000001364
2024-12-14 21:50:16.1049~DEBUG~extract completed~~RJStevensMusicPresentationCreator.Program~0000001365
2024-12-14 21:50:16.1049~DEBUG~<- ExtractAllFromFile(zipFileName = "C:\Users\cofc_\AppData\Local\Temp\tmp242.tmp\rjsec286.ZIP", decompressedFolder = "C:\Users\cofc_\AppData\Local\Temp\tmp31E.tmp", message = "rjsec286")~~RJStevensMusicPresentationCreator.Program~0000001366
2024-12-14 21:50:16.1709~DEBUG~-> DownloadFile(url = "https://faas-nyc1-2ef2e6cc.doserverless.co/api/v1/web/fn-dd7f8f6a-d32a-4f5e-ae7b-870dfb7963f3/downloads/bundle?id=000000000000294", filename = "C:\Users\cofc_\AppData\Local\Temp\tmp409.tmp\rjsec287.ZIP", message = "rjsec287")~~RJStevensMusicPresentationCreator.Program~0000001367
2024-12-14 21:50:16.4209~DEBUG~download completed~~RJStevensMusicPresentationCreator.Program~0000001368
2024-12-14 21:50:16.4209~DEBUG~<- DownloadFile(url = "https://faas-nyc1-2ef2e6cc.doserverless.co/api/v1/web/fn-dd7f8f6a-d32a-4f5e-ae7b-870dfb7963f3/downloads/bundle?id=000000000000294", filename = "C:\Users\cofc_\AppData\Local\Temp\tmp409.tmp\rjsec287.ZIP", message = "rjsec287")~~RJStevensMusicPresentationCreator.Program~0000001369
2024-12-14 21:50:16.4426~DEBUG~-> ExtractAllFromFile(zipFileName = "C:\Users\cofc_\AppData\Local\Temp\tmp409.tmp\rjsec287.ZIP", decompressedFolder = "C:\Users\cofc_\AppData\Local\Temp\tmp523.tmp", message = "rjsec287")~~RJStevensMusicPresentationCreator.Program~0000001370
2024-12-14 21:50:16.6996~DEBUG~extract completed~~RJStevensMusicPresentationCreator.Program~0000001371
2024-12-14 21:50:16.7036~DEBUG~<- ExtractAllFromFile(zipFileName = "C:\Users\cofc_\AppData\Local\Temp\tmp409.tmp\rjsec287.ZIP", decompressedFolder = "C:\Users\cofc_\AppData\Local\Temp\tmp523.tmp", message = "rjsec287")~~RJStevensMusicPresentationCreator.Program~0000001372
2024-12-14 21:50:16.7746~DEBUG~-> DownloadFile(url = "https://faas-nyc1-2ef2e6cc.doserverless.co/api/v1/web/fn-dd7f8f6a-d32a-4f5e-ae7b-870dfb7963f3/downloads/bundle?id=000000000000295", filename = "C:\Users\cofc_\AppData\Local\Temp\tmp66C.tmp\rjsec288.ZIP", message = "rjsec288")~~RJStevensMusicPresentationCreator.Program~0000001373
2024-12-14 21:50:16.9686~DEBUG~download completed~~RJStevensMusicPresentationCreator.Program~0000001374
2024-12-14 21:50:16.9706~DEBUG~<- DownloadFile(url = "https://faas-nyc1-2ef2e6cc.doserverless.co/api/v1/web/fn-dd7f8f6a-d32a-4f5e-ae7b-870dfb7963f3/downloads/bundle?id=000000000000295", filename = "C:\Users\cofc_\AppData\Local\Temp\tmp66C.tmp\rjsec288.ZIP", message = "rjsec288")~~RJStevensMusicPresentationCreator.Program~0000001375
2024-12-14 21:50:16.9926~DEBUG~-> ExtractAllFromFile(zipFileName = "C:\Users\cofc_\AppData\Local\Temp\tmp66C.tmp\rjsec288.ZIP", decompressedFolder = "C:\Users\cofc_\AppData\Local\Temp\tmp748.tmp", message = "rjsec288")~~RJStevensMusicPresentationCreator.Program~0000001376
2024-12-14 21:50:17.2056~DEBUG~extract completed~~RJStevensMusicPresentationCreator.Program~0000001377
2024-12-14 21:50:17.2056~DEBUG~<- ExtractAllFromFile(zipFileName = "C:\Users\cofc_\AppData\Local\Temp\tmp66C.tmp\rjsec288.ZIP", decompressedFolder = "C:\Users\cofc_\AppData\Local\Temp\tmp748.tmp", message = "rjsec288")~~RJStevensMusicPresentationCreator.Program~0000001378
2024-12-14 21:50:17.2696~DEBUG~-> DownloadFile(url = "https://faas-nyc1-2ef2e6cc.doserverless.co/api/v1/web/fn-dd7f8f6a-d32a-4f5e-ae7b-870dfb7963f3/downloads/bundle?id=000000000000296", filename = "C:\Users\cofc_\AppData\Local\Temp\tmp862.tmp\rjsec289.ZIP", message = "rjsec289")~~RJStevensMusicPresentationCreator.Program~0000001379
2024-12-14 21:50:17.4827~DEBUG~download completed~~RJStevensMusicPresentationCreator.Program~0000001380
2024-12-14 21:50:17.4827~DEBUG~<- DownloadFile(url = "https://faas-nyc1-2ef2e6cc.doserverless.co/api/v1/web/fn-dd7f8f6a-d32a-4f5e-ae7b-870dfb7963f3/downloads/bundle?id=000000000000296", filename = "C:\Users\cofc_\AppData\Local\Temp\tmp862.tmp\rjsec289.ZIP", message = "rjsec289")~~RJStevensMusicPresentationCreator.Program~0000001381
2024-12-14 21:50:17.4967~DEBUG~-> ExtractAllFromFile(zipFileName = "C:\Users\cofc_\AppData\Local\Temp\tmp862.tmp\rjsec289.ZIP", decompressedFolder = "C:\Users\cofc_\AppData\Local\Temp\tmp93E.tmp", message = "rjsec289")~~RJStevensMusicPresentationCreator.Program~0000001382
2024-12-14 21:50:17.7661~DEBUG~extract completed~~RJStevensMusicPresentationCreator.Program~0000001383
2024-12-14 21:50:17.7661~DEBUG~<- ExtractAllFromFile(zipFileName = "C:\Users\cofc_\AppData\Local\Temp\tmp862.tmp\rjsec289.ZIP", decompressedFolder = "C:\Users\cofc_\AppData\Local\Temp\tmp93E.tmp", message = "rjsec289")~~RJStevensMusicPresentationCreator.Program~0000001384
2024-12-14 21:50:17.8301~DEBUG~-> DownloadFile(url = "https://faas-nyc1-2ef2e6cc.doserverless.co/api/v1/web/fn-dd7f8f6a-d32a-4f5e-ae7b-870dfb7963f3/downloads/bundle?id=000000000000297", filename = "C:\Users\cofc_\AppData\Local\Temp\tmpA97.tmp\rjsec290.ZIP", message = "rjsec290")~~RJStevensMusicPresentationCreator.Program~0000001385
2024-12-14 21:50:18.0631~DEBUG~download completed~~RJStevensMusicPresentationCreator.Program~0000001386
2024-12-14 21:50:18.0631~DEBUG~<- DownloadFile(url = "https://faas-nyc1-2ef2e6cc.doserverless.co/api/v1/web/fn-dd7f8f6a-d32a-4f5e-ae7b-870dfb7963f3/downloads/bundle?id=000000000000297", filename = "C:\Users\cofc_\AppData\Local\Temp\tmpA97.tmp\rjsec290.ZIP", message = "rjsec290")~~RJStevensMusicPresentationCreator.Program~0000001387
2024-12-14 21:50:18.0791~DEBUG~-> ExtractAllFromFile(zipFileName = "C:\Users\cofc_\AppData\Local\Temp\tmpA97.tmp\rjsec290.ZIP", decompressedFolder = "C:\Users\cofc_\AppData\Local\Temp\tmpB82.tmp", message = "rjsec290")~~RJStevensMusicPresentationCreator.Program~0000001388
2024-12-14 21:50:18.3611~DEBUG~extract completed~~RJStevensMusicPresentationCreator.Program~0000001389
2024-12-14 21:50:18.3611~DEBUG~<- ExtractAllFromFile(zipFileName = "C:\Users\cofc_\AppData\Local\Temp\tmpA97.tmp\rjsec290.ZIP", decompressedFolder = "C:\Users\cofc_\AppData\Local\Temp\tmpB82.tmp", message = "rjsec290")~~RJStevensMusicPresentationCreator.Program~0000001390
2024-12-14 21:50:18.4432~DEBUG~-> DownloadFile(url = "https://faas-nyc1-2ef2e6cc.doserverless.co/api/v1/web/fn-dd7f8f6a-d32a-4f5e-ae7b-870dfb7963f3/downloads/bundle?id=000000000000299", filename = "C:\Users\cofc_\AppData\Local\Temp\tmpCFA.tmp\rjsec292.ZIP", message = "rjsec292")~~RJStevensMusicPresentationCreator.Program~0000001391
2024-12-14 21:50:18.6792~DEBUG~download completed~~RJStevensMusicPresentationCreator.Program~0000001392
2024-12-14 21:50:18.6792~DEBUG~<- DownloadFile(url = "https://faas-nyc1-2ef2e6cc.doserverless.co/api/v1/web/fn-dd7f8f6a-d32a-4f5e-ae7b-870dfb7963f3/downloads/bundle?id=000000000000299", filename = "C:\Users\cofc_\AppData\Local\Temp\tmpCFA.tmp\rjsec292.ZIP", message = "rjsec292")~~RJStevensMusicPresentationCreator.Program~0000001393
2024-12-14 21:50:18.6982~DEBUG~-> ExtractAllFromFile(zipFileName = "C:\Users\cofc_\AppData\Local\Temp\tmpCFA.tmp\rjsec292.ZIP", decompressedFolder = "C:\Users\cofc_\AppData\Local\Temp\tmpDF5.tmp", message = "rjsec292")~~RJStevensMusicPresentationCreator.Program~0000001394
2024-12-14 21:50:18.9542~DEBUG~extract completed~~RJStevensMusicPresentationCreator.Program~0000001395
2024-12-14 21:50:18.9542~DEBUG~<- ExtractAllFromFile(zipFileName = "C:\Users\cofc_\AppData\Local\Temp\tmpCFA.tmp\rjsec292.ZIP", decompressedFolder = "C:\Users\cofc_\AppData\Local\Temp\tmpDF5.tmp", message = "rjsec292")~~RJStevensMusicPresentationCreator.Program~0000001396
2024-12-14 21:50:19.0252~DEBUG~-> DownloadFile(url = "https://faas-nyc1-2ef2e6cc.doserverless.co/api/v1/web/fn-dd7f8f6a-d32a-4f5e-ae7b-870dfb7963f3/downloads/bundle?id=000000000000300", filename = "C:\Users\cofc_\AppData\Local\Temp\tmpF3E.tmp\rjsec293.ZIP", message = "rjsec293")~~RJStevensMusicPresentationCreator.Program~0000001397
2024-12-14 21:50:19.2312~DEBUG~download completed~~RJStevensMusicPresentationCreator.Program~0000001398
2024-12-14 21:50:19.2312~DEBUG~<- DownloadFile(url = "https://faas-nyc1-2ef2e6cc.doserverless.co/api/v1/web/fn-dd7f8f6a-d32a-4f5e-ae7b-870dfb7963f3/downloads/bundle?id=000000000000300", filename = "C:\Users\cofc_\AppData\Local\Temp\tmpF3E.tmp\rjsec293.ZIP", message = "rjsec293")~~RJStevensMusicPresentationCreator.Program~0000001399
2024-12-14 21:50:19.2482~DEBUG~-> ExtractAllFromFile(zipFileName = "C:\Users\cofc_\AppData\Local\Temp\tmpF3E.tmp\rjsec293.ZIP", decompressedFolder = "C:\Users\cofc_\AppData\Local\Temp\tmp101A.tmp", message = "rjsec293")~~RJStevensMusicPresentationCreator.Program~0000001400
2024-12-14 21:50:19.4952~DEBUG~extract completed~~RJStevensMusicPresentationCreator.Program~0000001401
2024-12-14 21:50:19.4952~DEBUG~<- ExtractAllFromFile(zipFileName = "C:\Users\cofc_\AppData\Local\Temp\tmpF3E.tmp\rjsec293.ZIP", decompressedFolder = "C:\Users\cofc_\AppData\Local\Temp\tmp101A.tmp", message = "rjsec293")~~RJStevensMusicPresentationCreator.Program~0000001402
2024-12-14 21:50:19.5652~DEBUG~-> DownloadFile(url = "https://faas-nyc1-2ef2e6cc.doserverless.co/api/v1/web/fn-dd7f8f6a-d32a-4f5e-ae7b-870dfb7963f3/downloads/bundle?id=000000000000301", filename = "C:\Users\cofc_\AppData\Local\Temp\tmp1163.tmp\rjsec294.ZIP", message = "rjsec294")~~RJStevensMusicPresentationCreator.Program~0000001403
2024-12-14 21:50:19.7893~DEBUG~download completed~~RJStevensMusicPresentationCreator.Program~0000001404
2024-12-14 21:50:19.7893~DEBUG~<- DownloadFile(url = "https://faas-nyc1-2ef2e6cc.doserverless.co/api/v1/web/fn-dd7f8f6a-d32a-4f5e-ae7b-870dfb7963f3/downloads/bundle?id=000000000000301", filename = "C:\Users\cofc_\AppData\Local\Temp\tmp1163.tmp\rjsec294.ZIP", message = "rjsec294")~~RJStevensMusicPresentationCreator.Program~0000001405
2024-12-14 21:50:19.8103~DEBUG~-> ExtractAllFromFile(zipFileName = "C:\Users\cofc_\AppData\Local\Temp\tmp1163.tmp\rjsec294.ZIP", decompressedFolder = "C:\Users\cofc_\AppData\Local\Temp\tmp124F.tmp", message = "rjsec294")~~RJStevensMusicPresentationCreator.Program~0000001406
2024-12-14 21:50:20.0733~DEBUG~extract completed~~RJStevensMusicPresentationCreator.Program~0000001407
2024-12-14 21:50:20.0733~DEBUG~<- ExtractAllFromFile(zipFileName = "C:\Users\cofc_\AppData\Local\Temp\tmp1163.tmp\rjsec294.ZIP", decompressedFolder = "C:\Users\cofc_\AppData\Local\Temp\tmp124F.tmp", message = "rjsec294")~~RJStevensMusicPresentationCreator.Program~0000001408
2024-12-14 21:50:20.1363~DEBUG~-> DownloadFile(url = "https://faas-nyc1-2ef2e6cc.doserverless.co/api/v1/web/fn-dd7f8f6a-d32a-4f5e-ae7b-870dfb7963f3/downloads/bundle?id=000000000000302", filename = "C:\Users\cofc_\AppData\Local\Temp\tmp1398.tmp\rjsec295.ZIP", message = "rjsec295")~~RJStevensMusicPresentationCreator.Program~0000001409
2024-12-14 21:50:20.3673~DEBUG~download completed~~RJStevensMusicPresentationCreator.Program~0000001410
2024-12-14 21:50:20.3673~DEBUG~<- DownloadFile(url = "https://faas-nyc1-2ef2e6cc.doserverless.co/api/v1/web/fn-dd7f8f6a-d32a-4f5e-ae7b-870dfb7963f3/downloads/bundle?id=000000000000302", filename = "C:\Users\cofc_\AppData\Local\Temp\tmp1398.tmp\rjsec295.ZIP", message = "rjsec295")~~RJStevensMusicPresentationCreator.Program~0000001411
2024-12-14 21:50:20.3863~DEBUG~-> ExtractAllFromFile(zipFileName = "C:\Users\cofc_\AppData\Local\Temp\tmp1398.tmp\rjsec295.ZIP", decompressedFolder = "C:\Users\cofc_\AppData\Local\Temp\tmp1493.tmp", message = "rjsec295")~~RJStevensMusicPresentationCreator.Program~0000001412
2024-12-14 21:50:20.6553~DEBUG~extract completed~~RJStevensMusicPresentationCreator.Program~0000001413
2024-12-14 21:50:20.6583~DEBUG~<- ExtractAllFromFile(zipFileName = "C:\Users\cofc_\AppData\Local\Temp\tmp1398.tmp\rjsec295.ZIP", decompressedFolder = "C:\Users\cofc_\AppData\Local\Temp\tmp1493.tmp", message = "rjsec295")~~RJStevensMusicPresentationCreator.Program~0000001414
2024-12-14 21:50:20.7283~DEBUG~-> DownloadFile(url = "https://faas-nyc1-2ef2e6cc.doserverless.co/api/v1/web/fn-dd7f8f6a-d32a-4f5e-ae7b-870dfb7963f3/downloads/bundle?id=000000000000303", filename = "C:\Users\cofc_\AppData\Local\Temp\tmp15EF.tmp\rjsec296.ZIP", message = "rjsec296")~~RJStevensMusicPresentationCreator.Program~0000001415
2024-12-14 21:50:20.9443~DEBUG~download completed~~RJStevensMusicPresentationCreator.Program~0000001416
2024-12-14 21:50:20.9443~DEBUG~<- DownloadFile(url = "https://faas-nyc1-2ef2e6cc.doserverless.co/api/v1/web/fn-dd7f8f6a-d32a-4f5e-ae7b-870dfb7963f3/downloads/bundle?id=000000000000303", filename = "C:\Users\cofc_\AppData\Local\Temp\tmp15EF.tmp\rjsec296.ZIP", message = "rjsec296")~~RJStevensMusicPresentationCreator.Program~0000001417
2024-12-14 21:50:20.9673~DEBUG~-> ExtractAllFromFile(zipFileName = "C:\Users\cofc_\AppData\Local\Temp\tmp15EF.tmp\rjsec296.ZIP", decompressedFolder = "C:\Users\cofc_\AppData\Local\Temp\tmp16D7.tmp", message = "rjsec296")~~RJStevensMusicPresentationCreator.Program~0000001418
2024-12-14 21:50:21.2064~DEBUG~extract completed~~RJStevensMusicPresentationCreator.Program~0000001419
2024-12-14 21:50:21.2064~DEBUG~<- ExtractAllFromFile(zipFileName = "C:\Users\cofc_\AppData\Local\Temp\tmp15EF.tmp\rjsec296.ZIP", decompressedFolder = "C:\Users\cofc_\AppData\Local\Temp\tmp16D7.tmp", message = "rjsec296")~~RJStevensMusicPresentationCreator.Program~0000001420
2024-12-14 21:50:21.2754~DEBUG~-> DownloadFile(url = "https://faas-nyc1-2ef2e6cc.doserverless.co/api/v1/web/fn-dd7f8f6a-d32a-4f5e-ae7b-870dfb7963f3/downloads/bundle?id=000000000000304", filename = "C:\Users\cofc_\AppData\Local\Temp\tmp1810.tmp\rjsec297.ZIP", message = "rjsec297")~~RJStevensMusicPresentationCreator.Program~0000001421
2024-12-14 21:50:21.4854~DEBUG~download completed~~RJStevensMusicPresentationCreator.Program~0000001422
2024-12-14 21:50:21.4854~DEBUG~<- DownloadFile(url = "https://faas-nyc1-2ef2e6cc.doserverless.co/api/v1/web/fn-dd7f8f6a-d32a-4f5e-ae7b-870dfb7963f3/downloads/bundle?id=000000000000304", filename = "C:\Users\cofc_\AppData\Local\Temp\tmp1810.tmp\rjsec297.ZIP", message = "rjsec297")~~RJStevensMusicPresentationCreator.Program~0000001423
2024-12-14 21:50:21.5014~DEBUG~-> ExtractAllFromFile(zipFileName = "C:\Users\cofc_\AppData\Local\Temp\tmp1810.tmp\rjsec297.ZIP", decompressedFolder = "C:\Users\cofc_\AppData\Local\Temp\tmp18FC.tmp", message = "rjsec297")~~RJStevensMusicPresentationCreator.Program~0000001424
2024-12-14 21:50:21.7084~DEBUG~extract completed~~RJStevensMusicPresentationCreator.Program~0000001425
2024-12-14 21:50:21.7084~DEBUG~<- ExtractAllFromFile(zipFileName = "C:\Users\cofc_\AppData\Local\Temp\tmp1810.tmp\rjsec297.ZIP", decompressedFolder = "C:\Users\cofc_\AppData\Local\Temp\tmp18FC.tmp", message = "rjsec297")~~RJStevensMusicPresentationCreator.Program~0000001426
2024-12-14 21:50:21.7744~DEBUG~-> DownloadFile(url = "https://faas-nyc1-2ef2e6cc.doserverless.co/api/v1/web/fn-dd7f8f6a-d32a-4f5e-ae7b-870dfb7963f3/downloads/bundle?id=000000000000305", filename = "C:\Users\cofc_\AppData\Local\Temp\tmp1A06.tmp\rjsec298.ZIP", message = "rjsec298")~~RJStevensMusicPresentationCreator.Program~0000001427
2024-12-14 21:50:21.9904~DEBUG~download completed~~RJStevensMusicPresentationCreator.Program~0000001428
2024-12-14 21:50:21.9904~DEBUG~<- DownloadFile(url = "https://faas-nyc1-2ef2e6cc.doserverless.co/api/v1/web/fn-dd7f8f6a-d32a-4f5e-ae7b-870dfb7963f3/downloads/bundle?id=000000000000305", filename = "C:\Users\cofc_\AppData\Local\Temp\tmp1A06.tmp\rjsec298.ZIP", message = "rjsec298")~~RJStevensMusicPresentationCreator.Program~0000001429
2024-12-14 21:50:22.0104~DEBUG~-> ExtractAllFromFile(zipFileName = "C:\Users\cofc_\AppData\Local\Temp\tmp1A06.tmp\rjsec298.ZIP", decompressedFolder = "C:\Users\cofc_\AppData\Local\Temp\tmp1AF2.tmp", message = "rjsec298")~~RJStevensMusicPresentationCreator.Program~0000001430
2024-12-14 21:50:22.2494~DEBUG~extract completed~~RJStevensMusicPresentationCreator.Program~0000001431
2024-12-14 21:50:22.2524~DEBUG~<- ExtractAllFromFile(zipFileName = "C:\Users\cofc_\AppData\Local\Temp\tmp1A06.tmp\rjsec298.ZIP", decompressedFolder = "C:\Users\cofc_\AppData\Local\Temp\tmp1AF2.tmp", message = "rjsec298")~~RJStevensMusicPresentationCreator.Program~0000001432
2024-12-14 21:50:22.3274~DEBUG~-> DownloadFile(url = "https://faas-nyc1-2ef2e6cc.doserverless.co/api/v1/web/fn-dd7f8f6a-d32a-4f5e-ae7b-870dfb7963f3/downloads/bundle?id=000000000000307", filename = "C:\Users\cofc_\AppData\Local\Temp\tmp1C2B.tmp\rjsec300.ZIP", message = "rjsec300")~~RJStevensMusicPresentationCreator.Program~0000001433
2024-12-14 21:50:22.5425~DEBUG~download completed~~RJStevensMusicPresentationCreator.Program~0000001434
2024-12-14 21:50:22.5425~DEBUG~<- DownloadFile(url = "https://faas-nyc1-2ef2e6cc.doserverless.co/api/v1/web/fn-dd7f8f6a-d32a-4f5e-ae7b-870dfb7963f3/downloads/bundle?id=000000000000307", filename = "C:\Users\cofc_\AppData\Local\Temp\tmp1C2B.tmp\rjsec300.ZIP", message = "rjsec300")~~RJStevensMusicPresentationCreator.Program~0000001435
2024-12-14 21:50:22.5575~DEBUG~-> ExtractAllFromFile(zipFileName = "C:\Users\cofc_\AppData\Local\Temp\tmp1C2B.tmp\rjsec300.ZIP", decompressedFolder = "C:\Users\cofc_\AppData\Local\Temp\tmp1D17.tmp", message = "rjsec300")~~RJStevensMusicPresentationCreator.Program~0000001436
2024-12-14 21:50:22.7685~DEBUG~extract completed~~RJStevensMusicPresentationCreator.Program~0000001437
2024-12-14 21:50:22.7685~DEBUG~<- ExtractAllFromFile(zipFileName = "C:\Users\cofc_\AppData\Local\Temp\tmp1C2B.tmp\rjsec300.ZIP", decompressedFolder = "C:\Users\cofc_\AppData\Local\Temp\tmp1D17.tmp", message = "rjsec300")~~RJStevensMusicPresentationCreator.Program~0000001438
2024-12-14 21:50:22.8325~DEBUG~-> DownloadFile(url = "https://faas-nyc1-2ef2e6cc.doserverless.co/api/v1/web/fn-dd7f8f6a-d32a-4f5e-ae7b-870dfb7963f3/downloads/bundle?id=000000000000308", filename = "C:\Users\cofc_\AppData\Local\Temp\tmp1E31.tmp\rjsec301.ZIP", message = "rjsec301")~~RJStevensMusicPresentationCreator.Program~0000001439
2024-12-14 21:50:23.0225~DEBUG~download completed~~RJStevensMusicPresentationCreator.Program~0000001440
2024-12-14 21:50:23.0225~DEBUG~<- DownloadFile(url = "https://faas-nyc1-2ef2e6cc.doserverless.co/api/v1/web/fn-dd7f8f6a-d32a-4f5e-ae7b-870dfb7963f3/downloads/bundle?id=000000000000308", filename = "C:\Users\cofc_\AppData\Local\Temp\tmp1E31.tmp\rjsec301.ZIP", message = "rjsec301")~~RJStevensMusicPresentationCreator.Program~0000001441
2024-12-14 21:50:23.0375~DEBUG~-> ExtractAllFromFile(zipFileName = "C:\Users\cofc_\AppData\Local\Temp\tmp1E31.tmp\rjsec301.ZIP", decompressedFolder = "C:\Users\cofc_\AppData\Local\Temp\tmp1EFD.tmp", message = "rjsec301")~~RJStevensMusicPresentationCreator.Program~0000001442
2024-12-14 21:50:23.2945~DEBUG~extract completed~~RJStevensMusicPresentationCreator.Program~0000001443
2024-12-14 21:50:23.3025~DEBUG~<- ExtractAllFromFile(zipFileName = "C:\Users\cofc_\AppData\Local\Temp\tmp1E31.tmp\rjsec301.ZIP", decompressedFolder = "C:\Users\cofc_\AppData\Local\Temp\tmp1EFD.tmp", message = "rjsec301")~~RJStevensMusicPresentationCreator.Program~0000001444
2024-12-14 21:50:23.3755~DEBUG~-> DownloadFile(url = "https://faas-nyc1-2ef2e6cc.doserverless.co/api/v1/web/fn-dd7f8f6a-d32a-4f5e-ae7b-870dfb7963f3/downloads/bundle?id=000000000000309", filename = "C:\Users\cofc_\AppData\Local\Temp\tmp2046.tmp\rjsec302.ZIP", message = "rjsec302")~~RJStevensMusicPresentationCreator.Program~0000001445
2024-12-14 21:50:23.6075~DEBUG~download completed~~RJStevensMusicPresentationCreator.Program~0000001446
2024-12-14 21:50:23.6075~DEBUG~<- DownloadFile(url = "https://faas-nyc1-2ef2e6cc.doserverless.co/api/v1/web/fn-dd7f8f6a-d32a-4f5e-ae7b-870dfb7963f3/downloads/bundle?id=000000000000309", filename = "C:\Users\cofc_\AppData\Local\Temp\tmp2046.tmp\rjsec302.ZIP", message = "rjsec302")~~RJStevensMusicPresentationCreator.Program~0000001447
2024-12-14 21:50:23.6235~DEBUG~-> ExtractAllFromFile(zipFileName = "C:\Users\cofc_\AppData\Local\Temp\tmp2046.tmp\rjsec302.ZIP", decompressedFolder = "C:\Users\cofc_\AppData\Local\Temp\tmp2141.tmp", message = "rjsec302")~~RJStevensMusicPresentationCreator.Program~0000001448
2024-12-14 21:50:23.8486~DEBUG~extract completed~~RJStevensMusicPresentationCreator.Program~0000001449
2024-12-14 21:50:23.8486~DEBUG~<- ExtractAllFromFile(zipFileName = "C:\Users\cofc_\AppData\Local\Temp\tmp2046.tmp\rjsec302.ZIP", decompressedFolder = "C:\Users\cofc_\AppData\Local\Temp\tmp2141.tmp", message = "rjsec302")~~RJStevensMusicPresentationCreator.Program~0000001450
2024-12-14 21:50:23.9116~DEBUG~-> DownloadFile(url = "https://faas-nyc1-2ef2e6cc.doserverless.co/api/v1/web/fn-dd7f8f6a-d32a-4f5e-ae7b-870dfb7963f3/downloads/bundle?id=000000000000310", filename = "C:\Users\cofc_\AppData\Local\Temp\tmp226B.tmp\rjsec303.ZIP", message = "rjsec303")~~RJStevensMusicPresentationCreator.Program~0000001451
2024-12-14 21:50:24.1206~DEBUG~download completed~~RJStevensMusicPresentationCreator.Program~0000001452
2024-12-14 21:50:24.1206~DEBUG~<- DownloadFile(url = "https://faas-nyc1-2ef2e6cc.doserverless.co/api/v1/web/fn-dd7f8f6a-d32a-4f5e-ae7b-870dfb7963f3/downloads/bundle?id=000000000000310", filename = "C:\Users\cofc_\AppData\Local\Temp\tmp226B.tmp\rjsec303.ZIP", message = "rjsec303")~~RJStevensMusicPresentationCreator.Program~0000001453
2024-12-14 21:50:24.1376~DEBUG~-> ExtractAllFromFile(zipFileName = "C:\Users\cofc_\AppData\Local\Temp\tmp226B.tmp\rjsec303.ZIP", decompressedFolder = "C:\Users\cofc_\AppData\Local\Temp\tmp2347.tmp", message = "rjsec303")~~RJStevensMusicPresentationCreator.Program~0000001454
2024-12-14 21:50:24.4286~DEBUG~extract completed~~RJStevensMusicPresentationCreator.Program~0000001455
2024-12-14 21:50:24.4286~DEBUG~<- ExtractAllFromFile(zipFileName = "C:\Users\cofc_\AppData\Local\Temp\tmp226B.tmp\rjsec303.ZIP", decompressedFolder = "C:\Users\cofc_\AppData\Local\Temp\tmp2347.tmp", message = "rjsec303")~~RJStevensMusicPresentationCreator.Program~0000001456
2024-12-14 21:50:24.5076~DEBUG~-> DownloadFile(url = "https://faas-nyc1-2ef2e6cc.doserverless.co/api/v1/web/fn-dd7f8f6a-d32a-4f5e-ae7b-870dfb7963f3/downloads/bundle?id=000000000000311", filename = "C:\Users\cofc_\AppData\Local\Temp\tmp24BF.tmp\rjsec304.ZIP", message = "rjsec304")~~RJStevensMusicPresentationCreator.Program~0000001457
2024-12-14 21:50:24.7176~DEBUG~download completed~~RJStevensMusicPresentationCreator.Program~0000001458
2024-12-14 21:50:24.7176~DEBUG~<- DownloadFile(url = "https://faas-nyc1-2ef2e6cc.doserverless.co/api/v1/web/fn-dd7f8f6a-d32a-4f5e-ae7b-870dfb7963f3/downloads/bundle?id=000000000000311", filename = "C:\Users\cofc_\AppData\Local\Temp\tmp24BF.tmp\rjsec304.ZIP", message = "rjsec304")~~RJStevensMusicPresentationCreator.Program~0000001459
2024-12-14 21:50:24.7406~DEBUG~-> ExtractAllFromFile(zipFileName = "C:\Users\cofc_\AppData\Local\Temp\tmp24BF.tmp\rjsec304.ZIP", decompressedFolder = "C:\Users\cofc_\AppData\Local\Temp\tmp25AA.tmp", message = "rjsec304")~~RJStevensMusicPresentationCreator.Program~0000001460
2024-12-14 21:50:24.9506~DEBUG~extract completed~~RJStevensMusicPresentationCreator.Program~0000001461
2024-12-14 21:50:24.9536~DEBUG~<- ExtractAllFromFile(zipFileName = "C:\Users\cofc_\AppData\Local\Temp\tmp24BF.tmp\rjsec304.ZIP", decompressedFolder = "C:\Users\cofc_\AppData\Local\Temp\tmp25AA.tmp", message = "rjsec304")~~RJStevensMusicPresentationCreator.Program~0000001462
2024-12-14 21:50:25.0156~DEBUG~-> DownloadFile(url = "https://faas-nyc1-2ef2e6cc.doserverless.co/api/v1/web/fn-dd7f8f6a-d32a-4f5e-ae7b-870dfb7963f3/downloads/bundle?id=000000000000312", filename = "C:\Users\cofc_\AppData\Local\Temp\tmp26B5.tmp\rjsec305.ZIP", message = "rjsec305")~~RJStevensMusicPresentationCreator.Program~0000001463
2024-12-14 21:50:25.3467~DEBUG~download completed~~RJStevensMusicPresentationCreator.Program~0000001464
2024-12-14 21:50:25.3467~DEBUG~<- DownloadFile(url = "https://faas-nyc1-2ef2e6cc.doserverless.co/api/v1/web/fn-dd7f8f6a-d32a-4f5e-ae7b-870dfb7963f3/downloads/bundle?id=000000000000312", filename = "C:\Users\cofc_\AppData\Local\Temp\tmp26B5.tmp\rjsec305.ZIP", message = "rjsec305")~~RJStevensMusicPresentationCreator.Program~0000001465
2024-12-14 21:50:25.3747~DEBUG~-> ExtractAllFromFile(zipFileName = "C:\Users\cofc_\AppData\Local\Temp\tmp26B5.tmp\rjsec305.ZIP", decompressedFolder = "C:\Users\cofc_\AppData\Local\Temp\tmp281D.tmp", message = "rjsec305")~~RJStevensMusicPresentationCreator.Program~0000001466
2024-12-14 21:50:25.6767~DEBUG~extract completed~~RJStevensMusicPresentationCreator.Program~0000001467
2024-12-14 21:50:25.6767~DEBUG~<- ExtractAllFromFile(zipFileName = "C:\Users\cofc_\AppData\Local\Temp\tmp26B5.tmp\rjsec305.ZIP", decompressedFolder = "C:\Users\cofc_\AppData\Local\Temp\tmp281D.tmp", message = "rjsec305")~~RJStevensMusicPresentationCreator.Program~0000001468
2024-12-14 21:50:25.7617~DEBUG~-> DownloadFile(url = "https://faas-nyc1-2ef2e6cc.doserverless.co/api/v1/web/fn-dd7f8f6a-d32a-4f5e-ae7b-870dfb7963f3/downloads/bundle?id=000000000000313", filename = "C:\Users\cofc_\AppData\Local\Temp\tmp29A5.tmp\rjsec306.ZIP", message = "rjsec306")~~RJStevensMusicPresentationCreator.Program~0000001469
2024-12-14 21:50:25.9547~DEBUG~download completed~~RJStevensMusicPresentationCreator.Program~0000001470
2024-12-14 21:50:25.9547~DEBUG~<- DownloadFile(url = "https://faas-nyc1-2ef2e6cc.doserverless.co/api/v1/web/fn-dd7f8f6a-d32a-4f5e-ae7b-870dfb7963f3/downloads/bundle?id=000000000000313", filename = "C:\Users\cofc_\AppData\Local\Temp\tmp29A5.tmp\rjsec306.ZIP", message = "rjsec306")~~RJStevensMusicPresentationCreator.Program~0000001471
2024-12-14 21:50:25.9707~DEBUG~-> ExtractAllFromFile(zipFileName = "C:\Users\cofc_\AppData\Local\Temp\tmp29A5.tmp\rjsec306.ZIP", decompressedFolder = "C:\Users\cofc_\AppData\Local\Temp\tmp2A81.tmp", message = "rjsec306")~~RJStevensMusicPresentationCreator.Program~0000001472
2024-12-14 21:50:26.1687~DEBUG~extract completed~~RJStevensMusicPresentationCreator.Program~0000001473
2024-12-14 21:50:26.1687~DEBUG~<- ExtractAllFromFile(zipFileName = "C:\Users\cofc_\AppData\Local\Temp\tmp29A5.tmp\rjsec306.ZIP", decompressedFolder = "C:\Users\cofc_\AppData\Local\Temp\tmp2A81.tmp", message = "rjsec306")~~RJStevensMusicPresentationCreator.Program~0000001474
2024-12-14 21:50:26.2257~DEBUG~-> DownloadFile(url = "https://faas-nyc1-2ef2e6cc.doserverless.co/api/v1/web/fn-dd7f8f6a-d32a-4f5e-ae7b-870dfb7963f3/downloads/bundle?id=000000000000314", filename = "C:\Users\cofc_\AppData\Local\Temp\tmp2B7C.tmp\rjsec307.ZIP", message = "rjsec307")~~RJStevensMusicPresentationCreator.Program~0000001475
2024-12-14 21:50:26.4377~DEBUG~download completed~~RJStevensMusicPresentationCreator.Program~0000001476
2024-12-14 21:50:26.4387~DEBUG~<- DownloadFile(url = "https://faas-nyc1-2ef2e6cc.doserverless.co/api/v1/web/fn-dd7f8f6a-d32a-4f5e-ae7b-870dfb7963f3/downloads/bundle?id=000000000000314", filename = "C:\Users\cofc_\AppData\Local\Temp\tmp2B7C.tmp\rjsec307.ZIP", message = "rjsec307")~~RJStevensMusicPresentationCreator.Program~0000001477
2024-12-14 21:50:26.4547~DEBUG~-> ExtractAllFromFile(zipFileName = "C:\Users\cofc_\AppData\Local\Temp\tmp2B7C.tmp\rjsec307.ZIP", decompressedFolder = "C:\Users\cofc_\AppData\Local\Temp\tmp2C67.tmp", message = "rjsec307")~~RJStevensMusicPresentationCreator.Program~0000001478
2024-12-14 21:50:26.7618~DEBUG~extract completed~~RJStevensMusicPresentationCreator.Program~0000001479
2024-12-14 21:50:26.7618~DEBUG~<- ExtractAllFromFile(zipFileName = "C:\Users\cofc_\AppData\Local\Temp\tmp2B7C.tmp\rjsec307.ZIP", decompressedFolder = "C:\Users\cofc_\AppData\Local\Temp\tmp2C67.tmp", message = "rjsec307")~~RJStevensMusicPresentationCreator.Program~0000001480
2024-12-14 21:50:26.8398~DEBUG~-> DownloadFile(url = "https://faas-nyc1-2ef2e6cc.doserverless.co/api/v1/web/fn-dd7f8f6a-d32a-4f5e-ae7b-870dfb7963f3/downloads/bundle?id=000000000000316", filename = "C:\Users\cofc_\AppData\Local\Temp\tmp2DDF.tmp\rjsec309.ZIP", message = "rjsec309")~~RJStevensMusicPresentationCreator.Program~0000001481
2024-12-14 21:50:27.0718~DEBUG~download completed~~RJStevensMusicPresentationCreator.Program~0000001482
2024-12-14 21:50:27.0718~DEBUG~<- DownloadFile(url = "https://faas-nyc1-2ef2e6cc.doserverless.co/api/v1/web/fn-dd7f8f6a-d32a-4f5e-ae7b-870dfb7963f3/downloads/bundle?id=000000000000316", filename = "C:\Users\cofc_\AppData\Local\Temp\tmp2DDF.tmp\rjsec309.ZIP", message = "rjsec309")~~RJStevensMusicPresentationCreator.Program~0000001483
2024-12-14 21:50:27.0888~DEBUG~-> ExtractAllFromFile(zipFileName = "C:\Users\cofc_\AppData\Local\Temp\tmp2DDF.tmp\rjsec309.ZIP", decompressedFolder = "C:\Users\cofc_\AppData\Local\Temp\tmp2EDA.tmp", message = "rjsec309")~~RJStevensMusicPresentationCreator.Program~0000001484
2024-12-14 21:50:27.4018~DEBUG~extract completed~~RJStevensMusicPresentationCreator.Program~0000001485
2024-12-14 21:50:27.4018~DEBUG~<- ExtractAllFromFile(zipFileName = "C:\Users\cofc_\AppData\Local\Temp\tmp2DDF.tmp\rjsec309.ZIP", decompressedFolder = "C:\Users\cofc_\AppData\Local\Temp\tmp2EDA.tmp", message = "rjsec309")~~RJStevensMusicPresentationCreator.Program~0000001486
2024-12-14 21:50:27.4808~DEBUG~-> DownloadFile(url = "https://faas-nyc1-2ef2e6cc.doserverless.co/api/v1/web/fn-dd7f8f6a-d32a-4f5e-ae7b-870dfb7963f3/downloads/bundle?id=000000000000317", filename = "C:\Users\cofc_\AppData\Local\Temp\tmp3062.tmp\rjsec310.ZIP", message = "rjsec310")~~RJStevensMusicPresentationCreator.Program~0000001487
2024-12-14 21:50:27.7398~DEBUG~download completed~~RJStevensMusicPresentationCreator.Program~0000001488
2024-12-14 21:50:27.7398~DEBUG~<- DownloadFile(url = "https://faas-nyc1-2ef2e6cc.doserverless.co/api/v1/web/fn-dd7f8f6a-d32a-4f5e-ae7b-870dfb7963f3/downloads/bundle?id=000000000000317", filename = "C:\Users\cofc_\AppData\Local\Temp\tmp3062.tmp\rjsec310.ZIP", message = "rjsec310")~~RJStevensMusicPresentationCreator.Program~0000001489
2024-12-14 21:50:27.7588~DEBUG~-> ExtractAllFromFile(zipFileName = "C:\Users\cofc_\AppData\Local\Temp\tmp3062.tmp\rjsec310.ZIP", decompressedFolder = "C:\Users\cofc_\AppData\Local\Temp\tmp317C.tmp", message = "rjsec310")~~RJStevensMusicPresentationCreator.Program~0000001490
2024-12-14 21:50:28.0539~DEBUG~extract completed~~RJStevensMusicPresentationCreator.Program~0000001491
2024-12-14 21:50:28.0539~DEBUG~<- ExtractAllFromFile(zipFileName = "C:\Users\cofc_\AppData\Local\Temp\tmp3062.tmp\rjsec310.ZIP", decompressedFolder = "C:\Users\cofc_\AppData\Local\Temp\tmp317C.tmp", message = "rjsec310")~~RJStevensMusicPresentationCreator.Program~0000001492
2024-12-14 21:50:28.1299~DEBUG~-> DownloadFile(url = "https://faas-nyc1-2ef2e6cc.doserverless.co/api/v1/web/fn-dd7f8f6a-d32a-4f5e-ae7b-870dfb7963f3/downloads/bundle?id=000000000000318", filename = "C:\Users\cofc_\AppData\Local\Temp\tmp32F4.tmp\rjsec311.ZIP", message = "rjsec311")~~RJStevensMusicPresentationCreator.Program~0000001493
2024-12-14 21:50:28.3539~DEBUG~download completed~~RJStevensMusicPresentationCreator.Program~0000001494
2024-12-14 21:50:28.3539~DEBUG~<- DownloadFile(url = "https://faas-nyc1-2ef2e6cc.doserverless.co/api/v1/web/fn-dd7f8f6a-d32a-4f5e-ae7b-870dfb7963f3/downloads/bundle?id=000000000000318", filename = "C:\Users\cofc_\AppData\Local\Temp\tmp32F4.tmp\rjsec311.ZIP", message = "rjsec311")~~RJStevensMusicPresentationCreator.Program~0000001495
2024-12-14 21:50:28.3739~DEBUG~-> ExtractAllFromFile(zipFileName = "C:\Users\cofc_\AppData\Local\Temp\tmp32F4.tmp\rjsec311.ZIP", decompressedFolder = "C:\Users\cofc_\AppData\Local\Temp\tmp33DF.tmp", message = "rjsec311")~~RJStevensMusicPresentationCreator.Program~0000001496
2024-12-14 21:50:28.6249~DEBUG~extract completed~~RJStevensMusicPresentationCreator.Program~0000001497
2024-12-14 21:50:28.6289~DEBUG~<- ExtractAllFromFile(zipFileName = "C:\Users\cofc_\AppData\Local\Temp\tmp32F4.tmp\rjsec311.ZIP", decompressedFolder = "C:\Users\cofc_\AppData\Local\Temp\tmp33DF.tmp", message = "rjsec311")~~RJStevensMusicPresentationCreator.Program~0000001498
2024-12-14 21:50:28.7009~DEBUG~-> DownloadFile(url = "https://faas-nyc1-2ef2e6cc.doserverless.co/api/v1/web/fn-dd7f8f6a-d32a-4f5e-ae7b-870dfb7963f3/downloads/bundle?id=000000000000319", filename = "C:\Users\cofc_\AppData\Local\Temp\tmp3528.tmp\rjsec312.ZIP", message = "rjsec312")~~RJStevensMusicPresentationCreator.Program~0000001499
2024-12-14 21:50:28.8999~DEBUG~download completed~~RJStevensMusicPresentationCreator.Program~0000001500
2024-12-14 21:50:28.8999~DEBUG~<- DownloadFile(url = "https://faas-nyc1-2ef2e6cc.doserverless.co/api/v1/web/fn-dd7f8f6a-d32a-4f5e-ae7b-870dfb7963f3/downloads/bundle?id=000000000000319", filename = "C:\Users\cofc_\AppData\Local\Temp\tmp3528.tmp\rjsec312.ZIP", message = "rjsec312")~~RJStevensMusicPresentationCreator.Program~0000001501
2024-12-14 21:50:28.9149~DEBUG~-> ExtractAllFromFile(zipFileName = "C:\Users\cofc_\AppData\Local\Temp\tmp3528.tmp\rjsec312.ZIP", decompressedFolder = "C:\Users\cofc_\AppData\Local\Temp\tmp3604.tmp", message = "rjsec312")~~RJStevensMusicPresentationCreator.Program~0000001502
2024-12-14 21:50:29.1359~DEBUG~extract completed~~RJStevensMusicPresentationCreator.Program~0000001503
2024-12-14 21:50:29.1359~DEBUG~<- ExtractAllFromFile(zipFileName = "C:\Users\cofc_\AppData\Local\Temp\tmp3528.tmp\rjsec312.ZIP", decompressedFolder = "C:\Users\cofc_\AppData\Local\Temp\tmp3604.tmp", message = "rjsec312")~~RJStevensMusicPresentationCreator.Program~0000001504
2024-12-14 21:50:29.1959~DEBUG~-> DownloadFile(url = "https://faas-nyc1-2ef2e6cc.doserverless.co/api/v1/web/fn-dd7f8f6a-d32a-4f5e-ae7b-870dfb7963f3/downloads/bundle?id=000000000000320", filename = "C:\Users\cofc_\AppData\Local\Temp\tmp371E.tmp\rjsec313.ZIP", message = "rjsec313")~~RJStevensMusicPresentationCreator.Program~0000001505
2024-12-14 21:50:29.4000~DEBUG~download completed~~RJStevensMusicPresentationCreator.Program~0000001506
2024-12-14 21:50:29.4000~DEBUG~<- DownloadFile(url = "https://faas-nyc1-2ef2e6cc.doserverless.co/api/v1/web/fn-dd7f8f6a-d32a-4f5e-ae7b-870dfb7963f3/downloads/bundle?id=000000000000320", filename = "C:\Users\cofc_\AppData\Local\Temp\tmp371E.tmp\rjsec313.ZIP", message = "rjsec313")~~RJStevensMusicPresentationCreator.Program~0000001507
2024-12-14 21:50:29.4180~DEBUG~-> ExtractAllFromFile(zipFileName = "C:\Users\cofc_\AppData\Local\Temp\tmp371E.tmp\rjsec313.ZIP", decompressedFolder = "C:\Users\cofc_\AppData\Local\Temp\tmp37FA.tmp", message = "rjsec313")~~RJStevensMusicPresentationCreator.Program~0000001508
2024-12-14 21:50:29.7280~DEBUG~extract completed~~RJStevensMusicPresentationCreator.Program~0000001509
2024-12-14 21:50:29.7280~DEBUG~<- ExtractAllFromFile(zipFileName = "C:\Users\cofc_\AppData\Local\Temp\tmp371E.tmp\rjsec313.ZIP", decompressedFolder = "C:\Users\cofc_\AppData\Local\Temp\tmp37FA.tmp", message = "rjsec313")~~RJStevensMusicPresentationCreator.Program~0000001510
2024-12-14 21:50:29.8130~DEBUG~-> DownloadFile(url = "https://faas-nyc1-2ef2e6cc.doserverless.co/api/v1/web/fn-dd7f8f6a-d32a-4f5e-ae7b-870dfb7963f3/downloads/bundle?id=000000000000321", filename = "C:\Users\cofc_\AppData\Local\Temp\tmp3982.tmp\rjsec314.ZIP", message = "rjsec314")~~RJStevensMusicPresentationCreator.Program~0000001511
2024-12-14 21:50:30.0090~DEBUG~download completed~~RJStevensMusicPresentationCreator.Program~0000001512
2024-12-14 21:50:30.0090~DEBUG~<- DownloadFile(url = "https://faas-nyc1-2ef2e6cc.doserverless.co/api/v1/web/fn-dd7f8f6a-d32a-4f5e-ae7b-870dfb7963f3/downloads/bundle?id=000000000000321", filename = "C:\Users\cofc_\AppData\Local\Temp\tmp3982.tmp\rjsec314.ZIP", message = "rjsec314")~~RJStevensMusicPresentationCreator.Program~0000001513
2024-12-14 21:50:30.0260~DEBUG~-> ExtractAllFromFile(zipFileName = "C:\Users\cofc_\AppData\Local\Temp\tmp3982.tmp\rjsec314.ZIP", decompressedFolder = "C:\Users\cofc_\AppData\Local\Temp\tmp3A5D.tmp", message = "rjsec314")~~RJStevensMusicPresentationCreator.Program~0000001514
2024-12-14 21:50:30.3880~DEBUG~extract completed~~RJStevensMusicPresentationCreator.Program~0000001515
2024-12-14 21:50:30.4110~DEBUG~<- ExtractAllFromFile(zipFileName = "C:\Users\cofc_\AppData\Local\Temp\tmp3982.tmp\rjsec314.ZIP", decompressedFolder = "C:\Users\cofc_\AppData\Local\Temp\tmp3A5D.tmp", message = "rjsec314")~~RJStevensMusicPresentationCreator.Program~0000001516
2024-12-14 21:50:30.5290~DEBUG~-> DownloadFile(url = "https://faas-nyc1-2ef2e6cc.doserverless.co/api/v1/web/fn-dd7f8f6a-d32a-4f5e-ae7b-870dfb7963f3/downloads/bundle?id=000000000000322", filename = "C:\Users\cofc_\AppData\Local\Temp\tmp3C52.tmp\rjsec315.ZIP", message = "rjsec315")~~RJStevensMusicPresentationCreator.Program~0000001517
2024-12-14 21:50:30.7481~DEBUG~download completed~~RJStevensMusicPresentationCreator.Program~0000001518
2024-12-14 21:50:30.7481~DEBUG~<- DownloadFile(url = "https://faas-nyc1-2ef2e6cc.doserverless.co/api/v1/web/fn-dd7f8f6a-d32a-4f5e-ae7b-870dfb7963f3/downloads/bundle?id=000000000000322", filename = "C:\Users\cofc_\AppData\Local\Temp\tmp3C52.tmp\rjsec315.ZIP", message = "rjsec315")~~RJStevensMusicPresentationCreator.Program~0000001519
2024-12-14 21:50:30.7641~DEBUG~-> ExtractAllFromFile(zipFileName = "C:\Users\cofc_\AppData\Local\Temp\tmp3C52.tmp\rjsec315.ZIP", decompressedFolder = "C:\Users\cofc_\AppData\Local\Temp\tmp3D3E.tmp", message = "rjsec315")~~RJStevensMusicPresentationCreator.Program~0000001520
2024-12-14 21:50:31.1001~DEBUG~extract completed~~RJStevensMusicPresentationCreator.Program~0000001521
2024-12-14 21:50:31.1001~DEBUG~<- ExtractAllFromFile(zipFileName = "C:\Users\cofc_\AppData\Local\Temp\tmp3C52.tmp\rjsec315.ZIP", decompressedFolder = "C:\Users\cofc_\AppData\Local\Temp\tmp3D3E.tmp", message = "rjsec315")~~RJStevensMusicPresentationCreator.Program~0000001522
2024-12-14 21:50:31.1681~DEBUG~-> DownloadFile(url = "https://faas-nyc1-2ef2e6cc.doserverless.co/api/v1/web/fn-dd7f8f6a-d32a-4f5e-ae7b-870dfb7963f3/downloads/bundle?id=000000000000323", filename = "C:\Users\cofc_\AppData\Local\Temp\tmp3ED5.tmp\rjsec316.ZIP", message = "rjsec316")~~RJStevensMusicPresentationCreator.Program~0000001523
2024-12-14 21:50:31.3901~DEBUG~download completed~~RJStevensMusicPresentationCreator.Program~0000001524
2024-12-14 21:50:31.3911~DEBUG~<- DownloadFile(url = "https://faas-nyc1-2ef2e6cc.doserverless.co/api/v1/web/fn-dd7f8f6a-d32a-4f5e-ae7b-870dfb7963f3/downloads/bundle?id=000000000000323", filename = "C:\Users\cofc_\AppData\Local\Temp\tmp3ED5.tmp\rjsec316.ZIP", message = "rjsec316")~~RJStevensMusicPresentationCreator.Program~0000001525
2024-12-14 21:50:31.4091~DEBUG~-> ExtractAllFromFile(zipFileName = "C:\Users\cofc_\AppData\Local\Temp\tmp3ED5.tmp\rjsec316.ZIP", decompressedFolder = "C:\Users\cofc_\AppData\Local\Temp\tmp3FD0.tmp", message = "rjsec316")~~RJStevensMusicPresentationCreator.Program~0000001526
2024-12-14 21:50:31.6571~DEBUG~extract completed~~RJStevensMusicPresentationCreator.Program~0000001527
2024-12-14 21:50:31.6571~DEBUG~<- ExtractAllFromFile(zipFileName = "C:\Users\cofc_\AppData\Local\Temp\tmp3ED5.tmp\rjsec316.ZIP", decompressedFolder = "C:\Users\cofc_\AppData\Local\Temp\tmp3FD0.tmp", message = "rjsec316")~~RJStevensMusicPresentationCreator.Program~0000001528
2024-12-14 21:50:31.7311~DEBUG~-> DownloadFile(url = "https://faas-nyc1-2ef2e6cc.doserverless.co/api/v1/web/fn-dd7f8f6a-d32a-4f5e-ae7b-870dfb7963f3/downloads/bundle?id=000000000000324", filename = "C:\Users\cofc_\AppData\Local\Temp\tmp410A.tmp\rjsec317.ZIP", message = "rjsec317")~~RJStevensMusicPresentationCreator.Program~0000001529
2024-12-14 21:50:31.9421~DEBUG~download completed~~RJStevensMusicPresentationCreator.Program~0000001530
2024-12-14 21:50:31.9421~DEBUG~<- DownloadFile(url = "https://faas-nyc1-2ef2e6cc.doserverless.co/api/v1/web/fn-dd7f8f6a-d32a-4f5e-ae7b-870dfb7963f3/downloads/bundle?id=000000000000324", filename = "C:\Users\cofc_\AppData\Local\Temp\tmp410A.tmp\rjsec317.ZIP", message = "rjsec317")~~RJStevensMusicPresentationCreator.Program~0000001531
2024-12-14 21:50:31.9601~DEBUG~-> ExtractAllFromFile(zipFileName = "C:\Users\cofc_\AppData\Local\Temp\tmp410A.tmp\rjsec317.ZIP", decompressedFolder = "C:\Users\cofc_\AppData\Local\Temp\tmp41F5.tmp", message = "rjsec317")~~RJStevensMusicPresentationCreator.Program~0000001532
2024-12-14 21:50:32.2662~DEBUG~extract completed~~RJStevensMusicPresentationCreator.Program~0000001533
2024-12-14 21:50:32.2662~DEBUG~<- ExtractAllFromFile(zipFileName = "C:\Users\cofc_\AppData\Local\Temp\tmp410A.tmp\rjsec317.ZIP", decompressedFolder = "C:\Users\cofc_\AppData\Local\Temp\tmp41F5.tmp", message = "rjsec317")~~RJStevensMusicPresentationCreator.Program~0000001534
2024-12-14 21:50:32.3442~DEBUG~-> DownloadFile(url = "https://faas-nyc1-2ef2e6cc.doserverless.co/api/v1/web/fn-dd7f8f6a-d32a-4f5e-ae7b-870dfb7963f3/downloads/bundle?id=000000000000326", filename = "C:\Users\cofc_\AppData\Local\Temp\tmp436D.tmp\rjsec319.ZIP", message = "rjsec319")~~RJStevensMusicPresentationCreator.Program~0000001535
2024-12-14 21:50:32.5462~DEBUG~download completed~~RJStevensMusicPresentationCreator.Program~0000001536
2024-12-14 21:50:32.5472~DEBUG~<- DownloadFile(url = "https://faas-nyc1-2ef2e6cc.doserverless.co/api/v1/web/fn-dd7f8f6a-d32a-4f5e-ae7b-870dfb7963f3/downloads/bundle?id=000000000000326", filename = "C:\Users\cofc_\AppData\Local\Temp\tmp436D.tmp\rjsec319.ZIP", message = "rjsec319")~~RJStevensMusicPresentationCreator.Program~0000001537
2024-12-14 21:50:32.5672~DEBUG~-> ExtractAllFromFile(zipFileName = "C:\Users\cofc_\AppData\Local\Temp\tmp436D.tmp\rjsec319.ZIP", decompressedFolder = "C:\Users\cofc_\AppData\Local\Temp\tmp4458.tmp", message = "rjsec319")~~RJStevensMusicPresentationCreator.Program~0000001538
2024-12-14 21:50:32.7892~DEBUG~extract completed~~RJStevensMusicPresentationCreator.Program~0000001539
2024-12-14 21:50:32.7892~DEBUG~<- ExtractAllFromFile(zipFileName = "C:\Users\cofc_\AppData\Local\Temp\tmp436D.tmp\rjsec319.ZIP", decompressedFolder = "C:\Users\cofc_\AppData\Local\Temp\tmp4458.tmp", message = "rjsec319")~~RJStevensMusicPresentationCreator.Program~0000001540
2024-12-14 21:50:32.8592~DEBUG~-> DownloadFile(url = "https://faas-nyc1-2ef2e6cc.doserverless.co/api/v1/web/fn-dd7f8f6a-d32a-4f5e-ae7b-870dfb7963f3/downloads/bundle?id=000000000000327", filename = "C:\Users\cofc_\AppData\Local\Temp\tmp4573.tmp\rjsec320.ZIP", message = "rjsec320")~~RJStevensMusicPresentationCreator.Program~0000001541
2024-12-14 21:50:33.0622~DEBUG~download completed~~RJStevensMusicPresentationCreator.Program~0000001542
2024-12-14 21:50:33.0632~DEBUG~<- DownloadFile(url = "https://faas-nyc1-2ef2e6cc.doserverless.co/api/v1/web/fn-dd7f8f6a-d32a-4f5e-ae7b-870dfb7963f3/downloads/bundle?id=000000000000327", filename = "C:\Users\cofc_\AppData\Local\Temp\tmp4573.tmp\rjsec320.ZIP", message = "rjsec320")~~RJStevensMusicPresentationCreator.Program~0000001543
2024-12-14 21:50:33.0632~DEBUG~-> ExtractAllFromFile(zipFileName = "C:\Users\cofc_\AppData\Local\Temp\tmp4573.tmp\rjsec320.ZIP", decompressedFolder = "C:\Users\cofc_\AppData\Local\Temp\tmp464E.tmp", message = "rjsec320")~~RJStevensMusicPresentationCreator.Program~0000001544
2024-12-14 21:50:33.2862~DEBUG~extract completed~~RJStevensMusicPresentationCreator.Program~0000001545
2024-12-14 21:50:33.2862~DEBUG~<- ExtractAllFromFile(zipFileName = "C:\Users\cofc_\AppData\Local\Temp\tmp4573.tmp\rjsec320.ZIP", decompressedFolder = "C:\Users\cofc_\AppData\Local\Temp\tmp464E.tmp", message = "rjsec320")~~RJStevensMusicPresentationCreator.Program~0000001546
2024-12-14 21:50:33.3593~DEBUG~-> DownloadFile(url = "https://faas-nyc1-2ef2e6cc.doserverless.co/api/v1/web/fn-dd7f8f6a-d32a-4f5e-ae7b-870dfb7963f3/downloads/bundle?id=000000000000328", filename = "C:\Users\cofc_\AppData\Local\Temp\tmp4769.tmp\rjsec321.ZIP", message = "rjsec321")~~RJStevensMusicPresentationCreator.Program~0000001547
2024-12-14 21:50:33.6393~DEBUG~download completed~~RJStevensMusicPresentationCreator.Program~0000001548
2024-12-14 21:50:33.6413~DEBUG~<- DownloadFile(url = "https://faas-nyc1-2ef2e6cc.doserverless.co/api/v1/web/fn-dd7f8f6a-d32a-4f5e-ae7b-870dfb7963f3/downloads/bundle?id=000000000000328", filename = "C:\Users\cofc_\AppData\Local\Temp\tmp4769.tmp\rjsec321.ZIP", message = "rjsec321")~~RJStevensMusicPresentationCreator.Program~0000001549
2024-12-14 21:50:33.6633~DEBUG~-> ExtractAllFromFile(zipFileName = "C:\Users\cofc_\AppData\Local\Temp\tmp4769.tmp\rjsec321.ZIP", decompressedFolder = "C:\Users\cofc_\AppData\Local\Temp\tmp48A2.tmp", message = "rjsec321")~~RJStevensMusicPresentationCreator.Program~0000001550
2024-12-14 21:50:33.9713~DEBUG~extract completed~~RJStevensMusicPresentationCreator.Program~0000001551
2024-12-14 21:50:33.9713~DEBUG~<- ExtractAllFromFile(zipFileName = "C:\Users\cofc_\AppData\Local\Temp\tmp4769.tmp\rjsec321.ZIP", decompressedFolder = "C:\Users\cofc_\AppData\Local\Temp\tmp48A2.tmp", message = "rjsec321")~~RJStevensMusicPresentationCreator.Program~0000001552
2024-12-14 21:50:34.0543~DEBUG~-> DownloadFile(url = "https://faas-nyc1-2ef2e6cc.doserverless.co/api/v1/web/fn-dd7f8f6a-d32a-4f5e-ae7b-870dfb7963f3/downloads/bundle?id=000000000000330", filename = "C:\Users\cofc_\AppData\Local\Temp\tmp4A2A.tmp\rjsec323.ZIP", message = "rjsec323")~~RJStevensMusicPresentationCreator.Program~0000001553
2024-12-14 21:50:34.3673~DEBUG~download completed~~RJStevensMusicPresentationCreator.Program~0000001554
2024-12-14 21:50:34.3673~DEBUG~<- DownloadFile(url = "https://faas-nyc1-2ef2e6cc.doserverless.co/api/v1/web/fn-dd7f8f6a-d32a-4f5e-ae7b-870dfb7963f3/downloads/bundle?id=000000000000330", filename = "C:\Users\cofc_\AppData\Local\Temp\tmp4A2A.tmp\rjsec323.ZIP", message = "rjsec323")~~RJStevensMusicPresentationCreator.Program~0000001555
2024-12-14 21:50:34.3913~DEBUG~-> ExtractAllFromFile(zipFileName = "C:\Users\cofc_\AppData\Local\Temp\tmp4A2A.tmp\rjsec323.ZIP", decompressedFolder = "C:\Users\cofc_\AppData\Local\Temp\tmp4B73.tmp", message = "rjsec323")~~RJStevensMusicPresentationCreator.Program~0000001556
2024-12-14 21:50:34.6644~DEBUG~extract completed~~RJStevensMusicPresentationCreator.Program~0000001557
2024-12-14 21:50:34.6644~DEBUG~<- ExtractAllFromFile(zipFileName = "C:\Users\cofc_\AppData\Local\Temp\tmp4A2A.tmp\rjsec323.ZIP", decompressedFolder = "C:\Users\cofc_\AppData\Local\Temp\tmp4B73.tmp", message = "rjsec323")~~RJStevensMusicPresentationCreator.Program~0000001558
2024-12-14 21:50:34.7414~DEBUG~-> DownloadFile(url = "https://faas-nyc1-2ef2e6cc.doserverless.co/api/v1/web/fn-dd7f8f6a-d32a-4f5e-ae7b-870dfb7963f3/downloads/bundle?id=000000000000331", filename = "C:\Users\cofc_\AppData\Local\Temp\tmp4CDB.tmp\rjsec324.ZIP", message = "rjsec324")~~RJStevensMusicPresentationCreator.Program~0000001559
2024-12-14 21:50:34.9414~DEBUG~download completed~~RJStevensMusicPresentationCreator.Program~0000001560
2024-12-14 21:50:34.9414~DEBUG~<- DownloadFile(url = "https://faas-nyc1-2ef2e6cc.doserverless.co/api/v1/web/fn-dd7f8f6a-d32a-4f5e-ae7b-870dfb7963f3/downloads/bundle?id=000000000000331", filename = "C:\Users\cofc_\AppData\Local\Temp\tmp4CDB.tmp\rjsec324.ZIP", message = "rjsec324")~~RJStevensMusicPresentationCreator.Program~0000001561
2024-12-14 21:50:34.9634~DEBUG~-> ExtractAllFromFile(zipFileName = "C:\Users\cofc_\AppData\Local\Temp\tmp4CDB.tmp\rjsec324.ZIP", decompressedFolder = "C:\Users\cofc_\AppData\Local\Temp\tmp4DB7.tmp", message = "rjsec324")~~RJStevensMusicPresentationCreator.Program~0000001562
2024-12-14 21:50:35.2124~DEBUG~extract completed~~RJStevensMusicPresentationCreator.Program~0000001563
2024-12-14 21:50:35.2124~DEBUG~<- ExtractAllFromFile(zipFileName = "C:\Users\cofc_\AppData\Local\Temp\tmp4CDB.tmp\rjsec324.ZIP", decompressedFolder = "C:\Users\cofc_\AppData\Local\Temp\tmp4DB7.tmp", message = "rjsec324")~~RJStevensMusicPresentationCreator.Program~0000001564
2024-12-14 21:50:35.2824~DEBUG~-> DownloadFile(url = "https://faas-nyc1-2ef2e6cc.doserverless.co/api/v1/web/fn-dd7f8f6a-d32a-4f5e-ae7b-870dfb7963f3/downloads/bundle?id=000000000000332", filename = "C:\Users\cofc_\AppData\Local\Temp\tmp4EF0.tmp\rjsec325.ZIP", message = "rjsec325")~~RJStevensMusicPresentationCreator.Program~0000001565
2024-12-14 21:50:35.5104~DEBUG~download completed~~RJStevensMusicPresentationCreator.Program~0000001566
2024-12-14 21:50:35.5104~DEBUG~<- DownloadFile(url = "https://faas-nyc1-2ef2e6cc.doserverless.co/api/v1/web/fn-dd7f8f6a-d32a-4f5e-ae7b-870dfb7963f3/downloads/bundle?id=000000000000332", filename = "C:\Users\cofc_\AppData\Local\Temp\tmp4EF0.tmp\rjsec325.ZIP", message = "rjsec325")~~RJStevensMusicPresentationCreator.Program~0000001567
2024-12-14 21:50:35.5354~DEBUG~-> ExtractAllFromFile(zipFileName = "C:\Users\cofc_\AppData\Local\Temp\tmp4EF0.tmp\rjsec325.ZIP", decompressedFolder = "C:\Users\cofc_\AppData\Local\Temp\tmp4FFB.tmp", message = "rjsec325")~~RJStevensMusicPresentationCreator.Program~0000001568
2024-12-14 21:50:36.0015~DEBUG~extract completed~~RJStevensMusicPresentationCreator.Program~0000001569
2024-12-14 21:50:36.0015~DEBUG~<- ExtractAllFromFile(zipFileName = "C:\Users\cofc_\AppData\Local\Temp\tmp4EF0.tmp\rjsec325.ZIP", decompressedFolder = "C:\Users\cofc_\AppData\Local\Temp\tmp4FFB.tmp", message = "rjsec325")~~RJStevensMusicPresentationCreator.Program~0000001570
2024-12-14 21:50:36.0995~DEBUG~-> DownloadFile(url = "https://faas-nyc1-2ef2e6cc.doserverless.co/api/v1/web/fn-dd7f8f6a-d32a-4f5e-ae7b-870dfb7963f3/downloads/bundle?id=000000000000333", filename = "C:\Users\cofc_\AppData\Local\Temp\tmp522F.tmp\rjsec326.ZIP", message = "rjsec326")~~RJStevensMusicPresentationCreator.Program~0000001571
2024-12-14 21:50:36.3635~DEBUG~download completed~~RJStevensMusicPresentationCreator.Program~0000001572
2024-12-14 21:50:36.3635~DEBUG~<- DownloadFile(url = "https://faas-nyc1-2ef2e6cc.doserverless.co/api/v1/web/fn-dd7f8f6a-d32a-4f5e-ae7b-870dfb7963f3/downloads/bundle?id=000000000000333", filename = "C:\Users\cofc_\AppData\Local\Temp\tmp522F.tmp\rjsec326.ZIP", message = "rjsec326")~~RJStevensMusicPresentationCreator.Program~0000001573
2024-12-14 21:50:36.3805~DEBUG~-> ExtractAllFromFile(zipFileName = "C:\Users\cofc_\AppData\Local\Temp\tmp522F.tmp\rjsec326.ZIP", decompressedFolder = "C:\Users\cofc_\AppData\Local\Temp\tmp5349.tmp", message = "rjsec326")~~RJStevensMusicPresentationCreator.Program~0000001574
2024-12-14 21:50:36.6885~DEBUG~extract completed~~RJStevensMusicPresentationCreator.Program~0000001575
2024-12-14 21:50:36.6885~DEBUG~<- ExtractAllFromFile(zipFileName = "C:\Users\cofc_\AppData\Local\Temp\tmp522F.tmp\rjsec326.ZIP", decompressedFolder = "C:\Users\cofc_\AppData\Local\Temp\tmp5349.tmp", message = "rjsec326")~~RJStevensMusicPresentationCreator.Program~0000001576
2024-12-14 21:50:36.7605~DEBUG~-> DownloadFile(url = "https://faas-nyc1-2ef2e6cc.doserverless.co/api/v1/web/fn-dd7f8f6a-d32a-4f5e-ae7b-870dfb7963f3/downloads/bundle?id=000000000000334", filename = "C:\Users\cofc_\AppData\Local\Temp\tmp54C1.tmp\rjsec327.ZIP", message = "rjsec327")~~RJStevensMusicPresentationCreator.Program~0000001577
2024-12-14 21:50:36.9545~DEBUG~download completed~~RJStevensMusicPresentationCreator.Program~0000001578
2024-12-14 21:50:36.9545~DEBUG~<- DownloadFile(url = "https://faas-nyc1-2ef2e6cc.doserverless.co/api/v1/web/fn-dd7f8f6a-d32a-4f5e-ae7b-870dfb7963f3/downloads/bundle?id=000000000000334", filename = "C:\Users\cofc_\AppData\Local\Temp\tmp54C1.tmp\rjsec327.ZIP", message = "rjsec327")~~RJStevensMusicPresentationCreator.Program~0000001579
2024-12-14 21:50:36.9735~DEBUG~-> ExtractAllFromFile(zipFileName = "C:\Users\cofc_\AppData\Local\Temp\tmp54C1.tmp\rjsec327.ZIP", decompressedFolder = "C:\Users\cofc_\AppData\Local\Temp\tmp559D.tmp", message = "rjsec327")~~RJStevensMusicPresentationCreator.Program~0000001580
2024-12-14 21:50:37.1755~DEBUG~extract completed~~RJStevensMusicPresentationCreator.Program~0000001581
2024-12-14 21:50:37.1755~DEBUG~<- ExtractAllFromFile(zipFileName = "C:\Users\cofc_\AppData\Local\Temp\tmp54C1.tmp\rjsec327.ZIP", decompressedFolder = "C:\Users\cofc_\AppData\Local\Temp\tmp559D.tmp", message = "rjsec327")~~RJStevensMusicPresentationCreator.Program~0000001582
2024-12-14 21:50:37.2405~DEBUG~-> DownloadFile(url = "https://faas-nyc1-2ef2e6cc.doserverless.co/api/v1/web/fn-dd7f8f6a-d32a-4f5e-ae7b-870dfb7963f3/downloads/bundle?id=000000000000336", filename = "C:\Users\cofc_\AppData\Local\Temp\tmp56A7.tmp\rjsec329.ZIP", message = "rjsec329")~~RJStevensMusicPresentationCreator.Program~0000001583
2024-12-14 21:50:37.4836~DEBUG~download completed~~RJStevensMusicPresentationCreator.Program~0000001584
2024-12-14 21:50:37.4836~DEBUG~<- DownloadFile(url = "https://faas-nyc1-2ef2e6cc.doserverless.co/api/v1/web/fn-dd7f8f6a-d32a-4f5e-ae7b-870dfb7963f3/downloads/bundle?id=000000000000336", filename = "C:\Users\cofc_\AppData\Local\Temp\tmp56A7.tmp\rjsec329.ZIP", message = "rjsec329")~~RJStevensMusicPresentationCreator.Program~0000001585
2024-12-14 21:50:37.4996~DEBUG~-> ExtractAllFromFile(zipFileName = "C:\Users\cofc_\AppData\Local\Temp\tmp56A7.tmp\rjsec329.ZIP", decompressedFolder = "C:\Users\cofc_\AppData\Local\Temp\tmp57A2.tmp", message = "rjsec329")~~RJStevensMusicPresentationCreator.Program~0000001586
2024-12-14 21:50:37.7766~DEBUG~extract completed~~RJStevensMusicPresentationCreator.Program~0000001587
2024-12-14 21:50:37.7766~DEBUG~<- ExtractAllFromFile(zipFileName = "C:\Users\cofc_\AppData\Local\Temp\tmp56A7.tmp\rjsec329.ZIP", decompressedFolder = "C:\Users\cofc_\AppData\Local\Temp\tmp57A2.tmp", message = "rjsec329")~~RJStevensMusicPresentationCreator.Program~0000001588
2024-12-14 21:50:37.8506~DEBUG~-> DownloadFile(url = "https://faas-nyc1-2ef2e6cc.doserverless.co/api/v1/web/fn-dd7f8f6a-d32a-4f5e-ae7b-870dfb7963f3/downloads/bundle?id=000000000000337", filename = "C:\Users\cofc_\AppData\Local\Temp\tmp590B.tmp\rjsec330.ZIP", message = "rjsec330")~~RJStevensMusicPresentationCreator.Program~0000001589
2024-12-14 21:50:38.1256~DEBUG~download completed~~RJStevensMusicPresentationCreator.Program~0000001590
2024-12-14 21:50:38.1256~DEBUG~<- DownloadFile(url = "https://faas-nyc1-2ef2e6cc.doserverless.co/api/v1/web/fn-dd7f8f6a-d32a-4f5e-ae7b-870dfb7963f3/downloads/bundle?id=000000000000337", filename = "C:\Users\cofc_\AppData\Local\Temp\tmp590B.tmp\rjsec330.ZIP", message = "rjsec330")~~RJStevensMusicPresentationCreator.Program~0000001591
2024-12-14 21:50:38.1476~DEBUG~-> ExtractAllFromFile(zipFileName = "C:\Users\cofc_\AppData\Local\Temp\tmp590B.tmp\rjsec330.ZIP", decompressedFolder = "C:\Users\cofc_\AppData\Local\Temp\tmp5A34.tmp", message = "rjsec330")~~RJStevensMusicPresentationCreator.Program~0000001592
2024-12-14 21:50:38.3886~DEBUG~extract completed~~RJStevensMusicPresentationCreator.Program~0000001593
2024-12-14 21:50:38.3916~DEBUG~<- ExtractAllFromFile(zipFileName = "C:\Users\cofc_\AppData\Local\Temp\tmp590B.tmp\rjsec330.ZIP", decompressedFolder = "C:\Users\cofc_\AppData\Local\Temp\tmp5A34.tmp", message = "rjsec330")~~RJStevensMusicPresentationCreator.Program~0000001594
2024-12-14 21:50:38.4506~DEBUG~-> DownloadFile(url = "https://faas-nyc1-2ef2e6cc.doserverless.co/api/v1/web/fn-dd7f8f6a-d32a-4f5e-ae7b-870dfb7963f3/downloads/bundle?id=000000000000339", filename = "C:\Users\cofc_\AppData\Local\Temp\tmp5B5E.tmp\rjsec332.ZIP", message = "rjsec332")~~RJStevensMusicPresentationCreator.Program~0000001595
2024-12-14 21:50:38.6396~DEBUG~download completed~~RJStevensMusicPresentationCreator.Program~0000001596
2024-12-14 21:50:38.6396~DEBUG~<- DownloadFile(url = "https://faas-nyc1-2ef2e6cc.doserverless.co/api/v1/web/fn-dd7f8f6a-d32a-4f5e-ae7b-870dfb7963f3/downloads/bundle?id=000000000000339", filename = "C:\Users\cofc_\AppData\Local\Temp\tmp5B5E.tmp\rjsec332.ZIP", message = "rjsec332")~~RJStevensMusicPresentationCreator.Program~0000001597
2024-12-14 21:50:38.6586~DEBUG~-> ExtractAllFromFile(zipFileName = "C:\Users\cofc_\AppData\Local\Temp\tmp5B5E.tmp\rjsec332.ZIP", decompressedFolder = "C:\Users\cofc_\AppData\Local\Temp\tmp5C3A.tmp", message = "rjsec332")~~RJStevensMusicPresentationCreator.Program~0000001598
2024-12-14 21:50:38.8827~DEBUG~extract completed~~RJStevensMusicPresentationCreator.Program~0000001599
2024-12-14 21:50:38.8827~DEBUG~<- ExtractAllFromFile(zipFileName = "C:\Users\cofc_\AppData\Local\Temp\tmp5B5E.tmp\rjsec332.ZIP", decompressedFolder = "C:\Users\cofc_\AppData\Local\Temp\tmp5C3A.tmp", message = "rjsec332")~~RJStevensMusicPresentationCreator.Program~0000001600
2024-12-14 21:50:38.9467~DEBUG~-> DownloadFile(url = "https://faas-nyc1-2ef2e6cc.doserverless.co/api/v1/web/fn-dd7f8f6a-d32a-4f5e-ae7b-870dfb7963f3/downloads/bundle?id=000000000000340", filename = "C:\Users\cofc_\AppData\Local\Temp\tmp5D54.tmp\rjsec333.ZIP", message = "rjsec333")~~RJStevensMusicPresentationCreator.Program~0000001601
2024-12-14 21:50:39.1457~DEBUG~download completed~~RJStevensMusicPresentationCreator.Program~0000001602
2024-12-14 21:50:39.1457~DEBUG~<- DownloadFile(url = "https://faas-nyc1-2ef2e6cc.doserverless.co/api/v1/web/fn-dd7f8f6a-d32a-4f5e-ae7b-870dfb7963f3/downloads/bundle?id=000000000000340", filename = "C:\Users\cofc_\AppData\Local\Temp\tmp5D54.tmp\rjsec333.ZIP", message = "rjsec333")~~RJStevensMusicPresentationCreator.Program~0000001603
2024-12-14 21:50:39.1637~DEBUG~-> ExtractAllFromFile(zipFileName = "C:\Users\cofc_\AppData\Local\Temp\tmp5D54.tmp\rjsec333.ZIP", decompressedFolder = "C:\Users\cofc_\AppData\Local\Temp\tmp5E30.tmp", message = "rjsec333")~~RJStevensMusicPresentationCreator.Program~0000001604
2024-12-14 21:50:39.4607~DEBUG~extract completed~~RJStevensMusicPresentationCreator.Program~0000001605
2024-12-14 21:50:39.4607~DEBUG~<- ExtractAllFromFile(zipFileName = "C:\Users\cofc_\AppData\Local\Temp\tmp5D54.tmp\rjsec333.ZIP", decompressedFolder = "C:\Users\cofc_\AppData\Local\Temp\tmp5E30.tmp", message = "rjsec333")~~RJStevensMusicPresentationCreator.Program~0000001606
2024-12-14 21:50:39.5467~DEBUG~-> DownloadFile(url = "https://faas-nyc1-2ef2e6cc.doserverless.co/api/v1/web/fn-dd7f8f6a-d32a-4f5e-ae7b-870dfb7963f3/downloads/bundle?id=000000000000341", filename = "C:\Users\cofc_\AppData\Local\Temp\tmp5FA8.tmp\rjsec334.ZIP", message = "rjsec334")~~RJStevensMusicPresentationCreator.Program~0000001607
2024-12-14 21:50:39.7477~DEBUG~download completed~~RJStevensMusicPresentationCreator.Program~0000001608
2024-12-14 21:50:39.7477~DEBUG~<- DownloadFile(url = "https://faas-nyc1-2ef2e6cc.doserverless.co/api/v1/web/fn-dd7f8f6a-d32a-4f5e-ae7b-870dfb7963f3/downloads/bundle?id=000000000000341", filename = "C:\Users\cofc_\AppData\Local\Temp\tmp5FA8.tmp\rjsec334.ZIP", message = "rjsec334")~~RJStevensMusicPresentationCreator.Program~0000001609
2024-12-14 21:50:39.7647~DEBUG~-> ExtractAllFromFile(zipFileName = "C:\Users\cofc_\AppData\Local\Temp\tmp5FA8.tmp\rjsec334.ZIP", decompressedFolder = "C:\Users\cofc_\AppData\Local\Temp\tmp6084.tmp", message = "rjsec334")~~RJStevensMusicPresentationCreator.Program~0000001610
2024-12-14 21:50:40.0628~DEBUG~extract completed~~RJStevensMusicPresentationCreator.Program~0000001611
2024-12-14 21:50:40.0668~DEBUG~<- ExtractAllFromFile(zipFileName = "C:\Users\cofc_\AppData\Local\Temp\tmp5FA8.tmp\rjsec334.ZIP", decompressedFolder = "C:\Users\cofc_\AppData\Local\Temp\tmp6084.tmp", message = "rjsec334")~~RJStevensMusicPresentationCreator.Program~0000001612
2024-12-14 21:50:40.1848~DEBUG~-> DownloadFile(url = "https://faas-nyc1-2ef2e6cc.doserverless.co/api/v1/web/fn-dd7f8f6a-d32a-4f5e-ae7b-870dfb7963f3/downloads/bundle?id=000000000000342", filename = "C:\Users\cofc_\AppData\Local\Temp\tmp622B.tmp\rjsec335.ZIP", message = "rjsec335")~~RJStevensMusicPresentationCreator.Program~0000001613
2024-12-14 21:50:40.4318~DEBUG~download completed~~RJStevensMusicPresentationCreator.Program~0000001614
2024-12-14 21:50:40.4318~DEBUG~<- DownloadFile(url = "https://faas-nyc1-2ef2e6cc.doserverless.co/api/v1/web/fn-dd7f8f6a-d32a-4f5e-ae7b-870dfb7963f3/downloads/bundle?id=000000000000342", filename = "C:\Users\cofc_\AppData\Local\Temp\tmp622B.tmp\rjsec335.ZIP", message = "rjsec335")~~RJStevensMusicPresentationCreator.Program~0000001615
2024-12-14 21:50:40.4558~DEBUG~-> ExtractAllFromFile(zipFileName = "C:\Users\cofc_\AppData\Local\Temp\tmp622B.tmp\rjsec335.ZIP", decompressedFolder = "C:\Users\cofc_\AppData\Local\Temp\tmp6345.tmp", message = "rjsec335")~~RJStevensMusicPresentationCreator.Program~0000001616
2024-12-14 21:50:40.7668~DEBUG~extract completed~~RJStevensMusicPresentationCreator.Program~0000001617
2024-12-14 21:50:40.7668~DEBUG~<- ExtractAllFromFile(zipFileName = "C:\Users\cofc_\AppData\Local\Temp\tmp622B.tmp\rjsec335.ZIP", decompressedFolder = "C:\Users\cofc_\AppData\Local\Temp\tmp6345.tmp", message = "rjsec335")~~RJStevensMusicPresentationCreator.Program~0000001618
2024-12-14 21:50:40.8718~DEBUG~-> DownloadFile(url = "https://faas-nyc1-2ef2e6cc.doserverless.co/api/v1/web/fn-dd7f8f6a-d32a-4f5e-ae7b-870dfb7963f3/downloads/bundle?id=000000000000343", filename = "C:\Users\cofc_\AppData\Local\Temp\tmp64DC.tmp\rjsec336.ZIP", message = "rjsec336")~~RJStevensMusicPresentationCreator.Program~0000001619
2024-12-14 21:50:41.0678~DEBUG~download completed~~RJStevensMusicPresentationCreator.Program~0000001620
2024-12-14 21:50:41.0678~DEBUG~<- DownloadFile(url = "https://faas-nyc1-2ef2e6cc.doserverless.co/api/v1/web/fn-dd7f8f6a-d32a-4f5e-ae7b-870dfb7963f3/downloads/bundle?id=000000000000343", filename = "C:\Users\cofc_\AppData\Local\Temp\tmp64DC.tmp\rjsec336.ZIP", message = "rjsec336")~~RJStevensMusicPresentationCreator.Program~0000001621
2024-12-14 21:50:41.0838~DEBUG~-> ExtractAllFromFile(zipFileName = "C:\Users\cofc_\AppData\Local\Temp\tmp64DC.tmp\rjsec336.ZIP", decompressedFolder = "C:\Users\cofc_\AppData\Local\Temp\tmp65B8.tmp", message = "rjsec336")~~RJStevensMusicPresentationCreator.Program~0000001622
2024-12-14 21:50:41.3328~DEBUG~extract completed~~RJStevensMusicPresentationCreator.Program~0000001623
2024-12-14 21:50:41.3328~DEBUG~<- ExtractAllFromFile(zipFileName = "C:\Users\cofc_\AppData\Local\Temp\tmp64DC.tmp\rjsec336.ZIP", decompressedFolder = "C:\Users\cofc_\AppData\Local\Temp\tmp65B8.tmp", message = "rjsec336")~~RJStevensMusicPresentationCreator.Program~0000001624
2024-12-14 21:50:41.4049~DEBUG~-> DownloadFile(url = "https://faas-nyc1-2ef2e6cc.doserverless.co/api/v1/web/fn-dd7f8f6a-d32a-4f5e-ae7b-870dfb7963f3/downloads/bundle?id=000000000000344", filename = "C:\Users\cofc_\AppData\Local\Temp\tmp66F1.tmp\rjsec337.ZIP", message = "rjsec337")~~RJStevensMusicPresentationCreator.Program~0000001625
2024-12-14 21:50:41.6239~DEBUG~download completed~~RJStevensMusicPresentationCreator.Program~0000001626
2024-12-14 21:50:41.6239~DEBUG~<- DownloadFile(url = "https://faas-nyc1-2ef2e6cc.doserverless.co/api/v1/web/fn-dd7f8f6a-d32a-4f5e-ae7b-870dfb7963f3/downloads/bundle?id=000000000000344", filename = "C:\Users\cofc_\AppData\Local\Temp\tmp66F1.tmp\rjsec337.ZIP", message = "rjsec337")~~RJStevensMusicPresentationCreator.Program~0000001627
2024-12-14 21:50:41.6409~DEBUG~-> ExtractAllFromFile(zipFileName = "C:\Users\cofc_\AppData\Local\Temp\tmp66F1.tmp\rjsec337.ZIP", decompressedFolder = "C:\Users\cofc_\AppData\Local\Temp\tmp67DD.tmp", message = "rjsec337")~~RJStevensMusicPresentationCreator.Program~0000001628
2024-12-14 21:50:41.9139~DEBUG~extract completed~~RJStevensMusicPresentationCreator.Program~0000001629
2024-12-14 21:50:41.9139~DEBUG~<- ExtractAllFromFile(zipFileName = "C:\Users\cofc_\AppData\Local\Temp\tmp66F1.tmp\rjsec337.ZIP", decompressedFolder = "C:\Users\cofc_\AppData\Local\Temp\tmp67DD.tmp", message = "rjsec337")~~RJStevensMusicPresentationCreator.Program~0000001630
2024-12-14 21:50:41.9869~DEBUG~-> DownloadFile(url = "https://faas-nyc1-2ef2e6cc.doserverless.co/api/v1/web/fn-dd7f8f6a-d32a-4f5e-ae7b-870dfb7963f3/downloads/bundle?id=000000000000345", filename = "C:\Users\cofc_\AppData\Local\Temp\tmp6945.tmp\rjsec338.ZIP", message = "rjsec338")~~RJStevensMusicPresentationCreator.Program~0000001631
2024-12-14 21:50:42.1849~DEBUG~download completed~~RJStevensMusicPresentationCreator.Program~0000001632
2024-12-14 21:50:42.1849~DEBUG~<- DownloadFile(url = "https://faas-nyc1-2ef2e6cc.doserverless.co/api/v1/web/fn-dd7f8f6a-d32a-4f5e-ae7b-870dfb7963f3/downloads/bundle?id=000000000000345", filename = "C:\Users\cofc_\AppData\Local\Temp\tmp6945.tmp\rjsec338.ZIP", message = "rjsec338")~~RJStevensMusicPresentationCreator.Program~0000001633
2024-12-14 21:50:42.1999~DEBUG~-> ExtractAllFromFile(zipFileName = "C:\Users\cofc_\AppData\Local\Temp\tmp6945.tmp\rjsec338.ZIP", decompressedFolder = "C:\Users\cofc_\AppData\Local\Temp\tmp6A11.tmp", message = "rjsec338")~~RJStevensMusicPresentationCreator.Program~0000001634
2024-12-14 21:50:42.4829~DEBUG~extract completed~~RJStevensMusicPresentationCreator.Program~0000001635
2024-12-14 21:50:42.4859~DEBUG~<- ExtractAllFromFile(zipFileName = "C:\Users\cofc_\AppData\Local\Temp\tmp6945.tmp\rjsec338.ZIP", decompressedFolder = "C:\Users\cofc_\AppData\Local\Temp\tmp6A11.tmp", message = "rjsec338")~~RJStevensMusicPresentationCreator.Program~0000001636
2024-12-14 21:50:42.5609~DEBUG~-> DownloadFile(url = "https://faas-nyc1-2ef2e6cc.doserverless.co/api/v1/web/fn-dd7f8f6a-d32a-4f5e-ae7b-870dfb7963f3/downloads/bundle?id=000000000000346", filename = "C:\Users\cofc_\AppData\Local\Temp\tmp6B7A.tmp\rjsec339.ZIP", message = "rjsec339")~~RJStevensMusicPresentationCreator.Program~0000001637
2024-12-14 21:50:42.7790~DEBUG~download completed~~RJStevensMusicPresentationCreator.Program~0000001638
2024-12-14 21:50:42.7790~DEBUG~<- DownloadFile(url = "https://faas-nyc1-2ef2e6cc.doserverless.co/api/v1/web/fn-dd7f8f6a-d32a-4f5e-ae7b-870dfb7963f3/downloads/bundle?id=000000000000346", filename = "C:\Users\cofc_\AppData\Local\Temp\tmp6B7A.tmp\rjsec339.ZIP", message = "rjsec339")~~RJStevensMusicPresentationCreator.Program~0000001639
2024-12-14 21:50:42.7970~DEBUG~-> ExtractAllFromFile(zipFileName = "C:\Users\cofc_\AppData\Local\Temp\tmp6B7A.tmp\rjsec339.ZIP", decompressedFolder = "C:\Users\cofc_\AppData\Local\Temp\tmp6C65.tmp", message = "rjsec339")~~RJStevensMusicPresentationCreator.Program~0000001640
2024-12-14 21:50:43.0390~DEBUG~extract completed~~RJStevensMusicPresentationCreator.Program~0000001641
2024-12-14 21:50:43.0390~DEBUG~<- ExtractAllFromFile(zipFileName = "C:\Users\cofc_\AppData\Local\Temp\tmp6B7A.tmp\rjsec339.ZIP", decompressedFolder = "C:\Users\cofc_\AppData\Local\Temp\tmp6C65.tmp", message = "rjsec339")~~RJStevensMusicPresentationCreator.Program~0000001642
2024-12-14 21:50:43.1020~DEBUG~-> DownloadFile(url = "https://faas-nyc1-2ef2e6cc.doserverless.co/api/v1/web/fn-dd7f8f6a-d32a-4f5e-ae7b-870dfb7963f3/downloads/bundle?id=000000000000347", filename = "C:\Users\cofc_\AppData\Local\Temp\tmp6D9F.tmp\rjsec340.ZIP", message = "rjsec340")~~RJStevensMusicPresentationCreator.Program~0000001643
2024-12-14 21:50:43.3260~DEBUG~download completed~~RJStevensMusicPresentationCreator.Program~0000001644
2024-12-14 21:50:43.3260~DEBUG~<- DownloadFile(url = "https://faas-nyc1-2ef2e6cc.doserverless.co/api/v1/web/fn-dd7f8f6a-d32a-4f5e-ae7b-870dfb7963f3/downloads/bundle?id=000000000000347", filename = "C:\Users\cofc_\AppData\Local\Temp\tmp6D9F.tmp\rjsec340.ZIP", message = "rjsec340")~~RJStevensMusicPresentationCreator.Program~0000001645
2024-12-14 21:50:43.3410~DEBUG~-> ExtractAllFromFile(zipFileName = "C:\Users\cofc_\AppData\Local\Temp\tmp6D9F.tmp\rjsec340.ZIP", decompressedFolder = "C:\Users\cofc_\AppData\Local\Temp\tmp6E8A.tmp", message = "rjsec340")~~RJStevensMusicPresentationCreator.Program~0000001646
2024-12-14 21:50:43.5890~DEBUG~extract completed~~RJStevensMusicPresentationCreator.Program~0000001647
2024-12-14 21:50:43.5890~DEBUG~<- ExtractAllFromFile(zipFileName = "C:\Users\cofc_\AppData\Local\Temp\tmp6D9F.tmp\rjsec340.ZIP", decompressedFolder = "C:\Users\cofc_\AppData\Local\Temp\tmp6E8A.tmp", message = "rjsec340")~~RJStevensMusicPresentationCreator.Program~0000001648
2024-12-14 21:50:43.6580~DEBUG~-> DownloadFile(url = "https://faas-nyc1-2ef2e6cc.doserverless.co/api/v1/web/fn-dd7f8f6a-d32a-4f5e-ae7b-870dfb7963f3/downloads/bundle?id=000000000000348", filename = "C:\Users\cofc_\AppData\Local\Temp\tmp6FC3.tmp\rjsec341.ZIP", message = "rjsec341")~~RJStevensMusicPresentationCreator.Program~0000001649
2024-12-14 21:50:43.9000~DEBUG~download completed~~RJStevensMusicPresentationCreator.Program~0000001650
2024-12-14 21:50:43.9000~DEBUG~<- DownloadFile(url = "https://faas-nyc1-2ef2e6cc.doserverless.co/api/v1/web/fn-dd7f8f6a-d32a-4f5e-ae7b-870dfb7963f3/downloads/bundle?id=000000000000348", filename = "C:\Users\cofc_\AppData\Local\Temp\tmp6FC3.tmp\rjsec341.ZIP", message = "rjsec341")~~RJStevensMusicPresentationCreator.Program~0000001651
2024-12-14 21:50:43.9180~DEBUG~-> ExtractAllFromFile(zipFileName = "C:\Users\cofc_\AppData\Local\Temp\tmp6FC3.tmp\rjsec341.ZIP", decompressedFolder = "C:\Users\cofc_\AppData\Local\Temp\tmp70CE.tmp", message = "rjsec341")~~RJStevensMusicPresentationCreator.Program~0000001652
2024-12-14 21:50:44.1841~DEBUG~extract completed~~RJStevensMusicPresentationCreator.Program~0000001653
2024-12-14 21:50:44.1881~DEBUG~<- ExtractAllFromFile(zipFileName = "C:\Users\cofc_\AppData\Local\Temp\tmp6FC3.tmp\rjsec341.ZIP", decompressedFolder = "C:\Users\cofc_\AppData\Local\Temp\tmp70CE.tmp", message = "rjsec341")~~RJStevensMusicPresentationCreator.Program~0000001654
2024-12-14 21:50:44.2551~DEBUG~-> DownloadFile(url = "https://faas-nyc1-2ef2e6cc.doserverless.co/api/v1/web/fn-dd7f8f6a-d32a-4f5e-ae7b-870dfb7963f3/downloads/bundle?id=000000000000350", filename = "C:\Users\cofc_\AppData\Local\Temp\tmp7227.tmp\rjsec343.ZIP", message = "rjsec343")~~RJStevensMusicPresentationCreator.Program~0000001655
2024-12-14 21:50:44.4911~DEBUG~download completed~~RJStevensMusicPresentationCreator.Program~0000001656
2024-12-14 21:50:44.4911~DEBUG~<- DownloadFile(url = "https://faas-nyc1-2ef2e6cc.doserverless.co/api/v1/web/fn-dd7f8f6a-d32a-4f5e-ae7b-870dfb7963f3/downloads/bundle?id=000000000000350", filename = "C:\Users\cofc_\AppData\Local\Temp\tmp7227.tmp\rjsec343.ZIP", message = "rjsec343")~~RJStevensMusicPresentationCreator.Program~0000001657
2024-12-14 21:50:44.5101~DEBUG~-> ExtractAllFromFile(zipFileName = "C:\Users\cofc_\AppData\Local\Temp\tmp7227.tmp\rjsec343.ZIP", decompressedFolder = "C:\Users\cofc_\AppData\Local\Temp\tmp7322.tmp", message = "rjsec343")~~RJStevensMusicPresentationCreator.Program~0000001658
2024-12-14 21:50:44.8451~DEBUG~extract completed~~RJStevensMusicPresentationCreator.Program~0000001659
2024-12-14 21:50:44.8451~DEBUG~<- ExtractAllFromFile(zipFileName = "C:\Users\cofc_\AppData\Local\Temp\tmp7227.tmp\rjsec343.ZIP", decompressedFolder = "C:\Users\cofc_\AppData\Local\Temp\tmp7322.tmp", message = "rjsec343")~~RJStevensMusicPresentationCreator.Program~0000001660
2024-12-14 21:50:44.9341~DEBUG~-> DownloadFile(url = "https://faas-nyc1-2ef2e6cc.doserverless.co/api/v1/web/fn-dd7f8f6a-d32a-4f5e-ae7b-870dfb7963f3/downloads/bundle?id=000000000000351", filename = "C:\Users\cofc_\AppData\Local\Temp\tmp74C9.tmp\rjsec344.ZIP", message = "rjsec344")~~RJStevensMusicPresentationCreator.Program~0000001661
2024-12-14 21:50:45.1681~DEBUG~download completed~~RJStevensMusicPresentationCreator.Program~0000001662
2024-12-14 21:50:45.1681~DEBUG~<- DownloadFile(url = "https://faas-nyc1-2ef2e6cc.doserverless.co/api/v1/web/fn-dd7f8f6a-d32a-4f5e-ae7b-870dfb7963f3/downloads/bundle?id=000000000000351", filename = "C:\Users\cofc_\AppData\Local\Temp\tmp74C9.tmp\rjsec344.ZIP", message = "rjsec344")~~RJStevensMusicPresentationCreator.Program~0000001663
2024-12-14 21:50:45.1841~DEBUG~-> ExtractAllFromFile(zipFileName = "C:\Users\cofc_\AppData\Local\Temp\tmp74C9.tmp\rjsec344.ZIP", decompressedFolder = "C:\Users\cofc_\AppData\Local\Temp\tmp75C4.tmp", message = "rjsec344")~~RJStevensMusicPresentationCreator.Program~0000001664
2024-12-14 21:50:45.4341~DEBUG~extract completed~~RJStevensMusicPresentationCreator.Program~0000001665
2024-12-14 21:50:45.4381~DEBUG~<- ExtractAllFromFile(zipFileName = "C:\Users\cofc_\AppData\Local\Temp\tmp74C9.tmp\rjsec344.ZIP", decompressedFolder = "C:\Users\cofc_\AppData\Local\Temp\tmp75C4.tmp", message = "rjsec344")~~RJStevensMusicPresentationCreator.Program~0000001666
2024-12-14 21:50:45.5012~DEBUG~-> DownloadFile(url = "https://faas-nyc1-2ef2e6cc.doserverless.co/api/v1/web/fn-dd7f8f6a-d32a-4f5e-ae7b-870dfb7963f3/downloads/bundle?id=000000000000354", filename = "C:\Users\cofc_\AppData\Local\Temp\tmp76FD.tmp\rjsec347.ZIP", message = "rjsec347")~~RJStevensMusicPresentationCreator.Program~0000001667
2024-12-14 21:50:45.7182~DEBUG~download completed~~RJStevensMusicPresentationCreator.Program~0000001668
2024-12-14 21:50:45.7192~DEBUG~<- DownloadFile(url = "https://faas-nyc1-2ef2e6cc.doserverless.co/api/v1/web/fn-dd7f8f6a-d32a-4f5e-ae7b-870dfb7963f3/downloads/bundle?id=000000000000354", filename = "C:\Users\cofc_\AppData\Local\Temp\tmp76FD.tmp\rjsec347.ZIP", message = "rjsec347")~~RJStevensMusicPresentationCreator.Program~0000001669
2024-12-14 21:50:45.7422~DEBUG~-> ExtractAllFromFile(zipFileName = "C:\Users\cofc_\AppData\Local\Temp\tmp76FD.tmp\rjsec347.ZIP", decompressedFolder = "C:\Users\cofc_\AppData\Local\Temp\tmp77F8.tmp", message = "rjsec347")~~RJStevensMusicPresentationCreator.Program~0000001670
2024-12-14 21:50:46.0332~DEBUG~extract completed~~RJStevensMusicPresentationCreator.Program~0000001671
2024-12-14 21:50:46.0332~DEBUG~<- ExtractAllFromFile(zipFileName = "C:\Users\cofc_\AppData\Local\Temp\tmp76FD.tmp\rjsec347.ZIP", decompressedFolder = "C:\Users\cofc_\AppData\Local\Temp\tmp77F8.tmp", message = "rjsec347")~~RJStevensMusicPresentationCreator.Program~0000001672
2024-12-14 21:50:46.1112~DEBUG~-> DownloadFile(url = "https://faas-nyc1-2ef2e6cc.doserverless.co/api/v1/web/fn-dd7f8f6a-d32a-4f5e-ae7b-870dfb7963f3/downloads/bundle?id=000000000000355", filename = "C:\Users\cofc_\AppData\Local\Temp\tmp7961.tmp\rjsec348.ZIP", message = "rjsec348")~~RJStevensMusicPresentationCreator.Program~0000001673
2024-12-14 21:50:46.3332~DEBUG~download completed~~RJStevensMusicPresentationCreator.Program~0000001674
2024-12-14 21:50:46.3332~DEBUG~<- DownloadFile(url = "https://faas-nyc1-2ef2e6cc.doserverless.co/api/v1/web/fn-dd7f8f6a-d32a-4f5e-ae7b-870dfb7963f3/downloads/bundle?id=000000000000355", filename = "C:\Users\cofc_\AppData\Local\Temp\tmp7961.tmp\rjsec348.ZIP", message = "rjsec348")~~RJStevensMusicPresentationCreator.Program~0000001675
2024-12-14 21:50:46.3452~DEBUG~-> ExtractAllFromFile(zipFileName = "C:\Users\cofc_\AppData\Local\Temp\tmp7961.tmp\rjsec348.ZIP", decompressedFolder = "C:\Users\cofc_\AppData\Local\Temp\tmp7A5C.tmp", message = "rjsec348")~~RJStevensMusicPresentationCreator.Program~0000001676
2024-12-14 21:50:46.5912~DEBUG~extract completed~~RJStevensMusicPresentationCreator.Program~0000001677
2024-12-14 21:50:46.5952~DEBUG~<- ExtractAllFromFile(zipFileName = "C:\Users\cofc_\AppData\Local\Temp\tmp7961.tmp\rjsec348.ZIP", decompressedFolder = "C:\Users\cofc_\AppData\Local\Temp\tmp7A5C.tmp", message = "rjsec348")~~RJStevensMusicPresentationCreator.Program~0000001678
2024-12-14 21:50:46.6612~DEBUG~-> DownloadFile(url = "https://faas-nyc1-2ef2e6cc.doserverless.co/api/v1/web/fn-dd7f8f6a-d32a-4f5e-ae7b-870dfb7963f3/downloads/bundle?id=000000000000357", filename = "C:\Users\cofc_\AppData\Local\Temp\tmp7B95.tmp\rjsec350.ZIP", message = "rjsec350")~~RJStevensMusicPresentationCreator.Program~0000001679
2024-12-14 21:50:46.8653~DEBUG~download completed~~RJStevensMusicPresentationCreator.Program~0000001680
2024-12-14 21:50:46.8653~DEBUG~<- DownloadFile(url = "https://faas-nyc1-2ef2e6cc.doserverless.co/api/v1/web/fn-dd7f8f6a-d32a-4f5e-ae7b-870dfb7963f3/downloads/bundle?id=000000000000357", filename = "C:\Users\cofc_\AppData\Local\Temp\tmp7B95.tmp\rjsec350.ZIP", message = "rjsec350")~~RJStevensMusicPresentationCreator.Program~0000001681
2024-12-14 21:50:46.8823~DEBUG~-> ExtractAllFromFile(zipFileName = "C:\Users\cofc_\AppData\Local\Temp\tmp7B95.tmp\rjsec350.ZIP", decompressedFolder = "C:\Users\cofc_\AppData\Local\Temp\tmp7C71.tmp", message = "rjsec350")~~RJStevensMusicPresentationCreator.Program~0000001682
2024-12-14 21:50:47.1073~DEBUG~extract completed~~RJStevensMusicPresentationCreator.Program~0000001683
2024-12-14 21:50:47.1103~DEBUG~<- ExtractAllFromFile(zipFileName = "C:\Users\cofc_\AppData\Local\Temp\tmp7B95.tmp\rjsec350.ZIP", decompressedFolder = "C:\Users\cofc_\AppData\Local\Temp\tmp7C71.tmp", message = "rjsec350")~~RJStevensMusicPresentationCreator.Program~0000001684
2024-12-14 21:50:47.1733~DEBUG~-> DownloadFile(url = "https://faas-nyc1-2ef2e6cc.doserverless.co/api/v1/web/fn-dd7f8f6a-d32a-4f5e-ae7b-870dfb7963f3/downloads/bundle?id=000000000000358", filename = "C:\Users\cofc_\AppData\Local\Temp\tmp7D9B.tmp\rjsec351.ZIP", message = "rjsec351")~~RJStevensMusicPresentationCreator.Program~0000001685
2024-12-14 21:50:47.4173~DEBUG~download completed~~RJStevensMusicPresentationCreator.Program~0000001686
2024-12-14 21:50:47.4173~DEBUG~<- DownloadFile(url = "https://faas-nyc1-2ef2e6cc.doserverless.co/api/v1/web/fn-dd7f8f6a-d32a-4f5e-ae7b-870dfb7963f3/downloads/bundle?id=000000000000358", filename = "C:\Users\cofc_\AppData\Local\Temp\tmp7D9B.tmp\rjsec351.ZIP", message = "rjsec351")~~RJStevensMusicPresentationCreator.Program~0000001687
2024-12-14 21:50:47.4373~DEBUG~-> ExtractAllFromFile(zipFileName = "C:\Users\cofc_\AppData\Local\Temp\tmp7D9B.tmp\rjsec351.ZIP", decompressedFolder = "C:\Users\cofc_\AppData\Local\Temp\tmp7E96.tmp", message = "rjsec351")~~RJStevensMusicPresentationCreator.Program~0000001688
2024-12-14 21:50:47.7433~DEBUG~extract completed~~RJStevensMusicPresentationCreator.Program~0000001689
2024-12-14 21:50:47.7433~DEBUG~<- ExtractAllFromFile(zipFileName = "C:\Users\cofc_\AppData\Local\Temp\tmp7D9B.tmp\rjsec351.ZIP", decompressedFolder = "C:\Users\cofc_\AppData\Local\Temp\tmp7E96.tmp", message = "rjsec351")~~RJStevensMusicPresentationCreator.Program~0000001690
2024-12-14 21:50:47.8283~DEBUG~-> DownloadFile(url = "https://faas-nyc1-2ef2e6cc.doserverless.co/api/v1/web/fn-dd7f8f6a-d32a-4f5e-ae7b-870dfb7963f3/downloads/bundle?id=000000000000359", filename = "C:\Users\cofc_\AppData\Local\Temp\tmp801D.tmp\rjsec352.ZIP", message = "rjsec352")~~RJStevensMusicPresentationCreator.Program~0000001691
2024-12-14 21:50:48.0963~DEBUG~download completed~~RJStevensMusicPresentationCreator.Program~0000001692
2024-12-14 21:50:48.0963~DEBUG~<- DownloadFile(url = "https://faas-nyc1-2ef2e6cc.doserverless.co/api/v1/web/fn-dd7f8f6a-d32a-4f5e-ae7b-870dfb7963f3/downloads/bundle?id=000000000000359", filename = "C:\Users\cofc_\AppData\Local\Temp\tmp801D.tmp\rjsec352.ZIP", message = "rjsec352")~~RJStevensMusicPresentationCreator.Program~0000001693
2024-12-14 21:50:48.1183~DEBUG~-> ExtractAllFromFile(zipFileName = "C:\Users\cofc_\AppData\Local\Temp\tmp801D.tmp\rjsec352.ZIP", decompressedFolder = "C:\Users\cofc_\AppData\Local\Temp\tmp8147.tmp", message = "rjsec352")~~RJStevensMusicPresentationCreator.Program~0000001694
2024-12-14 21:50:48.3654~DEBUG~extract completed~~RJStevensMusicPresentationCreator.Program~0000001695
2024-12-14 21:50:48.3654~DEBUG~<- ExtractAllFromFile(zipFileName = "C:\Users\cofc_\AppData\Local\Temp\tmp801D.tmp\rjsec352.ZIP", decompressedFolder = "C:\Users\cofc_\AppData\Local\Temp\tmp8147.tmp", message = "rjsec352")~~RJStevensMusicPresentationCreator.Program~0000001696
2024-12-14 21:50:48.4314~DEBUG~-> DownloadFile(url = "https://faas-nyc1-2ef2e6cc.doserverless.co/api/v1/web/fn-dd7f8f6a-d32a-4f5e-ae7b-870dfb7963f3/downloads/bundle?id=000000000000361", filename = "C:\Users\cofc_\AppData\Local\Temp\tmp8281.tmp\rjsec354.ZIP", message = "rjsec354")~~RJStevensMusicPresentationCreator.Program~0000001697
2024-12-14 21:50:48.6484~DEBUG~download completed~~RJStevensMusicPresentationCreator.Program~0000001698
2024-12-14 21:50:48.6484~DEBUG~<- DownloadFile(url = "https://faas-nyc1-2ef2e6cc.doserverless.co/api/v1/web/fn-dd7f8f6a-d32a-4f5e-ae7b-870dfb7963f3/downloads/bundle?id=000000000000361", filename = "C:\Users\cofc_\AppData\Local\Temp\tmp8281.tmp\rjsec354.ZIP", message = "rjsec354")~~RJStevensMusicPresentationCreator.Program~0000001699
2024-12-14 21:50:48.6674~DEBUG~-> ExtractAllFromFile(zipFileName = "C:\Users\cofc_\AppData\Local\Temp\tmp8281.tmp\rjsec354.ZIP", decompressedFolder = "C:\Users\cofc_\AppData\Local\Temp\tmp836C.tmp", message = "rjsec354")~~RJStevensMusicPresentationCreator.Program~0000001700
2024-12-14 21:50:48.9204~DEBUG~extract completed~~RJStevensMusicPresentationCreator.Program~0000001701
2024-12-14 21:50:48.9254~DEBUG~<- ExtractAllFromFile(zipFileName = "C:\Users\cofc_\AppData\Local\Temp\tmp8281.tmp\rjsec354.ZIP", decompressedFolder = "C:\Users\cofc_\AppData\Local\Temp\tmp836C.tmp", message = "rjsec354")~~RJStevensMusicPresentationCreator.Program~0000001702
2024-12-14 21:50:48.9844~DEBUG~-> DownloadFile(url = "https://faas-nyc1-2ef2e6cc.doserverless.co/api/v1/web/fn-dd7f8f6a-d32a-4f5e-ae7b-870dfb7963f3/downloads/bundle?id=000000000000362", filename = "C:\Users\cofc_\AppData\Local\Temp\tmp84A6.tmp\rjsec355.ZIP", message = "rjsec355")~~RJStevensMusicPresentationCreator.Program~0000001703
2024-12-14 21:50:49.1894~DEBUG~download completed~~RJStevensMusicPresentationCreator.Program~0000001704
2024-12-14 21:50:49.1894~DEBUG~<- DownloadFile(url = "https://faas-nyc1-2ef2e6cc.doserverless.co/api/v1/web/fn-dd7f8f6a-d32a-4f5e-ae7b-870dfb7963f3/downloads/bundle?id=000000000000362", filename = "C:\Users\cofc_\AppData\Local\Temp\tmp84A6.tmp\rjsec355.ZIP", message = "rjsec355")~~RJStevensMusicPresentationCreator.Program~0000001705
2024-12-14 21:50:49.2054~DEBUG~-> ExtractAllFromFile(zipFileName = "C:\Users\cofc_\AppData\Local\Temp\tmp84A6.tmp\rjsec355.ZIP", decompressedFolder = "C:\Users\cofc_\AppData\Local\Temp\tmp8591.tmp", message = "rjsec355")~~RJStevensMusicPresentationCreator.Program~0000001706
2024-12-14 21:50:49.4064~DEBUG~extract completed~~RJStevensMusicPresentationCreator.Program~0000001707
2024-12-14 21:50:49.4114~DEBUG~<- ExtractAllFromFile(zipFileName = "C:\Users\cofc_\AppData\Local\Temp\tmp84A6.tmp\rjsec355.ZIP", decompressedFolder = "C:\Users\cofc_\AppData\Local\Temp\tmp8591.tmp", message = "rjsec355")~~RJStevensMusicPresentationCreator.Program~0000001708
2024-12-14 21:50:49.4694~DEBUG~-> DownloadFile(url = "https://faas-nyc1-2ef2e6cc.doserverless.co/api/v1/web/fn-dd7f8f6a-d32a-4f5e-ae7b-870dfb7963f3/downloads/bundle?id=000000000000363", filename = "C:\Users\cofc_\AppData\Local\Temp\tmp868C.tmp\rjsec356.ZIP", message = "rjsec356")~~RJStevensMusicPresentationCreator.Program~0000001709
2024-12-14 21:50:49.6865~DEBUG~download completed~~RJStevensMusicPresentationCreator.Program~0000001710
2024-12-14 21:50:49.6865~DEBUG~<- DownloadFile(url = "https://faas-nyc1-2ef2e6cc.doserverless.co/api/v1/web/fn-dd7f8f6a-d32a-4f5e-ae7b-870dfb7963f3/downloads/bundle?id=000000000000363", filename = "C:\Users\cofc_\AppData\Local\Temp\tmp868C.tmp\rjsec356.ZIP", message = "rjsec356")~~RJStevensMusicPresentationCreator.Program~0000001711
2024-12-14 21:50:49.7045~DEBUG~-> ExtractAllFromFile(zipFileName = "C:\Users\cofc_\AppData\Local\Temp\tmp868C.tmp\rjsec356.ZIP", decompressedFolder = "C:\Users\cofc_\AppData\Local\Temp\tmp8787.tmp", message = "rjsec356")~~RJStevensMusicPresentationCreator.Program~0000001712
2024-12-14 21:50:50.0305~DEBUG~extract completed~~RJStevensMusicPresentationCreator.Program~0000001713
2024-12-14 21:50:50.0325~DEBUG~<- ExtractAllFromFile(zipFileName = "C:\Users\cofc_\AppData\Local\Temp\tmp868C.tmp\rjsec356.ZIP", decompressedFolder = "C:\Users\cofc_\AppData\Local\Temp\tmp8787.tmp", message = "rjsec356")~~RJStevensMusicPresentationCreator.Program~0000001714
2024-12-14 21:50:50.1125~DEBUG~-> DownloadFile(url = "https://faas-nyc1-2ef2e6cc.doserverless.co/api/v1/web/fn-dd7f8f6a-d32a-4f5e-ae7b-870dfb7963f3/downloads/bundle?id=000000000000364", filename = "C:\Users\cofc_\AppData\Local\Temp\tmp891E.tmp\rjsec357.ZIP", message = "rjsec357")~~RJStevensMusicPresentationCreator.Program~0000001715
2024-12-14 21:50:50.3355~DEBUG~download completed~~RJStevensMusicPresentationCreator.Program~0000001716
2024-12-14 21:50:50.3355~DEBUG~<- DownloadFile(url = "https://faas-nyc1-2ef2e6cc.doserverless.co/api/v1/web/fn-dd7f8f6a-d32a-4f5e-ae7b-870dfb7963f3/downloads/bundle?id=000000000000364", filename = "C:\Users\cofc_\AppData\Local\Temp\tmp891E.tmp\rjsec357.ZIP", message = "rjsec357")~~RJStevensMusicPresentationCreator.Program~0000001717
2024-12-14 21:50:50.3545~DEBUG~-> ExtractAllFromFile(zipFileName = "C:\Users\cofc_\AppData\Local\Temp\tmp891E.tmp\rjsec357.ZIP", decompressedFolder = "C:\Users\cofc_\AppData\Local\Temp\tmp8A0A.tmp", message = "rjsec357")~~RJStevensMusicPresentationCreator.Program~0000001718
2024-12-14 21:50:50.5995~DEBUG~extract completed~~RJStevensMusicPresentationCreator.Program~0000001719
2024-12-14 21:50:50.5995~DEBUG~<- ExtractAllFromFile(zipFileName = "C:\Users\cofc_\AppData\Local\Temp\tmp891E.tmp\rjsec357.ZIP", decompressedFolder = "C:\Users\cofc_\AppData\Local\Temp\tmp8A0A.tmp", message = "rjsec357")~~RJStevensMusicPresentationCreator.Program~0000001720
2024-12-14 21:50:50.6685~DEBUG~-> DownloadFile(url = "https://faas-nyc1-2ef2e6cc.doserverless.co/api/v1/web/fn-dd7f8f6a-d32a-4f5e-ae7b-870dfb7963f3/downloads/bundle?id=000000000000365", filename = "C:\Users\cofc_\AppData\Local\Temp\tmp8B43.tmp\rjsec358.ZIP", message = "rjsec358")~~RJStevensMusicPresentationCreator.Program~0000001721
2024-12-14 21:50:50.8796~DEBUG~download completed~~RJStevensMusicPresentationCreator.Program~0000001722
2024-12-14 21:50:50.8796~DEBUG~<- DownloadFile(url = "https://faas-nyc1-2ef2e6cc.doserverless.co/api/v1/web/fn-dd7f8f6a-d32a-4f5e-ae7b-870dfb7963f3/downloads/bundle?id=000000000000365", filename = "C:\Users\cofc_\AppData\Local\Temp\tmp8B43.tmp\rjsec358.ZIP", message = "rjsec358")~~RJStevensMusicPresentationCreator.Program~0000001723
2024-12-14 21:50:50.8955~DEBUG~-> ExtractAllFromFile(zipFileName = "C:\Users\cofc_\AppData\Local\Temp\tmp8B43.tmp\rjsec358.ZIP", decompressedFolder = "C:\Users\cofc_\AppData\Local\Temp\tmp8C2E.tmp", message = "rjsec358")~~RJStevensMusicPresentationCreator.Program~0000001724
2024-12-14 21:50:51.0846~DEBUG~extract completed~~RJStevensMusicPresentationCreator.Program~0000001725
2024-12-14 21:50:51.0846~DEBUG~<- ExtractAllFromFile(zipFileName = "C:\Users\cofc_\AppData\Local\Temp\tmp8B43.tmp\rjsec358.ZIP", decompressedFolder = "C:\Users\cofc_\AppData\Local\Temp\tmp8C2E.tmp", message = "rjsec358")~~RJStevensMusicPresentationCreator.Program~0000001726
2024-12-14 21:50:51.1476~DEBUG~-> DownloadFile(url = "https://faas-nyc1-2ef2e6cc.doserverless.co/api/v1/web/fn-dd7f8f6a-d32a-4f5e-ae7b-870dfb7963f3/downloads/bundle?id=000000000000367", filename = "C:\Users\cofc_\AppData\Local\Temp\tmp8D29.tmp\rjsec360.ZIP", message = "rjsec360")~~RJStevensMusicPresentationCreator.Program~0000001727
2024-12-14 21:50:51.3896~DEBUG~download completed~~RJStevensMusicPresentationCreator.Program~0000001728
2024-12-14 21:50:51.3896~DEBUG~<- DownloadFile(url = "https://faas-nyc1-2ef2e6cc.doserverless.co/api/v1/web/fn-dd7f8f6a-d32a-4f5e-ae7b-870dfb7963f3/downloads/bundle?id=000000000000367", filename = "C:\Users\cofc_\AppData\Local\Temp\tmp8D29.tmp\rjsec360.ZIP", message = "rjsec360")~~RJStevensMusicPresentationCreator.Program~0000001729
2024-12-14 21:50:51.4146~DEBUG~-> ExtractAllFromFile(zipFileName = "C:\Users\cofc_\AppData\Local\Temp\tmp8D29.tmp\rjsec360.ZIP", decompressedFolder = "C:\Users\cofc_\AppData\Local\Temp\tmp8E34.tmp", message = "rjsec360")~~RJStevensMusicPresentationCreator.Program~0000001730
2024-12-14 21:50:51.7336~DEBUG~extract completed~~RJStevensMusicPresentationCreator.Program~0000001731
2024-12-14 21:50:51.7366~DEBUG~<- ExtractAllFromFile(zipFileName = "C:\Users\cofc_\AppData\Local\Temp\tmp8D29.tmp\rjsec360.ZIP", decompressedFolder = "C:\Users\cofc_\AppData\Local\Temp\tmp8E34.tmp", message = "rjsec360")~~RJStevensMusicPresentationCreator.Program~0000001732
2024-12-14 21:50:51.8076~DEBUG~-> DownloadFile(url = "https://faas-nyc1-2ef2e6cc.doserverless.co/api/v1/web/fn-dd7f8f6a-d32a-4f5e-ae7b-870dfb7963f3/downloads/bundle?id=000000000003362", filename = "C:\Users\cofc_\AppData\Local\Temp\tmp8FBC.tmp\rjsec360.16.ZIP", message = "rjsec360.16")~~RJStevensMusicPresentationCreator.Program~0000001733
2024-12-14 21:50:52.2677~DEBUG~download completed~~RJStevensMusicPresentationCreator.Program~0000001734
2024-12-14 21:50:52.2677~DEBUG~<- DownloadFile(url = "https://faas-nyc1-2ef2e6cc.doserverless.co/api/v1/web/fn-dd7f8f6a-d32a-4f5e-ae7b-870dfb7963f3/downloads/bundle?id=000000000003362", filename = "C:\Users\cofc_\AppData\Local\Temp\tmp8FBC.tmp\rjsec360.16.ZIP", message = "rjsec360.16")~~RJStevensMusicPresentationCreator.Program~0000001735
2024-12-14 21:50:52.2917~DEBUG~-> ExtractAllFromFile(zipFileName = "C:\Users\cofc_\AppData\Local\Temp\tmp8FBC.tmp\rjsec360.16.ZIP", decompressedFolder = "C:\Users\cofc_\AppData\Local\Temp\tmp91A1.tmp", message = "rjsec360.16")~~RJStevensMusicPresentationCreator.Program~0000001736
2024-12-14 21:50:52.6507~DEBUG~extract completed~~RJStevensMusicPresentationCreator.Program~0000001737
2024-12-14 21:50:52.6507~DEBUG~<- ExtractAllFromFile(zipFileName = "C:\Users\cofc_\AppData\Local\Temp\tmp8FBC.tmp\rjsec360.16.ZIP", decompressedFolder = "C:\Users\cofc_\AppData\Local\Temp\tmp91A1.tmp", message = "rjsec360.16")~~RJStevensMusicPresentationCreator.Program~0000001738
2024-12-14 21:50:52.7917~DEBUG~-> DownloadFile(url = "https://faas-nyc1-2ef2e6cc.doserverless.co/api/v1/web/fn-dd7f8f6a-d32a-4f5e-ae7b-870dfb7963f3/downloads/bundle?id=000000000000369", filename = "C:\Users\cofc_\AppData\Local\Temp\tmp9396.tmp\rjsec362.ZIP", message = "rjsec362")~~RJStevensMusicPresentationCreator.Program~0000001739
2024-12-14 21:50:53.1197~DEBUG~download completed~~RJStevensMusicPresentationCreator.Program~0000001740
2024-12-14 21:50:53.1197~DEBUG~<- DownloadFile(url = "https://faas-nyc1-2ef2e6cc.doserverless.co/api/v1/web/fn-dd7f8f6a-d32a-4f5e-ae7b-870dfb7963f3/downloads/bundle?id=000000000000369", filename = "C:\Users\cofc_\AppData\Local\Temp\tmp9396.tmp\rjsec362.ZIP", message = "rjsec362")~~RJStevensMusicPresentationCreator.Program~0000001741
2024-12-14 21:50:53.1497~DEBUG~-> ExtractAllFromFile(zipFileName = "C:\Users\cofc_\AppData\Local\Temp\tmp9396.tmp\rjsec362.ZIP", decompressedFolder = "C:\Users\cofc_\AppData\Local\Temp\tmp94FE.tmp", message = "rjsec362")~~RJStevensMusicPresentationCreator.Program~0000001742
2024-12-14 21:50:53.6108~DEBUG~extract completed~~RJStevensMusicPresentationCreator.Program~0000001743
2024-12-14 21:50:53.6108~DEBUG~<- ExtractAllFromFile(zipFileName = "C:\Users\cofc_\AppData\Local\Temp\tmp9396.tmp\rjsec362.ZIP", decompressedFolder = "C:\Users\cofc_\AppData\Local\Temp\tmp94FE.tmp", message = "rjsec362")~~RJStevensMusicPresentationCreator.Program~0000001744
2024-12-14 21:50:53.6888~DEBUG~-> DownloadFile(url = "https://faas-nyc1-2ef2e6cc.doserverless.co/api/v1/web/fn-dd7f8f6a-d32a-4f5e-ae7b-870dfb7963f3/downloads/bundle?id=000000000000370", filename = "C:\Users\cofc_\AppData\Local\Temp\tmp9722.tmp\rjsec363.ZIP", message = "rjsec363")~~RJStevensMusicPresentationCreator.Program~0000001745
2024-12-14 21:50:53.9288~DEBUG~download completed~~RJStevensMusicPresentationCreator.Program~0000001746
2024-12-14 21:50:53.9288~DEBUG~<- DownloadFile(url = "https://faas-nyc1-2ef2e6cc.doserverless.co/api/v1/web/fn-dd7f8f6a-d32a-4f5e-ae7b-870dfb7963f3/downloads/bundle?id=000000000000370", filename = "C:\Users\cofc_\AppData\Local\Temp\tmp9722.tmp\rjsec363.ZIP", message = "rjsec363")~~RJStevensMusicPresentationCreator.Program~0000001747
2024-12-14 21:50:53.9498~DEBUG~-> ExtractAllFromFile(zipFileName = "C:\Users\cofc_\AppData\Local\Temp\tmp9722.tmp\rjsec363.ZIP", decompressedFolder = "C:\Users\cofc_\AppData\Local\Temp\tmp981D.tmp", message = "rjsec363")~~RJStevensMusicPresentationCreator.Program~0000001748
2024-12-14 21:50:54.2403~DEBUG~extract completed~~RJStevensMusicPresentationCreator.Program~0000001749
2024-12-14 21:50:54.2403~DEBUG~<- ExtractAllFromFile(zipFileName = "C:\Users\cofc_\AppData\Local\Temp\tmp9722.tmp\rjsec363.ZIP", decompressedFolder = "C:\Users\cofc_\AppData\Local\Temp\tmp981D.tmp", message = "rjsec363")~~RJStevensMusicPresentationCreator.Program~0000001750
2024-12-14 21:50:54.3173~DEBUG~-> DownloadFile(url = "https://faas-nyc1-2ef2e6cc.doserverless.co/api/v1/web/fn-dd7f8f6a-d32a-4f5e-ae7b-870dfb7963f3/downloads/bundle?id=000000000000371", filename = "C:\Users\cofc_\AppData\Local\Temp\tmp9995.tmp\rjsec364.ZIP", message = "rjsec364")~~RJStevensMusicPresentationCreator.Program~0000001751
2024-12-14 21:50:54.5493~DEBUG~download completed~~RJStevensMusicPresentationCreator.Program~0000001752
2024-12-14 21:50:54.5493~DEBUG~<- DownloadFile(url = "https://faas-nyc1-2ef2e6cc.doserverless.co/api/v1/web/fn-dd7f8f6a-d32a-4f5e-ae7b-870dfb7963f3/downloads/bundle?id=000000000000371", filename = "C:\Users\cofc_\AppData\Local\Temp\tmp9995.tmp\rjsec364.ZIP", message = "rjsec364")~~RJStevensMusicPresentationCreator.Program~0000001753
2024-12-14 21:50:54.5653~DEBUG~-> ExtractAllFromFile(zipFileName = "C:\Users\cofc_\AppData\Local\Temp\tmp9995.tmp\rjsec364.ZIP", decompressedFolder = "C:\Users\cofc_\AppData\Local\Temp\tmp9A90.tmp", message = "rjsec364")~~RJStevensMusicPresentationCreator.Program~0000001754
2024-12-14 21:50:54.7922~DEBUG~extract completed~~RJStevensMusicPresentationCreator.Program~0000001755
2024-12-14 21:50:54.7972~DEBUG~<- ExtractAllFromFile(zipFileName = "C:\Users\cofc_\AppData\Local\Temp\tmp9995.tmp\rjsec364.ZIP", decompressedFolder = "C:\Users\cofc_\AppData\Local\Temp\tmp9A90.tmp", message = "rjsec364")~~RJStevensMusicPresentationCreator.Program~0000001756
2024-12-14 21:50:54.8582~DEBUG~-> DownloadFile(url = "https://faas-nyc1-2ef2e6cc.doserverless.co/api/v1/web/fn-dd7f8f6a-d32a-4f5e-ae7b-870dfb7963f3/downloads/bundle?id=000000000000372", filename = "C:\Users\cofc_\AppData\Local\Temp\tmp9BAB.tmp\rjsec365.ZIP", message = "rjsec365")~~RJStevensMusicPresentationCreator.Program~0000001757
2024-12-14 21:50:55.0992~DEBUG~download completed~~RJStevensMusicPresentationCreator.Program~0000001758
2024-12-14 21:50:55.0992~DEBUG~<- DownloadFile(url = "https://faas-nyc1-2ef2e6cc.doserverless.co/api/v1/web/fn-dd7f8f6a-d32a-4f5e-ae7b-870dfb7963f3/downloads/bundle?id=000000000000372", filename = "C:\Users\cofc_\AppData\Local\Temp\tmp9BAB.tmp\rjsec365.ZIP", message = "rjsec365")~~RJStevensMusicPresentationCreator.Program~0000001759
2024-12-14 21:50:55.1262~DEBUG~-> ExtractAllFromFile(zipFileName = "C:\Users\cofc_\AppData\Local\Temp\tmp9BAB.tmp\rjsec365.ZIP", decompressedFolder = "C:\Users\cofc_\AppData\Local\Temp\tmp9CB5.tmp", message = "rjsec365")~~RJStevensMusicPresentationCreator.Program~0000001760
2024-12-14 21:50:55.4120~DEBUG~extract completed~~RJStevensMusicPresentationCreator.Program~0000001761
2024-12-14 21:50:55.4120~DEBUG~<- ExtractAllFromFile(zipFileName = "C:\Users\cofc_\AppData\Local\Temp\tmp9BAB.tmp\rjsec365.ZIP", decompressedFolder = "C:\Users\cofc_\AppData\Local\Temp\tmp9CB5.tmp", message = "rjsec365")~~RJStevensMusicPresentationCreator.Program~0000001762
2024-12-14 21:50:55.4790~DEBUG~-> DownloadFile(url = "https://faas-nyc1-2ef2e6cc.doserverless.co/api/v1/web/fn-dd7f8f6a-d32a-4f5e-ae7b-870dfb7963f3/downloads/bundle?id=000000000000373", filename = "C:\Users\cofc_\AppData\Local\Temp\tmp9E1E.tmp\rjsec366.ZIP", message = "rjsec366")~~RJStevensMusicPresentationCreator.Program~0000001763
2024-12-14 21:50:55.7291~DEBUG~download completed~~RJStevensMusicPresentationCreator.Program~0000001764
2024-12-14 21:50:55.7291~DEBUG~<- DownloadFile(url = "https://faas-nyc1-2ef2e6cc.doserverless.co/api/v1/web/fn-dd7f8f6a-d32a-4f5e-ae7b-870dfb7963f3/downloads/bundle?id=000000000000373", filename = "C:\Users\cofc_\AppData\Local\Temp\tmp9E1E.tmp\rjsec366.ZIP", message = "rjsec366")~~RJStevensMusicPresentationCreator.Program~0000001765
2024-12-14 21:50:55.7441~DEBUG~-> ExtractAllFromFile(zipFileName = "C:\Users\cofc_\AppData\Local\Temp\tmp9E1E.tmp\rjsec366.ZIP", decompressedFolder = "C:\Users\cofc_\AppData\Local\Temp\tmp9F28.tmp", message = "rjsec366")~~RJStevensMusicPresentationCreator.Program~0000001766
2024-12-14 21:50:55.9883~DEBUG~extract completed~~RJStevensMusicPresentationCreator.Program~0000001767
2024-12-14 21:50:55.9883~DEBUG~<- ExtractAllFromFile(zipFileName = "C:\Users\cofc_\AppData\Local\Temp\tmp9E1E.tmp\rjsec366.ZIP", decompressedFolder = "C:\Users\cofc_\AppData\Local\Temp\tmp9F28.tmp", message = "rjsec366")~~RJStevensMusicPresentationCreator.Program~0000001768
2024-12-14 21:50:56.0583~DEBUG~-> DownloadFile(url = "https://faas-nyc1-2ef2e6cc.doserverless.co/api/v1/web/fn-dd7f8f6a-d32a-4f5e-ae7b-870dfb7963f3/downloads/bundle?id=000000000000374", filename = "C:\Users\cofc_\AppData\Local\Temp\tmpA062.tmp\rjsec367.ZIP", message = "rjsec367")~~RJStevensMusicPresentationCreator.Program~0000001769
2024-12-14 21:50:56.3244~DEBUG~download completed~~RJStevensMusicPresentationCreator.Program~0000001770
2024-12-14 21:50:56.3244~DEBUG~<- DownloadFile(url = "https://faas-nyc1-2ef2e6cc.doserverless.co/api/v1/web/fn-dd7f8f6a-d32a-4f5e-ae7b-870dfb7963f3/downloads/bundle?id=000000000000374", filename = "C:\Users\cofc_\AppData\Local\Temp\tmpA062.tmp\rjsec367.ZIP", message = "rjsec367")~~RJStevensMusicPresentationCreator.Program~0000001771
2024-12-14 21:50:56.3454~DEBUG~-> ExtractAllFromFile(zipFileName = "C:\Users\cofc_\AppData\Local\Temp\tmpA062.tmp\rjsec367.ZIP", decompressedFolder = "C:\Users\cofc_\AppData\Local\Temp\tmpA18C.tmp", message = "rjsec367")~~RJStevensMusicPresentationCreator.Program~0000001772
2024-12-14 21:50:56.6351~DEBUG~extract completed~~RJStevensMusicPresentationCreator.Program~0000001773
2024-12-14 21:50:56.6351~DEBUG~<- ExtractAllFromFile(zipFileName = "C:\Users\cofc_\AppData\Local\Temp\tmpA062.tmp\rjsec367.ZIP", decompressedFolder = "C:\Users\cofc_\AppData\Local\Temp\tmpA18C.tmp", message = "rjsec367")~~RJStevensMusicPresentationCreator.Program~0000001774
2024-12-14 21:50:56.7101~DEBUG~-> DownloadFile(url = "https://faas-nyc1-2ef2e6cc.doserverless.co/api/v1/web/fn-dd7f8f6a-d32a-4f5e-ae7b-870dfb7963f3/downloads/bundle?id=000000000000375", filename = "C:\Users\cofc_\AppData\Local\Temp\tmpA2F4.tmp\rjsec368.ZIP", message = "rjsec368")~~RJStevensMusicPresentationCreator.Program~0000001775
2024-12-14 21:50:56.9161~DEBUG~download completed~~RJStevensMusicPresentationCreator.Program~0000001776
2024-12-14 21:50:56.9161~DEBUG~<- DownloadFile(url = "https://faas-nyc1-2ef2e6cc.doserverless.co/api/v1/web/fn-dd7f8f6a-d32a-4f5e-ae7b-870dfb7963f3/downloads/bundle?id=000000000000375", filename = "C:\Users\cofc_\AppData\Local\Temp\tmpA2F4.tmp\rjsec368.ZIP", message = "rjsec368")~~RJStevensMusicPresentationCreator.Program~0000001777
2024-12-14 21:50:56.9301~DEBUG~-> ExtractAllFromFile(zipFileName = "C:\Users\cofc_\AppData\Local\Temp\tmpA2F4.tmp\rjsec368.ZIP", decompressedFolder = "C:\Users\cofc_\AppData\Local\Temp\tmpA3D0.tmp", message = "rjsec368")~~RJStevensMusicPresentationCreator.Program~0000001778
2024-12-14 21:50:57.1531~DEBUG~extract completed~~RJStevensMusicPresentationCreator.Program~0000001779
2024-12-14 21:50:57.1531~DEBUG~<- ExtractAllFromFile(zipFileName = "C:\Users\cofc_\AppData\Local\Temp\tmpA2F4.tmp\rjsec368.ZIP", decompressedFolder = "C:\Users\cofc_\AppData\Local\Temp\tmpA3D0.tmp", message = "rjsec368")~~RJStevensMusicPresentationCreator.Program~0000001780
2024-12-14 21:50:57.2171~DEBUG~-> DownloadFile(url = "https://faas-nyc1-2ef2e6cc.doserverless.co/api/v1/web/fn-dd7f8f6a-d32a-4f5e-ae7b-870dfb7963f3/downloads/bundle?id=000000000000378", filename = "C:\Users\cofc_\AppData\Local\Temp\tmpA4EA.tmp\rjsec371.ZIP", message = "rjsec371")~~RJStevensMusicPresentationCreator.Program~0000001781
2024-12-14 21:50:57.4411~DEBUG~download completed~~RJStevensMusicPresentationCreator.Program~0000001782
2024-12-14 21:50:57.4411~DEBUG~<- DownloadFile(url = "https://faas-nyc1-2ef2e6cc.doserverless.co/api/v1/web/fn-dd7f8f6a-d32a-4f5e-ae7b-870dfb7963f3/downloads/bundle?id=000000000000378", filename = "C:\Users\cofc_\AppData\Local\Temp\tmpA4EA.tmp\rjsec371.ZIP", message = "rjsec371")~~RJStevensMusicPresentationCreator.Program~0000001783
2024-12-14 21:50:57.4691~DEBUG~-> ExtractAllFromFile(zipFileName = "C:\Users\cofc_\AppData\Local\Temp\tmpA4EA.tmp\rjsec371.ZIP", decompressedFolder = "C:\Users\cofc_\AppData\Local\Temp\tmpA5F5.tmp", message = "rjsec371")~~RJStevensMusicPresentationCreator.Program~0000001784
2024-12-14 21:50:57.8572~DEBUG~extract completed~~RJStevensMusicPresentationCreator.Program~0000001785
2024-12-14 21:50:57.8612~DEBUG~<- ExtractAllFromFile(zipFileName = "C:\Users\cofc_\AppData\Local\Temp\tmpA4EA.tmp\rjsec371.ZIP", decompressedFolder = "C:\Users\cofc_\AppData\Local\Temp\tmpA5F5.tmp", message = "rjsec371")~~RJStevensMusicPresentationCreator.Program~0000001786
2024-12-14 21:50:57.9442~DEBUG~-> DownloadFile(url = "https://faas-nyc1-2ef2e6cc.doserverless.co/api/v1/web/fn-dd7f8f6a-d32a-4f5e-ae7b-870dfb7963f3/downloads/bundle?id=000000000000380", filename = "C:\Users\cofc_\AppData\Local\Temp\tmpA7CA.tmp\rjsec373.ZIP", message = "rjsec373")~~RJStevensMusicPresentationCreator.Program~0000001787
2024-12-14 21:50:58.1622~DEBUG~download completed~~RJStevensMusicPresentationCreator.Program~0000001788
2024-12-14 21:50:58.1622~DEBUG~<- DownloadFile(url = "https://faas-nyc1-2ef2e6cc.doserverless.co/api/v1/web/fn-dd7f8f6a-d32a-4f5e-ae7b-870dfb7963f3/downloads/bundle?id=000000000000380", filename = "C:\Users\cofc_\AppData\Local\Temp\tmpA7CA.tmp\rjsec373.ZIP", message = "rjsec373")~~RJStevensMusicPresentationCreator.Program~0000001789
2024-12-14 21:50:58.1842~DEBUG~-> ExtractAllFromFile(zipFileName = "C:\Users\cofc_\AppData\Local\Temp\tmpA7CA.tmp\rjsec373.ZIP", decompressedFolder = "C:\Users\cofc_\AppData\Local\Temp\tmpA8B6.tmp", message = "rjsec373")~~RJStevensMusicPresentationCreator.Program~0000001790
2024-12-14 21:50:58.4637~DEBUG~extract completed~~RJStevensMusicPresentationCreator.Program~0000001791
2024-12-14 21:50:58.4637~DEBUG~<- ExtractAllFromFile(zipFileName = "C:\Users\cofc_\AppData\Local\Temp\tmpA7CA.tmp\rjsec373.ZIP", decompressedFolder = "C:\Users\cofc_\AppData\Local\Temp\tmpA8B6.tmp", message = "rjsec373")~~RJStevensMusicPresentationCreator.Program~0000001792
2024-12-14 21:50:58.5407~DEBUG~-> DownloadFile(url = "https://faas-nyc1-2ef2e6cc.doserverless.co/api/v1/web/fn-dd7f8f6a-d32a-4f5e-ae7b-870dfb7963f3/downloads/bundle?id=000000000000381", filename = "C:\Users\cofc_\AppData\Local\Temp\tmpAA1E.tmp\rjsec374.ZIP", message = "rjsec374")~~RJStevensMusicPresentationCreator.Program~0000001793
2024-12-14 21:50:58.7767~DEBUG~download completed~~RJStevensMusicPresentationCreator.Program~0000001794
2024-12-14 21:50:58.7767~DEBUG~<- DownloadFile(url = "https://faas-nyc1-2ef2e6cc.doserverless.co/api/v1/web/fn-dd7f8f6a-d32a-4f5e-ae7b-870dfb7963f3/downloads/bundle?id=000000000000381", filename = "C:\Users\cofc_\AppData\Local\Temp\tmpAA1E.tmp\rjsec374.ZIP", message = "rjsec374")~~RJStevensMusicPresentationCreator.Program~0000001795
2024-12-14 21:50:58.7947~DEBUG~-> ExtractAllFromFile(zipFileName = "C:\Users\cofc_\AppData\Local\Temp\tmpAA1E.tmp\rjsec374.ZIP", decompressedFolder = "C:\Users\cofc_\AppData\Local\Temp\tmpAB19.tmp", message = "rjsec374")~~RJStevensMusicPresentationCreator.Program~0000001796
2024-12-14 21:50:59.1147~DEBUG~extract completed~~RJStevensMusicPresentationCreator.Program~0000001797
2024-12-14 21:50:59.1147~DEBUG~<- ExtractAllFromFile(zipFileName = "C:\Users\cofc_\AppData\Local\Temp\tmpAA1E.tmp\rjsec374.ZIP", decompressedFolder = "C:\Users\cofc_\AppData\Local\Temp\tmpAB19.tmp", message = "rjsec374")~~RJStevensMusicPresentationCreator.Program~0000001798
2024-12-14 21:50:59.1967~DEBUG~-> DownloadFile(url = "https://faas-nyc1-2ef2e6cc.doserverless.co/api/v1/web/fn-dd7f8f6a-d32a-4f5e-ae7b-870dfb7963f3/downloads/bundle?id=000000000000382", filename = "C:\Users\cofc_\AppData\Local\Temp\tmpACB0.tmp\rjsec375.ZIP", message = "rjsec375")~~RJStevensMusicPresentationCreator.Program~0000001799
2024-12-14 21:50:59.4427~DEBUG~download completed~~RJStevensMusicPresentationCreator.Program~0000001800
2024-12-14 21:50:59.4427~DEBUG~<- DownloadFile(url = "https://faas-nyc1-2ef2e6cc.doserverless.co/api/v1/web/fn-dd7f8f6a-d32a-4f5e-ae7b-870dfb7963f3/downloads/bundle?id=000000000000382", filename = "C:\Users\cofc_\AppData\Local\Temp\tmpACB0.tmp\rjsec375.ZIP", message = "rjsec375")~~RJStevensMusicPresentationCreator.Program~0000001801
2024-12-14 21:50:59.4607~DEBUG~-> ExtractAllFromFile(zipFileName = "C:\Users\cofc_\AppData\Local\Temp\tmpACB0.tmp\rjsec375.ZIP", decompressedFolder = "C:\Users\cofc_\AppData\Local\Temp\tmpADBB.tmp", message = "rjsec375")~~RJStevensMusicPresentationCreator.Program~0000001802
2024-12-14 21:50:59.8598~DEBUG~extract completed~~RJStevensMusicPresentationCreator.Program~0000001803
2024-12-14 21:50:59.8598~DEBUG~<- ExtractAllFromFile(zipFileName = "C:\Users\cofc_\AppData\Local\Temp\tmpACB0.tmp\rjsec375.ZIP", decompressedFolder = "C:\Users\cofc_\AppData\Local\Temp\tmpADBB.tmp", message = "rjsec375")~~RJStevensMusicPresentationCreator.Program~0000001804
2024-12-14 21:50:59.9518~DEBUG~-> DownloadFile(url = "https://faas-nyc1-2ef2e6cc.doserverless.co/api/v1/web/fn-dd7f8f6a-d32a-4f5e-ae7b-870dfb7963f3/downloads/bundle?id=000000000000383", filename = "C:\Users\cofc_\AppData\Local\Temp\tmpAFA0.tmp\rjsec376.ZIP", message = "rjsec376")~~RJStevensMusicPresentationCreator.Program~0000001805
2024-12-14 21:51:00.1938~DEBUG~download completed~~RJStevensMusicPresentationCreator.Program~0000001806
2024-12-14 21:51:00.1938~DEBUG~<- DownloadFile(url = "https://faas-nyc1-2ef2e6cc.doserverless.co/api/v1/web/fn-dd7f8f6a-d32a-4f5e-ae7b-870dfb7963f3/downloads/bundle?id=000000000000383", filename = "C:\Users\cofc_\AppData\Local\Temp\tmpAFA0.tmp\rjsec376.ZIP", message = "rjsec376")~~RJStevensMusicPresentationCreator.Program~0000001807
2024-12-14 21:51:00.2218~DEBUG~-> ExtractAllFromFile(zipFileName = "C:\Users\cofc_\AppData\Local\Temp\tmpAFA0.tmp\rjsec376.ZIP", decompressedFolder = "C:\Users\cofc_\AppData\Local\Temp\tmpB0BB.tmp", message = "rjsec376")~~RJStevensMusicPresentationCreator.Program~0000001808
2024-12-14 21:51:00.5598~DEBUG~extract completed~~RJStevensMusicPresentationCreator.Program~0000001809
2024-12-14 21:51:00.5598~DEBUG~<- ExtractAllFromFile(zipFileName = "C:\Users\cofc_\AppData\Local\Temp\tmpAFA0.tmp\rjsec376.ZIP", decompressedFolder = "C:\Users\cofc_\AppData\Local\Temp\tmpB0BB.tmp", message = "rjsec376")~~RJStevensMusicPresentationCreator.Program~0000001810
2024-12-14 21:51:00.6358~DEBUG~-> DownloadFile(url = "https://faas-nyc1-2ef2e6cc.doserverless.co/api/v1/web/fn-dd7f8f6a-d32a-4f5e-ae7b-870dfb7963f3/downloads/bundle?id=000000000000385", filename = "C:\Users\cofc_\AppData\Local\Temp\tmpB252.tmp\rjsec378.ZIP", message = "rjsec378")~~RJStevensMusicPresentationCreator.Program~0000001811
2024-12-14 21:51:00.8298~DEBUG~download completed~~RJStevensMusicPresentationCreator.Program~0000001812
2024-12-14 21:51:00.8298~DEBUG~<- DownloadFile(url = "https://faas-nyc1-2ef2e6cc.doserverless.co/api/v1/web/fn-dd7f8f6a-d32a-4f5e-ae7b-870dfb7963f3/downloads/bundle?id=000000000000385", filename = "C:\Users\cofc_\AppData\Local\Temp\tmpB252.tmp\rjsec378.ZIP", message = "rjsec378")~~RJStevensMusicPresentationCreator.Program~0000001813
2024-12-14 21:51:00.8488~DEBUG~-> ExtractAllFromFile(zipFileName = "C:\Users\cofc_\AppData\Local\Temp\tmpB252.tmp\rjsec378.ZIP", decompressedFolder = "C:\Users\cofc_\AppData\Local\Temp\tmpB32E.tmp", message = "rjsec378")~~RJStevensMusicPresentationCreator.Program~0000001814
2024-12-14 21:51:01.1149~DEBUG~extract completed~~RJStevensMusicPresentationCreator.Program~0000001815
2024-12-14 21:51:01.1149~DEBUG~<- ExtractAllFromFile(zipFileName = "C:\Users\cofc_\AppData\Local\Temp\tmpB252.tmp\rjsec378.ZIP", decompressedFolder = "C:\Users\cofc_\AppData\Local\Temp\tmpB32E.tmp", message = "rjsec378")~~RJStevensMusicPresentationCreator.Program~0000001816
2024-12-14 21:51:01.1839~DEBUG~-> DownloadFile(url = "https://faas-nyc1-2ef2e6cc.doserverless.co/api/v1/web/fn-dd7f8f6a-d32a-4f5e-ae7b-870dfb7963f3/downloads/bundle?id=000000000000386", filename = "C:\Users\cofc_\AppData\Local\Temp\tmpB477.tmp\rjsec379.ZIP", message = "rjsec379")~~RJStevensMusicPresentationCreator.Program~0000001817
2024-12-14 21:51:01.3819~DEBUG~download completed~~RJStevensMusicPresentationCreator.Program~0000001818
2024-12-14 21:51:01.3819~DEBUG~<- DownloadFile(url = "https://faas-nyc1-2ef2e6cc.doserverless.co/api/v1/web/fn-dd7f8f6a-d32a-4f5e-ae7b-870dfb7963f3/downloads/bundle?id=000000000000386", filename = "C:\Users\cofc_\AppData\Local\Temp\tmpB477.tmp\rjsec379.ZIP", message = "rjsec379")~~RJStevensMusicPresentationCreator.Program~0000001819
2024-12-14 21:51:01.3979~DEBUG~-> ExtractAllFromFile(zipFileName = "C:\Users\cofc_\AppData\Local\Temp\tmpB477.tmp\rjsec379.ZIP", decompressedFolder = "C:\Users\cofc_\AppData\Local\Temp\tmpB552.tmp", message = "rjsec379")~~RJStevensMusicPresentationCreator.Program~0000001820
2024-12-14 21:51:01.6599~DEBUG~extract completed~~RJStevensMusicPresentationCreator.Program~0000001821
2024-12-14 21:51:01.6599~DEBUG~<- ExtractAllFromFile(zipFileName = "C:\Users\cofc_\AppData\Local\Temp\tmpB477.tmp\rjsec379.ZIP", decompressedFolder = "C:\Users\cofc_\AppData\Local\Temp\tmpB552.tmp", message = "rjsec379")~~RJStevensMusicPresentationCreator.Program~0000001822
2024-12-14 21:51:01.7319~DEBUG~-> DownloadFile(url = "https://faas-nyc1-2ef2e6cc.doserverless.co/api/v1/web/fn-dd7f8f6a-d32a-4f5e-ae7b-870dfb7963f3/downloads/bundle?id=000000000000388", filename = "C:\Users\cofc_\AppData\Local\Temp\tmpB69C.tmp\rjsec381.ZIP", message = "rjsec381")~~RJStevensMusicPresentationCreator.Program~0000001823
2024-12-14 21:51:01.9599~DEBUG~download completed~~RJStevensMusicPresentationCreator.Program~0000001824
2024-12-14 21:51:01.9599~DEBUG~<- DownloadFile(url = "https://faas-nyc1-2ef2e6cc.doserverless.co/api/v1/web/fn-dd7f8f6a-d32a-4f5e-ae7b-870dfb7963f3/downloads/bundle?id=000000000000388", filename = "C:\Users\cofc_\AppData\Local\Temp\tmpB69C.tmp\rjsec381.ZIP", message = "rjsec381")~~RJStevensMusicPresentationCreator.Program~0000001825
2024-12-14 21:51:01.9839~DEBUG~-> ExtractAllFromFile(zipFileName = "C:\Users\cofc_\AppData\Local\Temp\tmpB69C.tmp\rjsec381.ZIP", decompressedFolder = "C:\Users\cofc_\AppData\Local\Temp\tmpB797.tmp", message = "rjsec381")~~RJStevensMusicPresentationCreator.Program~0000001826
2024-12-14 21:51:02.2459~DEBUG~extract completed~~RJStevensMusicPresentationCreator.Program~0000001827
2024-12-14 21:51:02.2459~DEBUG~<- ExtractAllFromFile(zipFileName = "C:\Users\cofc_\AppData\Local\Temp\tmpB69C.tmp\rjsec381.ZIP", decompressedFolder = "C:\Users\cofc_\AppData\Local\Temp\tmpB797.tmp", message = "rjsec381")~~RJStevensMusicPresentationCreator.Program~0000001828
2024-12-14 21:51:02.3199~DEBUG~-> DownloadFile(url = "https://faas-nyc1-2ef2e6cc.doserverless.co/api/v1/web/fn-dd7f8f6a-d32a-4f5e-ae7b-870dfb7963f3/downloads/bundle?id=000000000000389", filename = "C:\Users\cofc_\AppData\Local\Temp\tmpB8EF.tmp\rjsec382.ZIP", message = "rjsec382")~~RJStevensMusicPresentationCreator.Program~0000001829
2024-12-14 21:51:02.5760~DEBUG~download completed~~RJStevensMusicPresentationCreator.Program~0000001830
2024-12-14 21:51:02.5760~DEBUG~<- DownloadFile(url = "https://faas-nyc1-2ef2e6cc.doserverless.co/api/v1/web/fn-dd7f8f6a-d32a-4f5e-ae7b-870dfb7963f3/downloads/bundle?id=000000000000389", filename = "C:\Users\cofc_\AppData\Local\Temp\tmpB8EF.tmp\rjsec382.ZIP", message = "rjsec382")~~RJStevensMusicPresentationCreator.Program~0000001831
2024-12-14 21:51:02.5910~DEBUG~-> ExtractAllFromFile(zipFileName = "C:\Users\cofc_\AppData\Local\Temp\tmpB8EF.tmp\rjsec382.ZIP", decompressedFolder = "C:\Users\cofc_\AppData\Local\Temp\tmpB9FA.tmp", message = "rjsec382")~~RJStevensMusicPresentationCreator.Program~0000001832
2024-12-14 21:51:02.8400~DEBUG~extract completed~~RJStevensMusicPresentationCreator.Program~0000001833
2024-12-14 21:51:02.8400~DEBUG~<- ExtractAllFromFile(zipFileName = "C:\Users\cofc_\AppData\Local\Temp\tmpB8EF.tmp\rjsec382.ZIP", decompressedFolder = "C:\Users\cofc_\AppData\Local\Temp\tmpB9FA.tmp", message = "rjsec382")~~RJStevensMusicPresentationCreator.Program~0000001834
2024-12-14 21:51:02.9120~DEBUG~-> DownloadFile(url = "https://faas-nyc1-2ef2e6cc.doserverless.co/api/v1/web/fn-dd7f8f6a-d32a-4f5e-ae7b-870dfb7963f3/downloads/bundle?id=000000000000391", filename = "C:\Users\cofc_\AppData\Local\Temp\tmpBB43.tmp\rjsec384.ZIP", message = "rjsec384")~~RJStevensMusicPresentationCreator.Program~0000001835
2024-12-14 21:51:03.1460~DEBUG~download completed~~RJStevensMusicPresentationCreator.Program~0000001836
2024-12-14 21:51:03.1460~DEBUG~<- DownloadFile(url = "https://faas-nyc1-2ef2e6cc.doserverless.co/api/v1/web/fn-dd7f8f6a-d32a-4f5e-ae7b-870dfb7963f3/downloads/bundle?id=000000000000391", filename = "C:\Users\cofc_\AppData\Local\Temp\tmpBB43.tmp\rjsec384.ZIP", message = "rjsec384")~~RJStevensMusicPresentationCreator.Program~0000001837
2024-12-14 21:51:03.1650~DEBUG~-> ExtractAllFromFile(zipFileName = "C:\Users\cofc_\AppData\Local\Temp\tmpBB43.tmp\rjsec384.ZIP", decompressedFolder = "C:\Users\cofc_\AppData\Local\Temp\tmpBC3E.tmp", message = "rjsec384")~~RJStevensMusicPresentationCreator.Program~0000001838
2024-12-14 21:51:03.4350~DEBUG~extract completed~~RJStevensMusicPresentationCreator.Program~0000001839
2024-12-14 21:51:03.4380~DEBUG~<- ExtractAllFromFile(zipFileName = "C:\Users\cofc_\AppData\Local\Temp\tmpBB43.tmp\rjsec384.ZIP", decompressedFolder = "C:\Users\cofc_\AppData\Local\Temp\tmpBC3E.tmp", message = "rjsec384")~~RJStevensMusicPresentationCreator.Program~0000001840
2024-12-14 21:51:03.5100~DEBUG~-> DownloadFile(url = "https://faas-nyc1-2ef2e6cc.doserverless.co/api/v1/web/fn-dd7f8f6a-d32a-4f5e-ae7b-870dfb7963f3/downloads/bundle?id=000000000000392", filename = "C:\Users\cofc_\AppData\Local\Temp\tmpBD97.tmp\rjsec385.ZIP", message = "rjsec385")~~RJStevensMusicPresentationCreator.Program~0000001841
2024-12-14 21:51:03.7230~DEBUG~download completed~~RJStevensMusicPresentationCreator.Program~0000001842
2024-12-14 21:51:03.7230~DEBUG~<- DownloadFile(url = "https://faas-nyc1-2ef2e6cc.doserverless.co/api/v1/web/fn-dd7f8f6a-d32a-4f5e-ae7b-870dfb7963f3/downloads/bundle?id=000000000000392", filename = "C:\Users\cofc_\AppData\Local\Temp\tmpBD97.tmp\rjsec385.ZIP", message = "rjsec385")~~RJStevensMusicPresentationCreator.Program~0000001843
2024-12-14 21:51:03.7400~DEBUG~-> ExtractAllFromFile(zipFileName = "C:\Users\cofc_\AppData\Local\Temp\tmpBD97.tmp\rjsec385.ZIP", decompressedFolder = "C:\Users\cofc_\AppData\Local\Temp\tmpBE82.tmp", message = "rjsec385")~~RJStevensMusicPresentationCreator.Program~0000001844
2024-12-14 21:51:03.9781~DEBUG~extract completed~~RJStevensMusicPresentationCreator.Program~0000001845
2024-12-14 21:51:03.9781~DEBUG~<- ExtractAllFromFile(zipFileName = "C:\Users\cofc_\AppData\Local\Temp\tmpBD97.tmp\rjsec385.ZIP", decompressedFolder = "C:\Users\cofc_\AppData\Local\Temp\tmpBE82.tmp", message = "rjsec385")~~RJStevensMusicPresentationCreator.Program~0000001846
2024-12-14 21:51:04.0561~DEBUG~-> DownloadFile(url = "https://faas-nyc1-2ef2e6cc.doserverless.co/api/v1/web/fn-dd7f8f6a-d32a-4f5e-ae7b-870dfb7963f3/downloads/bundle?id=000000000000394", filename = "C:\Users\cofc_\AppData\Local\Temp\tmpBFBC.tmp\rjsec387.ZIP", message = "rjsec387")~~RJStevensMusicPresentationCreator.Program~0000001847
2024-12-14 21:51:04.2902~DEBUG~download completed~~RJStevensMusicPresentationCreator.Program~0000001848
2024-12-14 21:51:04.2902~DEBUG~<- DownloadFile(url = "https://faas-nyc1-2ef2e6cc.doserverless.co/api/v1/web/fn-dd7f8f6a-d32a-4f5e-ae7b-870dfb7963f3/downloads/bundle?id=000000000000394", filename = "C:\Users\cofc_\AppData\Local\Temp\tmpBFBC.tmp\rjsec387.ZIP", message = "rjsec387")~~RJStevensMusicPresentationCreator.Program~0000001849
2024-12-14 21:51:04.3152~DEBUG~-> ExtractAllFromFile(zipFileName = "C:\Users\cofc_\AppData\Local\Temp\tmpBFBC.tmp\rjsec387.ZIP", decompressedFolder = "C:\Users\cofc_\AppData\Local\Temp\tmpC0C6.tmp", message = "rjsec387")~~RJStevensMusicPresentationCreator.Program~0000001850
2024-12-14 21:51:04.5542~DEBUG~extract completed~~RJStevensMusicPresentationCreator.Program~0000001851
2024-12-14 21:51:04.5542~DEBUG~<- ExtractAllFromFile(zipFileName = "C:\Users\cofc_\AppData\Local\Temp\tmpBFBC.tmp\rjsec387.ZIP", decompressedFolder = "C:\Users\cofc_\AppData\Local\Temp\tmpC0C6.tmp", message = "rjsec387")~~RJStevensMusicPresentationCreator.Program~0000001852
2024-12-14 21:51:04.6302~DEBUG~-> DownloadFile(url = "https://faas-nyc1-2ef2e6cc.doserverless.co/api/v1/web/fn-dd7f8f6a-d32a-4f5e-ae7b-870dfb7963f3/downloads/bundle?id=000000000000395", filename = "C:\Users\cofc_\AppData\Local\Temp\tmpC200.tmp\rjsec388.ZIP", message = "rjsec388")~~RJStevensMusicPresentationCreator.Program~0000001853
2024-12-14 21:51:04.9362~DEBUG~download completed~~RJStevensMusicPresentationCreator.Program~0000001854
2024-12-14 21:51:04.9362~DEBUG~<- DownloadFile(url = "https://faas-nyc1-2ef2e6cc.doserverless.co/api/v1/web/fn-dd7f8f6a-d32a-4f5e-ae7b-870dfb7963f3/downloads/bundle?id=000000000000395", filename = "C:\Users\cofc_\AppData\Local\Temp\tmpC200.tmp\rjsec388.ZIP", message = "rjsec388")~~RJStevensMusicPresentationCreator.Program~0000001855
2024-12-14 21:51:04.9632~DEBUG~-> ExtractAllFromFile(zipFileName = "C:\Users\cofc_\AppData\Local\Temp\tmpC200.tmp\rjsec388.ZIP", decompressedFolder = "C:\Users\cofc_\AppData\Local\Temp\tmpC349.tmp", message = "rjsec388")~~RJStevensMusicPresentationCreator.Program~0000001856
2024-12-14 21:51:05.3223~DEBUG~extract completed~~RJStevensMusicPresentationCreator.Program~0000001857
2024-12-14 21:51:05.3223~DEBUG~<- ExtractAllFromFile(zipFileName = "C:\Users\cofc_\AppData\Local\Temp\tmpC200.tmp\rjsec388.ZIP", decompressedFolder = "C:\Users\cofc_\AppData\Local\Temp\tmpC349.tmp", message = "rjsec388")~~RJStevensMusicPresentationCreator.Program~0000001858
2024-12-14 21:51:05.4173~DEBUG~-> DownloadFile(url = "https://faas-nyc1-2ef2e6cc.doserverless.co/api/v1/web/fn-dd7f8f6a-d32a-4f5e-ae7b-870dfb7963f3/downloads/bundle?id=000000000000396", filename = "C:\Users\cofc_\AppData\Local\Temp\tmpC50F.tmp\rjsec389.ZIP", message = "rjsec389")~~RJStevensMusicPresentationCreator.Program~0000001859
2024-12-14 21:51:05.6623~DEBUG~download completed~~RJStevensMusicPresentationCreator.Program~0000001860
2024-12-14 21:51:05.6623~DEBUG~<- DownloadFile(url = "https://faas-nyc1-2ef2e6cc.doserverless.co/api/v1/web/fn-dd7f8f6a-d32a-4f5e-ae7b-870dfb7963f3/downloads/bundle?id=000000000000396", filename = "C:\Users\cofc_\AppData\Local\Temp\tmpC50F.tmp\rjsec389.ZIP", message = "rjsec389")~~RJStevensMusicPresentationCreator.Program~0000001861
2024-12-14 21:51:05.6903~DEBUG~-> ExtractAllFromFile(zipFileName = "C:\Users\cofc_\AppData\Local\Temp\tmpC50F.tmp\rjsec389.ZIP", decompressedFolder = "C:\Users\cofc_\AppData\Local\Temp\tmpC629.tmp", message = "rjsec389")~~RJStevensMusicPresentationCreator.Program~0000001862
2024-12-14 21:51:06.0223~DEBUG~extract completed~~RJStevensMusicPresentationCreator.Program~0000001863
2024-12-14 21:51:06.0223~DEBUG~<- ExtractAllFromFile(zipFileName = "C:\Users\cofc_\AppData\Local\Temp\tmpC50F.tmp\rjsec389.ZIP", decompressedFolder = "C:\Users\cofc_\AppData\Local\Temp\tmpC629.tmp", message = "rjsec389")~~RJStevensMusicPresentationCreator.Program~0000001864
2024-12-14 21:51:06.1083~DEBUG~-> DownloadFile(url = "https://faas-nyc1-2ef2e6cc.doserverless.co/api/v1/web/fn-dd7f8f6a-d32a-4f5e-ae7b-870dfb7963f3/downloads/bundle?id=000000000000397", filename = "C:\Users\cofc_\AppData\Local\Temp\tmpC7C1.tmp\rjsec390.ZIP", message = "rjsec390")~~RJStevensMusicPresentationCreator.Program~0000001865
2024-12-14 21:51:06.3124~DEBUG~download completed~~RJStevensMusicPresentationCreator.Program~0000001866
2024-12-14 21:51:06.3134~DEBUG~<- DownloadFile(url = "https://faas-nyc1-2ef2e6cc.doserverless.co/api/v1/web/fn-dd7f8f6a-d32a-4f5e-ae7b-870dfb7963f3/downloads/bundle?id=000000000000397", filename = "C:\Users\cofc_\AppData\Local\Temp\tmpC7C1.tmp\rjsec390.ZIP", message = "rjsec390")~~RJStevensMusicPresentationCreator.Program~0000001867
2024-12-14 21:51:06.3304~DEBUG~-> ExtractAllFromFile(zipFileName = "C:\Users\cofc_\AppData\Local\Temp\tmpC7C1.tmp\rjsec390.ZIP", decompressedFolder = "C:\Users\cofc_\AppData\Local\Temp\tmpC8AC.tmp", message = "rjsec390")~~RJStevensMusicPresentationCreator.Program~0000001868
2024-12-14 21:51:06.6054~DEBUG~extract completed~~RJStevensMusicPresentationCreator.Program~0000001869
2024-12-14 21:51:06.6054~DEBUG~<- ExtractAllFromFile(zipFileName = "C:\Users\cofc_\AppData\Local\Temp\tmpC7C1.tmp\rjsec390.ZIP", decompressedFolder = "C:\Users\cofc_\AppData\Local\Temp\tmpC8AC.tmp", message = "rjsec390")~~RJStevensMusicPresentationCreator.Program~0000001870
2024-12-14 21:51:06.6754~DEBUG~-> DownloadFile(url = "https://faas-nyc1-2ef2e6cc.doserverless.co/api/v1/web/fn-dd7f8f6a-d32a-4f5e-ae7b-870dfb7963f3/downloads/bundle?id=000000000000398", filename = "C:\Users\cofc_\AppData\Local\Temp\tmpCA05.tmp\rjsec391.ZIP", message = "rjsec391")~~RJStevensMusicPresentationCreator.Program~0000001871
2024-12-14 21:51:06.9435~DEBUG~download completed~~RJStevensMusicPresentationCreator.Program~0000001872
2024-12-14 21:51:06.9435~DEBUG~<- DownloadFile(url = "https://faas-nyc1-2ef2e6cc.doserverless.co/api/v1/web/fn-dd7f8f6a-d32a-4f5e-ae7b-870dfb7963f3/downloads/bundle?id=000000000000398", filename = "C:\Users\cofc_\AppData\Local\Temp\tmpCA05.tmp\rjsec391.ZIP", message = "rjsec391")~~RJStevensMusicPresentationCreator.Program~0000001873
2024-12-14 21:51:06.9695~DEBUG~-> ExtractAllFromFile(zipFileName = "C:\Users\cofc_\AppData\Local\Temp\tmpCA05.tmp\rjsec391.ZIP", decompressedFolder = "C:\Users\cofc_\AppData\Local\Temp\tmpCB1F.tmp", message = "rjsec391")~~RJStevensMusicPresentationCreator.Program~0000001874
2024-12-14 21:51:07.3075~DEBUG~extract completed~~RJStevensMusicPresentationCreator.Program~0000001875
2024-12-14 21:51:07.3075~DEBUG~<- ExtractAllFromFile(zipFileName = "C:\Users\cofc_\AppData\Local\Temp\tmpCA05.tmp\rjsec391.ZIP", decompressedFolder = "C:\Users\cofc_\AppData\Local\Temp\tmpCB1F.tmp", message = "rjsec391")~~RJStevensMusicPresentationCreator.Program~0000001876
2024-12-14 21:51:07.3985~DEBUG~-> DownloadFile(url = "https://faas-nyc1-2ef2e6cc.doserverless.co/api/v1/web/fn-dd7f8f6a-d32a-4f5e-ae7b-870dfb7963f3/downloads/bundle?id=000000000000399", filename = "C:\Users\cofc_\AppData\Local\Temp\tmpCCD5.tmp\rjsec392.ZIP", message = "rjsec392")~~RJStevensMusicPresentationCreator.Program~0000001877
2024-12-14 21:51:07.6785~DEBUG~download completed~~RJStevensMusicPresentationCreator.Program~0000001878
2024-12-14 21:51:07.6785~DEBUG~<- DownloadFile(url = "https://faas-nyc1-2ef2e6cc.doserverless.co/api/v1/web/fn-dd7f8f6a-d32a-4f5e-ae7b-870dfb7963f3/downloads/bundle?id=000000000000399", filename = "C:\Users\cofc_\AppData\Local\Temp\tmpCCD5.tmp\rjsec392.ZIP", message = "rjsec392")~~RJStevensMusicPresentationCreator.Program~0000001879
2024-12-14 21:51:07.6955~DEBUG~-> ExtractAllFromFile(zipFileName = "C:\Users\cofc_\AppData\Local\Temp\tmpCCD5.tmp\rjsec392.ZIP", decompressedFolder = "C:\Users\cofc_\AppData\Local\Temp\tmpCDFF.tmp", message = "rjsec392")~~RJStevensMusicPresentationCreator.Program~0000001880
2024-12-14 21:51:08.0285~DEBUG~extract completed~~RJStevensMusicPresentationCreator.Program~0000001881
2024-12-14 21:51:08.0285~DEBUG~<- ExtractAllFromFile(zipFileName = "C:\Users\cofc_\AppData\Local\Temp\tmpCCD5.tmp\rjsec392.ZIP", decompressedFolder = "C:\Users\cofc_\AppData\Local\Temp\tmpCDFF.tmp", message = "rjsec392")~~RJStevensMusicPresentationCreator.Program~0000001882
2024-12-14 21:51:08.1235~DEBUG~-> DownloadFile(url = "https://faas-nyc1-2ef2e6cc.doserverless.co/api/v1/web/fn-dd7f8f6a-d32a-4f5e-ae7b-870dfb7963f3/downloads/bundle?id=000000000000400", filename = "C:\Users\cofc_\AppData\Local\Temp\tmpCFA6.tmp\rjsec393.ZIP", message = "rjsec393")~~RJStevensMusicPresentationCreator.Program~0000001883
2024-12-14 21:51:08.3666~DEBUG~download completed~~RJStevensMusicPresentationCreator.Program~0000001884
2024-12-14 21:51:08.3666~DEBUG~<- DownloadFile(url = "https://faas-nyc1-2ef2e6cc.doserverless.co/api/v1/web/fn-dd7f8f6a-d32a-4f5e-ae7b-870dfb7963f3/downloads/bundle?id=000000000000400", filename = "C:\Users\cofc_\AppData\Local\Temp\tmpCFA6.tmp\rjsec393.ZIP", message = "rjsec393")~~RJStevensMusicPresentationCreator.Program~0000001885
2024-12-14 21:51:08.3836~DEBUG~-> ExtractAllFromFile(zipFileName = "C:\Users\cofc_\AppData\Local\Temp\tmpCFA6.tmp\rjsec393.ZIP", decompressedFolder = "C:\Users\cofc_\AppData\Local\Temp\tmpD0B1.tmp", message = "rjsec393")~~RJStevensMusicPresentationCreator.Program~0000001886
2024-12-14 21:51:08.6926~DEBUG~extract completed~~RJStevensMusicPresentationCreator.Program~0000001887
2024-12-14 21:51:08.6926~DEBUG~<- ExtractAllFromFile(zipFileName = "C:\Users\cofc_\AppData\Local\Temp\tmpCFA6.tmp\rjsec393.ZIP", decompressedFolder = "C:\Users\cofc_\AppData\Local\Temp\tmpD0B1.tmp", message = "rjsec393")~~RJStevensMusicPresentationCreator.Program~0000001888
2024-12-14 21:51:08.7786~DEBUG~-> DownloadFile(url = "https://faas-nyc1-2ef2e6cc.doserverless.co/api/v1/web/fn-dd7f8f6a-d32a-4f5e-ae7b-870dfb7963f3/downloads/bundle?id=000000000000401", filename = "C:\Users\cofc_\AppData\Local\Temp\tmpD238.tmp\rjsec394.ZIP", message = "rjsec394")~~RJStevensMusicPresentationCreator.Program~0000001889
2024-12-14 21:51:08.9746~DEBUG~download completed~~RJStevensMusicPresentationCreator.Program~0000001890
2024-12-14 21:51:08.9746~DEBUG~<- DownloadFile(url = "https://faas-nyc1-2ef2e6cc.doserverless.co/api/v1/web/fn-dd7f8f6a-d32a-4f5e-ae7b-870dfb7963f3/downloads/bundle?id=000000000000401", filename = "C:\Users\cofc_\AppData\Local\Temp\tmpD238.tmp\rjsec394.ZIP", message = "rjsec394")~~RJStevensMusicPresentationCreator.Program~0000001891
2024-12-14 21:51:08.9896~DEBUG~-> ExtractAllFromFile(zipFileName = "C:\Users\cofc_\AppData\Local\Temp\tmpD238.tmp\rjsec394.ZIP", decompressedFolder = "C:\Users\cofc_\AppData\Local\Temp\tmpD314.tmp", message = "rjsec394")~~RJStevensMusicPresentationCreator.Program~0000001892
2024-12-14 21:51:09.2228~DEBUG~extract completed~~RJStevensMusicPresentationCreator.Program~0000001893
2024-12-14 21:51:09.2228~DEBUG~<- ExtractAllFromFile(zipFileName = "C:\Users\cofc_\AppData\Local\Temp\tmpD238.tmp\rjsec394.ZIP", decompressedFolder = "C:\Users\cofc_\AppData\Local\Temp\tmpD314.tmp", message = "rjsec394")~~RJStevensMusicPresentationCreator.Program~0000001894
2024-12-14 21:51:09.2868~DEBUG~-> DownloadFile(url = "https://faas-nyc1-2ef2e6cc.doserverless.co/api/v1/web/fn-dd7f8f6a-d32a-4f5e-ae7b-870dfb7963f3/downloads/bundle?id=000000000000402", filename = "C:\Users\cofc_\AppData\Local\Temp\tmpD43E.tmp\rjsec395.ZIP", message = "rjsec395")~~RJStevensMusicPresentationCreator.Program~0000001895
2024-12-14 21:51:09.5318~DEBUG~download completed~~RJStevensMusicPresentationCreator.Program~0000001896
2024-12-14 21:51:09.5318~DEBUG~<- DownloadFile(url = "https://faas-nyc1-2ef2e6cc.doserverless.co/api/v1/web/fn-dd7f8f6a-d32a-4f5e-ae7b-870dfb7963f3/downloads/bundle?id=000000000000402", filename = "C:\Users\cofc_\AppData\Local\Temp\tmpD43E.tmp\rjsec395.ZIP", message = "rjsec395")~~RJStevensMusicPresentationCreator.Program~0000001897
2024-12-14 21:51:09.5578~DEBUG~-> ExtractAllFromFile(zipFileName = "C:\Users\cofc_\AppData\Local\Temp\tmpD43E.tmp\rjsec395.ZIP", decompressedFolder = "C:\Users\cofc_\AppData\Local\Temp\tmpD549.tmp", message = "rjsec395")~~RJStevensMusicPresentationCreator.Program~0000001898
2024-12-14 21:51:09.9889~DEBUG~extract completed~~RJStevensMusicPresentationCreator.Program~0000001899
2024-12-14 21:51:09.9889~DEBUG~<- ExtractAllFromFile(zipFileName = "C:\Users\cofc_\AppData\Local\Temp\tmpD43E.tmp\rjsec395.ZIP", decompressedFolder = "C:\Users\cofc_\AppData\Local\Temp\tmpD549.tmp", message = "rjsec395")~~RJStevensMusicPresentationCreator.Program~0000001900
2024-12-14 21:51:10.0799~DEBUG~-> DownloadFile(url = "https://faas-nyc1-2ef2e6cc.doserverless.co/api/v1/web/fn-dd7f8f6a-d32a-4f5e-ae7b-870dfb7963f3/downloads/bundle?id=000000000000403", filename = "C:\Users\cofc_\AppData\Local\Temp\tmpD75D.tmp\rjsec396.ZIP", message = "rjsec396")~~RJStevensMusicPresentationCreator.Program~0000001901
2024-12-14 21:51:10.3149~DEBUG~download completed~~RJStevensMusicPresentationCreator.Program~0000001902
2024-12-14 21:51:10.3149~DEBUG~<- DownloadFile(url = "https://faas-nyc1-2ef2e6cc.doserverless.co/api/v1/web/fn-dd7f8f6a-d32a-4f5e-ae7b-870dfb7963f3/downloads/bundle?id=000000000000403", filename = "C:\Users\cofc_\AppData\Local\Temp\tmpD75D.tmp\rjsec396.ZIP", message = "rjsec396")~~RJStevensMusicPresentationCreator.Program~0000001903
2024-12-14 21:51:10.3309~DEBUG~-> ExtractAllFromFile(zipFileName = "C:\Users\cofc_\AppData\Local\Temp\tmpD75D.tmp\rjsec396.ZIP", decompressedFolder = "C:\Users\cofc_\AppData\Local\Temp\tmpD858.tmp", message = "rjsec396")~~RJStevensMusicPresentationCreator.Program~0000001904
2024-12-14 21:51:10.5779~DEBUG~extract completed~~RJStevensMusicPresentationCreator.Program~0000001905
2024-12-14 21:51:10.5809~DEBUG~<- ExtractAllFromFile(zipFileName = "C:\Users\cofc_\AppData\Local\Temp\tmpD75D.tmp\rjsec396.ZIP", decompressedFolder = "C:\Users\cofc_\AppData\Local\Temp\tmpD858.tmp", message = "rjsec396")~~RJStevensMusicPresentationCreator.Program~0000001906
2024-12-14 21:51:10.6459~DEBUG~-> DownloadFile(url = "https://faas-nyc1-2ef2e6cc.doserverless.co/api/v1/web/fn-dd7f8f6a-d32a-4f5e-ae7b-870dfb7963f3/downloads/bundle?id=000000000000404", filename = "C:\Users\cofc_\AppData\Local\Temp\tmpD991.tmp\rjsec397.ZIP", message = "rjsec397")~~RJStevensMusicPresentationCreator.Program~0000001907
2024-12-14 21:51:10.9419~DEBUG~download completed~~RJStevensMusicPresentationCreator.Program~0000001908
2024-12-14 21:51:10.9419~DEBUG~<- DownloadFile(url = "https://faas-nyc1-2ef2e6cc.doserverless.co/api/v1/web/fn-dd7f8f6a-d32a-4f5e-ae7b-870dfb7963f3/downloads/bundle?id=000000000000404", filename = "C:\Users\cofc_\AppData\Local\Temp\tmpD991.tmp\rjsec397.ZIP", message = "rjsec397")~~RJStevensMusicPresentationCreator.Program~0000001909
2024-12-14 21:51:10.9626~DEBUG~-> ExtractAllFromFile(zipFileName = "C:\Users\cofc_\AppData\Local\Temp\tmpD991.tmp\rjsec397.ZIP", decompressedFolder = "C:\Users\cofc_\AppData\Local\Temp\tmpDACB.tmp", message = "rjsec397")~~RJStevensMusicPresentationCreator.Program~0000001910
2024-12-14 21:51:11.2916~DEBUG~extract completed~~RJStevensMusicPresentationCreator.Program~0000001911
2024-12-14 21:51:11.2916~DEBUG~<- ExtractAllFromFile(zipFileName = "C:\Users\cofc_\AppData\Local\Temp\tmpD991.tmp\rjsec397.ZIP", decompressedFolder = "C:\Users\cofc_\AppData\Local\Temp\tmpDACB.tmp", message = "rjsec397")~~RJStevensMusicPresentationCreator.Program~0000001912
2024-12-14 21:51:11.3936~DEBUG~-> DownloadFile(url = "https://faas-nyc1-2ef2e6cc.doserverless.co/api/v1/web/fn-dd7f8f6a-d32a-4f5e-ae7b-870dfb7963f3/downloads/bundle?id=000000000000405", filename = "C:\Users\cofc_\AppData\Local\Temp\tmpDC81.tmp\rjsec398.ZIP", message = "rjsec398")~~RJStevensMusicPresentationCreator.Program~0000001913
2024-12-14 21:51:11.6176~DEBUG~download completed~~RJStevensMusicPresentationCreator.Program~0000001914
2024-12-14 21:51:11.6176~DEBUG~<- DownloadFile(url = "https://faas-nyc1-2ef2e6cc.doserverless.co/api/v1/web/fn-dd7f8f6a-d32a-4f5e-ae7b-870dfb7963f3/downloads/bundle?id=000000000000405", filename = "C:\Users\cofc_\AppData\Local\Temp\tmpDC81.tmp\rjsec398.ZIP", message = "rjsec398")~~RJStevensMusicPresentationCreator.Program~0000001915
2024-12-14 21:51:11.6367~DEBUG~-> ExtractAllFromFile(zipFileName = "C:\Users\cofc_\AppData\Local\Temp\tmpDC81.tmp\rjsec398.ZIP", decompressedFolder = "C:\Users\cofc_\AppData\Local\Temp\tmpDD6D.tmp", message = "rjsec398")~~RJStevensMusicPresentationCreator.Program~0000001916
2024-12-14 21:51:11.9021~DEBUG~extract completed~~RJStevensMusicPresentationCreator.Program~0000001917
2024-12-14 21:51:11.9021~DEBUG~<- ExtractAllFromFile(zipFileName = "C:\Users\cofc_\AppData\Local\Temp\tmpDC81.tmp\rjsec398.ZIP", decompressedFolder = "C:\Users\cofc_\AppData\Local\Temp\tmpDD6D.tmp", message = "rjsec398")~~RJStevensMusicPresentationCreator.Program~0000001918
2024-12-14 21:51:11.9781~DEBUG~-> DownloadFile(url = "https://faas-nyc1-2ef2e6cc.doserverless.co/api/v1/web/fn-dd7f8f6a-d32a-4f5e-ae7b-870dfb7963f3/downloads/bundle?id=000000000000406", filename = "C:\Users\cofc_\AppData\Local\Temp\tmpDEC6.tmp\rjsec399.ZIP", message = "rjsec399")~~RJStevensMusicPresentationCreator.Program~0000001919
2024-12-14 21:51:12.1841~DEBUG~download completed~~RJStevensMusicPresentationCreator.Program~0000001920
2024-12-14 21:51:12.1841~DEBUG~<- DownloadFile(url = "https://faas-nyc1-2ef2e6cc.doserverless.co/api/v1/web/fn-dd7f8f6a-d32a-4f5e-ae7b-870dfb7963f3/downloads/bundle?id=000000000000406", filename = "C:\Users\cofc_\AppData\Local\Temp\tmpDEC6.tmp\rjsec399.ZIP", message = "rjsec399")~~RJStevensMusicPresentationCreator.Program~0000001921
2024-12-14 21:51:12.2031~DEBUG~-> ExtractAllFromFile(zipFileName = "C:\Users\cofc_\AppData\Local\Temp\tmpDEC6.tmp\rjsec399.ZIP", decompressedFolder = "C:\Users\cofc_\AppData\Local\Temp\tmpDFA1.tmp", message = "rjsec399")~~RJStevensMusicPresentationCreator.Program~0000001922
2024-12-14 21:51:12.4405~DEBUG~extract completed~~RJStevensMusicPresentationCreator.Program~0000001923
2024-12-14 21:51:12.4405~DEBUG~<- ExtractAllFromFile(zipFileName = "C:\Users\cofc_\AppData\Local\Temp\tmpDEC6.tmp\rjsec399.ZIP", decompressedFolder = "C:\Users\cofc_\AppData\Local\Temp\tmpDFA1.tmp", message = "rjsec399")~~RJStevensMusicPresentationCreator.Program~0000001924
2024-12-14 21:51:12.5095~DEBUG~-> DownloadFile(url = "https://faas-nyc1-2ef2e6cc.doserverless.co/api/v1/web/fn-dd7f8f6a-d32a-4f5e-ae7b-870dfb7963f3/downloads/bundle?id=000000000000407", filename = "C:\Users\cofc_\AppData\Local\Temp\tmpE0DB.tmp\rjsec400.ZIP", message = "rjsec400")~~RJStevensMusicPresentationCreator.Program~0000001925
2024-12-14 21:51:12.7646~DEBUG~download completed~~RJStevensMusicPresentationCreator.Program~0000001926
2024-12-14 21:51:12.7646~DEBUG~<- DownloadFile(url = "https://faas-nyc1-2ef2e6cc.doserverless.co/api/v1/web/fn-dd7f8f6a-d32a-4f5e-ae7b-870dfb7963f3/downloads/bundle?id=000000000000407", filename = "C:\Users\cofc_\AppData\Local\Temp\tmpE0DB.tmp\rjsec400.ZIP", message = "rjsec400")~~RJStevensMusicPresentationCreator.Program~0000001927
2024-12-14 21:51:12.7796~DEBUG~-> ExtractAllFromFile(zipFileName = "C:\Users\cofc_\AppData\Local\Temp\tmpE0DB.tmp\rjsec400.ZIP", decompressedFolder = "C:\Users\cofc_\AppData\Local\Temp\tmpE1E5.tmp", message = "rjsec400")~~RJStevensMusicPresentationCreator.Program~0000001928
2024-12-14 21:51:13.0706~DEBUG~extract completed~~RJStevensMusicPresentationCreator.Program~0000001929
2024-12-14 21:51:13.0706~DEBUG~<- ExtractAllFromFile(zipFileName = "C:\Users\cofc_\AppData\Local\Temp\tmpE0DB.tmp\rjsec400.ZIP", decompressedFolder = "C:\Users\cofc_\AppData\Local\Temp\tmpE1E5.tmp", message = "rjsec400")~~RJStevensMusicPresentationCreator.Program~0000001930
2024-12-14 21:51:13.1496~DEBUG~-> DownloadFile(url = "https://faas-nyc1-2ef2e6cc.doserverless.co/api/v1/web/fn-dd7f8f6a-d32a-4f5e-ae7b-870dfb7963f3/downloads/bundle?id=000000000000408", filename = "C:\Users\cofc_\AppData\Local\Temp\tmpE35D.tmp\rjsec401.ZIP", message = "rjsec401")~~RJStevensMusicPresentationCreator.Program~0000001931
2024-12-14 21:51:13.3756~DEBUG~download completed~~RJStevensMusicPresentationCreator.Program~0000001932
2024-12-14 21:51:13.3756~DEBUG~<- DownloadFile(url = "https://faas-nyc1-2ef2e6cc.doserverless.co/api/v1/web/fn-dd7f8f6a-d32a-4f5e-ae7b-870dfb7963f3/downloads/bundle?id=000000000000408", filename = "C:\Users\cofc_\AppData\Local\Temp\tmpE35D.tmp\rjsec401.ZIP", message = "rjsec401")~~RJStevensMusicPresentationCreator.Program~0000001933
2024-12-14 21:51:13.3956~DEBUG~-> ExtractAllFromFile(zipFileName = "C:\Users\cofc_\AppData\Local\Temp\tmpE35D.tmp\rjsec401.ZIP", decompressedFolder = "C:\Users\cofc_\AppData\Local\Temp\tmpE458.tmp", message = "rjsec401")~~RJStevensMusicPresentationCreator.Program~0000001934
2024-12-14 21:51:13.7186~DEBUG~extract completed~~RJStevensMusicPresentationCreator.Program~0000001935
2024-12-14 21:51:13.7236~DEBUG~<- ExtractAllFromFile(zipFileName = "C:\Users\cofc_\AppData\Local\Temp\tmpE35D.tmp\rjsec401.ZIP", decompressedFolder = "C:\Users\cofc_\AppData\Local\Temp\tmpE458.tmp", message = "rjsec401")~~RJStevensMusicPresentationCreator.Program~0000001936
2024-12-14 21:51:13.8046~DEBUG~-> DownloadFile(url = "https://faas-nyc1-2ef2e6cc.doserverless.co/api/v1/web/fn-dd7f8f6a-d32a-4f5e-ae7b-870dfb7963f3/downloads/bundle?id=000000000000409", filename = "C:\Users\cofc_\AppData\Local\Temp\tmpE5F0.tmp\rjsec402.ZIP", message = "rjsec402")~~RJStevensMusicPresentationCreator.Program~0000001937
2024-12-14 21:51:14.0497~DEBUG~download completed~~RJStevensMusicPresentationCreator.Program~0000001938
2024-12-14 21:51:14.0497~DEBUG~<- DownloadFile(url = "https://faas-nyc1-2ef2e6cc.doserverless.co/api/v1/web/fn-dd7f8f6a-d32a-4f5e-ae7b-870dfb7963f3/downloads/bundle?id=000000000000409", filename = "C:\Users\cofc_\AppData\Local\Temp\tmpE5F0.tmp\rjsec402.ZIP", message = "rjsec402")~~RJStevensMusicPresentationCreator.Program~0000001939
2024-12-14 21:51:14.0677~DEBUG~-> ExtractAllFromFile(zipFileName = "C:\Users\cofc_\AppData\Local\Temp\tmpE5F0.tmp\rjsec402.ZIP", decompressedFolder = "C:\Users\cofc_\AppData\Local\Temp\tmpE6FA.tmp", message = "rjsec402")~~RJStevensMusicPresentationCreator.Program~0000001940
2024-12-14 21:51:14.3117~DEBUG~extract completed~~RJStevensMusicPresentationCreator.Program~0000001941
2024-12-14 21:51:14.3157~DEBUG~<- ExtractAllFromFile(zipFileName = "C:\Users\cofc_\AppData\Local\Temp\tmpE5F0.tmp\rjsec402.ZIP", decompressedFolder = "C:\Users\cofc_\AppData\Local\Temp\tmpE6FA.tmp", message = "rjsec402")~~RJStevensMusicPresentationCreator.Program~0000001942
2024-12-14 21:51:14.3797~DEBUG~-> DownloadFile(url = "https://faas-nyc1-2ef2e6cc.doserverless.co/api/v1/web/fn-dd7f8f6a-d32a-4f5e-ae7b-870dfb7963f3/downloads/bundle?id=000000000000410", filename = "C:\Users\cofc_\AppData\Local\Temp\tmpE834.tmp\rjsec403.ZIP", message = "rjsec403")~~RJStevensMusicPresentationCreator.Program~0000001943
2024-12-14 21:51:14.5967~DEBUG~download completed~~RJStevensMusicPresentationCreator.Program~0000001944
2024-12-14 21:51:14.5967~DEBUG~<- DownloadFile(url = "https://faas-nyc1-2ef2e6cc.doserverless.co/api/v1/web/fn-dd7f8f6a-d32a-4f5e-ae7b-870dfb7963f3/downloads/bundle?id=000000000000410", filename = "C:\Users\cofc_\AppData\Local\Temp\tmpE834.tmp\rjsec403.ZIP", message = "rjsec403")~~RJStevensMusicPresentationCreator.Program~0000001945
2024-12-14 21:51:14.6217~DEBUG~-> ExtractAllFromFile(zipFileName = "C:\Users\cofc_\AppData\Local\Temp\tmpE834.tmp\rjsec403.ZIP", decompressedFolder = "C:\Users\cofc_\AppData\Local\Temp\tmpE91F.tmp", message = "rjsec403")~~RJStevensMusicPresentationCreator.Program~0000001946
2024-12-14 21:51:14.9017~DEBUG~extract completed~~RJStevensMusicPresentationCreator.Program~0000001947
2024-12-14 21:51:14.9017~DEBUG~<- ExtractAllFromFile(zipFileName = "C:\Users\cofc_\AppData\Local\Temp\tmpE834.tmp\rjsec403.ZIP", decompressedFolder = "C:\Users\cofc_\AppData\Local\Temp\tmpE91F.tmp", message = "rjsec403")~~RJStevensMusicPresentationCreator.Program~0000001948
2024-12-14 21:51:14.9817~DEBUG~-> DownloadFile(url = "https://faas-nyc1-2ef2e6cc.doserverless.co/api/v1/web/fn-dd7f8f6a-d32a-4f5e-ae7b-870dfb7963f3/downloads/bundle?id=000000000000411", filename = "C:\Users\cofc_\AppData\Local\Temp\tmpEA88.tmp\rjsec404.ZIP", message = "rjsec404")~~RJStevensMusicPresentationCreator.Program~0000001949
2024-12-14 21:51:15.2597~DEBUG~download completed~~RJStevensMusicPresentationCreator.Program~0000001950
2024-12-14 21:51:15.2597~DEBUG~<- DownloadFile(url = "https://faas-nyc1-2ef2e6cc.doserverless.co/api/v1/web/fn-dd7f8f6a-d32a-4f5e-ae7b-870dfb7963f3/downloads/bundle?id=000000000000411", filename = "C:\Users\cofc_\AppData\Local\Temp\tmpEA88.tmp\rjsec404.ZIP", message = "rjsec404")~~RJStevensMusicPresentationCreator.Program~0000001951
2024-12-14 21:51:15.2837~DEBUG~-> ExtractAllFromFile(zipFileName = "C:\Users\cofc_\AppData\Local\Temp\tmpEA88.tmp\rjsec404.ZIP", decompressedFolder = "C:\Users\cofc_\AppData\Local\Temp\tmpEBC1.tmp", message = "rjsec404")~~RJStevensMusicPresentationCreator.Program~0000001952
2024-12-14 21:51:15.6448~DEBUG~extract completed~~RJStevensMusicPresentationCreator.Program~0000001953
2024-12-14 21:51:15.6448~DEBUG~<- ExtractAllFromFile(zipFileName = "C:\Users\cofc_\AppData\Local\Temp\tmpEA88.tmp\rjsec404.ZIP", decompressedFolder = "C:\Users\cofc_\AppData\Local\Temp\tmpEBC1.tmp", message = "rjsec404")~~RJStevensMusicPresentationCreator.Program~0000001954
2024-12-14 21:51:15.7288~DEBUG~-> DownloadFile(url = "https://faas-nyc1-2ef2e6cc.doserverless.co/api/v1/web/fn-dd7f8f6a-d32a-4f5e-ae7b-870dfb7963f3/downloads/bundle?id=000000000000412", filename = "C:\Users\cofc_\AppData\Local\Temp\tmpED78.tmp\rjsec405.ZIP", message = "rjsec405")~~RJStevensMusicPresentationCreator.Program~0000001955
2024-12-14 21:51:15.9778~DEBUG~download completed~~RJStevensMusicPresentationCreator.Program~0000001956
2024-12-14 21:51:15.9778~DEBUG~<- DownloadFile(url = "https://faas-nyc1-2ef2e6cc.doserverless.co/api/v1/web/fn-dd7f8f6a-d32a-4f5e-ae7b-870dfb7963f3/downloads/bundle?id=000000000000412", filename = "C:\Users\cofc_\AppData\Local\Temp\tmpED78.tmp\rjsec405.ZIP", message = "rjsec405")~~RJStevensMusicPresentationCreator.Program~0000001957
2024-12-14 21:51:15.9938~DEBUG~-> ExtractAllFromFile(zipFileName = "C:\Users\cofc_\AppData\Local\Temp\tmpED78.tmp\rjsec405.ZIP", decompressedFolder = "C:\Users\cofc_\AppData\Local\Temp\tmpEE82.tmp", message = "rjsec405")~~RJStevensMusicPresentationCreator.Program~0000001958
2024-12-14 21:51:16.2588~DEBUG~extract completed~~RJStevensMusicPresentationCreator.Program~0000001959
2024-12-14 21:51:16.2588~DEBUG~<- ExtractAllFromFile(zipFileName = "C:\Users\cofc_\AppData\Local\Temp\tmpED78.tmp\rjsec405.ZIP", decompressedFolder = "C:\Users\cofc_\AppData\Local\Temp\tmpEE82.tmp", message = "rjsec405")~~RJStevensMusicPresentationCreator.Program~0000001960
2024-12-14 21:51:16.3328~DEBUG~-> DownloadFile(url = "https://faas-nyc1-2ef2e6cc.doserverless.co/api/v1/web/fn-dd7f8f6a-d32a-4f5e-ae7b-870dfb7963f3/downloads/bundle?id=000000000000413", filename = "C:\Users\cofc_\AppData\Local\Temp\tmpEFDB.tmp\rjsec406.ZIP", message = "rjsec406")~~RJStevensMusicPresentationCreator.Program~0000001961
2024-12-14 21:51:16.5588~DEBUG~download completed~~RJStevensMusicPresentationCreator.Program~0000001962
2024-12-14 21:51:16.5588~DEBUG~<- DownloadFile(url = "https://faas-nyc1-2ef2e6cc.doserverless.co/api/v1/web/fn-dd7f8f6a-d32a-4f5e-ae7b-870dfb7963f3/downloads/bundle?id=000000000000413", filename = "C:\Users\cofc_\AppData\Local\Temp\tmpEFDB.tmp\rjsec406.ZIP", message = "rjsec406")~~RJStevensMusicPresentationCreator.Program~0000001963
2024-12-14 21:51:16.5748~DEBUG~-> ExtractAllFromFile(zipFileName = "C:\Users\cofc_\AppData\Local\Temp\tmpEFDB.tmp\rjsec406.ZIP", decompressedFolder = "C:\Users\cofc_\AppData\Local\Temp\tmpF0C6.tmp", message = "rjsec406")~~RJStevensMusicPresentationCreator.Program~0000001964
2024-12-14 21:51:16.8169~DEBUG~extract completed~~RJStevensMusicPresentationCreator.Program~0000001965
2024-12-14 21:51:16.8169~DEBUG~<- ExtractAllFromFile(zipFileName = "C:\Users\cofc_\AppData\Local\Temp\tmpEFDB.tmp\rjsec406.ZIP", decompressedFolder = "C:\Users\cofc_\AppData\Local\Temp\tmpF0C6.tmp", message = "rjsec406")~~RJStevensMusicPresentationCreator.Program~0000001966
2024-12-14 21:51:16.8969~DEBUG~-> DownloadFile(url = "https://faas-nyc1-2ef2e6cc.doserverless.co/api/v1/web/fn-dd7f8f6a-d32a-4f5e-ae7b-870dfb7963f3/downloads/bundle?id=000000000000414", filename = "C:\Users\cofc_\AppData\Local\Temp\tmpF20F.tmp\rjsec407.ZIP", message = "rjsec407")~~RJStevensMusicPresentationCreator.Program~0000001967
2024-12-14 21:51:17.1289~DEBUG~download completed~~RJStevensMusicPresentationCreator.Program~0000001968
2024-12-14 21:51:17.1289~DEBUG~<- DownloadFile(url = "https://faas-nyc1-2ef2e6cc.doserverless.co/api/v1/web/fn-dd7f8f6a-d32a-4f5e-ae7b-870dfb7963f3/downloads/bundle?id=000000000000414", filename = "C:\Users\cofc_\AppData\Local\Temp\tmpF20F.tmp\rjsec407.ZIP", message = "rjsec407")~~RJStevensMusicPresentationCreator.Program~0000001969
2024-12-14 21:51:17.1499~DEBUG~-> ExtractAllFromFile(zipFileName = "C:\Users\cofc_\AppData\Local\Temp\tmpF20F.tmp\rjsec407.ZIP", decompressedFolder = "C:\Users\cofc_\AppData\Local\Temp\tmpF30A.tmp", message = "rjsec407")~~RJStevensMusicPresentationCreator.Program~0000001970
2024-12-14 21:51:17.4149~DEBUG~extract completed~~RJStevensMusicPresentationCreator.Program~0000001971
2024-12-14 21:51:17.4149~DEBUG~<- ExtractAllFromFile(zipFileName = "C:\Users\cofc_\AppData\Local\Temp\tmpF20F.tmp\rjsec407.ZIP", decompressedFolder = "C:\Users\cofc_\AppData\Local\Temp\tmpF30A.tmp", message = "rjsec407")~~RJStevensMusicPresentationCreator.Program~0000001972
2024-12-14 21:51:17.4849~DEBUG~-> DownloadFile(url = "https://faas-nyc1-2ef2e6cc.doserverless.co/api/v1/web/fn-dd7f8f6a-d32a-4f5e-ae7b-870dfb7963f3/downloads/bundle?id=000000000000415", filename = "C:\Users\cofc_\AppData\Local\Temp\tmpF454.tmp\rjsec408.ZIP", message = "rjsec408")~~RJStevensMusicPresentationCreator.Program~0000001973
2024-12-14 21:51:17.7149~DEBUG~download completed~~RJStevensMusicPresentationCreator.Program~0000001974
2024-12-14 21:51:17.7149~DEBUG~<- DownloadFile(url = "https://faas-nyc1-2ef2e6cc.doserverless.co/api/v1/web/fn-dd7f8f6a-d32a-4f5e-ae7b-870dfb7963f3/downloads/bundle?id=000000000000415", filename = "C:\Users\cofc_\AppData\Local\Temp\tmpF454.tmp\rjsec408.ZIP", message = "rjsec408")~~RJStevensMusicPresentationCreator.Program~0000001975
2024-12-14 21:51:17.7339~DEBUG~-> ExtractAllFromFile(zipFileName = "C:\Users\cofc_\AppData\Local\Temp\tmpF454.tmp\rjsec408.ZIP", decompressedFolder = "C:\Users\cofc_\AppData\Local\Temp\tmpF54F.tmp", message = "rjsec408")~~RJStevensMusicPresentationCreator.Program~0000001976
2024-12-14 21:51:18.0346~DEBUG~extract completed~~RJStevensMusicPresentationCreator.Program~0000001977
2024-12-14 21:51:18.0346~DEBUG~<- ExtractAllFromFile(zipFileName = "C:\Users\cofc_\AppData\Local\Temp\tmpF454.tmp\rjsec408.ZIP", decompressedFolder = "C:\Users\cofc_\AppData\Local\Temp\tmpF54F.tmp", message = "rjsec408")~~RJStevensMusicPresentationCreator.Program~0000001978
2024-12-14 21:51:18.1166~DEBUG~-> DownloadFile(url = "https://faas-nyc1-2ef2e6cc.doserverless.co/api/v1/web/fn-dd7f8f6a-d32a-4f5e-ae7b-870dfb7963f3/downloads/bundle?id=000000000000416", filename = "C:\Users\cofc_\AppData\Local\Temp\tmpF6D6.tmp\rjsec409.ZIP", message = "rjsec409")~~RJStevensMusicPresentationCreator.Program~0000001979
2024-12-14 21:51:18.3587~DEBUG~download completed~~RJStevensMusicPresentationCreator.Program~0000001980
2024-12-14 21:51:18.3587~DEBUG~<- DownloadFile(url = "https://faas-nyc1-2ef2e6cc.doserverless.co/api/v1/web/fn-dd7f8f6a-d32a-4f5e-ae7b-870dfb7963f3/downloads/bundle?id=000000000000416", filename = "C:\Users\cofc_\AppData\Local\Temp\tmpF6D6.tmp\rjsec409.ZIP", message = "rjsec409")~~RJStevensMusicPresentationCreator.Program~0000001981
2024-12-14 21:51:18.3757~DEBUG~-> ExtractAllFromFile(zipFileName = "C:\Users\cofc_\AppData\Local\Temp\tmpF6D6.tmp\rjsec409.ZIP", decompressedFolder = "C:\Users\cofc_\AppData\Local\Temp\tmpF7D1.tmp", message = "rjsec409")~~RJStevensMusicPresentationCreator.Program~0000001982
2024-12-14 21:51:18.6457~DEBUG~extract completed~~RJStevensMusicPresentationCreator.Program~0000001983
2024-12-14 21:51:18.6457~DEBUG~<- ExtractAllFromFile(zipFileName = "C:\Users\cofc_\AppData\Local\Temp\tmpF6D6.tmp\rjsec409.ZIP", decompressedFolder = "C:\Users\cofc_\AppData\Local\Temp\tmpF7D1.tmp", message = "rjsec409")~~RJStevensMusicPresentationCreator.Program~0000001984
2024-12-14 21:51:18.7247~DEBUG~-> DownloadFile(url = "https://faas-nyc1-2ef2e6cc.doserverless.co/api/v1/web/fn-dd7f8f6a-d32a-4f5e-ae7b-870dfb7963f3/downloads/bundle?id=000000000000417", filename = "C:\Users\cofc_\AppData\Local\Temp\tmpF93A.tmp\rjsec410.ZIP", message = "rjsec410")~~RJStevensMusicPresentationCreator.Program~0000001985
2024-12-14 21:51:19.0207~DEBUG~download completed~~RJStevensMusicPresentationCreator.Program~0000001986
2024-12-14 21:51:19.0207~DEBUG~<- DownloadFile(url = "https://faas-nyc1-2ef2e6cc.doserverless.co/api/v1/web/fn-dd7f8f6a-d32a-4f5e-ae7b-870dfb7963f3/downloads/bundle?id=000000000000417", filename = "C:\Users\cofc_\AppData\Local\Temp\tmpF93A.tmp\rjsec410.ZIP", message = "rjsec410")~~RJStevensMusicPresentationCreator.Program~0000001987
2024-12-14 21:51:19.0397~DEBUG~-> ExtractAllFromFile(zipFileName = "C:\Users\cofc_\AppData\Local\Temp\tmpF93A.tmp\rjsec410.ZIP", decompressedFolder = "C:\Users\cofc_\AppData\Local\Temp\tmpFA73.tmp", message = "rjsec410")~~RJStevensMusicPresentationCreator.Program~0000001988
2024-12-14 21:51:19.3887~DEBUG~extract completed~~RJStevensMusicPresentationCreator.Program~0000001989
2024-12-14 21:51:19.3917~DEBUG~<- ExtractAllFromFile(zipFileName = "C:\Users\cofc_\AppData\Local\Temp\tmpF93A.tmp\rjsec410.ZIP", decompressedFolder = "C:\Users\cofc_\AppData\Local\Temp\tmpFA73.tmp", message = "rjsec410")~~RJStevensMusicPresentationCreator.Program~0000001990
2024-12-14 21:51:19.4677~DEBUG~-> DownloadFile(url = "https://faas-nyc1-2ef2e6cc.doserverless.co/api/v1/web/fn-dd7f8f6a-d32a-4f5e-ae7b-870dfb7963f3/downloads/bundle?id=000000000000418", filename = "C:\Users\cofc_\AppData\Local\Temp\tmpFC1A.tmp\rjsec411.ZIP", message = "rjsec411")~~RJStevensMusicPresentationCreator.Program~0000001991
2024-12-14 21:51:19.6978~DEBUG~download completed~~RJStevensMusicPresentationCreator.Program~0000001992
2024-12-14 21:51:19.6978~DEBUG~<- DownloadFile(url = "https://faas-nyc1-2ef2e6cc.doserverless.co/api/v1/web/fn-dd7f8f6a-d32a-4f5e-ae7b-870dfb7963f3/downloads/bundle?id=000000000000418", filename = "C:\Users\cofc_\AppData\Local\Temp\tmpFC1A.tmp\rjsec411.ZIP", message = "rjsec411")~~RJStevensMusicPresentationCreator.Program~0000001993
2024-12-14 21:51:19.7128~DEBUG~-> ExtractAllFromFile(zipFileName = "C:\Users\cofc_\AppData\Local\Temp\tmpFC1A.tmp\rjsec411.ZIP", decompressedFolder = "C:\Users\cofc_\AppData\Local\Temp\tmpFD15.tmp", message = "rjsec411")~~RJStevensMusicPresentationCreator.Program~0000001994
2024-12-14 21:51:19.9308~DEBUG~extract completed~~RJStevensMusicPresentationCreator.Program~0000001995
2024-12-14 21:51:19.9308~DEBUG~<- ExtractAllFromFile(zipFileName = "C:\Users\cofc_\AppData\Local\Temp\tmpFC1A.tmp\rjsec411.ZIP", decompressedFolder = "C:\Users\cofc_\AppData\Local\Temp\tmpFD15.tmp", message = "rjsec411")~~RJStevensMusicPresentationCreator.Program~0000001996
2024-12-14 21:51:19.9988~DEBUG~-> DownloadFile(url = "https://faas-nyc1-2ef2e6cc.doserverless.co/api/v1/web/fn-dd7f8f6a-d32a-4f5e-ae7b-870dfb7963f3/downloads/bundle?id=000000000000419", filename = "C:\Users\cofc_\AppData\Local\Temp\tmpFE2F.tmp\rjsec412.ZIP", message = "rjsec412")~~RJStevensMusicPresentationCreator.Program~0000001997
2024-12-14 21:51:20.2348~DEBUG~download completed~~RJStevensMusicPresentationCreator.Program~0000001998
2024-12-14 21:51:20.2348~DEBUG~<- DownloadFile(url = "https://faas-nyc1-2ef2e6cc.doserverless.co/api/v1/web/fn-dd7f8f6a-d32a-4f5e-ae7b-870dfb7963f3/downloads/bundle?id=000000000000419", filename = "C:\Users\cofc_\AppData\Local\Temp\tmpFE2F.tmp\rjsec412.ZIP", message = "rjsec412")~~RJStevensMusicPresentationCreator.Program~0000001999
2024-12-14 21:51:20.2558~DEBUG~-> ExtractAllFromFile(zipFileName = "C:\Users\cofc_\AppData\Local\Temp\tmpFE2F.tmp\rjsec412.ZIP", decompressedFolder = "C:\Users\cofc_\AppData\Local\Temp\tmpFF3A.tmp", message = "rjsec412")~~RJStevensMusicPresentationCreator.Program~0000002000
2024-12-14 21:51:20.5218~DEBUG~extract completed~~RJStevensMusicPresentationCreator.Program~0000002001
2024-12-14 21:51:20.5218~DEBUG~<- ExtractAllFromFile(zipFileName = "C:\Users\cofc_\AppData\Local\Temp\tmpFE2F.tmp\rjsec412.ZIP", decompressedFolder = "C:\Users\cofc_\AppData\Local\Temp\tmpFF3A.tmp", message = "rjsec412")~~RJStevensMusicPresentationCreator.Program~0000002002
2024-12-14 21:51:20.5928~DEBUG~-> DownloadFile(url = "https://faas-nyc1-2ef2e6cc.doserverless.co/api/v1/web/fn-dd7f8f6a-d32a-4f5e-ae7b-870dfb7963f3/downloads/bundle?id=000000000000421", filename = "C:\Users\cofc_\AppData\Local\Temp\tmp83.tmp\rjsec414.ZIP", message = "rjsec414")~~RJStevensMusicPresentationCreator.Program~0000002003
2024-12-14 21:51:20.8598~DEBUG~download completed~~RJStevensMusicPresentationCreator.Program~0000002004
2024-12-14 21:51:20.8598~DEBUG~<- DownloadFile(url = "https://faas-nyc1-2ef2e6cc.doserverless.co/api/v1/web/fn-dd7f8f6a-d32a-4f5e-ae7b-870dfb7963f3/downloads/bundle?id=000000000000421", filename = "C:\Users\cofc_\AppData\Local\Temp\tmp83.tmp\rjsec414.ZIP", message = "rjsec414")~~RJStevensMusicPresentationCreator.Program~0000002005
2024-12-14 21:51:20.8779~DEBUG~-> ExtractAllFromFile(zipFileName = "C:\Users\cofc_\AppData\Local\Temp\tmp83.tmp\rjsec414.ZIP", decompressedFolder = "C:\Users\cofc_\AppData\Local\Temp\tmp1AD.tmp", message = "rjsec414")~~RJStevensMusicPresentationCreator.Program~0000002006
2024-12-14 21:51:21.1029~DEBUG~extract completed~~RJStevensMusicPresentationCreator.Program~0000002007
2024-12-14 21:51:21.1029~DEBUG~<- ExtractAllFromFile(zipFileName = "C:\Users\cofc_\AppData\Local\Temp\tmp83.tmp\rjsec414.ZIP", decompressedFolder = "C:\Users\cofc_\AppData\Local\Temp\tmp1AD.tmp", message = "rjsec414")~~RJStevensMusicPresentationCreator.Program~0000002008
2024-12-14 21:51:21.1709~DEBUG~-> DownloadFile(url = "https://faas-nyc1-2ef2e6cc.doserverless.co/api/v1/web/fn-dd7f8f6a-d32a-4f5e-ae7b-870dfb7963f3/downloads/bundle?id=000000000000422", filename = "C:\Users\cofc_\AppData\Local\Temp\tmp2C7.tmp\rjsec415.ZIP", message = "rjsec415")~~RJStevensMusicPresentationCreator.Program~0000002009
2024-12-14 21:51:21.4079~DEBUG~download completed~~RJStevensMusicPresentationCreator.Program~0000002010
2024-12-14 21:51:21.4079~DEBUG~<- DownloadFile(url = "https://faas-nyc1-2ef2e6cc.doserverless.co/api/v1/web/fn-dd7f8f6a-d32a-4f5e-ae7b-870dfb7963f3/downloads/bundle?id=000000000000422", filename = "C:\Users\cofc_\AppData\Local\Temp\tmp2C7.tmp\rjsec415.ZIP", message = "rjsec415")~~RJStevensMusicPresentationCreator.Program~0000002011
2024-12-14 21:51:21.4269~DEBUG~-> ExtractAllFromFile(zipFileName = "C:\Users\cofc_\AppData\Local\Temp\tmp2C7.tmp\rjsec415.ZIP", decompressedFolder = "C:\Users\cofc_\AppData\Local\Temp\tmp3D2.tmp", message = "rjsec415")~~RJStevensMusicPresentationCreator.Program~0000002012
2024-12-14 21:51:21.6709~DEBUG~extract completed~~RJStevensMusicPresentationCreator.Program~0000002013
2024-12-14 21:51:21.6769~DEBUG~<- ExtractAllFromFile(zipFileName = "C:\Users\cofc_\AppData\Local\Temp\tmp2C7.tmp\rjsec415.ZIP", decompressedFolder = "C:\Users\cofc_\AppData\Local\Temp\tmp3D2.tmp", message = "rjsec415")~~RJStevensMusicPresentationCreator.Program~0000002014
2024-12-14 21:51:21.7379~DEBUG~-> DownloadFile(url = "https://faas-nyc1-2ef2e6cc.doserverless.co/api/v1/web/fn-dd7f8f6a-d32a-4f5e-ae7b-870dfb7963f3/downloads/bundle?id=000000000000423", filename = "C:\Users\cofc_\AppData\Local\Temp\tmp50B.tmp\rjsec416.ZIP", message = "rjsec416")~~RJStevensMusicPresentationCreator.Program~0000002015
2024-12-14 21:51:21.9359~DEBUG~download completed~~RJStevensMusicPresentationCreator.Program~0000002016
2024-12-14 21:51:21.9359~DEBUG~<- DownloadFile(url = "https://faas-nyc1-2ef2e6cc.doserverless.co/api/v1/web/fn-dd7f8f6a-d32a-4f5e-ae7b-870dfb7963f3/downloads/bundle?id=000000000000423", filename = "C:\Users\cofc_\AppData\Local\Temp\tmp50B.tmp\rjsec416.ZIP", message = "rjsec416")~~RJStevensMusicPresentationCreator.Program~0000002017
2024-12-14 21:51:21.9509~DEBUG~-> ExtractAllFromFile(zipFileName = "C:\Users\cofc_\AppData\Local\Temp\tmp50B.tmp\rjsec416.ZIP", decompressedFolder = "C:\Users\cofc_\AppData\Local\Temp\tmp5D7.tmp", message = "rjsec416")~~RJStevensMusicPresentationCreator.Program~0000002018
2024-12-14 21:51:22.1769~DEBUG~extract completed~~RJStevensMusicPresentationCreator.Program~0000002019
2024-12-14 21:51:22.1769~DEBUG~<- ExtractAllFromFile(zipFileName = "C:\Users\cofc_\AppData\Local\Temp\tmp50B.tmp\rjsec416.ZIP", decompressedFolder = "C:\Users\cofc_\AppData\Local\Temp\tmp5D7.tmp", message = "rjsec416")~~RJStevensMusicPresentationCreator.Program~0000002020
2024-12-14 21:51:22.2469~DEBUG~-> DownloadFile(url = "https://faas-nyc1-2ef2e6cc.doserverless.co/api/v1/web/fn-dd7f8f6a-d32a-4f5e-ae7b-870dfb7963f3/downloads/bundle?id=000000000000424", filename = "C:\Users\cofc_\AppData\Local\Temp\tmp701.tmp\rjsec417.ZIP", message = "rjsec417")~~RJStevensMusicPresentationCreator.Program~0000002021
2024-12-14 21:51:22.4700~DEBUG~download completed~~RJStevensMusicPresentationCreator.Program~0000002022
2024-12-14 21:51:22.4700~DEBUG~<- DownloadFile(url = "https://faas-nyc1-2ef2e6cc.doserverless.co/api/v1/web/fn-dd7f8f6a-d32a-4f5e-ae7b-870dfb7963f3/downloads/bundle?id=000000000000424", filename = "C:\Users\cofc_\AppData\Local\Temp\tmp701.tmp\rjsec417.ZIP", message = "rjsec417")~~RJStevensMusicPresentationCreator.Program~0000002023
2024-12-14 21:51:22.4700~DEBUG~-> ExtractAllFromFile(zipFileName = "C:\Users\cofc_\AppData\Local\Temp\tmp701.tmp\rjsec417.ZIP", decompressedFolder = "C:\Users\cofc_\AppData\Local\Temp\tmp7ED.tmp", message = "rjsec417")~~RJStevensMusicPresentationCreator.Program~0000002024
2024-12-14 21:51:22.7757~DEBUG~extract completed~~RJStevensMusicPresentationCreator.Program~0000002025
2024-12-14 21:51:22.7757~DEBUG~<- ExtractAllFromFile(zipFileName = "C:\Users\cofc_\AppData\Local\Temp\tmp701.tmp\rjsec417.ZIP", decompressedFolder = "C:\Users\cofc_\AppData\Local\Temp\tmp7ED.tmp", message = "rjsec417")~~RJStevensMusicPresentationCreator.Program~0000002026
2024-12-14 21:51:22.8517~DEBUG~-> DownloadFile(url = "https://faas-nyc1-2ef2e6cc.doserverless.co/api/v1/web/fn-dd7f8f6a-d32a-4f5e-ae7b-870dfb7963f3/downloads/bundle?id=000000000000425", filename = "C:\Users\cofc_\AppData\Local\Temp\tmp965.tmp\rjsec418.ZIP", message = "rjsec418")~~RJStevensMusicPresentationCreator.Program~0000002027
2024-12-14 21:51:23.0878~DEBUG~download completed~~RJStevensMusicPresentationCreator.Program~0000002028
2024-12-14 21:51:23.0878~DEBUG~<- DownloadFile(url = "https://faas-nyc1-2ef2e6cc.doserverless.co/api/v1/web/fn-dd7f8f6a-d32a-4f5e-ae7b-870dfb7963f3/downloads/bundle?id=000000000000425", filename = "C:\Users\cofc_\AppData\Local\Temp\tmp965.tmp\rjsec418.ZIP", message = "rjsec418")~~RJStevensMusicPresentationCreator.Program~0000002029
2024-12-14 21:51:23.1088~DEBUG~-> ExtractAllFromFile(zipFileName = "C:\Users\cofc_\AppData\Local\Temp\tmp965.tmp\rjsec418.ZIP", decompressedFolder = "C:\Users\cofc_\AppData\Local\Temp\tmpA60.tmp", message = "rjsec418")~~RJStevensMusicPresentationCreator.Program~0000002030
2024-12-14 21:51:23.3628~DEBUG~extract completed~~RJStevensMusicPresentationCreator.Program~0000002031
2024-12-14 21:51:23.3628~DEBUG~<- ExtractAllFromFile(zipFileName = "C:\Users\cofc_\AppData\Local\Temp\tmp965.tmp\rjsec418.ZIP", decompressedFolder = "C:\Users\cofc_\AppData\Local\Temp\tmpA60.tmp", message = "rjsec418")~~RJStevensMusicPresentationCreator.Program~0000002032
2024-12-14 21:51:23.4358~DEBUG~-> DownloadFile(url = "https://faas-nyc1-2ef2e6cc.doserverless.co/api/v1/web/fn-dd7f8f6a-d32a-4f5e-ae7b-870dfb7963f3/downloads/bundle?id=000000000000426", filename = "C:\Users\cofc_\AppData\Local\Temp\tmpBA9.tmp\rjsec419.ZIP", message = "rjsec419")~~RJStevensMusicPresentationCreator.Program~0000002033
2024-12-14 21:51:23.6648~DEBUG~download completed~~RJStevensMusicPresentationCreator.Program~0000002034
2024-12-14 21:51:23.6648~DEBUG~<- DownloadFile(url = "https://faas-nyc1-2ef2e6cc.doserverless.co/api/v1/web/fn-dd7f8f6a-d32a-4f5e-ae7b-870dfb7963f3/downloads/bundle?id=000000000000426", filename = "C:\Users\cofc_\AppData\Local\Temp\tmpBA9.tmp\rjsec419.ZIP", message = "rjsec419")~~RJStevensMusicPresentationCreator.Program~0000002035
2024-12-14 21:51:23.6828~DEBUG~-> ExtractAllFromFile(zipFileName = "C:\Users\cofc_\AppData\Local\Temp\tmpBA9.tmp\rjsec419.ZIP", decompressedFolder = "C:\Users\cofc_\AppData\Local\Temp\tmpCA4.tmp", message = "rjsec419")~~RJStevensMusicPresentationCreator.Program~0000002036
2024-12-14 21:51:23.9168~DEBUG~extract completed~~RJStevensMusicPresentationCreator.Program~0000002037
2024-12-14 21:51:23.9248~DEBUG~<- ExtractAllFromFile(zipFileName = "C:\Users\cofc_\AppData\Local\Temp\tmpBA9.tmp\rjsec419.ZIP", decompressedFolder = "C:\Users\cofc_\AppData\Local\Temp\tmpCA4.tmp", message = "rjsec419")~~RJStevensMusicPresentationCreator.Program~0000002038
2024-12-14 21:51:23.9898~DEBUG~-> DownloadFile(url = "https://faas-nyc1-2ef2e6cc.doserverless.co/api/v1/web/fn-dd7f8f6a-d32a-4f5e-ae7b-870dfb7963f3/downloads/bundle?id=000000000000427", filename = "C:\Users\cofc_\AppData\Local\Temp\tmpDDD.tmp\rjsec420.ZIP", message = "rjsec420")~~RJStevensMusicPresentationCreator.Program~0000002039
2024-12-14 21:51:24.2288~DEBUG~download completed~~RJStevensMusicPresentationCreator.Program~0000002040
2024-12-14 21:51:24.2288~DEBUG~<- DownloadFile(url = "https://faas-nyc1-2ef2e6cc.doserverless.co/api/v1/web/fn-dd7f8f6a-d32a-4f5e-ae7b-870dfb7963f3/downloads/bundle?id=000000000000427", filename = "C:\Users\cofc_\AppData\Local\Temp\tmpDDD.tmp\rjsec420.ZIP", message = "rjsec420")~~RJStevensMusicPresentationCreator.Program~0000002041
2024-12-14 21:51:24.2478~DEBUG~-> ExtractAllFromFile(zipFileName = "C:\Users\cofc_\AppData\Local\Temp\tmpDDD.tmp\rjsec420.ZIP", decompressedFolder = "C:\Users\cofc_\AppData\Local\Temp\tmpED8.tmp", message = "rjsec420")~~RJStevensMusicPresentationCreator.Program~0000002042
2024-12-14 21:51:24.5089~DEBUG~extract completed~~RJStevensMusicPresentationCreator.Program~0000002043
2024-12-14 21:51:24.5089~DEBUG~<- ExtractAllFromFile(zipFileName = "C:\Users\cofc_\AppData\Local\Temp\tmpDDD.tmp\rjsec420.ZIP", decompressedFolder = "C:\Users\cofc_\AppData\Local\Temp\tmpED8.tmp", message = "rjsec420")~~RJStevensMusicPresentationCreator.Program~0000002044
2024-12-14 21:51:24.5869~DEBUG~-> DownloadFile(url = "https://faas-nyc1-2ef2e6cc.doserverless.co/api/v1/web/fn-dd7f8f6a-d32a-4f5e-ae7b-870dfb7963f3/downloads/bundle?id=000000000000428", filename = "C:\Users\cofc_\AppData\Local\Temp\tmp1031.tmp\rjsec421.ZIP", message = "rjsec421")~~RJStevensMusicPresentationCreator.Program~0000002045
2024-12-14 21:51:24.7909~DEBUG~download completed~~RJStevensMusicPresentationCreator.Program~0000002046
2024-12-14 21:51:24.7909~DEBUG~<- DownloadFile(url = "https://faas-nyc1-2ef2e6cc.doserverless.co/api/v1/web/fn-dd7f8f6a-d32a-4f5e-ae7b-870dfb7963f3/downloads/bundle?id=000000000000428", filename = "C:\Users\cofc_\AppData\Local\Temp\tmp1031.tmp\rjsec421.ZIP", message = "rjsec421")~~RJStevensMusicPresentationCreator.Program~0000002047
2024-12-14 21:51:24.8109~DEBUG~-> ExtractAllFromFile(zipFileName = "C:\Users\cofc_\AppData\Local\Temp\tmp1031.tmp\rjsec421.ZIP", decompressedFolder = "C:\Users\cofc_\AppData\Local\Temp\tmp110D.tmp", message = "rjsec421")~~RJStevensMusicPresentationCreator.Program~0000002048
2024-12-14 21:51:25.0289~DEBUG~extract completed~~RJStevensMusicPresentationCreator.Program~0000002049
2024-12-14 21:51:25.0319~DEBUG~<- ExtractAllFromFile(zipFileName = "C:\Users\cofc_\AppData\Local\Temp\tmp1031.tmp\rjsec421.ZIP", decompressedFolder = "C:\Users\cofc_\AppData\Local\Temp\tmp110D.tmp", message = "rjsec421")~~RJStevensMusicPresentationCreator.Program~0000002050
2024-12-14 21:51:25.0969~DEBUG~-> DownloadFile(url = "https://faas-nyc1-2ef2e6cc.doserverless.co/api/v1/web/fn-dd7f8f6a-d32a-4f5e-ae7b-870dfb7963f3/downloads/bundle?id=000000000000429", filename = "C:\Users\cofc_\AppData\Local\Temp\tmp1237.tmp\rjsec422.ZIP", message = "rjsec422")~~RJStevensMusicPresentationCreator.Program~0000002051
2024-12-14 21:51:25.3189~DEBUG~download completed~~RJStevensMusicPresentationCreator.Program~0000002052
2024-12-14 21:51:25.3189~DEBUG~<- DownloadFile(url = "https://faas-nyc1-2ef2e6cc.doserverless.co/api/v1/web/fn-dd7f8f6a-d32a-4f5e-ae7b-870dfb7963f3/downloads/bundle?id=000000000000429", filename = "C:\Users\cofc_\AppData\Local\Temp\tmp1237.tmp\rjsec422.ZIP", message = "rjsec422")~~RJStevensMusicPresentationCreator.Program~0000002053
2024-12-14 21:51:25.3359~DEBUG~-> ExtractAllFromFile(zipFileName = "C:\Users\cofc_\AppData\Local\Temp\tmp1237.tmp\rjsec422.ZIP", decompressedFolder = "C:\Users\cofc_\AppData\Local\Temp\tmp1322.tmp", message = "rjsec422")~~RJStevensMusicPresentationCreator.Program~0000002054
2024-12-14 21:51:25.6269~DEBUG~extract completed~~RJStevensMusicPresentationCreator.Program~0000002055
2024-12-14 21:51:25.6269~DEBUG~<- ExtractAllFromFile(zipFileName = "C:\Users\cofc_\AppData\Local\Temp\tmp1237.tmp\rjsec422.ZIP", decompressedFolder = "C:\Users\cofc_\AppData\Local\Temp\tmp1322.tmp", message = "rjsec422")~~RJStevensMusicPresentationCreator.Program~0000002056
2024-12-14 21:51:25.7089~DEBUG~-> DownloadFile(url = "https://faas-nyc1-2ef2e6cc.doserverless.co/api/v1/web/fn-dd7f8f6a-d32a-4f5e-ae7b-870dfb7963f3/downloads/bundle?id=000000000000430", filename = "C:\Users\cofc_\AppData\Local\Temp\tmp149A.tmp\rjsec423.ZIP", message = "rjsec423")~~RJStevensMusicPresentationCreator.Program~0000002057
2024-12-14 21:51:25.9080~DEBUG~download completed~~RJStevensMusicPresentationCreator.Program~0000002058
2024-12-14 21:51:25.9080~DEBUG~<- DownloadFile(url = "https://faas-nyc1-2ef2e6cc.doserverless.co/api/v1/web/fn-dd7f8f6a-d32a-4f5e-ae7b-870dfb7963f3/downloads/bundle?id=000000000000430", filename = "C:\Users\cofc_\AppData\Local\Temp\tmp149A.tmp\rjsec423.ZIP", message = "rjsec423")~~RJStevensMusicPresentationCreator.Program~0000002059
2024-12-14 21:51:25.9240~DEBUG~-> ExtractAllFromFile(zipFileName = "C:\Users\cofc_\AppData\Local\Temp\tmp149A.tmp\rjsec423.ZIP", decompressedFolder = "C:\Users\cofc_\AppData\Local\Temp\tmp1576.tmp", message = "rjsec423")~~RJStevensMusicPresentationCreator.Program~0000002060
2024-12-14 21:51:26.1700~DEBUG~extract completed~~RJStevensMusicPresentationCreator.Program~0000002061
2024-12-14 21:51:26.1750~DEBUG~<- ExtractAllFromFile(zipFileName = "C:\Users\cofc_\AppData\Local\Temp\tmp149A.tmp\rjsec423.ZIP", decompressedFolder = "C:\Users\cofc_\AppData\Local\Temp\tmp1576.tmp", message = "rjsec423")~~RJStevensMusicPresentationCreator.Program~0000002062
2024-12-14 21:51:26.2400~DEBUG~-> DownloadFile(url = "https://faas-nyc1-2ef2e6cc.doserverless.co/api/v1/web/fn-dd7f8f6a-d32a-4f5e-ae7b-870dfb7963f3/downloads/bundle?id=000000000000431", filename = "C:\Users\cofc_\AppData\Local\Temp\tmp16AF.tmp\rjsec424.ZIP", message = "rjsec424")~~RJStevensMusicPresentationCreator.Program~0000002063
2024-12-14 21:51:26.4480~DEBUG~download completed~~RJStevensMusicPresentationCreator.Program~0000002064
2024-12-14 21:51:26.4480~DEBUG~<- DownloadFile(url = "https://faas-nyc1-2ef2e6cc.doserverless.co/api/v1/web/fn-dd7f8f6a-d32a-4f5e-ae7b-870dfb7963f3/downloads/bundle?id=000000000000431", filename = "C:\Users\cofc_\AppData\Local\Temp\tmp16AF.tmp\rjsec424.ZIP", message = "rjsec424")~~RJStevensMusicPresentationCreator.Program~0000002065
2024-12-14 21:51:26.4640~DEBUG~-> ExtractAllFromFile(zipFileName = "C:\Users\cofc_\AppData\Local\Temp\tmp16AF.tmp\rjsec424.ZIP", decompressedFolder = "C:\Users\cofc_\AppData\Local\Temp\tmp178B.tmp", message = "rjsec424")~~RJStevensMusicPresentationCreator.Program~0000002066
2024-12-14 21:51:26.6970~DEBUG~extract completed~~RJStevensMusicPresentationCreator.Program~0000002067
2024-12-14 21:51:26.6970~DEBUG~<- ExtractAllFromFile(zipFileName = "C:\Users\cofc_\AppData\Local\Temp\tmp16AF.tmp\rjsec424.ZIP", decompressedFolder = "C:\Users\cofc_\AppData\Local\Temp\tmp178B.tmp", message = "rjsec424")~~RJStevensMusicPresentationCreator.Program~0000002068
2024-12-14 21:51:26.7740~DEBUG~-> DownloadFile(url = "https://faas-nyc1-2ef2e6cc.doserverless.co/api/v1/web/fn-dd7f8f6a-d32a-4f5e-ae7b-870dfb7963f3/downloads/bundle?id=000000000000432", filename = "C:\Users\cofc_\AppData\Local\Temp\tmp18C4.tmp\rjsec425.ZIP", message = "rjsec425")~~RJStevensMusicPresentationCreator.Program~0000002069
2024-12-14 21:51:26.9900~DEBUG~download completed~~RJStevensMusicPresentationCreator.Program~0000002070
2024-12-14 21:51:26.9900~DEBUG~<- DownloadFile(url = "https://faas-nyc1-2ef2e6cc.doserverless.co/api/v1/web/fn-dd7f8f6a-d32a-4f5e-ae7b-870dfb7963f3/downloads/bundle?id=000000000000432", filename = "C:\Users\cofc_\AppData\Local\Temp\tmp18C4.tmp\rjsec425.ZIP", message = "rjsec425")~~RJStevensMusicPresentationCreator.Program~0000002071
2024-12-14 21:51:27.0080~DEBUG~-> ExtractAllFromFile(zipFileName = "C:\Users\cofc_\AppData\Local\Temp\tmp18C4.tmp\rjsec425.ZIP", decompressedFolder = "C:\Users\cofc_\AppData\Local\Temp\tmp19B0.tmp", message = "rjsec425")~~RJStevensMusicPresentationCreator.Program~0000002072
2024-12-14 21:51:27.2491~DEBUG~extract completed~~RJStevensMusicPresentationCreator.Program~0000002073
2024-12-14 21:51:27.2521~DEBUG~<- ExtractAllFromFile(zipFileName = "C:\Users\cofc_\AppData\Local\Temp\tmp18C4.tmp\rjsec425.ZIP", decompressedFolder = "C:\Users\cofc_\AppData\Local\Temp\tmp19B0.tmp", message = "rjsec425")~~RJStevensMusicPresentationCreator.Program~0000002074
2024-12-14 21:51:27.3241~DEBUG~-> DownloadFile(url = "https://faas-nyc1-2ef2e6cc.doserverless.co/api/v1/web/fn-dd7f8f6a-d32a-4f5e-ae7b-870dfb7963f3/downloads/bundle?id=000000000000433", filename = "C:\Users\cofc_\AppData\Local\Temp\tmp1AE9.tmp\rjsec426.ZIP", message = "rjsec426")~~RJStevensMusicPresentationCreator.Program~0000002075
2024-12-14 21:51:27.5391~DEBUG~download completed~~RJStevensMusicPresentationCreator.Program~0000002076
2024-12-14 21:51:27.5391~DEBUG~<- DownloadFile(url = "https://faas-nyc1-2ef2e6cc.doserverless.co/api/v1/web/fn-dd7f8f6a-d32a-4f5e-ae7b-870dfb7963f3/downloads/bundle?id=000000000000433", filename = "C:\Users\cofc_\AppData\Local\Temp\tmp1AE9.tmp\rjsec426.ZIP", message = "rjsec426")~~RJStevensMusicPresentationCreator.Program~0000002077
2024-12-14 21:51:27.5531~DEBUG~-> ExtractAllFromFile(zipFileName = "C:\Users\cofc_\AppData\Local\Temp\tmp1AE9.tmp\rjsec426.ZIP", decompressedFolder = "C:\Users\cofc_\AppData\Local\Temp\tmp1BD5.tmp", message = "rjsec426")~~RJStevensMusicPresentationCreator.Program~0000002078
2024-12-14 21:51:27.8011~DEBUG~extract completed~~RJStevensMusicPresentationCreator.Program~0000002079
2024-12-14 21:51:27.8011~DEBUG~<- ExtractAllFromFile(zipFileName = "C:\Users\cofc_\AppData\Local\Temp\tmp1AE9.tmp\rjsec426.ZIP", decompressedFolder = "C:\Users\cofc_\AppData\Local\Temp\tmp1BD5.tmp", message = "rjsec426")~~RJStevensMusicPresentationCreator.Program~0000002080
2024-12-14 21:51:27.8761~DEBUG~-> DownloadFile(url = "https://faas-nyc1-2ef2e6cc.doserverless.co/api/v1/web/fn-dd7f8f6a-d32a-4f5e-ae7b-870dfb7963f3/downloads/bundle?id=000000000000434", filename = "C:\Users\cofc_\AppData\Local\Temp\tmp1D0E.tmp\rjsec427.ZIP", message = "rjsec427")~~RJStevensMusicPresentationCreator.Program~0000002081
2024-12-14 21:51:28.1031~DEBUG~download completed~~RJStevensMusicPresentationCreator.Program~0000002082
2024-12-14 21:51:28.1031~DEBUG~<- DownloadFile(url = "https://faas-nyc1-2ef2e6cc.doserverless.co/api/v1/web/fn-dd7f8f6a-d32a-4f5e-ae7b-870dfb7963f3/downloads/bundle?id=000000000000434", filename = "C:\Users\cofc_\AppData\Local\Temp\tmp1D0E.tmp\rjsec427.ZIP", message = "rjsec427")~~RJStevensMusicPresentationCreator.Program~0000002083
2024-12-14 21:51:28.1201~DEBUG~-> ExtractAllFromFile(zipFileName = "C:\Users\cofc_\AppData\Local\Temp\tmp1D0E.tmp\rjsec427.ZIP", decompressedFolder = "C:\Users\cofc_\AppData\Local\Temp\tmp1E09.tmp", message = "rjsec427")~~RJStevensMusicPresentationCreator.Program~0000002084
2024-12-14 21:51:28.3931~DEBUG~extract completed~~RJStevensMusicPresentationCreator.Program~0000002085
2024-12-14 21:51:28.3931~DEBUG~<- ExtractAllFromFile(zipFileName = "C:\Users\cofc_\AppData\Local\Temp\tmp1D0E.tmp\rjsec427.ZIP", decompressedFolder = "C:\Users\cofc_\AppData\Local\Temp\tmp1E09.tmp", message = "rjsec427")~~RJStevensMusicPresentationCreator.Program~0000002086
2024-12-14 21:51:28.4632~DEBUG~-> DownloadFile(url = "https://faas-nyc1-2ef2e6cc.doserverless.co/api/v1/web/fn-dd7f8f6a-d32a-4f5e-ae7b-870dfb7963f3/downloads/bundle?id=000000000000435", filename = "C:\Users\cofc_\AppData\Local\Temp\tmp1F62.tmp\rjsec428.ZIP", message = "rjsec428")~~RJStevensMusicPresentationCreator.Program~0000002087
2024-12-14 21:51:28.6592~DEBUG~download completed~~RJStevensMusicPresentationCreator.Program~0000002088
2024-12-14 21:51:28.6592~DEBUG~<- DownloadFile(url = "https://faas-nyc1-2ef2e6cc.doserverless.co/api/v1/web/fn-dd7f8f6a-d32a-4f5e-ae7b-870dfb7963f3/downloads/bundle?id=000000000000435", filename = "C:\Users\cofc_\AppData\Local\Temp\tmp1F62.tmp\rjsec428.ZIP", message = "rjsec428")~~RJStevensMusicPresentationCreator.Program~0000002089
2024-12-14 21:51:28.6752~DEBUG~-> ExtractAllFromFile(zipFileName = "C:\Users\cofc_\AppData\Local\Temp\tmp1F62.tmp\rjsec428.ZIP", decompressedFolder = "C:\Users\cofc_\AppData\Local\Temp\tmp203E.tmp", message = "rjsec428")~~RJStevensMusicPresentationCreator.Program~0000002090
2024-12-14 21:51:28.8622~DEBUG~extract completed~~RJStevensMusicPresentationCreator.Program~0000002091
2024-12-14 21:51:28.8622~DEBUG~<- ExtractAllFromFile(zipFileName = "C:\Users\cofc_\AppData\Local\Temp\tmp1F62.tmp\rjsec428.ZIP", decompressedFolder = "C:\Users\cofc_\AppData\Local\Temp\tmp203E.tmp", message = "rjsec428")~~RJStevensMusicPresentationCreator.Program~0000002092
2024-12-14 21:51:28.9232~DEBUG~-> DownloadFile(url = "https://faas-nyc1-2ef2e6cc.doserverless.co/api/v1/web/fn-dd7f8f6a-d32a-4f5e-ae7b-870dfb7963f3/downloads/bundle?id=000000000000436", filename = "C:\Users\cofc_\AppData\Local\Temp\tmp2129.tmp\rjsec429.ZIP", message = "rjsec429")~~RJStevensMusicPresentationCreator.Program~0000002093
2024-12-14 21:51:29.1332~DEBUG~download completed~~RJStevensMusicPresentationCreator.Program~0000002094
2024-12-14 21:51:29.1332~DEBUG~<- DownloadFile(url = "https://faas-nyc1-2ef2e6cc.doserverless.co/api/v1/web/fn-dd7f8f6a-d32a-4f5e-ae7b-870dfb7963f3/downloads/bundle?id=000000000000436", filename = "C:\Users\cofc_\AppData\Local\Temp\tmp2129.tmp\rjsec429.ZIP", message = "rjsec429")~~RJStevensMusicPresentationCreator.Program~0000002095
2024-12-14 21:51:29.1492~DEBUG~-> ExtractAllFromFile(zipFileName = "C:\Users\cofc_\AppData\Local\Temp\tmp2129.tmp\rjsec429.ZIP", decompressedFolder = "C:\Users\cofc_\AppData\Local\Temp\tmp2214.tmp", message = "rjsec429")~~RJStevensMusicPresentationCreator.Program~0000002096
2024-12-14 21:51:29.4222~DEBUG~extract completed~~RJStevensMusicPresentationCreator.Program~0000002097
2024-12-14 21:51:29.4222~DEBUG~<- ExtractAllFromFile(zipFileName = "C:\Users\cofc_\AppData\Local\Temp\tmp2129.tmp\rjsec429.ZIP", decompressedFolder = "C:\Users\cofc_\AppData\Local\Temp\tmp2214.tmp", message = "rjsec429")~~RJStevensMusicPresentationCreator.Program~0000002098
2024-12-14 21:51:29.4972~DEBUG~-> DownloadFile(url = "https://faas-nyc1-2ef2e6cc.doserverless.co/api/v1/web/fn-dd7f8f6a-d32a-4f5e-ae7b-870dfb7963f3/downloads/bundle?id=000000000000437", filename = "C:\Users\cofc_\AppData\Local\Temp\tmp236D.tmp\rjsec430.ZIP", message = "rjsec430")~~RJStevensMusicPresentationCreator.Program~0000002099
2024-12-14 21:51:29.6832~DEBUG~download completed~~RJStevensMusicPresentationCreator.Program~0000002100
2024-12-14 21:51:29.6832~DEBUG~<- DownloadFile(url = "https://faas-nyc1-2ef2e6cc.doserverless.co/api/v1/web/fn-dd7f8f6a-d32a-4f5e-ae7b-870dfb7963f3/downloads/bundle?id=000000000000437", filename = "C:\Users\cofc_\AppData\Local\Temp\tmp236D.tmp\rjsec430.ZIP", message = "rjsec430")~~RJStevensMusicPresentationCreator.Program~0000002101
2024-12-14 21:51:29.7002~DEBUG~-> ExtractAllFromFile(zipFileName = "C:\Users\cofc_\AppData\Local\Temp\tmp236D.tmp\rjsec430.ZIP", decompressedFolder = "C:\Users\cofc_\AppData\Local\Temp\tmp2439.tmp", message = "rjsec430")~~RJStevensMusicPresentationCreator.Program~0000002102
2024-12-14 21:51:29.9183~DEBUG~extract completed~~RJStevensMusicPresentationCreator.Program~0000002103
2024-12-14 21:51:29.9183~DEBUG~<- ExtractAllFromFile(zipFileName = "C:\Users\cofc_\AppData\Local\Temp\tmp236D.tmp\rjsec430.ZIP", decompressedFolder = "C:\Users\cofc_\AppData\Local\Temp\tmp2439.tmp", message = "rjsec430")~~RJStevensMusicPresentationCreator.Program~0000002104
2024-12-14 21:51:29.9893~DEBUG~-> DownloadFile(url = "https://faas-nyc1-2ef2e6cc.doserverless.co/api/v1/web/fn-dd7f8f6a-d32a-4f5e-ae7b-870dfb7963f3/downloads/bundle?id=000000000000438", filename = "C:\Users\cofc_\AppData\Local\Temp\tmp2563.tmp\rjsec431.ZIP", message = "rjsec431")~~RJStevensMusicPresentationCreator.Program~0000002105
2024-12-14 21:51:30.2573~DEBUG~download completed~~RJStevensMusicPresentationCreator.Program~0000002106
2024-12-14 21:51:30.2573~DEBUG~<- DownloadFile(url = "https://faas-nyc1-2ef2e6cc.doserverless.co/api/v1/web/fn-dd7f8f6a-d32a-4f5e-ae7b-870dfb7963f3/downloads/bundle?id=000000000000438", filename = "C:\Users\cofc_\AppData\Local\Temp\tmp2563.tmp\rjsec431.ZIP", message = "rjsec431")~~RJStevensMusicPresentationCreator.Program~0000002107
2024-12-14 21:51:30.2743~DEBUG~-> ExtractAllFromFile(zipFileName = "C:\Users\cofc_\AppData\Local\Temp\tmp2563.tmp\rjsec431.ZIP", decompressedFolder = "C:\Users\cofc_\AppData\Local\Temp\tmp267D.tmp", message = "rjsec431")~~RJStevensMusicPresentationCreator.Program~0000002108
2024-12-14 21:51:30.5843~DEBUG~extract completed~~RJStevensMusicPresentationCreator.Program~0000002109
2024-12-14 21:51:30.5843~DEBUG~<- ExtractAllFromFile(zipFileName = "C:\Users\cofc_\AppData\Local\Temp\tmp2563.tmp\rjsec431.ZIP", decompressedFolder = "C:\Users\cofc_\AppData\Local\Temp\tmp267D.tmp", message = "rjsec431")~~RJStevensMusicPresentationCreator.Program~0000002110
2024-12-14 21:51:30.6673~DEBUG~-> DownloadFile(url = "https://faas-nyc1-2ef2e6cc.doserverless.co/api/v1/web/fn-dd7f8f6a-d32a-4f5e-ae7b-870dfb7963f3/downloads/bundle?id=000000000000439", filename = "C:\Users\cofc_\AppData\Local\Temp\tmp2805.tmp\rjsec432.ZIP", message = "rjsec432")~~RJStevensMusicPresentationCreator.Program~0000002111
2024-12-14 21:51:30.8593~DEBUG~download completed~~RJStevensMusicPresentationCreator.Program~0000002112
2024-12-14 21:51:30.8603~DEBUG~<- DownloadFile(url = "https://faas-nyc1-2ef2e6cc.doserverless.co/api/v1/web/fn-dd7f8f6a-d32a-4f5e-ae7b-870dfb7963f3/downloads/bundle?id=000000000000439", filename = "C:\Users\cofc_\AppData\Local\Temp\tmp2805.tmp\rjsec432.ZIP", message = "rjsec432")~~RJStevensMusicPresentationCreator.Program~0000002113
2024-12-14 21:51:30.8603~DEBUG~-> ExtractAllFromFile(zipFileName = "C:\Users\cofc_\AppData\Local\Temp\tmp2805.tmp\rjsec432.ZIP", decompressedFolder = "C:\Users\cofc_\AppData\Local\Temp\tmp28D1.tmp", message = "rjsec432")~~RJStevensMusicPresentationCreator.Program~0000002114
2024-12-14 21:51:31.0963~DEBUG~extract completed~~RJStevensMusicPresentationCreator.Program~0000002115
2024-12-14 21:51:31.0963~DEBUG~<- ExtractAllFromFile(zipFileName = "C:\Users\cofc_\AppData\Local\Temp\tmp2805.tmp\rjsec432.ZIP", decompressedFolder = "C:\Users\cofc_\AppData\Local\Temp\tmp28D1.tmp", message = "rjsec432")~~RJStevensMusicPresentationCreator.Program~0000002116
2024-12-14 21:51:31.1644~DEBUG~-> DownloadFile(url = "https://faas-nyc1-2ef2e6cc.doserverless.co/api/v1/web/fn-dd7f8f6a-d32a-4f5e-ae7b-870dfb7963f3/downloads/bundle?id=000000000000440", filename = "C:\Users\cofc_\AppData\Local\Temp\tmp29FB.tmp\rjsec433.ZIP", message = "rjsec433")~~RJStevensMusicPresentationCreator.Program~0000002117
2024-12-14 21:51:31.3564~DEBUG~download completed~~RJStevensMusicPresentationCreator.Program~0000002118
2024-12-14 21:51:31.3564~DEBUG~<- DownloadFile(url = "https://faas-nyc1-2ef2e6cc.doserverless.co/api/v1/web/fn-dd7f8f6a-d32a-4f5e-ae7b-870dfb7963f3/downloads/bundle?id=000000000000440", filename = "C:\Users\cofc_\AppData\Local\Temp\tmp29FB.tmp\rjsec433.ZIP", message = "rjsec433")~~RJStevensMusicPresentationCreator.Program~0000002119
2024-12-14 21:51:31.3724~DEBUG~-> ExtractAllFromFile(zipFileName = "C:\Users\cofc_\AppData\Local\Temp\tmp29FB.tmp\rjsec433.ZIP", decompressedFolder = "C:\Users\cofc_\AppData\Local\Temp\tmp2AC7.tmp", message = "rjsec433")~~RJStevensMusicPresentationCreator.Program~0000002120
2024-12-14 21:51:31.6124~DEBUG~extract completed~~RJStevensMusicPresentationCreator.Program~0000002121
2024-12-14 21:51:31.6124~DEBUG~<- ExtractAllFromFile(zipFileName = "C:\Users\cofc_\AppData\Local\Temp\tmp29FB.tmp\rjsec433.ZIP", decompressedFolder = "C:\Users\cofc_\AppData\Local\Temp\tmp2AC7.tmp", message = "rjsec433")~~RJStevensMusicPresentationCreator.Program~0000002122
2024-12-14 21:51:31.6904~DEBUG~-> DownloadFile(url = "https://faas-nyc1-2ef2e6cc.doserverless.co/api/v1/web/fn-dd7f8f6a-d32a-4f5e-ae7b-870dfb7963f3/downloads/bundle?id=000000000000441", filename = "C:\Users\cofc_\AppData\Local\Temp\tmp2C10.tmp\rjsec434.ZIP", message = "rjsec434")~~RJStevensMusicPresentationCreator.Program~0000002123
2024-12-14 21:51:31.9014~DEBUG~download completed~~RJStevensMusicPresentationCreator.Program~0000002124
2024-12-14 21:51:31.9014~DEBUG~<- DownloadFile(url = "https://faas-nyc1-2ef2e6cc.doserverless.co/api/v1/web/fn-dd7f8f6a-d32a-4f5e-ae7b-870dfb7963f3/downloads/bundle?id=000000000000441", filename = "C:\Users\cofc_\AppData\Local\Temp\tmp2C10.tmp\rjsec434.ZIP", message = "rjsec434")~~RJStevensMusicPresentationCreator.Program~0000002125
2024-12-14 21:51:31.9164~DEBUG~-> ExtractAllFromFile(zipFileName = "C:\Users\cofc_\AppData\Local\Temp\tmp2C10.tmp\rjsec434.ZIP", decompressedFolder = "C:\Users\cofc_\AppData\Local\Temp\tmp2CEC.tmp", message = "rjsec434")~~RJStevensMusicPresentationCreator.Program~0000002126
2024-12-14 21:51:32.1704~DEBUG~extract completed~~RJStevensMusicPresentationCreator.Program~0000002127
2024-12-14 21:51:32.1734~DEBUG~<- ExtractAllFromFile(zipFileName = "C:\Users\cofc_\AppData\Local\Temp\tmp2C10.tmp\rjsec434.ZIP", decompressedFolder = "C:\Users\cofc_\AppData\Local\Temp\tmp2CEC.tmp", message = "rjsec434")~~RJStevensMusicPresentationCreator.Program~0000002128
2024-12-14 21:51:32.2434~DEBUG~-> DownloadFile(url = "https://faas-nyc1-2ef2e6cc.doserverless.co/api/v1/web/fn-dd7f8f6a-d32a-4f5e-ae7b-870dfb7963f3/downloads/bundle?id=000000000000442", filename = "C:\Users\cofc_\AppData\Local\Temp\tmp2E35.tmp\rjsec435.ZIP", message = "rjsec435")~~RJStevensMusicPresentationCreator.Program~0000002129
2024-12-14 21:51:32.4384~DEBUG~download completed~~RJStevensMusicPresentationCreator.Program~0000002130
2024-12-14 21:51:32.4384~DEBUG~<- DownloadFile(url = "https://faas-nyc1-2ef2e6cc.doserverless.co/api/v1/web/fn-dd7f8f6a-d32a-4f5e-ae7b-870dfb7963f3/downloads/bundle?id=000000000000442", filename = "C:\Users\cofc_\AppData\Local\Temp\tmp2E35.tmp\rjsec435.ZIP", message = "rjsec435")~~RJStevensMusicPresentationCreator.Program~0000002131
2024-12-14 21:51:32.4554~DEBUG~-> ExtractAllFromFile(zipFileName = "C:\Users\cofc_\AppData\Local\Temp\tmp2E35.tmp\rjsec435.ZIP", decompressedFolder = "C:\Users\cofc_\AppData\Local\Temp\tmp2F11.tmp", message = "rjsec435")~~RJStevensMusicPresentationCreator.Program~0000002132
2024-12-14 21:51:32.6765~DEBUG~extract completed~~RJStevensMusicPresentationCreator.Program~0000002133
2024-12-14 21:51:32.6765~DEBUG~<- ExtractAllFromFile(zipFileName = "C:\Users\cofc_\AppData\Local\Temp\tmp2E35.tmp\rjsec435.ZIP", decompressedFolder = "C:\Users\cofc_\AppData\Local\Temp\tmp2F11.tmp", message = "rjsec435")~~RJStevensMusicPresentationCreator.Program~0000002134
2024-12-14 21:51:32.7465~DEBUG~-> DownloadFile(url = "https://faas-nyc1-2ef2e6cc.doserverless.co/api/v1/web/fn-dd7f8f6a-d32a-4f5e-ae7b-870dfb7963f3/downloads/bundle?id=000000000000446", filename = "C:\Users\cofc_\AppData\Local\Temp\tmp302B.tmp\rjsec439.ZIP", message = "rjsec439")~~RJStevensMusicPresentationCreator.Program~0000002135
2024-12-14 21:51:32.9385~DEBUG~download completed~~RJStevensMusicPresentationCreator.Program~0000002136
2024-12-14 21:51:32.9385~DEBUG~<- DownloadFile(url = "https://faas-nyc1-2ef2e6cc.doserverless.co/api/v1/web/fn-dd7f8f6a-d32a-4f5e-ae7b-870dfb7963f3/downloads/bundle?id=000000000000446", filename = "C:\Users\cofc_\AppData\Local\Temp\tmp302B.tmp\rjsec439.ZIP", message = "rjsec439")~~RJStevensMusicPresentationCreator.Program~0000002137
2024-12-14 21:51:32.9535~DEBUG~-> ExtractAllFromFile(zipFileName = "C:\Users\cofc_\AppData\Local\Temp\tmp302B.tmp\rjsec439.ZIP", decompressedFolder = "C:\Users\cofc_\AppData\Local\Temp\tmp30F7.tmp", message = "rjsec439")~~RJStevensMusicPresentationCreator.Program~0000002138
2024-12-14 21:51:33.1615~DEBUG~extract completed~~RJStevensMusicPresentationCreator.Program~0000002139
2024-12-14 21:51:33.1615~DEBUG~<- ExtractAllFromFile(zipFileName = "C:\Users\cofc_\AppData\Local\Temp\tmp302B.tmp\rjsec439.ZIP", decompressedFolder = "C:\Users\cofc_\AppData\Local\Temp\tmp30F7.tmp", message = "rjsec439")~~RJStevensMusicPresentationCreator.Program~0000002140
2024-12-14 21:51:33.2275~DEBUG~-> DownloadFile(url = "https://faas-nyc1-2ef2e6cc.doserverless.co/api/v1/web/fn-dd7f8f6a-d32a-4f5e-ae7b-870dfb7963f3/downloads/bundle?id=000000000000447", filename = "C:\Users\cofc_\AppData\Local\Temp\tmp3212.tmp\rjsec440.ZIP", message = "rjsec440")~~RJStevensMusicPresentationCreator.Program~0000002141
2024-12-14 21:51:33.4605~DEBUG~download completed~~RJStevensMusicPresentationCreator.Program~0000002142
2024-12-14 21:51:33.4605~DEBUG~<- DownloadFile(url = "https://faas-nyc1-2ef2e6cc.doserverless.co/api/v1/web/fn-dd7f8f6a-d32a-4f5e-ae7b-870dfb7963f3/downloads/bundle?id=000000000000447", filename = "C:\Users\cofc_\AppData\Local\Temp\tmp3212.tmp\rjsec440.ZIP", message = "rjsec440")~~RJStevensMusicPresentationCreator.Program~0000002143
2024-12-14 21:51:33.4765~DEBUG~-> ExtractAllFromFile(zipFileName = "C:\Users\cofc_\AppData\Local\Temp\tmp3212.tmp\rjsec440.ZIP", decompressedFolder = "C:\Users\cofc_\AppData\Local\Temp\tmp330D.tmp", message = "rjsec440")~~RJStevensMusicPresentationCreator.Program~0000002144
2024-12-14 21:51:33.6995~DEBUG~extract completed~~RJStevensMusicPresentationCreator.Program~0000002145
2024-12-14 21:51:33.6995~DEBUG~<- ExtractAllFromFile(zipFileName = "C:\Users\cofc_\AppData\Local\Temp\tmp3212.tmp\rjsec440.ZIP", decompressedFolder = "C:\Users\cofc_\AppData\Local\Temp\tmp330D.tmp", message = "rjsec440")~~RJStevensMusicPresentationCreator.Program~0000002146
2024-12-14 21:51:33.7685~DEBUG~-> DownloadFile(url = "https://faas-nyc1-2ef2e6cc.doserverless.co/api/v1/web/fn-dd7f8f6a-d32a-4f5e-ae7b-870dfb7963f3/downloads/bundle?id=000000000000448", filename = "C:\Users\cofc_\AppData\Local\Temp\tmp3436.tmp\rjsec441.ZIP", message = "rjsec441")~~RJStevensMusicPresentationCreator.Program~0000002147
2024-12-14 21:51:33.9566~DEBUG~download completed~~RJStevensMusicPresentationCreator.Program~0000002148
2024-12-14 21:51:33.9566~DEBUG~<- DownloadFile(url = "https://faas-nyc1-2ef2e6cc.doserverless.co/api/v1/web/fn-dd7f8f6a-d32a-4f5e-ae7b-870dfb7963f3/downloads/bundle?id=000000000000448", filename = "C:\Users\cofc_\AppData\Local\Temp\tmp3436.tmp\rjsec441.ZIP", message = "rjsec441")~~RJStevensMusicPresentationCreator.Program~0000002149
2024-12-14 21:51:33.9736~DEBUG~-> ExtractAllFromFile(zipFileName = "C:\Users\cofc_\AppData\Local\Temp\tmp3436.tmp\rjsec441.ZIP", decompressedFolder = "C:\Users\cofc_\AppData\Local\Temp\tmp3503.tmp", message = "rjsec441")~~RJStevensMusicPresentationCreator.Program~0000002150
2024-12-14 21:51:34.1896~DEBUG~extract completed~~RJStevensMusicPresentationCreator.Program~0000002151
2024-12-14 21:51:34.1896~DEBUG~<- ExtractAllFromFile(zipFileName = "C:\Users\cofc_\AppData\Local\Temp\tmp3436.tmp\rjsec441.ZIP", decompressedFolder = "C:\Users\cofc_\AppData\Local\Temp\tmp3503.tmp", message = "rjsec441")~~RJStevensMusicPresentationCreator.Program~0000002152
2024-12-14 21:51:34.2536~DEBUG~-> DownloadFile(url = "https://faas-nyc1-2ef2e6cc.doserverless.co/api/v1/web/fn-dd7f8f6a-d32a-4f5e-ae7b-870dfb7963f3/downloads/bundle?id=000000000000449", filename = "C:\Users\cofc_\AppData\Local\Temp\tmp361D.tmp\rjsec442.ZIP", message = "rjsec442")~~RJStevensMusicPresentationCreator.Program~0000002153
2024-12-14 21:51:34.4716~DEBUG~download completed~~RJStevensMusicPresentationCreator.Program~0000002154
2024-12-14 21:51:34.4716~DEBUG~<- DownloadFile(url = "https://faas-nyc1-2ef2e6cc.doserverless.co/api/v1/web/fn-dd7f8f6a-d32a-4f5e-ae7b-870dfb7963f3/downloads/bundle?id=000000000000449", filename = "C:\Users\cofc_\AppData\Local\Temp\tmp361D.tmp\rjsec442.ZIP", message = "rjsec442")~~RJStevensMusicPresentationCreator.Program~0000002155
2024-12-14 21:51:34.4876~DEBUG~-> ExtractAllFromFile(zipFileName = "C:\Users\cofc_\AppData\Local\Temp\tmp361D.tmp\rjsec442.ZIP", decompressedFolder = "C:\Users\cofc_\AppData\Local\Temp\tmp3708.tmp", message = "rjsec442")~~RJStevensMusicPresentationCreator.Program~0000002156
2024-12-14 21:51:34.7586~DEBUG~extract completed~~RJStevensMusicPresentationCreator.Program~0000002157
2024-12-14 21:51:34.7586~DEBUG~<- ExtractAllFromFile(zipFileName = "C:\Users\cofc_\AppData\Local\Temp\tmp361D.tmp\rjsec442.ZIP", decompressedFolder = "C:\Users\cofc_\AppData\Local\Temp\tmp3708.tmp", message = "rjsec442")~~RJStevensMusicPresentationCreator.Program~0000002158
2024-12-14 21:51:34.8346~DEBUG~-> DownloadFile(url = "https://faas-nyc1-2ef2e6cc.doserverless.co/api/v1/web/fn-dd7f8f6a-d32a-4f5e-ae7b-870dfb7963f3/downloads/bundle?id=000000000000450", filename = "C:\Users\cofc_\AppData\Local\Temp\tmp3861.tmp\rjsec443.ZIP", message = "rjsec443")~~RJStevensMusicPresentationCreator.Program~0000002159
2024-12-14 21:51:35.0586~DEBUG~download completed~~RJStevensMusicPresentationCreator.Program~0000002160
2024-12-14 21:51:35.0586~DEBUG~<- DownloadFile(url = "https://faas-nyc1-2ef2e6cc.doserverless.co/api/v1/web/fn-dd7f8f6a-d32a-4f5e-ae7b-870dfb7963f3/downloads/bundle?id=000000000000450", filename = "C:\Users\cofc_\AppData\Local\Temp\tmp3861.tmp\rjsec443.ZIP", message = "rjsec443")~~RJStevensMusicPresentationCreator.Program~0000002161
2024-12-14 21:51:35.0746~DEBUG~-> ExtractAllFromFile(zipFileName = "C:\Users\cofc_\AppData\Local\Temp\tmp3861.tmp\rjsec443.ZIP", decompressedFolder = "C:\Users\cofc_\AppData\Local\Temp\tmp394C.tmp", message = "rjsec443")~~RJStevensMusicPresentationCreator.Program~0000002162
2024-12-14 21:51:35.4097~DEBUG~extract completed~~RJStevensMusicPresentationCreator.Program~0000002163
2024-12-14 21:51:35.4097~DEBUG~<- ExtractAllFromFile(zipFileName = "C:\Users\cofc_\AppData\Local\Temp\tmp3861.tmp\rjsec443.ZIP", decompressedFolder = "C:\Users\cofc_\AppData\Local\Temp\tmp394C.tmp", message = "rjsec443")~~RJStevensMusicPresentationCreator.Program~0000002164
2024-12-14 21:51:35.4927~DEBUG~-> DownloadFile(url = "https://faas-nyc1-2ef2e6cc.doserverless.co/api/v1/web/fn-dd7f8f6a-d32a-4f5e-ae7b-870dfb7963f3/downloads/bundle?id=000000000000452", filename = "C:\Users\cofc_\AppData\Local\Temp\tmp3AF3.tmp\rjsec445.ZIP", message = "rjsec445")~~RJStevensMusicPresentationCreator.Program~0000002165
2024-12-14 21:51:35.7297~DEBUG~download completed~~RJStevensMusicPresentationCreator.Program~0000002166
2024-12-14 21:51:35.7297~DEBUG~<- DownloadFile(url = "https://faas-nyc1-2ef2e6cc.doserverless.co/api/v1/web/fn-dd7f8f6a-d32a-4f5e-ae7b-870dfb7963f3/downloads/bundle?id=000000000000452", filename = "C:\Users\cofc_\AppData\Local\Temp\tmp3AF3.tmp\rjsec445.ZIP", message = "rjsec445")~~RJStevensMusicPresentationCreator.Program~0000002167
2024-12-14 21:51:35.7457~DEBUG~-> ExtractAllFromFile(zipFileName = "C:\Users\cofc_\AppData\Local\Temp\tmp3AF3.tmp\rjsec445.ZIP", decompressedFolder = "C:\Users\cofc_\AppData\Local\Temp\tmp3BEE.tmp", message = "rjsec445")~~RJStevensMusicPresentationCreator.Program~0000002168
2024-12-14 21:51:36.0207~DEBUG~extract completed~~RJStevensMusicPresentationCreator.Program~0000002169
2024-12-14 21:51:36.0207~DEBUG~<- ExtractAllFromFile(zipFileName = "C:\Users\cofc_\AppData\Local\Temp\tmp3AF3.tmp\rjsec445.ZIP", decompressedFolder = "C:\Users\cofc_\AppData\Local\Temp\tmp3BEE.tmp", message = "rjsec445")~~RJStevensMusicPresentationCreator.Program~0000002170
2024-12-14 21:51:36.0987~DEBUG~-> DownloadFile(url = "https://faas-nyc1-2ef2e6cc.doserverless.co/api/v1/web/fn-dd7f8f6a-d32a-4f5e-ae7b-870dfb7963f3/downloads/bundle?id=000000000000454", filename = "C:\Users\cofc_\AppData\Local\Temp\tmp3D57.tmp\rjsec447.ZIP", message = "rjsec447")~~RJStevensMusicPresentationCreator.Program~0000002171
2024-12-14 21:51:36.3107~DEBUG~download completed~~RJStevensMusicPresentationCreator.Program~0000002172
2024-12-14 21:51:36.3107~DEBUG~<- DownloadFile(url = "https://faas-nyc1-2ef2e6cc.doserverless.co/api/v1/web/fn-dd7f8f6a-d32a-4f5e-ae7b-870dfb7963f3/downloads/bundle?id=000000000000454", filename = "C:\Users\cofc_\AppData\Local\Temp\tmp3D57.tmp\rjsec447.ZIP", message = "rjsec447")~~RJStevensMusicPresentationCreator.Program~0000002173
2024-12-14 21:51:36.3267~DEBUG~-> ExtractAllFromFile(zipFileName = "C:\Users\cofc_\AppData\Local\Temp\tmp3D57.tmp\rjsec447.ZIP", decompressedFolder = "C:\Users\cofc_\AppData\Local\Temp\tmp3E32.tmp", message = "rjsec447")~~RJStevensMusicPresentationCreator.Program~0000002174
2024-12-14 21:51:36.5447~DEBUG~extract completed~~RJStevensMusicPresentationCreator.Program~0000002175
2024-12-14 21:51:36.5508~DEBUG~<- ExtractAllFromFile(zipFileName = "C:\Users\cofc_\AppData\Local\Temp\tmp3D57.tmp\rjsec447.ZIP", decompressedFolder = "C:\Users\cofc_\AppData\Local\Temp\tmp3E32.tmp", message = "rjsec447")~~RJStevensMusicPresentationCreator.Program~0000002176
2024-12-14 21:51:36.6128~DEBUG~-> DownloadFile(url = "https://faas-nyc1-2ef2e6cc.doserverless.co/api/v1/web/fn-dd7f8f6a-d32a-4f5e-ae7b-870dfb7963f3/downloads/bundle?id=000000000000458", filename = "C:\Users\cofc_\AppData\Local\Temp\tmp3F5C.tmp\rjsec451.ZIP", message = "rjsec451")~~RJStevensMusicPresentationCreator.Program~0000002177
2024-12-14 21:51:36.8448~DEBUG~download completed~~RJStevensMusicPresentationCreator.Program~0000002178
2024-12-14 21:51:36.8448~DEBUG~<- DownloadFile(url = "https://faas-nyc1-2ef2e6cc.doserverless.co/api/v1/web/fn-dd7f8f6a-d32a-4f5e-ae7b-870dfb7963f3/downloads/bundle?id=000000000000458", filename = "C:\Users\cofc_\AppData\Local\Temp\tmp3F5C.tmp\rjsec451.ZIP", message = "rjsec451")~~RJStevensMusicPresentationCreator.Program~0000002179
2024-12-14 21:51:36.8608~DEBUG~-> ExtractAllFromFile(zipFileName = "C:\Users\cofc_\AppData\Local\Temp\tmp3F5C.tmp\rjsec451.ZIP", decompressedFolder = "C:\Users\cofc_\AppData\Local\Temp\tmp4057.tmp", message = "rjsec451")~~RJStevensMusicPresentationCreator.Program~0000002180
2024-12-14 21:51:37.1738~DEBUG~extract completed~~RJStevensMusicPresentationCreator.Program~0000002181
2024-12-14 21:51:37.1738~DEBUG~<- ExtractAllFromFile(zipFileName = "C:\Users\cofc_\AppData\Local\Temp\tmp3F5C.tmp\rjsec451.ZIP", decompressedFolder = "C:\Users\cofc_\AppData\Local\Temp\tmp4057.tmp", message = "rjsec451")~~RJStevensMusicPresentationCreator.Program~0000002182
2024-12-14 21:51:37.2548~DEBUG~-> DownloadFile(url = "https://faas-nyc1-2ef2e6cc.doserverless.co/api/v1/web/fn-dd7f8f6a-d32a-4f5e-ae7b-870dfb7963f3/downloads/bundle?id=000000000000459", filename = "C:\Users\cofc_\AppData\Local\Temp\tmp41DF.tmp\rjsec452.ZIP", message = "rjsec452")~~RJStevensMusicPresentationCreator.Program~0000002183
2024-12-14 21:51:37.5098~DEBUG~download completed~~RJStevensMusicPresentationCreator.Program~0000002184
2024-12-14 21:51:37.5098~DEBUG~<- DownloadFile(url = "https://faas-nyc1-2ef2e6cc.doserverless.co/api/v1/web/fn-dd7f8f6a-d32a-4f5e-ae7b-870dfb7963f3/downloads/bundle?id=000000000000459", filename = "C:\Users\cofc_\AppData\Local\Temp\tmp41DF.tmp\rjsec452.ZIP", message = "rjsec452")~~RJStevensMusicPresentationCreator.Program~0000002185
2024-12-14 21:51:37.5268~DEBUG~-> ExtractAllFromFile(zipFileName = "C:\Users\cofc_\AppData\Local\Temp\tmp41DF.tmp\rjsec452.ZIP", decompressedFolder = "C:\Users\cofc_\AppData\Local\Temp\tmp42E9.tmp", message = "rjsec452")~~RJStevensMusicPresentationCreator.Program~0000002186
2024-12-14 21:51:37.7558~DEBUG~extract completed~~RJStevensMusicPresentationCreator.Program~0000002187
2024-12-14 21:51:37.7558~DEBUG~<- ExtractAllFromFile(zipFileName = "C:\Users\cofc_\AppData\Local\Temp\tmp41DF.tmp\rjsec452.ZIP", decompressedFolder = "C:\Users\cofc_\AppData\Local\Temp\tmp42E9.tmp", message = "rjsec452")~~RJStevensMusicPresentationCreator.Program~0000002188
2024-12-14 21:51:37.8208~DEBUG~-> DownloadFile(url = "https://faas-nyc1-2ef2e6cc.doserverless.co/api/v1/web/fn-dd7f8f6a-d32a-4f5e-ae7b-870dfb7963f3/downloads/bundle?id=000000000000460", filename = "C:\Users\cofc_\AppData\Local\Temp\tmp4413.tmp\rjsec453.ZIP", message = "rjsec453")~~RJStevensMusicPresentationCreator.Program~0000002189
2024-12-14 21:51:38.0239~DEBUG~download completed~~RJStevensMusicPresentationCreator.Program~0000002190
2024-12-14 21:51:38.0239~DEBUG~<- DownloadFile(url = "https://faas-nyc1-2ef2e6cc.doserverless.co/api/v1/web/fn-dd7f8f6a-d32a-4f5e-ae7b-870dfb7963f3/downloads/bundle?id=000000000000460", filename = "C:\Users\cofc_\AppData\Local\Temp\tmp4413.tmp\rjsec453.ZIP", message = "rjsec453")~~RJStevensMusicPresentationCreator.Program~0000002191
2024-12-14 21:51:38.0389~DEBUG~-> ExtractAllFromFile(zipFileName = "C:\Users\cofc_\AppData\Local\Temp\tmp4413.tmp\rjsec453.ZIP", decompressedFolder = "C:\Users\cofc_\AppData\Local\Temp\tmp44EF.tmp", message = "rjsec453")~~RJStevensMusicPresentationCreator.Program~0000002192
2024-12-14 21:51:38.4429~DEBUG~extract completed~~RJStevensMusicPresentationCreator.Program~0000002193
2024-12-14 21:51:38.4429~DEBUG~<- ExtractAllFromFile(zipFileName = "C:\Users\cofc_\AppData\Local\Temp\tmp4413.tmp\rjsec453.ZIP", decompressedFolder = "C:\Users\cofc_\AppData\Local\Temp\tmp44EF.tmp", message = "rjsec453")~~RJStevensMusicPresentationCreator.Program~0000002194
2024-12-14 21:51:38.5339~DEBUG~-> DownloadFile(url = "https://faas-nyc1-2ef2e6cc.doserverless.co/api/v1/web/fn-dd7f8f6a-d32a-4f5e-ae7b-870dfb7963f3/downloads/bundle?id=000000000000462", filename = "C:\Users\cofc_\AppData\Local\Temp\tmp46E4.tmp\rjsec455.ZIP", message = "rjsec455")~~RJStevensMusicPresentationCreator.Program~0000002195
2024-12-14 21:51:38.7709~DEBUG~download completed~~RJStevensMusicPresentationCreator.Program~0000002196
2024-12-14 21:51:38.7709~DEBUG~<- DownloadFile(url = "https://faas-nyc1-2ef2e6cc.doserverless.co/api/v1/web/fn-dd7f8f6a-d32a-4f5e-ae7b-870dfb7963f3/downloads/bundle?id=000000000000462", filename = "C:\Users\cofc_\AppData\Local\Temp\tmp46E4.tmp\rjsec455.ZIP", message = "rjsec455")~~RJStevensMusicPresentationCreator.Program~0000002197
2024-12-14 21:51:38.7919~DEBUG~-> ExtractAllFromFile(zipFileName = "C:\Users\cofc_\AppData\Local\Temp\tmp46E4.tmp\rjsec455.ZIP", decompressedFolder = "C:\Users\cofc_\AppData\Local\Temp\tmp47DF.tmp", message = "rjsec455")~~RJStevensMusicPresentationCreator.Program~0000002198
2024-12-14 21:51:39.1819~DEBUG~extract completed~~RJStevensMusicPresentationCreator.Program~0000002199
2024-12-14 21:51:39.1819~DEBUG~<- ExtractAllFromFile(zipFileName = "C:\Users\cofc_\AppData\Local\Temp\tmp46E4.tmp\rjsec455.ZIP", decompressedFolder = "C:\Users\cofc_\AppData\Local\Temp\tmp47DF.tmp", message = "rjsec455")~~RJStevensMusicPresentationCreator.Program~0000002200
2024-12-14 21:51:39.2500~DEBUG~-> DownloadFile(url = "https://faas-nyc1-2ef2e6cc.doserverless.co/api/v1/web/fn-dd7f8f6a-d32a-4f5e-ae7b-870dfb7963f3/downloads/bundle?id=000000000000464", filename = "C:\Users\cofc_\AppData\Local\Temp\tmp49A5.tmp\rjsec457.ZIP", message = "rjsec457")~~RJStevensMusicPresentationCreator.Program~0000002201
2024-12-14 21:51:39.4600~DEBUG~download completed~~RJStevensMusicPresentationCreator.Program~0000002202
2024-12-14 21:51:39.4600~DEBUG~<- DownloadFile(url = "https://faas-nyc1-2ef2e6cc.doserverless.co/api/v1/web/fn-dd7f8f6a-d32a-4f5e-ae7b-870dfb7963f3/downloads/bundle?id=000000000000464", filename = "C:\Users\cofc_\AppData\Local\Temp\tmp49A5.tmp\rjsec457.ZIP", message = "rjsec457")~~RJStevensMusicPresentationCreator.Program~0000002203
2024-12-14 21:51:39.4800~DEBUG~-> ExtractAllFromFile(zipFileName = "C:\Users\cofc_\AppData\Local\Temp\tmp49A5.tmp\rjsec457.ZIP", decompressedFolder = "C:\Users\cofc_\AppData\Local\Temp\tmp4A91.tmp", message = "rjsec457")~~RJStevensMusicPresentationCreator.Program~0000002204
2024-12-14 21:51:39.7070~DEBUG~extract completed~~RJStevensMusicPresentationCreator.Program~0000002205
2024-12-14 21:51:39.7070~DEBUG~<- ExtractAllFromFile(zipFileName = "C:\Users\cofc_\AppData\Local\Temp\tmp49A5.tmp\rjsec457.ZIP", decompressedFolder = "C:\Users\cofc_\AppData\Local\Temp\tmp4A91.tmp", message = "rjsec457")~~RJStevensMusicPresentationCreator.Program~0000002206
2024-12-14 21:51:39.7760~DEBUG~-> DownloadFile(url = "https://faas-nyc1-2ef2e6cc.doserverless.co/api/v1/web/fn-dd7f8f6a-d32a-4f5e-ae7b-870dfb7963f3/downloads/bundle?id=000000000000465", filename = "C:\Users\cofc_\AppData\Local\Temp\tmp4BBA.tmp\rjsec458.ZIP", message = "rjsec458")~~RJStevensMusicPresentationCreator.Program~0000002207
2024-12-14 21:51:39.9830~DEBUG~download completed~~RJStevensMusicPresentationCreator.Program~0000002208
2024-12-14 21:51:39.9830~DEBUG~<- DownloadFile(url = "https://faas-nyc1-2ef2e6cc.doserverless.co/api/v1/web/fn-dd7f8f6a-d32a-4f5e-ae7b-870dfb7963f3/downloads/bundle?id=000000000000465", filename = "C:\Users\cofc_\AppData\Local\Temp\tmp4BBA.tmp\rjsec458.ZIP", message = "rjsec458")~~RJStevensMusicPresentationCreator.Program~0000002209
2024-12-14 21:51:39.9970~DEBUG~-> ExtractAllFromFile(zipFileName = "C:\Users\cofc_\AppData\Local\Temp\tmp4BBA.tmp\rjsec458.ZIP", decompressedFolder = "C:\Users\cofc_\AppData\Local\Temp\tmp4C96.tmp", message = "rjsec458")~~RJStevensMusicPresentationCreator.Program~0000002210
2024-12-14 21:51:40.2190~DEBUG~extract completed~~RJStevensMusicPresentationCreator.Program~0000002211
2024-12-14 21:51:40.2240~DEBUG~<- ExtractAllFromFile(zipFileName = "C:\Users\cofc_\AppData\Local\Temp\tmp4BBA.tmp\rjsec458.ZIP", decompressedFolder = "C:\Users\cofc_\AppData\Local\Temp\tmp4C96.tmp", message = "rjsec458")~~RJStevensMusicPresentationCreator.Program~0000002212
2024-12-14 21:51:40.3200~DEBUG~-> DownloadFile(url = "https://faas-nyc1-2ef2e6cc.doserverless.co/api/v1/web/fn-dd7f8f6a-d32a-4f5e-ae7b-870dfb7963f3/downloads/bundle?id=000000000000467", filename = "C:\Users\cofc_\AppData\Local\Temp\tmp4DDF.tmp\rjsec460.ZIP", message = "rjsec460")~~RJStevensMusicPresentationCreator.Program~0000002213
2024-12-14 21:51:40.5400~DEBUG~download completed~~RJStevensMusicPresentationCreator.Program~0000002214
2024-12-14 21:51:40.5400~DEBUG~<- DownloadFile(url = "https://faas-nyc1-2ef2e6cc.doserverless.co/api/v1/web/fn-dd7f8f6a-d32a-4f5e-ae7b-870dfb7963f3/downloads/bundle?id=000000000000467", filename = "C:\Users\cofc_\AppData\Local\Temp\tmp4DDF.tmp\rjsec460.ZIP", message = "rjsec460")~~RJStevensMusicPresentationCreator.Program~0000002215
2024-12-14 21:51:40.5660~DEBUG~-> ExtractAllFromFile(zipFileName = "C:\Users\cofc_\AppData\Local\Temp\tmp4DDF.tmp\rjsec460.ZIP", decompressedFolder = "C:\Users\cofc_\AppData\Local\Temp\tmp4EDA.tmp", message = "rjsec460")~~RJStevensMusicPresentationCreator.Program~0000002216
2024-12-14 21:51:40.8111~DEBUG~extract completed~~RJStevensMusicPresentationCreator.Program~0000002217
2024-12-14 21:51:40.8141~DEBUG~<- ExtractAllFromFile(zipFileName = "C:\Users\cofc_\AppData\Local\Temp\tmp4DDF.tmp\rjsec460.ZIP", decompressedFolder = "C:\Users\cofc_\AppData\Local\Temp\tmp4EDA.tmp", message = "rjsec460")~~RJStevensMusicPresentationCreator.Program~0000002218
2024-12-14 21:51:40.8841~DEBUG~-> DownloadFile(url = "https://faas-nyc1-2ef2e6cc.doserverless.co/api/v1/web/fn-dd7f8f6a-d32a-4f5e-ae7b-870dfb7963f3/downloads/bundle?id=000000000000469", filename = "C:\Users\cofc_\AppData\Local\Temp\tmp5014.tmp\rjsec462.ZIP", message = "rjsec462")~~RJStevensMusicPresentationCreator.Program~0000002219
2024-12-14 21:51:41.4421~DEBUG~download completed~~RJStevensMusicPresentationCreator.Program~0000002220
2024-12-14 21:51:41.4421~DEBUG~<- DownloadFile(url = "https://faas-nyc1-2ef2e6cc.doserverless.co/api/v1/web/fn-dd7f8f6a-d32a-4f5e-ae7b-870dfb7963f3/downloads/bundle?id=000000000000469", filename = "C:\Users\cofc_\AppData\Local\Temp\tmp5014.tmp\rjsec462.ZIP", message = "rjsec462")~~RJStevensMusicPresentationCreator.Program~0000002221
2024-12-14 21:51:41.4621~DEBUG~-> ExtractAllFromFile(zipFileName = "C:\Users\cofc_\AppData\Local\Temp\tmp5014.tmp\rjsec462.ZIP", decompressedFolder = "C:\Users\cofc_\AppData\Local\Temp\tmp5257.tmp", message = "rjsec462")~~RJStevensMusicPresentationCreator.Program~0000002222
2024-12-14 21:51:41.7311~DEBUG~extract completed~~RJStevensMusicPresentationCreator.Program~0000002223
2024-12-14 21:51:41.7311~DEBUG~<- ExtractAllFromFile(zipFileName = "C:\Users\cofc_\AppData\Local\Temp\tmp5014.tmp\rjsec462.ZIP", decompressedFolder = "C:\Users\cofc_\AppData\Local\Temp\tmp5257.tmp", message = "rjsec462")~~RJStevensMusicPresentationCreator.Program~0000002224
2024-12-14 21:51:41.8051~DEBUG~-> DownloadFile(url = "https://faas-nyc1-2ef2e6cc.doserverless.co/api/v1/web/fn-dd7f8f6a-d32a-4f5e-ae7b-870dfb7963f3/downloads/bundle?id=000000000000470", filename = "C:\Users\cofc_\AppData\Local\Temp\tmp53B0.tmp\rjsec463.ZIP", message = "rjsec463")~~RJStevensMusicPresentationCreator.Program~0000002225
2024-12-14 21:51:42.0222~DEBUG~download completed~~RJStevensMusicPresentationCreator.Program~0000002226
2024-12-14 21:51:42.0222~DEBUG~<- DownloadFile(url = "https://faas-nyc1-2ef2e6cc.doserverless.co/api/v1/web/fn-dd7f8f6a-d32a-4f5e-ae7b-870dfb7963f3/downloads/bundle?id=000000000000470", filename = "C:\Users\cofc_\AppData\Local\Temp\tmp53B0.tmp\rjsec463.ZIP", message = "rjsec463")~~RJStevensMusicPresentationCreator.Program~0000002227
2024-12-14 21:51:42.0372~DEBUG~-> ExtractAllFromFile(zipFileName = "C:\Users\cofc_\AppData\Local\Temp\tmp53B0.tmp\rjsec463.ZIP", decompressedFolder = "C:\Users\cofc_\AppData\Local\Temp\tmp549B.tmp", message = "rjsec463")~~RJStevensMusicPresentationCreator.Program~0000002228
2024-12-14 21:51:42.2692~DEBUG~extract completed~~RJStevensMusicPresentationCreator.Program~0000002229
2024-12-14 21:51:42.2692~DEBUG~<- ExtractAllFromFile(zipFileName = "C:\Users\cofc_\AppData\Local\Temp\tmp53B0.tmp\rjsec463.ZIP", decompressedFolder = "C:\Users\cofc_\AppData\Local\Temp\tmp549B.tmp", message = "rjsec463")~~RJStevensMusicPresentationCreator.Program~0000002230
2024-12-14 21:51:42.3392~DEBUG~-> DownloadFile(url = "https://faas-nyc1-2ef2e6cc.doserverless.co/api/v1/web/fn-dd7f8f6a-d32a-4f5e-ae7b-870dfb7963f3/downloads/bundle?id=000000000000471", filename = "C:\Users\cofc_\AppData\Local\Temp\tmp55C5.tmp\rjsec464.ZIP", message = "rjsec464")~~RJStevensMusicPresentationCreator.Program~0000002231
2024-12-14 21:51:42.5472~DEBUG~download completed~~RJStevensMusicPresentationCreator.Program~0000002232
2024-12-14 21:51:42.5472~DEBUG~<- DownloadFile(url = "https://faas-nyc1-2ef2e6cc.doserverless.co/api/v1/web/fn-dd7f8f6a-d32a-4f5e-ae7b-870dfb7963f3/downloads/bundle?id=000000000000471", filename = "C:\Users\cofc_\AppData\Local\Temp\tmp55C5.tmp\rjsec464.ZIP", message = "rjsec464")~~RJStevensMusicPresentationCreator.Program~0000002233
2024-12-14 21:51:42.5612~DEBUG~-> ExtractAllFromFile(zipFileName = "C:\Users\cofc_\AppData\Local\Temp\tmp55C5.tmp\rjsec464.ZIP", decompressedFolder = "C:\Users\cofc_\AppData\Local\Temp\tmp56A1.tmp", message = "rjsec464")~~RJStevensMusicPresentationCreator.Program~0000002234
2024-12-14 21:51:42.7792~DEBUG~extract completed~~RJStevensMusicPresentationCreator.Program~0000002235
2024-12-14 21:51:42.7792~DEBUG~<- ExtractAllFromFile(zipFileName = "C:\Users\cofc_\AppData\Local\Temp\tmp55C5.tmp\rjsec464.ZIP", decompressedFolder = "C:\Users\cofc_\AppData\Local\Temp\tmp56A1.tmp", message = "rjsec464")~~RJStevensMusicPresentationCreator.Program~0000002236
2024-12-14 21:51:42.8502~DEBUG~-> DownloadFile(url = "https://faas-nyc1-2ef2e6cc.doserverless.co/api/v1/web/fn-dd7f8f6a-d32a-4f5e-ae7b-870dfb7963f3/downloads/bundle?id=000000000000473", filename = "C:\Users\cofc_\AppData\Local\Temp\tmp57CB.tmp\rjsec466.ZIP", message = "rjsec466")~~RJStevensMusicPresentationCreator.Program~0000002237
2024-12-14 21:51:43.0542~DEBUG~download completed~~RJStevensMusicPresentationCreator.Program~0000002238
2024-12-14 21:51:43.0542~DEBUG~<- DownloadFile(url = "https://faas-nyc1-2ef2e6cc.doserverless.co/api/v1/web/fn-dd7f8f6a-d32a-4f5e-ae7b-870dfb7963f3/downloads/bundle?id=000000000000473", filename = "C:\Users\cofc_\AppData\Local\Temp\tmp57CB.tmp\rjsec466.ZIP", message = "rjsec466")~~RJStevensMusicPresentationCreator.Program~0000002239
2024-12-14 21:51:43.0712~DEBUG~-> ExtractAllFromFile(zipFileName = "C:\Users\cofc_\AppData\Local\Temp\tmp57CB.tmp\rjsec466.ZIP", decompressedFolder = "C:\Users\cofc_\AppData\Local\Temp\tmp58A6.tmp", message = "rjsec466")~~RJStevensMusicPresentationCreator.Program~0000002240
2024-12-14 21:51:43.3122~DEBUG~extract completed~~RJStevensMusicPresentationCreator.Program~0000002241
2024-12-14 21:51:43.3162~DEBUG~<- ExtractAllFromFile(zipFileName = "C:\Users\cofc_\AppData\Local\Temp\tmp57CB.tmp\rjsec466.ZIP", decompressedFolder = "C:\Users\cofc_\AppData\Local\Temp\tmp58A6.tmp", message = "rjsec466")~~RJStevensMusicPresentationCreator.Program~0000002242
2024-12-14 21:51:43.3823~DEBUG~-> DownloadFile(url = "https://faas-nyc1-2ef2e6cc.doserverless.co/api/v1/web/fn-dd7f8f6a-d32a-4f5e-ae7b-870dfb7963f3/downloads/bundle?id=000000000000479", filename = "C:\Users\cofc_\AppData\Local\Temp\tmp59E0.tmp\rjsec472.ZIP", message = "rjsec472")~~RJStevensMusicPresentationCreator.Program~0000002243
2024-12-14 21:51:43.6063~DEBUG~download completed~~RJStevensMusicPresentationCreator.Program~0000002244
2024-12-14 21:51:43.6063~DEBUG~<- DownloadFile(url = "https://faas-nyc1-2ef2e6cc.doserverless.co/api/v1/web/fn-dd7f8f6a-d32a-4f5e-ae7b-870dfb7963f3/downloads/bundle?id=000000000000479", filename = "C:\Users\cofc_\AppData\Local\Temp\tmp59E0.tmp\rjsec472.ZIP", message = "rjsec472")~~RJStevensMusicPresentationCreator.Program~0000002245
2024-12-14 21:51:43.6213~DEBUG~-> ExtractAllFromFile(zipFileName = "C:\Users\cofc_\AppData\Local\Temp\tmp59E0.tmp\rjsec472.ZIP", decompressedFolder = "C:\Users\cofc_\AppData\Local\Temp\tmp5ACB.tmp", message = "rjsec472")~~RJStevensMusicPresentationCreator.Program~0000002246
2024-12-14 21:51:43.9003~DEBUG~extract completed~~RJStevensMusicPresentationCreator.Program~0000002247
2024-12-14 21:51:43.9003~DEBUG~<- ExtractAllFromFile(zipFileName = "C:\Users\cofc_\AppData\Local\Temp\tmp59E0.tmp\rjsec472.ZIP", decompressedFolder = "C:\Users\cofc_\AppData\Local\Temp\tmp5ACB.tmp", message = "rjsec472")~~RJStevensMusicPresentationCreator.Program~0000002248
2024-12-14 21:51:43.9773~DEBUG~-> DownloadFile(url = "https://faas-nyc1-2ef2e6cc.doserverless.co/api/v1/web/fn-dd7f8f6a-d32a-4f5e-ae7b-870dfb7963f3/downloads/bundle?id=000000000000480", filename = "C:\Users\cofc_\AppData\Local\Temp\tmp5C34.tmp\rjsec473.ZIP", message = "rjsec473")~~RJStevensMusicPresentationCreator.Program~0000002249
2024-12-14 21:51:44.1873~DEBUG~download completed~~RJStevensMusicPresentationCreator.Program~0000002250
2024-12-14 21:51:44.1873~DEBUG~<- DownloadFile(url = "https://faas-nyc1-2ef2e6cc.doserverless.co/api/v1/web/fn-dd7f8f6a-d32a-4f5e-ae7b-870dfb7963f3/downloads/bundle?id=000000000000480", filename = "C:\Users\cofc_\AppData\Local\Temp\tmp5C34.tmp\rjsec473.ZIP", message = "rjsec473")~~RJStevensMusicPresentationCreator.Program~0000002251
2024-12-14 21:51:44.1993~DEBUG~-> ExtractAllFromFile(zipFileName = "C:\Users\cofc_\AppData\Local\Temp\tmp5C34.tmp\rjsec473.ZIP", decompressedFolder = "C:\Users\cofc_\AppData\Local\Temp\tmp5D0F.tmp", message = "rjsec473")~~RJStevensMusicPresentationCreator.Program~0000002252
2024-12-14 21:51:44.4183~DEBUG~extract completed~~RJStevensMusicPresentationCreator.Program~0000002253
2024-12-14 21:51:44.4243~DEBUG~<- ExtractAllFromFile(zipFileName = "C:\Users\cofc_\AppData\Local\Temp\tmp5C34.tmp\rjsec473.ZIP", decompressedFolder = "C:\Users\cofc_\AppData\Local\Temp\tmp5D0F.tmp", message = "rjsec473")~~RJStevensMusicPresentationCreator.Program~0000002254
2024-12-14 21:51:44.5083~DEBUG~-> DownloadFile(url = "https://faas-nyc1-2ef2e6cc.doserverless.co/api/v1/web/fn-dd7f8f6a-d32a-4f5e-ae7b-870dfb7963f3/downloads/bundle?id=000000000000481", filename = "C:\Users\cofc_\AppData\Local\Temp\tmp5E49.tmp\rjsec474.ZIP", message = "rjsec474")~~RJStevensMusicPresentationCreator.Program~0000002255
2024-12-14 21:51:44.7154~DEBUG~download completed~~RJStevensMusicPresentationCreator.Program~0000002256
2024-12-14 21:51:44.7154~DEBUG~<- DownloadFile(url = "https://faas-nyc1-2ef2e6cc.doserverless.co/api/v1/web/fn-dd7f8f6a-d32a-4f5e-ae7b-870dfb7963f3/downloads/bundle?id=000000000000481", filename = "C:\Users\cofc_\AppData\Local\Temp\tmp5E49.tmp\rjsec474.ZIP", message = "rjsec474")~~RJStevensMusicPresentationCreator.Program~0000002257
2024-12-14 21:51:44.7334~DEBUG~-> ExtractAllFromFile(zipFileName = "C:\Users\cofc_\AppData\Local\Temp\tmp5E49.tmp\rjsec474.ZIP", decompressedFolder = "C:\Users\cofc_\AppData\Local\Temp\tmp5F25.tmp", message = "rjsec474")~~RJStevensMusicPresentationCreator.Program~0000002258
2024-12-14 21:51:44.9484~DEBUG~extract completed~~RJStevensMusicPresentationCreator.Program~0000002259
2024-12-14 21:51:44.9484~DEBUG~<- ExtractAllFromFile(zipFileName = "C:\Users\cofc_\AppData\Local\Temp\tmp5E49.tmp\rjsec474.ZIP", decompressedFolder = "C:\Users\cofc_\AppData\Local\Temp\tmp5F25.tmp", message = "rjsec474")~~RJStevensMusicPresentationCreator.Program~0000002260
2024-12-14 21:51:45.0144~DEBUG~-> DownloadFile(url = "https://faas-nyc1-2ef2e6cc.doserverless.co/api/v1/web/fn-dd7f8f6a-d32a-4f5e-ae7b-870dfb7963f3/downloads/bundle?id=000000000000484", filename = "C:\Users\cofc_\AppData\Local\Temp\tmp603F.tmp\rjsec477.ZIP", message = "rjsec477")~~RJStevensMusicPresentationCreator.Program~0000002261
2024-12-14 21:51:45.2214~DEBUG~download completed~~RJStevensMusicPresentationCreator.Program~0000002262
2024-12-14 21:51:45.2214~DEBUG~<- DownloadFile(url = "https://faas-nyc1-2ef2e6cc.doserverless.co/api/v1/web/fn-dd7f8f6a-d32a-4f5e-ae7b-870dfb7963f3/downloads/bundle?id=000000000000484", filename = "C:\Users\cofc_\AppData\Local\Temp\tmp603F.tmp\rjsec477.ZIP", message = "rjsec477")~~RJStevensMusicPresentationCreator.Program~0000002263
2024-12-14 21:51:45.2214~DEBUG~-> ExtractAllFromFile(zipFileName = "C:\Users\cofc_\AppData\Local\Temp\tmp603F.tmp\rjsec477.ZIP", decompressedFolder = "C:\Users\cofc_\AppData\Local\Temp\tmp611B.tmp", message = "rjsec477")~~RJStevensMusicPresentationCreator.Program~0000002264
2024-12-14 21:51:45.4924~DEBUG~extract completed~~RJStevensMusicPresentationCreator.Program~0000002265
2024-12-14 21:51:45.4924~DEBUG~<- ExtractAllFromFile(zipFileName = "C:\Users\cofc_\AppData\Local\Temp\tmp603F.tmp\rjsec477.ZIP", decompressedFolder = "C:\Users\cofc_\AppData\Local\Temp\tmp611B.tmp", message = "rjsec477")~~RJStevensMusicPresentationCreator.Program~0000002266
2024-12-14 21:51:45.5664~DEBUG~-> DownloadFile(url = "https://faas-nyc1-2ef2e6cc.doserverless.co/api/v1/web/fn-dd7f8f6a-d32a-4f5e-ae7b-870dfb7963f3/downloads/bundle?id=000000000000486", filename = "C:\Users\cofc_\AppData\Local\Temp\tmp6273.tmp\rjsec479.ZIP", message = "rjsec479")~~RJStevensMusicPresentationCreator.Program~0000002267
2024-12-14 21:51:45.7784~DEBUG~download completed~~RJStevensMusicPresentationCreator.Program~0000002268
2024-12-14 21:51:45.7784~DEBUG~<- DownloadFile(url = "https://faas-nyc1-2ef2e6cc.doserverless.co/api/v1/web/fn-dd7f8f6a-d32a-4f5e-ae7b-870dfb7963f3/downloads/bundle?id=000000000000486", filename = "C:\Users\cofc_\AppData\Local\Temp\tmp6273.tmp\rjsec479.ZIP", message = "rjsec479")~~RJStevensMusicPresentationCreator.Program~0000002269
2024-12-14 21:51:45.7944~DEBUG~-> ExtractAllFromFile(zipFileName = "C:\Users\cofc_\AppData\Local\Temp\tmp6273.tmp\rjsec479.ZIP", decompressedFolder = "C:\Users\cofc_\AppData\Local\Temp\tmp634F.tmp", message = "rjsec479")~~RJStevensMusicPresentationCreator.Program~0000002270
2024-12-14 21:51:46.0675~DEBUG~extract completed~~RJStevensMusicPresentationCreator.Program~0000002271
2024-12-14 21:51:46.0675~DEBUG~<- ExtractAllFromFile(zipFileName = "C:\Users\cofc_\AppData\Local\Temp\tmp6273.tmp\rjsec479.ZIP", decompressedFolder = "C:\Users\cofc_\AppData\Local\Temp\tmp634F.tmp", message = "rjsec479")~~RJStevensMusicPresentationCreator.Program~0000002272
2024-12-14 21:51:46.1435~DEBUG~-> DownloadFile(url = "https://faas-nyc1-2ef2e6cc.doserverless.co/api/v1/web/fn-dd7f8f6a-d32a-4f5e-ae7b-870dfb7963f3/downloads/bundle?id=000000000000489", filename = "C:\Users\cofc_\AppData\Local\Temp\tmp64B7.tmp\rjsec482.ZIP", message = "rjsec482")~~RJStevensMusicPresentationCreator.Program~0000002273
2024-12-14 21:51:46.3445~DEBUG~download completed~~RJStevensMusicPresentationCreator.Program~0000002274
2024-12-14 21:51:46.3445~DEBUG~<- DownloadFile(url = "https://faas-nyc1-2ef2e6cc.doserverless.co/api/v1/web/fn-dd7f8f6a-d32a-4f5e-ae7b-870dfb7963f3/downloads/bundle?id=000000000000489", filename = "C:\Users\cofc_\AppData\Local\Temp\tmp64B7.tmp\rjsec482.ZIP", message = "rjsec482")~~RJStevensMusicPresentationCreator.Program~0000002275
2024-12-14 21:51:46.3665~DEBUG~-> ExtractAllFromFile(zipFileName = "C:\Users\cofc_\AppData\Local\Temp\tmp64B7.tmp\rjsec482.ZIP", decompressedFolder = "C:\Users\cofc_\AppData\Local\Temp\tmp6593.tmp", message = "rjsec482")~~RJStevensMusicPresentationCreator.Program~0000002276
2024-12-14 21:51:46.6205~DEBUG~extract completed~~RJStevensMusicPresentationCreator.Program~0000002277
2024-12-14 21:51:46.6205~DEBUG~<- ExtractAllFromFile(zipFileName = "C:\Users\cofc_\AppData\Local\Temp\tmp64B7.tmp\rjsec482.ZIP", decompressedFolder = "C:\Users\cofc_\AppData\Local\Temp\tmp6593.tmp", message = "rjsec482")~~RJStevensMusicPresentationCreator.Program~0000002278
2024-12-14 21:51:46.6995~DEBUG~-> DownloadFile(url = "https://faas-nyc1-2ef2e6cc.doserverless.co/api/v1/web/fn-dd7f8f6a-d32a-4f5e-ae7b-870dfb7963f3/downloads/bundle?id=000000000000495", filename = "C:\Users\cofc_\AppData\Local\Temp\tmp66DC.tmp\rjsec488.ZIP", message = "rjsec488")~~RJStevensMusicPresentationCreator.Program~0000002279
2024-12-14 21:51:46.9035~DEBUG~download completed~~RJStevensMusicPresentationCreator.Program~0000002280
2024-12-14 21:51:46.9035~DEBUG~<- DownloadFile(url = "https://faas-nyc1-2ef2e6cc.doserverless.co/api/v1/web/fn-dd7f8f6a-d32a-4f5e-ae7b-870dfb7963f3/downloads/bundle?id=000000000000495", filename = "C:\Users\cofc_\AppData\Local\Temp\tmp66DC.tmp\rjsec488.ZIP", message = "rjsec488")~~RJStevensMusicPresentationCreator.Program~0000002281
2024-12-14 21:51:46.9185~DEBUG~-> ExtractAllFromFile(zipFileName = "C:\Users\cofc_\AppData\Local\Temp\tmp66DC.tmp\rjsec488.ZIP", decompressedFolder = "C:\Users\cofc_\AppData\Local\Temp\tmp67B8.tmp", message = "rjsec488")~~RJStevensMusicPresentationCreator.Program~0000002282
2024-12-14 21:51:47.1605~DEBUG~extract completed~~RJStevensMusicPresentationCreator.Program~0000002283
2024-12-14 21:51:47.1605~DEBUG~<- ExtractAllFromFile(zipFileName = "C:\Users\cofc_\AppData\Local\Temp\tmp66DC.tmp\rjsec488.ZIP", decompressedFolder = "C:\Users\cofc_\AppData\Local\Temp\tmp67B8.tmp", message = "rjsec488")~~RJStevensMusicPresentationCreator.Program~0000002284
2024-12-14 21:51:47.2345~DEBUG~-> DownloadFile(url = "https://faas-nyc1-2ef2e6cc.doserverless.co/api/v1/web/fn-dd7f8f6a-d32a-4f5e-ae7b-870dfb7963f3/downloads/bundle?id=000000000000496", filename = "C:\Users\cofc_\AppData\Local\Temp\tmp68F2.tmp\rjsec489.ZIP", message = "rjsec489")~~RJStevensMusicPresentationCreator.Program~0000002285
2024-12-14 21:51:47.4616~DEBUG~download completed~~RJStevensMusicPresentationCreator.Program~0000002286
2024-12-14 21:51:47.4616~DEBUG~<- DownloadFile(url = "https://faas-nyc1-2ef2e6cc.doserverless.co/api/v1/web/fn-dd7f8f6a-d32a-4f5e-ae7b-870dfb7963f3/downloads/bundle?id=000000000000496", filename = "C:\Users\cofc_\AppData\Local\Temp\tmp68F2.tmp\rjsec489.ZIP", message = "rjsec489")~~RJStevensMusicPresentationCreator.Program~0000002287
2024-12-14 21:51:47.4816~DEBUG~-> ExtractAllFromFile(zipFileName = "C:\Users\cofc_\AppData\Local\Temp\tmp68F2.tmp\rjsec489.ZIP", decompressedFolder = "C:\Users\cofc_\AppData\Local\Temp\tmp69ED.tmp", message = "rjsec489")~~RJStevensMusicPresentationCreator.Program~0000002288
2024-12-14 21:51:47.7106~DEBUG~extract completed~~RJStevensMusicPresentationCreator.Program~0000002289
2024-12-14 21:51:47.7106~DEBUG~<- ExtractAllFromFile(zipFileName = "C:\Users\cofc_\AppData\Local\Temp\tmp68F2.tmp\rjsec489.ZIP", decompressedFolder = "C:\Users\cofc_\AppData\Local\Temp\tmp69ED.tmp", message = "rjsec489")~~RJStevensMusicPresentationCreator.Program~0000002290
2024-12-14 21:51:47.7866~DEBUG~-> DownloadFile(url = "https://faas-nyc1-2ef2e6cc.doserverless.co/api/v1/web/fn-dd7f8f6a-d32a-4f5e-ae7b-870dfb7963f3/downloads/bundle?id=000000000000498", filename = "C:\Users\cofc_\AppData\Local\Temp\tmp6B26.tmp\rjsec491.ZIP", message = "rjsec491")~~RJStevensMusicPresentationCreator.Program~0000002291
2024-12-14 21:51:47.9796~DEBUG~download completed~~RJStevensMusicPresentationCreator.Program~0000002292
2024-12-14 21:51:47.9796~DEBUG~<- DownloadFile(url = "https://faas-nyc1-2ef2e6cc.doserverless.co/api/v1/web/fn-dd7f8f6a-d32a-4f5e-ae7b-870dfb7963f3/downloads/bundle?id=000000000000498", filename = "C:\Users\cofc_\AppData\Local\Temp\tmp6B26.tmp\rjsec491.ZIP", message = "rjsec491")~~RJStevensMusicPresentationCreator.Program~0000002293
2024-12-14 21:51:47.9976~DEBUG~-> ExtractAllFromFile(zipFileName = "C:\Users\cofc_\AppData\Local\Temp\tmp6B26.tmp\rjsec491.ZIP", decompressedFolder = "C:\Users\cofc_\AppData\Local\Temp\tmp6BF2.tmp", message = "rjsec491")~~RJStevensMusicPresentationCreator.Program~0000002294
2024-12-14 21:51:48.2226~DEBUG~extract completed~~RJStevensMusicPresentationCreator.Program~0000002295
2024-12-14 21:51:48.2226~DEBUG~<- ExtractAllFromFile(zipFileName = "C:\Users\cofc_\AppData\Local\Temp\tmp6B26.tmp\rjsec491.ZIP", decompressedFolder = "C:\Users\cofc_\AppData\Local\Temp\tmp6BF2.tmp", message = "rjsec491")~~RJStevensMusicPresentationCreator.Program~0000002296
2024-12-14 21:51:48.2856~DEBUG~-> DownloadFile(url = "https://faas-nyc1-2ef2e6cc.doserverless.co/api/v1/web/fn-dd7f8f6a-d32a-4f5e-ae7b-870dfb7963f3/downloads/bundle?id=000000000000501", filename = "C:\Users\cofc_\AppData\Local\Temp\tmp6D1C.tmp\rjsec494.ZIP", message = "rjsec494")~~RJStevensMusicPresentationCreator.Program~0000002297
2024-12-14 21:51:48.5036~DEBUG~download completed~~RJStevensMusicPresentationCreator.Program~0000002298
2024-12-14 21:51:48.5036~DEBUG~<- DownloadFile(url = "https://faas-nyc1-2ef2e6cc.doserverless.co/api/v1/web/fn-dd7f8f6a-d32a-4f5e-ae7b-870dfb7963f3/downloads/bundle?id=000000000000501", filename = "C:\Users\cofc_\AppData\Local\Temp\tmp6D1C.tmp\rjsec494.ZIP", message = "rjsec494")~~RJStevensMusicPresentationCreator.Program~0000002299
2024-12-14 21:51:48.5246~DEBUG~-> ExtractAllFromFile(zipFileName = "C:\Users\cofc_\AppData\Local\Temp\tmp6D1C.tmp\rjsec494.ZIP", decompressedFolder = "C:\Users\cofc_\AppData\Local\Temp\tmp6E07.tmp", message = "rjsec494")~~RJStevensMusicPresentationCreator.Program~0000002300
2024-12-14 21:51:48.9037~DEBUG~extract completed~~RJStevensMusicPresentationCreator.Program~0000002301
2024-12-14 21:51:48.9077~DEBUG~<- ExtractAllFromFile(zipFileName = "C:\Users\cofc_\AppData\Local\Temp\tmp6D1C.tmp\rjsec494.ZIP", decompressedFolder = "C:\Users\cofc_\AppData\Local\Temp\tmp6E07.tmp", message = "rjsec494")~~RJStevensMusicPresentationCreator.Program~0000002302
2024-12-14 21:51:49.0207~DEBUG~-> DownloadFile(url = "https://faas-nyc1-2ef2e6cc.doserverless.co/api/v1/web/fn-dd7f8f6a-d32a-4f5e-ae7b-870dfb7963f3/downloads/bundle?id=000000000000502", filename = "C:\Users\cofc_\AppData\Local\Temp\tmp6FFC.tmp\rjsec495.ZIP", message = "rjsec495")~~RJStevensMusicPresentationCreator.Program~0000002303
2024-12-14 21:51:49.3969~DEBUG~download completed~~RJStevensMusicPresentationCreator.Program~0000002304
2024-12-14 21:51:49.3969~DEBUG~<- DownloadFile(url = "https://faas-nyc1-2ef2e6cc.doserverless.co/api/v1/web/fn-dd7f8f6a-d32a-4f5e-ae7b-870dfb7963f3/downloads/bundle?id=000000000000502", filename = "C:\Users\cofc_\AppData\Local\Temp\tmp6FFC.tmp\rjsec495.ZIP", message = "rjsec495")~~RJStevensMusicPresentationCreator.Program~0000002305
2024-12-14 21:51:49.4154~DEBUG~-> ExtractAllFromFile(zipFileName = "C:\Users\cofc_\AppData\Local\Temp\tmp6FFC.tmp\rjsec495.ZIP", decompressedFolder = "C:\Users\cofc_\AppData\Local\Temp\tmp7184.tmp", message = "rjsec495")~~RJStevensMusicPresentationCreator.Program~0000002306
2024-12-14 21:51:49.7706~DEBUG~extract completed~~RJStevensMusicPresentationCreator.Program~0000002307
2024-12-14 21:51:49.7706~DEBUG~<- ExtractAllFromFile(zipFileName = "C:\Users\cofc_\AppData\Local\Temp\tmp6FFC.tmp\rjsec495.ZIP", decompressedFolder = "C:\Users\cofc_\AppData\Local\Temp\tmp7184.tmp", message = "rjsec495")~~RJStevensMusicPresentationCreator.Program~0000002308
2024-12-14 21:51:49.8486~DEBUG~-> DownloadFile(url = "https://faas-nyc1-2ef2e6cc.doserverless.co/api/v1/web/fn-dd7f8f6a-d32a-4f5e-ae7b-870dfb7963f3/downloads/bundle?id=000000000000503", filename = "C:\Users\cofc_\AppData\Local\Temp\tmp733B.tmp\rjsec496.ZIP", message = "rjsec496")~~RJStevensMusicPresentationCreator.Program~0000002309
2024-12-14 21:51:50.0916~DEBUG~download completed~~RJStevensMusicPresentationCreator.Program~0000002310
2024-12-14 21:51:50.0916~DEBUG~<- DownloadFile(url = "https://faas-nyc1-2ef2e6cc.doserverless.co/api/v1/web/fn-dd7f8f6a-d32a-4f5e-ae7b-870dfb7963f3/downloads/bundle?id=000000000000503", filename = "C:\Users\cofc_\AppData\Local\Temp\tmp733B.tmp\rjsec496.ZIP", message = "rjsec496")~~RJStevensMusicPresentationCreator.Program~0000002311
2024-12-14 21:51:50.1106~DEBUG~-> ExtractAllFromFile(zipFileName = "C:\Users\cofc_\AppData\Local\Temp\tmp733B.tmp\rjsec496.ZIP", decompressedFolder = "C:\Users\cofc_\AppData\Local\Temp\tmp7445.tmp", message = "rjsec496")~~RJStevensMusicPresentationCreator.Program~0000002312
2024-12-14 21:51:50.3696~DEBUG~extract completed~~RJStevensMusicPresentationCreator.Program~0000002313
2024-12-14 21:51:50.3696~DEBUG~<- ExtractAllFromFile(zipFileName = "C:\Users\cofc_\AppData\Local\Temp\tmp733B.tmp\rjsec496.ZIP", decompressedFolder = "C:\Users\cofc_\AppData\Local\Temp\tmp7445.tmp", message = "rjsec496")~~RJStevensMusicPresentationCreator.Program~0000002314
2024-12-14 21:51:50.4396~DEBUG~-> DownloadFile(url = "https://faas-nyc1-2ef2e6cc.doserverless.co/api/v1/web/fn-dd7f8f6a-d32a-4f5e-ae7b-870dfb7963f3/downloads/bundle?id=000000000000504", filename = "C:\Users\cofc_\AppData\Local\Temp\tmp758E.tmp\rjsec497.ZIP", message = "rjsec497")~~RJStevensMusicPresentationCreator.Program~0000002315
2024-12-14 21:51:50.6486~DEBUG~download completed~~RJStevensMusicPresentationCreator.Program~0000002316
2024-12-14 21:51:50.6486~DEBUG~<- DownloadFile(url = "https://faas-nyc1-2ef2e6cc.doserverless.co/api/v1/web/fn-dd7f8f6a-d32a-4f5e-ae7b-870dfb7963f3/downloads/bundle?id=000000000000504", filename = "C:\Users\cofc_\AppData\Local\Temp\tmp758E.tmp\rjsec497.ZIP", message = "rjsec497")~~RJStevensMusicPresentationCreator.Program~0000002317
2024-12-14 21:51:50.6626~DEBUG~-> ExtractAllFromFile(zipFileName = "C:\Users\cofc_\AppData\Local\Temp\tmp758E.tmp\rjsec497.ZIP", decompressedFolder = "C:\Users\cofc_\AppData\Local\Temp\tmp766A.tmp", message = "rjsec497")~~RJStevensMusicPresentationCreator.Program~0000002318
2024-12-14 21:51:50.9216~DEBUG~extract completed~~RJStevensMusicPresentationCreator.Program~0000002319
2024-12-14 21:51:50.9257~DEBUG~<- ExtractAllFromFile(zipFileName = "C:\Users\cofc_\AppData\Local\Temp\tmp758E.tmp\rjsec497.ZIP", decompressedFolder = "C:\Users\cofc_\AppData\Local\Temp\tmp766A.tmp", message = "rjsec497")~~RJStevensMusicPresentationCreator.Program~0000002320
2024-12-14 21:51:50.9997~DEBUG~-> DownloadFile(url = "https://faas-nyc1-2ef2e6cc.doserverless.co/api/v1/web/fn-dd7f8f6a-d32a-4f5e-ae7b-870dfb7963f3/downloads/bundle?id=000000000000505", filename = "C:\Users\cofc_\AppData\Local\Temp\tmp77B3.tmp\rjsec498.ZIP", message = "rjsec498")~~RJStevensMusicPresentationCreator.Program~0000002321
2024-12-14 21:51:51.2637~DEBUG~download completed~~RJStevensMusicPresentationCreator.Program~0000002322
2024-12-14 21:51:51.2637~DEBUG~<- DownloadFile(url = "https://faas-nyc1-2ef2e6cc.doserverless.co/api/v1/web/fn-dd7f8f6a-d32a-4f5e-ae7b-870dfb7963f3/downloads/bundle?id=000000000000505", filename = "C:\Users\cofc_\AppData\Local\Temp\tmp77B3.tmp\rjsec498.ZIP", message = "rjsec498")~~RJStevensMusicPresentationCreator.Program~0000002323
2024-12-14 21:51:51.2827~DEBUG~-> ExtractAllFromFile(zipFileName = "C:\Users\cofc_\AppData\Local\Temp\tmp77B3.tmp\rjsec498.ZIP", decompressedFolder = "C:\Users\cofc_\AppData\Local\Temp\tmp78DD.tmp", message = "rjsec498")~~RJStevensMusicPresentationCreator.Program~0000002324
2024-12-14 21:51:51.6257~DEBUG~extract completed~~RJStevensMusicPresentationCreator.Program~0000002325
2024-12-14 21:51:51.6257~DEBUG~<- ExtractAllFromFile(zipFileName = "C:\Users\cofc_\AppData\Local\Temp\tmp77B3.tmp\rjsec498.ZIP", decompressedFolder = "C:\Users\cofc_\AppData\Local\Temp\tmp78DD.tmp", message = "rjsec498")~~RJStevensMusicPresentationCreator.Program~0000002326
2024-12-14 21:51:51.7117~DEBUG~-> DownloadFile(url = "https://faas-nyc1-2ef2e6cc.doserverless.co/api/v1/web/fn-dd7f8f6a-d32a-4f5e-ae7b-870dfb7963f3/downloads/bundle?id=000000000000507", filename = "C:\Users\cofc_\AppData\Local\Temp\tmp7A84.tmp\rjsec500.ZIP", message = "rjsec500")~~RJStevensMusicPresentationCreator.Program~0000002327
2024-12-14 21:51:51.9927~DEBUG~download completed~~RJStevensMusicPresentationCreator.Program~0000002328
2024-12-14 21:51:51.9927~DEBUG~<- DownloadFile(url = "https://faas-nyc1-2ef2e6cc.doserverless.co/api/v1/web/fn-dd7f8f6a-d32a-4f5e-ae7b-870dfb7963f3/downloads/bundle?id=000000000000507", filename = "C:\Users\cofc_\AppData\Local\Temp\tmp7A84.tmp\rjsec500.ZIP", message = "rjsec500")~~RJStevensMusicPresentationCreator.Program~0000002329
2024-12-14 21:51:52.0127~DEBUG~-> ExtractAllFromFile(zipFileName = "C:\Users\cofc_\AppData\Local\Temp\tmp7A84.tmp\rjsec500.ZIP", decompressedFolder = "C:\Users\cofc_\AppData\Local\Temp\tmp7BAE.tmp", message = "rjsec500")~~RJStevensMusicPresentationCreator.Program~0000002330
2024-12-14 21:51:52.3928~DEBUG~extract completed~~RJStevensMusicPresentationCreator.Program~0000002331
2024-12-14 21:51:52.3928~DEBUG~<- ExtractAllFromFile(zipFileName = "C:\Users\cofc_\AppData\Local\Temp\tmp7A84.tmp\rjsec500.ZIP", decompressedFolder = "C:\Users\cofc_\AppData\Local\Temp\tmp7BAE.tmp", message = "rjsec500")~~RJStevensMusicPresentationCreator.Program~0000002332
2024-12-14 21:51:52.4878~DEBUG~-> DownloadFile(url = "https://faas-nyc1-2ef2e6cc.doserverless.co/api/v1/web/fn-dd7f8f6a-d32a-4f5e-ae7b-870dfb7963f3/downloads/bundle?id=000000000000508", filename = "C:\Users\cofc_\AppData\Local\Temp\tmp7D93.tmp\rjsec501.ZIP", message = "rjsec501")~~RJStevensMusicPresentationCreator.Program~0000002333
2024-12-14 21:51:52.6918~DEBUG~download completed~~RJStevensMusicPresentationCreator.Program~0000002334
2024-12-14 21:51:52.6918~DEBUG~<- DownloadFile(url = "https://faas-nyc1-2ef2e6cc.doserverless.co/api/v1/web/fn-dd7f8f6a-d32a-4f5e-ae7b-870dfb7963f3/downloads/bundle?id=000000000000508", filename = "C:\Users\cofc_\AppData\Local\Temp\tmp7D93.tmp\rjsec501.ZIP", message = "rjsec501")~~RJStevensMusicPresentationCreator.Program~0000002335
2024-12-14 21:51:52.7098~DEBUG~-> ExtractAllFromFile(zipFileName = "C:\Users\cofc_\AppData\Local\Temp\tmp7D93.tmp\rjsec501.ZIP", decompressedFolder = "C:\Users\cofc_\AppData\Local\Temp\tmp7E6F.tmp", message = "rjsec501")~~RJStevensMusicPresentationCreator.Program~0000002336
2024-12-14 21:51:52.9598~DEBUG~extract completed~~RJStevensMusicPresentationCreator.Program~0000002337
2024-12-14 21:51:52.9598~DEBUG~<- ExtractAllFromFile(zipFileName = "C:\Users\cofc_\AppData\Local\Temp\tmp7D93.tmp\rjsec501.ZIP", decompressedFolder = "C:\Users\cofc_\AppData\Local\Temp\tmp7E6F.tmp", message = "rjsec501")~~RJStevensMusicPresentationCreator.Program~0000002338
2024-12-14 21:51:53.0428~DEBUG~-> DownloadFile(url = "https://faas-nyc1-2ef2e6cc.doserverless.co/api/v1/web/fn-dd7f8f6a-d32a-4f5e-ae7b-870dfb7963f3/downloads/bundle?id=000000000000509", filename = "C:\Users\cofc_\AppData\Local\Temp\tmp7FB8.tmp\rjsec502.ZIP", message = "rjsec502")~~RJStevensMusicPresentationCreator.Program~0000002339
2024-12-14 21:51:53.2768~DEBUG~download completed~~RJStevensMusicPresentationCreator.Program~0000002340
2024-12-14 21:51:53.2768~DEBUG~<- DownloadFile(url = "https://faas-nyc1-2ef2e6cc.doserverless.co/api/v1/web/fn-dd7f8f6a-d32a-4f5e-ae7b-870dfb7963f3/downloads/bundle?id=000000000000509", filename = "C:\Users\cofc_\AppData\Local\Temp\tmp7FB8.tmp\rjsec502.ZIP", message = "rjsec502")~~RJStevensMusicPresentationCreator.Program~0000002341
2024-12-14 21:51:53.2948~DEBUG~-> ExtractAllFromFile(zipFileName = "C:\Users\cofc_\AppData\Local\Temp\tmp7FB8.tmp\rjsec502.ZIP", decompressedFolder = "C:\Users\cofc_\AppData\Local\Temp\tmp80B3.tmp", message = "rjsec502")~~RJStevensMusicPresentationCreator.Program~0000002342
2024-12-14 21:51:53.6529~DEBUG~extract completed~~RJStevensMusicPresentationCreator.Program~0000002343
2024-12-14 21:51:53.6529~DEBUG~<- ExtractAllFromFile(zipFileName = "C:\Users\cofc_\AppData\Local\Temp\tmp7FB8.tmp\rjsec502.ZIP", decompressedFolder = "C:\Users\cofc_\AppData\Local\Temp\tmp80B3.tmp", message = "rjsec502")~~RJStevensMusicPresentationCreator.Program~0000002344
2024-12-14 21:51:53.7349~DEBUG~-> DownloadFile(url = "https://faas-nyc1-2ef2e6cc.doserverless.co/api/v1/web/fn-dd7f8f6a-d32a-4f5e-ae7b-870dfb7963f3/downloads/bundle?id=000000000000510", filename = "C:\Users\cofc_\AppData\Local\Temp\tmp826A.tmp\rjsec503.ZIP", message = "rjsec503")~~RJStevensMusicPresentationCreator.Program~0000002345
2024-12-14 21:51:53.9169~DEBUG~download completed~~RJStevensMusicPresentationCreator.Program~0000002346
2024-12-14 21:51:53.9169~DEBUG~<- DownloadFile(url = "https://faas-nyc1-2ef2e6cc.doserverless.co/api/v1/web/fn-dd7f8f6a-d32a-4f5e-ae7b-870dfb7963f3/downloads/bundle?id=000000000000510", filename = "C:\Users\cofc_\AppData\Local\Temp\tmp826A.tmp\rjsec503.ZIP", message = "rjsec503")~~RJStevensMusicPresentationCreator.Program~0000002347
2024-12-14 21:51:53.9339~DEBUG~-> ExtractAllFromFile(zipFileName = "C:\Users\cofc_\AppData\Local\Temp\tmp826A.tmp\rjsec503.ZIP", decompressedFolder = "C:\Users\cofc_\AppData\Local\Temp\tmp8336.tmp", message = "rjsec503")~~RJStevensMusicPresentationCreator.Program~0000002348
2024-12-14 21:51:54.0389~DEBUG~extract completed~~RJStevensMusicPresentationCreator.Program~0000002349
2024-12-14 21:51:54.0389~DEBUG~<- ExtractAllFromFile(zipFileName = "C:\Users\cofc_\AppData\Local\Temp\tmp826A.tmp\rjsec503.ZIP", decompressedFolder = "C:\Users\cofc_\AppData\Local\Temp\tmp8336.tmp", message = "rjsec503")~~RJStevensMusicPresentationCreator.Program~0000002350
2024-12-14 21:51:54.0909~DEBUG~-> DownloadFile(url = "https://faas-nyc1-2ef2e6cc.doserverless.co/api/v1/web/fn-dd7f8f6a-d32a-4f5e-ae7b-870dfb7963f3/downloads/bundle?id=000000000000511", filename = "C:\Users\cofc_\AppData\Local\Temp\tmp83D3.tmp\rjsec504.ZIP", message = "rjsec504")~~RJStevensMusicPresentationCreator.Program~0000002351
2024-12-14 21:51:54.2889~DEBUG~download completed~~RJStevensMusicPresentationCreator.Program~0000002352
2024-12-14 21:51:54.2889~DEBUG~<- DownloadFile(url = "https://faas-nyc1-2ef2e6cc.doserverless.co/api/v1/web/fn-dd7f8f6a-d32a-4f5e-ae7b-870dfb7963f3/downloads/bundle?id=000000000000511", filename = "C:\Users\cofc_\AppData\Local\Temp\tmp83D3.tmp\rjsec504.ZIP", message = "rjsec504")~~RJStevensMusicPresentationCreator.Program~0000002353
2024-12-14 21:51:54.3109~DEBUG~-> ExtractAllFromFile(zipFileName = "C:\Users\cofc_\AppData\Local\Temp\tmp83D3.tmp\rjsec504.ZIP", decompressedFolder = "C:\Users\cofc_\AppData\Local\Temp\tmp84AF.tmp", message = "rjsec504")~~RJStevensMusicPresentationCreator.Program~0000002354
2024-12-14 21:51:54.5749~DEBUG~extract completed~~RJStevensMusicPresentationCreator.Program~0000002355
2024-12-14 21:51:54.5749~DEBUG~<- ExtractAllFromFile(zipFileName = "C:\Users\cofc_\AppData\Local\Temp\tmp83D3.tmp\rjsec504.ZIP", decompressedFolder = "C:\Users\cofc_\AppData\Local\Temp\tmp84AF.tmp", message = "rjsec504")~~RJStevensMusicPresentationCreator.Program~0000002356
2024-12-14 21:51:54.6539~DEBUG~-> DownloadFile(url = "https://faas-nyc1-2ef2e6cc.doserverless.co/api/v1/web/fn-dd7f8f6a-d32a-4f5e-ae7b-870dfb7963f3/downloads/bundle?id=000000000000513", filename = "C:\Users\cofc_\AppData\Local\Temp\tmp8607.tmp\rjsec506.ZIP", message = "rjsec506")~~RJStevensMusicPresentationCreator.Program~0000002357
2024-12-14 21:51:54.8779~DEBUG~download completed~~RJStevensMusicPresentationCreator.Program~0000002358
2024-12-14 21:51:54.8779~DEBUG~<- DownloadFile(url = "https://faas-nyc1-2ef2e6cc.doserverless.co/api/v1/web/fn-dd7f8f6a-d32a-4f5e-ae7b-870dfb7963f3/downloads/bundle?id=000000000000513", filename = "C:\Users\cofc_\AppData\Local\Temp\tmp8607.tmp\rjsec506.ZIP", message = "rjsec506")~~RJStevensMusicPresentationCreator.Program~0000002359
2024-12-14 21:51:54.8999~DEBUG~-> ExtractAllFromFile(zipFileName = "C:\Users\cofc_\AppData\Local\Temp\tmp8607.tmp\rjsec506.ZIP", decompressedFolder = "C:\Users\cofc_\AppData\Local\Temp\tmp8702.tmp", message = "rjsec506")~~RJStevensMusicPresentationCreator.Program~0000002360
2024-12-14 21:51:55.2380~DEBUG~extract completed~~RJStevensMusicPresentationCreator.Program~0000002361
2024-12-14 21:51:55.2380~DEBUG~<- ExtractAllFromFile(zipFileName = "C:\Users\cofc_\AppData\Local\Temp\tmp8607.tmp\rjsec506.ZIP", decompressedFolder = "C:\Users\cofc_\AppData\Local\Temp\tmp8702.tmp", message = "rjsec506")~~RJStevensMusicPresentationCreator.Program~0000002362
2024-12-14 21:51:55.3210~DEBUG~-> DownloadFile(url = "https://faas-nyc1-2ef2e6cc.doserverless.co/api/v1/web/fn-dd7f8f6a-d32a-4f5e-ae7b-870dfb7963f3/downloads/bundle?id=000000000000514", filename = "C:\Users\cofc_\AppData\Local\Temp\tmp88A9.tmp\rjsec507.ZIP", message = "rjsec507")~~RJStevensMusicPresentationCreator.Program~0000002363
2024-12-14 21:51:55.5200~DEBUG~download completed~~RJStevensMusicPresentationCreator.Program~0000002364
2024-12-14 21:51:55.5200~DEBUG~<- DownloadFile(url = "https://faas-nyc1-2ef2e6cc.doserverless.co/api/v1/web/fn-dd7f8f6a-d32a-4f5e-ae7b-870dfb7963f3/downloads/bundle?id=000000000000514", filename = "C:\Users\cofc_\AppData\Local\Temp\tmp88A9.tmp\rjsec507.ZIP", message = "rjsec507")~~RJStevensMusicPresentationCreator.Program~0000002365
2024-12-14 21:51:55.5360~DEBUG~-> ExtractAllFromFile(zipFileName = "C:\Users\cofc_\AppData\Local\Temp\tmp88A9.tmp\rjsec507.ZIP", decompressedFolder = "C:\Users\cofc_\AppData\Local\Temp\tmp8985.tmp", message = "rjsec507")~~RJStevensMusicPresentationCreator.Program~0000002366
2024-12-14 21:51:55.7080~DEBUG~extract completed~~RJStevensMusicPresentationCreator.Program~0000002367
2024-12-14 21:51:55.7080~DEBUG~<- ExtractAllFromFile(zipFileName = "C:\Users\cofc_\AppData\Local\Temp\tmp88A9.tmp\rjsec507.ZIP", decompressedFolder = "C:\Users\cofc_\AppData\Local\Temp\tmp8985.tmp", message = "rjsec507")~~RJStevensMusicPresentationCreator.Program~0000002368
2024-12-14 21:51:55.7710~DEBUG~-> DownloadFile(url = "https://faas-nyc1-2ef2e6cc.doserverless.co/api/v1/web/fn-dd7f8f6a-d32a-4f5e-ae7b-870dfb7963f3/downloads/bundle?id=000000000000515", filename = "C:\Users\cofc_\AppData\Local\Temp\tmp8A70.tmp\rjsec508.ZIP", message = "rjsec508")~~RJStevensMusicPresentationCreator.Program~0000002369
2024-12-14 21:51:55.9880~DEBUG~download completed~~RJStevensMusicPresentationCreator.Program~0000002370
2024-12-14 21:51:55.9880~DEBUG~<- DownloadFile(url = "https://faas-nyc1-2ef2e6cc.doserverless.co/api/v1/web/fn-dd7f8f6a-d32a-4f5e-ae7b-870dfb7963f3/downloads/bundle?id=000000000000515", filename = "C:\Users\cofc_\AppData\Local\Temp\tmp8A70.tmp\rjsec508.ZIP", message = "rjsec508")~~RJStevensMusicPresentationCreator.Program~0000002371
2024-12-14 21:51:56.0050~DEBUG~-> ExtractAllFromFile(zipFileName = "C:\Users\cofc_\AppData\Local\Temp\tmp8A70.tmp\rjsec508.ZIP", decompressedFolder = "C:\Users\cofc_\AppData\Local\Temp\tmp8B5C.tmp", message = "rjsec508")~~RJStevensMusicPresentationCreator.Program~0000002372
2024-12-14 21:51:56.3250~DEBUG~extract completed~~RJStevensMusicPresentationCreator.Program~0000002373
2024-12-14 21:51:56.3250~DEBUG~<- ExtractAllFromFile(zipFileName = "C:\Users\cofc_\AppData\Local\Temp\tmp8A70.tmp\rjsec508.ZIP", decompressedFolder = "C:\Users\cofc_\AppData\Local\Temp\tmp8B5C.tmp", message = "rjsec508")~~RJStevensMusicPresentationCreator.Program~0000002374
2024-12-14 21:51:56.4171~DEBUG~-> DownloadFile(url = "https://faas-nyc1-2ef2e6cc.doserverless.co/api/v1/web/fn-dd7f8f6a-d32a-4f5e-ae7b-870dfb7963f3/downloads/bundle?id=000000000000517", filename = "C:\Users\cofc_\AppData\Local\Temp\tmp8CF3.tmp\rjsec510.ZIP", message = "rjsec510")~~RJStevensMusicPresentationCreator.Program~0000002375
2024-12-14 21:51:56.6331~DEBUG~download completed~~RJStevensMusicPresentationCreator.Program~0000002376
2024-12-14 21:51:56.6331~DEBUG~<- DownloadFile(url = "https://faas-nyc1-2ef2e6cc.doserverless.co/api/v1/web/fn-dd7f8f6a-d32a-4f5e-ae7b-870dfb7963f3/downloads/bundle?id=000000000000517", filename = "C:\Users\cofc_\AppData\Local\Temp\tmp8CF3.tmp\rjsec510.ZIP", message = "rjsec510")~~RJStevensMusicPresentationCreator.Program~0000002377
2024-12-14 21:51:56.6541~DEBUG~-> ExtractAllFromFile(zipFileName = "C:\Users\cofc_\AppData\Local\Temp\tmp8CF3.tmp\rjsec510.ZIP", decompressedFolder = "C:\Users\cofc_\AppData\Local\Temp\tmp8DDE.tmp", message = "rjsec510")~~RJStevensMusicPresentationCreator.Program~0000002378
2024-12-14 21:51:56.9491~DEBUG~extract completed~~RJStevensMusicPresentationCreator.Program~0000002379
2024-12-14 21:51:56.9491~DEBUG~<- ExtractAllFromFile(zipFileName = "C:\Users\cofc_\AppData\Local\Temp\tmp8CF3.tmp\rjsec510.ZIP", decompressedFolder = "C:\Users\cofc_\AppData\Local\Temp\tmp8DDE.tmp", message = "rjsec510")~~RJStevensMusicPresentationCreator.Program~0000002380
2024-12-14 21:51:57.0321~DEBUG~-> DownloadFile(url = "https://faas-nyc1-2ef2e6cc.doserverless.co/api/v1/web/fn-dd7f8f6a-d32a-4f5e-ae7b-870dfb7963f3/downloads/bundle?id=000000000000519", filename = "C:\Users\cofc_\AppData\Local\Temp\tmp8F56.tmp\rjsec512.ZIP", message = "rjsec512")~~RJStevensMusicPresentationCreator.Program~0000002381
2024-12-14 21:51:57.2451~DEBUG~download completed~~RJStevensMusicPresentationCreator.Program~0000002382
2024-12-14 21:51:57.2451~DEBUG~<- DownloadFile(url = "https://faas-nyc1-2ef2e6cc.doserverless.co/api/v1/web/fn-dd7f8f6a-d32a-4f5e-ae7b-870dfb7963f3/downloads/bundle?id=000000000000519", filename = "C:\Users\cofc_\AppData\Local\Temp\tmp8F56.tmp\rjsec512.ZIP", message = "rjsec512")~~RJStevensMusicPresentationCreator.Program~0000002383
2024-12-14 21:51:57.2661~DEBUG~-> ExtractAllFromFile(zipFileName = "C:\Users\cofc_\AppData\Local\Temp\tmp8F56.tmp\rjsec512.ZIP", decompressedFolder = "C:\Users\cofc_\AppData\Local\Temp\tmp9051.tmp", message = "rjsec512")~~RJStevensMusicPresentationCreator.Program~0000002384
2024-12-14 21:51:57.5171~DEBUG~extract completed~~RJStevensMusicPresentationCreator.Program~0000002385
2024-12-14 21:51:57.5171~DEBUG~<- ExtractAllFromFile(zipFileName = "C:\Users\cofc_\AppData\Local\Temp\tmp8F56.tmp\rjsec512.ZIP", decompressedFolder = "C:\Users\cofc_\AppData\Local\Temp\tmp9051.tmp", message = "rjsec512")~~RJStevensMusicPresentationCreator.Program~0000002386
2024-12-14 21:51:57.5891~DEBUG~-> DownloadFile(url = "https://faas-nyc1-2ef2e6cc.doserverless.co/api/v1/web/fn-dd7f8f6a-d32a-4f5e-ae7b-870dfb7963f3/downloads/bundle?id=000000000000520", filename = "C:\Users\cofc_\AppData\Local\Temp\tmp918B.tmp\rjsec513.ZIP", message = "rjsec513")~~RJStevensMusicPresentationCreator.Program~0000002387
2024-12-14 21:51:57.8272~DEBUG~download completed~~RJStevensMusicPresentationCreator.Program~0000002388
2024-12-14 21:51:57.8272~DEBUG~<- DownloadFile(url = "https://faas-nyc1-2ef2e6cc.doserverless.co/api/v1/web/fn-dd7f8f6a-d32a-4f5e-ae7b-870dfb7963f3/downloads/bundle?id=000000000000520", filename = "C:\Users\cofc_\AppData\Local\Temp\tmp918B.tmp\rjsec513.ZIP", message = "rjsec513")~~RJStevensMusicPresentationCreator.Program~0000002389
2024-12-14 21:51:57.8492~DEBUG~-> ExtractAllFromFile(zipFileName = "C:\Users\cofc_\AppData\Local\Temp\tmp918B.tmp\rjsec513.ZIP", decompressedFolder = "C:\Users\cofc_\AppData\Local\Temp\tmp9296.tmp", message = "rjsec513")~~RJStevensMusicPresentationCreator.Program~0000002390
2024-12-14 21:51:58.1172~DEBUG~extract completed~~RJStevensMusicPresentationCreator.Program~0000002391
2024-12-14 21:51:58.1172~DEBUG~<- ExtractAllFromFile(zipFileName = "C:\Users\cofc_\AppData\Local\Temp\tmp918B.tmp\rjsec513.ZIP", decompressedFolder = "C:\Users\cofc_\AppData\Local\Temp\tmp9296.tmp", message = "rjsec513")~~RJStevensMusicPresentationCreator.Program~0000002392
2024-12-14 21:51:58.1952~DEBUG~-> DownloadFile(url = "https://faas-nyc1-2ef2e6cc.doserverless.co/api/v1/web/fn-dd7f8f6a-d32a-4f5e-ae7b-870dfb7963f3/downloads/bundle?id=000000000000521", filename = "C:\Users\cofc_\AppData\Local\Temp\tmp93EE.tmp\rjsec514.ZIP", message = "rjsec514")~~RJStevensMusicPresentationCreator.Program~0000002393
2024-12-14 21:51:58.4632~DEBUG~download completed~~RJStevensMusicPresentationCreator.Program~0000002394
2024-12-14 21:51:58.4632~DEBUG~<- DownloadFile(url = "https://faas-nyc1-2ef2e6cc.doserverless.co/api/v1/web/fn-dd7f8f6a-d32a-4f5e-ae7b-870dfb7963f3/downloads/bundle?id=000000000000521", filename = "C:\Users\cofc_\AppData\Local\Temp\tmp93EE.tmp\rjsec514.ZIP", message = "rjsec514")~~RJStevensMusicPresentationCreator.Program~0000002395
2024-12-14 21:51:58.4822~DEBUG~-> ExtractAllFromFile(zipFileName = "C:\Users\cofc_\AppData\Local\Temp\tmp93EE.tmp\rjsec514.ZIP", decompressedFolder = "C:\Users\cofc_\AppData\Local\Temp\tmp9509.tmp", message = "rjsec514")~~RJStevensMusicPresentationCreator.Program~0000002396
2024-12-14 21:51:58.7512~DEBUG~extract completed~~RJStevensMusicPresentationCreator.Program~0000002397
2024-12-14 21:51:58.7512~DEBUG~<- ExtractAllFromFile(zipFileName = "C:\Users\cofc_\AppData\Local\Temp\tmp93EE.tmp\rjsec514.ZIP", decompressedFolder = "C:\Users\cofc_\AppData\Local\Temp\tmp9509.tmp", message = "rjsec514")~~RJStevensMusicPresentationCreator.Program~0000002398
2024-12-14 21:51:58.8292~DEBUG~-> DownloadFile(url = "https://faas-nyc1-2ef2e6cc.doserverless.co/api/v1/web/fn-dd7f8f6a-d32a-4f5e-ae7b-870dfb7963f3/downloads/bundle?id=000000000000523", filename = "C:\Users\cofc_\AppData\Local\Temp\tmp9661.tmp\rjsec516.ZIP", message = "rjsec516")~~RJStevensMusicPresentationCreator.Program~0000002399
2024-12-14 21:51:59.0873~DEBUG~download completed~~RJStevensMusicPresentationCreator.Program~0000002400
2024-12-14 21:51:59.0873~DEBUG~<- DownloadFile(url = "https://faas-nyc1-2ef2e6cc.doserverless.co/api/v1/web/fn-dd7f8f6a-d32a-4f5e-ae7b-870dfb7963f3/downloads/bundle?id=000000000000523", filename = "C:\Users\cofc_\AppData\Local\Temp\tmp9661.tmp\rjsec516.ZIP", message = "rjsec516")~~RJStevensMusicPresentationCreator.Program~0000002401
2024-12-14 21:51:59.1083~DEBUG~-> ExtractAllFromFile(zipFileName = "C:\Users\cofc_\AppData\Local\Temp\tmp9661.tmp\rjsec516.ZIP", decompressedFolder = "C:\Users\cofc_\AppData\Local\Temp\tmp977C.tmp", message = "rjsec516")~~RJStevensMusicPresentationCreator.Program~0000002402
2024-12-14 21:51:59.4223~DEBUG~extract completed~~RJStevensMusicPresentationCreator.Program~0000002403
2024-12-14 21:51:59.4223~DEBUG~<- ExtractAllFromFile(zipFileName = "C:\Users\cofc_\AppData\Local\Temp\tmp9661.tmp\rjsec516.ZIP", decompressedFolder = "C:\Users\cofc_\AppData\Local\Temp\tmp977C.tmp", message = "rjsec516")~~RJStevensMusicPresentationCreator.Program~0000002404
2024-12-14 21:51:59.5033~DEBUG~-> DownloadFile(url = "https://faas-nyc1-2ef2e6cc.doserverless.co/api/v1/web/fn-dd7f8f6a-d32a-4f5e-ae7b-870dfb7963f3/downloads/bundle?id=000000000000525", filename = "C:\Users\cofc_\AppData\Local\Temp\tmp9913.tmp\rjsec518.ZIP", message = "rjsec518")~~RJStevensMusicPresentationCreator.Program~0000002405
2024-12-14 21:51:59.7173~DEBUG~download completed~~RJStevensMusicPresentationCreator.Program~0000002406
2024-12-14 21:51:59.7173~DEBUG~<- DownloadFile(url = "https://faas-nyc1-2ef2e6cc.doserverless.co/api/v1/web/fn-dd7f8f6a-d32a-4f5e-ae7b-870dfb7963f3/downloads/bundle?id=000000000000525", filename = "C:\Users\cofc_\AppData\Local\Temp\tmp9913.tmp\rjsec518.ZIP", message = "rjsec518")~~RJStevensMusicPresentationCreator.Program~0000002407
2024-12-14 21:51:59.7373~DEBUG~-> ExtractAllFromFile(zipFileName = "C:\Users\cofc_\AppData\Local\Temp\tmp9913.tmp\rjsec518.ZIP", decompressedFolder = "C:\Users\cofc_\AppData\Local\Temp\tmp99FE.tmp", message = "rjsec518")~~RJStevensMusicPresentationCreator.Program~0000002408
2024-12-14 21:52:00.0693~DEBUG~extract completed~~RJStevensMusicPresentationCreator.Program~0000002409
2024-12-14 21:52:00.0693~DEBUG~<- ExtractAllFromFile(zipFileName = "C:\Users\cofc_\AppData\Local\Temp\tmp9913.tmp\rjsec518.ZIP", decompressedFolder = "C:\Users\cofc_\AppData\Local\Temp\tmp99FE.tmp", message = "rjsec518")~~RJStevensMusicPresentationCreator.Program~0000002410
2024-12-14 21:52:00.1513~DEBUG~-> DownloadFile(url = "https://faas-nyc1-2ef2e6cc.doserverless.co/api/v1/web/fn-dd7f8f6a-d32a-4f5e-ae7b-870dfb7963f3/downloads/bundle?id=000000000000527", filename = "C:\Users\cofc_\AppData\Local\Temp\tmp9B95.tmp\rjsec520.ZIP", message = "rjsec520")~~RJStevensMusicPresentationCreator.Program~0000002411
2024-12-14 21:52:00.3923~DEBUG~download completed~~RJStevensMusicPresentationCreator.Program~0000002412
2024-12-14 21:52:00.3923~DEBUG~<- DownloadFile(url = "https://faas-nyc1-2ef2e6cc.doserverless.co/api/v1/web/fn-dd7f8f6a-d32a-4f5e-ae7b-870dfb7963f3/downloads/bundle?id=000000000000527", filename = "C:\Users\cofc_\AppData\Local\Temp\tmp9B95.tmp\rjsec520.ZIP", message = "rjsec520")~~RJStevensMusicPresentationCreator.Program~0000002413
2024-12-14 21:52:00.4083~DEBUG~-> ExtractAllFromFile(zipFileName = "C:\Users\cofc_\AppData\Local\Temp\tmp9B95.tmp\rjsec520.ZIP", decompressedFolder = "C:\Users\cofc_\AppData\Local\Temp\tmp9CA0.tmp", message = "rjsec520")~~RJStevensMusicPresentationCreator.Program~0000002414
2024-12-14 21:52:00.7104~DEBUG~extract completed~~RJStevensMusicPresentationCreator.Program~0000002415
2024-12-14 21:52:00.7104~DEBUG~<- ExtractAllFromFile(zipFileName = "C:\Users\cofc_\AppData\Local\Temp\tmp9B95.tmp\rjsec520.ZIP", decompressedFolder = "C:\Users\cofc_\AppData\Local\Temp\tmp9CA0.tmp", message = "rjsec520")~~RJStevensMusicPresentationCreator.Program~0000002416
2024-12-14 21:52:00.7914~DEBUG~-> DownloadFile(url = "https://faas-nyc1-2ef2e6cc.doserverless.co/api/v1/web/fn-dd7f8f6a-d32a-4f5e-ae7b-870dfb7963f3/downloads/bundle?id=000000000000528", filename = "C:\Users\cofc_\AppData\Local\Temp\tmp9E18.tmp\rjsec521.ZIP", message = "rjsec521")~~RJStevensMusicPresentationCreator.Program~0000002417
2024-12-14 21:52:00.9884~DEBUG~download completed~~RJStevensMusicPresentationCreator.Program~0000002418
2024-12-14 21:52:00.9884~DEBUG~<- DownloadFile(url = "https://faas-nyc1-2ef2e6cc.doserverless.co/api/v1/web/fn-dd7f8f6a-d32a-4f5e-ae7b-870dfb7963f3/downloads/bundle?id=000000000000528", filename = "C:\Users\cofc_\AppData\Local\Temp\tmp9E18.tmp\rjsec521.ZIP", message = "rjsec521")~~RJStevensMusicPresentationCreator.Program~0000002419
2024-12-14 21:52:01.0074~DEBUG~-> ExtractAllFromFile(zipFileName = "C:\Users\cofc_\AppData\Local\Temp\tmp9E18.tmp\rjsec521.ZIP", decompressedFolder = "C:\Users\cofc_\AppData\Local\Temp\tmp9EF4.tmp", message = "rjsec521")~~RJStevensMusicPresentationCreator.Program~0000002420
2024-12-14 21:52:01.2664~DEBUG~extract completed~~RJStevensMusicPresentationCreator.Program~0000002421
2024-12-14 21:52:01.2664~DEBUG~<- ExtractAllFromFile(zipFileName = "C:\Users\cofc_\AppData\Local\Temp\tmp9E18.tmp\rjsec521.ZIP", decompressedFolder = "C:\Users\cofc_\AppData\Local\Temp\tmp9EF4.tmp", message = "rjsec521")~~RJStevensMusicPresentationCreator.Program~0000002422
2024-12-14 21:52:01.3434~DEBUG~-> DownloadFile(url = "https://faas-nyc1-2ef2e6cc.doserverless.co/api/v1/web/fn-dd7f8f6a-d32a-4f5e-ae7b-870dfb7963f3/downloads/bundle?id=000000000000529", filename = "C:\Users\cofc_\AppData\Local\Temp\tmpA03D.tmp\rjsec522.ZIP", message = "rjsec522")~~RJStevensMusicPresentationCreator.Program~0000002423
2024-12-14 21:52:01.5654~DEBUG~download completed~~RJStevensMusicPresentationCreator.Program~0000002424
2024-12-14 21:52:01.5654~DEBUG~<- DownloadFile(url = "https://faas-nyc1-2ef2e6cc.doserverless.co/api/v1/web/fn-dd7f8f6a-d32a-4f5e-ae7b-870dfb7963f3/downloads/bundle?id=000000000000529", filename = "C:\Users\cofc_\AppData\Local\Temp\tmpA03D.tmp\rjsec522.ZIP", message = "rjsec522")~~RJStevensMusicPresentationCreator.Program~0000002425
2024-12-14 21:52:01.5834~DEBUG~-> ExtractAllFromFile(zipFileName = "C:\Users\cofc_\AppData\Local\Temp\tmpA03D.tmp\rjsec522.ZIP", decompressedFolder = "C:\Users\cofc_\AppData\Local\Temp\tmpA138.tmp", message = "rjsec522")~~RJStevensMusicPresentationCreator.Program~0000002426
2024-12-14 21:52:01.8825~DEBUG~extract completed~~RJStevensMusicPresentationCreator.Program~0000002427
2024-12-14 21:52:01.8825~DEBUG~<- ExtractAllFromFile(zipFileName = "C:\Users\cofc_\AppData\Local\Temp\tmpA03D.tmp\rjsec522.ZIP", decompressedFolder = "C:\Users\cofc_\AppData\Local\Temp\tmpA138.tmp", message = "rjsec522")~~RJStevensMusicPresentationCreator.Program~0000002428
2024-12-14 21:52:01.9665~DEBUG~-> DownloadFile(url = "https://faas-nyc1-2ef2e6cc.doserverless.co/api/v1/web/fn-dd7f8f6a-d32a-4f5e-ae7b-870dfb7963f3/downloads/bundle?id=000000000000530", filename = "C:\Users\cofc_\AppData\Local\Temp\tmpA2B0.tmp\rjsec523.ZIP", message = "rjsec523")~~RJStevensMusicPresentationCreator.Program~0000002429
2024-12-14 21:52:02.2195~DEBUG~download completed~~RJStevensMusicPresentationCreator.Program~0000002430
2024-12-14 21:52:02.2195~DEBUG~<- DownloadFile(url = "https://faas-nyc1-2ef2e6cc.doserverless.co/api/v1/web/fn-dd7f8f6a-d32a-4f5e-ae7b-870dfb7963f3/downloads/bundle?id=000000000000530", filename = "C:\Users\cofc_\AppData\Local\Temp\tmpA2B0.tmp\rjsec523.ZIP", message = "rjsec523")~~RJStevensMusicPresentationCreator.Program~0000002431
2024-12-14 21:52:02.2405~DEBUG~-> ExtractAllFromFile(zipFileName = "C:\Users\cofc_\AppData\Local\Temp\tmpA2B0.tmp\rjsec523.ZIP", decompressedFolder = "C:\Users\cofc_\AppData\Local\Temp\tmpA3CA.tmp", message = "rjsec523")~~RJStevensMusicPresentationCreator.Program~0000002432
2024-12-14 21:52:02.4853~DEBUG~extract completed~~RJStevensMusicPresentationCreator.Program~0000002433
2024-12-14 21:52:02.4853~DEBUG~<- ExtractAllFromFile(zipFileName = "C:\Users\cofc_\AppData\Local\Temp\tmpA2B0.tmp\rjsec523.ZIP", decompressedFolder = "C:\Users\cofc_\AppData\Local\Temp\tmpA3CA.tmp", message = "rjsec523")~~RJStevensMusicPresentationCreator.Program~0000002434
2024-12-14 21:52:02.5583~DEBUG~-> DownloadFile(url = "https://faas-nyc1-2ef2e6cc.doserverless.co/api/v1/web/fn-dd7f8f6a-d32a-4f5e-ae7b-870dfb7963f3/downloads/bundle?id=000000000000531", filename = "C:\Users\cofc_\AppData\Local\Temp\tmpA504.tmp\rjsec524.ZIP", message = "rjsec524")~~RJStevensMusicPresentationCreator.Program~0000002435
2024-12-14 21:52:02.7823~DEBUG~download completed~~RJStevensMusicPresentationCreator.Program~0000002436
2024-12-14 21:52:02.7823~DEBUG~<- DownloadFile(url = "https://faas-nyc1-2ef2e6cc.doserverless.co/api/v1/web/fn-dd7f8f6a-d32a-4f5e-ae7b-870dfb7963f3/downloads/bundle?id=000000000000531", filename = "C:\Users\cofc_\AppData\Local\Temp\tmpA504.tmp\rjsec524.ZIP", message = "rjsec524")~~RJStevensMusicPresentationCreator.Program~0000002437
2024-12-14 21:52:02.8013~DEBUG~-> ExtractAllFromFile(zipFileName = "C:\Users\cofc_\AppData\Local\Temp\tmpA504.tmp\rjsec524.ZIP", decompressedFolder = "C:\Users\cofc_\AppData\Local\Temp\tmpA5FF.tmp", message = "rjsec524")~~RJStevensMusicPresentationCreator.Program~0000002438
2024-12-14 21:52:03.1223~DEBUG~extract completed~~RJStevensMusicPresentationCreator.Program~0000002439
2024-12-14 21:52:03.1253~DEBUG~<- ExtractAllFromFile(zipFileName = "C:\Users\cofc_\AppData\Local\Temp\tmpA504.tmp\rjsec524.ZIP", decompressedFolder = "C:\Users\cofc_\AppData\Local\Temp\tmpA5FF.tmp", message = "rjsec524")~~RJStevensMusicPresentationCreator.Program~0000002440
2024-12-14 21:52:03.2094~DEBUG~-> DownloadFile(url = "https://faas-nyc1-2ef2e6cc.doserverless.co/api/v1/web/fn-dd7f8f6a-d32a-4f5e-ae7b-870dfb7963f3/downloads/bundle?id=000000000000532", filename = "C:\Users\cofc_\AppData\Local\Temp\tmpA796.tmp\rjsec525.ZIP", message = "rjsec525")~~RJStevensMusicPresentationCreator.Program~0000002441
2024-12-14 21:52:03.4064~DEBUG~download completed~~RJStevensMusicPresentationCreator.Program~0000002442
2024-12-14 21:52:03.4074~DEBUG~<- DownloadFile(url = "https://faas-nyc1-2ef2e6cc.doserverless.co/api/v1/web/fn-dd7f8f6a-d32a-4f5e-ae7b-870dfb7963f3/downloads/bundle?id=000000000000532", filename = "C:\Users\cofc_\AppData\Local\Temp\tmpA796.tmp\rjsec525.ZIP", message = "rjsec525")~~RJStevensMusicPresentationCreator.Program~0000002443
2024-12-14 21:52:03.4074~DEBUG~-> ExtractAllFromFile(zipFileName = "C:\Users\cofc_\AppData\Local\Temp\tmpA796.tmp\rjsec525.ZIP", decompressedFolder = "C:\Users\cofc_\AppData\Local\Temp\tmpA862.tmp", message = "rjsec525")~~RJStevensMusicPresentationCreator.Program~0000002444
2024-12-14 21:52:03.5777~DEBUG~extract completed~~RJStevensMusicPresentationCreator.Program~0000002445
2024-12-14 21:52:03.5817~DEBUG~<- ExtractAllFromFile(zipFileName = "C:\Users\cofc_\AppData\Local\Temp\tmpA796.tmp\rjsec525.ZIP", decompressedFolder = "C:\Users\cofc_\AppData\Local\Temp\tmpA862.tmp", message = "rjsec525")~~RJStevensMusicPresentationCreator.Program~0000002446
2024-12-14 21:52:03.6387~DEBUG~-> DownloadFile(url = "https://faas-nyc1-2ef2e6cc.doserverless.co/api/v1/web/fn-dd7f8f6a-d32a-4f5e-ae7b-870dfb7963f3/downloads/bundle?id=000000000000533", filename = "C:\Users\cofc_\AppData\Local\Temp\tmpA93E.tmp\rjsec526.ZIP", message = "rjsec526")~~RJStevensMusicPresentationCreator.Program~0000002447
2024-12-14 21:52:03.8847~DEBUG~download completed~~RJStevensMusicPresentationCreator.Program~0000002448
2024-12-14 21:52:03.8847~DEBUG~<- DownloadFile(url = "https://faas-nyc1-2ef2e6cc.doserverless.co/api/v1/web/fn-dd7f8f6a-d32a-4f5e-ae7b-870dfb7963f3/downloads/bundle?id=000000000000533", filename = "C:\Users\cofc_\AppData\Local\Temp\tmpA93E.tmp\rjsec526.ZIP", message = "rjsec526")~~RJStevensMusicPresentationCreator.Program~0000002449
2024-12-14 21:52:03.9047~DEBUG~-> ExtractAllFromFile(zipFileName = "C:\Users\cofc_\AppData\Local\Temp\tmpA93E.tmp\rjsec526.ZIP", decompressedFolder = "C:\Users\cofc_\AppData\Local\Temp\tmpAA48.tmp", message = "rjsec526")~~RJStevensMusicPresentationCreator.Program~0000002450
2024-12-14 21:52:04.1753~DEBUG~extract completed~~RJStevensMusicPresentationCreator.Program~0000002451
2024-12-14 21:52:04.1753~DEBUG~<- ExtractAllFromFile(zipFileName = "C:\Users\cofc_\AppData\Local\Temp\tmpA93E.tmp\rjsec526.ZIP", decompressedFolder = "C:\Users\cofc_\AppData\Local\Temp\tmpAA48.tmp", message = "rjsec526")~~RJStevensMusicPresentationCreator.Program~0000002452
2024-12-14 21:52:04.2463~DEBUG~-> DownloadFile(url = "https://faas-nyc1-2ef2e6cc.doserverless.co/api/v1/web/fn-dd7f8f6a-d32a-4f5e-ae7b-870dfb7963f3/downloads/bundle?id=000000000000535", filename = "C:\Users\cofc_\AppData\Local\Temp\tmpABA1.tmp\rjsec528.ZIP", message = "rjsec528")~~RJStevensMusicPresentationCreator.Program~0000002453
2024-12-14 21:52:04.5083~DEBUG~download completed~~RJStevensMusicPresentationCreator.Program~0000002454
2024-12-14 21:52:04.5083~DEBUG~<- DownloadFile(url = "https://faas-nyc1-2ef2e6cc.doserverless.co/api/v1/web/fn-dd7f8f6a-d32a-4f5e-ae7b-870dfb7963f3/downloads/bundle?id=000000000000535", filename = "C:\Users\cofc_\AppData\Local\Temp\tmpABA1.tmp\rjsec528.ZIP", message = "rjsec528")~~RJStevensMusicPresentationCreator.Program~0000002455
2024-12-14 21:52:04.5303~DEBUG~-> ExtractAllFromFile(zipFileName = "C:\Users\cofc_\AppData\Local\Temp\tmpABA1.tmp\rjsec528.ZIP", decompressedFolder = "C:\Users\cofc_\AppData\Local\Temp\tmpACBB.tmp", message = "rjsec528")~~RJStevensMusicPresentationCreator.Program~0000002456
2024-12-14 21:52:04.8943~DEBUG~extract completed~~RJStevensMusicPresentationCreator.Program~0000002457
2024-12-14 21:52:04.8943~DEBUG~<- ExtractAllFromFile(zipFileName = "C:\Users\cofc_\AppData\Local\Temp\tmpABA1.tmp\rjsec528.ZIP", decompressedFolder = "C:\Users\cofc_\AppData\Local\Temp\tmpACBB.tmp", message = "rjsec528")~~RJStevensMusicPresentationCreator.Program~0000002458
2024-12-14 21:52:04.9773~DEBUG~-> DownloadFile(url = "https://faas-nyc1-2ef2e6cc.doserverless.co/api/v1/web/fn-dd7f8f6a-d32a-4f5e-ae7b-870dfb7963f3/downloads/bundle?id=000000000000536", filename = "C:\Users\cofc_\AppData\Local\Temp\tmpAE82.tmp\rjsec529.ZIP", message = "rjsec529")~~RJStevensMusicPresentationCreator.Program~0000002459
2024-12-14 21:52:05.1974~DEBUG~download completed~~RJStevensMusicPresentationCreator.Program~0000002460
2024-12-14 21:52:05.1974~DEBUG~<- DownloadFile(url = "https://faas-nyc1-2ef2e6cc.doserverless.co/api/v1/web/fn-dd7f8f6a-d32a-4f5e-ae7b-870dfb7963f3/downloads/bundle?id=000000000000536", filename = "C:\Users\cofc_\AppData\Local\Temp\tmpAE82.tmp\rjsec529.ZIP", message = "rjsec529")~~RJStevensMusicPresentationCreator.Program~0000002461
2024-12-14 21:52:05.2124~DEBUG~-> ExtractAllFromFile(zipFileName = "C:\Users\cofc_\AppData\Local\Temp\tmpAE82.tmp\rjsec529.ZIP", decompressedFolder = "C:\Users\cofc_\AppData\Local\Temp\tmpAF6D.tmp", message = "rjsec529")~~RJStevensMusicPresentationCreator.Program~0000002462
2024-12-14 21:52:05.4804~DEBUG~extract completed~~RJStevensMusicPresentationCreator.Program~0000002463
2024-12-14 21:52:05.4804~DEBUG~<- ExtractAllFromFile(zipFileName = "C:\Users\cofc_\AppData\Local\Temp\tmpAE82.tmp\rjsec529.ZIP", decompressedFolder = "C:\Users\cofc_\AppData\Local\Temp\tmpAF6D.tmp", message = "rjsec529")~~RJStevensMusicPresentationCreator.Program~0000002464
2024-12-14 21:52:05.5564~DEBUG~-> DownloadFile(url = "https://faas-nyc1-2ef2e6cc.doserverless.co/api/v1/web/fn-dd7f8f6a-d32a-4f5e-ae7b-870dfb7963f3/downloads/bundle?id=000000000000537", filename = "C:\Users\cofc_\AppData\Local\Temp\tmpB0C6.tmp\rjsec530.ZIP", message = "rjsec530")~~RJStevensMusicPresentationCreator.Program~0000002465
2024-12-14 21:52:05.8234~DEBUG~download completed~~RJStevensMusicPresentationCreator.Program~0000002466
2024-12-14 21:52:05.8234~DEBUG~<- DownloadFile(url = "https://faas-nyc1-2ef2e6cc.doserverless.co/api/v1/web/fn-dd7f8f6a-d32a-4f5e-ae7b-870dfb7963f3/downloads/bundle?id=000000000000537", filename = "C:\Users\cofc_\AppData\Local\Temp\tmpB0C6.tmp\rjsec530.ZIP", message = "rjsec530")~~RJStevensMusicPresentationCreator.Program~0000002467
2024-12-14 21:52:05.8424~DEBUG~-> ExtractAllFromFile(zipFileName = "C:\Users\cofc_\AppData\Local\Temp\tmpB0C6.tmp\rjsec530.ZIP", decompressedFolder = "C:\Users\cofc_\AppData\Local\Temp\tmpB1E0.tmp", message = "rjsec530")~~RJStevensMusicPresentationCreator.Program~0000002468
2024-12-14 21:52:06.2344~DEBUG~extract completed~~RJStevensMusicPresentationCreator.Program~0000002469
2024-12-14 21:52:06.2374~DEBUG~<- ExtractAllFromFile(zipFileName = "C:\Users\cofc_\AppData\Local\Temp\tmpB0C6.tmp\rjsec530.ZIP", decompressedFolder = "C:\Users\cofc_\AppData\Local\Temp\tmpB1E0.tmp", message = "rjsec530")~~RJStevensMusicPresentationCreator.Program~0000002470
2024-12-14 21:52:06.3234~DEBUG~-> DownloadFile(url = "https://faas-nyc1-2ef2e6cc.doserverless.co/api/v1/web/fn-dd7f8f6a-d32a-4f5e-ae7b-870dfb7963f3/downloads/bundle?id=000000000000538", filename = "C:\Users\cofc_\AppData\Local\Temp\tmpB3C5.tmp\rjsec531.ZIP", message = "rjsec531")~~RJStevensMusicPresentationCreator.Program~0000002471
2024-12-14 21:52:06.4985~DEBUG~download completed~~RJStevensMusicPresentationCreator.Program~0000002472
2024-12-14 21:52:06.4985~DEBUG~<- DownloadFile(url = "https://faas-nyc1-2ef2e6cc.doserverless.co/api/v1/web/fn-dd7f8f6a-d32a-4f5e-ae7b-870dfb7963f3/downloads/bundle?id=000000000000538", filename = "C:\Users\cofc_\AppData\Local\Temp\tmpB3C5.tmp\rjsec531.ZIP", message = "rjsec531")~~RJStevensMusicPresentationCreator.Program~0000002473
2024-12-14 21:52:06.5135~DEBUG~-> ExtractAllFromFile(zipFileName = "C:\Users\cofc_\AppData\Local\Temp\tmpB3C5.tmp\rjsec531.ZIP", decompressedFolder = "C:\Users\cofc_\AppData\Local\Temp\tmpB482.tmp", message = "rjsec531")~~RJStevensMusicPresentationCreator.Program~0000002474
2024-12-14 21:52:06.6715~DEBUG~extract completed~~RJStevensMusicPresentationCreator.Program~0000002475
2024-12-14 21:52:06.6755~DEBUG~<- ExtractAllFromFile(zipFileName = "C:\Users\cofc_\AppData\Local\Temp\tmpB3C5.tmp\rjsec531.ZIP", decompressedFolder = "C:\Users\cofc_\AppData\Local\Temp\tmpB482.tmp", message = "rjsec531")~~RJStevensMusicPresentationCreator.Program~0000002476
2024-12-14 21:52:06.7285~DEBUG~-> DownloadFile(url = "https://faas-nyc1-2ef2e6cc.doserverless.co/api/v1/web/fn-dd7f8f6a-d32a-4f5e-ae7b-870dfb7963f3/downloads/bundle?id=000000000000539", filename = "C:\Users\cofc_\AppData\Local\Temp\tmpB55E.tmp\rjsec531a.ZIP", message = "rjsec531a")~~RJStevensMusicPresentationCreator.Program~0000002477
2024-12-14 21:52:06.9575~DEBUG~download completed~~RJStevensMusicPresentationCreator.Program~0000002478
2024-12-14 21:52:06.9575~DEBUG~<- DownloadFile(url = "https://faas-nyc1-2ef2e6cc.doserverless.co/api/v1/web/fn-dd7f8f6a-d32a-4f5e-ae7b-870dfb7963f3/downloads/bundle?id=000000000000539", filename = "C:\Users\cofc_\AppData\Local\Temp\tmpB55E.tmp\rjsec531a.ZIP", message = "rjsec531a")~~RJStevensMusicPresentationCreator.Program~0000002479
2024-12-14 21:52:06.9775~DEBUG~-> ExtractAllFromFile(zipFileName = "C:\Users\cofc_\AppData\Local\Temp\tmpB55E.tmp\rjsec531a.ZIP", decompressedFolder = "C:\Users\cofc_\AppData\Local\Temp\tmpB659.tmp", message = "rjsec531a")~~RJStevensMusicPresentationCreator.Program~0000002480
2024-12-14 21:52:07.3255~DEBUG~extract completed~~RJStevensMusicPresentationCreator.Program~0000002481
2024-12-14 21:52:07.3305~DEBUG~<- ExtractAllFromFile(zipFileName = "C:\Users\cofc_\AppData\Local\Temp\tmpB55E.tmp\rjsec531a.ZIP", decompressedFolder = "C:\Users\cofc_\AppData\Local\Temp\tmpB659.tmp", message = "rjsec531a")~~RJStevensMusicPresentationCreator.Program~0000002482
2024-12-14 21:52:07.4145~DEBUG~-> DownloadFile(url = "https://faas-nyc1-2ef2e6cc.doserverless.co/api/v1/web/fn-dd7f8f6a-d32a-4f5e-ae7b-870dfb7963f3/downloads/bundle?id=000000000000540", filename = "C:\Users\cofc_\AppData\Local\Temp\tmpB80F.tmp\rjsec532.ZIP", message = "rjsec532")~~RJStevensMusicPresentationCreator.Program~0000002483
2024-12-14 21:52:07.6335~DEBUG~download completed~~RJStevensMusicPresentationCreator.Program~0000002484
2024-12-14 21:52:07.6335~DEBUG~<- DownloadFile(url = "https://faas-nyc1-2ef2e6cc.doserverless.co/api/v1/web/fn-dd7f8f6a-d32a-4f5e-ae7b-870dfb7963f3/downloads/bundle?id=000000000000540", filename = "C:\Users\cofc_\AppData\Local\Temp\tmpB80F.tmp\rjsec532.ZIP", message = "rjsec532")~~RJStevensMusicPresentationCreator.Program~0000002485
2024-12-14 21:52:07.6525~DEBUG~-> ExtractAllFromFile(zipFileName = "C:\Users\cofc_\AppData\Local\Temp\tmpB80F.tmp\rjsec532.ZIP", decompressedFolder = "C:\Users\cofc_\AppData\Local\Temp\tmpB8FA.tmp", message = "rjsec532")~~RJStevensMusicPresentationCreator.Program~0000002486
2024-12-14 21:52:07.9966~DEBUG~extract completed~~RJStevensMusicPresentationCreator.Program~0000002487
2024-12-14 21:52:07.9966~DEBUG~<- ExtractAllFromFile(zipFileName = "C:\Users\cofc_\AppData\Local\Temp\tmpB80F.tmp\rjsec532.ZIP", decompressedFolder = "C:\Users\cofc_\AppData\Local\Temp\tmpB8FA.tmp", message = "rjsec532")~~RJStevensMusicPresentationCreator.Program~0000002488
2024-12-14 21:52:08.0826~DEBUG~-> DownloadFile(url = "https://faas-nyc1-2ef2e6cc.doserverless.co/api/v1/web/fn-dd7f8f6a-d32a-4f5e-ae7b-870dfb7963f3/downloads/bundle?id=000000000000541", filename = "C:\Users\cofc_\AppData\Local\Temp\tmpBAB1.tmp\rjsec533.ZIP", message = "rjsec533")~~RJStevensMusicPresentationCreator.Program~0000002489
2024-12-14 21:52:08.2936~DEBUG~download completed~~RJStevensMusicPresentationCreator.Program~0000002490
2024-12-14 21:52:08.2936~DEBUG~<- DownloadFile(url = "https://faas-nyc1-2ef2e6cc.doserverless.co/api/v1/web/fn-dd7f8f6a-d32a-4f5e-ae7b-870dfb7963f3/downloads/bundle?id=000000000000541", filename = "C:\Users\cofc_\AppData\Local\Temp\tmpBAB1.tmp\rjsec533.ZIP", message = "rjsec533")~~RJStevensMusicPresentationCreator.Program~0000002491
2024-12-14 21:52:08.3116~DEBUG~-> ExtractAllFromFile(zipFileName = "C:\Users\cofc_\AppData\Local\Temp\tmpBAB1.tmp\rjsec533.ZIP", decompressedFolder = "C:\Users\cofc_\AppData\Local\Temp\tmpBB8D.tmp", message = "rjsec533")~~RJStevensMusicPresentationCreator.Program~0000002492
2024-12-14 21:52:08.5436~DEBUG~extract completed~~RJStevensMusicPresentationCreator.Program~0000002493
2024-12-14 21:52:08.5476~DEBUG~<- ExtractAllFromFile(zipFileName = "C:\Users\cofc_\AppData\Local\Temp\tmpBAB1.tmp\rjsec533.ZIP", decompressedFolder = "C:\Users\cofc_\AppData\Local\Temp\tmpBB8D.tmp", message = "rjsec533")~~RJStevensMusicPresentationCreator.Program~0000002494
2024-12-14 21:52:08.6136~DEBUG~-> DownloadFile(url = "https://faas-nyc1-2ef2e6cc.doserverless.co/api/v1/web/fn-dd7f8f6a-d32a-4f5e-ae7b-870dfb7963f3/downloads/bundle?id=000000000000542", filename = "C:\Users\cofc_\AppData\Local\Temp\tmpBCC6.tmp\rjsec534.ZIP", message = "rjsec534")~~RJStevensMusicPresentationCreator.Program~0000002495
2024-12-14 21:52:08.8336~DEBUG~download completed~~RJStevensMusicPresentationCreator.Program~0000002496
2024-12-14 21:52:08.8336~DEBUG~<- DownloadFile(url = "https://faas-nyc1-2ef2e6cc.doserverless.co/api/v1/web/fn-dd7f8f6a-d32a-4f5e-ae7b-870dfb7963f3/downloads/bundle?id=000000000000542", filename = "C:\Users\cofc_\AppData\Local\Temp\tmpBCC6.tmp\rjsec534.ZIP", message = "rjsec534")~~RJStevensMusicPresentationCreator.Program~0000002497
2024-12-14 21:52:08.8546~DEBUG~-> ExtractAllFromFile(zipFileName = "C:\Users\cofc_\AppData\Local\Temp\tmpBCC6.tmp\rjsec534.ZIP", decompressedFolder = "C:\Users\cofc_\AppData\Local\Temp\tmpBDB2.tmp", message = "rjsec534")~~RJStevensMusicPresentationCreator.Program~0000002498
2024-12-14 21:52:09.1476~DEBUG~extract completed~~RJStevensMusicPresentationCreator.Program~0000002499
2024-12-14 21:52:09.1476~DEBUG~<- ExtractAllFromFile(zipFileName = "C:\Users\cofc_\AppData\Local\Temp\tmpBCC6.tmp\rjsec534.ZIP", decompressedFolder = "C:\Users\cofc_\AppData\Local\Temp\tmpBDB2.tmp", message = "rjsec534")~~RJStevensMusicPresentationCreator.Program~0000002500
2024-12-14 21:52:09.2237~DEBUG~-> DownloadFile(url = "https://faas-nyc1-2ef2e6cc.doserverless.co/api/v1/web/fn-dd7f8f6a-d32a-4f5e-ae7b-870dfb7963f3/downloads/bundle?id=000000000000544", filename = "C:\Users\cofc_\AppData\Local\Temp\tmpBF2A.tmp\rjsec536.ZIP", message = "rjsec536")~~RJStevensMusicPresentationCreator.Program~0000002501
2024-12-14 21:52:09.4377~DEBUG~download completed~~RJStevensMusicPresentationCreator.Program~0000002502
2024-12-14 21:52:09.4377~DEBUG~<- DownloadFile(url = "https://faas-nyc1-2ef2e6cc.doserverless.co/api/v1/web/fn-dd7f8f6a-d32a-4f5e-ae7b-870dfb7963f3/downloads/bundle?id=000000000000544", filename = "C:\Users\cofc_\AppData\Local\Temp\tmpBF2A.tmp\rjsec536.ZIP", message = "rjsec536")~~RJStevensMusicPresentationCreator.Program~0000002503
2024-12-14 21:52:09.4517~DEBUG~-> ExtractAllFromFile(zipFileName = "C:\Users\cofc_\AppData\Local\Temp\tmpBF2A.tmp\rjsec536.ZIP", decompressedFolder = "C:\Users\cofc_\AppData\Local\Temp\tmpC005.tmp", message = "rjsec536")~~RJStevensMusicPresentationCreator.Program~0000002504
2024-12-14 21:52:09.7637~DEBUG~extract completed~~RJStevensMusicPresentationCreator.Program~0000002505
2024-12-14 21:52:09.7677~DEBUG~<- ExtractAllFromFile(zipFileName = "C:\Users\cofc_\AppData\Local\Temp\tmpBF2A.tmp\rjsec536.ZIP", decompressedFolder = "C:\Users\cofc_\AppData\Local\Temp\tmpC005.tmp", message = "rjsec536")~~RJStevensMusicPresentationCreator.Program~0000002506
2024-12-14 21:52:09.8417~DEBUG~-> DownloadFile(url = "https://faas-nyc1-2ef2e6cc.doserverless.co/api/v1/web/fn-dd7f8f6a-d32a-4f5e-ae7b-870dfb7963f3/downloads/bundle?id=000000000000548", filename = "C:\Users\cofc_\AppData\Local\Temp\tmpC18D.tmp\rjsec540.ZIP", message = "rjsec540")~~RJStevensMusicPresentationCreator.Program~0000002507
2024-12-14 21:52:10.0387~DEBUG~download completed~~RJStevensMusicPresentationCreator.Program~0000002508
2024-12-14 21:52:10.0387~DEBUG~<- DownloadFile(url = "https://faas-nyc1-2ef2e6cc.doserverless.co/api/v1/web/fn-dd7f8f6a-d32a-4f5e-ae7b-870dfb7963f3/downloads/bundle?id=000000000000548", filename = "C:\Users\cofc_\AppData\Local\Temp\tmpC18D.tmp\rjsec540.ZIP", message = "rjsec540")~~RJStevensMusicPresentationCreator.Program~0000002509
2024-12-14 21:52:10.0577~DEBUG~-> ExtractAllFromFile(zipFileName = "C:\Users\cofc_\AppData\Local\Temp\tmpC18D.tmp\rjsec540.ZIP", decompressedFolder = "C:\Users\cofc_\AppData\Local\Temp\tmpC269.tmp", message = "rjsec540")~~RJStevensMusicPresentationCreator.Program~0000002510
2024-12-14 21:52:10.3417~DEBUG~extract completed~~RJStevensMusicPresentationCreator.Program~0000002511
2024-12-14 21:52:10.3467~DEBUG~<- ExtractAllFromFile(zipFileName = "C:\Users\cofc_\AppData\Local\Temp\tmpC18D.tmp\rjsec540.ZIP", decompressedFolder = "C:\Users\cofc_\AppData\Local\Temp\tmpC269.tmp", message = "rjsec540")~~RJStevensMusicPresentationCreator.Program~0000002512
2024-12-14 21:52:10.4147~DEBUG~-> DownloadFile(url = "https://faas-nyc1-2ef2e6cc.doserverless.co/api/v1/web/fn-dd7f8f6a-d32a-4f5e-ae7b-870dfb7963f3/downloads/bundle?id=000000000000549", filename = "C:\Users\cofc_\AppData\Local\Temp\tmpC3D1.tmp\rjsec541.ZIP", message = "rjsec541")~~RJStevensMusicPresentationCreator.Program~0000002513
2024-12-14 21:52:10.6338~DEBUG~download completed~~RJStevensMusicPresentationCreator.Program~0000002514
2024-12-14 21:52:10.6338~DEBUG~<- DownloadFile(url = "https://faas-nyc1-2ef2e6cc.doserverless.co/api/v1/web/fn-dd7f8f6a-d32a-4f5e-ae7b-870dfb7963f3/downloads/bundle?id=000000000000549", filename = "C:\Users\cofc_\AppData\Local\Temp\tmpC3D1.tmp\rjsec541.ZIP", message = "rjsec541")~~RJStevensMusicPresentationCreator.Program~0000002515
2024-12-14 21:52:10.6508~DEBUG~-> ExtractAllFromFile(zipFileName = "C:\Users\cofc_\AppData\Local\Temp\tmpC3D1.tmp\rjsec541.ZIP", decompressedFolder = "C:\Users\cofc_\AppData\Local\Temp\tmpC4BC.tmp", message = "rjsec541")~~RJStevensMusicPresentationCreator.Program~0000002516
2024-12-14 21:52:10.8898~DEBUG~extract completed~~RJStevensMusicPresentationCreator.Program~0000002517
2024-12-14 21:52:10.8958~DEBUG~<- ExtractAllFromFile(zipFileName = "C:\Users\cofc_\AppData\Local\Temp\tmpC3D1.tmp\rjsec541.ZIP", decompressedFolder = "C:\Users\cofc_\AppData\Local\Temp\tmpC4BC.tmp", message = "rjsec541")~~RJStevensMusicPresentationCreator.Program~0000002518
2024-12-14 21:52:10.9718~DEBUG~-> DownloadFile(url = "https://faas-nyc1-2ef2e6cc.doserverless.co/api/v1/web/fn-dd7f8f6a-d32a-4f5e-ae7b-870dfb7963f3/downloads/bundle?id=000000000000550", filename = "C:\Users\cofc_\AppData\Local\Temp\tmpC606.tmp\rjsec542.ZIP", message = "rjsec542")~~RJStevensMusicPresentationCreator.Program~0000002519
2024-12-14 21:52:11.2318~DEBUG~download completed~~RJStevensMusicPresentationCreator.Program~0000002520
2024-12-14 21:52:11.2318~DEBUG~<- DownloadFile(url = "https://faas-nyc1-2ef2e6cc.doserverless.co/api/v1/web/fn-dd7f8f6a-d32a-4f5e-ae7b-870dfb7963f3/downloads/bundle?id=000000000000550", filename = "C:\Users\cofc_\AppData\Local\Temp\tmpC606.tmp\rjsec542.ZIP", message = "rjsec542")~~RJStevensMusicPresentationCreator.Program~0000002521
2024-12-14 21:52:11.2468~DEBUG~-> ExtractAllFromFile(zipFileName = "C:\Users\cofc_\AppData\Local\Temp\tmpC606.tmp\rjsec542.ZIP", decompressedFolder = "C:\Users\cofc_\AppData\Local\Temp\tmpC710.tmp", message = "rjsec542")~~RJStevensMusicPresentationCreator.Program~0000002522
2024-12-14 21:52:11.5248~DEBUG~extract completed~~RJStevensMusicPresentationCreator.Program~0000002523
2024-12-14 21:52:11.5248~DEBUG~<- ExtractAllFromFile(zipFileName = "C:\Users\cofc_\AppData\Local\Temp\tmpC606.tmp\rjsec542.ZIP", decompressedFolder = "C:\Users\cofc_\AppData\Local\Temp\tmpC710.tmp", message = "rjsec542")~~RJStevensMusicPresentationCreator.Program~0000002524
2024-12-14 21:52:11.5978~DEBUG~-> DownloadFile(url = "https://faas-nyc1-2ef2e6cc.doserverless.co/api/v1/web/fn-dd7f8f6a-d32a-4f5e-ae7b-870dfb7963f3/downloads/bundle?id=000000000000551", filename = "C:\Users\cofc_\AppData\Local\Temp\tmpC879.tmp\rjsec543.ZIP", message = "rjsec543")~~RJStevensMusicPresentationCreator.Program~0000002525
2024-12-14 21:52:11.8168~DEBUG~download completed~~RJStevensMusicPresentationCreator.Program~0000002526
2024-12-14 21:52:11.8168~DEBUG~<- DownloadFile(url = "https://faas-nyc1-2ef2e6cc.doserverless.co/api/v1/web/fn-dd7f8f6a-d32a-4f5e-ae7b-870dfb7963f3/downloads/bundle?id=000000000000551", filename = "C:\Users\cofc_\AppData\Local\Temp\tmpC879.tmp\rjsec543.ZIP", message = "rjsec543")~~RJStevensMusicPresentationCreator.Program~0000002527
2024-12-14 21:52:11.8318~DEBUG~-> ExtractAllFromFile(zipFileName = "C:\Users\cofc_\AppData\Local\Temp\tmpC879.tmp\rjsec543.ZIP", decompressedFolder = "C:\Users\cofc_\AppData\Local\Temp\tmpC964.tmp", message = "rjsec543")~~RJStevensMusicPresentationCreator.Program~0000002528
2024-12-14 21:52:12.0489~DEBUG~extract completed~~RJStevensMusicPresentationCreator.Program~0000002529
2024-12-14 21:52:12.0489~DEBUG~<- ExtractAllFromFile(zipFileName = "C:\Users\cofc_\AppData\Local\Temp\tmpC879.tmp\rjsec543.ZIP", decompressedFolder = "C:\Users\cofc_\AppData\Local\Temp\tmpC964.tmp", message = "rjsec543")~~RJStevensMusicPresentationCreator.Program~0000002530
2024-12-14 21:52:12.1189~DEBUG~-> DownloadFile(url = "https://faas-nyc1-2ef2e6cc.doserverless.co/api/v1/web/fn-dd7f8f6a-d32a-4f5e-ae7b-870dfb7963f3/downloads/bundle?id=000000000000552", filename = "C:\Users\cofc_\AppData\Local\Temp\tmpCA7E.tmp\rjsec544.ZIP", message = "rjsec544")~~RJStevensMusicPresentationCreator.Program~0000002531
2024-12-14 21:52:12.3439~DEBUG~download completed~~RJStevensMusicPresentationCreator.Program~0000002532
2024-12-14 21:52:12.3449~DEBUG~<- DownloadFile(url = "https://faas-nyc1-2ef2e6cc.doserverless.co/api/v1/web/fn-dd7f8f6a-d32a-4f5e-ae7b-870dfb7963f3/downloads/bundle?id=000000000000552", filename = "C:\Users\cofc_\AppData\Local\Temp\tmpCA7E.tmp\rjsec544.ZIP", message = "rjsec544")~~RJStevensMusicPresentationCreator.Program~0000002533
2024-12-14 21:52:12.3629~DEBUG~-> ExtractAllFromFile(zipFileName = "C:\Users\cofc_\AppData\Local\Temp\tmpCA7E.tmp\rjsec544.ZIP", decompressedFolder = "C:\Users\cofc_\AppData\Local\Temp\tmpCB79.tmp", message = "rjsec544")~~RJStevensMusicPresentationCreator.Program~0000002534
2024-12-14 21:52:12.6829~DEBUG~extract completed~~RJStevensMusicPresentationCreator.Program~0000002535
2024-12-14 21:52:12.6879~DEBUG~<- ExtractAllFromFile(zipFileName = "C:\Users\cofc_\AppData\Local\Temp\tmpCA7E.tmp\rjsec544.ZIP", decompressedFolder = "C:\Users\cofc_\AppData\Local\Temp\tmpCB79.tmp", message = "rjsec544")~~RJStevensMusicPresentationCreator.Program~0000002536
2024-12-14 21:52:12.7689~DEBUG~-> DownloadFile(url = "https://faas-nyc1-2ef2e6cc.doserverless.co/api/v1/web/fn-dd7f8f6a-d32a-4f5e-ae7b-870dfb7963f3/downloads/bundle?id=000000000000553", filename = "C:\Users\cofc_\AppData\Local\Temp\tmpCD10.tmp\rjsec545.ZIP", message = "rjsec545")~~RJStevensMusicPresentationCreator.Program~0000002537
2024-12-14 21:52:12.9669~DEBUG~download completed~~RJStevensMusicPresentationCreator.Program~0000002538
2024-12-14 21:52:12.9669~DEBUG~<- DownloadFile(url = "https://faas-nyc1-2ef2e6cc.doserverless.co/api/v1/web/fn-dd7f8f6a-d32a-4f5e-ae7b-870dfb7963f3/downloads/bundle?id=000000000000553", filename = "C:\Users\cofc_\AppData\Local\Temp\tmpCD10.tmp\rjsec545.ZIP", message = "rjsec545")~~RJStevensMusicPresentationCreator.Program~0000002539
2024-12-14 21:52:12.9869~DEBUG~-> ExtractAllFromFile(zipFileName = "C:\Users\cofc_\AppData\Local\Temp\tmpCD10.tmp\rjsec545.ZIP", decompressedFolder = "C:\Users\cofc_\AppData\Local\Temp\tmpCDEC.tmp", message = "rjsec545")~~RJStevensMusicPresentationCreator.Program~0000002540
2024-12-14 21:52:13.2030~DEBUG~extract completed~~RJStevensMusicPresentationCreator.Program~0000002541
2024-12-14 21:52:13.2059~DEBUG~<- ExtractAllFromFile(zipFileName = "C:\Users\cofc_\AppData\Local\Temp\tmpCD10.tmp\rjsec545.ZIP", decompressedFolder = "C:\Users\cofc_\AppData\Local\Temp\tmpCDEC.tmp", message = "rjsec545")~~RJStevensMusicPresentationCreator.Program~0000002542
2024-12-14 21:52:13.2670~DEBUG~-> DownloadFile(url = "https://faas-nyc1-2ef2e6cc.doserverless.co/api/v1/web/fn-dd7f8f6a-d32a-4f5e-ae7b-870dfb7963f3/downloads/bundle?id=000000000000554", filename = "C:\Users\cofc_\AppData\Local\Temp\tmpCF06.tmp\rjsec546.ZIP", message = "rjsec546")~~RJStevensMusicPresentationCreator.Program~0000002543
2024-12-14 21:52:13.6220~DEBUG~download completed~~RJStevensMusicPresentationCreator.Program~0000002544
2024-12-14 21:52:13.6220~DEBUG~<- DownloadFile(url = "https://faas-nyc1-2ef2e6cc.doserverless.co/api/v1/web/fn-dd7f8f6a-d32a-4f5e-ae7b-870dfb7963f3/downloads/bundle?id=000000000000554", filename = "C:\Users\cofc_\AppData\Local\Temp\tmpCF06.tmp\rjsec546.ZIP", message = "rjsec546")~~RJStevensMusicPresentationCreator.Program~0000002545
2024-12-14 21:52:13.6360~DEBUG~-> ExtractAllFromFile(zipFileName = "C:\Users\cofc_\AppData\Local\Temp\tmpCF06.tmp\rjsec546.ZIP", decompressedFolder = "C:\Users\cofc_\AppData\Local\Temp\tmpD06F.tmp", message = "rjsec546")~~RJStevensMusicPresentationCreator.Program~0000002546
2024-12-14 21:52:13.9380~DEBUG~extract completed~~RJStevensMusicPresentationCreator.Program~0000002547
2024-12-14 21:52:13.9380~DEBUG~<- ExtractAllFromFile(zipFileName = "C:\Users\cofc_\AppData\Local\Temp\tmpCF06.tmp\rjsec546.ZIP", decompressedFolder = "C:\Users\cofc_\AppData\Local\Temp\tmpD06F.tmp", message = "rjsec546")~~RJStevensMusicPresentationCreator.Program~0000002548
2024-12-14 21:52:14.0190~DEBUG~-> DownloadFile(url = "https://faas-nyc1-2ef2e6cc.doserverless.co/api/v1/web/fn-dd7f8f6a-d32a-4f5e-ae7b-870dfb7963f3/downloads/bundle?id=000000000000555", filename = "C:\Users\cofc_\AppData\Local\Temp\tmpD1F6.tmp\rjsec547.ZIP", message = "rjsec547")~~RJStevensMusicPresentationCreator.Program~0000002549
2024-12-14 21:52:14.2320~DEBUG~download completed~~RJStevensMusicPresentationCreator.Program~0000002550
2024-12-14 21:52:14.2320~DEBUG~<- DownloadFile(url = "https://faas-nyc1-2ef2e6cc.doserverless.co/api/v1/web/fn-dd7f8f6a-d32a-4f5e-ae7b-870dfb7963f3/downloads/bundle?id=000000000000555", filename = "C:\Users\cofc_\AppData\Local\Temp\tmpD1F6.tmp\rjsec547.ZIP", message = "rjsec547")~~RJStevensMusicPresentationCreator.Program~0000002551
2024-12-14 21:52:14.2480~DEBUG~-> ExtractAllFromFile(zipFileName = "C:\Users\cofc_\AppData\Local\Temp\tmpD1F6.tmp\rjsec547.ZIP", decompressedFolder = "C:\Users\cofc_\AppData\Local\Temp\tmpD2D6.tmp", message = "rjsec547")~~RJStevensMusicPresentationCreator.Program~0000002552
2024-12-14 21:52:14.4950~DEBUG~extract completed~~RJStevensMusicPresentationCreator.Program~0000002553
2024-12-14 21:52:14.4950~DEBUG~<- ExtractAllFromFile(zipFileName = "C:\Users\cofc_\AppData\Local\Temp\tmpD1F6.tmp\rjsec547.ZIP", decompressedFolder = "C:\Users\cofc_\AppData\Local\Temp\tmpD2D6.tmp", message = "rjsec547")~~RJStevensMusicPresentationCreator.Program~0000002554
2024-12-14 21:52:14.5641~DEBUG~-> DownloadFile(url = "https://faas-nyc1-2ef2e6cc.doserverless.co/api/v1/web/fn-dd7f8f6a-d32a-4f5e-ae7b-870dfb7963f3/downloads/bundle?id=000000000000556", filename = "C:\Users\cofc_\AppData\Local\Temp\tmpD41B.tmp\rjsec548.ZIP", message = "rjsec548")~~RJStevensMusicPresentationCreator.Program~0000002555
2024-12-14 21:52:14.7651~DEBUG~download completed~~RJStevensMusicPresentationCreator.Program~0000002556
2024-12-14 21:52:14.7661~DEBUG~<- DownloadFile(url = "https://faas-nyc1-2ef2e6cc.doserverless.co/api/v1/web/fn-dd7f8f6a-d32a-4f5e-ae7b-870dfb7963f3/downloads/bundle?id=000000000000556", filename = "C:\Users\cofc_\AppData\Local\Temp\tmpD41B.tmp\rjsec548.ZIP", message = "rjsec548")~~RJStevensMusicPresentationCreator.Program~0000002557
2024-12-14 21:52:14.7871~DEBUG~-> ExtractAllFromFile(zipFileName = "C:\Users\cofc_\AppData\Local\Temp\tmpD41B.tmp\rjsec548.ZIP", decompressedFolder = "C:\Users\cofc_\AppData\Local\Temp\tmpD4F7.tmp", message = "rjsec548")~~RJStevensMusicPresentationCreator.Program~0000002558
2024-12-14 21:52:15.0371~DEBUG~extract completed~~RJStevensMusicPresentationCreator.Program~0000002559
2024-12-14 21:52:15.0371~DEBUG~<- ExtractAllFromFile(zipFileName = "C:\Users\cofc_\AppData\Local\Temp\tmpD41B.tmp\rjsec548.ZIP", decompressedFolder = "C:\Users\cofc_\AppData\Local\Temp\tmpD4F7.tmp", message = "rjsec548")~~RJStevensMusicPresentationCreator.Program~0000002560
2024-12-14 21:52:15.1121~DEBUG~-> DownloadFile(url = "https://faas-nyc1-2ef2e6cc.doserverless.co/api/v1/web/fn-dd7f8f6a-d32a-4f5e-ae7b-870dfb7963f3/downloads/bundle?id=000000000000557", filename = "C:\Users\cofc_\AppData\Local\Temp\tmpD640.tmp\rjsec549.ZIP", message = "rjsec549")~~RJStevensMusicPresentationCreator.Program~0000002561
2024-12-14 21:52:15.2971~DEBUG~download completed~~RJStevensMusicPresentationCreator.Program~0000002562
2024-12-14 21:52:15.2981~DEBUG~<- DownloadFile(url = "https://faas-nyc1-2ef2e6cc.doserverless.co/api/v1/web/fn-dd7f8f6a-d32a-4f5e-ae7b-870dfb7963f3/downloads/bundle?id=000000000000557", filename = "C:\Users\cofc_\AppData\Local\Temp\tmpD640.tmp\rjsec549.ZIP", message = "rjsec549")~~RJStevensMusicPresentationCreator.Program~0000002563
2024-12-14 21:52:15.2981~DEBUG~-> ExtractAllFromFile(zipFileName = "C:\Users\cofc_\AppData\Local\Temp\tmpD640.tmp\rjsec549.ZIP", decompressedFolder = "C:\Users\cofc_\AppData\Local\Temp\tmpD6FD.tmp", message = "rjsec549")~~RJStevensMusicPresentationCreator.Program~0000002564
2024-12-14 21:52:15.5341~DEBUG~extract completed~~RJStevensMusicPresentationCreator.Program~0000002565
2024-12-14 21:52:15.5341~DEBUG~<- ExtractAllFromFile(zipFileName = "C:\Users\cofc_\AppData\Local\Temp\tmpD640.tmp\rjsec549.ZIP", decompressedFolder = "C:\Users\cofc_\AppData\Local\Temp\tmpD6FD.tmp", message = "rjsec549")~~RJStevensMusicPresentationCreator.Program~0000002566
2024-12-14 21:52:15.6051~DEBUG~-> DownloadFile(url = "https://faas-nyc1-2ef2e6cc.doserverless.co/api/v1/web/fn-dd7f8f6a-d32a-4f5e-ae7b-870dfb7963f3/downloads/bundle?id=000000000000558", filename = "C:\Users\cofc_\AppData\Local\Temp\tmpD827.tmp\rjsec550.ZIP", message = "rjsec550")~~RJStevensMusicPresentationCreator.Program~0000002567
2024-12-14 21:52:15.8101~DEBUG~download completed~~RJStevensMusicPresentationCreator.Program~0000002568
2024-12-14 21:52:15.8101~DEBUG~<- DownloadFile(url = "https://faas-nyc1-2ef2e6cc.doserverless.co/api/v1/web/fn-dd7f8f6a-d32a-4f5e-ae7b-870dfb7963f3/downloads/bundle?id=000000000000558", filename = "C:\Users\cofc_\AppData\Local\Temp\tmpD827.tmp\rjsec550.ZIP", message = "rjsec550")~~RJStevensMusicPresentationCreator.Program~0000002569
2024-12-14 21:52:15.8271~DEBUG~-> ExtractAllFromFile(zipFileName = "C:\Users\cofc_\AppData\Local\Temp\tmpD827.tmp\rjsec550.ZIP", decompressedFolder = "C:\Users\cofc_\AppData\Local\Temp\tmpD902.tmp", message = "rjsec550")~~RJStevensMusicPresentationCreator.Program~0000002570
2024-12-14 21:52:16.0982~DEBUG~extract completed~~RJStevensMusicPresentationCreator.Program~0000002571
2024-12-14 21:52:16.0982~DEBUG~<- ExtractAllFromFile(zipFileName = "C:\Users\cofc_\AppData\Local\Temp\tmpD827.tmp\rjsec550.ZIP", decompressedFolder = "C:\Users\cofc_\AppData\Local\Temp\tmpD902.tmp", message = "rjsec550")~~RJStevensMusicPresentationCreator.Program~0000002572
2024-12-14 21:52:16.1792~DEBUG~-> DownloadFile(url = "https://faas-nyc1-2ef2e6cc.doserverless.co/api/v1/web/fn-dd7f8f6a-d32a-4f5e-ae7b-870dfb7963f3/downloads/bundle?id=000000000000559", filename = "C:\Users\cofc_\AppData\Local\Temp\tmpDA6B.tmp\rjsec551.ZIP", message = "rjsec551")~~RJStevensMusicPresentationCreator.Program~0000002573
2024-12-14 21:52:16.4112~DEBUG~download completed~~RJStevensMusicPresentationCreator.Program~0000002574
2024-12-14 21:52:16.4112~DEBUG~<- DownloadFile(url = "https://faas-nyc1-2ef2e6cc.doserverless.co/api/v1/web/fn-dd7f8f6a-d32a-4f5e-ae7b-870dfb7963f3/downloads/bundle?id=000000000000559", filename = "C:\Users\cofc_\AppData\Local\Temp\tmpDA6B.tmp\rjsec551.ZIP", message = "rjsec551")~~RJStevensMusicPresentationCreator.Program~0000002575
2024-12-14 21:52:16.4312~DEBUG~-> ExtractAllFromFile(zipFileName = "C:\Users\cofc_\AppData\Local\Temp\tmpDA6B.tmp\rjsec551.ZIP", decompressedFolder = "C:\Users\cofc_\AppData\Local\Temp\tmpDB66.tmp", message = "rjsec551")~~RJStevensMusicPresentationCreator.Program~0000002576
2024-12-14 21:52:16.6822~DEBUG~extract completed~~RJStevensMusicPresentationCreator.Program~0000002577
2024-12-14 21:52:16.6882~DEBUG~<- ExtractAllFromFile(zipFileName = "C:\Users\cofc_\AppData\Local\Temp\tmpDA6B.tmp\rjsec551.ZIP", decompressedFolder = "C:\Users\cofc_\AppData\Local\Temp\tmpDB66.tmp", message = "rjsec551")~~RJStevensMusicPresentationCreator.Program~0000002578
2024-12-14 21:52:16.7602~DEBUG~-> DownloadFile(url = "https://faas-nyc1-2ef2e6cc.doserverless.co/api/v1/web/fn-dd7f8f6a-d32a-4f5e-ae7b-870dfb7963f3/downloads/bundle?id=000000000000560", filename = "C:\Users\cofc_\AppData\Local\Temp\tmpDCAF.tmp\rjsec552.ZIP", message = "rjsec552")~~RJStevensMusicPresentationCreator.Program~0000002579
2024-12-14 21:52:16.9862~DEBUG~download completed~~RJStevensMusicPresentationCreator.Program~0000002580
2024-12-14 21:52:16.9862~DEBUG~<- DownloadFile(url = "https://faas-nyc1-2ef2e6cc.doserverless.co/api/v1/web/fn-dd7f8f6a-d32a-4f5e-ae7b-870dfb7963f3/downloads/bundle?id=000000000000560", filename = "C:\Users\cofc_\AppData\Local\Temp\tmpDCAF.tmp\rjsec552.ZIP", message = "rjsec552")~~RJStevensMusicPresentationCreator.Program~0000002581
2024-12-14 21:52:17.0062~DEBUG~-> ExtractAllFromFile(zipFileName = "C:\Users\cofc_\AppData\Local\Temp\tmpDCAF.tmp\rjsec552.ZIP", decompressedFolder = "C:\Users\cofc_\AppData\Local\Temp\tmpDDAA.tmp", message = "rjsec552")~~RJStevensMusicPresentationCreator.Program~0000002582
2024-12-14 21:52:17.3583~DEBUG~extract completed~~RJStevensMusicPresentationCreator.Program~0000002583
2024-12-14 21:52:17.3623~DEBUG~<- ExtractAllFromFile(zipFileName = "C:\Users\cofc_\AppData\Local\Temp\tmpDCAF.tmp\rjsec552.ZIP", decompressedFolder = "C:\Users\cofc_\AppData\Local\Temp\tmpDDAA.tmp", message = "rjsec552")~~RJStevensMusicPresentationCreator.Program~0000002584
2024-12-14 21:52:17.4393~DEBUG~-> DownloadFile(url = "https://faas-nyc1-2ef2e6cc.doserverless.co/api/v1/web/fn-dd7f8f6a-d32a-4f5e-ae7b-870dfb7963f3/downloads/bundle?id=000000000000561", filename = "C:\Users\cofc_\AppData\Local\Temp\tmpDF60.tmp\rjsec553.ZIP", message = "rjsec553")~~RJStevensMusicPresentationCreator.Program~0000002585
2024-12-14 21:52:17.6223~DEBUG~download completed~~RJStevensMusicPresentationCreator.Program~0000002586
2024-12-14 21:52:17.6223~DEBUG~<- DownloadFile(url = "https://faas-nyc1-2ef2e6cc.doserverless.co/api/v1/web/fn-dd7f8f6a-d32a-4f5e-ae7b-870dfb7963f3/downloads/bundle?id=000000000000561", filename = "C:\Users\cofc_\AppData\Local\Temp\tmpDF60.tmp\rjsec553.ZIP", message = "rjsec553")~~RJStevensMusicPresentationCreator.Program~0000002587
2024-12-14 21:52:17.6393~DEBUG~-> ExtractAllFromFile(zipFileName = "C:\Users\cofc_\AppData\Local\Temp\tmpDF60.tmp\rjsec553.ZIP", decompressedFolder = "C:\Users\cofc_\AppData\Local\Temp\tmpE01D.tmp", message = "rjsec553")~~RJStevensMusicPresentationCreator.Program~0000002588
2024-12-14 21:52:17.7743~DEBUG~extract completed~~RJStevensMusicPresentationCreator.Program~0000002589
2024-12-14 21:52:17.7743~DEBUG~<- ExtractAllFromFile(zipFileName = "C:\Users\cofc_\AppData\Local\Temp\tmpDF60.tmp\rjsec553.ZIP", decompressedFolder = "C:\Users\cofc_\AppData\Local\Temp\tmpE01D.tmp", message = "rjsec553")~~RJStevensMusicPresentationCreator.Program~0000002590
2024-12-14 21:52:17.8413~DEBUG~-> DownloadFile(url = "https://faas-nyc1-2ef2e6cc.doserverless.co/api/v1/web/fn-dd7f8f6a-d32a-4f5e-ae7b-870dfb7963f3/downloads/bundle?id=000000000000562", filename = "C:\Users\cofc_\AppData\Local\Temp\tmpE0E9.tmp\rjsec554.ZIP", message = "rjsec554")~~RJStevensMusicPresentationCreator.Program~0000002591
2024-12-14 21:52:18.0743~DEBUG~download completed~~RJStevensMusicPresentationCreator.Program~0000002592
2024-12-14 21:52:18.0743~DEBUG~<- DownloadFile(url = "https://faas-nyc1-2ef2e6cc.doserverless.co/api/v1/web/fn-dd7f8f6a-d32a-4f5e-ae7b-870dfb7963f3/downloads/bundle?id=000000000000562", filename = "C:\Users\cofc_\AppData\Local\Temp\tmpE0E9.tmp\rjsec554.ZIP", message = "rjsec554")~~RJStevensMusicPresentationCreator.Program~0000002593
2024-12-14 21:52:18.0893~DEBUG~-> ExtractAllFromFile(zipFileName = "C:\Users\cofc_\AppData\Local\Temp\tmpE0E9.tmp\rjsec554.ZIP", decompressedFolder = "C:\Users\cofc_\AppData\Local\Temp\tmpE1E4.tmp", message = "rjsec554")~~RJStevensMusicPresentationCreator.Program~0000002594
2024-12-14 21:52:18.4213~DEBUG~extract completed~~RJStevensMusicPresentationCreator.Program~0000002595
2024-12-14 21:52:18.4273~DEBUG~<- ExtractAllFromFile(zipFileName = "C:\Users\cofc_\AppData\Local\Temp\tmpE0E9.tmp\rjsec554.ZIP", decompressedFolder = "C:\Users\cofc_\AppData\Local\Temp\tmpE1E4.tmp", message = "rjsec554")~~RJStevensMusicPresentationCreator.Program~0000002596
2024-12-14 21:52:18.5163~DEBUG~-> DownloadFile(url = "https://faas-nyc1-2ef2e6cc.doserverless.co/api/v1/web/fn-dd7f8f6a-d32a-4f5e-ae7b-870dfb7963f3/downloads/bundle?id=000000000000564", filename = "C:\Users\cofc_\AppData\Local\Temp\tmpE38B.tmp\rjsec556.ZIP", message = "rjsec556")~~RJStevensMusicPresentationCreator.Program~0000002597
2024-12-14 21:52:18.7694~DEBUG~download completed~~RJStevensMusicPresentationCreator.Program~0000002598
2024-12-14 21:52:18.7694~DEBUG~<- DownloadFile(url = "https://faas-nyc1-2ef2e6cc.doserverless.co/api/v1/web/fn-dd7f8f6a-d32a-4f5e-ae7b-870dfb7963f3/downloads/bundle?id=000000000000564", filename = "C:\Users\cofc_\AppData\Local\Temp\tmpE38B.tmp\rjsec556.ZIP", message = "rjsec556")~~RJStevensMusicPresentationCreator.Program~0000002599
2024-12-14 21:52:18.7894~DEBUG~-> ExtractAllFromFile(zipFileName = "C:\Users\cofc_\AppData\Local\Temp\tmpE38B.tmp\rjsec556.ZIP", decompressedFolder = "C:\Users\cofc_\AppData\Local\Temp\tmpE4A5.tmp", message = "rjsec556")~~RJStevensMusicPresentationCreator.Program~0000002600
2024-12-14 21:52:19.1114~DEBUG~extract completed~~RJStevensMusicPresentationCreator.Program~0000002601
2024-12-14 21:52:19.1114~DEBUG~<- ExtractAllFromFile(zipFileName = "C:\Users\cofc_\AppData\Local\Temp\tmpE38B.tmp\rjsec556.ZIP", decompressedFolder = "C:\Users\cofc_\AppData\Local\Temp\tmpE4A5.tmp", message = "rjsec556")~~RJStevensMusicPresentationCreator.Program~0000002602
2024-12-14 21:52:19.1984~DEBUG~-> DownloadFile(url = "https://faas-nyc1-2ef2e6cc.doserverless.co/api/v1/web/fn-dd7f8f6a-d32a-4f5e-ae7b-870dfb7963f3/downloads/bundle?id=000000000000566", filename = "C:\Users\cofc_\AppData\Local\Temp\tmpE63C.tmp\rjsec558.ZIP", message = "rjsec558")~~RJStevensMusicPresentationCreator.Program~0000002603
2024-12-14 21:52:19.4054~DEBUG~download completed~~RJStevensMusicPresentationCreator.Program~0000002604
2024-12-14 21:52:19.4054~DEBUG~<- DownloadFile(url = "https://faas-nyc1-2ef2e6cc.doserverless.co/api/v1/web/fn-dd7f8f6a-d32a-4f5e-ae7b-870dfb7963f3/downloads/bundle?id=000000000000566", filename = "C:\Users\cofc_\AppData\Local\Temp\tmpE63C.tmp\rjsec558.ZIP", message = "rjsec558")~~RJStevensMusicPresentationCreator.Program~0000002605
2024-12-14 21:52:19.4224~DEBUG~-> ExtractAllFromFile(zipFileName = "C:\Users\cofc_\AppData\Local\Temp\tmpE63C.tmp\rjsec558.ZIP", decompressedFolder = "C:\Users\cofc_\AppData\Local\Temp\tmpE728.tmp", message = "rjsec558")~~RJStevensMusicPresentationCreator.Program~0000002606
2024-12-14 21:52:19.7354~DEBUG~extract completed~~RJStevensMusicPresentationCreator.Program~0000002607
2024-12-14 21:52:19.7354~DEBUG~<- ExtractAllFromFile(zipFileName = "C:\Users\cofc_\AppData\Local\Temp\tmpE63C.tmp\rjsec558.ZIP", decompressedFolder = "C:\Users\cofc_\AppData\Local\Temp\tmpE728.tmp", message = "rjsec558")~~RJStevensMusicPresentationCreator.Program~0000002608
2024-12-14 21:52:19.8264~DEBUG~-> DownloadFile(url = "https://faas-nyc1-2ef2e6cc.doserverless.co/api/v1/web/fn-dd7f8f6a-d32a-4f5e-ae7b-870dfb7963f3/downloads/bundle?id=000000000000567", filename = "C:\Users\cofc_\AppData\Local\Temp\tmpE8AF.tmp\rjsec559.ZIP", message = "rjsec559")~~RJStevensMusicPresentationCreator.Program~0000002609
2024-12-14 21:52:20.0195~DEBUG~download completed~~RJStevensMusicPresentationCreator.Program~0000002610
2024-12-14 21:52:20.0195~DEBUG~<- DownloadFile(url = "https://faas-nyc1-2ef2e6cc.doserverless.co/api/v1/web/fn-dd7f8f6a-d32a-4f5e-ae7b-870dfb7963f3/downloads/bundle?id=000000000000567", filename = "C:\Users\cofc_\AppData\Local\Temp\tmpE8AF.tmp\rjsec559.ZIP", message = "rjsec559")~~RJStevensMusicPresentationCreator.Program~0000002611
2024-12-14 21:52:20.0325~DEBUG~-> ExtractAllFromFile(zipFileName = "C:\Users\cofc_\AppData\Local\Temp\tmpE8AF.tmp\rjsec559.ZIP", decompressedFolder = "C:\Users\cofc_\AppData\Local\Temp\tmpE97B.tmp", message = "rjsec559")~~RJStevensMusicPresentationCreator.Program~0000002612
2024-12-14 21:52:20.2265~DEBUG~extract completed~~RJStevensMusicPresentationCreator.Program~0000002613
2024-12-14 21:52:20.2265~DEBUG~<- ExtractAllFromFile(zipFileName = "C:\Users\cofc_\AppData\Local\Temp\tmpE8AF.tmp\rjsec559.ZIP", decompressedFolder = "C:\Users\cofc_\AppData\Local\Temp\tmpE97B.tmp", message = "rjsec559")~~RJStevensMusicPresentationCreator.Program~0000002614
2024-12-14 21:52:20.2925~DEBUG~-> DownloadFile(url = "https://faas-nyc1-2ef2e6cc.doserverless.co/api/v1/web/fn-dd7f8f6a-d32a-4f5e-ae7b-870dfb7963f3/downloads/bundle?id=000000000000568", filename = "C:\Users\cofc_\AppData\Local\Temp\tmpEA86.tmp\rjsec560.ZIP", message = "rjsec560")~~RJStevensMusicPresentationCreator.Program~0000002615
2024-12-14 21:52:20.5195~DEBUG~download completed~~RJStevensMusicPresentationCreator.Program~0000002616
2024-12-14 21:52:20.5195~DEBUG~<- DownloadFile(url = "https://faas-nyc1-2ef2e6cc.doserverless.co/api/v1/web/fn-dd7f8f6a-d32a-4f5e-ae7b-870dfb7963f3/downloads/bundle?id=000000000000568", filename = "C:\Users\cofc_\AppData\Local\Temp\tmpEA86.tmp\rjsec560.ZIP", message = "rjsec560")~~RJStevensMusicPresentationCreator.Program~0000002617
2024-12-14 21:52:20.5355~DEBUG~-> ExtractAllFromFile(zipFileName = "C:\Users\cofc_\AppData\Local\Temp\tmpEA86.tmp\rjsec560.ZIP", decompressedFolder = "C:\Users\cofc_\AppData\Local\Temp\tmpEB81.tmp", message = "rjsec560")~~RJStevensMusicPresentationCreator.Program~0000002618
2024-12-14 21:52:20.8295~DEBUG~extract completed~~RJStevensMusicPresentationCreator.Program~0000002619
2024-12-14 21:52:20.8295~DEBUG~<- ExtractAllFromFile(zipFileName = "C:\Users\cofc_\AppData\Local\Temp\tmpEA86.tmp\rjsec560.ZIP", decompressedFolder = "C:\Users\cofc_\AppData\Local\Temp\tmpEB81.tmp", message = "rjsec560")~~RJStevensMusicPresentationCreator.Program~0000002620
2024-12-14 21:52:20.9085~DEBUG~-> DownloadFile(url = "https://faas-nyc1-2ef2e6cc.doserverless.co/api/v1/web/fn-dd7f8f6a-d32a-4f5e-ae7b-870dfb7963f3/downloads/bundle?id=000000000000569", filename = "C:\Users\cofc_\AppData\Local\Temp\tmpECF9.tmp\rjsec561.ZIP", message = "rjsec561")~~RJStevensMusicPresentationCreator.Program~0000002621
2024-12-14 21:52:21.0945~DEBUG~download completed~~RJStevensMusicPresentationCreator.Program~0000002622
2024-12-14 21:52:21.0945~DEBUG~<- DownloadFile(url = "https://faas-nyc1-2ef2e6cc.doserverless.co/api/v1/web/fn-dd7f8f6a-d32a-4f5e-ae7b-870dfb7963f3/downloads/bundle?id=000000000000569", filename = "C:\Users\cofc_\AppData\Local\Temp\tmpECF9.tmp\rjsec561.ZIP", message = "rjsec561")~~RJStevensMusicPresentationCreator.Program~0000002623
2024-12-14 21:52:21.0945~DEBUG~-> ExtractAllFromFile(zipFileName = "C:\Users\cofc_\AppData\Local\Temp\tmpECF9.tmp\rjsec561.ZIP", decompressedFolder = "C:\Users\cofc_\AppData\Local\Temp\tmpEDB6.tmp", message = "rjsec561")~~RJStevensMusicPresentationCreator.Program~0000002624
2024-12-14 21:52:21.2175~DEBUG~extract completed~~RJStevensMusicPresentationCreator.Program~0000002625
2024-12-14 21:52:21.2245~DEBUG~<- ExtractAllFromFile(zipFileName = "C:\Users\cofc_\AppData\Local\Temp\tmpECF9.tmp\rjsec561.ZIP", decompressedFolder = "C:\Users\cofc_\AppData\Local\Temp\tmpEDB6.tmp", message = "rjsec561")~~RJStevensMusicPresentationCreator.Program~0000002626
2024-12-14 21:52:21.2745~DEBUG~-> DownloadFile(url = "https://faas-nyc1-2ef2e6cc.doserverless.co/api/v1/web/fn-dd7f8f6a-d32a-4f5e-ae7b-870dfb7963f3/downloads/bundle?id=000000000000573", filename = "C:\Users\cofc_\AppData\Local\Temp\tmpEE62.tmp\rjsec565.ZIP", message = "rjsec565")~~RJStevensMusicPresentationCreator.Program~0000002627
2024-12-14 21:52:21.4446~DEBUG~download completed~~RJStevensMusicPresentationCreator.Program~0000002628
2024-12-14 21:52:21.4446~DEBUG~<- DownloadFile(url = "https://faas-nyc1-2ef2e6cc.doserverless.co/api/v1/web/fn-dd7f8f6a-d32a-4f5e-ae7b-870dfb7963f3/downloads/bundle?id=000000000000573", filename = "C:\Users\cofc_\AppData\Local\Temp\tmpEE62.tmp\rjsec565.ZIP", message = "rjsec565")~~RJStevensMusicPresentationCreator.Program~0000002629
2024-12-14 21:52:21.4636~DEBUG~-> ExtractAllFromFile(zipFileName = "C:\Users\cofc_\AppData\Local\Temp\tmpEE62.tmp\rjsec565.ZIP", decompressedFolder = "C:\Users\cofc_\AppData\Local\Temp\tmpEF1F.tmp", message = "rjsec565")~~RJStevensMusicPresentationCreator.Program~0000002630
2024-12-14 21:52:21.5826~DEBUG~extract completed~~RJStevensMusicPresentationCreator.Program~0000002631
2024-12-14 21:52:21.5826~DEBUG~<- ExtractAllFromFile(zipFileName = "C:\Users\cofc_\AppData\Local\Temp\tmpEE62.tmp\rjsec565.ZIP", decompressedFolder = "C:\Users\cofc_\AppData\Local\Temp\tmpEF1F.tmp", message = "rjsec565")~~RJStevensMusicPresentationCreator.Program~0000002632
2024-12-14 21:52:21.6426~DEBUG~-> DownloadFile(url = "https://faas-nyc1-2ef2e6cc.doserverless.co/api/v1/web/fn-dd7f8f6a-d32a-4f5e-ae7b-870dfb7963f3/downloads/bundle?id=000000000000574", filename = "C:\Users\cofc_\AppData\Local\Temp\tmpEFDB.tmp\rjsec566.ZIP", message = "rjsec566")~~RJStevensMusicPresentationCreator.Program~0000002633
2024-12-14 21:52:21.9346~DEBUG~download completed~~RJStevensMusicPresentationCreator.Program~0000002634
2024-12-14 21:52:21.9346~DEBUG~<- DownloadFile(url = "https://faas-nyc1-2ef2e6cc.doserverless.co/api/v1/web/fn-dd7f8f6a-d32a-4f5e-ae7b-870dfb7963f3/downloads/bundle?id=000000000000574", filename = "C:\Users\cofc_\AppData\Local\Temp\tmpEFDB.tmp\rjsec566.ZIP", message = "rjsec566")~~RJStevensMusicPresentationCreator.Program~0000002635
2024-12-14 21:52:21.9566~DEBUG~-> ExtractAllFromFile(zipFileName = "C:\Users\cofc_\AppData\Local\Temp\tmpEFDB.tmp\rjsec566.ZIP", decompressedFolder = "C:\Users\cofc_\AppData\Local\Temp\tmpF115.tmp", message = "rjsec566")~~RJStevensMusicPresentationCreator.Program~0000002636
2024-12-14 21:52:22.2746~DEBUG~extract completed~~RJStevensMusicPresentationCreator.Program~0000002637
2024-12-14 21:52:22.2746~DEBUG~<- ExtractAllFromFile(zipFileName = "C:\Users\cofc_\AppData\Local\Temp\tmpEFDB.tmp\rjsec566.ZIP", decompressedFolder = "C:\Users\cofc_\AppData\Local\Temp\tmpF115.tmp", message = "rjsec566")~~RJStevensMusicPresentationCreator.Program~0000002638
2024-12-14 21:52:22.3626~DEBUG~-> DownloadFile(url = "https://faas-nyc1-2ef2e6cc.doserverless.co/api/v1/web/fn-dd7f8f6a-d32a-4f5e-ae7b-870dfb7963f3/downloads/bundle?id=000000000000576", filename = "C:\Users\cofc_\AppData\Local\Temp\tmpF2AC.tmp\rjsec568.ZIP", message = "rjsec568")~~RJStevensMusicPresentationCreator.Program~0000002639
2024-12-14 21:52:22.5716~DEBUG~download completed~~RJStevensMusicPresentationCreator.Program~0000002640
2024-12-14 21:52:22.5716~DEBUG~<- DownloadFile(url = "https://faas-nyc1-2ef2e6cc.doserverless.co/api/v1/web/fn-dd7f8f6a-d32a-4f5e-ae7b-870dfb7963f3/downloads/bundle?id=000000000000576", filename = "C:\Users\cofc_\AppData\Local\Temp\tmpF2AC.tmp\rjsec568.ZIP", message = "rjsec568")~~RJStevensMusicPresentationCreator.Program~0000002641
2024-12-14 21:52:22.5846~DEBUG~-> ExtractAllFromFile(zipFileName = "C:\Users\cofc_\AppData\Local\Temp\tmpF2AC.tmp\rjsec568.ZIP", decompressedFolder = "C:\Users\cofc_\AppData\Local\Temp\tmpF388.tmp", message = "rjsec568")~~RJStevensMusicPresentationCreator.Program~0000002642
2024-12-14 21:52:22.8637~DEBUG~extract completed~~RJStevensMusicPresentationCreator.Program~0000002643
2024-12-14 21:52:22.8637~DEBUG~<- ExtractAllFromFile(zipFileName = "C:\Users\cofc_\AppData\Local\Temp\tmpF2AC.tmp\rjsec568.ZIP", decompressedFolder = "C:\Users\cofc_\AppData\Local\Temp\tmpF388.tmp", message = "rjsec568")~~RJStevensMusicPresentationCreator.Program~0000002644
2024-12-14 21:52:22.9437~DEBUG~-> DownloadFile(url = "https://faas-nyc1-2ef2e6cc.doserverless.co/api/v1/web/fn-dd7f8f6a-d32a-4f5e-ae7b-870dfb7963f3/downloads/bundle?id=000000000000577", filename = "C:\Users\cofc_\AppData\Local\Temp\tmpF4F0.tmp\rjsec569.ZIP", message = "rjsec569")~~RJStevensMusicPresentationCreator.Program~0000002645
2024-12-14 21:52:23.1627~DEBUG~download completed~~RJStevensMusicPresentationCreator.Program~0000002646
2024-12-14 21:52:23.1627~DEBUG~<- DownloadFile(url = "https://faas-nyc1-2ef2e6cc.doserverless.co/api/v1/web/fn-dd7f8f6a-d32a-4f5e-ae7b-870dfb7963f3/downloads/bundle?id=000000000000577", filename = "C:\Users\cofc_\AppData\Local\Temp\tmpF4F0.tmp\rjsec569.ZIP", message = "rjsec569")~~RJStevensMusicPresentationCreator.Program~0000002647
2024-12-14 21:52:23.1847~DEBUG~-> ExtractAllFromFile(zipFileName = "C:\Users\cofc_\AppData\Local\Temp\tmpF4F0.tmp\rjsec569.ZIP", decompressedFolder = "C:\Users\cofc_\AppData\Local\Temp\tmpF5DC.tmp", message = "rjsec569")~~RJStevensMusicPresentationCreator.Program~0000002648
2024-12-14 21:52:23.4767~DEBUG~extract completed~~RJStevensMusicPresentationCreator.Program~0000002649
2024-12-14 21:52:23.4767~DEBUG~<- ExtractAllFromFile(zipFileName = "C:\Users\cofc_\AppData\Local\Temp\tmpF4F0.tmp\rjsec569.ZIP", decompressedFolder = "C:\Users\cofc_\AppData\Local\Temp\tmpF5DC.tmp", message = "rjsec569")~~RJStevensMusicPresentationCreator.Program~0000002650
2024-12-14 21:52:23.5487~DEBUG~-> DownloadFile(url = "https://faas-nyc1-2ef2e6cc.doserverless.co/api/v1/web/fn-dd7f8f6a-d32a-4f5e-ae7b-870dfb7963f3/downloads/bundle?id=000000000000578", filename = "C:\Users\cofc_\AppData\Local\Temp\tmpF754.tmp\rjsec570.ZIP", message = "rjsec570")~~RJStevensMusicPresentationCreator.Program~0000002651
2024-12-14 21:52:23.8127~DEBUG~download completed~~RJStevensMusicPresentationCreator.Program~0000002652
2024-12-14 21:52:23.8137~DEBUG~<- DownloadFile(url = "https://faas-nyc1-2ef2e6cc.doserverless.co/api/v1/web/fn-dd7f8f6a-d32a-4f5e-ae7b-870dfb7963f3/downloads/bundle?id=000000000000578", filename = "C:\Users\cofc_\AppData\Local\Temp\tmpF754.tmp\rjsec570.ZIP", message = "rjsec570")~~RJStevensMusicPresentationCreator.Program~0000002653
2024-12-14 21:52:23.8327~DEBUG~-> ExtractAllFromFile(zipFileName = "C:\Users\cofc_\AppData\Local\Temp\tmpF754.tmp\rjsec570.ZIP", decompressedFolder = "C:\Users\cofc_\AppData\Local\Temp\tmpF86E.tmp", message = "rjsec570")~~RJStevensMusicPresentationCreator.Program~0000002654
2024-12-14 21:52:24.1148~DEBUG~extract completed~~RJStevensMusicPresentationCreator.Program~0000002655
2024-12-14 21:52:24.1148~DEBUG~<- ExtractAllFromFile(zipFileName = "C:\Users\cofc_\AppData\Local\Temp\tmpF754.tmp\rjsec570.ZIP", decompressedFolder = "C:\Users\cofc_\AppData\Local\Temp\tmpF86E.tmp", message = "rjsec570")~~RJStevensMusicPresentationCreator.Program~0000002656
2024-12-14 21:52:24.1958~DEBUG~-> DownloadFile(url = "https://faas-nyc1-2ef2e6cc.doserverless.co/api/v1/web/fn-dd7f8f6a-d32a-4f5e-ae7b-870dfb7963f3/downloads/bundle?id=000000000000579", filename = "C:\Users\cofc_\AppData\Local\Temp\tmpF9D6.tmp\rjsec571.ZIP", message = "rjsec571")~~RJStevensMusicPresentationCreator.Program~0000002657
2024-12-14 21:52:24.4278~DEBUG~download completed~~RJStevensMusicPresentationCreator.Program~0000002658
2024-12-14 21:52:24.4278~DEBUG~<- DownloadFile(url = "https://faas-nyc1-2ef2e6cc.doserverless.co/api/v1/web/fn-dd7f8f6a-d32a-4f5e-ae7b-870dfb7963f3/downloads/bundle?id=000000000000579", filename = "C:\Users\cofc_\AppData\Local\Temp\tmpF9D6.tmp\rjsec571.ZIP", message = "rjsec571")~~RJStevensMusicPresentationCreator.Program~0000002659
2024-12-14 21:52:24.4508~DEBUG~-> ExtractAllFromFile(zipFileName = "C:\Users\cofc_\AppData\Local\Temp\tmpF9D6.tmp\rjsec571.ZIP", decompressedFolder = "C:\Users\cofc_\AppData\Local\Temp\tmpFAD1.tmp", message = "rjsec571")~~RJStevensMusicPresentationCreator.Program~0000002660
2024-12-14 21:52:24.6908~DEBUG~extract completed~~RJStevensMusicPresentationCreator.Program~0000002661
2024-12-14 21:52:24.6908~DEBUG~<- ExtractAllFromFile(zipFileName = "C:\Users\cofc_\AppData\Local\Temp\tmpF9D6.tmp\rjsec571.ZIP", decompressedFolder = "C:\Users\cofc_\AppData\Local\Temp\tmpFAD1.tmp", message = "rjsec571")~~RJStevensMusicPresentationCreator.Program~0000002662
2024-12-14 21:52:24.7608~DEBUG~-> DownloadFile(url = "https://faas-nyc1-2ef2e6cc.doserverless.co/api/v1/web/fn-dd7f8f6a-d32a-4f5e-ae7b-870dfb7963f3/downloads/bundle?id=000000000000581", filename = "C:\Users\cofc_\AppData\Local\Temp\tmpFC0B.tmp\rjsec573.ZIP", message = "rjsec573")~~RJStevensMusicPresentationCreator.Program~0000002663
2024-12-14 21:52:25.0488~DEBUG~download completed~~RJStevensMusicPresentationCreator.Program~0000002664
2024-12-14 21:52:25.0488~DEBUG~<- DownloadFile(url = "https://faas-nyc1-2ef2e6cc.doserverless.co/api/v1/web/fn-dd7f8f6a-d32a-4f5e-ae7b-870dfb7963f3/downloads/bundle?id=000000000000581", filename = "C:\Users\cofc_\AppData\Local\Temp\tmpFC0B.tmp\rjsec573.ZIP", message = "rjsec573")~~RJStevensMusicPresentationCreator.Program~0000002665
2024-12-14 21:52:25.0728~DEBUG~-> ExtractAllFromFile(zipFileName = "C:\Users\cofc_\AppData\Local\Temp\tmpFC0B.tmp\rjsec573.ZIP", decompressedFolder = "C:\Users\cofc_\AppData\Local\Temp\tmpFD44.tmp", message = "rjsec573")~~RJStevensMusicPresentationCreator.Program~0000002666
2024-12-14 21:52:25.3588~DEBUG~extract completed~~RJStevensMusicPresentationCreator.Program~0000002667
2024-12-14 21:52:25.3618~DEBUG~<- ExtractAllFromFile(zipFileName = "C:\Users\cofc_\AppData\Local\Temp\tmpFC0B.tmp\rjsec573.ZIP", decompressedFolder = "C:\Users\cofc_\AppData\Local\Temp\tmpFD44.tmp", message = "rjsec573")~~RJStevensMusicPresentationCreator.Program~0000002668
2024-12-14 21:52:25.4419~DEBUG~-> DownloadFile(url = "https://faas-nyc1-2ef2e6cc.doserverless.co/api/v1/web/fn-dd7f8f6a-d32a-4f5e-ae7b-870dfb7963f3/downloads/bundle?id=000000000000582", filename = "C:\Users\cofc_\AppData\Local\Temp\tmpFEBC.tmp\rjsec574.ZIP", message = "rjsec574")~~RJStevensMusicPresentationCreator.Program~0000002669
2024-12-14 21:52:25.6849~DEBUG~download completed~~RJStevensMusicPresentationCreator.Program~0000002670
2024-12-14 21:52:25.6849~DEBUG~<- DownloadFile(url = "https://faas-nyc1-2ef2e6cc.doserverless.co/api/v1/web/fn-dd7f8f6a-d32a-4f5e-ae7b-870dfb7963f3/downloads/bundle?id=000000000000582", filename = "C:\Users\cofc_\AppData\Local\Temp\tmpFEBC.tmp\rjsec574.ZIP", message = "rjsec574")~~RJStevensMusicPresentationCreator.Program~0000002671
2024-12-14 21:52:25.6999~DEBUG~-> ExtractAllFromFile(zipFileName = "C:\Users\cofc_\AppData\Local\Temp\tmpFEBC.tmp\rjsec574.ZIP", decompressedFolder = "C:\Users\cofc_\AppData\Local\Temp\tmpFFB7.tmp", message = "rjsec574")~~RJStevensMusicPresentationCreator.Program~0000002672
2024-12-14 21:52:25.9909~DEBUG~extract completed~~RJStevensMusicPresentationCreator.Program~0000002673
2024-12-14 21:52:25.9909~DEBUG~<- ExtractAllFromFile(zipFileName = "C:\Users\cofc_\AppData\Local\Temp\tmpFEBC.tmp\rjsec574.ZIP", decompressedFolder = "C:\Users\cofc_\AppData\Local\Temp\tmpFFB7.tmp", message = "rjsec574")~~RJStevensMusicPresentationCreator.Program~0000002674
2024-12-14 21:52:26.0649~DEBUG~-> DownloadFile(url = "https://faas-nyc1-2ef2e6cc.doserverless.co/api/v1/web/fn-dd7f8f6a-d32a-4f5e-ae7b-870dfb7963f3/downloads/bundle?id=000000000000584", filename = "C:\Users\cofc_\AppData\Local\Temp\tmp12F.tmp\rjsec576.ZIP", message = "rjsec576")~~RJStevensMusicPresentationCreator.Program~0000002675
2024-12-14 21:52:26.2969~DEBUG~download completed~~RJStevensMusicPresentationCreator.Program~0000002676
2024-12-14 21:52:26.2979~DEBUG~<- DownloadFile(url = "https://faas-nyc1-2ef2e6cc.doserverless.co/api/v1/web/fn-dd7f8f6a-d32a-4f5e-ae7b-870dfb7963f3/downloads/bundle?id=000000000000584", filename = "C:\Users\cofc_\AppData\Local\Temp\tmp12F.tmp\rjsec576.ZIP", message = "rjsec576")~~RJStevensMusicPresentationCreator.Program~0000002677
2024-12-14 21:52:26.3159~DEBUG~-> ExtractAllFromFile(zipFileName = "C:\Users\cofc_\AppData\Local\Temp\tmp12F.tmp\rjsec576.ZIP", decompressedFolder = "C:\Users\cofc_\AppData\Local\Temp\tmp22A.tmp", message = "rjsec576")~~RJStevensMusicPresentationCreator.Program~0000002678
2024-12-14 21:52:26.7549~DEBUG~extract completed~~RJStevensMusicPresentationCreator.Program~0000002679
2024-12-14 21:52:26.7549~DEBUG~<- ExtractAllFromFile(zipFileName = "C:\Users\cofc_\AppData\Local\Temp\tmp12F.tmp\rjsec576.ZIP", decompressedFolder = "C:\Users\cofc_\AppData\Local\Temp\tmp22A.tmp", message = "rjsec576")~~RJStevensMusicPresentationCreator.Program~0000002680
2024-12-14 21:52:26.8520~DEBUG~-> DownloadFile(url = "https://faas-nyc1-2ef2e6cc.doserverless.co/api/v1/web/fn-dd7f8f6a-d32a-4f5e-ae7b-870dfb7963f3/downloads/bundle?id=000000000000585", filename = "C:\Users\cofc_\AppData\Local\Temp\tmp43F.tmp\rjsec577.ZIP", message = "rjsec577")~~RJStevensMusicPresentationCreator.Program~0000002681
2024-12-14 21:52:27.1070~DEBUG~download completed~~RJStevensMusicPresentationCreator.Program~0000002682
2024-12-14 21:52:27.1070~DEBUG~<- DownloadFile(url = "https://faas-nyc1-2ef2e6cc.doserverless.co/api/v1/web/fn-dd7f8f6a-d32a-4f5e-ae7b-870dfb7963f3/downloads/bundle?id=000000000000585", filename = "C:\Users\cofc_\AppData\Local\Temp\tmp43F.tmp\rjsec577.ZIP", message = "rjsec577")~~RJStevensMusicPresentationCreator.Program~0000002683
2024-12-14 21:52:27.1270~DEBUG~-> ExtractAllFromFile(zipFileName = "C:\Users\cofc_\AppData\Local\Temp\tmp43F.tmp\rjsec577.ZIP", decompressedFolder = "C:\Users\cofc_\AppData\Local\Temp\tmp559.tmp", message = "rjsec577")~~RJStevensMusicPresentationCreator.Program~0000002684
2024-12-14 21:52:27.4110~DEBUG~extract completed~~RJStevensMusicPresentationCreator.Program~0000002685
2024-12-14 21:52:27.4110~DEBUG~<- ExtractAllFromFile(zipFileName = "C:\Users\cofc_\AppData\Local\Temp\tmp43F.tmp\rjsec577.ZIP", decompressedFolder = "C:\Users\cofc_\AppData\Local\Temp\tmp559.tmp", message = "rjsec577")~~RJStevensMusicPresentationCreator.Program~0000002686
2024-12-14 21:52:27.4890~DEBUG~-> DownloadFile(url = "https://faas-nyc1-2ef2e6cc.doserverless.co/api/v1/web/fn-dd7f8f6a-d32a-4f5e-ae7b-870dfb7963f3/downloads/bundle?id=000000000000586", filename = "C:\Users\cofc_\AppData\Local\Temp\tmp6C1.tmp\rjsec578.ZIP", message = "rjsec578")~~RJStevensMusicPresentationCreator.Program~0000002687
2024-12-14 21:52:27.7390~DEBUG~download completed~~RJStevensMusicPresentationCreator.Program~0000002688
2024-12-14 21:52:27.7390~DEBUG~<- DownloadFile(url = "https://faas-nyc1-2ef2e6cc.doserverless.co/api/v1/web/fn-dd7f8f6a-d32a-4f5e-ae7b-870dfb7963f3/downloads/bundle?id=000000000000586", filename = "C:\Users\cofc_\AppData\Local\Temp\tmp6C1.tmp\rjsec578.ZIP", message = "rjsec578")~~RJStevensMusicPresentationCreator.Program~0000002689
2024-12-14 21:52:27.7600~DEBUG~-> ExtractAllFromFile(zipFileName = "C:\Users\cofc_\AppData\Local\Temp\tmp6C1.tmp\rjsec578.ZIP", decompressedFolder = "C:\Users\cofc_\AppData\Local\Temp\tmp7CC.tmp", message = "rjsec578")~~RJStevensMusicPresentationCreator.Program~0000002690
2024-12-14 21:52:28.0971~DEBUG~extract completed~~RJStevensMusicPresentationCreator.Program~0000002691
2024-12-14 21:52:28.0971~DEBUG~<- ExtractAllFromFile(zipFileName = "C:\Users\cofc_\AppData\Local\Temp\tmp6C1.tmp\rjsec578.ZIP", decompressedFolder = "C:\Users\cofc_\AppData\Local\Temp\tmp7CC.tmp", message = "rjsec578")~~RJStevensMusicPresentationCreator.Program~0000002692
2024-12-14 21:52:28.1931~DEBUG~-> DownloadFile(url = "https://faas-nyc1-2ef2e6cc.doserverless.co/api/v1/web/fn-dd7f8f6a-d32a-4f5e-ae7b-870dfb7963f3/downloads/bundle?id=000000000000587", filename = "C:\Users\cofc_\AppData\Local\Temp\tmp982.tmp\rjsec578.16.ZIP", message = "rjsec578.16")~~RJStevensMusicPresentationCreator.Program~0000002693
2024-12-14 21:52:28.8231~DEBUG~download completed~~RJStevensMusicPresentationCreator.Program~0000002694
2024-12-14 21:52:28.8231~DEBUG~<- DownloadFile(url = "https://faas-nyc1-2ef2e6cc.doserverless.co/api/v1/web/fn-dd7f8f6a-d32a-4f5e-ae7b-870dfb7963f3/downloads/bundle?id=000000000000587", filename = "C:\Users\cofc_\AppData\Local\Temp\tmp982.tmp\rjsec578.16.ZIP", message = "rjsec578.16")~~RJStevensMusicPresentationCreator.Program~0000002695
2024-12-14 21:52:28.8421~DEBUG~-> ExtractAllFromFile(zipFileName = "C:\Users\cofc_\AppData\Local\Temp\tmp982.tmp\rjsec578.16.ZIP", decompressedFolder = "C:\Users\cofc_\AppData\Local\Temp\tmpC04.tmp", message = "rjsec578.16")~~RJStevensMusicPresentationCreator.Program~0000002696
2024-12-14 21:52:29.1991~DEBUG~extract completed~~RJStevensMusicPresentationCreator.Program~0000002697
2024-12-14 21:52:29.1991~DEBUG~<- ExtractAllFromFile(zipFileName = "C:\Users\cofc_\AppData\Local\Temp\tmp982.tmp\rjsec578.16.ZIP", decompressedFolder = "C:\Users\cofc_\AppData\Local\Temp\tmpC04.tmp", message = "rjsec578.16")~~RJStevensMusicPresentationCreator.Program~0000002698
2024-12-14 21:52:29.3001~DEBUG~-> DownloadFile(url = "https://faas-nyc1-2ef2e6cc.doserverless.co/api/v1/web/fn-dd7f8f6a-d32a-4f5e-ae7b-870dfb7963f3/downloads/bundle?id=000000000000588", filename = "C:\Users\cofc_\AppData\Local\Temp\tmpDCA.tmp\rjsec579.ZIP", message = "rjsec579")~~RJStevensMusicPresentationCreator.Program~0000002699
2024-12-14 21:52:29.5215~DEBUG~download completed~~RJStevensMusicPresentationCreator.Program~0000002700
2024-12-14 21:52:29.5215~DEBUG~<- DownloadFile(url = "https://faas-nyc1-2ef2e6cc.doserverless.co/api/v1/web/fn-dd7f8f6a-d32a-4f5e-ae7b-870dfb7963f3/downloads/bundle?id=000000000000588", filename = "C:\Users\cofc_\AppData\Local\Temp\tmpDCA.tmp\rjsec579.ZIP", message = "rjsec579")~~RJStevensMusicPresentationCreator.Program~0000002701
2024-12-14 21:52:29.5516~DEBUG~-> ExtractAllFromFile(zipFileName = "C:\Users\cofc_\AppData\Local\Temp\tmpDCA.tmp\rjsec579.ZIP", decompressedFolder = "C:\Users\cofc_\AppData\Local\Temp\tmpED5.tmp", message = "rjsec579")~~RJStevensMusicPresentationCreator.Program~0000002702
2024-12-14 21:52:29.9326~DEBUG~extract completed~~RJStevensMusicPresentationCreator.Program~0000002703
2024-12-14 21:52:29.9386~DEBUG~<- ExtractAllFromFile(zipFileName = "C:\Users\cofc_\AppData\Local\Temp\tmpDCA.tmp\rjsec579.ZIP", decompressedFolder = "C:\Users\cofc_\AppData\Local\Temp\tmpED5.tmp", message = "rjsec579")~~RJStevensMusicPresentationCreator.Program~0000002704
2024-12-14 21:52:30.0643~DEBUG~-> DownloadFile(url = "https://faas-nyc1-2ef2e6cc.doserverless.co/api/v1/web/fn-dd7f8f6a-d32a-4f5e-ae7b-870dfb7963f3/downloads/bundle?id=000000000000590", filename = "C:\Users\cofc_\AppData\Local\Temp\tmp10CA.tmp\rjsec581.ZIP", message = "rjsec581")~~RJStevensMusicPresentationCreator.Program~0000002705
2024-12-14 21:52:30.2861~DEBUG~download completed~~RJStevensMusicPresentationCreator.Program~0000002706
2024-12-14 21:52:30.2861~DEBUG~<- DownloadFile(url = "https://faas-nyc1-2ef2e6cc.doserverless.co/api/v1/web/fn-dd7f8f6a-d32a-4f5e-ae7b-870dfb7963f3/downloads/bundle?id=000000000000590", filename = "C:\Users\cofc_\AppData\Local\Temp\tmp10CA.tmp\rjsec581.ZIP", message = "rjsec581")~~RJStevensMusicPresentationCreator.Program~0000002707
2024-12-14 21:52:30.3011~DEBUG~-> ExtractAllFromFile(zipFileName = "C:\Users\cofc_\AppData\Local\Temp\tmp10CA.tmp\rjsec581.ZIP", decompressedFolder = "C:\Users\cofc_\AppData\Local\Temp\tmp11C5.tmp", message = "rjsec581")~~RJStevensMusicPresentationCreator.Program~0000002708
2024-12-14 21:52:30.5021~DEBUG~extract completed~~RJStevensMusicPresentationCreator.Program~0000002709
2024-12-14 21:52:30.5021~DEBUG~<- ExtractAllFromFile(zipFileName = "C:\Users\cofc_\AppData\Local\Temp\tmp10CA.tmp\rjsec581.ZIP", decompressedFolder = "C:\Users\cofc_\AppData\Local\Temp\tmp11C5.tmp", message = "rjsec581")~~RJStevensMusicPresentationCreator.Program~0000002710
2024-12-14 21:52:30.5731~DEBUG~-> DownloadFile(url = "https://faas-nyc1-2ef2e6cc.doserverless.co/api/v1/web/fn-dd7f8f6a-d32a-4f5e-ae7b-870dfb7963f3/downloads/bundle?id=000000000000591", filename = "C:\Users\cofc_\AppData\Local\Temp\tmp12CF.tmp\rjsec582.ZIP", message = "rjsec582")~~RJStevensMusicPresentationCreator.Program~0000002711
2024-12-14 21:52:30.8330~DEBUG~download completed~~RJStevensMusicPresentationCreator.Program~0000002712
2024-12-14 21:52:30.8330~DEBUG~<- DownloadFile(url = "https://faas-nyc1-2ef2e6cc.doserverless.co/api/v1/web/fn-dd7f8f6a-d32a-4f5e-ae7b-870dfb7963f3/downloads/bundle?id=000000000000591", filename = "C:\Users\cofc_\AppData\Local\Temp\tmp12CF.tmp\rjsec582.ZIP", message = "rjsec582")~~RJStevensMusicPresentationCreator.Program~0000002713
2024-12-14 21:52:30.8726~DEBUG~-> ExtractAllFromFile(zipFileName = "C:\Users\cofc_\AppData\Local\Temp\tmp12CF.tmp\rjsec582.ZIP", decompressedFolder = "C:\Users\cofc_\AppData\Local\Temp\tmp13F9.tmp", message = "rjsec582")~~RJStevensMusicPresentationCreator.Program~0000002714
2024-12-14 21:52:31.3497~DEBUG~extract completed~~RJStevensMusicPresentationCreator.Program~0000002715
2024-12-14 21:52:31.3607~DEBUG~<- ExtractAllFromFile(zipFileName = "C:\Users\cofc_\AppData\Local\Temp\tmp12CF.tmp\rjsec582.ZIP", decompressedFolder = "C:\Users\cofc_\AppData\Local\Temp\tmp13F9.tmp", message = "rjsec582")~~RJStevensMusicPresentationCreator.Program~0000002716
2024-12-14 21:52:31.4537~DEBUG~-> DownloadFile(url = "https://faas-nyc1-2ef2e6cc.doserverless.co/api/v1/web/fn-dd7f8f6a-d32a-4f5e-ae7b-870dfb7963f3/downloads/bundle?id=000000000000592", filename = "C:\Users\cofc_\AppData\Local\Temp\tmp163C.tmp\rjsec583.ZIP", message = "rjsec583")~~RJStevensMusicPresentationCreator.Program~0000002717
2024-12-14 21:52:31.7087~DEBUG~download completed~~RJStevensMusicPresentationCreator.Program~0000002718
2024-12-14 21:52:31.7087~DEBUG~<- DownloadFile(url = "https://faas-nyc1-2ef2e6cc.doserverless.co/api/v1/web/fn-dd7f8f6a-d32a-4f5e-ae7b-870dfb7963f3/downloads/bundle?id=000000000000592", filename = "C:\Users\cofc_\AppData\Local\Temp\tmp163C.tmp\rjsec583.ZIP", message = "rjsec583")~~RJStevensMusicPresentationCreator.Program~0000002719
2024-12-14 21:52:31.7317~DEBUG~-> ExtractAllFromFile(zipFileName = "C:\Users\cofc_\AppData\Local\Temp\tmp163C.tmp\rjsec583.ZIP", decompressedFolder = "C:\Users\cofc_\AppData\Local\Temp\tmp1757.tmp", message = "rjsec583")~~RJStevensMusicPresentationCreator.Program~0000002720
2024-12-14 21:52:32.0548~DEBUG~extract completed~~RJStevensMusicPresentationCreator.Program~0000002721
2024-12-14 21:52:32.0548~DEBUG~<- ExtractAllFromFile(zipFileName = "C:\Users\cofc_\AppData\Local\Temp\tmp163C.tmp\rjsec583.ZIP", decompressedFolder = "C:\Users\cofc_\AppData\Local\Temp\tmp1757.tmp", message = "rjsec583")~~RJStevensMusicPresentationCreator.Program~0000002722
2024-12-14 21:52:32.1308~DEBUG~-> DownloadFile(url = "https://faas-nyc1-2ef2e6cc.doserverless.co/api/v1/web/fn-dd7f8f6a-d32a-4f5e-ae7b-870dfb7963f3/downloads/bundle?id=000000000000594", filename = "C:\Users\cofc_\AppData\Local\Temp\tmp18EE.tmp\rjsec585.ZIP", message = "rjsec585")~~RJStevensMusicPresentationCreator.Program~0000002723
2024-12-14 21:52:32.3448~DEBUG~download completed~~RJStevensMusicPresentationCreator.Program~0000002724
2024-12-14 21:52:32.3448~DEBUG~<- DownloadFile(url = "https://faas-nyc1-2ef2e6cc.doserverless.co/api/v1/web/fn-dd7f8f6a-d32a-4f5e-ae7b-870dfb7963f3/downloads/bundle?id=000000000000594", filename = "C:\Users\cofc_\AppData\Local\Temp\tmp18EE.tmp\rjsec585.ZIP", message = "rjsec585")~~RJStevensMusicPresentationCreator.Program~0000002725
2024-12-14 21:52:32.3638~DEBUG~-> ExtractAllFromFile(zipFileName = "C:\Users\cofc_\AppData\Local\Temp\tmp18EE.tmp\rjsec585.ZIP", decompressedFolder = "C:\Users\cofc_\AppData\Local\Temp\tmp19D9.tmp", message = "rjsec585")~~RJStevensMusicPresentationCreator.Program~0000002726
2024-12-14 21:52:32.6169~DEBUG~extract completed~~RJStevensMusicPresentationCreator.Program~0000002727
2024-12-14 21:52:32.6169~DEBUG~<- ExtractAllFromFile(zipFileName = "C:\Users\cofc_\AppData\Local\Temp\tmp18EE.tmp\rjsec585.ZIP", decompressedFolder = "C:\Users\cofc_\AppData\Local\Temp\tmp19D9.tmp", message = "rjsec585")~~RJStevensMusicPresentationCreator.Program~0000002728
2024-12-14 21:52:32.7029~DEBUG~-> DownloadFile(url = "https://faas-nyc1-2ef2e6cc.doserverless.co/api/v1/web/fn-dd7f8f6a-d32a-4f5e-ae7b-870dfb7963f3/downloads/bundle?id=000000000000596", filename = "C:\Users\cofc_\AppData\Local\Temp\tmp1B22.tmp\rjsec587.ZIP", message = "rjsec587")~~RJStevensMusicPresentationCreator.Program~0000002729
2024-12-14 21:52:32.8879~DEBUG~download completed~~RJStevensMusicPresentationCreator.Program~0000002730
2024-12-14 21:52:32.8879~DEBUG~<- DownloadFile(url = "https://faas-nyc1-2ef2e6cc.doserverless.co/api/v1/web/fn-dd7f8f6a-d32a-4f5e-ae7b-870dfb7963f3/downloads/bundle?id=000000000000596", filename = "C:\Users\cofc_\AppData\Local\Temp\tmp1B22.tmp\rjsec587.ZIP", message = "rjsec587")~~RJStevensMusicPresentationCreator.Program~0000002731
2024-12-14 21:52:32.9059~DEBUG~-> ExtractAllFromFile(zipFileName = "C:\Users\cofc_\AppData\Local\Temp\tmp1B22.tmp\rjsec587.ZIP", decompressedFolder = "C:\Users\cofc_\AppData\Local\Temp\tmp1BEE.tmp", message = "rjsec587")~~RJStevensMusicPresentationCreator.Program~0000002732
2024-12-14 21:52:33.0309~DEBUG~extract completed~~RJStevensMusicPresentationCreator.Program~0000002733
2024-12-14 21:52:33.0349~DEBUG~<- ExtractAllFromFile(zipFileName = "C:\Users\cofc_\AppData\Local\Temp\tmp1B22.tmp\rjsec587.ZIP", decompressedFolder = "C:\Users\cofc_\AppData\Local\Temp\tmp1BEE.tmp", message = "rjsec587")~~RJStevensMusicPresentationCreator.Program~0000002734
2024-12-14 21:52:33.0880~DEBUG~-> DownloadFile(url = "https://faas-nyc1-2ef2e6cc.doserverless.co/api/v1/web/fn-dd7f8f6a-d32a-4f5e-ae7b-870dfb7963f3/downloads/bundle?id=000000000000597", filename = "C:\Users\cofc_\AppData\Local\Temp\tmp1CAB.tmp\rjsec588.ZIP", message = "rjsec588")~~RJStevensMusicPresentationCreator.Program~0000002735
2024-12-14 21:52:33.3230~DEBUG~download completed~~RJStevensMusicPresentationCreator.Program~0000002736
2024-12-14 21:52:33.3230~DEBUG~<- DownloadFile(url = "https://faas-nyc1-2ef2e6cc.doserverless.co/api/v1/web/fn-dd7f8f6a-d32a-4f5e-ae7b-870dfb7963f3/downloads/bundle?id=000000000000597", filename = "C:\Users\cofc_\AppData\Local\Temp\tmp1CAB.tmp\rjsec588.ZIP", message = "rjsec588")~~RJStevensMusicPresentationCreator.Program~0000002737
2024-12-14 21:52:33.3360~DEBUG~-> ExtractAllFromFile(zipFileName = "C:\Users\cofc_\AppData\Local\Temp\tmp1CAB.tmp\rjsec588.ZIP", decompressedFolder = "C:\Users\cofc_\AppData\Local\Temp\tmp1DA6.tmp", message = "rjsec588")~~RJStevensMusicPresentationCreator.Program~0000002738
2024-12-14 21:52:33.6310~DEBUG~extract completed~~RJStevensMusicPresentationCreator.Program~0000002739
2024-12-14 21:52:33.6310~DEBUG~<- ExtractAllFromFile(zipFileName = "C:\Users\cofc_\AppData\Local\Temp\tmp1CAB.tmp\rjsec588.ZIP", decompressedFolder = "C:\Users\cofc_\AppData\Local\Temp\tmp1DA6.tmp", message = "rjsec588")~~RJStevensMusicPresentationCreator.Program~0000002740
2024-12-14 21:52:33.7070~DEBUG~-> DownloadFile(url = "https://faas-nyc1-2ef2e6cc.doserverless.co/api/v1/web/fn-dd7f8f6a-d32a-4f5e-ae7b-870dfb7963f3/downloads/bundle?id=000000000000602", filename = "C:\Users\cofc_\AppData\Local\Temp\tmp1F1E.tmp\rjsec593.ZIP", message = "rjsec593")~~RJStevensMusicPresentationCreator.Program~0000002741
2024-12-14 21:52:33.8990~DEBUG~download completed~~RJStevensMusicPresentationCreator.Program~0000002742
2024-12-14 21:52:33.8990~DEBUG~<- DownloadFile(url = "https://faas-nyc1-2ef2e6cc.doserverless.co/api/v1/web/fn-dd7f8f6a-d32a-4f5e-ae7b-870dfb7963f3/downloads/bundle?id=000000000000602", filename = "C:\Users\cofc_\AppData\Local\Temp\tmp1F1E.tmp\rjsec593.ZIP", message = "rjsec593")~~RJStevensMusicPresentationCreator.Program~0000002743
2024-12-14 21:52:33.9140~DEBUG~-> ExtractAllFromFile(zipFileName = "C:\Users\cofc_\AppData\Local\Temp\tmp1F1E.tmp\rjsec593.ZIP", decompressedFolder = "C:\Users\cofc_\AppData\Local\Temp\tmp1FEA.tmp", message = "rjsec593")~~RJStevensMusicPresentationCreator.Program~0000002744
2024-12-14 21:52:34.1380~DEBUG~extract completed~~RJStevensMusicPresentationCreator.Program~0000002745
2024-12-14 21:52:34.1420~DEBUG~<- ExtractAllFromFile(zipFileName = "C:\Users\cofc_\AppData\Local\Temp\tmp1F1E.tmp\rjsec593.ZIP", decompressedFolder = "C:\Users\cofc_\AppData\Local\Temp\tmp1FEA.tmp", message = "rjsec593")~~RJStevensMusicPresentationCreator.Program~0000002746
2024-12-14 21:52:34.2060~DEBUG~-> DownloadFile(url = "https://faas-nyc1-2ef2e6cc.doserverless.co/api/v1/web/fn-dd7f8f6a-d32a-4f5e-ae7b-870dfb7963f3/downloads/bundle?id=000000000000603", filename = "C:\Users\cofc_\AppData\Local\Temp\tmp2114.tmp\rjsec594.ZIP", message = "rjsec594")~~RJStevensMusicPresentationCreator.Program~0000002747
2024-12-14 21:52:34.4961~DEBUG~download completed~~RJStevensMusicPresentationCreator.Program~0000002748
2024-12-14 21:52:34.4961~DEBUG~<- DownloadFile(url = "https://faas-nyc1-2ef2e6cc.doserverless.co/api/v1/web/fn-dd7f8f6a-d32a-4f5e-ae7b-870dfb7963f3/downloads/bundle?id=000000000000603", filename = "C:\Users\cofc_\AppData\Local\Temp\tmp2114.tmp\rjsec594.ZIP", message = "rjsec594")~~RJStevensMusicPresentationCreator.Program~0000002749
2024-12-14 21:52:34.5270~DEBUG~-> ExtractAllFromFile(zipFileName = "C:\Users\cofc_\AppData\Local\Temp\tmp2114.tmp\rjsec594.ZIP", decompressedFolder = "C:\Users\cofc_\AppData\Local\Temp\tmp224D.tmp", message = "rjsec594")~~RJStevensMusicPresentationCreator.Program~0000002750
2024-12-14 21:52:34.9601~DEBUG~extract completed~~RJStevensMusicPresentationCreator.Program~0000002751
2024-12-14 21:52:34.9601~DEBUG~<- ExtractAllFromFile(zipFileName = "C:\Users\cofc_\AppData\Local\Temp\tmp2114.tmp\rjsec594.ZIP", decompressedFolder = "C:\Users\cofc_\AppData\Local\Temp\tmp224D.tmp", message = "rjsec594")~~RJStevensMusicPresentationCreator.Program~0000002752
2024-12-14 21:52:35.0511~DEBUG~-> DownloadFile(url = "https://faas-nyc1-2ef2e6cc.doserverless.co/api/v1/web/fn-dd7f8f6a-d32a-4f5e-ae7b-870dfb7963f3/downloads/bundle?id=000000000000604", filename = "C:\Users\cofc_\AppData\Local\Temp\tmp2462.tmp\rjsec595.ZIP", message = "rjsec595")~~RJStevensMusicPresentationCreator.Program~0000002753
2024-12-14 21:52:35.2781~DEBUG~download completed~~RJStevensMusicPresentationCreator.Program~0000002754
2024-12-14 21:52:35.2781~DEBUG~<- DownloadFile(url = "https://faas-nyc1-2ef2e6cc.doserverless.co/api/v1/web/fn-dd7f8f6a-d32a-4f5e-ae7b-870dfb7963f3/downloads/bundle?id=000000000000604", filename = "C:\Users\cofc_\AppData\Local\Temp\tmp2462.tmp\rjsec595.ZIP", message = "rjsec595")~~RJStevensMusicPresentationCreator.Program~0000002755
2024-12-14 21:52:35.2931~DEBUG~-> ExtractAllFromFile(zipFileName = "C:\Users\cofc_\AppData\Local\Temp\tmp2462.tmp\rjsec595.ZIP", decompressedFolder = "C:\Users\cofc_\AppData\Local\Temp\tmp254D.tmp", message = "rjsec595")~~RJStevensMusicPresentationCreator.Program~0000002756
2024-12-14 21:52:35.5201~DEBUG~extract completed~~RJStevensMusicPresentationCreator.Program~0000002757
2024-12-14 21:52:35.5201~DEBUG~<- ExtractAllFromFile(zipFileName = "C:\Users\cofc_\AppData\Local\Temp\tmp2462.tmp\rjsec595.ZIP", decompressedFolder = "C:\Users\cofc_\AppData\Local\Temp\tmp254D.tmp", message = "rjsec595")~~RJStevensMusicPresentationCreator.Program~0000002758
2024-12-14 21:52:35.5861~DEBUG~-> DownloadFile(url = "https://faas-nyc1-2ef2e6cc.doserverless.co/api/v1/web/fn-dd7f8f6a-d32a-4f5e-ae7b-870dfb7963f3/downloads/bundle?id=000000000000606", filename = "C:\Users\cofc_\AppData\Local\Temp\tmp2677.tmp\rjsec597.ZIP", message = "rjsec597")~~RJStevensMusicPresentationCreator.Program~0000002759
2024-12-14 21:52:35.7681~DEBUG~download completed~~RJStevensMusicPresentationCreator.Program~0000002760
2024-12-14 21:52:35.7681~DEBUG~<- DownloadFile(url = "https://faas-nyc1-2ef2e6cc.doserverless.co/api/v1/web/fn-dd7f8f6a-d32a-4f5e-ae7b-870dfb7963f3/downloads/bundle?id=000000000000606", filename = "C:\Users\cofc_\AppData\Local\Temp\tmp2677.tmp\rjsec597.ZIP", message = "rjsec597")~~RJStevensMusicPresentationCreator.Program~0000002761
2024-12-14 21:52:35.7831~DEBUG~-> ExtractAllFromFile(zipFileName = "C:\Users\cofc_\AppData\Local\Temp\tmp2677.tmp\rjsec597.ZIP", decompressedFolder = "C:\Users\cofc_\AppData\Local\Temp\tmp2743.tmp", message = "rjsec597")~~RJStevensMusicPresentationCreator.Program~0000002762
2024-12-14 21:52:35.9972~DEBUG~extract completed~~RJStevensMusicPresentationCreator.Program~0000002763
2024-12-14 21:52:35.9972~DEBUG~<- ExtractAllFromFile(zipFileName = "C:\Users\cofc_\AppData\Local\Temp\tmp2677.tmp\rjsec597.ZIP", decompressedFolder = "C:\Users\cofc_\AppData\Local\Temp\tmp2743.tmp", message = "rjsec597")~~RJStevensMusicPresentationCreator.Program~0000002764
2024-12-14 21:52:36.0662~DEBUG~-> DownloadFile(url = "https://faas-nyc1-2ef2e6cc.doserverless.co/api/v1/web/fn-dd7f8f6a-d32a-4f5e-ae7b-870dfb7963f3/downloads/bundle?id=000000000000607", filename = "C:\Users\cofc_\AppData\Local\Temp\tmp285D.tmp\rjsec598.ZIP", message = "rjsec598")~~RJStevensMusicPresentationCreator.Program~0000002765
2024-12-14 21:52:36.2782~DEBUG~download completed~~RJStevensMusicPresentationCreator.Program~0000002766
2024-12-14 21:52:36.2782~DEBUG~<- DownloadFile(url = "https://faas-nyc1-2ef2e6cc.doserverless.co/api/v1/web/fn-dd7f8f6a-d32a-4f5e-ae7b-870dfb7963f3/downloads/bundle?id=000000000000607", filename = "C:\Users\cofc_\AppData\Local\Temp\tmp285D.tmp\rjsec598.ZIP", message = "rjsec598")~~RJStevensMusicPresentationCreator.Program~0000002767
2024-12-14 21:52:36.2932~DEBUG~-> ExtractAllFromFile(zipFileName = "C:\Users\cofc_\AppData\Local\Temp\tmp285D.tmp\rjsec598.ZIP", decompressedFolder = "C:\Users\cofc_\AppData\Local\Temp\tmp2939.tmp", message = "rjsec598")~~RJStevensMusicPresentationCreator.Program~0000002768
2024-12-14 21:52:36.5742~DEBUG~extract completed~~RJStevensMusicPresentationCreator.Program~0000002769
2024-12-14 21:52:36.5742~DEBUG~<- ExtractAllFromFile(zipFileName = "C:\Users\cofc_\AppData\Local\Temp\tmp285D.tmp\rjsec598.ZIP", decompressedFolder = "C:\Users\cofc_\AppData\Local\Temp\tmp2939.tmp", message = "rjsec598")~~RJStevensMusicPresentationCreator.Program~0000002770
2024-12-14 21:52:36.6532~DEBUG~-> DownloadFile(url = "https://faas-nyc1-2ef2e6cc.doserverless.co/api/v1/web/fn-dd7f8f6a-d32a-4f5e-ae7b-870dfb7963f3/downloads/bundle?id=000000000000610", filename = "C:\Users\cofc_\AppData\Local\Temp\tmp2AA1.tmp\rjsec601.ZIP", message = "rjsec601")~~RJStevensMusicPresentationCreator.Program~0000002771
2024-12-14 21:52:36.8622~DEBUG~download completed~~RJStevensMusicPresentationCreator.Program~0000002772
2024-12-14 21:52:36.8622~DEBUG~<- DownloadFile(url = "https://faas-nyc1-2ef2e6cc.doserverless.co/api/v1/web/fn-dd7f8f6a-d32a-4f5e-ae7b-870dfb7963f3/downloads/bundle?id=000000000000610", filename = "C:\Users\cofc_\AppData\Local\Temp\tmp2AA1.tmp\rjsec601.ZIP", message = "rjsec601")~~RJStevensMusicPresentationCreator.Program~0000002773
2024-12-14 21:52:36.8782~DEBUG~-> ExtractAllFromFile(zipFileName = "C:\Users\cofc_\AppData\Local\Temp\tmp2AA1.tmp\rjsec601.ZIP", decompressedFolder = "C:\Users\cofc_\AppData\Local\Temp\tmp2B8D.tmp", message = "rjsec601")~~RJStevensMusicPresentationCreator.Program~0000002774
2024-12-14 21:52:37.0942~DEBUG~extract completed~~RJStevensMusicPresentationCreator.Program~0000002775
2024-12-14 21:52:37.0942~DEBUG~<- ExtractAllFromFile(zipFileName = "C:\Users\cofc_\AppData\Local\Temp\tmp2AA1.tmp\rjsec601.ZIP", decompressedFolder = "C:\Users\cofc_\AppData\Local\Temp\tmp2B8D.tmp", message = "rjsec601")~~RJStevensMusicPresentationCreator.Program~0000002776
2024-12-14 21:52:37.1662~DEBUG~-> DownloadFile(url = "https://faas-nyc1-2ef2e6cc.doserverless.co/api/v1/web/fn-dd7f8f6a-d32a-4f5e-ae7b-870dfb7963f3/downloads/bundle?id=000000000000616", filename = "C:\Users\cofc_\AppData\Local\Temp\tmp2CA7.tmp\rjsec607.ZIP", message = "rjsec607")~~RJStevensMusicPresentationCreator.Program~0000002777
2024-12-14 21:52:37.3783~DEBUG~download completed~~RJStevensMusicPresentationCreator.Program~0000002778
2024-12-14 21:52:37.3783~DEBUG~<- DownloadFile(url = "https://faas-nyc1-2ef2e6cc.doserverless.co/api/v1/web/fn-dd7f8f6a-d32a-4f5e-ae7b-870dfb7963f3/downloads/bundle?id=000000000000616", filename = "C:\Users\cofc_\AppData\Local\Temp\tmp2CA7.tmp\rjsec607.ZIP", message = "rjsec607")~~RJStevensMusicPresentationCreator.Program~0000002779
2024-12-14 21:52:37.3983~DEBUG~-> ExtractAllFromFile(zipFileName = "C:\Users\cofc_\AppData\Local\Temp\tmp2CA7.tmp\rjsec607.ZIP", decompressedFolder = "C:\Users\cofc_\AppData\Local\Temp\tmp2D92.tmp", message = "rjsec607")~~RJStevensMusicPresentationCreator.Program~0000002780
2024-12-14 21:52:37.6243~DEBUG~extract completed~~RJStevensMusicPresentationCreator.Program~0000002781
2024-12-14 21:52:37.6303~DEBUG~<- ExtractAllFromFile(zipFileName = "C:\Users\cofc_\AppData\Local\Temp\tmp2CA7.tmp\rjsec607.ZIP", decompressedFolder = "C:\Users\cofc_\AppData\Local\Temp\tmp2D92.tmp", message = "rjsec607")~~RJStevensMusicPresentationCreator.Program~0000002782
2024-12-14 21:52:37.6953~DEBUG~-> DownloadFile(url = "https://faas-nyc1-2ef2e6cc.doserverless.co/api/v1/web/fn-dd7f8f6a-d32a-4f5e-ae7b-870dfb7963f3/downloads/bundle?id=000000000000618", filename = "C:\Users\cofc_\AppData\Local\Temp\tmp2EBC.tmp\rjsec609.ZIP", message = "rjsec609")~~RJStevensMusicPresentationCreator.Program~0000002783
2024-12-14 21:52:37.8943~DEBUG~download completed~~RJStevensMusicPresentationCreator.Program~0000002784
2024-12-14 21:52:37.8943~DEBUG~<- DownloadFile(url = "https://faas-nyc1-2ef2e6cc.doserverless.co/api/v1/web/fn-dd7f8f6a-d32a-4f5e-ae7b-870dfb7963f3/downloads/bundle?id=000000000000618", filename = "C:\Users\cofc_\AppData\Local\Temp\tmp2EBC.tmp\rjsec609.ZIP", message = "rjsec609")~~RJStevensMusicPresentationCreator.Program~0000002785
2024-12-14 21:52:37.9143~DEBUG~-> ExtractAllFromFile(zipFileName = "C:\Users\cofc_\AppData\Local\Temp\tmp2EBC.tmp\rjsec609.ZIP", decompressedFolder = "C:\Users\cofc_\AppData\Local\Temp\tmp2F98.tmp", message = "rjsec609")~~RJStevensMusicPresentationCreator.Program~0000002786
2024-12-14 21:52:38.1093~DEBUG~extract completed~~RJStevensMusicPresentationCreator.Program~0000002787
2024-12-14 21:52:38.1123~DEBUG~<- ExtractAllFromFile(zipFileName = "C:\Users\cofc_\AppData\Local\Temp\tmp2EBC.tmp\rjsec609.ZIP", decompressedFolder = "C:\Users\cofc_\AppData\Local\Temp\tmp2F98.tmp", message = "rjsec609")~~RJStevensMusicPresentationCreator.Program~0000002788
2024-12-14 21:52:38.1793~DEBUG~-> DownloadFile(url = "https://faas-nyc1-2ef2e6cc.doserverless.co/api/v1/web/fn-dd7f8f6a-d32a-4f5e-ae7b-870dfb7963f3/downloads/bundle?id=000000000000620", filename = "C:\Users\cofc_\AppData\Local\Temp\tmp30A3.tmp\rjsec611.ZIP", message = "rjsec611")~~RJStevensMusicPresentationCreator.Program~0000002789
2024-12-14 21:52:38.4323~DEBUG~download completed~~RJStevensMusicPresentationCreator.Program~0000002790
2024-12-14 21:52:38.4323~DEBUG~<- DownloadFile(url = "https://faas-nyc1-2ef2e6cc.doserverless.co/api/v1/web/fn-dd7f8f6a-d32a-4f5e-ae7b-870dfb7963f3/downloads/bundle?id=000000000000620", filename = "C:\Users\cofc_\AppData\Local\Temp\tmp30A3.tmp\rjsec611.ZIP", message = "rjsec611")~~RJStevensMusicPresentationCreator.Program~0000002791
2024-12-14 21:52:38.4453~DEBUG~-> ExtractAllFromFile(zipFileName = "C:\Users\cofc_\AppData\Local\Temp\tmp30A3.tmp\rjsec611.ZIP", decompressedFolder = "C:\Users\cofc_\AppData\Local\Temp\tmp31AD.tmp", message = "rjsec611")~~RJStevensMusicPresentationCreator.Program~0000002792
2024-12-14 21:52:38.5724~DEBUG~extract completed~~RJStevensMusicPresentationCreator.Program~0000002793
2024-12-14 21:52:38.5724~DEBUG~<- ExtractAllFromFile(zipFileName = "C:\Users\cofc_\AppData\Local\Temp\tmp30A3.tmp\rjsec611.ZIP", decompressedFolder = "C:\Users\cofc_\AppData\Local\Temp\tmp31AD.tmp", message = "rjsec611")~~RJStevensMusicPresentationCreator.Program~0000002794
2024-12-14 21:52:38.6324~DEBUG~-> DownloadFile(url = "https://faas-nyc1-2ef2e6cc.doserverless.co/api/v1/web/fn-dd7f8f6a-d32a-4f5e-ae7b-870dfb7963f3/downloads/bundle?id=000000000000621", filename = "C:\Users\cofc_\AppData\Local\Temp\tmp326A.tmp\rjsec612.ZIP", message = "rjsec612")~~RJStevensMusicPresentationCreator.Program~0000002795
2024-12-14 21:52:38.8504~DEBUG~download completed~~RJStevensMusicPresentationCreator.Program~0000002796
2024-12-14 21:52:38.8504~DEBUG~<- DownloadFile(url = "https://faas-nyc1-2ef2e6cc.doserverless.co/api/v1/web/fn-dd7f8f6a-d32a-4f5e-ae7b-870dfb7963f3/downloads/bundle?id=000000000000621", filename = "C:\Users\cofc_\AppData\Local\Temp\tmp326A.tmp\rjsec612.ZIP", message = "rjsec612")~~RJStevensMusicPresentationCreator.Program~0000002797
2024-12-14 21:52:38.8624~DEBUG~-> ExtractAllFromFile(zipFileName = "C:\Users\cofc_\AppData\Local\Temp\tmp326A.tmp\rjsec612.ZIP", decompressedFolder = "C:\Users\cofc_\AppData\Local\Temp\tmp3355.tmp", message = "rjsec612")~~RJStevensMusicPresentationCreator.Program~0000002798
2024-12-14 21:52:39.1404~DEBUG~extract completed~~RJStevensMusicPresentationCreator.Program~0000002799
2024-12-14 21:52:39.1434~DEBUG~<- ExtractAllFromFile(zipFileName = "C:\Users\cofc_\AppData\Local\Temp\tmp326A.tmp\rjsec612.ZIP", decompressedFolder = "C:\Users\cofc_\AppData\Local\Temp\tmp3355.tmp", message = "rjsec612")~~RJStevensMusicPresentationCreator.Program~0000002800
2024-12-14 21:52:39.2124~DEBUG~-> DownloadFile(url = "https://faas-nyc1-2ef2e6cc.doserverless.co/api/v1/web/fn-dd7f8f6a-d32a-4f5e-ae7b-870dfb7963f3/downloads/bundle?id=000000000000625", filename = "C:\Users\cofc_\AppData\Local\Temp\tmp34AE.tmp\rjsec616.ZIP", message = "rjsec616")~~RJStevensMusicPresentationCreator.Program~0000002801
2024-12-14 21:52:39.4244~DEBUG~download completed~~RJStevensMusicPresentationCreator.Program~0000002802
2024-12-14 21:52:39.4244~DEBUG~<- DownloadFile(url = "https://faas-nyc1-2ef2e6cc.doserverless.co/api/v1/web/fn-dd7f8f6a-d32a-4f5e-ae7b-870dfb7963f3/downloads/bundle?id=000000000000625", filename = "C:\Users\cofc_\AppData\Local\Temp\tmp34AE.tmp\rjsec616.ZIP", message = "rjsec616")~~RJStevensMusicPresentationCreator.Program~0000002803
2024-12-14 21:52:39.4424~DEBUG~-> ExtractAllFromFile(zipFileName = "C:\Users\cofc_\AppData\Local\Temp\tmp34AE.tmp\rjsec616.ZIP", decompressedFolder = "C:\Users\cofc_\AppData\Local\Temp\tmp3599.tmp", message = "rjsec616")~~RJStevensMusicPresentationCreator.Program~0000002804
2024-12-14 21:52:39.7304~DEBUG~extract completed~~RJStevensMusicPresentationCreator.Program~0000002805
2024-12-14 21:52:39.7354~DEBUG~<- ExtractAllFromFile(zipFileName = "C:\Users\cofc_\AppData\Local\Temp\tmp34AE.tmp\rjsec616.ZIP", decompressedFolder = "C:\Users\cofc_\AppData\Local\Temp\tmp3599.tmp", message = "rjsec616")~~RJStevensMusicPresentationCreator.Program~0000002806
2024-12-14 21:52:39.8114~DEBUG~-> DownloadFile(url = "https://faas-nyc1-2ef2e6cc.doserverless.co/api/v1/web/fn-dd7f8f6a-d32a-4f5e-ae7b-870dfb7963f3/downloads/bundle?id=000000000000626", filename = "C:\Users\cofc_\AppData\Local\Temp\tmp3702.tmp\rjsec617.ZIP", message = "rjsec617")~~RJStevensMusicPresentationCreator.Program~0000002807
2024-12-14 21:52:40.0115~DEBUG~download completed~~RJStevensMusicPresentationCreator.Program~0000002808
2024-12-14 21:52:40.0115~DEBUG~<- DownloadFile(url = "https://faas-nyc1-2ef2e6cc.doserverless.co/api/v1/web/fn-dd7f8f6a-d32a-4f5e-ae7b-870dfb7963f3/downloads/bundle?id=000000000000626", filename = "C:\Users\cofc_\AppData\Local\Temp\tmp3702.tmp\rjsec617.ZIP", message = "rjsec617")~~RJStevensMusicPresentationCreator.Program~0000002809
2024-12-14 21:52:40.0245~DEBUG~-> ExtractAllFromFile(zipFileName = "C:\Users\cofc_\AppData\Local\Temp\tmp3702.tmp\rjsec617.ZIP", decompressedFolder = "C:\Users\cofc_\AppData\Local\Temp\tmp37DD.tmp", message = "rjsec617")~~RJStevensMusicPresentationCreator.Program~0000002810
2024-12-14 21:52:40.2425~DEBUG~extract completed~~RJStevensMusicPresentationCreator.Program~0000002811
2024-12-14 21:52:40.2425~DEBUG~<- ExtractAllFromFile(zipFileName = "C:\Users\cofc_\AppData\Local\Temp\tmp3702.tmp\rjsec617.ZIP", decompressedFolder = "C:\Users\cofc_\AppData\Local\Temp\tmp37DD.tmp", message = "rjsec617")~~RJStevensMusicPresentationCreator.Program~0000002812
2024-12-14 21:52:40.3265~DEBUG~-> DownloadFile(url = "https://faas-nyc1-2ef2e6cc.doserverless.co/api/v1/web/fn-dd7f8f6a-d32a-4f5e-ae7b-870dfb7963f3/downloads/bundle?id=000000000000628", filename = "C:\Users\cofc_\AppData\Local\Temp\tmp3907.tmp\rjsec619.ZIP", message = "rjsec619")~~RJStevensMusicPresentationCreator.Program~0000002813
2024-12-14 21:52:40.5705~DEBUG~download completed~~RJStevensMusicPresentationCreator.Program~0000002814
2024-12-14 21:52:40.5705~DEBUG~<- DownloadFile(url = "https://faas-nyc1-2ef2e6cc.doserverless.co/api/v1/web/fn-dd7f8f6a-d32a-4f5e-ae7b-870dfb7963f3/downloads/bundle?id=000000000000628", filename = "C:\Users\cofc_\AppData\Local\Temp\tmp3907.tmp\rjsec619.ZIP", message = "rjsec619")~~RJStevensMusicPresentationCreator.Program~0000002815
2024-12-14 21:52:40.5845~DEBUG~-> ExtractAllFromFile(zipFileName = "C:\Users\cofc_\AppData\Local\Temp\tmp3907.tmp\rjsec619.ZIP", decompressedFolder = "C:\Users\cofc_\AppData\Local\Temp\tmp3A12.tmp", message = "rjsec619")~~RJStevensMusicPresentationCreator.Program~0000002816
2024-12-14 21:52:40.8275~DEBUG~extract completed~~RJStevensMusicPresentationCreator.Program~0000002817
2024-12-14 21:52:40.8315~DEBUG~<- ExtractAllFromFile(zipFileName = "C:\Users\cofc_\AppData\Local\Temp\tmp3907.tmp\rjsec619.ZIP", decompressedFolder = "C:\Users\cofc_\AppData\Local\Temp\tmp3A12.tmp", message = "rjsec619")~~RJStevensMusicPresentationCreator.Program~0000002818
2024-12-14 21:52:40.9015~DEBUG~-> DownloadFile(url = "https://faas-nyc1-2ef2e6cc.doserverless.co/api/v1/web/fn-dd7f8f6a-d32a-4f5e-ae7b-870dfb7963f3/downloads/bundle?id=000000000000631", filename = "C:\Users\cofc_\AppData\Local\Temp\tmp3B4B.tmp\rjsec622.ZIP", message = "rjsec622")~~RJStevensMusicPresentationCreator.Program~0000002819
2024-12-14 21:52:41.1515~DEBUG~download completed~~RJStevensMusicPresentationCreator.Program~0000002820
2024-12-14 21:52:41.1515~DEBUG~<- DownloadFile(url = "https://faas-nyc1-2ef2e6cc.doserverless.co/api/v1/web/fn-dd7f8f6a-d32a-4f5e-ae7b-870dfb7963f3/downloads/bundle?id=000000000000631", filename = "C:\Users\cofc_\AppData\Local\Temp\tmp3B4B.tmp\rjsec622.ZIP", message = "rjsec622")~~RJStevensMusicPresentationCreator.Program~0000002821
2024-12-14 21:52:41.1655~DEBUG~-> ExtractAllFromFile(zipFileName = "C:\Users\cofc_\AppData\Local\Temp\tmp3B4B.tmp\rjsec622.ZIP", decompressedFolder = "C:\Users\cofc_\AppData\Local\Temp\tmp3C56.tmp", message = "rjsec622")~~RJStevensMusicPresentationCreator.Program~0000002822
2024-12-14 21:52:41.4636~DEBUG~extract completed~~RJStevensMusicPresentationCreator.Program~0000002823
2024-12-14 21:52:41.4636~DEBUG~<- ExtractAllFromFile(zipFileName = "C:\Users\cofc_\AppData\Local\Temp\tmp3B4B.tmp\rjsec622.ZIP", decompressedFolder = "C:\Users\cofc_\AppData\Local\Temp\tmp3C56.tmp", message = "rjsec622")~~RJStevensMusicPresentationCreator.Program~0000002824
2024-12-14 21:52:41.5386~DEBUG~-> DownloadFile(url = "https://faas-nyc1-2ef2e6cc.doserverless.co/api/v1/web/fn-dd7f8f6a-d32a-4f5e-ae7b-870dfb7963f3/downloads/bundle?id=000000000000632", filename = "C:\Users\cofc_\AppData\Local\Temp\tmp3DCE.tmp\rjsec623.ZIP", message = "rjsec623")~~RJStevensMusicPresentationCreator.Program~0000002825
2024-12-14 21:52:41.7686~DEBUG~download completed~~RJStevensMusicPresentationCreator.Program~0000002826
2024-12-14 21:52:41.7686~DEBUG~<- DownloadFile(url = "https://faas-nyc1-2ef2e6cc.doserverless.co/api/v1/web/fn-dd7f8f6a-d32a-4f5e-ae7b-870dfb7963f3/downloads/bundle?id=000000000000632", filename = "C:\Users\cofc_\AppData\Local\Temp\tmp3DCE.tmp\rjsec623.ZIP", message = "rjsec623")~~RJStevensMusicPresentationCreator.Program~0000002827
2024-12-14 21:52:41.7846~DEBUG~-> ExtractAllFromFile(zipFileName = "C:\Users\cofc_\AppData\Local\Temp\tmp3DCE.tmp\rjsec623.ZIP", decompressedFolder = "C:\Users\cofc_\AppData\Local\Temp\tmp3EC9.tmp", message = "rjsec623")~~RJStevensMusicPresentationCreator.Program~0000002828
2024-12-14 21:52:41.9756~DEBUG~extract completed~~RJStevensMusicPresentationCreator.Program~0000002829
2024-12-14 21:52:41.9756~DEBUG~<- ExtractAllFromFile(zipFileName = "C:\Users\cofc_\AppData\Local\Temp\tmp3DCE.tmp\rjsec623.ZIP", decompressedFolder = "C:\Users\cofc_\AppData\Local\Temp\tmp3EC9.tmp", message = "rjsec623")~~RJStevensMusicPresentationCreator.Program~0000002830
2024-12-14 21:52:42.0416~DEBUG~-> DownloadFile(url = "https://faas-nyc1-2ef2e6cc.doserverless.co/api/v1/web/fn-dd7f8f6a-d32a-4f5e-ae7b-870dfb7963f3/downloads/bundle?id=000000000000633", filename = "C:\Users\cofc_\AppData\Local\Temp\tmp3FC4.tmp\rjsec624.ZIP", message = "rjsec624")~~RJStevensMusicPresentationCreator.Program~0000002831
2024-12-14 21:52:42.2466~DEBUG~download completed~~RJStevensMusicPresentationCreator.Program~0000002832
2024-12-14 21:52:42.2466~DEBUG~<- DownloadFile(url = "https://faas-nyc1-2ef2e6cc.doserverless.co/api/v1/web/fn-dd7f8f6a-d32a-4f5e-ae7b-870dfb7963f3/downloads/bundle?id=000000000000633", filename = "C:\Users\cofc_\AppData\Local\Temp\tmp3FC4.tmp\rjsec624.ZIP", message = "rjsec624")~~RJStevensMusicPresentationCreator.Program~0000002833
2024-12-14 21:52:42.2656~DEBUG~-> ExtractAllFromFile(zipFileName = "C:\Users\cofc_\AppData\Local\Temp\tmp3FC4.tmp\rjsec624.ZIP", decompressedFolder = "C:\Users\cofc_\AppData\Local\Temp\tmp40A0.tmp", message = "rjsec624")~~RJStevensMusicPresentationCreator.Program~0000002834
2024-12-14 21:52:42.5806~DEBUG~extract completed~~RJStevensMusicPresentationCreator.Program~0000002835
2024-12-14 21:52:42.5806~DEBUG~<- ExtractAllFromFile(zipFileName = "C:\Users\cofc_\AppData\Local\Temp\tmp3FC4.tmp\rjsec624.ZIP", decompressedFolder = "C:\Users\cofc_\AppData\Local\Temp\tmp40A0.tmp", message = "rjsec624")~~RJStevensMusicPresentationCreator.Program~0000002836
2024-12-14 21:52:42.6657~DEBUG~-> DownloadFile(url = "https://faas-nyc1-2ef2e6cc.doserverless.co/api/v1/web/fn-dd7f8f6a-d32a-4f5e-ae7b-870dfb7963f3/downloads/bundle?id=000000000000634", filename = "C:\Users\cofc_\AppData\Local\Temp\tmp4237.tmp\rjsec625.ZIP", message = "rjsec625")~~RJStevensMusicPresentationCreator.Program~0000002837
2024-12-14 21:52:42.8937~DEBUG~download completed~~RJStevensMusicPresentationCreator.Program~0000002838
2024-12-14 21:52:42.8937~DEBUG~<- DownloadFile(url = "https://faas-nyc1-2ef2e6cc.doserverless.co/api/v1/web/fn-dd7f8f6a-d32a-4f5e-ae7b-870dfb7963f3/downloads/bundle?id=000000000000634", filename = "C:\Users\cofc_\AppData\Local\Temp\tmp4237.tmp\rjsec625.ZIP", message = "rjsec625")~~RJStevensMusicPresentationCreator.Program~0000002839
2024-12-14 21:52:42.9077~DEBUG~-> ExtractAllFromFile(zipFileName = "C:\Users\cofc_\AppData\Local\Temp\tmp4237.tmp\rjsec625.ZIP", decompressedFolder = "C:\Users\cofc_\AppData\Local\Temp\tmp4332.tmp", message = "rjsec625")~~RJStevensMusicPresentationCreator.Program~0000002840
2024-12-14 21:52:43.1217~DEBUG~extract completed~~RJStevensMusicPresentationCreator.Program~0000002841
2024-12-14 21:52:43.1217~DEBUG~<- ExtractAllFromFile(zipFileName = "C:\Users\cofc_\AppData\Local\Temp\tmp4237.tmp\rjsec625.ZIP", decompressedFolder = "C:\Users\cofc_\AppData\Local\Temp\tmp4332.tmp", message = "rjsec625")~~RJStevensMusicPresentationCreator.Program~0000002842
2024-12-14 21:52:43.1917~DEBUG~-> DownloadFile(url = "https://faas-nyc1-2ef2e6cc.doserverless.co/api/v1/web/fn-dd7f8f6a-d32a-4f5e-ae7b-870dfb7963f3/downloads/bundle?id=000000000000635", filename = "C:\Users\cofc_\AppData\Local\Temp\tmp444C.tmp\rjsec626.ZIP", message = "rjsec626")~~RJStevensMusicPresentationCreator.Program~0000002843
2024-12-14 21:52:43.4287~DEBUG~download completed~~RJStevensMusicPresentationCreator.Program~0000002844
2024-12-14 21:52:43.4287~DEBUG~<- DownloadFile(url = "https://faas-nyc1-2ef2e6cc.doserverless.co/api/v1/web/fn-dd7f8f6a-d32a-4f5e-ae7b-870dfb7963f3/downloads/bundle?id=000000000000635", filename = "C:\Users\cofc_\AppData\Local\Temp\tmp444C.tmp\rjsec626.ZIP", message = "rjsec626")~~RJStevensMusicPresentationCreator.Program~0000002845
2024-12-14 21:52:43.4467~DEBUG~-> ExtractAllFromFile(zipFileName = "C:\Users\cofc_\AppData\Local\Temp\tmp444C.tmp\rjsec626.ZIP", decompressedFolder = "C:\Users\cofc_\AppData\Local\Temp\tmp4547.tmp", message = "rjsec626")~~RJStevensMusicPresentationCreator.Program~0000002846
2024-12-14 21:52:43.8107~DEBUG~extract completed~~RJStevensMusicPresentationCreator.Program~0000002847
2024-12-14 21:52:43.8107~DEBUG~<- ExtractAllFromFile(zipFileName = "C:\Users\cofc_\AppData\Local\Temp\tmp444C.tmp\rjsec626.ZIP", decompressedFolder = "C:\Users\cofc_\AppData\Local\Temp\tmp4547.tmp", message = "rjsec626")~~RJStevensMusicPresentationCreator.Program~0000002848
2024-12-14 21:52:43.8927~DEBUG~-> DownloadFile(url = "https://faas-nyc1-2ef2e6cc.doserverless.co/api/v1/web/fn-dd7f8f6a-d32a-4f5e-ae7b-870dfb7963f3/downloads/bundle?id=000000000000639", filename = "C:\Users\cofc_\AppData\Local\Temp\tmp470D.tmp\rjsec630.ZIP", message = "rjsec630")~~RJStevensMusicPresentationCreator.Program~0000002849
2024-12-14 21:52:44.1388~DEBUG~download completed~~RJStevensMusicPresentationCreator.Program~0000002850
2024-12-14 21:52:44.1388~DEBUG~<- DownloadFile(url = "https://faas-nyc1-2ef2e6cc.doserverless.co/api/v1/web/fn-dd7f8f6a-d32a-4f5e-ae7b-870dfb7963f3/downloads/bundle?id=000000000000639", filename = "C:\Users\cofc_\AppData\Local\Temp\tmp470D.tmp\rjsec630.ZIP", message = "rjsec630")~~RJStevensMusicPresentationCreator.Program~0000002851
2024-12-14 21:52:44.1578~DEBUG~-> ExtractAllFromFile(zipFileName = "C:\Users\cofc_\AppData\Local\Temp\tmp470D.tmp\rjsec630.ZIP", decompressedFolder = "C:\Users\cofc_\AppData\Local\Temp\tmp4818.tmp", message = "rjsec630")~~RJStevensMusicPresentationCreator.Program~0000002852
2024-12-14 21:52:44.4168~DEBUG~extract completed~~RJStevensMusicPresentationCreator.Program~0000002853
2024-12-14 21:52:44.4168~DEBUG~<- ExtractAllFromFile(zipFileName = "C:\Users\cofc_\AppData\Local\Temp\tmp470D.tmp\rjsec630.ZIP", decompressedFolder = "C:\Users\cofc_\AppData\Local\Temp\tmp4818.tmp", message = "rjsec630")~~RJStevensMusicPresentationCreator.Program~0000002854
2024-12-14 21:52:44.4908~DEBUG~-> DownloadFile(url = "https://faas-nyc1-2ef2e6cc.doserverless.co/api/v1/web/fn-dd7f8f6a-d32a-4f5e-ae7b-870dfb7963f3/downloads/bundle?id=000000000000640", filename = "C:\Users\cofc_\AppData\Local\Temp\tmp4961.tmp\rjsec631.ZIP", message = "rjsec631")~~RJStevensMusicPresentationCreator.Program~0000002855
2024-12-14 21:52:44.6878~DEBUG~download completed~~RJStevensMusicPresentationCreator.Program~0000002856
2024-12-14 21:52:44.6888~DEBUG~<- DownloadFile(url = "https://faas-nyc1-2ef2e6cc.doserverless.co/api/v1/web/fn-dd7f8f6a-d32a-4f5e-ae7b-870dfb7963f3/downloads/bundle?id=000000000000640", filename = "C:\Users\cofc_\AppData\Local\Temp\tmp4961.tmp\rjsec631.ZIP", message = "rjsec631")~~RJStevensMusicPresentationCreator.Program~0000002857
2024-12-14 21:52:44.6888~DEBUG~-> ExtractAllFromFile(zipFileName = "C:\Users\cofc_\AppData\Local\Temp\tmp4961.tmp\rjsec631.ZIP", decompressedFolder = "C:\Users\cofc_\AppData\Local\Temp\tmp4A2D.tmp", message = "rjsec631")~~RJStevensMusicPresentationCreator.Program~0000002858
2024-12-14 21:52:44.9526~DEBUG~extract completed~~RJStevensMusicPresentationCreator.Program~0000002859
2024-12-14 21:52:44.9586~DEBUG~<- ExtractAllFromFile(zipFileName = "C:\Users\cofc_\AppData\Local\Temp\tmp4961.tmp\rjsec631.ZIP", decompressedFolder = "C:\Users\cofc_\AppData\Local\Temp\tmp4A2D.tmp", message = "rjsec631")~~RJStevensMusicPresentationCreator.Program~0000002860
2024-12-14 21:52:45.0266~DEBUG~-> DownloadFile(url = "https://faas-nyc1-2ef2e6cc.doserverless.co/api/v1/web/fn-dd7f8f6a-d32a-4f5e-ae7b-870dfb7963f3/downloads/bundle?id=000000000000641", filename = "C:\Users\cofc_\AppData\Local\Temp\tmp4B76.tmp\rjsec632.ZIP", message = "rjsec632")~~RJStevensMusicPresentationCreator.Program~0000002861
2024-12-14 21:52:45.2566~DEBUG~download completed~~RJStevensMusicPresentationCreator.Program~0000002862
2024-12-14 21:52:45.2566~DEBUG~<- DownloadFile(url = "https://faas-nyc1-2ef2e6cc.doserverless.co/api/v1/web/fn-dd7f8f6a-d32a-4f5e-ae7b-870dfb7963f3/downloads/bundle?id=000000000000641", filename = "C:\Users\cofc_\AppData\Local\Temp\tmp4B76.tmp\rjsec632.ZIP", message = "rjsec632")~~RJStevensMusicPresentationCreator.Program~0000002863
2024-12-14 21:52:45.2756~DEBUG~-> ExtractAllFromFile(zipFileName = "C:\Users\cofc_\AppData\Local\Temp\tmp4B76.tmp\rjsec632.ZIP", decompressedFolder = "C:\Users\cofc_\AppData\Local\Temp\tmp4C71.tmp", message = "rjsec632")~~RJStevensMusicPresentationCreator.Program~0000002864
2024-12-14 21:52:45.6206~DEBUG~extract completed~~RJStevensMusicPresentationCreator.Program~0000002865
2024-12-14 21:52:45.6206~DEBUG~<- ExtractAllFromFile(zipFileName = "C:\Users\cofc_\AppData\Local\Temp\tmp4B76.tmp\rjsec632.ZIP", decompressedFolder = "C:\Users\cofc_\AppData\Local\Temp\tmp4C71.tmp", message = "rjsec632")~~RJStevensMusicPresentationCreator.Program~0000002866
2024-12-14 21:52:45.7037~DEBUG~-> DownloadFile(url = "https://faas-nyc1-2ef2e6cc.doserverless.co/api/v1/web/fn-dd7f8f6a-d32a-4f5e-ae7b-870dfb7963f3/downloads/bundle?id=000000000000645", filename = "C:\Users\cofc_\AppData\Local\Temp\tmp4E18.tmp\rjsec636.ZIP", message = "rjsec636")~~RJStevensMusicPresentationCreator.Program~0000002867
2024-12-14 21:52:45.9477~DEBUG~download completed~~RJStevensMusicPresentationCreator.Program~0000002868
2024-12-14 21:52:45.9477~DEBUG~<- DownloadFile(url = "https://faas-nyc1-2ef2e6cc.doserverless.co/api/v1/web/fn-dd7f8f6a-d32a-4f5e-ae7b-870dfb7963f3/downloads/bundle?id=000000000000645", filename = "C:\Users\cofc_\AppData\Local\Temp\tmp4E18.tmp\rjsec636.ZIP", message = "rjsec636")~~RJStevensMusicPresentationCreator.Program~0000002869
2024-12-14 21:52:45.9637~DEBUG~-> ExtractAllFromFile(zipFileName = "C:\Users\cofc_\AppData\Local\Temp\tmp4E18.tmp\rjsec636.ZIP", decompressedFolder = "C:\Users\cofc_\AppData\Local\Temp\tmp4F23.tmp", message = "rjsec636")~~RJStevensMusicPresentationCreator.Program~0000002870
2024-12-14 21:52:46.3477~DEBUG~extract completed~~RJStevensMusicPresentationCreator.Program~0000002871
2024-12-14 21:52:46.3477~DEBUG~<- ExtractAllFromFile(zipFileName = "C:\Users\cofc_\AppData\Local\Temp\tmp4E18.tmp\rjsec636.ZIP", decompressedFolder = "C:\Users\cofc_\AppData\Local\Temp\tmp4F23.tmp", message = "rjsec636")~~RJStevensMusicPresentationCreator.Program~0000002872
2024-12-14 21:52:46.4447~DEBUG~-> DownloadFile(url = "https://faas-nyc1-2ef2e6cc.doserverless.co/api/v1/web/fn-dd7f8f6a-d32a-4f5e-ae7b-870dfb7963f3/downloads/bundle?id=000000000000646", filename = "C:\Users\cofc_\AppData\Local\Temp\tmp5108.tmp\rjsec637.ZIP", message = "rjsec637")~~RJStevensMusicPresentationCreator.Program~0000002873
2024-12-14 21:52:46.7147~DEBUG~download completed~~RJStevensMusicPresentationCreator.Program~0000002874
2024-12-14 21:52:46.7147~DEBUG~<- DownloadFile(url = "https://faas-nyc1-2ef2e6cc.doserverless.co/api/v1/web/fn-dd7f8f6a-d32a-4f5e-ae7b-870dfb7963f3/downloads/bundle?id=000000000000646", filename = "C:\Users\cofc_\AppData\Local\Temp\tmp5108.tmp\rjsec637.ZIP", message = "rjsec637")~~RJStevensMusicPresentationCreator.Program~0000002875
2024-12-14 21:52:46.7367~DEBUG~-> ExtractAllFromFile(zipFileName = "C:\Users\cofc_\AppData\Local\Temp\tmp5108.tmp\rjsec637.ZIP", decompressedFolder = "C:\Users\cofc_\AppData\Local\Temp\tmp5232.tmp", message = "rjsec637")~~RJStevensMusicPresentationCreator.Program~0000002876
2024-12-14 21:52:47.1068~DEBUG~extract completed~~RJStevensMusicPresentationCreator.Program~0000002877
2024-12-14 21:52:47.1098~DEBUG~<- ExtractAllFromFile(zipFileName = "C:\Users\cofc_\AppData\Local\Temp\tmp5108.tmp\rjsec637.ZIP", decompressedFolder = "C:\Users\cofc_\AppData\Local\Temp\tmp5232.tmp", message = "rjsec637")~~RJStevensMusicPresentationCreator.Program~0000002878
2024-12-14 21:52:47.2048~DEBUG~-> DownloadFile(url = "https://faas-nyc1-2ef2e6cc.doserverless.co/api/v1/web/fn-dd7f8f6a-d32a-4f5e-ae7b-870dfb7963f3/downloads/bundle?id=000000000000647", filename = "C:\Users\cofc_\AppData\Local\Temp\tmp5408.tmp\rjsec638.ZIP", message = "rjsec638")~~RJStevensMusicPresentationCreator.Program~0000002879
2024-12-14 21:52:47.4488~DEBUG~download completed~~RJStevensMusicPresentationCreator.Program~0000002880
2024-12-14 21:52:47.4488~DEBUG~<- DownloadFile(url = "https://faas-nyc1-2ef2e6cc.doserverless.co/api/v1/web/fn-dd7f8f6a-d32a-4f5e-ae7b-870dfb7963f3/downloads/bundle?id=000000000000647", filename = "C:\Users\cofc_\AppData\Local\Temp\tmp5408.tmp\rjsec638.ZIP", message = "rjsec638")~~RJStevensMusicPresentationCreator.Program~0000002881
2024-12-14 21:52:47.4698~DEBUG~-> ExtractAllFromFile(zipFileName = "C:\Users\cofc_\AppData\Local\Temp\tmp5408.tmp\rjsec638.ZIP", decompressedFolder = "C:\Users\cofc_\AppData\Local\Temp\tmp5503.tmp", message = "rjsec638")~~RJStevensMusicPresentationCreator.Program~0000002882
2024-12-14 21:52:47.8308~DEBUG~extract completed~~RJStevensMusicPresentationCreator.Program~0000002883
2024-12-14 21:52:47.8308~DEBUG~<- ExtractAllFromFile(zipFileName = "C:\Users\cofc_\AppData\Local\Temp\tmp5408.tmp\rjsec638.ZIP", decompressedFolder = "C:\Users\cofc_\AppData\Local\Temp\tmp5503.tmp", message = "rjsec638")~~RJStevensMusicPresentationCreator.Program~0000002884
2024-12-14 21:52:47.9228~DEBUG~-> DownloadFile(url = "https://faas-nyc1-2ef2e6cc.doserverless.co/api/v1/web/fn-dd7f8f6a-d32a-4f5e-ae7b-870dfb7963f3/downloads/bundle?id=000000000000648", filename = "C:\Users\cofc_\AppData\Local\Temp\tmp56C9.tmp\rjsec639.ZIP", message = "rjsec639")~~RJStevensMusicPresentationCreator.Program~0000002885
2024-12-14 21:52:48.2118~DEBUG~download completed~~RJStevensMusicPresentationCreator.Program~0000002886
2024-12-14 21:52:48.2118~DEBUG~<- DownloadFile(url = "https://faas-nyc1-2ef2e6cc.doserverless.co/api/v1/web/fn-dd7f8f6a-d32a-4f5e-ae7b-870dfb7963f3/downloads/bundle?id=000000000000648", filename = "C:\Users\cofc_\AppData\Local\Temp\tmp56C9.tmp\rjsec639.ZIP", message = "rjsec639")~~RJStevensMusicPresentationCreator.Program~0000002887
2024-12-14 21:52:48.2318~DEBUG~-> ExtractAllFromFile(zipFileName = "C:\Users\cofc_\AppData\Local\Temp\tmp56C9.tmp\rjsec639.ZIP", decompressedFolder = "C:\Users\cofc_\AppData\Local\Temp\tmp5803.tmp", message = "rjsec639")~~RJStevensMusicPresentationCreator.Program~0000002888
2024-12-14 21:52:48.5609~DEBUG~extract completed~~RJStevensMusicPresentationCreator.Program~0000002889
2024-12-14 21:52:48.5639~DEBUG~<- ExtractAllFromFile(zipFileName = "C:\Users\cofc_\AppData\Local\Temp\tmp56C9.tmp\rjsec639.ZIP", decompressedFolder = "C:\Users\cofc_\AppData\Local\Temp\tmp5803.tmp", message = "rjsec639")~~RJStevensMusicPresentationCreator.Program~0000002890
2024-12-14 21:52:48.6459~DEBUG~-> DownloadFile(url = "https://faas-nyc1-2ef2e6cc.doserverless.co/api/v1/web/fn-dd7f8f6a-d32a-4f5e-ae7b-870dfb7963f3/downloads/bundle?id=000000000000650", filename = "C:\Users\cofc_\AppData\Local\Temp\tmp59A9.tmp\rjsec641.ZIP", message = "rjsec641")~~RJStevensMusicPresentationCreator.Program~0000002891
2024-12-14 21:52:48.8809~DEBUG~download completed~~RJStevensMusicPresentationCreator.Program~0000002892
2024-12-14 21:52:48.8809~DEBUG~<- DownloadFile(url = "https://faas-nyc1-2ef2e6cc.doserverless.co/api/v1/web/fn-dd7f8f6a-d32a-4f5e-ae7b-870dfb7963f3/downloads/bundle?id=000000000000650", filename = "C:\Users\cofc_\AppData\Local\Temp\tmp59A9.tmp\rjsec641.ZIP", message = "rjsec641")~~RJStevensMusicPresentationCreator.Program~0000002893
2024-12-14 21:52:48.9019~DEBUG~-> ExtractAllFromFile(zipFileName = "C:\Users\cofc_\AppData\Local\Temp\tmp59A9.tmp\rjsec641.ZIP", decompressedFolder = "C:\Users\cofc_\AppData\Local\Temp\tmp5AA4.tmp", message = "rjsec641")~~RJStevensMusicPresentationCreator.Program~0000002894
2024-12-14 21:52:49.2602~DEBUG~extract completed~~RJStevensMusicPresentationCreator.Program~0000002895
2024-12-14 21:52:49.2602~DEBUG~<- ExtractAllFromFile(zipFileName = "C:\Users\cofc_\AppData\Local\Temp\tmp59A9.tmp\rjsec641.ZIP", decompressedFolder = "C:\Users\cofc_\AppData\Local\Temp\tmp5AA4.tmp", message = "rjsec641")~~RJStevensMusicPresentationCreator.Program~0000002896
2024-12-14 21:52:49.3482~DEBUG~-> DownloadFile(url = "https://faas-nyc1-2ef2e6cc.doserverless.co/api/v1/web/fn-dd7f8f6a-d32a-4f5e-ae7b-870dfb7963f3/downloads/bundle?id=000000000000651", filename = "C:\Users\cofc_\AppData\Local\Temp\tmp5C6B.tmp\rjsec642.ZIP", message = "rjsec642")~~RJStevensMusicPresentationCreator.Program~0000002897
2024-12-14 21:52:49.5652~DEBUG~download completed~~RJStevensMusicPresentationCreator.Program~0000002898
2024-12-14 21:52:49.5652~DEBUG~<- DownloadFile(url = "https://faas-nyc1-2ef2e6cc.doserverless.co/api/v1/web/fn-dd7f8f6a-d32a-4f5e-ae7b-870dfb7963f3/downloads/bundle?id=000000000000651", filename = "C:\Users\cofc_\AppData\Local\Temp\tmp5C6B.tmp\rjsec642.ZIP", message = "rjsec642")~~RJStevensMusicPresentationCreator.Program~0000002899
2024-12-14 21:52:49.5812~DEBUG~-> ExtractAllFromFile(zipFileName = "C:\Users\cofc_\AppData\Local\Temp\tmp5C6B.tmp\rjsec642.ZIP", decompressedFolder = "C:\Users\cofc_\AppData\Local\Temp\tmp5D56.tmp", message = "rjsec642")~~RJStevensMusicPresentationCreator.Program~0000002900
2024-12-14 21:52:49.7390~DEBUG~extract completed~~RJStevensMusicPresentationCreator.Program~0000002901
2024-12-14 21:52:49.7390~DEBUG~<- ExtractAllFromFile(zipFileName = "C:\Users\cofc_\AppData\Local\Temp\tmp5C6B.tmp\rjsec642.ZIP", decompressedFolder = "C:\Users\cofc_\AppData\Local\Temp\tmp5D56.tmp", message = "rjsec642")~~RJStevensMusicPresentationCreator.Program~0000002902
2024-12-14 21:52:49.7960~DEBUG~-> DownloadFile(url = "https://faas-nyc1-2ef2e6cc.doserverless.co/api/v1/web/fn-dd7f8f6a-d32a-4f5e-ae7b-870dfb7963f3/downloads/bundle?id=000000000000653", filename = "C:\Users\cofc_\AppData\Local\Temp\tmp5E22.tmp\rjsec644.ZIP", message = "rjsec644")~~RJStevensMusicPresentationCreator.Program~0000002903
2024-12-14 21:52:50.0130~DEBUG~download completed~~RJStevensMusicPresentationCreator.Program~0000002904
2024-12-14 21:52:50.0130~DEBUG~<- DownloadFile(url = "https://faas-nyc1-2ef2e6cc.doserverless.co/api/v1/web/fn-dd7f8f6a-d32a-4f5e-ae7b-870dfb7963f3/downloads/bundle?id=000000000000653", filename = "C:\Users\cofc_\AppData\Local\Temp\tmp5E22.tmp\rjsec644.ZIP", message = "rjsec644")~~RJStevensMusicPresentationCreator.Program~0000002905
2024-12-14 21:52:50.0270~DEBUG~-> ExtractAllFromFile(zipFileName = "C:\Users\cofc_\AppData\Local\Temp\tmp5E22.tmp\rjsec644.ZIP", decompressedFolder = "C:\Users\cofc_\AppData\Local\Temp\tmp5F0D.tmp", message = "rjsec644")~~RJStevensMusicPresentationCreator.Program~0000002906
2024-12-14 21:52:50.2201~DEBUG~extract completed~~RJStevensMusicPresentationCreator.Program~0000002907
2024-12-14 21:52:50.2201~DEBUG~<- ExtractAllFromFile(zipFileName = "C:\Users\cofc_\AppData\Local\Temp\tmp5E22.tmp\rjsec644.ZIP", decompressedFolder = "C:\Users\cofc_\AppData\Local\Temp\tmp5F0D.tmp", message = "rjsec644")~~RJStevensMusicPresentationCreator.Program~0000002908
2024-12-14 21:52:50.2901~DEBUG~-> DownloadFile(url = "https://faas-nyc1-2ef2e6cc.doserverless.co/api/v1/web/fn-dd7f8f6a-d32a-4f5e-ae7b-870dfb7963f3/downloads/bundle?id=000000000000654", filename = "C:\Users\cofc_\AppData\Local\Temp\tmp6018.tmp\rjsec645.ZIP", message = "rjsec645")~~RJStevensMusicPresentationCreator.Program~0000002909
2024-12-14 21:52:50.5011~DEBUG~download completed~~RJStevensMusicPresentationCreator.Program~0000002910
2024-12-14 21:52:50.5011~DEBUG~<- DownloadFile(url = "https://faas-nyc1-2ef2e6cc.doserverless.co/api/v1/web/fn-dd7f8f6a-d32a-4f5e-ae7b-870dfb7963f3/downloads/bundle?id=000000000000654", filename = "C:\Users\cofc_\AppData\Local\Temp\tmp6018.tmp\rjsec645.ZIP", message = "rjsec645")~~RJStevensMusicPresentationCreator.Program~0000002911
2024-12-14 21:52:50.5221~DEBUG~-> ExtractAllFromFile(zipFileName = "C:\Users\cofc_\AppData\Local\Temp\tmp6018.tmp\rjsec645.ZIP", decompressedFolder = "C:\Users\cofc_\AppData\Local\Temp\tmp6103.tmp", message = "rjsec645")~~RJStevensMusicPresentationCreator.Program~0000002912
2024-12-14 21:52:50.8341~DEBUG~extract completed~~RJStevensMusicPresentationCreator.Program~0000002913
2024-12-14 21:52:50.8341~DEBUG~<- ExtractAllFromFile(zipFileName = "C:\Users\cofc_\AppData\Local\Temp\tmp6018.tmp\rjsec645.ZIP", decompressedFolder = "C:\Users\cofc_\AppData\Local\Temp\tmp6103.tmp", message = "rjsec645")~~RJStevensMusicPresentationCreator.Program~0000002914
2024-12-14 21:52:50.9231~DEBUG~-> DownloadFile(url = "https://faas-nyc1-2ef2e6cc.doserverless.co/api/v1/web/fn-dd7f8f6a-d32a-4f5e-ae7b-870dfb7963f3/downloads/bundle?id=000000000000655", filename = "C:\Users\cofc_\AppData\Local\Temp\tmp628B.tmp\rjsec646.ZIP", message = "rjsec646")~~RJStevensMusicPresentationCreator.Program~0000002915
2024-12-14 21:52:51.1551~DEBUG~download completed~~RJStevensMusicPresentationCreator.Program~0000002916
2024-12-14 21:52:51.1551~DEBUG~<- DownloadFile(url = "https://faas-nyc1-2ef2e6cc.doserverless.co/api/v1/web/fn-dd7f8f6a-d32a-4f5e-ae7b-870dfb7963f3/downloads/bundle?id=000000000000655", filename = "C:\Users\cofc_\AppData\Local\Temp\tmp628B.tmp\rjsec646.ZIP", message = "rjsec646")~~RJStevensMusicPresentationCreator.Program~0000002917
2024-12-14 21:52:51.1741~DEBUG~-> ExtractAllFromFile(zipFileName = "C:\Users\cofc_\AppData\Local\Temp\tmp628B.tmp\rjsec646.ZIP", decompressedFolder = "C:\Users\cofc_\AppData\Local\Temp\tmp6396.tmp", message = "rjsec646")~~RJStevensMusicPresentationCreator.Program~0000002918
2024-12-14 21:52:51.4211~DEBUG~extract completed~~RJStevensMusicPresentationCreator.Program~0000002919
2024-12-14 21:52:51.4261~DEBUG~<- ExtractAllFromFile(zipFileName = "C:\Users\cofc_\AppData\Local\Temp\tmp628B.tmp\rjsec646.ZIP", decompressedFolder = "C:\Users\cofc_\AppData\Local\Temp\tmp6396.tmp", message = "rjsec646")~~RJStevensMusicPresentationCreator.Program~0000002920
2024-12-14 21:52:51.4941~DEBUG~-> DownloadFile(url = "https://faas-nyc1-2ef2e6cc.doserverless.co/api/v1/web/fn-dd7f8f6a-d32a-4f5e-ae7b-870dfb7963f3/downloads/bundle?id=000000000000657", filename = "C:\Users\cofc_\AppData\Local\Temp\tmp64CF.tmp\rjsec648.ZIP", message = "rjsec648")~~RJStevensMusicPresentationCreator.Program~0000002921
2024-12-14 21:52:51.7252~DEBUG~download completed~~RJStevensMusicPresentationCreator.Program~0000002922
2024-12-14 21:52:51.7252~DEBUG~<- DownloadFile(url = "https://faas-nyc1-2ef2e6cc.doserverless.co/api/v1/web/fn-dd7f8f6a-d32a-4f5e-ae7b-870dfb7963f3/downloads/bundle?id=000000000000657", filename = "C:\Users\cofc_\AppData\Local\Temp\tmp64CF.tmp\rjsec648.ZIP", message = "rjsec648")~~RJStevensMusicPresentationCreator.Program~0000002923
2024-12-14 21:52:51.7442~DEBUG~-> ExtractAllFromFile(zipFileName = "C:\Users\cofc_\AppData\Local\Temp\tmp64CF.tmp\rjsec648.ZIP", decompressedFolder = "C:\Users\cofc_\AppData\Local\Temp\tmp65CA.tmp", message = "rjsec648")~~RJStevensMusicPresentationCreator.Program~0000002924
2024-12-14 21:52:51.9502~DEBUG~extract completed~~RJStevensMusicPresentationCreator.Program~0000002925
2024-12-14 21:52:51.9542~DEBUG~<- ExtractAllFromFile(zipFileName = "C:\Users\cofc_\AppData\Local\Temp\tmp64CF.tmp\rjsec648.ZIP", decompressedFolder = "C:\Users\cofc_\AppData\Local\Temp\tmp65CA.tmp", message = "rjsec648")~~RJStevensMusicPresentationCreator.Program~0000002926
2024-12-14 21:52:52.0242~DEBUG~-> DownloadFile(url = "https://faas-nyc1-2ef2e6cc.doserverless.co/api/v1/web/fn-dd7f8f6a-d32a-4f5e-ae7b-870dfb7963f3/downloads/bundle?id=000000000000658", filename = "C:\Users\cofc_\AppData\Local\Temp\tmp66E4.tmp\rjsec649.ZIP", message = "rjsec649")~~RJStevensMusicPresentationCreator.Program~0000002927
2024-12-14 21:52:52.2302~DEBUG~download completed~~RJStevensMusicPresentationCreator.Program~0000002928
2024-12-14 21:52:52.2302~DEBUG~<- DownloadFile(url = "https://faas-nyc1-2ef2e6cc.doserverless.co/api/v1/web/fn-dd7f8f6a-d32a-4f5e-ae7b-870dfb7963f3/downloads/bundle?id=000000000000658", filename = "C:\Users\cofc_\AppData\Local\Temp\tmp66E4.tmp\rjsec649.ZIP", message = "rjsec649")~~RJStevensMusicPresentationCreator.Program~0000002929
2024-12-14 21:52:52.2442~DEBUG~-> ExtractAllFromFile(zipFileName = "C:\Users\cofc_\AppData\Local\Temp\tmp66E4.tmp\rjsec649.ZIP", decompressedFolder = "C:\Users\cofc_\AppData\Local\Temp\tmp67C0.tmp", message = "rjsec649")~~RJStevensMusicPresentationCreator.Program~0000002930
2024-12-14 21:52:52.5382~DEBUG~extract completed~~RJStevensMusicPresentationCreator.Program~0000002931
2024-12-14 21:52:52.5382~DEBUG~<- ExtractAllFromFile(zipFileName = "C:\Users\cofc_\AppData\Local\Temp\tmp66E4.tmp\rjsec649.ZIP", decompressedFolder = "C:\Users\cofc_\AppData\Local\Temp\tmp67C0.tmp", message = "rjsec649")~~RJStevensMusicPresentationCreator.Program~0000002932
2024-12-14 21:52:52.6202~DEBUG~-> DownloadFile(url = "https://faas-nyc1-2ef2e6cc.doserverless.co/api/v1/web/fn-dd7f8f6a-d32a-4f5e-ae7b-870dfb7963f3/downloads/bundle?id=000000000000662", filename = "C:\Users\cofc_\AppData\Local\Temp\tmp6938.tmp\rjsec653.ZIP", message = "rjsec653")~~RJStevensMusicPresentationCreator.Program~0000002933
2024-12-14 21:52:52.9162~DEBUG~download completed~~RJStevensMusicPresentationCreator.Program~0000002934
2024-12-14 21:52:52.9162~DEBUG~<- DownloadFile(url = "https://faas-nyc1-2ef2e6cc.doserverless.co/api/v1/web/fn-dd7f8f6a-d32a-4f5e-ae7b-870dfb7963f3/downloads/bundle?id=000000000000662", filename = "C:\Users\cofc_\AppData\Local\Temp\tmp6938.tmp\rjsec653.ZIP", message = "rjsec653")~~RJStevensMusicPresentationCreator.Program~0000002935
2024-12-14 21:52:52.9382~DEBUG~-> ExtractAllFromFile(zipFileName = "C:\Users\cofc_\AppData\Local\Temp\tmp6938.tmp\rjsec653.ZIP", decompressedFolder = "C:\Users\cofc_\AppData\Local\Temp\tmp6A72.tmp", message = "rjsec653")~~RJStevensMusicPresentationCreator.Program~0000002936
2024-12-14 21:52:53.2361~DEBUG~extract completed~~RJStevensMusicPresentationCreator.Program~0000002937
2024-12-14 21:52:53.2361~DEBUG~<- ExtractAllFromFile(zipFileName = "C:\Users\cofc_\AppData\Local\Temp\tmp6938.tmp\rjsec653.ZIP", decompressedFolder = "C:\Users\cofc_\AppData\Local\Temp\tmp6A72.tmp", message = "rjsec653")~~RJStevensMusicPresentationCreator.Program~0000002938
2024-12-14 21:52:53.3211~DEBUG~-> DownloadFile(url = "https://faas-nyc1-2ef2e6cc.doserverless.co/api/v1/web/fn-dd7f8f6a-d32a-4f5e-ae7b-870dfb7963f3/downloads/bundle?id=000000000000668", filename = "C:\Users\cofc_\AppData\Local\Temp\tmp6BF9.tmp\rjsec659.ZIP", message = "rjsec659")~~RJStevensMusicPresentationCreator.Program~0000002939
2024-12-14 21:52:53.5401~DEBUG~download completed~~RJStevensMusicPresentationCreator.Program~0000002940
2024-12-14 21:52:53.5401~DEBUG~<- DownloadFile(url = "https://faas-nyc1-2ef2e6cc.doserverless.co/api/v1/web/fn-dd7f8f6a-d32a-4f5e-ae7b-870dfb7963f3/downloads/bundle?id=000000000000668", filename = "C:\Users\cofc_\AppData\Local\Temp\tmp6BF9.tmp\rjsec659.ZIP", message = "rjsec659")~~RJStevensMusicPresentationCreator.Program~0000002941
2024-12-14 21:52:53.5581~DEBUG~-> ExtractAllFromFile(zipFileName = "C:\Users\cofc_\AppData\Local\Temp\tmp6BF9.tmp\rjsec659.ZIP", decompressedFolder = "C:\Users\cofc_\AppData\Local\Temp\tmp6CE5.tmp", message = "rjsec659")~~RJStevensMusicPresentationCreator.Program~0000002942
2024-12-14 21:52:53.7929~DEBUG~extract completed~~RJStevensMusicPresentationCreator.Program~0000002943
2024-12-14 21:52:53.7929~DEBUG~<- ExtractAllFromFile(zipFileName = "C:\Users\cofc_\AppData\Local\Temp\tmp6BF9.tmp\rjsec659.ZIP", decompressedFolder = "C:\Users\cofc_\AppData\Local\Temp\tmp6CE5.tmp", message = "rjsec659")~~RJStevensMusicPresentationCreator.Program~0000002944
2024-12-14 21:52:53.8659~DEBUG~-> DownloadFile(url = "https://faas-nyc1-2ef2e6cc.doserverless.co/api/v1/web/fn-dd7f8f6a-d32a-4f5e-ae7b-870dfb7963f3/downloads/bundle?id=000000000000669", filename = "C:\Users\cofc_\AppData\Local\Temp\tmp6E1E.tmp\rjsec660.ZIP", message = "rjsec660")~~RJStevensMusicPresentationCreator.Program~0000002945
2024-12-14 21:52:54.0579~DEBUG~download completed~~RJStevensMusicPresentationCreator.Program~0000002946
2024-12-14 21:52:54.0579~DEBUG~<- DownloadFile(url = "https://faas-nyc1-2ef2e6cc.doserverless.co/api/v1/web/fn-dd7f8f6a-d32a-4f5e-ae7b-870dfb7963f3/downloads/bundle?id=000000000000669", filename = "C:\Users\cofc_\AppData\Local\Temp\tmp6E1E.tmp\rjsec660.ZIP", message = "rjsec660")~~RJStevensMusicPresentationCreator.Program~0000002947
2024-12-14 21:52:54.0739~DEBUG~-> ExtractAllFromFile(zipFileName = "C:\Users\cofc_\AppData\Local\Temp\tmp6E1E.tmp\rjsec660.ZIP", decompressedFolder = "C:\Users\cofc_\AppData\Local\Temp\tmp6EEA.tmp", message = "rjsec660")~~RJStevensMusicPresentationCreator.Program~0000002948
2024-12-14 21:52:54.2780~DEBUG~extract completed~~RJStevensMusicPresentationCreator.Program~0000002949
2024-12-14 21:52:54.2780~DEBUG~<- ExtractAllFromFile(zipFileName = "C:\Users\cofc_\AppData\Local\Temp\tmp6E1E.tmp\rjsec660.ZIP", decompressedFolder = "C:\Users\cofc_\AppData\Local\Temp\tmp6EEA.tmp", message = "rjsec660")~~RJStevensMusicPresentationCreator.Program~0000002950
2024-12-14 21:52:54.3530~DEBUG~-> DownloadFile(url = "https://faas-nyc1-2ef2e6cc.doserverless.co/api/v1/web/fn-dd7f8f6a-d32a-4f5e-ae7b-870dfb7963f3/downloads/bundle?id=000000000000670", filename = "C:\Users\cofc_\AppData\Local\Temp\tmp7005.tmp\rjsec661.ZIP", message = "rjsec661")~~RJStevensMusicPresentationCreator.Program~0000002951
2024-12-14 21:52:54.5990~DEBUG~download completed~~RJStevensMusicPresentationCreator.Program~0000002952
2024-12-14 21:52:54.5990~DEBUG~<- DownloadFile(url = "https://faas-nyc1-2ef2e6cc.doserverless.co/api/v1/web/fn-dd7f8f6a-d32a-4f5e-ae7b-870dfb7963f3/downloads/bundle?id=000000000000670", filename = "C:\Users\cofc_\AppData\Local\Temp\tmp7005.tmp\rjsec661.ZIP", message = "rjsec661")~~RJStevensMusicPresentationCreator.Program~0000002953
2024-12-14 21:52:54.6230~DEBUG~-> ExtractAllFromFile(zipFileName = "C:\Users\cofc_\AppData\Local\Temp\tmp7005.tmp\rjsec661.ZIP", decompressedFolder = "C:\Users\cofc_\AppData\Local\Temp\tmp710F.tmp", message = "rjsec661")~~RJStevensMusicPresentationCreator.Program~0000002954
2024-12-14 21:52:54.9940~DEBUG~extract completed~~RJStevensMusicPresentationCreator.Program~0000002955
2024-12-14 21:52:54.9940~DEBUG~<- ExtractAllFromFile(zipFileName = "C:\Users\cofc_\AppData\Local\Temp\tmp7005.tmp\rjsec661.ZIP", decompressedFolder = "C:\Users\cofc_\AppData\Local\Temp\tmp710F.tmp", message = "rjsec661")~~RJStevensMusicPresentationCreator.Program~0000002956
2024-12-14 21:52:55.0870~DEBUG~-> DownloadFile(url = "https://faas-nyc1-2ef2e6cc.doserverless.co/api/v1/web/fn-dd7f8f6a-d32a-4f5e-ae7b-870dfb7963f3/downloads/bundle?id=000000000000672", filename = "C:\Users\cofc_\AppData\Local\Temp\tmp72E5.tmp\rjsec663.ZIP", message = "rjsec663")~~RJStevensMusicPresentationCreator.Program~0000002957
2024-12-14 21:52:55.3230~DEBUG~download completed~~RJStevensMusicPresentationCreator.Program~0000002958
2024-12-14 21:52:55.3230~DEBUG~<- DownloadFile(url = "https://faas-nyc1-2ef2e6cc.doserverless.co/api/v1/web/fn-dd7f8f6a-d32a-4f5e-ae7b-870dfb7963f3/downloads/bundle?id=000000000000672", filename = "C:\Users\cofc_\AppData\Local\Temp\tmp72E5.tmp\rjsec663.ZIP", message = "rjsec663")~~RJStevensMusicPresentationCreator.Program~0000002959
2024-12-14 21:52:55.3440~DEBUG~-> ExtractAllFromFile(zipFileName = "C:\Users\cofc_\AppData\Local\Temp\tmp72E5.tmp\rjsec663.ZIP", decompressedFolder = "C:\Users\cofc_\AppData\Local\Temp\tmp73E0.tmp", message = "rjsec663")~~RJStevensMusicPresentationCreator.Program~0000002960
2024-12-14 21:52:55.7581~DEBUG~extract completed~~RJStevensMusicPresentationCreator.Program~0000002961
2024-12-14 21:52:55.7581~DEBUG~<- ExtractAllFromFile(zipFileName = "C:\Users\cofc_\AppData\Local\Temp\tmp72E5.tmp\rjsec663.ZIP", decompressedFolder = "C:\Users\cofc_\AppData\Local\Temp\tmp73E0.tmp", message = "rjsec663")~~RJStevensMusicPresentationCreator.Program~0000002962
2024-12-14 21:52:55.8561~DEBUG~-> DownloadFile(url = "https://faas-nyc1-2ef2e6cc.doserverless.co/api/v1/web/fn-dd7f8f6a-d32a-4f5e-ae7b-870dfb7963f3/downloads/bundle?id=000000000000678", filename = "C:\Users\cofc_\AppData\Local\Temp\tmp75E5.tmp\rjsec669.ZIP", message = "rjsec669")~~RJStevensMusicPresentationCreator.Program~0000002963
2024-12-14 21:52:56.1001~DEBUG~download completed~~RJStevensMusicPresentationCreator.Program~0000002964
2024-12-14 21:52:56.1001~DEBUG~<- DownloadFile(url = "https://faas-nyc1-2ef2e6cc.doserverless.co/api/v1/web/fn-dd7f8f6a-d32a-4f5e-ae7b-870dfb7963f3/downloads/bundle?id=000000000000678", filename = "C:\Users\cofc_\AppData\Local\Temp\tmp75E5.tmp\rjsec669.ZIP", message = "rjsec669")~~RJStevensMusicPresentationCreator.Program~0000002965
2024-12-14 21:52:56.1151~DEBUG~-> ExtractAllFromFile(zipFileName = "C:\Users\cofc_\AppData\Local\Temp\tmp75E5.tmp\rjsec669.ZIP", decompressedFolder = "C:\Users\cofc_\AppData\Local\Temp\tmp76EF.tmp", message = "rjsec669")~~RJStevensMusicPresentationCreator.Program~0000002966
2024-12-14 21:52:56.2671~DEBUG~extract completed~~RJStevensMusicPresentationCreator.Program~0000002967
2024-12-14 21:52:56.2671~DEBUG~<- ExtractAllFromFile(zipFileName = "C:\Users\cofc_\AppData\Local\Temp\tmp75E5.tmp\rjsec669.ZIP", decompressedFolder = "C:\Users\cofc_\AppData\Local\Temp\tmp76EF.tmp", message = "rjsec669")~~RJStevensMusicPresentationCreator.Program~0000002968
2024-12-14 21:52:56.3331~DEBUG~-> DownloadFile(url = "https://faas-nyc1-2ef2e6cc.doserverless.co/api/v1/web/fn-dd7f8f6a-d32a-4f5e-ae7b-870dfb7963f3/downloads/bundle?id=000000000000679", filename = "C:\Users\cofc_\AppData\Local\Temp\tmp77CB.tmp\rjsec670.ZIP", message = "rjsec670")~~RJStevensMusicPresentationCreator.Program~0000002969
2024-12-14 21:52:56.5641~DEBUG~download completed~~RJStevensMusicPresentationCreator.Program~0000002970
2024-12-14 21:52:56.5641~DEBUG~<- DownloadFile(url = "https://faas-nyc1-2ef2e6cc.doserverless.co/api/v1/web/fn-dd7f8f6a-d32a-4f5e-ae7b-870dfb7963f3/downloads/bundle?id=000000000000679", filename = "C:\Users\cofc_\AppData\Local\Temp\tmp77CB.tmp\rjsec670.ZIP", message = "rjsec670")~~RJStevensMusicPresentationCreator.Program~0000002971
2024-12-14 21:52:56.5641~DEBUG~-> ExtractAllFromFile(zipFileName = "C:\Users\cofc_\AppData\Local\Temp\tmp77CB.tmp\rjsec670.ZIP", decompressedFolder = "C:\Users\cofc_\AppData\Local\Temp\tmp78B6.tmp", message = "rjsec670")~~RJStevensMusicPresentationCreator.Program~0000002972
2024-12-14 21:52:56.7701~DEBUG~extract completed~~RJStevensMusicPresentationCreator.Program~0000002973
2024-12-14 21:52:56.7701~DEBUG~<- ExtractAllFromFile(zipFileName = "C:\Users\cofc_\AppData\Local\Temp\tmp77CB.tmp\rjsec670.ZIP", decompressedFolder = "C:\Users\cofc_\AppData\Local\Temp\tmp78B6.tmp", message = "rjsec670")~~RJStevensMusicPresentationCreator.Program~0000002974
2024-12-14 21:52:56.8341~DEBUG~-> DownloadFile(url = "https://faas-nyc1-2ef2e6cc.doserverless.co/api/v1/web/fn-dd7f8f6a-d32a-4f5e-ae7b-870dfb7963f3/downloads/bundle?id=000000000000680", filename = "C:\Users\cofc_\AppData\Local\Temp\tmp79C1.tmp\rjsec670.7.ZIP", message = "rjsec670.7")~~RJStevensMusicPresentationCreator.Program~0000002975
2024-12-14 21:52:57.3111~DEBUG~download completed~~RJStevensMusicPresentationCreator.Program~0000002976
2024-12-14 21:52:57.3111~DEBUG~<- DownloadFile(url = "https://faas-nyc1-2ef2e6cc.doserverless.co/api/v1/web/fn-dd7f8f6a-d32a-4f5e-ae7b-870dfb7963f3/downloads/bundle?id=000000000000680", filename = "C:\Users\cofc_\AppData\Local\Temp\tmp79C1.tmp\rjsec670.7.ZIP", message = "rjsec670.7")~~RJStevensMusicPresentationCreator.Program~0000002977
2024-12-14 21:52:57.3311~DEBUG~-> ExtractAllFromFile(zipFileName = "C:\Users\cofc_\AppData\Local\Temp\tmp79C1.tmp\rjsec670.7.ZIP", decompressedFolder = "C:\Users\cofc_\AppData\Local\Temp\tmp7BB6.tmp", message = "rjsec670.7")~~RJStevensMusicPresentationCreator.Program~0000002978
2024-12-14 21:52:57.5711~DEBUG~extract completed~~RJStevensMusicPresentationCreator.Program~0000002979
2024-12-14 21:52:57.5711~DEBUG~<- ExtractAllFromFile(zipFileName = "C:\Users\cofc_\AppData\Local\Temp\tmp79C1.tmp\rjsec670.7.ZIP", decompressedFolder = "C:\Users\cofc_\AppData\Local\Temp\tmp7BB6.tmp", message = "rjsec670.7")~~RJStevensMusicPresentationCreator.Program~0000002980
2024-12-14 21:52:57.6441~DEBUG~-> DownloadFile(url = "https://faas-nyc1-2ef2e6cc.doserverless.co/api/v1/web/fn-dd7f8f6a-d32a-4f5e-ae7b-870dfb7963f3/downloads/bundle?id=000000000000686", filename = "C:\Users\cofc_\AppData\Local\Temp\tmp7CEF.tmp\rjsec676.ZIP", message = "rjsec676")~~RJStevensMusicPresentationCreator.Program~0000002981
2024-12-14 21:52:57.8451~DEBUG~download completed~~RJStevensMusicPresentationCreator.Program~0000002982
2024-12-14 21:52:57.8451~DEBUG~<- DownloadFile(url = "https://faas-nyc1-2ef2e6cc.doserverless.co/api/v1/web/fn-dd7f8f6a-d32a-4f5e-ae7b-870dfb7963f3/downloads/bundle?id=000000000000686", filename = "C:\Users\cofc_\AppData\Local\Temp\tmp7CEF.tmp\rjsec676.ZIP", message = "rjsec676")~~RJStevensMusicPresentationCreator.Program~0000002983
2024-12-14 21:52:57.8631~DEBUG~-> ExtractAllFromFile(zipFileName = "C:\Users\cofc_\AppData\Local\Temp\tmp7CEF.tmp\rjsec676.ZIP", decompressedFolder = "C:\Users\cofc_\AppData\Local\Temp\tmp7DCB.tmp", message = "rjsec676")~~RJStevensMusicPresentationCreator.Program~0000002984
2024-12-14 21:52:58.1202~DEBUG~extract completed~~RJStevensMusicPresentationCreator.Program~0000002985
2024-12-14 21:52:58.1202~DEBUG~<- ExtractAllFromFile(zipFileName = "C:\Users\cofc_\AppData\Local\Temp\tmp7CEF.tmp\rjsec676.ZIP", decompressedFolder = "C:\Users\cofc_\AppData\Local\Temp\tmp7DCB.tmp", message = "rjsec676")~~RJStevensMusicPresentationCreator.Program~0000002986
2024-12-14 21:52:58.1992~DEBUG~-> DownloadFile(url = "https://faas-nyc1-2ef2e6cc.doserverless.co/api/v1/web/fn-dd7f8f6a-d32a-4f5e-ae7b-870dfb7963f3/downloads/bundle?id=000000000000687", filename = "C:\Users\cofc_\AppData\Local\Temp\tmp7F14.tmp\rjsec677.ZIP", message = "rjsec677")~~RJStevensMusicPresentationCreator.Program~0000002987
2024-12-14 21:52:58.4532~DEBUG~download completed~~RJStevensMusicPresentationCreator.Program~0000002988
2024-12-14 21:52:58.4532~DEBUG~<- DownloadFile(url = "https://faas-nyc1-2ef2e6cc.doserverless.co/api/v1/web/fn-dd7f8f6a-d32a-4f5e-ae7b-870dfb7963f3/downloads/bundle?id=000000000000687", filename = "C:\Users\cofc_\AppData\Local\Temp\tmp7F14.tmp\rjsec677.ZIP", message = "rjsec677")~~RJStevensMusicPresentationCreator.Program~0000002989
2024-12-14 21:52:58.4692~DEBUG~-> ExtractAllFromFile(zipFileName = "C:\Users\cofc_\AppData\Local\Temp\tmp7F14.tmp\rjsec677.ZIP", decompressedFolder = "C:\Users\cofc_\AppData\Local\Temp\tmp801F.tmp", message = "rjsec677")~~RJStevensMusicPresentationCreator.Program~0000002990
2024-12-14 21:52:58.7912~DEBUG~extract completed~~RJStevensMusicPresentationCreator.Program~0000002991
2024-12-14 21:52:58.7912~DEBUG~<- ExtractAllFromFile(zipFileName = "C:\Users\cofc_\AppData\Local\Temp\tmp7F14.tmp\rjsec677.ZIP", decompressedFolder = "C:\Users\cofc_\AppData\Local\Temp\tmp801F.tmp", message = "rjsec677")~~RJStevensMusicPresentationCreator.Program~0000002992
2024-12-14 21:52:58.8732~DEBUG~-> DownloadFile(url = "https://faas-nyc1-2ef2e6cc.doserverless.co/api/v1/web/fn-dd7f8f6a-d32a-4f5e-ae7b-870dfb7963f3/downloads/bundle?id=000000000000694", filename = "C:\Users\cofc_\AppData\Local\Temp\tmp81B6.tmp\rjsec684.ZIP", message = "rjsec684")~~RJStevensMusicPresentationCreator.Program~0000002993
2024-12-14 21:52:59.1652~DEBUG~download completed~~RJStevensMusicPresentationCreator.Program~0000002994
2024-12-14 21:52:59.1652~DEBUG~<- DownloadFile(url = "https://faas-nyc1-2ef2e6cc.doserverless.co/api/v1/web/fn-dd7f8f6a-d32a-4f5e-ae7b-870dfb7963f3/downloads/bundle?id=000000000000694", filename = "C:\Users\cofc_\AppData\Local\Temp\tmp81B6.tmp\rjsec684.ZIP", message = "rjsec684")~~RJStevensMusicPresentationCreator.Program~0000002995
2024-12-14 21:52:59.1882~DEBUG~-> ExtractAllFromFile(zipFileName = "C:\Users\cofc_\AppData\Local\Temp\tmp81B6.tmp\rjsec684.ZIP", decompressedFolder = "C:\Users\cofc_\AppData\Local\Temp\tmp82FF.tmp", message = "rjsec684")~~RJStevensMusicPresentationCreator.Program~0000002996
2024-12-14 21:52:59.5925~DEBUG~extract completed~~RJStevensMusicPresentationCreator.Program~0000002997
2024-12-14 21:52:59.5955~DEBUG~<- ExtractAllFromFile(zipFileName = "C:\Users\cofc_\AppData\Local\Temp\tmp81B6.tmp\rjsec684.ZIP", decompressedFolder = "C:\Users\cofc_\AppData\Local\Temp\tmp82FF.tmp", message = "rjsec684")~~RJStevensMusicPresentationCreator.Program~0000002998
2024-12-14 21:52:59.6925~DEBUG~-> DownloadFile(url = "https://faas-nyc1-2ef2e6cc.doserverless.co/api/v1/web/fn-dd7f8f6a-d32a-4f5e-ae7b-870dfb7963f3/downloads/bundle?id=000000000000695", filename = "C:\Users\cofc_\AppData\Local\Temp\tmp84F4.tmp\rjsec685.ZIP", message = "rjsec685")~~RJStevensMusicPresentationCreator.Program~0000002999
2024-12-14 21:52:59.9355~DEBUG~download completed~~RJStevensMusicPresentationCreator.Program~0000003000
2024-12-14 21:52:59.9355~DEBUG~<- DownloadFile(url = "https://faas-nyc1-2ef2e6cc.doserverless.co/api/v1/web/fn-dd7f8f6a-d32a-4f5e-ae7b-870dfb7963f3/downloads/bundle?id=000000000000695", filename = "C:\Users\cofc_\AppData\Local\Temp\tmp84F4.tmp\rjsec685.ZIP", message = "rjsec685")~~RJStevensMusicPresentationCreator.Program~0000003001
2024-12-14 21:52:59.9515~DEBUG~-> ExtractAllFromFile(zipFileName = "C:\Users\cofc_\AppData\Local\Temp\tmp84F4.tmp\rjsec685.ZIP", decompressedFolder = "C:\Users\cofc_\AppData\Local\Temp\tmp85EF.tmp", message = "rjsec685")~~RJStevensMusicPresentationCreator.Program~0000003002
2024-12-14 21:53:00.3012~DEBUG~extract completed~~RJStevensMusicPresentationCreator.Program~0000003003
2024-12-14 21:53:00.3012~DEBUG~<- ExtractAllFromFile(zipFileName = "C:\Users\cofc_\AppData\Local\Temp\tmp84F4.tmp\rjsec685.ZIP", decompressedFolder = "C:\Users\cofc_\AppData\Local\Temp\tmp85EF.tmp", message = "rjsec685")~~RJStevensMusicPresentationCreator.Program~0000003004
2024-12-14 21:53:00.3982~DEBUG~-> DownloadFile(url = "https://faas-nyc1-2ef2e6cc.doserverless.co/api/v1/web/fn-dd7f8f6a-d32a-4f5e-ae7b-870dfb7963f3/downloads/bundle?id=000000000000699", filename = "C:\Users\cofc_\AppData\Local\Temp\tmp87B5.tmp\rjsec689.ZIP", message = "rjsec689")~~RJStevensMusicPresentationCreator.Program~0000003005
2024-12-14 21:53:00.6872~DEBUG~download completed~~RJStevensMusicPresentationCreator.Program~0000003006
2024-12-14 21:53:00.6882~DEBUG~<- DownloadFile(url = "https://faas-nyc1-2ef2e6cc.doserverless.co/api/v1/web/fn-dd7f8f6a-d32a-4f5e-ae7b-870dfb7963f3/downloads/bundle?id=000000000000699", filename = "C:\Users\cofc_\AppData\Local\Temp\tmp87B5.tmp\rjsec689.ZIP", message = "rjsec689")~~RJStevensMusicPresentationCreator.Program~0000003007
2024-12-14 21:53:00.7092~DEBUG~-> ExtractAllFromFile(zipFileName = "C:\Users\cofc_\AppData\Local\Temp\tmp87B5.tmp\rjsec689.ZIP", decompressedFolder = "C:\Users\cofc_\AppData\Local\Temp\tmp88EF.tmp", message = "rjsec689")~~RJStevensMusicPresentationCreator.Program~0000003008
2024-12-14 21:53:01.0783~DEBUG~extract completed~~RJStevensMusicPresentationCreator.Program~0000003009
2024-12-14 21:53:01.0813~DEBUG~<- ExtractAllFromFile(zipFileName = "C:\Users\cofc_\AppData\Local\Temp\tmp87B5.tmp\rjsec689.ZIP", decompressedFolder = "C:\Users\cofc_\AppData\Local\Temp\tmp88EF.tmp", message = "rjsec689")~~RJStevensMusicPresentationCreator.Program~0000003010
2024-12-14 21:53:01.1693~DEBUG~-> DownloadFile(url = "https://faas-nyc1-2ef2e6cc.doserverless.co/api/v1/web/fn-dd7f8f6a-d32a-4f5e-ae7b-870dfb7963f3/downloads/bundle?id=000000000000700", filename = "C:\Users\cofc_\AppData\Local\Temp\tmp8AB5.tmp\rjsec690.ZIP", message = "rjsec690")~~RJStevensMusicPresentationCreator.Program~0000003011
2024-12-14 21:53:01.3943~DEBUG~download completed~~RJStevensMusicPresentationCreator.Program~0000003012
2024-12-14 21:53:01.3943~DEBUG~<- DownloadFile(url = "https://faas-nyc1-2ef2e6cc.doserverless.co/api/v1/web/fn-dd7f8f6a-d32a-4f5e-ae7b-870dfb7963f3/downloads/bundle?id=000000000000700", filename = "C:\Users\cofc_\AppData\Local\Temp\tmp8AB5.tmp\rjsec690.ZIP", message = "rjsec690")~~RJStevensMusicPresentationCreator.Program~0000003013
2024-12-14 21:53:01.4113~DEBUG~-> ExtractAllFromFile(zipFileName = "C:\Users\cofc_\AppData\Local\Temp\tmp8AB5.tmp\rjsec690.ZIP", decompressedFolder = "C:\Users\cofc_\AppData\Local\Temp\tmp8BB0.tmp", message = "rjsec690")~~RJStevensMusicPresentationCreator.Program~0000003014
2024-12-14 21:53:01.7523~DEBUG~extract completed~~RJStevensMusicPresentationCreator.Program~0000003015
2024-12-14 21:53:01.7523~DEBUG~<- ExtractAllFromFile(zipFileName = "C:\Users\cofc_\AppData\Local\Temp\tmp8AB5.tmp\rjsec690.ZIP", decompressedFolder = "C:\Users\cofc_\AppData\Local\Temp\tmp8BB0.tmp", message = "rjsec690")~~RJStevensMusicPresentationCreator.Program~0000003016
2024-12-14 21:53:01.8393~DEBUG~-> DownloadFile(url = "https://faas-nyc1-2ef2e6cc.doserverless.co/api/v1/web/fn-dd7f8f6a-d32a-4f5e-ae7b-870dfb7963f3/downloads/bundle?id=000000000000701", filename = "C:\Users\cofc_\AppData\Local\Temp\tmp8D57.tmp\rjsec691.ZIP", message = "rjsec691")~~RJStevensMusicPresentationCreator.Program~0000003017
2024-12-14 21:53:02.0783~DEBUG~download completed~~RJStevensMusicPresentationCreator.Program~0000003018
2024-12-14 21:53:02.0793~DEBUG~<- DownloadFile(url = "https://faas-nyc1-2ef2e6cc.doserverless.co/api/v1/web/fn-dd7f8f6a-d32a-4f5e-ae7b-870dfb7963f3/downloads/bundle?id=000000000000701", filename = "C:\Users\cofc_\AppData\Local\Temp\tmp8D57.tmp\rjsec691.ZIP", message = "rjsec691")~~RJStevensMusicPresentationCreator.Program~0000003019
2024-12-14 21:53:02.1003~DEBUG~-> ExtractAllFromFile(zipFileName = "C:\Users\cofc_\AppData\Local\Temp\tmp8D57.tmp\rjsec691.ZIP", decompressedFolder = "C:\Users\cofc_\AppData\Local\Temp\tmp8E62.tmp", message = "rjsec691")~~RJStevensMusicPresentationCreator.Program~0000003020
2024-12-14 21:53:02.4594~DEBUG~extract completed~~RJStevensMusicPresentationCreator.Program~0000003021
2024-12-14 21:53:02.4594~DEBUG~<- ExtractAllFromFile(zipFileName = "C:\Users\cofc_\AppData\Local\Temp\tmp8D57.tmp\rjsec691.ZIP", decompressedFolder = "C:\Users\cofc_\AppData\Local\Temp\tmp8E62.tmp", message = "rjsec691")~~RJStevensMusicPresentationCreator.Program~0000003022
2024-12-14 21:53:02.5504~DEBUG~-> DownloadFile(url = "https://faas-nyc1-2ef2e6cc.doserverless.co/api/v1/web/fn-dd7f8f6a-d32a-4f5e-ae7b-870dfb7963f3/downloads/bundle?id=000000000000703", filename = "C:\Users\cofc_\AppData\Local\Temp\tmp9028.tmp\rjsec693.ZIP", message = "rjsec693")~~RJStevensMusicPresentationCreator.Program~0000003023
2024-12-14 21:53:02.8084~DEBUG~download completed~~RJStevensMusicPresentationCreator.Program~0000003024
2024-12-14 21:53:02.8084~DEBUG~<- DownloadFile(url = "https://faas-nyc1-2ef2e6cc.doserverless.co/api/v1/web/fn-dd7f8f6a-d32a-4f5e-ae7b-870dfb7963f3/downloads/bundle?id=000000000000703", filename = "C:\Users\cofc_\AppData\Local\Temp\tmp9028.tmp\rjsec693.ZIP", message = "rjsec693")~~RJStevensMusicPresentationCreator.Program~0000003025
2024-12-14 21:53:02.8284~DEBUG~-> ExtractAllFromFile(zipFileName = "C:\Users\cofc_\AppData\Local\Temp\tmp9028.tmp\rjsec693.ZIP", decompressedFolder = "C:\Users\cofc_\AppData\Local\Temp\tmp9132.tmp", message = "rjsec693")~~RJStevensMusicPresentationCreator.Program~0000003026
2024-12-14 21:53:03.1444~DEBUG~extract completed~~RJStevensMusicPresentationCreator.Program~0000003027
2024-12-14 21:53:03.1444~DEBUG~<- ExtractAllFromFile(zipFileName = "C:\Users\cofc_\AppData\Local\Temp\tmp9028.tmp\rjsec693.ZIP", decompressedFolder = "C:\Users\cofc_\AppData\Local\Temp\tmp9132.tmp", message = "rjsec693")~~RJStevensMusicPresentationCreator.Program~0000003028
2024-12-14 21:53:03.2324~DEBUG~-> DownloadFile(url = "https://faas-nyc1-2ef2e6cc.doserverless.co/api/v1/web/fn-dd7f8f6a-d32a-4f5e-ae7b-870dfb7963f3/downloads/bundle?id=000000000000704", filename = "C:\Users\cofc_\AppData\Local\Temp\tmp92CA.tmp\rjsec694.ZIP", message = "rjsec694")~~RJStevensMusicPresentationCreator.Program~0000003029
2024-12-14 21:53:03.4324~DEBUG~download completed~~RJStevensMusicPresentationCreator.Program~0000003030
2024-12-14 21:53:03.4324~DEBUG~<- DownloadFile(url = "https://faas-nyc1-2ef2e6cc.doserverless.co/api/v1/web/fn-dd7f8f6a-d32a-4f5e-ae7b-870dfb7963f3/downloads/bundle?id=000000000000704", filename = "C:\Users\cofc_\AppData\Local\Temp\tmp92CA.tmp\rjsec694.ZIP", message = "rjsec694")~~RJStevensMusicPresentationCreator.Program~0000003031
2024-12-14 21:53:03.4494~DEBUG~-> ExtractAllFromFile(zipFileName = "C:\Users\cofc_\AppData\Local\Temp\tmp92CA.tmp\rjsec694.ZIP", decompressedFolder = "C:\Users\cofc_\AppData\Local\Temp\tmp93A5.tmp", message = "rjsec694")~~RJStevensMusicPresentationCreator.Program~0000003032
2024-12-14 21:53:03.7245~DEBUG~extract completed~~RJStevensMusicPresentationCreator.Program~0000003033
2024-12-14 21:53:03.7245~DEBUG~<- ExtractAllFromFile(zipFileName = "C:\Users\cofc_\AppData\Local\Temp\tmp92CA.tmp\rjsec694.ZIP", decompressedFolder = "C:\Users\cofc_\AppData\Local\Temp\tmp93A5.tmp", message = "rjsec694")~~RJStevensMusicPresentationCreator.Program~0000003034
2024-12-14 21:53:03.8145~DEBUG~-> DownloadFile(url = "https://faas-nyc1-2ef2e6cc.doserverless.co/api/v1/web/fn-dd7f8f6a-d32a-4f5e-ae7b-870dfb7963f3/downloads/bundle?id=000000000000705", filename = "C:\Users\cofc_\AppData\Local\Temp\tmp951D.tmp\rjsec695.ZIP", message = "rjsec695")~~RJStevensMusicPresentationCreator.Program~0000003035
2024-12-14 21:53:04.0145~DEBUG~download completed~~RJStevensMusicPresentationCreator.Program~0000003036
2024-12-14 21:53:04.0145~DEBUG~<- DownloadFile(url = "https://faas-nyc1-2ef2e6cc.doserverless.co/api/v1/web/fn-dd7f8f6a-d32a-4f5e-ae7b-870dfb7963f3/downloads/bundle?id=000000000000705", filename = "C:\Users\cofc_\AppData\Local\Temp\tmp951D.tmp\rjsec695.ZIP", message = "rjsec695")~~RJStevensMusicPresentationCreator.Program~0000003037
2024-12-14 21:53:04.0365~DEBUG~-> ExtractAllFromFile(zipFileName = "C:\Users\cofc_\AppData\Local\Temp\tmp951D.tmp\rjsec695.ZIP", decompressedFolder = "C:\Users\cofc_\AppData\Local\Temp\tmp95F9.tmp", message = "rjsec695")~~RJStevensMusicPresentationCreator.Program~0000003038
2024-12-14 21:53:04.2315~DEBUG~extract completed~~RJStevensMusicPresentationCreator.Program~0000003039
2024-12-14 21:53:04.2315~DEBUG~<- ExtractAllFromFile(zipFileName = "C:\Users\cofc_\AppData\Local\Temp\tmp951D.tmp\rjsec695.ZIP", decompressedFolder = "C:\Users\cofc_\AppData\Local\Temp\tmp95F9.tmp", message = "rjsec695")~~RJStevensMusicPresentationCreator.Program~0000003040
2024-12-14 21:53:04.3055~DEBUG~-> DownloadFile(url = "https://faas-nyc1-2ef2e6cc.doserverless.co/api/v1/web/fn-dd7f8f6a-d32a-4f5e-ae7b-870dfb7963f3/downloads/bundle?id=000000000000706", filename = "C:\Users\cofc_\AppData\Local\Temp\tmp9704.tmp\rjsec696.ZIP", message = "rjsec696")~~RJStevensMusicPresentationCreator.Program~0000003041
2024-12-14 21:53:04.5165~DEBUG~download completed~~RJStevensMusicPresentationCreator.Program~0000003042
2024-12-14 21:53:04.5165~DEBUG~<- DownloadFile(url = "https://faas-nyc1-2ef2e6cc.doserverless.co/api/v1/web/fn-dd7f8f6a-d32a-4f5e-ae7b-870dfb7963f3/downloads/bundle?id=000000000000706", filename = "C:\Users\cofc_\AppData\Local\Temp\tmp9704.tmp\rjsec696.ZIP", message = "rjsec696")~~RJStevensMusicPresentationCreator.Program~0000003043
2024-12-14 21:53:04.5165~DEBUG~-> ExtractAllFromFile(zipFileName = "C:\Users\cofc_\AppData\Local\Temp\tmp9704.tmp\rjsec696.ZIP", decompressedFolder = "C:\Users\cofc_\AppData\Local\Temp\tmp97DF.tmp", message = "rjsec696")~~RJStevensMusicPresentationCreator.Program~0000003044
2024-12-14 21:53:04.7345~DEBUG~extract completed~~RJStevensMusicPresentationCreator.Program~0000003045
2024-12-14 21:53:04.7375~DEBUG~<- ExtractAllFromFile(zipFileName = "C:\Users\cofc_\AppData\Local\Temp\tmp9704.tmp\rjsec696.ZIP", decompressedFolder = "C:\Users\cofc_\AppData\Local\Temp\tmp97DF.tmp", message = "rjsec696")~~RJStevensMusicPresentationCreator.Program~0000003046
2024-12-14 21:53:05.5366~ INFO~AllHymnals Length: 4~~RJStevensMusicPresentationCreator.Program~0000003047
2024-12-14 21:53:05.5476~TRACE~-> AddTemplates()~~RJStevensMusicPresentationCreator.frmSelector~0000003048
2024-12-14 21:53:05.5476~TRACE~<- AddTemplates()~~RJStevensMusicPresentationCreator.frmSelector~0000003049
2024-12-14 21:53:05.5476~FATAL~License Mode: Licensed~~RJStevensMusicPresentationCreator.Program~0000003050
2024-12-14 21:53:05.5476~FATAL~Override to License Mode: Licensed~~RJStevensMusicPresentationCreator.Program~0000003051
2024-12-14 21:53:05.7367~TRACE~-> RunOneTimeUpdates()~~RJStevensMusicPresentationCreator.Program~0000003052
2024-12-14 21:53:05.7367~ INFO~Product Version: 2.3.8843.25471~~RJStevensMusicPresentationCreator.Program~0000003053
2024-12-14 21:53:05.7367~ INFO~Deployment Version: 2.2.0.7~~RJStevensMusicPresentationCreator.Program~0000003054
2024-12-14 21:53:05.7367~TRACE~LastExecutedDeploymentVersion: 0.0.0.0~~RJStevensMusicPresentationCreator.Program~0000003055
2024-12-14 21:53:05.7367~TRACE~<- RunOneTimeUpdates()~~RJStevensMusicPresentationCreator.Program~0000003056
2024-12-14 21:53:51.5977~FATAL~System.ArgumentException: Invalid hymn number PRAISE%CRLF%   at RJStevensMusicPresentationCreator.HymnNumber..ctor(String number) in D:\Repos\RJSM\Presentation Creator Application\Applications\PresentationCreator15\HymnNumber.cs:line 20%CRLF%   at RJStevensMusicPresentationCreator.frmSelector.ExpertAddToTree(String instructions) in D:\Repos\RJSM\Presentation Creator Application\Applications\PresentationCreator15\frmSelector.cs:line 1368%CRLF%   at RJStevensMusicPresentationCreator.frmSelector.tsbExpertAdd_Click(Object sender, EventArgs e) in D:\Repos\RJSM\Presentation Creator Application\Applications\PresentationCreator15\frmSelector.cs:line 1269%CRLF%   at RJStevensMusicPresentationCreator.frmSelector.tstxtExpert_KeyPress(Object sender, KeyPressEventArgs e) in D:\Repos\RJSM\Presentation Creator Application\Applications\PresentationCreator15\frmSelector.cs:line 2475%CRLF%   at System.Windows.Forms.ToolStripItem.RaiseKeyPressEvent(Object key, KeyPressEventArgs e)%CRLF%   at System.Windows.Forms.Control.OnKeyPress(KeyPressEventArgs e)%CRLF%   at System.Windows.Forms.Control.ProcessKeyEventArgs(Message& m)%CRLF%   at System.Windows.Forms.Control.WmKeyChar(Message& m)%CRLF%   at System.Windows.Forms.Control.WndProc(Message& m)%CRLF%   at System.Windows.Forms.TextBoxBase.WndProc(Message& m)%CRLF%   at System.Windows.Forms.TextBox.WndProc(Message& m)%CRLF%   at System.Windows.Forms.NativeWindow.Callback(IntPtr hWnd, Int32 msg, IntPtr wparam, IntPtr lparam)~System.ArgumentException: Invalid hymn number PRAISE%CRLF%   at RJStevensMusicPresentationCreator.HymnNumber..ctor(String number) in D:\Repos\RJSM\Presentation Creator Application\Applications\PresentationCreator15\HymnNumber.cs:line 20%CRLF%   at RJStevensMusicPresentationCreator.frmSelector.ExpertAddToTree(String instructions) in D:\Repos\RJSM\Presentation Creator Application\Applications\PresentationCreator15\frmSelector.cs:line 1368%CRLF%   at RJStevensMusicPresentationCreator.frmSelector.tsbExpertAdd_Click(Object sender, EventArgs e) in D:\Repos\RJSM\Presentation Creator Application\Applications\PresentationCreator15\frmSelector.cs:line 1269%CRLF%   at RJStevensMusicPresentationCreator.frmSelector.tstxtExpert_KeyPress(Object sender, KeyPressEventArgs e) in D:\Repos\RJSM\Presentation Creator Application\Applications\PresentationCreator15\frmSelector.cs:line 2475%CRLF%   at System.Windows.Forms.ToolStripItem.RaiseKeyPressEvent(Object key, KeyPressEventArgs e)%CRLF%   at System.Windows.Forms.Control.OnKeyPress(KeyPressEventArgs e)%CRLF%   at System.Windows.Forms.Control.ProcessKeyEventArgs(Message& m)%CRLF%   at System.Windows.Forms.Control.WmKeyChar(Message& m)%CRLF%   at System.Windows.Forms.Control.WndProc(Message& m)%CRLF%   at System.Windows.Forms.TextBoxBase.WndProc(Message& m)%CRLF%   at System.Windows.Forms.TextBox.WndProc(Message& m)%CRLF%   at System.Windows.Forms.NativeWindow.Callback(IntPtr hWnd, Int32 msg, IntPtr wparam, IntPtr lparam)~RJStevensMusicPresentationCreator.Program~0000003057
2024-12-14 21:53:56.8247~FATAL~System.ArgumentException: Invalid hymn number PRAISE%CRLF%   at RJStevensMusicPresentationCreator.Program.Application_ThreadException(Object sender, ThreadExceptionEventArgs e) in D:\Repos\RJSM\Presentation Creator Application\Applications\PresentationCreator15\Program.cs:line 88%CRLF%   at System.Windows.Forms.Application.ThreadContext.OnThreadException(Exception t)%CRLF%   at System.Windows.Forms.Control.WndProcException(Exception e)%CRLF%   at System.Windows.Forms.NativeWindow.Callback(IntPtr hWnd, Int32 msg, IntPtr wparam, IntPtr lparam)%CRLF%   at System.Windows.Forms.UnsafeNativeMethods.DispatchMessageW(MSG& msg)%CRLF%   at System.Windows.Forms.Application.ComponentManager.System.Windows.Forms.UnsafeNativeMethods.IMsoComponentManager.FPushMessageLoop(IntPtr dwComponentID, Int32 reason, Int32 pvLoopData)%CRLF%   at System.Windows.Forms.Application.ThreadContext.RunMessageLoopInner(Int32 reason, ApplicationContext context)%CRLF%   at System.Windows.Forms.Application.ThreadContext.RunMessageLoop(Int32 reason, ApplicationContext context)%CRLF%   at RJStevensMusicPresentationCreator.Program.Main() in D:\Repos\RJSM\Presentation Creator Application\Applications\PresentationCreator15\Program.cs:line 393~System.ArgumentException: Invalid hymn number PRAISE%CRLF%   at RJStevensMusicPresentationCreator.Program.Application_ThreadException(Object sender, ThreadExceptionEventArgs e) in D:\Repos\RJSM\Presentation Creator Application\Applications\PresentationCreator15\Program.cs:line 88%CRLF%   at System.Windows.Forms.Application.ThreadContext.OnThreadException(Exception t)%CRLF%   at System.Windows.Forms.Control.WndProcException(Exception e)%CRLF%   at System.Windows.Forms.NativeWindow.Callback(IntPtr hWnd, Int32 msg, IntPtr wparam, IntPtr lparam)%CRLF%   at System.Windows.Forms.UnsafeNativeMethods.DispatchMessageW(MSG& msg)%CRLF%   at System.Windows.Forms.Application.ComponentManager.System.Windows.Forms.UnsafeNativeMethods.IMsoComponentManager.FPushMessageLoop(IntPtr dwComponentID, Int32 reason, Int32 pvLoopData)%CRLF%   at System.Windows.Forms.Application.ThreadContext.RunMessageLoopInner(Int32 reason, ApplicationContext context)%CRLF%   at System.Windows.Forms.Application.ThreadContext.RunMessageLoop(Int32 reason, ApplicationContext context)%CRLF%   at RJStevensMusicPresentationCreator.Program.Main() in D:\Repos\RJSM\Presentation Creator Application\Applications\PresentationCreator15\Program.cs:line 393~RJStevensMusicPresentationCreator.Program~0000003058
2024-12-14 21:54:01.2512~TRACE~<- Main()~~RJStevensMusicPresentationCreator.Program~0000003059
